solid csg.js
facet normal 0 0 -1
outer loop
vertex 59.507760504368726 52.50000022524196 0
vertex 7.162211040151032 52.50000022524196 0
vertex 7.162284150000083 52.500004149999995 0
endloop
endfacet
facet normal 0 0 -1
outer loop
vertex 59.507760504368726 52.50000022524196 0
vertex 81.99999999999991 52.50000022524196 0
vertex 82.4341204441673 52.462019382530514 0
endloop
endfacet
facet normal 0 0 -1
outer loop
vertex 59.507760504368726 52.50000022524196 0
vertex 82.4341204441673 52.462019382530514 0
vertex 82.85505035831429 52.34923155196473 0
endloop
endfacet
facet normal 0 0 -1
outer loop
vertex 59.507760504368726 52.50000022524196 0
vertex 82.85505035831429 52.34923155196473 0
vertex 83.24999999999991 52.16506350946115 0
endloop
endfacet
facet normal 0 0 -1
outer loop
vertex 59.507760504368726 52.50000022524196 0
vertex 83.24999999999991 52.16506350946115 0
vertex 83.6069690242164 51.9151111077974 0
endloop
endfacet
facet normal 0 0 -1
outer loop
vertex 59.507760504368726 52.50000022524196 0
vertex 83.6069690242164 51.9151111077974 0
vertex 83.91511110779736 51.60696902421643 0
endloop
endfacet
facet normal 0 0 -1
outer loop
vertex 59.507760504368726 52.50000022524196 0
vertex 83.91511110779736 51.60696902421643 0
vertex 84.16506350946112 51.24999999999993 0
endloop
endfacet
facet normal 0 0 -1
outer loop
vertex 59.507760504368726 52.50000022524196 0
vertex 84.16506350946112 51.24999999999993 0
vertex 84.34923155196482 50.85505035831408 0
endloop
endfacet
facet normal 0 0 -1
outer loop
vertex 59.507760504368726 52.50000022524196 0
vertex 84.34923155196482 50.85505035831408 0
vertex 84.46201938253053 50.43412044416733 0
endloop
endfacet
facet normal 0 0 -1
outer loop
vertex 59.507760504368726 52.50000022524196 0
vertex 84.46201938253053 50.43412044416733 0
vertex 84.5 50.000000000000114 0
endloop
endfacet
facet normal 0 0 -1
outer loop
vertex 59.507760504368726 52.50000022524196 0
vertex 84.5 50.000000000000114 0
vertex 84.5 49.5 0
endloop
endfacet
facet normal 0 0 -1
outer loop
vertex 59.507760504368726 52.50000022524196 0
vertex 84.5 49.5 0
vertex 78.99999999999999 49.5 0
endloop
endfacet
facet normal 0 0 -1
outer loop
vertex 59.507760504368726 52.50000022524196 0
vertex 78.99999999999999 49.5 0
vertex -2.243413889308254 49.5 0
endloop
endfacet
facet normal 0 0 -1
outer loop
vertex 59.507760504368726 52.50000022524196 0
vertex -2.243413889308254 49.5 0
vertex 6.371708299999774 52.37170829999993 0
endloop
endfacet
facet normal 0 0 -1
outer loop
vertex 59.507760504368726 52.50000022524196 0
vertex 6.371708299999774 52.37170829999993 0
vertex 6.630128521345597 52.442706613822445 0
endloop
endfacet
facet normal 0 0 -1
outer loop
vertex 59.507760504368726 52.50000022524196 0
vertex 6.630128521345597 52.442706613822445 0
vertex 6.894668545689655 52.485637734168705 0
endloop
endfacet
facet normal 0 0 -1
outer loop
vertex 59.507760504368726 52.50000022524196 0
vertex 6.894668545689655 52.485637734168705 0
vertex 7.162211040151032 52.50000022524196 0
endloop
endfacet
facet normal 0 0 -1
outer loop
vertex 78.99999999999999 49.5 0
vertex 78.41472903395155 49.44235584120968 0
vertex -2.416346311267151 49.44235584120968 0
endloop
endfacet
facet normal 0 0 -1
outer loop
vertex 78.99999999999999 49.5 0
vertex -2.416346311267151 49.44235584120968 0
vertex -2.243413889308254 49.5 0
endloop
endfacet
facet normal 0 0 -1
outer loop
vertex 84.5 49.5 0
vertex 84.5 49.44235584120968 0
vertex 79.5852709660484 49.44235584120968 0
endloop
endfacet
facet normal 0 0 -1
outer loop
vertex 84.5 49.5 0
vertex 79.5852709660484 49.44235584120968 0
vertex 78.99999999999999 49.5 0
endloop
endfacet
facet normal 0 0 -1
outer loop
vertex 78.41472903395155 49.44235584120968 0
vertex 77.85194970290472 49.271638597533844 0
vertex -2.9284978811495272 49.271638597533844 0
endloop
endfacet
facet normal 0 0 -1
outer loop
vertex 78.41472903395155 49.44235584120968 0
vertex -2.9284978811495272 49.271638597533844 0
vertex -2.416346311267151 49.44235584120968 0
endloop
endfacet
facet normal 0 0 -1
outer loop
vertex 84.5 49.44235584120968 0
vertex 84.5 49.271638597533844 0
vertex 80.14805029709531 49.271638597533844 0
endloop
endfacet
facet normal 0 0 -1
outer loop
vertex 84.5 49.44235584120968 0
vertex 80.14805029709531 49.271638597533844 0
vertex 79.5852709660484 49.44235584120968 0
endloop
endfacet
facet normal 0 0 -1
outer loop
vertex 77.85194970290472 49.271638597533844 0
vertex 77.33328930094126 48.99440883690767 0
vertex -3.760186901342553 48.99440883690767 0
endloop
endfacet
facet normal 0 0 -1
outer loop
vertex 77.85194970290472 49.271638597533844 0
vertex -3.760186901342553 48.99440883690767 0
vertex -2.9284978811495272 49.271638597533844 0
endloop
endfacet
facet normal 0 0 -1
outer loop
vertex 84.5 49.271638597533844 0
vertex 84.5 48.99440883690767 0
vertex 80.66671069905877 48.99440883690767 0
endloop
endfacet
facet normal 0 0 -1
outer loop
vertex 84.5 49.271638597533844 0
vertex 80.66671069905877 48.99440883690767 0
vertex 80.14805029709531 49.271638597533844 0
endloop
endfacet
facet normal 0 0 -1
outer loop
vertex 77.33328930094126 48.99440883690767 0
vertex 76.87867965644027 48.621320343559596 0
vertex -4.879452029217321 48.621320343559596 0
endloop
endfacet
facet normal 0 0 -1
outer loop
vertex 77.33328930094126 48.99440883690767 0
vertex -4.879452029217321 48.621320343559596 0
vertex -3.760186901342553 48.99440883690767 0
endloop
endfacet
facet normal 0 0 -1
outer loop
vertex 84.5 48.99440883690767 0
vertex 84.5 48.621320343559596 0
vertex 81.12132034355969 48.621320343559596 0
endloop
endfacet
facet normal 0 0 -1
outer loop
vertex 84.5 48.99440883690767 0
vertex 81.12132034355969 48.621320343559596 0
vertex 80.66671069905877 48.99440883690767 0
endloop
endfacet
facet normal 0 0 -1
outer loop
vertex 76.87867965644027 48.621320343559596 0
vertex 76.50559116309242 48.16671069905887 0
vertex -6.2432805335997985 48.16671069905887 0
endloop
endfacet
facet normal 0 0 -1
outer loop
vertex 76.87867965644027 48.621320343559596 0
vertex -6.2432805335997985 48.16671069905887 0
vertex -4.879452029217321 48.621320343559596 0
endloop
endfacet
facet normal 0 0 -1
outer loop
vertex 84.5 48.621320343559596 0
vertex 84.5 48.16671069905887 0
vertex 81.4944088369076 48.16671069905887 0
endloop
endfacet
facet normal 0 0 -1
outer loop
vertex 84.5 48.621320343559596 0
vertex 81.4944088369076 48.16671069905887 0
vertex 81.12132034355969 48.621320343559596 0
endloop
endfacet
facet normal 0 0 -1
outer loop
vertex 76.50559116309242 48.16671069905887 0
vertex 76.22836140246615 47.64805029709529 0
vertex -7.799261249911385 47.64805029709529 0
endloop
endfacet
facet normal 0 0 -1
outer loop
vertex 76.50559116309242 48.16671069905887 0
vertex -7.799261249911385 47.64805029709529 0
vertex -6.2432805335997985 48.16671069905887 0
endloop
endfacet
facet normal 0 0 -1
outer loop
vertex 84.5 48.16671069905887 0
vertex 84.5 47.64805029709529 0
vertex 81.77163859753385 47.64805029709529 0
endloop
endfacet
facet normal 0 0 -1
outer loop
vertex 84.5 48.16671069905887 0
vertex 81.77163859753385 47.64805029709529 0
vertex 81.4944088369076 48.16671069905887 0
endloop
endfacet
facet normal 0 0 -1
outer loop
vertex 76.22836140246615 47.64805029709529 0
vertex 76.05764415879028 47.0852709660483 0
vertex -9.487598711828026 47.0852709660483 0
endloop
endfacet
facet normal 0 0 -1
outer loop
vertex 76.22836140246615 47.64805029709529 0
vertex -9.487598711828026 47.0852709660483 0
vertex -7.799261249911385 47.64805029709529 0
endloop
endfacet
facet normal 0 0 -1
outer loop
vertex 84.5 47.64805029709529 0
vertex 84.5 47.0852709660483 0
vertex 81.9423558412097 47.0852709660483 0
endloop
endfacet
facet normal 0 0 -1
outer loop
vertex 84.5 47.64805029709529 0
vertex 81.9423558412097 47.0852709660483 0
vertex 81.77163859753385 47.64805029709529 0
endloop
endfacet
facet normal 0 0 -1
outer loop
vertex 76.05764415879028 47.0852709660483 0
vertex 76.00000000000001 46.50000000000001 0
vertex -11.147773706842063 46.50000000000001 0
endloop
endfacet
facet normal 0 0 -1
outer loop
vertex 76.05764415879028 47.0852709660483 0
vertex -11.147773706842063 46.50000000000001 0
vertex -10.79057499999989 46.650945400000026 0
endloop
endfacet
facet normal 0 0 -1
outer loop
vertex 76.05764415879028 47.0852709660483 0
vertex -10.79057499999989 46.650945400000026 0
vertex -9.487598711828026 47.0852709660483 0
endloop
endfacet
facet normal 0 0 -1
outer loop
vertex 84.5 47.0852709660483 0
vertex 84.5 46.50000000000001 0
vertex 82 46.50000000000001 0
endloop
endfacet
facet normal 0 0 -1
outer loop
vertex 84.5 47.0852709660483 0
vertex 82 46.50000000000001 0
vertex 81.9423558412097 47.0852709660483 0
endloop
endfacet
facet normal 0 0 -1
outer loop
vertex 76.00000000000001 46.50000000000001 0
vertex 76.05764415879031 45.91472903395164 0
vertex -11.881014230292216 45.91472903395164 0
endloop
endfacet
facet normal 0 0 -1
outer loop
vertex 76.00000000000001 46.50000000000001 0
vertex -11.881014230292216 45.91472903395164 0
vertex -11.776132956036918 46.038596804399845 0
endloop
endfacet
facet normal 0 0 -1
outer loop
vertex 76.00000000000001 46.50000000000001 0
vertex -11.776132956036918 46.038596804399845 0
vertex -11.480955322126277 46.29337983538696 0
endloop
endfacet
facet normal 0 0 -1
outer loop
vertex 76.00000000000001 46.50000000000001 0
vertex -11.480955322126277 46.29337983538696 0
vertex -11.149750253091185 46.49916474903611 0
endloop
endfacet
facet normal 0 0 -1
outer loop
vertex 76.00000000000001 46.50000000000001 0
vertex -11.149750253091185 46.49916474903611 0
vertex -11.147773706842063 46.50000000000001 0
endloop
endfacet
facet normal 0 0 -1
outer loop
vertex 84.5 46.50000000000001 0
vertex 84.5 45.91472903395164 0
vertex 81.9423558412097 45.91472903395164 0
endloop
endfacet
facet normal 0 0 -1
outer loop
vertex 84.5 46.50000000000001 0
vertex 81.9423558412097 45.91472903395164 0
vertex 82 46.50000000000001 0
endloop
endfacet
facet normal 0 0 -1
outer loop
vertex 76.05764415879031 45.91472903395164 0
vertex 76.22836140246612 45.35194970290478 0
vertex -12.253741524233723 45.35194970290478 0
endloop
endfacet
facet normal 0 0 -1
outer loop
vertex 76.05764415879031 45.91472903395164 0
vertex -12.253741524233723 45.35194970290478 0
vertex -12.230733813160533 45.4078700942642 0
endloop
endfacet
facet normal 0 0 -1
outer loop
vertex 76.05764415879031 45.91472903395164 0
vertex -12.230733813160533 45.4078700942642 0
vertex -12.028102345927081 45.74101378237327 0
endloop
endfacet
facet normal 0 0 -1
outer loop
vertex 76.05764415879031 45.91472903395164 0
vertex -12.028102345927081 45.74101378237327 0
vertex -11.881014230292216 45.91472903395164 0
endloop
endfacet
facet normal 0 0 -1
outer loop
vertex 84.5 45.91472903395164 0
vertex 84.5 45.35194970290478 0
vertex 81.77163859753387 45.35194970290478 0
endloop
endfacet
facet normal 0 0 -1
outer loop
vertex 84.5 45.91472903395164 0
vertex 81.77163859753387 45.35194970290478 0
vertex 81.9423558412097 45.91472903395164 0
endloop
endfacet
facet normal 0 0 -1
outer loop
vertex 76.22836140246612 45.35194970290478 0
vertex 76.50559116309238 44.833289300941196 0
vertex -12.430148322841136 44.833289300941196 0
endloop
endfacet
facet normal 0 0 -1
outer loop
vertex 76.22836140246612 45.35194970290478 0
vertex -12.430148322841136 44.833289300941196 0
vertex -12.379097926522356 45.04727015207553 0
endloop
endfacet
facet normal 0 0 -1
outer loop
vertex 76.22836140246612 45.35194970290478 0
vertex -12.379097926522356 45.04727015207553 0
vertex -12.253741524233723 45.35194970290478 0
endloop
endfacet
facet normal 0 0 -1
outer loop
vertex 84.5 45.35194970290478 0
vertex 84.5 44.833289300941196 0
vertex 81.49440883690762 44.833289300941196 0
endloop
endfacet
facet normal 0 0 -1
outer loop
vertex 84.5 45.35194970290478 0
vertex 81.49440883690762 44.833289300941196 0
vertex 81.77163859753387 45.35194970290478 0
endloop
endfacet
facet normal 0 0 -1
outer loop
vertex 76.50559116309238 44.833289300941196 0
vertex 76.87867965644037 44.378679656440355 0
vertex -12.492220126067515 44.378679656440355 0
endloop
endfacet
facet normal 0 0 -1
outer loop
vertex 76.50559116309238 44.833289300941196 0
vertex -12.492220126067515 44.378679656440355 0
vertex -12.469585420869464 44.66798629820496 0
endloop
endfacet
facet normal 0 0 -1
outer loop
vertex 76.50559116309238 44.833289300941196 0
vertex -12.469585420869464 44.66798629820496 0
vertex -12.430148322841136 44.833289300941196 0
endloop
endfacet
facet normal 0 0 -1
outer loop
vertex 84.5 44.833289300941196 0
vertex 84.5 44.378679656440355 0
vertex 81.12132034355966 44.378679656440355 0
endloop
endfacet
facet normal 0 0 -1
outer loop
vertex 84.5 44.833289300941196 0
vertex 81.12132034355966 44.378679656440355 0
vertex 81.49440883690762 44.833289300941196 0
endloop
endfacet
facet normal 0 0 -1
outer loop
vertex 76.87867965644037 44.378679656440355 0
vertex 77.33328930094123 44.00559116309233 0
vertex -12.5 44.00559116309233 0
endloop
endfacet
facet normal 0 0 -1
outer loop
vertex 76.87867965644037 44.378679656440355 0
vertex -12.5 44.00559116309233 0
vertex -12.5 44.27924079999999 0
endloop
endfacet
facet normal 0 0 -1
outer loop
vertex 76.87867965644037 44.378679656440355 0
vertex -12.5 44.27924079999999 0
vertex -12.492220126067515 44.378679656440355 0
endloop
endfacet
facet normal 0 0 -1
outer loop
vertex 84.5 44.378679656440355 0
vertex 84.5 44.00559116309233 0
vertex 80.6667106990588 44.00559116309233 0
endloop
endfacet
facet normal 0 0 -1
outer loop
vertex 84.5 44.378679656440355 0
vertex 80.6667106990588 44.00559116309233 0
vertex 81.12132034355966 44.378679656440355 0
endloop
endfacet
facet normal 0 0 -1
outer loop
vertex 77.33328930094123 44.00559116309233 0
vertex 77.85194970290469 43.728361402466156 0
vertex -12.5 43.728361402466156 0
endloop
endfacet
facet normal 0 0 -1
outer loop
vertex 77.33328930094123 44.00559116309233 0
vertex -12.5 43.728361402466156 0
vertex -12.5 44.00559116309233 0
endloop
endfacet
facet normal 0 0 -1
outer loop
vertex 84.5 44.00559116309233 0
vertex 84.5 43.728361402466156 0
vertex 80.14805029709528 43.728361402466156 0
endloop
endfacet
facet normal 0 0 -1
outer loop
vertex 84.5 44.00559116309233 0
vertex 80.14805029709528 43.728361402466156 0
vertex 80.6667106990588 44.00559116309233 0
endloop
endfacet
facet normal 0 0 -1
outer loop
vertex 77.85194970290469 43.728361402466156 0
vertex 78.41472903395159 43.55764415879032 0
vertex -12.5 43.55764415879032 0
endloop
endfacet
facet normal 0 0 -1
outer loop
vertex 77.85194970290469 43.728361402466156 0
vertex -12.5 43.55764415879032 0
vertex -12.5 43.728361402466156 0
endloop
endfacet
facet normal 0 0 -1
outer loop
vertex 84.5 43.728361402466156 0
vertex 84.5 43.55764415879032 0
vertex 79.58527096604836 43.55764415879032 0
endloop
endfacet
facet normal 0 0 -1
outer loop
vertex 84.5 43.728361402466156 0
vertex 79.58527096604836 43.55764415879032 0
vertex 80.14805029709528 43.728361402466156 0
endloop
endfacet
facet normal 0 0 -1
outer loop
vertex 78.41472903395159 43.55764415879032 0
vertex 79.00000000000006 43.5 0
vertex -7.000000000000064 43.5 0
endloop
endfacet
facet normal 0 0 -1
outer loop
vertex 78.41472903395159 43.55764415879032 0
vertex -7.000000000000064 43.5 0
vertex -12.5 43.5 0
endloop
endfacet
facet normal 0 0 -1
outer loop
vertex 78.41472903395159 43.55764415879032 0
vertex -12.5 43.5 0
vertex -12.5 43.55764415879032 0
endloop
endfacet
facet normal 0 0 -1
outer loop
vertex 84.5 43.55764415879032 0
vertex 84.5 43.5 0
vertex 79.00000000000006 43.5 0
endloop
endfacet
facet normal 0 0 -1
outer loop
vertex 84.5 43.55764415879032 0
vertex 79.00000000000006 43.5 0
vertex 79.58527096604836 43.55764415879032 0
endloop
endfacet
facet normal 0 0 -1
outer loop
vertex -7.000000000000064 43.5 0
vertex -7.5852709660485855 43.442355841209675 0
vertex -12.5 43.442355841209675 0
endloop
endfacet
facet normal 0 0 -1
outer loop
vertex -7.000000000000064 43.5 0
vertex -12.5 43.442355841209675 0
vertex -12.5 43.5 0
endloop
endfacet
facet normal 0 0 -1
outer loop
vertex 79.00000000000006 43.5 0
vertex 84.5 43.5 0
vertex 84.5 43.442355841209675 0
endloop
endfacet
facet normal 0 0 -1
outer loop
vertex 79.00000000000006 43.5 0
vertex 84.5 43.442355841209675 0
vertex -6.4147290339515735 43.442355841209675 0
endloop
endfacet
facet normal 0 0 -1
outer loop
vertex 79.00000000000006 43.5 0
vertex -6.4147290339515735 43.442355841209675 0
vertex -7.000000000000064 43.5 0
endloop
endfacet
facet normal 0 0 -1
outer loop
vertex -7.5852709660485855 43.442355841209675 0
vertex -8.148050297095208 43.27163859753386 0
vertex -12.5 43.27163859753386 0
endloop
endfacet
facet normal 0 0 -1
outer loop
vertex -7.5852709660485855 43.442355841209675 0
vertex -12.5 43.27163859753386 0
vertex -12.5 43.442355841209675 0
endloop
endfacet
facet normal 0 0 -1
outer loop
vertex 84.5 43.442355841209675 0
vertex 84.5 43.27163859753386 0
vertex -5.85194970290474 43.27163859753386 0
endloop
endfacet
facet normal 0 0 -1
outer loop
vertex 84.5 43.442355841209675 0
vertex -5.85194970290474 43.27163859753386 0
vertex -6.4147290339515735 43.442355841209675 0
endloop
endfacet
facet normal 0 0 -1
outer loop
vertex -8.148050297095208 43.27163859753386 0
vertex -8.66671069905876 42.99440883690764 0
vertex -12.5 42.99440883690764 0
endloop
endfacet
facet normal 0 0 -1
outer loop
vertex -8.148050297095208 43.27163859753386 0
vertex -12.5 42.99440883690764 0
vertex -12.5 43.27163859753386 0
endloop
endfacet
facet normal 0 0 -1
outer loop
vertex 84.5 43.27163859753386 0
vertex 84.5 42.99440883690764 0
vertex -5.333289300941196 42.99440883690764 0
endloop
endfacet
facet normal 0 0 -1
outer loop
vertex 84.5 43.27163859753386 0
vertex -5.333289300941196 42.99440883690764 0
vertex -5.85194970290474 43.27163859753386 0
endloop
endfacet
facet normal 0 0 -1
outer loop
vertex -8.66671069905876 42.99440883690764 0
vertex -9.121320343559676 42.621320343559645 0
vertex -12.5 42.621320343559645 0
endloop
endfacet
facet normal 0 0 -1
outer loop
vertex -8.66671069905876 42.99440883690764 0
vertex -12.5 42.621320343559645 0
vertex -12.5 42.99440883690764 0
endloop
endfacet
facet normal 0 0 -1
outer loop
vertex 84.5 42.99440883690764 0
vertex 84.5 42.621320343559645 0
vertex -4.878679656440362 42.621320343559645 0
endloop
endfacet
facet normal 0 0 -1
outer loop
vertex 84.5 42.99440883690764 0
vertex -4.878679656440362 42.621320343559645 0
vertex -5.333289300941196 42.99440883690764 0
endloop
endfacet
facet normal 0 0 -1
outer loop
vertex -9.121320343559676 42.621320343559645 0
vertex -9.494408836907656 42.1667106990588 0
vertex -12.5 42.1667106990588 0
endloop
endfacet
facet normal 0 0 -1
outer loop
vertex -9.121320343559676 42.621320343559645 0
vertex -12.5 42.1667106990588 0
vertex -12.5 42.621320343559645 0
endloop
endfacet
facet normal 0 0 -1
outer loop
vertex 84.5 42.621320343559645 0
vertex 84.5 42.1667106990588 0
vertex -4.505591163092362 42.1667106990588 0
endloop
endfacet
facet normal 0 0 -1
outer loop
vertex 84.5 42.621320343559645 0
vertex -4.505591163092362 42.1667106990588 0
vertex -4.878679656440362 42.621320343559645 0
endloop
endfacet
facet normal 0 0 -1
outer loop
vertex -9.494408836907656 42.1667106990588 0
vertex -9.771638597533864 41.64805029709526 0
vertex -12.5 41.64805029709526 0
endloop
endfacet
facet normal 0 0 -1
outer loop
vertex -9.494408836907656 42.1667106990588 0
vertex -12.5 41.64805029709526 0
vertex -12.5 42.1667106990588 0
endloop
endfacet
facet normal 0 0 -1
outer loop
vertex 84.5 42.1667106990588 0
vertex 84.5 41.64805029709526 0
vertex -4.228361402466135 41.64805029709526 0
endloop
endfacet
facet normal 0 0 -1
outer loop
vertex 84.5 42.1667106990588 0
vertex -4.228361402466135 41.64805029709526 0
vertex -4.505591163092362 42.1667106990588 0
endloop
endfacet
facet normal 0 0 -1
outer loop
vertex -9.771638597533864 41.64805029709526 0
vertex -9.942355841209691 41.08527096604839 0
vertex -12.5 41.08527096604839 0
endloop
endfacet
facet normal 0 0 -1
outer loop
vertex -9.771638597533864 41.64805029709526 0
vertex -12.5 41.08527096604839 0
vertex -12.5 41.64805029709526 0
endloop
endfacet
facet normal 0 0 -1
outer loop
vertex 84.5 41.64805029709526 0
vertex 84.5 41.08527096604839 0
vertex -4.0576441587903105 41.08527096604839 0
endloop
endfacet
facet normal 0 0 -1
outer loop
vertex 84.5 41.64805029709526 0
vertex -4.0576441587903105 41.08527096604839 0
vertex -4.228361402466135 41.64805029709526 0
endloop
endfacet
facet normal 0 0 -1
outer loop
vertex -9.942355841209691 41.08527096604839 0
vertex -10 40.5 0
vertex -12.5 40.5 0
endloop
endfacet
facet normal 0 0 -1
outer loop
vertex -9.942355841209691 41.08527096604839 0
vertex -12.5 40.5 0
vertex -12.5 41.08527096604839 0
endloop
endfacet
facet normal 0 0 -1
outer loop
vertex 84.5 41.08527096604839 0
vertex 84.5 40.5 0
vertex -4 40.5 0
endloop
endfacet
facet normal 0 0 -1
outer loop
vertex 84.5 41.08527096604839 0
vertex -4 40.5 0
vertex -4.0576441587903105 41.08527096604839 0
endloop
endfacet
facet normal 0 0 -1
outer loop
vertex -10 40.5 0
vertex -9.942355841209691 39.91472903395161 0
vertex -12.5 39.91472903395161 0
endloop
endfacet
facet normal 0 0 -1
outer loop
vertex -10 40.5 0
vertex -12.5 39.91472903395161 0
vertex -12.5 40.5 0
endloop
endfacet
facet normal 0 0 -1
outer loop
vertex 84.5 40.5 0
vertex 103.99999999999996 40.5 0
vertex 104.43412044416736 40.462019382530514 0
endloop
endfacet
facet normal 0 0 -1
outer loop
vertex 84.5 40.5 0
vertex 104.43412044416736 40.462019382530514 0
vertex 104.85505035831412 40.34923155196479 0
endloop
endfacet
facet normal 0 0 -1
outer loop
vertex 84.5 40.5 0
vertex 104.85505035831412 40.34923155196479 0
vertex 105.25000000000004 40.16506350946107 0
endloop
endfacet
facet normal 0 0 -1
outer loop
vertex 84.5 40.5 0
vertex 105.25000000000004 40.16506350946107 0
vertex 105.60696902421633 39.91511110779746 0
endloop
endfacet
facet normal 0 0 -1
outer loop
vertex 84.5 40.5 0
vertex 105.60696902421633 39.91511110779746 0
vertex 105.60735109806217 39.91472903395161 0
endloop
endfacet
facet normal 0 0 -1
outer loop
vertex 84.5 40.5 0
vertex 105.60735109806217 39.91472903395161 0
vertex -4.057644158790295 39.91472903395161 0
endloop
endfacet
facet normal 0 0 -1
outer loop
vertex 84.5 40.5 0
vertex -4.057644158790295 39.91472903395161 0
vertex -4 40.5 0
endloop
endfacet
facet normal 0 0 -1
outer loop
vertex -9.942355841209691 39.91472903395161 0
vertex -9.77163859753386 39.35194970290473 0
vertex -12.5 39.35194970290473 0
endloop
endfacet
facet normal 0 0 -1
outer loop
vertex -9.942355841209691 39.91472903395161 0
vertex -12.5 39.35194970290473 0
vertex -12.5 39.91472903395161 0
endloop
endfacet
facet normal 0 0 -1
outer loop
vertex 105.60735109806217 39.91472903395161 0
vertex 105.91511110779747 39.606969024216305 0
vertex 106.09367755896896 39.35194970290473 0
endloop
endfacet
facet normal 0 0 -1
outer loop
vertex 105.60735109806217 39.91472903395161 0
vertex 106.09367755896896 39.35194970290473 0
vertex -4.228361402466142 39.35194970290473 0
endloop
endfacet
facet normal 0 0 -1
outer loop
vertex 105.60735109806217 39.91472903395161 0
vertex -4.228361402466142 39.35194970290473 0
vertex -4.057644158790295 39.91472903395161 0
endloop
endfacet
facet normal 0 0 -1
outer loop
vertex -9.77163859753386 39.35194970290473 0
vertex -9.494408836907645 38.8332893009412 0
vertex -12.5 38.8332893009412 0
endloop
endfacet
facet normal 0 0 -1
outer loop
vertex -9.77163859753386 39.35194970290473 0
vertex -12.5 38.8332893009412 0
vertex -12.5 39.35194970290473 0
endloop
endfacet
facet normal 0 0 -1
outer loop
vertex 106.09367755896896 39.35194970290473 0
vertex 106.16506350946105 39.250000000000064 0
vertex 106.34923155196478 38.85505035831416 0
endloop
endfacet
facet normal 0 0 -1
outer loop
vertex 106.09367755896896 39.35194970290473 0
vertex 106.34923155196478 38.85505035831416 0
vertex 106.35506240971431 38.8332893009412 0
endloop
endfacet
facet normal 0 0 -1
outer loop
vertex 106.09367755896896 39.35194970290473 0
vertex 106.35506240971431 38.8332893009412 0
vertex -4.505591163092355 38.8332893009412 0
endloop
endfacet
facet normal 0 0 -1
outer loop
vertex 106.09367755896896 39.35194970290473 0
vertex -4.505591163092355 38.8332893009412 0
vertex -4.228361402466142 39.35194970290473 0
endloop
endfacet
facet normal 0 0 -1
outer loop
vertex -9.494408836907645 38.8332893009412 0
vertex -9.12132034355965 38.37867965644036 0
vertex -12.5 38.37867965644036 0
endloop
endfacet
facet normal 0 0 -1
outer loop
vertex -9.494408836907645 38.8332893009412 0
vertex -12.5 38.37867965644036 0
vertex -12.5 38.8332893009412 0
endloop
endfacet
facet normal 0 0 -1
outer loop
vertex 106.35506240971431 38.8332893009412 0
vertex 106.46201938253051 38.43412044416734 0
vertex 106.46686982295357 38.37867965644036 0
endloop
endfacet
facet normal 0 0 -1
outer loop
vertex 106.35506240971431 38.8332893009412 0
vertex 106.46686982295357 38.37867965644036 0
vertex -4.878679656440383 38.37867965644036 0
endloop
endfacet
facet normal 0 0 -1
outer loop
vertex 106.35506240971431 38.8332893009412 0
vertex -4.878679656440383 38.37867965644036 0
vertex -4.505591163092355 38.8332893009412 0
endloop
endfacet
facet normal 0 0 -1
outer loop
vertex -9.12132034355965 38.37867965644036 0
vertex -8.666710699058786 38.00559116309235 0
vertex -12.5 38.00559116309235 0
endloop
endfacet
facet normal 0 0 -1
outer loop
vertex -9.12132034355965 38.37867965644036 0
vertex -12.5 38.00559116309235 0
vertex -12.5 38.37867965644036 0
endloop
endfacet
facet normal 0 0 -1
outer loop
vertex 106.46686982295357 38.37867965644036 0
vertex 106.4995108366135 38.00559116309235 0
vertex -5.3332893009412174 38.00559116309235 0
endloop
endfacet
facet normal 0 0 -1
outer loop
vertex 106.46686982295357 38.37867965644036 0
vertex -5.3332893009412174 38.00559116309235 0
vertex -4.878679656440383 38.37867965644036 0
endloop
endfacet
facet normal 0 0 -1
outer loop
vertex -8.666710699058786 38.00559116309235 0
vertex -8.148050297095278 37.72836140246614 0
vertex -12.5 37.72836140246614 0
endloop
endfacet
facet normal 0 0 -1
outer loop
vertex -8.666710699058786 38.00559116309235 0
vertex -12.5 37.72836140246614 0
vertex -12.5 38.00559116309235 0
endloop
endfacet
facet normal 0 0 -1
outer loop
vertex 106.4995108366135 38.00559116309235 0
vertex 106.5 37.99999999999997 0
vertex 106.5 37.72836140246614 0
endloop
endfacet
facet normal 0 0 -1
outer loop
vertex 106.4995108366135 38.00559116309235 0
vertex 106.5 37.72836140246614 0
vertex -5.851949702904719 37.72836140246614 0
endloop
endfacet
facet normal 0 0 -1
outer loop
vertex 106.4995108366135 38.00559116309235 0
vertex -5.851949702904719 37.72836140246614 0
vertex -5.3332893009412174 38.00559116309235 0
endloop
endfacet
facet normal 0 0 -1
outer loop
vertex -8.148050297095278 37.72836140246614 0
vertex -7.58527096604837 37.5576441587903 0
vertex -12.5 37.5576441587903 0
endloop
endfacet
facet normal 0 0 -1
outer loop
vertex -8.148050297095278 37.72836140246614 0
vertex -12.5 37.5576441587903 0
vertex -12.5 37.72836140246614 0
endloop
endfacet
facet normal 0 0 -1
outer loop
vertex 106.5 37.72836140246614 0
vertex 106.5 37.5576441587903 0
vertex -6.414729033951609 37.5576441587903 0
endloop
endfacet
facet normal 0 0 -1
outer loop
vertex 106.5 37.72836140246614 0
vertex -6.414729033951609 37.5576441587903 0
vertex -5.851949702904719 37.72836140246614 0
endloop
endfacet
facet normal 0 0 -1
outer loop
vertex -7.58527096604837 37.5576441587903 0
vertex -7.000000000000039 37.5 0
vertex -12.5 37.5 0
endloop
endfacet
facet normal 0 0 -1
outer loop
vertex -7.58527096604837 37.5576441587903 0
vertex -12.5 37.5 0
vertex -12.5 37.5576441587903 0
endloop
endfacet
facet normal 0 0 -1
outer loop
vertex 106.5 37.5576441587903 0
vertex 106.5 37.5 0
vertex 100.80000000000004 37.5 0
endloop
endfacet
facet normal 0 0 -1
outer loop
vertex 106.5 37.5576441587903 0
vertex 100.80000000000004 37.5 0
vertex -7.000000000000039 37.5 0
endloop
endfacet
facet normal 0 0 -1
outer loop
vertex 106.5 37.5576441587903 0
vertex -7.000000000000039 37.5 0
vertex -6.414729033951609 37.5576441587903 0
endloop
endfacet
facet normal 0 0 -1
outer loop
vertex -7.000000000000039 37.5 0
vertex 100.80000000000004 37.5 0
vertex 100.21472903395173 37.4423558412097 0
endloop
endfacet
facet normal 0 0 -1
outer loop
vertex -7.000000000000039 37.5 0
vertex 100.21472903395173 37.4423558412097 0
vertex -12.5 37.4423558412097 0
endloop
endfacet
facet normal 0 0 -1
outer loop
vertex -7.000000000000039 37.5 0
vertex -12.5 37.4423558412097 0
vertex -12.5 37.5 0
endloop
endfacet
facet normal 0 0 -1
outer loop
vertex 106.5 37.5 0
vertex 106.5 37.4423558412097 0
vertex 101.38527096604841 37.4423558412097 0
endloop
endfacet
facet normal 0 0 -1
outer loop
vertex 106.5 37.5 0
vertex 101.38527096604841 37.4423558412097 0
vertex 100.80000000000004 37.5 0
endloop
endfacet
facet normal 0 0 -1
outer loop
vertex 100.21472903395173 37.4423558412097 0
vertex 99.65194970290474 37.271638597533865 0
vertex -12.5 37.271638597533865 0
endloop
endfacet
facet normal 0 0 -1
outer loop
vertex 100.21472903395173 37.4423558412097 0
vertex -12.5 37.271638597533865 0
vertex -12.5 37.4423558412097 0
endloop
endfacet
facet normal 0 0 -1
outer loop
vertex 106.5 37.4423558412097 0
vertex 106.5 37.271638597533865 0
vertex 101.94805029709528 37.271638597533865 0
endloop
endfacet
facet normal 0 0 -1
outer loop
vertex 106.5 37.4423558412097 0
vertex 101.94805029709528 37.271638597533865 0
vertex 101.38527096604841 37.4423558412097 0
endloop
endfacet
facet normal 0 0 -1
outer loop
vertex 99.65194970290474 37.271638597533865 0
vertex 99.1332892909532 36.99440883690762 0
vertex -12.5 36.99440883690762 0
endloop
endfacet
facet normal 0 0 -1
outer loop
vertex 99.65194970290474 37.271638597533865 0
vertex -12.5 36.99440883690762 0
vertex -12.5 37.271638597533865 0
endloop
endfacet
facet normal 0 0 -1
outer loop
vertex 106.5 37.271638597533865 0
vertex 106.5 36.99440883690762 0
vertex 102.46671069905886 36.99440883690762 0
endloop
endfacet
facet normal 0 0 -1
outer loop
vertex 106.5 37.271638597533865 0
vertex 102.46671069905886 36.99440883690762 0
vertex 101.94805029709528 37.271638597533865 0
endloop
endfacet
facet normal 0 0 -1
outer loop
vertex 99.1332892909532 36.99440883690762 0
vertex 98.67867965644047 36.621320343559724 0
vertex -12.5 36.621320343559724 0
endloop
endfacet
facet normal 0 0 -1
outer loop
vertex 99.1332892909532 36.99440883690762 0
vertex -12.5 36.621320343559724 0
vertex -12.5 36.99440883690762 0
endloop
endfacet
facet normal 0 0 -1
outer loop
vertex 106.5 36.99440883690762 0
vertex 106.5 36.621320343559724 0
vertex 102.92132034355957 36.621320343559724 0
endloop
endfacet
facet normal 0 0 -1
outer loop
vertex 106.5 36.99440883690762 0
vertex 102.92132034355957 36.621320343559724 0
vertex 102.46671069905886 36.99440883690762 0
endloop
endfacet
facet normal 0 0 -1
outer loop
vertex 98.67867965644047 36.621320343559724 0
vertex 98.30559116309232 36.166710699058775 0
vertex -12.5 36.166710699058775 0
endloop
endfacet
facet normal 0 0 -1
outer loop
vertex 98.67867965644047 36.621320343559724 0
vertex -12.5 36.166710699058775 0
vertex -12.5 36.621320343559724 0
endloop
endfacet
facet normal 0 0 -1
outer loop
vertex 106.5 36.621320343559724 0
vertex 106.5 36.166710699058775 0
vertex 103.29440883690765 36.166710699058775 0
endloop
endfacet
facet normal 0 0 -1
outer loop
vertex 106.5 36.621320343559724 0
vertex 103.29440883690765 36.166710699058775 0
vertex 102.92132034355957 36.621320343559724 0
endloop
endfacet
facet normal 0 0 -1
outer loop
vertex 98.30559116309232 36.166710699058775 0
vertex 98.02836140246612 35.64805029709526 0
vertex -12.5 35.64805029709526 0
endloop
endfacet
facet normal 0 0 -1
outer loop
vertex 98.30559116309232 36.166710699058775 0
vertex -12.5 35.64805029709526 0
vertex -12.5 36.166710699058775 0
endloop
endfacet
facet normal 0 0 -1
outer loop
vertex 106.5 36.166710699058775 0
vertex 106.5 35.64805029709526 0
vertex 103.57163859753386 35.64805029709526 0
endloop
endfacet
facet normal 0 0 -1
outer loop
vertex 106.5 36.166710699058775 0
vertex 103.57163859753386 35.64805029709526 0
vertex 103.29440883690765 36.166710699058775 0
endloop
endfacet
facet normal 0 0 -1
outer loop
vertex 98.02836140246612 35.64805029709526 0
vertex 97.85764415879024 35.08527096604833 0
vertex -12.5 35.08527096604833 0
endloop
endfacet
facet normal 0 0 -1
outer loop
vertex 98.02836140246612 35.64805029709526 0
vertex -12.5 35.08527096604833 0
vertex -12.5 35.64805029709526 0
endloop
endfacet
facet normal 0 0 -1
outer loop
vertex 106.5 35.64805029709526 0
vertex 106.5 35.08527096604833 0
vertex 103.7423558412097 35.08527096604833 0
endloop
endfacet
facet normal 0 0 -1
outer loop
vertex 106.5 35.64805029709526 0
vertex 103.7423558412097 35.08527096604833 0
vertex 103.57163859753386 35.64805029709526 0
endloop
endfacet
facet normal 0 0 -1
outer loop
vertex 97.85764415879024 35.08527096604833 0
vertex 97.80000000000001 34.49999999999996 0
vertex -12.5 34.49999999999996 0
endloop
endfacet
facet normal 0 0 -1
outer loop
vertex 97.85764415879024 35.08527096604833 0
vertex -12.5 34.49999999999996 0
vertex -12.5 35.08527096604833 0
endloop
endfacet
facet normal 0 0 -1
outer loop
vertex 106.5 35.08527096604833 0
vertex 106.5 34.49999999999996 0
vertex 103.80000000000001 34.49999999999996 0
endloop
endfacet
facet normal 0 0 -1
outer loop
vertex 106.5 35.08527096604833 0
vertex 103.80000000000001 34.49999999999996 0
vertex 103.7423558412097 35.08527096604833 0
endloop
endfacet
facet normal 0 0 -1
outer loop
vertex 97.80000000000001 34.49999999999996 0
vertex 97.85764415879031 33.9147290339516 0
vertex -12.5 33.9147290339516 0
endloop
endfacet
facet normal 0 0 -1
outer loop
vertex 97.80000000000001 34.49999999999996 0
vertex -12.5 33.9147290339516 0
vertex -12.5 34.49999999999996 0
endloop
endfacet
facet normal 0 0 -1
outer loop
vertex 106.5 34.49999999999996 0
vertex 106.5 33.9147290339516 0
vertex 103.7423558412097 33.9147290339516 0
endloop
endfacet
facet normal 0 0 -1
outer loop
vertex 106.5 34.49999999999996 0
vertex 103.7423558412097 33.9147290339516 0
vertex 103.80000000000001 34.49999999999996 0
endloop
endfacet
facet normal 0 0 -1
outer loop
vertex 97.85764415879031 33.9147290339516 0
vertex 98.02836140246613 33.35194970290474 0
vertex -12.5 33.35194970290474 0
endloop
endfacet
facet normal 0 0 -1
outer loop
vertex 97.85764415879031 33.9147290339516 0
vertex -12.5 33.35194970290474 0
vertex -12.5 33.9147290339516 0
endloop
endfacet
facet normal 0 0 -1
outer loop
vertex 106.5 33.9147290339516 0
vertex 106.5 33.35194970290474 0
vertex 103.57163859753383 33.35194970290474 0
endloop
endfacet
facet normal 0 0 -1
outer loop
vertex 106.5 33.9147290339516 0
vertex 103.57163859753383 33.35194970290474 0
vertex 103.7423558412097 33.9147290339516 0
endloop
endfacet
facet normal 0 0 -1
outer loop
vertex 98.02836140246613 33.35194970290474 0
vertex 98.30559116309239 32.83328930094116 0
vertex -12.5 32.83328930094116 0
endloop
endfacet
facet normal 0 0 -1
outer loop
vertex 98.02836140246613 33.35194970290474 0
vertex -12.5 32.83328930094116 0
vertex -12.5 33.35194970290474 0
endloop
endfacet
facet normal 0 0 -1
outer loop
vertex 106.5 33.35194970290474 0
vertex 106.5 32.83328930094116 0
vertex 103.29440883690766 32.83328930094116 0
endloop
endfacet
facet normal 0 0 -1
outer loop
vertex 106.5 33.35194970290474 0
vertex 103.29440883690766 32.83328930094116 0
vertex 103.57163859753383 33.35194970290474 0
endloop
endfacet
facet normal 0 0 -1
outer loop
vertex 98.30559116309239 32.83328930094116 0
vertex 98.67867965644032 32.378679656440376 0
vertex -12.5 32.378679656440376 0
endloop
endfacet
facet normal 0 0 -1
outer loop
vertex 98.30559116309239 32.83328930094116 0
vertex -12.5 32.378679656440376 0
vertex -12.5 32.83328930094116 0
endloop
endfacet
facet normal 0 0 -1
outer loop
vertex 106.5 32.83328930094116 0
vertex 106.5 32.378679656440376 0
vertex 102.92132034355967 32.378679656440376 0
endloop
endfacet
facet normal 0 0 -1
outer loop
vertex 106.5 32.83328930094116 0
vertex 102.92132034355967 32.378679656440376 0
vertex 103.29440883690766 32.83328930094116 0
endloop
endfacet
facet normal 0 0 -1
outer loop
vertex 98.67867965644032 32.378679656440376 0
vertex 99.13328930094126 32.005591163092305 0
vertex -12.5 32.005591163092305 0
endloop
endfacet
facet normal 0 0 -1
outer loop
vertex 98.67867965644032 32.378679656440376 0
vertex -12.5 32.005591163092305 0
vertex -12.5 32.378679656440376 0
endloop
endfacet
facet normal 0 0 -1
outer loop
vertex 106.5 32.378679656440376 0
vertex 106.5 32.005591163092305 0
vertex 102.46671069905878 32.005591163092305 0
endloop
endfacet
facet normal 0 0 -1
outer loop
vertex 106.5 32.378679656440376 0
vertex 102.46671069905878 32.005591163092305 0
vertex 102.92132034355967 32.378679656440376 0
endloop
endfacet
facet normal 0 0 -1
outer loop
vertex 99.13328930094126 32.005591163092305 0
vertex 99.65194970290466 31.72836140246616 0
vertex -12.5 31.72836140246616 0
endloop
endfacet
facet normal 0 0 -1
outer loop
vertex 99.13328930094126 32.005591163092305 0
vertex -12.5 31.72836140246616 0
vertex -12.5 32.005591163092305 0
endloop
endfacet
facet normal 0 0 -1
outer loop
vertex 106.5 32.005591163092305 0
vertex 106.5 31.72836140246616 0
vertex 101.94805029709524 31.72836140246616 0
endloop
endfacet
facet normal 0 0 -1
outer loop
vertex 106.5 32.005591163092305 0
vertex 101.94805029709524 31.72836140246616 0
vertex 102.46671069905878 32.005591163092305 0
endloop
endfacet
facet normal 0 0 -1
outer loop
vertex 99.65194970290466 31.72836140246616 0
vertex 100.2147290339516 31.55764415879031 0
vertex -12.5 31.55764415879031 0
endloop
endfacet
facet normal 0 0 -1
outer loop
vertex 99.65194970290466 31.72836140246616 0
vertex -12.5 31.55764415879031 0
vertex -12.5 31.72836140246616 0
endloop
endfacet
facet normal 0 0 -1
outer loop
vertex 106.5 31.72836140246616 0
vertex 106.5 31.55764415879031 0
vertex 101.38527096604838 31.55764415879031 0
endloop
endfacet
facet normal 0 0 -1
outer loop
vertex 106.5 31.72836140246616 0
vertex 101.38527096604838 31.55764415879031 0
vertex 101.94805029709524 31.72836140246616 0
endloop
endfacet
facet normal 0 0 -1
outer loop
vertex 100.2147290339516 31.55764415879031 0
vertex 100.80000000000001 31.499999999999996 0
vertex -12.5 31.499999999999996 0
endloop
endfacet
facet normal 0 0 -1
outer loop
vertex 100.2147290339516 31.55764415879031 0
vertex -12.5 31.499999999999996 0
vertex -12.5 31.55764415879031 0
endloop
endfacet
facet normal 0 0 -1
outer loop
vertex 106.5 31.55764415879031 0
vertex 106.5 31.499999999999996 0
vertex 100.80000000000001 31.499999999999996 0
endloop
endfacet
facet normal 0 0 -1
outer loop
vertex 106.5 31.55764415879031 0
vertex 100.80000000000001 31.499999999999996 0
vertex 101.38527096604838 31.55764415879031 0
endloop
endfacet
facet normal 0 0 -1
outer loop
vertex 100.80000000000001 31.499999999999996 0
vertex 106.5 31.499999999999996 0
vertex 106.5 -3.5 0
endloop
endfacet
facet normal 0 0 -1
outer loop
vertex 100.80000000000001 31.499999999999996 0
vertex 106.5 -3.5 0
vertex -7 -3.5 0
endloop
endfacet
facet normal 0 0 -1
outer loop
vertex 100.80000000000001 31.499999999999996 0
vertex -7 -3.5 0
vertex -12.5 -3.5 0
endloop
endfacet
facet normal 0 0 -1
outer loop
vertex 100.80000000000001 31.499999999999996 0
vertex -12.5 -3.5 0
vertex -12.5 31.499999999999996 0
endloop
endfacet
facet normal 0 0 -1
outer loop
vertex -7 -3.5 0
vertex -7.585270966048381 -3.5576441587903087 0
vertex -12.5 -3.5576441587903087 0
endloop
endfacet
facet normal 0 0 -1
outer loop
vertex -7 -3.5 0
vertex -12.5 -3.5576441587903087 0
vertex -12.5 -3.5 0
endloop
endfacet
facet normal 0 0 -1
outer loop
vertex 106.5 -3.5 0
vertex 106.5 -3.5576441587903087 0
vertex -6.414729033951616 -3.5576441587903087 0
endloop
endfacet
facet normal 0 0 -1
outer loop
vertex 106.5 -3.5 0
vertex -6.414729033951616 -3.5576441587903087 0
vertex -7 -3.5 0
endloop
endfacet
facet normal 0 0 -1
outer loop
vertex -7.585270966048381 -3.5576441587903087 0
vertex -8.148050297095264 -3.7283614024661382 0
vertex -12.5 -3.7283614024661382 0
endloop
endfacet
facet normal 0 0 -1
outer loop
vertex -7.585270966048381 -3.5576441587903087 0
vertex -12.5 -3.7283614024661382 0
vertex -12.5 -3.5576441587903087 0
endloop
endfacet
facet normal 0 0 -1
outer loop
vertex 106.5 -3.5576441587903087 0
vertex 106.5 -3.7283614024661382 0
vertex -5.851949702904733 -3.7283614024661382 0
endloop
endfacet
facet normal 0 0 -1
outer loop
vertex 106.5 -3.5576441587903087 0
vertex -5.851949702904733 -3.7283614024661382 0
vertex -6.414729033951616 -3.5576441587903087 0
endloop
endfacet
facet normal 0 0 -1
outer loop
vertex -8.148050297095264 -3.7283614024661382 0
vertex -8.666710699058807 -4.005591163092365 0
vertex -12.5 -4.005591163092365 0
endloop
endfacet
facet normal 0 0 -1
outer loop
vertex -8.148050297095264 -3.7283614024661382 0
vertex -12.5 -4.005591163092365 0
vertex -12.5 -3.7283614024661382 0
endloop
endfacet
facet normal 0 0 -1
outer loop
vertex 106.5 -3.7283614024661382 0
vertex 106.5 -4.005591163092365 0
vertex -5.333289300941189 -4.005591163092365 0
endloop
endfacet
facet normal 0 0 -1
outer loop
vertex 106.5 -3.7283614024661382 0
vertex -5.333289300941189 -4.005591163092365 0
vertex -5.851949702904733 -3.7283614024661382 0
endloop
endfacet
facet normal 0 0 -1
outer loop
vertex -8.666710699058807 -4.005591163092365 0
vertex -9.121320343559644 -4.378679656440362 0
vertex -12.5 -4.378679656440362 0
endloop
endfacet
facet normal 0 0 -1
outer loop
vertex -8.666710699058807 -4.005591163092365 0
vertex -12.5 -4.378679656440362 0
vertex -12.5 -4.005591163092365 0
endloop
endfacet
facet normal 0 0 -1
outer loop
vertex 106.5 -4.005591163092365 0
vertex 106.5 -4.378679656440362 0
vertex -4.878679656440362 -4.378679656440362 0
endloop
endfacet
facet normal 0 0 -1
outer loop
vertex 106.5 -4.005591163092365 0
vertex -4.878679656440362 -4.378679656440362 0
vertex -5.333289300941189 -4.005591163092365 0
endloop
endfacet
facet normal 0 0 -1
outer loop
vertex -9.121320343559644 -4.378679656440362 0
vertex -9.494408836907638 -4.833289300941196 0
vertex -12.5 -4.833289300941196 0
endloop
endfacet
facet normal 0 0 -1
outer loop
vertex -9.121320343559644 -4.378679656440362 0
vertex -12.5 -4.833289300941196 0
vertex -12.5 -4.378679656440362 0
endloop
endfacet
facet normal 0 0 -1
outer loop
vertex 106.5 -4.378679656440362 0
vertex 106.5 -4.833289300941196 0
vertex -4.505591163092362 -4.833289300941196 0
endloop
endfacet
facet normal 0 0 -1
outer loop
vertex 106.5 -4.378679656440362 0
vertex -4.505591163092362 -4.833289300941196 0
vertex -4.878679656440362 -4.378679656440362 0
endloop
endfacet
facet normal 0 0 -1
outer loop
vertex -9.494408836907638 -4.833289300941196 0
vertex -9.771638597533862 -5.351949702904731 0
vertex -12.5 -5.351949702904731 0
endloop
endfacet
facet normal 0 0 -1
outer loop
vertex -9.494408836907638 -4.833289300941196 0
vertex -12.5 -5.351949702904731 0
vertex -12.5 -4.833289300941196 0
endloop
endfacet
facet normal 0 0 -1
outer loop
vertex 106.5 -4.833289300941196 0
vertex 106.5 -5.351949702904731 0
vertex -4.228361402466142 -5.351949702904731 0
endloop
endfacet
facet normal 0 0 -1
outer loop
vertex 106.5 -4.833289300941196 0
vertex -4.228361402466142 -5.351949702904731 0
vertex -4.505591163092362 -4.833289300941196 0
endloop
endfacet
facet normal 0 0 -1
outer loop
vertex -9.771638597533862 -5.351949702904731 0
vertex -9.942355841209691 -5.914729033951618 0
vertex -12.5 -5.914729033951618 0
endloop
endfacet
facet normal 0 0 -1
outer loop
vertex -9.771638597533862 -5.351949702904731 0
vertex -12.5 -5.914729033951618 0
vertex -12.5 -5.351949702904731 0
endloop
endfacet
facet normal 0 0 -1
outer loop
vertex 106.5 -5.351949702904731 0
vertex 106.5 -5.914729033951618 0
vertex -4.0576441587903105 -5.914729033951618 0
endloop
endfacet
facet normal 0 0 -1
outer loop
vertex 106.5 -5.351949702904731 0
vertex -4.0576441587903105 -5.914729033951618 0
vertex -4.228361402466142 -5.351949702904731 0
endloop
endfacet
facet normal 0 0 -1
outer loop
vertex -9.942355841209691 -5.914729033951618 0
vertex -9.999999999999998 -6.5 0
vertex -12.5 -6.5 0
endloop
endfacet
facet normal 0 0 -1
outer loop
vertex -9.942355841209691 -5.914729033951618 0
vertex -12.5 -6.5 0
vertex -12.5 -5.914729033951618 0
endloop
endfacet
facet normal 0 0 -1
outer loop
vertex 106.5 -5.914729033951618 0
vertex 106.5 -6.5 0
vertex 59.5 -6.5 0
endloop
endfacet
facet normal 0 0 -1
outer loop
vertex 106.5 -5.914729033951618 0
vertex 59.5 -6.5 0
vertex 25.307886399999994 -6.5 0
endloop
endfacet
facet normal 0 0 -1
outer loop
vertex 106.5 -5.914729033951618 0
vertex 25.307886399999994 -6.5 0
vertex -4 -6.5 0
endloop
endfacet
facet normal 0 0 -1
outer loop
vertex 106.5 -5.914729033951618 0
vertex -4 -6.5 0
vertex -4.0576441587903105 -5.914729033951618 0
endloop
endfacet
facet normal 0 0 -1
outer loop
vertex -9.999999999999998 -6.5 0
vertex -9.942355841209691 -7.085270966048389 0
vertex -12.5 -7.085270966048389 0
endloop
endfacet
facet normal 0 0 -1
outer loop
vertex -9.999999999999998 -6.5 0
vertex -12.5 -7.085270966048389 0
vertex -12.5 -6.5 0
endloop
endfacet
facet normal 0 0 -1
outer loop
vertex 25.307886399999994 -6.5 0
vertex 23.94225414925196 -7.085270966048389 0
vertex -4.057644179059835 -7.085270966048389 0
endloop
endfacet
facet normal 0 0 -1
outer loop
vertex 25.307886399999994 -6.5 0
vertex -4.057644179059835 -7.085270966048389 0
vertex -4 -6.5 0
endloop
endfacet
facet normal 0 0 -1
outer loop
vertex -9.942355841209691 -7.085270966048389 0
vertex -9.77163859753386 -7.648050297095269 0
vertex -12.5 -7.648050297095269 0
endloop
endfacet
facet normal 0 0 -1
outer loop
vertex -9.942355841209691 -7.085270966048389 0
vertex -12.5 -7.648050297095269 0
vertex -12.5 -7.085270966048389 0
endloop
endfacet
facet normal 0 0 -1
outer loop
vertex 23.94225414925196 -7.085270966048389 0
vertex 22.62910238004479 -7.648050297095269 0
vertex -4.228361402466142 -7.648050297095269 0
endloop
endfacet
facet normal 0 0 -1
outer loop
vertex 23.94225414925196 -7.085270966048389 0
vertex -4.228361402466142 -7.648050297095269 0
vertex -4.057644179059835 -7.085270966048389 0
endloop
endfacet
facet normal 0 0 -1
outer loop
vertex -9.77163859753386 -7.648050297095269 0
vertex -9.494408836907642 -8.166710699058802 0
vertex -12.5 -8.166710699058802 0
endloop
endfacet
facet normal 0 0 -1
outer loop
vertex -9.77163859753386 -7.648050297095269 0
vertex -12.5 -8.166710699058802 0
vertex -12.5 -7.648050297095269 0
endloop
endfacet
facet normal 0 0 -1
outer loop
vertex 22.62910238004479 -7.648050297095269 0
vertex 21.41889477844513 -8.166710699058802 0
vertex -4.505591163092362 -8.166710699058802 0
endloop
endfacet
facet normal 0 0 -1
outer loop
vertex 22.62910238004479 -7.648050297095269 0
vertex -4.505591163092362 -8.166710699058802 0
vertex -4.228361402466142 -7.648050297095269 0
endloop
endfacet
facet normal 0 0 -1
outer loop
vertex -9.494408836907642 -8.166710699058802 0
vertex -9.12132034355964 -8.621320343559644 0
vertex -12.5 -8.621320343559644 0
endloop
endfacet
facet normal 0 0 -1
outer loop
vertex -9.494408836907642 -8.166710699058802 0
vertex -12.5 -8.621320343559644 0
vertex -12.5 -8.166710699058802 0
endloop
endfacet
facet normal 0 0 -1
outer loop
vertex 21.41889477844513 -8.166710699058802 0
vertex 20.35813894389016 -8.621320343559644 0
vertex -4.878679656440362 -8.621320343559644 0
endloop
endfacet
facet normal 0 0 -1
outer loop
vertex 21.41889477844513 -8.166710699058802 0
vertex -4.878679656440362 -8.621320343559644 0
vertex -4.505591163092362 -8.166710699058802 0
endloop
endfacet
facet normal 0 0 -1
outer loop
vertex -9.12132034355964 -8.621320343559644 0
vertex -8.666710699058807 -8.994408836907638 0
vertex -12.5 -8.994408836907638 0
endloop
endfacet
facet normal 0 0 -1
outer loop
vertex -9.12132034355964 -8.621320343559644 0
vertex -12.5 -8.994408836907638 0
vertex -12.5 -8.621320343559644 0
endloop
endfacet
facet normal 0 0 -1
outer loop
vertex 20.35813894389016 -8.621320343559644 0
vertex 19.487599128223145 -8.994408836907638 0
vertex -5.333289300941189 -8.994408836907638 0
endloop
endfacet
facet normal 0 0 -1
outer loop
vertex 20.35813894389016 -8.621320343559644 0
vertex -5.333289300941189 -8.994408836907638 0
vertex -4.878679656440362 -8.621320343559644 0
endloop
endfacet
facet normal 0 0 -1
outer loop
vertex -8.666710699058807 -8.994408836907638 0
vertex -8.148050297095264 -9.271638597533865 0
vertex -12.5 -9.271638597533865 0
endloop
endfacet
facet normal 0 0 -1
outer loop
vertex -8.666710699058807 -8.994408836907638 0
vertex -12.5 -9.271638597533865 0
vertex -12.5 -8.994408836907638 0
endloop
endfacet
facet normal 0 0 -1
outer loop
vertex 19.487599128223145 -8.994408836907638 0
vertex 18.840729688355808 -9.271638597533865 0
vertex -5.851949702904733 -9.271638597533865 0
endloop
endfacet
facet normal 0 0 -1
outer loop
vertex 19.487599128223145 -8.994408836907638 0
vertex -5.851949702904733 -9.271638597533865 0
vertex -5.333289300941189 -8.994408836907638 0
endloop
endfacet
facet normal 0 0 -1
outer loop
vertex -8.148050297095264 -9.271638597533865 0
vertex -7.5852709660484035 -9.44235584120969 0
vertex -12.5 -9.44235584120969 0
endloop
endfacet
facet normal 0 0 -1
outer loop
vertex -8.148050297095264 -9.271638597533865 0
vertex -12.5 -9.44235584120969 0
vertex -12.5 -9.271638597533865 0
endloop
endfacet
facet normal 0 0 -1
outer loop
vertex 18.840729688355808 -9.271638597533865 0
vertex 18.442389454093714 -9.44235584120969 0
vertex -6.414729033951609 -9.44235584120969 0
endloop
endfacet
facet normal 0 0 -1
outer loop
vertex 18.840729688355808 -9.271638597533865 0
vertex -6.414729033951609 -9.44235584120969 0
vertex -5.851949702904733 -9.271638597533865 0
endloop
endfacet
facet normal 0 0 -1
outer loop
vertex -7.5852709660484035 -9.44235584120969 0
vertex -6.999999999999988 -9.5 0
vertex -12.5 -9.5 0
endloop
endfacet
facet normal 0 0 -1
outer loop
vertex -7.5852709660484035 -9.44235584120969 0
vertex -12.5 -9.5 0
vertex -12.5 -9.44235584120969 0
endloop
endfacet
facet normal 0 0 -1
outer loop
vertex 18.442389454093714 -9.44235584120969 0
vertex 18.307886417247737 -9.5 0
vertex -6.999999999999988 -9.5 0
endloop
endfacet
facet normal 0 0 -1
outer loop
vertex 18.442389454093714 -9.44235584120969 0
vertex -6.999999999999988 -9.5 0
vertex -6.414729033951609 -9.44235584120969 0
endloop
endfacet
facet normal 0 0 -1
outer loop
vertex -6.999999999999988 -9.5 0
vertex 18.307886417247737 -9.5 0
vertex 11.779540599999947 -12.297862500000022 0
endloop
endfacet
facet normal 0 0 -1
outer loop
vertex -6.999999999999988 -9.5 0
vertex 11.779540599999947 -12.297862500000022 0
vertex 11.542299704444893 -12.385614080130658 0
endloop
endfacet
facet normal 0 0 -1
outer loop
vertex -6.999999999999988 -9.5 0
vertex 11.542299704444893 -12.385614080130658 0
vertex 11.29740601152347 -12.44894447206546 0
endloop
endfacet
facet normal 0 0 -1
outer loop
vertex -6.999999999999988 -9.5 0
vertex 11.29740601152347 -12.44894447206546 0
vertex 11.047366292376765 -12.487204088168284 0
endloop
endfacet
facet normal 0 0 -1
outer loop
vertex -6.999999999999988 -9.5 0
vertex 11.047366292376765 -12.487204088168284 0
vertex 10.794740299999958 -12.50000003552271 0
endloop
endfacet
facet normal 0 0 -1
outer loop
vertex -6.999999999999988 -9.5 0
vertex 10.794740299999958 -12.50000003552271 0
vertex -10.000000000000014 -12.50000003552271 0
endloop
endfacet
facet normal 0 0 -1
outer loop
vertex -6.999999999999988 -9.5 0
vertex -10.000000000000014 -12.50000003552271 0
vertex -10.434120444167306 -12.462019382530524 0
endloop
endfacet
facet normal 0 0 -1
outer loop
vertex -6.999999999999988 -9.5 0
vertex -10.434120444167306 -12.462019382530524 0
vertex -10.855050358314173 -12.34923155196477 0
endloop
endfacet
facet normal 0 0 -1
outer loop
vertex -6.999999999999988 -9.5 0
vertex -10.855050358314173 -12.34923155196477 0
vertex -11.25 -12.165063509461099 0
endloop
endfacet
facet normal 0 0 -1
outer loop
vertex -6.999999999999988 -9.5 0
vertex -11.25 -12.165063509461099 0
vertex -11.60696902421634 -11.91511110779745 0
endloop
endfacet
facet normal 0 0 -1
outer loop
vertex -6.999999999999988 -9.5 0
vertex -11.60696902421634 -11.91511110779745 0
vertex -11.91511110779745 -11.606969024216344 0
endloop
endfacet
facet normal 0 0 -1
outer loop
vertex -6.999999999999988 -9.5 0
vertex -11.91511110779745 -11.606969024216344 0
vertex -12.165063509461099 -11.249999999999993 0
endloop
endfacet
facet normal 0 0 -1
outer loop
vertex -6.999999999999988 -9.5 0
vertex -12.165063509461099 -11.249999999999993 0
vertex -12.34923155196477 -10.855050358314173 0
endloop
endfacet
facet normal 0 0 -1
outer loop
vertex -6.999999999999988 -9.5 0
vertex -12.34923155196477 -10.855050358314173 0
vertex -12.462019382530514 -10.434120444167341 0
endloop
endfacet
facet normal 0 0 -1
outer loop
vertex -6.999999999999988 -9.5 0
vertex -12.462019382530514 -10.434120444167341 0
vertex -12.5 -9.999999999999979 0
endloop
endfacet
facet normal 0 0 -1
outer loop
vertex -6.999999999999988 -9.5 0
vertex -12.5 -9.999999999999979 0
vertex -12.5 -9.5 0
endloop
endfacet
facet normal 0 0 -1
outer loop
vertex 106.5 -6.5 0
vertex 106.5 -15.719025800000004 0
vertex 59.5 -15.719025800000004 0
endloop
endfacet
facet normal 0 0 -1
outer loop
vertex 106.5 -6.5 0
vertex 59.5 -15.719025800000004 0
vertex 59.5 -6.5 0
endloop
endfacet
facet normal 0 0 -1
outer loop
vertex 106.5 -15.719025800000004 0
vertex 108.60899410000003 -17.195759400000025 0
vertex 108.94281781225543 -17.47587273000403 0
endloop
endfacet
facet normal 0 0 -1
outer loop
vertex 106.5 -15.719025800000004 0
vertex 108.94281781225543 -17.47587273000403 0
vertex 109.2229309151369 -17.80969843110815 0
endloop
endfacet
facet normal 0 0 -1
outer loop
vertex 106.5 -15.719025800000004 0
vertex 109.2229309151369 -17.80969843110815 0
vertex 109.44082026995225 -18.187093685690947 0
endloop
endfacet
facet normal 0 0 -1
outer loop
vertex 106.5 -15.719025800000004 0
vertex 109.44082026995225 -18.187093685690947 0
vertex 109.5547089495685 -18.5 0
endloop
endfacet
facet normal 0 0 -1
outer loop
vertex 106.5 -15.719025800000004 0
vertex 109.5547089495685 -18.5 0
vertex 64.99999999999999 -18.5 0
endloop
endfacet
facet normal 0 0 -1
outer loop
vertex 106.5 -15.719025800000004 0
vertex 64.99999999999999 -18.5 0
vertex 59.5 -18.5 0
endloop
endfacet
facet normal 0 0 -1
outer loop
vertex 106.5 -15.719025800000004 0
vertex 59.5 -18.5 0
vertex 59.5 -15.719025800000004 0
endloop
endfacet
facet normal 0 0 -1
outer loop
vertex 64.99999999999999 -18.5 0
vertex 64.41472903395157 -18.557644158790314 0
vertex 59.5 -18.557644158790314 0
endloop
endfacet
facet normal 0 0 -1
outer loop
vertex 64.99999999999999 -18.5 0
vertex 59.5 -18.557644158790314 0
vertex 59.5 -18.5 0
endloop
endfacet
facet normal 0 0 -1
outer loop
vertex 109.5547089495685 -18.5 0
vertex 109.57568972506583 -18.557644158790314 0
vertex 65.5852709660484 -18.557644158790314 0
endloop
endfacet
facet normal 0 0 -1
outer loop
vertex 109.5547089495685 -18.5 0
vertex 65.5852709660484 -18.557644158790314 0
vertex 64.99999999999999 -18.5 0
endloop
endfacet
facet normal 0 0 -1
outer loop
vertex 64.41472903395157 -18.557644158790314 0
vertex 63.85194970290476 -18.728361402466142 0
vertex 59.5 -18.728361402466142 0
endloop
endfacet
facet normal 0 0 -1
outer loop
vertex 64.41472903395157 -18.557644158790314 0
vertex 59.5 -18.728361402466142 0
vertex 59.5 -18.557644158790314 0
endloop
endfacet
facet normal 0 0 -1
outer loop
vertex 109.57568972506583 -18.557644158790314 0
vertex 109.5898654237316 -18.596591538259542 0
vertex 109.613100051148 -18.728361402466142 0
endloop
endfacet
facet normal 0 0 -1
outer loop
vertex 109.57568972506583 -18.557644158790314 0
vertex 109.613100051148 -18.728361402466142 0
vertex 66.14805029709527 -18.728361402466142 0
endloop
endfacet
facet normal 0 0 -1
outer loop
vertex 109.57568972506583 -18.557644158790314 0
vertex 66.14805029709527 -18.728361402466142 0
vertex 65.5852709660484 -18.557644158790314 0
endloop
endfacet
facet normal 0 0 -1
outer loop
vertex 63.85194970290476 -18.728361402466142 0
vertex 63.333289300941125 -19.005591163092397 0
vertex 59.5 -19.005591163092397 0
endloop
endfacet
facet normal 0 0 -1
outer loop
vertex 63.85194970290476 -18.728361402466142 0
vertex 59.5 -19.005591163092397 0
vertex 59.5 -18.728361402466142 0
endloop
endfacet
facet normal 0 0 -1
outer loop
vertex 109.613100051148 -18.728361402466142 0
vertex 109.66198323271364 -19.005591163092397 0
vertex 66.66671069905887 -19.005591163092397 0
endloop
endfacet
facet normal 0 0 -1
outer loop
vertex 109.613100051148 -18.728361402466142 0
vertex 66.66671069905887 -19.005591163092397 0
vertex 66.14805029709527 -18.728361402466142 0
endloop
endfacet
facet normal 0 0 -1
outer loop
vertex 63.333289300941125 -19.005591163092397 0
vertex 62.878679656440404 -19.378679656440344 0
vertex 59.5 -19.378679656440344 0
endloop
endfacet
facet normal 0 0 -1
outer loop
vertex 63.333289300941125 -19.005591163092397 0
vertex 59.5 -19.378679656440344 0
vertex 59.5 -19.005591163092397 0
endloop
endfacet
facet normal 0 0 -1
outer loop
vertex 109.66198323271364 -19.005591163092397 0
vertex 109.6655377181941 -19.02574961283604 0
vertex 109.66553785785375 -19.378679656440344 0
endloop
endfacet
facet normal 0 0 -1
outer loop
vertex 109.66198323271364 -19.005591163092397 0
vertex 109.66553785785375 -19.378679656440344 0
vertex 67.12132034355963 -19.378679656440344 0
endloop
endfacet
facet normal 0 0 -1
outer loop
vertex 109.66198323271364 -19.005591163092397 0
vertex 67.12132034355963 -19.378679656440344 0
vertex 66.66671069905887 -19.005591163092397 0
endloop
endfacet
facet normal 0 0 -1
outer loop
vertex 62.878679656440404 -19.378679656440344 0
vertex 62.505591163092376 -19.833289300941193 0
vertex 59.5 -19.833289300941193 0
endloop
endfacet
facet normal 0 0 -1
outer loop
vertex 62.878679656440404 -19.378679656440344 0
vertex 59.5 -19.833289300941193 0
vertex 59.5 -19.378679656440344 0
endloop
endfacet
facet normal 0 0 -1
outer loop
vertex 109.66553785785375 -19.378679656440344 0
vertex 109.66553789063813 -19.46152816798017 0
vertex 109.5999865486134 -19.833289300941193 0
endloop
endfacet
facet normal 0 0 -1
outer loop
vertex 109.66553785785375 -19.378679656440344 0
vertex 109.5999865486134 -19.833289300941193 0
vertex 67.49440883690764 -19.833289300941193 0
endloop
endfacet
facet normal 0 0 -1
outer loop
vertex 109.66553785785375 -19.378679656440344 0
vertex 67.49440883690764 -19.833289300941193 0
vertex 67.12132034355963 -19.378679656440344 0
endloop
endfacet
facet normal 0 0 -1
outer loop
vertex 62.505591163092376 -19.833289300941193 0
vertex 62.22836140246614 -20.351949702904705 0
vertex 59.5 -20.351949702904705 0
endloop
endfacet
facet normal 0 0 -1
outer loop
vertex 62.505591163092376 -19.833289300941193 0
vertex 59.5 -20.351949702904705 0
vertex 59.5 -19.833289300941193 0
endloop
endfacet
facet normal 0 0 -1
outer loop
vertex 109.5999865486134 -19.833289300941193 0
vertex 109.58986593582404 -19.890686302445992 0
vertex 109.44082110613353 -20.30018427297315 0
endloop
endfacet
facet normal 0 0 -1
outer loop
vertex 109.5999865486134 -19.833289300941193 0
vertex 109.44082110613353 -20.30018427297315 0
vertex 109.41093436172596 -20.351949702904705 0
endloop
endfacet
facet normal 0 0 -1
outer loop
vertex 109.5999865486134 -19.833289300941193 0
vertex 109.41093436172596 -20.351949702904705 0
vertex 67.77163859753385 -20.351949702904705 0
endloop
endfacet
facet normal 0 0 -1
outer loop
vertex 109.5999865486134 -19.833289300941193 0
vertex 67.77163859753385 -20.351949702904705 0
vertex 67.49440883690764 -19.833289300941193 0
endloop
endfacet
facet normal 0 0 -1
outer loop
vertex 62.22836140246614 -20.351949702904705 0
vertex 62.05764415879028 -20.914729033951676 0
vertex 59.5 -20.914729033951676 0
endloop
endfacet
facet normal 0 0 -1
outer loop
vertex 62.22836140246614 -20.351949702904705 0
vertex 59.5 -20.914729033951676 0
vertex 59.5 -20.351949702904705 0
endloop
endfacet
facet normal 0 0 -1
outer loop
vertex 109.41093436172596 -20.351949702904705 0
vertex 109.22293204999993 -20.677579700000102 0
vertex 109.05687832284285 -20.914729033951676 0
endloop
endfacet
facet normal 0 0 -1
outer loop
vertex 109.41093436172596 -20.351949702904705 0
vertex 109.05687832284285 -20.914729033951676 0
vertex 67.9423558412097 -20.914729033951676 0
endloop
endfacet
facet normal 0 0 -1
outer loop
vertex 109.41093436172596 -20.351949702904705 0
vertex 67.9423558412097 -20.914729033951676 0
vertex 67.77163859753385 -20.351949702904705 0
endloop
endfacet
facet normal 0 0 -1
outer loop
vertex 62.05764415879028 -20.914729033951676 0
vertex 62.000000000000014 -21.499999999999947 0
vertex 59.5 -21.499999999999947 0
endloop
endfacet
facet normal 0 0 -1
outer loop
vertex 62.05764415879028 -20.914729033951676 0
vertex 59.5 -21.499999999999947 0
vertex 59.5 -20.914729033951676 0
endloop
endfacet
facet normal 0 0 -1
outer loop
vertex 109.05687832284285 -20.914729033951676 0
vertex 108.64706724013921 -21.499999999999947 0
vertex 68 -21.499999999999947 0
endloop
endfacet
facet normal 0 0 -1
outer loop
vertex 109.05687832284285 -20.914729033951676 0
vertex 68 -21.499999999999947 0
vertex 67.9423558412097 -20.914729033951676 0
endloop
endfacet
facet normal 0 0 -1
outer loop
vertex 62.000000000000014 -21.499999999999947 0
vertex 62.05764415879031 -22.085270966048366 0
vertex 59.5 -22.085270966048366 0
endloop
endfacet
facet normal 0 0 -1
outer loop
vertex 62.000000000000014 -21.499999999999947 0
vertex 59.5 -22.085270966048366 0
vertex 59.5 -21.499999999999947 0
endloop
endfacet
facet normal 0 0 -1
outer loop
vertex 108.64706724013921 -21.499999999999947 0
vertex 108.23725615743548 -22.085270966048366 0
vertex 67.94235584120969 -22.085270966048366 0
endloop
endfacet
facet normal 0 0 -1
outer loop
vertex 108.64706724013921 -21.499999999999947 0
vertex 67.94235584120969 -22.085270966048366 0
vertex 68 -21.499999999999947 0
endloop
endfacet
facet normal 0 0 -1
outer loop
vertex 62.05764415879031 -22.085270966048366 0
vertex 62.22836140246615 -22.64805029709529 0
vertex 59.5 -22.64805029709529 0
endloop
endfacet
facet normal 0 0 -1
outer loop
vertex 62.05764415879031 -22.085270966048366 0
vertex 59.5 -22.64805029709529 0
vertex 59.5 -22.085270966048366 0
endloop
endfacet
facet normal 0 0 -1
outer loop
vertex 108.23725615743548 -22.085270966048366 0
vertex 107.84319388481534 -22.64805029709529 0
vertex 67.77163859753385 -22.64805029709529 0
endloop
endfacet
facet normal 0 0 -1
outer loop
vertex 108.23725615743548 -22.085270966048366 0
vertex 67.77163859753385 -22.64805029709529 0
vertex 67.94235584120969 -22.085270966048366 0
endloop
endfacet
facet normal 0 0 -1
outer loop
vertex 62.22836140246615 -22.64805029709529 0
vertex 62.50559116309233 -23.166710699058758 0
vertex 59.5 -23.166710699058758 0
endloop
endfacet
facet normal 0 0 -1
outer loop
vertex 62.22836140246615 -22.64805029709529 0
vertex 59.5 -23.166710699058758 0
vertex 59.5 -22.64805029709529 0
endloop
endfacet
facet normal 0 0 -1
outer loop
vertex 107.84319388481534 -22.64805029709529 0
vertex 107.480024014423 -23.166710699058758 0
vertex 67.49440883690764 -23.166710699058758 0
endloop
endfacet
facet normal 0 0 -1
outer loop
vertex 107.84319388481534 -22.64805029709529 0
vertex 67.49440883690764 -23.166710699058758 0
vertex 67.77163859753385 -22.64805029709529 0
endloop
endfacet
facet normal 0 0 -1
outer loop
vertex 62.50559116309233 -23.166710699058758 0
vertex 62.87867965644038 -23.621320343559663 0
vertex 59.5 -23.621320343559663 0
endloop
endfacet
facet normal 0 0 -1
outer loop
vertex 62.50559116309233 -23.166710699058758 0
vertex 59.5 -23.621320343559663 0
vertex 59.5 -23.166710699058758 0
endloop
endfacet
facet normal 0 0 -1
outer loop
vertex 107.480024014423 -23.166710699058758 0
vertex 107.16170296070945 -23.621320343559663 0
vertex 67.12132034355966 -23.621320343559663 0
endloop
endfacet
facet normal 0 0 -1
outer loop
vertex 107.480024014423 -23.166710699058758 0
vertex 67.12132034355966 -23.621320343559663 0
vertex 67.49440883690764 -23.166710699058758 0
endloop
endfacet
facet normal 0 0 -1
outer loop
vertex 62.87867965644038 -23.621320343559663 0
vertex 63.3332893009412 -23.99440883690764 0
vertex 59.5 -23.99440883690764 0
endloop
endfacet
facet normal 0 0 -1
outer loop
vertex 62.87867965644038 -23.621320343559663 0
vertex 59.5 -23.99440883690764 0
vertex 59.5 -23.621320343559663 0
endloop
endfacet
facet normal 0 0 -1
outer loop
vertex 107.16170296070945 -23.621320343559663 0
vertex 106.90046362325256 -23.99440883690764 0
vertex 66.66671069905878 -23.99440883690764 0
endloop
endfacet
facet normal 0 0 -1
outer loop
vertex 107.16170296070945 -23.621320343559663 0
vertex 66.66671069905878 -23.99440883690764 0
vertex 67.12132034355966 -23.621320343559663 0
endloop
endfacet
facet normal 0 0 -1
outer loop
vertex 63.3332893009412 -23.99440883690764 0
vertex 63.85194970290472 -24.271638597533855 0
vertex 59.5 -24.271638597533855 0
endloop
endfacet
facet normal 0 0 -1
outer loop
vertex 63.3332893009412 -23.99440883690764 0
vertex 59.5 -24.271638597533855 0
vertex 59.5 -23.99440883690764 0
endloop
endfacet
facet normal 0 0 -1
outer loop
vertex 106.90046362325256 -23.99440883690764 0
vertex 106.70634528328603 -24.271638597533855 0
vertex 66.14805029709532 -24.271638597533855 0
endloop
endfacet
facet normal 0 0 -1
outer loop
vertex 106.90046362325256 -23.99440883690764 0
vertex 66.14805029709532 -24.271638597533855 0
vertex 66.66671069905878 -23.99440883690764 0
endloop
endfacet
facet normal 0 0 -1
outer loop
vertex 63.85194970290472 -24.271638597533855 0
vertex 64.41472903395164 -24.442355841209693 0
vertex 59.5 -24.442355841209693 0
endloop
endfacet
facet normal 0 0 -1
outer loop
vertex 63.85194970290472 -24.271638597533855 0
vertex 59.5 -24.442355841209693 0
vertex 59.5 -24.271638597533855 0
endloop
endfacet
facet normal 0 0 -1
outer loop
vertex 106.70634528328603 -24.271638597533855 0
vertex 106.58680779975194 -24.442355841209693 0
vertex 65.58527096604836 -24.442355841209693 0
endloop
endfacet
facet normal 0 0 -1
outer loop
vertex 106.70634528328603 -24.271638597533855 0
vertex 65.58527096604836 -24.442355841209693 0
vertex 66.14805029709532 -24.271638597533855 0
endloop
endfacet
facet normal 0 0 -1
outer loop
vertex 64.41472903395164 -24.442355841209693 0
vertex 64.99999999999999 -24.5 0
vertex 59.5 -24.5 0
endloop
endfacet
facet normal 0 0 -1
outer loop
vertex 64.41472903395164 -24.442355841209693 0
vertex 59.5 -24.5 0
vertex 59.5 -24.442355841209693 0
endloop
endfacet
facet normal 0 0 -1
outer loop
vertex 106.58680779975194 -24.442355841209693 0
vertex 106.54644493110514 -24.5 0
vertex 64.99999999999999 -24.5 0
endloop
endfacet
facet normal 0 0 -1
outer loop
vertex 106.58680779975194 -24.442355841209693 0
vertex 64.99999999999999 -24.5 0
vertex 65.58527096604836 -24.442355841209693 0
endloop
endfacet
facet normal 0 0 -1
outer loop
vertex 64.99999999999999 -24.5 0
vertex 106.54644493110514 -24.5 0
vertex 104.44582262207109 -27.5 0
endloop
endfacet
facet normal 0 0 -1
outer loop
vertex 64.99999999999999 -24.5 0
vertex 104.44582262207109 -27.5 0
vertex 80.50689780000002 -27.5 0
endloop
endfacet
facet normal 0 0 -1
outer loop
vertex 64.99999999999999 -24.5 0
vertex 80.50689780000002 -27.5 0
vertex 61.99999999999999 -27.5 0
endloop
endfacet
facet normal 0 0 -1
outer loop
vertex 64.99999999999999 -24.5 0
vertex 61.99999999999999 -27.5 0
vertex 61.565879555832666 -27.46201938253052 0
endloop
endfacet
facet normal 0 0 -1
outer loop
vertex 64.99999999999999 -24.5 0
vertex 61.565879555832666 -27.46201938253052 0
vertex 61.14494964168581 -27.34923155196477 0
endloop
endfacet
facet normal 0 0 -1
outer loop
vertex 64.99999999999999 -24.5 0
vertex 61.14494964168581 -27.34923155196477 0
vertex 60.75000000000001 -27.1650635094611 0
endloop
endfacet
facet normal 0 0 -1
outer loop
vertex 64.99999999999999 -24.5 0
vertex 60.75000000000001 -27.1650635094611 0
vertex 60.39303097578366 -26.91511110779745 0
endloop
endfacet
facet normal 0 0 -1
outer loop
vertex 64.99999999999999 -24.5 0
vertex 60.39303097578366 -26.91511110779745 0
vertex 60.084888892202564 -26.606969024216347 0
endloop
endfacet
facet normal 0 0 -1
outer loop
vertex 64.99999999999999 -24.5 0
vertex 60.084888892202564 -26.606969024216347 0
vertex 59.83493649053886 -26.249999999999936 0
endloop
endfacet
facet normal 0 0 -1
outer loop
vertex 64.99999999999999 -24.5 0
vertex 59.83493649053886 -26.249999999999936 0
vertex 59.65076844803526 -25.855050358314266 0
endloop
endfacet
facet normal 0 0 -1
outer loop
vertex 64.99999999999999 -24.5 0
vertex 59.65076844803526 -25.855050358314266 0
vertex 59.53798061746948 -25.434120444167306 0
endloop
endfacet
facet normal 0 0 -1
outer loop
vertex 64.99999999999999 -24.5 0
vertex 59.53798061746948 -25.434120444167306 0
vertex 59.5 -25.000000000000007 0
endloop
endfacet
facet normal 0 0 -1
outer loop
vertex 64.99999999999999 -24.5 0
vertex 59.5 -25.000000000000007 0
vertex 59.5 -24.5 0
endloop
endfacet
facet normal 0 0 -1
outer loop
vertex 104.44582262207109 -27.5 0
vertex 104.0684676007044 -28.0389189 0
vertex 95.25358560000002 -28.0389189 0
endloop
endfacet
facet normal 0 0 -1
outer loop
vertex 104.44582262207109 -27.5 0
vertex 95.25358560000002 -28.0389189 0
vertex 81.23800348094952 -28.0389189 0
endloop
endfacet
facet normal 0 0 -1
outer loop
vertex 104.44582262207109 -27.5 0
vertex 81.23800348094952 -28.0389189 0
vertex 80.50689780000002 -27.5 0
endloop
endfacet
facet normal 0 0 -1
outer loop
vertex 95.25358560000002 -28.0389189 0
vertex 94.66831463395171 -28.096563058790302 0
vertex 81.31620443468327 -28.096563058790302 0
endloop
endfacet
facet normal 0 0 -1
outer loop
vertex 95.25358560000002 -28.0389189 0
vertex 81.31620443468327 -28.096563058790302 0
vertex 81.23800348094952 -28.0389189 0
endloop
endfacet
facet normal 0 0 -1
outer loop
vertex 104.0684676007044 -28.0389189 0
vertex 104.02810473205759 -28.096563058790302 0
vertex 95.83885656604838 -28.096563058790302 0
endloop
endfacet
facet normal 0 0 -1
outer loop
vertex 104.0684676007044 -28.0389189 0
vertex 95.83885656604838 -28.096563058790302 0
vertex 95.25358560000002 -28.0389189 0
endloop
endfacet
facet normal 0 0 -1
outer loop
vertex 94.66831463395171 -28.096563058790302 0
vertex 94.10553530290466 -28.267280302466155 0
vertex 81.5478020770882 -28.267280302466155 0
endloop
endfacet
facet normal 0 0 -1
outer loop
vertex 94.66831463395171 -28.096563058790302 0
vertex 81.5478020770882 -28.267280302466155 0
vertex 81.31620443468327 -28.096563058790302 0
endloop
endfacet
facet normal 0 0 -1
outer loop
vertex 104.02810473205759 -28.096563058790302 0
vertex 103.9085672485235 -28.267280302466155 0
vertex 96.4016358970953 -28.267280302466155 0
endloop
endfacet
facet normal 0 0 -1
outer loop
vertex 104.02810473205759 -28.096563058790302 0
vertex 96.4016358970953 -28.267280302466155 0
vertex 95.83885656604838 -28.096563058790302 0
endloop
endfacet
facet normal 0 0 -1
outer loop
vertex 94.10553530290466 -28.267280302466155 0
vertex 93.58687490094121 -28.54451006309234 0
vertex 81.92389624064802 -28.54451006309234 0
endloop
endfacet
facet normal 0 0 -1
outer loop
vertex 94.10553530290466 -28.267280302466155 0
vertex 81.92389624064802 -28.54451006309234 0
vertex 81.5478020770882 -28.267280302466155 0
endloop
endfacet
facet normal 0 0 -1
outer loop
vertex 103.9085672485235 -28.267280302466155 0
vertex 103.71444890855699 -28.54451006309234 0
vertex 96.92029629905878 -28.54451006309234 0
endloop
endfacet
facet normal 0 0 -1
outer loop
vertex 103.9085672485235 -28.267280302466155 0
vertex 96.92029629905878 -28.54451006309234 0
vertex 96.4016358970953 -28.267280302466155 0
endloop
endfacet
facet normal 0 0 -1
outer loop
vertex 93.58687490094121 -28.54451006309234 0
vertex 93.13226525644036 -28.917598556440346 0
vertex 82.4300338375733 -28.917598556440346 0
endloop
endfacet
facet normal 0 0 -1
outer loop
vertex 93.58687490094121 -28.54451006309234 0
vertex 82.4300338375733 -28.917598556440346 0
vertex 81.92389624064802 -28.54451006309234 0
endloop
endfacet
facet normal 0 0 -1
outer loop
vertex 103.71444890855699 -28.54451006309234 0
vertex 103.45320957110007 -28.917598556440346 0
vertex 97.37490594355963 -28.917598556440346 0
endloop
endfacet
facet normal 0 0 -1
outer loop
vertex 103.71444890855699 -28.54451006309234 0
vertex 97.37490594355963 -28.917598556440346 0
vertex 96.92029629905878 -28.54451006309234 0
endloop
endfacet
facet normal 0 0 -1
outer loop
vertex 93.13226525644036 -28.917598556440346 0
vertex 92.7591767630924 -29.372208200941195 0
vertex 83.04676428385939 -29.372208200941195 0
endloop
endfacet
facet normal 0 0 -1
outer loop
vertex 93.13226525644036 -28.917598556440346 0
vertex 83.04676428385939 -29.372208200941195 0
vertex 82.4300338375733 -28.917598556440346 0
endloop
endfacet
facet normal 0 0 -1
outer loop
vertex 103.45320957110007 -28.917598556440346 0
vertex 103.13488851738657 -29.372208200941195 0
vertex 97.74799443690763 -29.372208200941195 0
endloop
endfacet
facet normal 0 0 -1
outer loop
vertex 103.45320957110007 -28.917598556440346 0
vertex 97.74799443690763 -29.372208200941195 0
vertex 97.37490594355963 -28.917598556440346 0
endloop
endfacet
facet normal 0 0 -1
outer loop
vertex 92.7591767630924 -29.372208200941195 0
vertex 92.48194700246611 -29.890868602904725 0
vertex 83.75038697432188 -29.890868602904725 0
endloop
endfacet
facet normal 0 0 -1
outer loop
vertex 92.7591767630924 -29.372208200941195 0
vertex 83.75038697432188 -29.890868602904725 0
vertex 83.04676428385939 -29.372208200941195 0
endloop
endfacet
facet normal 0 0 -1
outer loop
vertex 103.13488851738657 -29.372208200941195 0
vertex 102.77171864699419 -29.890868602904725 0
vertex 98.02522419753386 -29.890868602904725 0
endloop
endfacet
facet normal 0 0 -1
outer loop
vertex 103.13488851738657 -29.372208200941195 0
vertex 98.02522419753386 -29.890868602904725 0
vertex 97.74799443690763 -29.372208200941195 0
endloop
endfacet
facet normal 0 0 -1
outer loop
vertex 92.48194700246611 -29.890868602904725 0
vertex 92.31122975879026 -30.453647933951714 0
vertex 84.51386208356266 -30.453647933951714 0
endloop
endfacet
facet normal 0 0 -1
outer loop
vertex 92.48194700246611 -29.890868602904725 0
vertex 84.51386208356266 -30.453647933951714 0
vertex 83.75038697432188 -29.890868602904725 0
endloop
endfacet
facet normal 0 0 -1
outer loop
vertex 102.77171864699419 -29.890868602904725 0
vertex 102.377656374374 -30.453647933951714 0
vertex 98.19594144120971 -30.453647933951714 0
endloop
endfacet
facet normal 0 0 -1
outer loop
vertex 102.77171864699419 -29.890868602904725 0
vertex 98.19594144120971 -30.453647933951714 0
vertex 98.02522419753386 -29.890868602904725 0
endloop
endfacet
facet normal 0 0 -1
outer loop
vertex 92.31122975879026 -30.453647933951714 0
vertex 92.2535856 -31.038918899999913 0
vertex 85.30784969129482 -31.038918899999913 0
endloop
endfacet
facet normal 0 0 -1
outer loop
vertex 92.31122975879026 -30.453647933951714 0
vertex 85.30784969129482 -31.038918899999913 0
vertex 84.51386208356266 -30.453647933951714 0
endloop
endfacet
facet normal 0 0 -1
outer loop
vertex 102.377656374374 -30.453647933951714 0
vertex 101.96784529167041 -31.038918899999913 0
vertex 98.2535856 -31.038918899999913 0
endloop
endfacet
facet normal 0 0 -1
outer loop
vertex 102.377656374374 -30.453647933951714 0
vertex 98.2535856 -31.038918899999913 0
vertex 98.19594144120971 -30.453647933951714 0
endloop
endfacet
facet normal 0 0 -1
outer loop
vertex 92.2535856 -31.038918899999913 0
vertex 92.31122975879032 -31.62418986604839 0
vertex 86.10183729902734 -31.62418986604839 0
endloop
endfacet
facet normal 0 0 -1
outer loop
vertex 92.2535856 -31.038918899999913 0
vertex 86.10183729902734 -31.62418986604839 0
vertex 85.30784969129482 -31.038918899999913 0
endloop
endfacet
facet normal 0 0 -1
outer loop
vertex 101.96784529167041 -31.038918899999913 0
vertex 101.55803420896663 -31.62418986604839 0
vertex 98.19594144120967 -31.62418986604839 0
endloop
endfacet
facet normal 0 0 -1
outer loop
vertex 101.96784529167041 -31.038918899999913 0
vertex 98.19594144120967 -31.62418986604839 0
vertex 98.2535856 -31.038918899999913 0
endloop
endfacet
facet normal 0 0 -1
outer loop
vertex 92.31122975879032 -31.62418986604839 0
vertex 92.48194700246613 -32.18696919709526 0
vertex 86.86531240826795 -32.18696919709526 0
endloop
endfacet
facet normal 0 0 -1
outer loop
vertex 92.31122975879032 -31.62418986604839 0
vertex 86.86531240826795 -32.18696919709526 0
vertex 86.10183729902734 -31.62418986604839 0
endloop
endfacet
facet normal 0 0 -1
outer loop
vertex 101.55803420896663 -31.62418986604839 0
vertex 101.16397193634653 -32.18696919709526 0
vertex 98.02522419753384 -32.18696919709526 0
endloop
endfacet
facet normal 0 0 -1
outer loop
vertex 101.55803420896663 -31.62418986604839 0
vertex 98.02522419753384 -32.18696919709526 0
vertex 98.19594144120967 -31.62418986604839 0
endloop
endfacet
facet normal 0 0 -1
outer loop
vertex 92.48194700246613 -32.18696919709526 0
vertex 92.75917676309237 -32.70562959905881 0
vertex 87.56893509873048 -32.70562959905881 0
endloop
endfacet
facet normal 0 0 -1
outer loop
vertex 92.48194700246613 -32.18696919709526 0
vertex 87.56893509873048 -32.70562959905881 0
vertex 86.86531240826795 -32.18696919709526 0
endloop
endfacet
facet normal 0 0 -1
outer loop
vertex 101.16397193634653 -32.18696919709526 0
vertex 100.80080206595413 -32.70562959905881 0
vertex 97.74799443690766 -32.70562959905881 0
endloop
endfacet
facet normal 0 0 -1
outer loop
vertex 101.16397193634653 -32.18696919709526 0
vertex 97.74799443690766 -32.70562959905881 0
vertex 98.02522419753384 -32.18696919709526 0
endloop
endfacet
facet normal 0 0 -1
outer loop
vertex 92.75917676309237 -32.70562959905881 0
vertex 93.13226525644038 -33.16023924355967 0
vertex 88.18566554501659 -33.16023924355967 0
endloop
endfacet
facet normal 0 0 -1
outer loop
vertex 92.75917676309237 -32.70562959905881 0
vertex 88.18566554501659 -33.16023924355967 0
vertex 87.56893509873048 -32.70562959905881 0
endloop
endfacet
facet normal 0 0 -1
outer loop
vertex 100.80080206595413 -32.70562959905881 0
vertex 100.48248101224061 -33.16023924355967 0
vertex 97.37490594355963 -33.16023924355967 0
endloop
endfacet
facet normal 0 0 -1
outer loop
vertex 100.80080206595413 -32.70562959905881 0
vertex 97.37490594355963 -33.16023924355967 0
vertex 97.74799443690766 -32.70562959905881 0
endloop
endfacet
facet normal 0 0 -1
outer loop
vertex 93.13226525644038 -33.16023924355967 0
vertex 93.58687490094117 -33.53332773690763 0
vertex 88.6918031419418 -33.53332773690763 0
endloop
endfacet
facet normal 0 0 -1
outer loop
vertex 93.13226525644038 -33.16023924355967 0
vertex 88.6918031419418 -33.53332773690763 0
vertex 88.18566554501659 -33.16023924355967 0
endloop
endfacet
facet normal 0 0 -1
outer loop
vertex 100.48248101224061 -33.16023924355967 0
vertex 100.22124167478374 -33.53332773690763 0
vertex 96.92029629905879 -33.53332773690763 0
endloop
endfacet
facet normal 0 0 -1
outer loop
vertex 100.48248101224061 -33.16023924355967 0
vertex 96.92029629905879 -33.53332773690763 0
vertex 97.37490594355963 -33.16023924355967 0
endloop
endfacet
facet normal 0 0 -1
outer loop
vertex 93.58687490094117 -33.53332773690763 0
vertex 94.10553530290471 -33.81055749753385 0
vertex 89.06789730550167 -33.81055749753385 0
endloop
endfacet
facet normal 0 0 -1
outer loop
vertex 93.58687490094117 -33.53332773690763 0
vertex 89.06789730550167 -33.81055749753385 0
vertex 88.6918031419418 -33.53332773690763 0
endloop
endfacet
facet normal 0 0 -1
outer loop
vertex 100.22124167478374 -33.53332773690763 0
vertex 100.02712333481722 -33.81055749753385 0
vertex 96.40163589709532 -33.81055749753385 0
endloop
endfacet
facet normal 0 0 -1
outer loop
vertex 100.22124167478374 -33.53332773690763 0
vertex 96.40163589709532 -33.81055749753385 0
vertex 96.92029629905879 -33.53332773690763 0
endloop
endfacet
facet normal 0 0 -1
outer loop
vertex 94.10553530290471 -33.81055749753385 0
vertex 94.6683146339516 -33.98127474120968 0
vertex 89.29949494790657 -33.98127474120968 0
endloop
endfacet
facet normal 0 0 -1
outer loop
vertex 94.10553530290471 -33.81055749753385 0
vertex 89.29949494790657 -33.98127474120968 0
vertex 89.06789730550167 -33.81055749753385 0
endloop
endfacet
facet normal 0 0 -1
outer loop
vertex 100.02712333481722 -33.81055749753385 0
vertex 99.90758585128313 -33.98127474120968 0
vertex 95.8388565660483 -33.98127474120968 0
endloop
endfacet
facet normal 0 0 -1
outer loop
vertex 100.02712333481722 -33.81055749753385 0
vertex 95.8388565660483 -33.98127474120968 0
vertex 96.40163589709532 -33.81055749753385 0
endloop
endfacet
facet normal 0 0 -1
outer loop
vertex 94.6683146339516 -33.98127474120968 0
vertex 95.25358560000004 -34.0389189 0
vertex 89.37769590164034 -34.0389189 0
endloop
endfacet
facet normal 0 0 -1
outer loop
vertex 94.6683146339516 -33.98127474120968 0
vertex 89.37769590164034 -34.0389189 0
vertex 89.29949494790657 -33.98127474120968 0
endloop
endfacet
facet normal 0 0 -1
outer loop
vertex 99.90758585128313 -33.98127474120968 0
vertex 99.86722298263632 -34.0389189 0
vertex 95.25358560000004 -34.0389189 0
endloop
endfacet
facet normal 0 0 -1
outer loop
vertex 99.90758585128313 -33.98127474120968 0
vertex 95.25358560000004 -34.0389189 0
vertex 95.8388565660483 -33.98127474120968 0
endloop
endfacet
facet normal 0 0 -1
outer loop
vertex 95.25358560000004 -34.0389189 0
vertex 99.86722298263632 -34.0389189 0
vertex 97.76554209999998 -37.04043070000006 0
endloop
endfacet
facet normal 0 0 -1
outer loop
vertex 95.25358560000004 -34.0389189 0
vertex 97.76554209999998 -37.04043070000006 0
vertex 97.5117813949238 -37.34750959393422 0
endloop
endfacet
facet normal 0 0 -1
outer loop
vertex 95.25358560000004 -34.0389189 0
vertex 97.5117813949238 -37.34750959393422 0
vertex 97.21246219794175 -37.61038253004432 0
endloop
endfacet
facet normal 0 0 -1
outer loop
vertex 95.25358560000004 -34.0389189 0
vertex 97.21246219794175 -37.61038253004432 0
vertex 96.87518849252608 -37.82237453427169 0
endloop
endfacet
facet normal 0 0 -1
outer loop
vertex 95.25358560000004 -34.0389189 0
vertex 96.87518849252608 -37.82237453427169 0
vertex 96.50852401757587 -37.97810290365504 0
endloop
endfacet
facet normal 0 0 -1
outer loop
vertex 95.25358560000004 -34.0389189 0
vertex 96.50852401757587 -37.97810290365504 0
vertex 96.12177877495846 -38.073613528896075 0
endloop
endfacet
facet normal 0 0 -1
outer loop
vertex 95.25358560000004 -34.0389189 0
vertex 96.12177877495846 -38.073613528896075 0
vertex 95.72477263863694 -38.10648129340994 0
endloop
endfacet
facet normal 0 0 -1
outer loop
vertex 95.25358560000004 -34.0389189 0
vertex 95.72477263863694 -38.10648129340994 0
vertex 95.32758601760314 -38.075871649620055 0
endloop
endfacet
facet normal 0 0 -1
outer loop
vertex 95.25358560000004 -34.0389189 0
vertex 95.32758601760314 -38.075871649620055 0
vertex 94.94030390354844 -37.982561809010754 0
endloop
endfacet
facet normal 0 0 -1
outer loop
vertex 95.25358560000004 -34.0389189 0
vertex 94.94030390354844 -37.982561809010754 0
vertex 94.57275980217432 -37.82892100789929 0
endloop
endfacet
facet normal 0 0 -1
outer loop
vertex 95.25358560000004 -34.0389189 0
vertex 94.57275980217432 -37.82892100789929 0
vertex 94.23428604999997 -37.61885034999999 0
endloop
endfacet
facet normal 0 0 -1
outer loop
vertex 95.25358560000004 -34.0389189 0
vertex 94.23428604999997 -37.61885034999999 0
vertex 89.37769590164034 -34.0389189 0
endloop
endfacet
facet normal 0.03859612275224603 0.003376723196876566 0.99924918666414
outer loop
vertex -12.462019382530611 -10.434120444167341 6.450000000000003
vertex -12.470077114761493 -10.342020143325673 6.449999999999999
vertex -12.484807753012209 -10.17364817766693 6.449999999999999
endloop
endfacet
facet normal 0.03859612275224603 0.003376723196876566 0.99924918666414
outer loop
vertex -12.462019382530611 -10.434120444167341 6.450000000000003
vertex -12.484807753012209 -10.17364817766693 6.449999999999999
vertex -12.500000000000089 -10.000000000000018 6.450000000000003
endloop
endfacet
facet normal 0.03859612275224603 0.003376723196876566 0.99924918666414
outer loop
vertex -12.462019382530611 -10.434120444167341 6.450000000000003
vertex -12.500000000000089 -10.000000000000018 6.450000000000003
vertex -12.5 -9.999999999999979 0
endloop
endfacet
facet normal 0.03859612275224603 0.003376723196876566 0.99924918666414
outer loop
vertex -12.462019382530611 -10.434120444167341 6.450000000000003
vertex -12.5 -9.999999999999979 0
vertex -12.462019382530514 -10.434120444167341 0
endloop
endfacet
facet normal 0.11414448163969054 0.030584921675823697 0.9929932526846746
outer loop
vertex -12.349231551964799 -10.855050358314191 6.450000000000003
vertex -12.37308061506292 -10.766044443118972 6.449999999999999
vertex -12.406107184042757 -10.64278760968654 6.449999999999999
endloop
endfacet
facet normal 0.11414448163969054 0.030584921675823697 0.9929932526846746
outer loop
vertex -12.349231551964799 -10.855050358314191 6.450000000000003
vertex -12.406107184042757 -10.64278760968654 6.449999999999999
vertex -12.444367008747443 -10.499999999999979 6.449999999999999
endloop
endfacet
facet normal 0.11414448163969054 0.030584921675823697 0.9929932526846746
outer loop
vertex -12.349231551964799 -10.855050358314191 6.450000000000003
vertex -12.444367008747443 -10.499999999999979 6.449999999999999
vertex -12.462019382530611 -10.434120444167341 6.450000000000003
endloop
endfacet
facet normal 0.11414448163969054 0.030584921675823697 0.9929932526846746
outer loop
vertex -12.349231551964799 -10.855050358314191 6.450000000000003
vertex -12.462019382530611 -10.434120444167341 6.450000000000003
vertex -12.462019382530514 -10.434120444167341 0
endloop
endfacet
facet normal 0.11414448163969054 0.030584921675823697 0.9929932526846746
outer loop
vertex -12.349231551964799 -10.855050358314191 6.450000000000003
vertex -12.462019382530514 -10.434120444167341 0
vertex -12.34923155196477 -10.855050358314173 0
endloop
endfacet
facet normal 0.05487040089860634 0.02558648814505837 0.998165602858378
outer loop
vertex -12.165063509461135 -11.250000000000025 6.450000000000003
vertex -12.281640423999846 -11 6.449999999999999
vertex -12.288724685114838 -10.984807753012205 6.449999999999999
endloop
endfacet
facet normal 0.05487040089860634 0.02558648814505837 0.998165602858378
outer loop
vertex -12.165063509461135 -11.250000000000025 6.450000000000003
vertex -12.288724685114838 -10.984807753012205 6.449999999999999
vertex -12.309762216770634 -10.939692620785912 6.449999999999999
endloop
endfacet
facet normal 0.05487040089860634 0.02558648814505837 0.998165602858378
outer loop
vertex -12.165063509461135 -11.250000000000025 6.450000000000003
vertex -12.309762216770634 -10.939692620785912 6.449999999999999
vertex -12.344113804213386 -10.866025403784445 6.449999999999999
endloop
endfacet
facet normal 0.05487040089860634 0.02558648814505837 0.998165602858378
outer loop
vertex -12.165063509461135 -11.250000000000025 6.450000000000003
vertex -12.344113804213386 -10.866025403784445 6.449999999999999
vertex -12.349231551964799 -10.855050358314191 6.450000000000003
endloop
endfacet
facet normal 0.05487040089860634 0.02558648814505837 0.998165602858378
outer loop
vertex -12.165063509461135 -11.250000000000025 6.450000000000003
vertex -12.349231551964799 -10.855050358314191 6.450000000000003
vertex -12.34923155196477 -10.855050358314173 0
endloop
endfacet
facet normal 0.05487040089860634 0.02558648814505837 0.998165602858378
outer loop
vertex -12.165063509461135 -11.250000000000025 6.450000000000003
vertex -12.34923155196477 -10.855050358314173 0
vertex -12.165063509461099 -11.249999999999993 0
endloop
endfacet
facet normal -0.8191520442889962 -0.5735764363510397 0
outer loop
vertex -11.915111107797436 -11.606969024216344 6.449999999999999
vertex -12.165063509461135 -11.250000000000025 6.450000000000003
vertex -12.165063509461099 -11.249999999999993 0
endloop
endfacet
facet normal -0.8191520442889962 -0.5735764363510397 0
outer loop
vertex -11.915111107797436 -11.606969024216344 6.449999999999999
vertex -12.165063509461099 -11.249999999999993 0
vertex -11.91511110779745 -11.606969024216344 0
endloop
endfacet
facet normal -0.7071067811865476 -0.7071067811865476 0
outer loop
vertex -11.606969024216347 -11.915111107797443 6.450000000000003
vertex -11.915111107797436 -11.606969024216344 6.449999999999999
vertex -11.91511110779745 -11.606969024216344 0
endloop
endfacet
facet normal -0.7071067811865476 -0.7071067811865476 0
outer loop
vertex -11.606969024216347 -11.915111107797443 6.450000000000003
vertex -11.91511110779745 -11.606969024216344 0
vertex -11.60696902421634 -11.91511110779745 0
endloop
endfacet
facet normal -0.573576436351047 -0.8191520442889911 0
outer loop
vertex -11.250000000000082 -12.165063509461213 6.449999999999999
vertex -11.606969024216347 -11.915111107797443 6.450000000000003
vertex -11.60696902421634 -11.91511110779745 0
endloop
endfacet
facet normal -0.573576436351047 -0.8191520442889911 0
outer loop
vertex -11.250000000000082 -12.165063509461213 6.449999999999999
vertex -11.60696902421634 -11.91511110779745 0
vertex -11.25 -12.165063509461099 0
endloop
endfacet
facet normal -0.4226182617407019 -0.9063077870366489 0
outer loop
vertex -10.855050358314152 -12.349231551964714 6.450000000000003
vertex -11.250000000000082 -12.165063509461213 6.449999999999999
vertex -11.25 -12.165063509461099 0
endloop
endfacet
facet normal -0.4226182617407019 -0.9063077870366489 0
outer loop
vertex -10.855050358314152 -12.349231551964714 6.450000000000003
vertex -11.25 -12.165063509461099 0
vertex -10.855050358314173 -12.34923155196477 0
endloop
endfacet
facet normal -0.258819045102527 -0.9659258262890666 0
outer loop
vertex -10.434120444167302 -12.462019382530421 6.449999999999999
vertex -10.855050358314152 -12.349231551964714 6.450000000000003
vertex -10.855050358314173 -12.34923155196477 0
endloop
endfacet
facet normal -0.258819045102527 -0.9659258262890666 0
outer loop
vertex -10.434120444167302 -12.462019382530421 6.449999999999999
vertex -10.855050358314173 -12.34923155196477 0
vertex -10.434120444167306 -12.462019382530524 0
endloop
endfacet
facet normal -0.08715574274765815 -0.9961946980917455 0
outer loop
vertex -10 -12.499999999999991 6.449999999999999
vertex -10.434120444167302 -12.462019382530421 6.449999999999999
vertex -10.434120444167306 -12.462019382530524 0
endloop
endfacet
facet normal -0.08715574274765815 -0.9961946980917455 0
outer loop
vertex -10 -12.499999999999991 6.449999999999999
vertex -10.434120444167306 -12.462019382530524 0
vertex -10.000000000000014 -12.50000003552271 0
endloop
endfacet
facet normal -6.011135411654323e-8 -0.9999999999999983 0
outer loop
vertex 10.794740300000012 -12.50000125 6.450000000000003
vertex -10 -12.499999999999991 6.449999999999999
vertex -10.000000000000014 -12.50000003552271 0
endloop
endfacet
facet normal -6.011135411654323e-8 -0.9999999999999983 0
outer loop
vertex 10.794740300000012 -12.50000125 6.450000000000003
vertex -10.000000000000014 -12.50000003552271 0
vertex 10.794740299999958 -12.50000003552271 0
endloop
endfacet
facet normal -9.086760096096292e-10 1.793825337288825e-8 0.9999999999999999
outer loop
vertex 11.047366292376774 -12.487204088168335 6.449999999999999
vertex 10.794761066591013 -12.5 6.449999999999999
vertex 10.794740300000012 -12.50000125 6.450000000000003
endloop
endfacet
facet normal -9.086760096096292e-10 1.793825337288825e-8 0.9999999999999999
outer loop
vertex 11.047366292376774 -12.487204088168335 6.449999999999999
vertex 10.794740300000012 -12.50000125 6.450000000000003
vertex 10.794740299999958 -12.50000003552271 0
endloop
endfacet
facet normal -9.086760096096292e-10 1.793825337288825e-8 0.9999999999999999
outer loop
vertex 11.047366292376774 -12.487204088168335 6.449999999999999
vertex 10.794740299999958 -12.50000003552271 0
vertex 11.047366292376765 -12.487204088168284 0
endloop
endfacet
facet normal 0.1512537220645349 -0.9884949729571844 0
outer loop
vertex 11.297406011523481 -12.448944472065493 6.450000000000003
vertex 11.047366292376774 -12.487204088168335 6.449999999999999
vertex 11.047366292376765 -12.487204088168284 0
endloop
endfacet
facet normal 0.1512537220645349 -0.9884949729571844 0
outer loop
vertex 11.297406011523481 -12.448944472065493 6.450000000000003
vertex 11.047366292376765 -12.487204088168284 0
vertex 11.29740601152347 -12.44894447206546 0
endloop
endfacet
facet normal 0.2503673187467666 -0.9681509209330719 0
outer loop
vertex 11.542299704444897 -12.385614080130718 6.450000000000003
vertex 11.297406011523481 -12.448944472065493 6.450000000000003
vertex 11.29740601152347 -12.44894447206546 0
endloop
endfacet
facet normal 0.2503673187467666 -0.9681509209330719 0
outer loop
vertex 11.542299704444897 -12.385614080130718 6.450000000000003
vertex 11.29740601152347 -12.44894447206546 0
vertex 11.542299704444893 -12.385614080130658 0
endloop
endfacet
facet normal 0.34691307582165193 -0.9378972853271093 0
outer loop
vertex 11.779540599999997 -12.29786249999998 6.450000000000003
vertex 11.542299704444897 -12.385614080130718 6.450000000000003
vertex 11.542299704444893 -12.385614080130658 0
endloop
endfacet
facet normal 0.34691307582165193 -0.9378972853271093 0
outer loop
vertex 11.779540599999997 -12.29786249999998 6.450000000000003
vertex 11.542299704444893 -12.385614080130658 0
vertex 11.779540599999947 -12.297862500000022 0
endloop
endfacet
facet normal 0 0 -1
outer loop
vertex 25.3078864 -6.500000000000032 6.449999999999999
vertex 14.996560116451196 -10.91913999999997 6.449999999999999
vertex 14.914655074452744 -10.954242157039815 6.449999999999999
endloop
endfacet
facet normal 0 0 -1
outer loop
vertex 25.3078864 -6.500000000000032 6.449999999999999
vertex 14.914655074452744 -10.954242157039815 6.449999999999999
vertex 14.855544331883403 -10.979575329672215 6.449999999999999
endloop
endfacet
facet normal 0 0 -1
outer loop
vertex 25.3078864 -6.500000000000032 6.449999999999999
vertex 14.855544331883403 -10.979575329672215 6.449999999999999
vertex 14.819833030654005 -10.994880171392158 6.449999999999999
endloop
endfacet
facet normal 0 0 -1
outer loop
vertex 25.3078864 -6.500000000000032 6.449999999999999
vertex 14.819833030654005 -10.994880171392158 6.449999999999999
vertex 14.807886762603463 -11 6.449999999999999
endloop
endfacet
facet normal 0 0 -1
outer loop
vertex 25.3078864 -6.500000000000032 6.449999999999999
vertex 14.807886762603463 -11 6.449999999999999
vertex 11.779540599999997 -12.29786249999998 6.450000000000003
endloop
endfacet
facet normal 0 0 -1
outer loop
vertex 25.3078864 -6.500000000000032 6.449999999999999
vertex 11.779540599999997 -12.29786249999998 6.450000000000003
vertex 11.779540599999947 -12.297862500000022 0
endloop
endfacet
facet normal 0 0 -1
outer loop
vertex 25.3078864 -6.500000000000032 6.449999999999999
vertex 11.779540599999947 -12.297862500000022 0
vertex 18.307886417247737 -9.5 0
endloop
endfacet
facet normal 0 0 -1
outer loop
vertex 25.3078864 -6.500000000000032 6.449999999999999
vertex 18.307886417247737 -9.5 0
vertex 18.442389454093714 -9.44235584120969 0
endloop
endfacet
facet normal 0 0 -1
outer loop
vertex 25.3078864 -6.500000000000032 6.449999999999999
vertex 18.442389454093714 -9.44235584120969 0
vertex 18.840729688355808 -9.271638597533865 0
endloop
endfacet
facet normal 0 0 -1
outer loop
vertex 25.3078864 -6.500000000000032 6.449999999999999
vertex 18.840729688355808 -9.271638597533865 0
vertex 19.487599128223145 -8.994408836907638 0
endloop
endfacet
facet normal 0 0 -1
outer loop
vertex 25.3078864 -6.500000000000032 6.449999999999999
vertex 19.487599128223145 -8.994408836907638 0
vertex 20.35813894389016 -8.621320343559644 0
endloop
endfacet
facet normal 0 0 -1
outer loop
vertex 25.3078864 -6.500000000000032 6.449999999999999
vertex 20.35813894389016 -8.621320343559644 0
vertex 21.41889477844513 -8.166710699058802 0
endloop
endfacet
facet normal 0 0 -1
outer loop
vertex 25.3078864 -6.500000000000032 6.449999999999999
vertex 21.41889477844513 -8.166710699058802 0
vertex 22.62910238004479 -7.648050297095269 0
endloop
endfacet
facet normal 0 0 -1
outer loop
vertex 25.3078864 -6.500000000000032 6.449999999999999
vertex 22.62910238004479 -7.648050297095269 0
vertex 23.94225414925196 -7.085270966048389 0
endloop
endfacet
facet normal 0 0 -1
outer loop
vertex 25.3078864 -6.500000000000032 6.449999999999999
vertex 23.94225414925196 -7.085270966048389 0
vertex 25.307886399999994 -6.5 0
endloop
endfacet
facet normal 0 -1 0
outer loop
vertex 59.5 -6.5 0
vertex 59.5 -6.5 6.449999999999999
vertex 25.3078864 -6.500000000000032 6.449999999999999
endloop
endfacet
facet normal 0 -1 0
outer loop
vertex 59.5 -6.5 0
vertex 25.3078864 -6.500000000000032 6.449999999999999
vertex 25.307886399999994 -6.5 0
endloop
endfacet
facet normal -1 0 0
outer loop
vertex 59.5 -6.5 6.449999999999999
vertex 59.5 -6.5 0
vertex 59.5 -15.719025800000004 0
endloop
endfacet
facet normal -1 0 0
outer loop
vertex 59.5 -6.5 6.449999999999999
vertex 59.5 -15.719025800000004 0
vertex 59.5 -18.5 0
endloop
endfacet
facet normal -1 0 0
outer loop
vertex 59.5 -6.5 6.449999999999999
vertex 59.5 -18.5 0
vertex 59.5 -18.557644158790314 0
endloop
endfacet
facet normal -1 0 0
outer loop
vertex 59.5 -6.5 6.449999999999999
vertex 59.5 -18.557644158790314 0
vertex 59.5 -18.728361402466142 0
endloop
endfacet
facet normal -1 0 0
outer loop
vertex 59.5 -6.5 6.449999999999999
vertex 59.5 -18.728361402466142 0
vertex 59.5 -19.005591163092397 0
endloop
endfacet
facet normal -1 0 0
outer loop
vertex 59.5 -6.5 6.449999999999999
vertex 59.5 -19.005591163092397 0
vertex 59.5 -19.378679656440344 0
endloop
endfacet
facet normal -1 0 0
outer loop
vertex 59.5 -6.5 6.449999999999999
vertex 59.5 -19.378679656440344 0
vertex 59.5 -19.833289300941193 0
endloop
endfacet
facet normal -1 0 0
outer loop
vertex 59.5 -6.5 6.449999999999999
vertex 59.5 -19.833289300941193 0
vertex 59.5 -20.351949702904705 0
endloop
endfacet
facet normal -1 0 0
outer loop
vertex 59.5 -6.5 6.449999999999999
vertex 59.5 -20.351949702904705 0
vertex 59.5 -20.914729033951676 0
endloop
endfacet
facet normal -1 0 0
outer loop
vertex 59.5 -6.5 6.449999999999999
vertex 59.5 -20.914729033951676 0
vertex 59.5 -21.499999999999947 0
endloop
endfacet
facet normal -1 0 0
outer loop
vertex 59.5 -6.5 6.449999999999999
vertex 59.5 -21.499999999999947 0
vertex 59.5 -22.085270966048366 0
endloop
endfacet
facet normal -1 0 0
outer loop
vertex 59.5 -6.5 6.449999999999999
vertex 59.5 -22.085270966048366 0
vertex 59.5 -22.64805029709529 0
endloop
endfacet
facet normal -1 0 0
outer loop
vertex 59.5 -6.5 6.449999999999999
vertex 59.5 -22.64805029709529 0
vertex 59.5 -23.166710699058758 0
endloop
endfacet
facet normal -1 0 0
outer loop
vertex 59.5 -6.5 6.449999999999999
vertex 59.5 -23.166710699058758 0
vertex 59.5 -23.621320343559663 0
endloop
endfacet
facet normal -1 0 0
outer loop
vertex 59.5 -6.5 6.449999999999999
vertex 59.5 -23.621320343559663 0
vertex 59.5 -23.99440883690764 0
endloop
endfacet
facet normal -1 0 0
outer loop
vertex 59.5 -6.5 6.449999999999999
vertex 59.5 -23.99440883690764 0
vertex 59.5 -24.271638597533855 0
endloop
endfacet
facet normal -1 0 0
outer loop
vertex 59.5 -6.5 6.449999999999999
vertex 59.5 -24.271638597533855 0
vertex 59.5 -24.442355841209693 0
endloop
endfacet
facet normal -1 0 0
outer loop
vertex 59.5 -6.5 6.449999999999999
vertex 59.5 -24.442355841209693 0
vertex 59.5 -24.5 0
endloop
endfacet
facet normal -1 0 0
outer loop
vertex 59.5 -6.5 6.449999999999999
vertex 59.5 -24.5 0
vertex 59.5 -25.000000000000007 0
endloop
endfacet
facet normal -1 0 0
outer loop
vertex 59.5 -6.5 6.449999999999999
vertex 59.5 -25.000000000000007 0
vertex 59.5 -25 6.449999999999999
endloop
endfacet
facet normal 0.08580562718844531 0.007507019645718804 0.9962836137359865
outer loop
vertex 59.53798061746944 -25.434120444167352 6.450000000000003
vertex 59.529922885238506 -25.34202014332567 6.449999999999999
vertex 59.515192246987795 -25.17364817766694 6.449999999999999
endloop
endfacet
facet normal 0.08580562718844531 0.007507019645718804 0.9962836137359865
outer loop
vertex 59.53798061746944 -25.434120444167352 6.450000000000003
vertex 59.515192246987795 -25.17364817766694 6.449999999999999
vertex 59.5 -25 6.449999999999999
endloop
endfacet
facet normal 0.08580562718844531 0.007507019645718804 0.9962836137359865
outer loop
vertex 59.53798061746944 -25.434120444167352 6.450000000000003
vertex 59.5 -25 6.449999999999999
vertex 59.5 -25.000000000000007 0
endloop
endfacet
facet normal 0.08580562718844531 0.007507019645718804 0.9962836137359865
outer loop
vertex 59.53798061746944 -25.434120444167352 6.450000000000003
vertex 59.5 -25.000000000000007 0
vertex 59.53798061746948 -25.434120444167306 0
endloop
endfacet
facet normal 0 0 1
outer loop
vertex 59.650768448035095 -25.85505035831423 6.449999999999999
vertex 59.62691938493709 -25.766044443118986 6.449999999999999
vertex 59.59389281595725 -25.64278760968653 6.449999999999999
endloop
endfacet
facet normal 0 0 1
outer loop
vertex 59.650768448035095 -25.85505035831423 6.449999999999999
vertex 59.59389281595725 -25.64278760968653 6.449999999999999
vertex 59.555632991252565 -25.499999999999993 6.449999999999999
endloop
endfacet
facet normal 0 0 1
outer loop
vertex 59.650768448035095 -25.85505035831423 6.449999999999999
vertex 59.555632991252565 -25.499999999999993 6.449999999999999
vertex 59.53798061746944 -25.434120444167352 6.450000000000003
endloop
endfacet
facet normal 0 0 1
outer loop
vertex 59.650768448035095 -25.85505035831423 6.449999999999999
vertex 59.53798061746944 -25.434120444167352 6.450000000000003
vertex 59.53798061746948 -25.434120444167306 0
endloop
endfacet
facet normal 0 0 1
outer loop
vertex 59.650768448035095 -25.85505035831423 6.449999999999999
vertex 59.53798061746948 -25.434120444167306 0
vertex 59.65076844803526 -25.855050358314266 0
endloop
endfacet
facet normal 0 0 1
outer loop
vertex 59.834936490538894 -26.249999999999968 6.449999999999999
vertex 59.71835957600015 -26 6.449999999999999
vertex 59.71127531488516 -25.984807753012213 6.449999999999999
endloop
endfacet
facet normal 0 0 1
outer loop
vertex 59.834936490538894 -26.249999999999968 6.449999999999999
vertex 59.71127531488516 -25.984807753012213 6.449999999999999
vertex 59.690237783229364 -25.939692620785912 6.449999999999999
endloop
endfacet
facet normal 0 0 1
outer loop
vertex 59.834936490538894 -26.249999999999968 6.449999999999999
vertex 59.690237783229364 -25.939692620785912 6.449999999999999
vertex 59.655886195786614 -25.86602540378444 6.449999999999999
endloop
endfacet
facet normal 0 0 1
outer loop
vertex 59.834936490538894 -26.249999999999968 6.449999999999999
vertex 59.655886195786614 -25.86602540378444 6.449999999999999
vertex 59.650768448035095 -25.85505035831423 6.449999999999999
endloop
endfacet
facet normal 0 0 1
outer loop
vertex 59.834936490538894 -26.249999999999968 6.449999999999999
vertex 59.650768448035095 -25.85505035831423 6.449999999999999
vertex 59.65076844803526 -25.855050358314266 0
endloop
endfacet
facet normal 0 0 1
outer loop
vertex 59.834936490538894 -26.249999999999968 6.449999999999999
vertex 59.65076844803526 -25.855050358314266 0
vertex 59.83493649053886 -26.249999999999936 0
endloop
endfacet
facet normal -0.8191520442889895 -0.5735764363510494 0
outer loop
vertex 60.084888892202414 -26.606969024216443 6.449999999999999
vertex 59.834936490538894 -26.249999999999968 6.449999999999999
vertex 59.83493649053886 -26.249999999999936 0
endloop
endfacet
facet normal -0.8191520442889895 -0.5735764363510494 0
outer loop
vertex 60.084888892202414 -26.606969024216443 6.449999999999999
vertex 59.83493649053886 -26.249999999999936 0
vertex 60.084888892202564 -26.606969024216347 0
endloop
endfacet
facet normal -0.7071067811865493 -0.7071067811865458 0
outer loop
vertex 60.393030975783574 -26.915111107797536 6.449999999999999
vertex 60.084888892202414 -26.606969024216443 6.449999999999999
vertex 60.084888892202564 -26.606969024216347 0
endloop
endfacet
facet normal -0.7071067811865493 -0.7071067811865458 0
outer loop
vertex 60.393030975783574 -26.915111107797536 6.449999999999999
vertex 60.084888892202564 -26.606969024216347 0
vertex 60.39303097578366 -26.91511110779745 0
endloop
endfacet
facet normal -0.573576436351047 -0.8191520442889911 0
outer loop
vertex 60.75000000000002 -27.165063509461092 6.449999999999999
vertex 60.393030975783574 -26.915111107797536 6.449999999999999
vertex 60.39303097578366 -26.91511110779745 0
endloop
endfacet
facet normal -0.573576436351047 -0.8191520442889911 0
outer loop
vertex 60.75000000000002 -27.165063509461092 6.449999999999999
vertex 60.39303097578366 -26.91511110779745 0
vertex 60.75000000000001 -27.1650635094611 0
endloop
endfacet
facet normal -0.4226182617407004 -0.9063077870366495 0
outer loop
vertex 61.144949641685855 -27.34923155196468 6.449999999999999
vertex 60.75000000000002 -27.165063509461092 6.449999999999999
vertex 60.75000000000001 -27.1650635094611 0
endloop
endfacet
facet normal -0.4226182617407004 -0.9063077870366495 0
outer loop
vertex 61.144949641685855 -27.34923155196468 6.449999999999999
vertex 60.75000000000001 -27.1650635094611 0
vertex 61.14494964168581 -27.34923155196477 0
endloop
endfacet
facet normal -0.2588190451025199 -0.9659258262890685 0
outer loop
vertex 61.565879555832744 -27.462019382530222 6.449999999999999
vertex 61.144949641685855 -27.34923155196468 6.449999999999999
vertex 61.14494964168581 -27.34923155196477 0
endloop
endfacet
facet normal -0.2588190451025199 -0.9659258262890685 0
outer loop
vertex 61.565879555832744 -27.462019382530222 6.449999999999999
vertex 61.14494964168581 -27.34923155196477 0
vertex 61.565879555832666 -27.46201938253052 0
endloop
endfacet
facet normal -0.08715574274765459 -0.996194698091746 0
outer loop
vertex 62.000000000000036 -27.50000000000004 6.450000000000003
vertex 61.565879555832744 -27.462019382530222 6.449999999999999
vertex 61.565879555832666 -27.46201938253052 0
endloop
endfacet
facet normal -0.08715574274765459 -0.996194698091746 0
outer loop
vertex 62.000000000000036 -27.50000000000004 6.450000000000003
vertex 61.565879555832666 -27.46201938253052 0
vertex 61.99999999999999 -27.5 0
endloop
endfacet
facet normal 0 -1 0
outer loop
vertex 80.50689780000002 -27.5 0
vertex 80.5068978 -27.5 6.449999999999999
vertex 62.000000000000036 -27.50000000000004 6.450000000000003
endloop
endfacet
facet normal 0 -1 0
outer loop
vertex 80.50689780000002 -27.5 0
vertex 62.000000000000036 -27.50000000000004 6.450000000000003
vertex 61.99999999999999 -27.5 0
endloop
endfacet
facet normal 0 0 1
outer loop
vertex 94.2342860499998 -37.61885035000025 6.449999999999999
vertex 92.86089673245567 -36.606485818347764 6.449999999999999
vertex 92.84428575584336 -36.59424139257309 6.449999999999999
endloop
endfacet
facet normal 0 0 1
outer loop
vertex 94.2342860499998 -37.61885035000025 6.449999999999999
vertex 92.84428575584336 -36.59424139257309 6.449999999999999
vertex 92.7936510966609 -36.55691713762673 6.449999999999999
endloop
endfacet
facet normal 0 0 1
outer loop
vertex 94.2342860499998 -37.61885035000025 6.449999999999999
vertex 92.7936510966609 -36.55691713762673 6.449999999999999
vertex 92.71027841081013 -36.49546074723131 6.449999999999999
endloop
endfacet
facet normal 0 0 1
outer loop
vertex 94.2342860499998 -37.61885035000025 6.449999999999999
vertex 92.71027841081013 -36.49546074723131 6.449999999999999
vertex 92.5962881948144 -36.411435299999944 6.449999999999999
endloop
endfacet
facet normal 0 0 1
outer loop
vertex 94.2342860499998 -37.61885035000025 6.449999999999999
vertex 92.5962881948144 -36.411435299999944 6.449999999999999
vertex 80.5068978 -27.5 6.449999999999999
endloop
endfacet
facet normal 0 0 1
outer loop
vertex 94.2342860499998 -37.61885035000025 6.449999999999999
vertex 80.5068978 -27.5 6.449999999999999
vertex 80.50689780000002 -27.5 0
endloop
endfacet
facet normal 0 0 1
outer loop
vertex 94.2342860499998 -37.61885035000025 6.449999999999999
vertex 80.50689780000002 -27.5 0
vertex 81.23800348094952 -28.0389189 0
endloop
endfacet
facet normal 0 0 1
outer loop
vertex 94.2342860499998 -37.61885035000025 6.449999999999999
vertex 81.23800348094952 -28.0389189 0
vertex 81.31620443468327 -28.096563058790302 0
endloop
endfacet
facet normal 0 0 1
outer loop
vertex 94.2342860499998 -37.61885035000025 6.449999999999999
vertex 81.31620443468327 -28.096563058790302 0
vertex 81.5478020770882 -28.267280302466155 0
endloop
endfacet
facet normal 0 0 1
outer loop
vertex 94.2342860499998 -37.61885035000025 6.449999999999999
vertex 81.5478020770882 -28.267280302466155 0
vertex 81.92389624064802 -28.54451006309234 0
endloop
endfacet
facet normal 0 0 1
outer loop
vertex 94.2342860499998 -37.61885035000025 6.449999999999999
vertex 81.92389624064802 -28.54451006309234 0
vertex 82.4300338375733 -28.917598556440346 0
endloop
endfacet
facet normal 0 0 1
outer loop
vertex 94.2342860499998 -37.61885035000025 6.449999999999999
vertex 82.4300338375733 -28.917598556440346 0
vertex 83.04676428385939 -29.372208200941195 0
endloop
endfacet
facet normal 0 0 1
outer loop
vertex 94.2342860499998 -37.61885035000025 6.449999999999999
vertex 83.04676428385939 -29.372208200941195 0
vertex 83.75038697432188 -29.890868602904725 0
endloop
endfacet
facet normal 0 0 1
outer loop
vertex 94.2342860499998 -37.61885035000025 6.449999999999999
vertex 83.75038697432188 -29.890868602904725 0
vertex 84.51386208356266 -30.453647933951714 0
endloop
endfacet
facet normal 0 0 1
outer loop
vertex 94.2342860499998 -37.61885035000025 6.449999999999999
vertex 84.51386208356266 -30.453647933951714 0
vertex 85.30784969129482 -31.038918899999913 0
endloop
endfacet
facet normal 0 0 1
outer loop
vertex 94.2342860499998 -37.61885035000025 6.449999999999999
vertex 85.30784969129482 -31.038918899999913 0
vertex 86.10183729902734 -31.62418986604839 0
endloop
endfacet
facet normal 0 0 1
outer loop
vertex 94.2342860499998 -37.61885035000025 6.449999999999999
vertex 86.10183729902734 -31.62418986604839 0
vertex 86.86531240826795 -32.18696919709526 0
endloop
endfacet
facet normal 0 0 1
outer loop
vertex 94.2342860499998 -37.61885035000025 6.449999999999999
vertex 86.86531240826795 -32.18696919709526 0
vertex 87.56893509873048 -32.70562959905881 0
endloop
endfacet
facet normal 0 0 1
outer loop
vertex 94.2342860499998 -37.61885035000025 6.449999999999999
vertex 87.56893509873048 -32.70562959905881 0
vertex 88.18566554501659 -33.16023924355967 0
endloop
endfacet
facet normal 0 0 1
outer loop
vertex 94.2342860499998 -37.61885035000025 6.449999999999999
vertex 88.18566554501659 -33.16023924355967 0
vertex 88.6918031419418 -33.53332773690763 0
endloop
endfacet
facet normal 0 0 1
outer loop
vertex 94.2342860499998 -37.61885035000025 6.449999999999999
vertex 88.6918031419418 -33.53332773690763 0
vertex 89.06789730550167 -33.81055749753385 0
endloop
endfacet
facet normal 0 0 1
outer loop
vertex 94.2342860499998 -37.61885035000025 6.449999999999999
vertex 89.06789730550167 -33.81055749753385 0
vertex 89.29949494790657 -33.98127474120968 0
endloop
endfacet
facet normal 0 0 1
outer loop
vertex 94.2342860499998 -37.61885035000025 6.449999999999999
vertex 89.29949494790657 -33.98127474120968 0
vertex 89.37769590164034 -34.0389189 0
endloop
endfacet
facet normal 0 0 1
outer loop
vertex 94.2342860499998 -37.61885035000025 6.449999999999999
vertex 89.37769590164034 -34.0389189 0
vertex 94.23428604999997 -37.61885034999999 0
endloop
endfacet
facet normal -0.5273329637856129 -0.8496587228441085 0
outer loop
vertex 94.57275980217423 -37.828921007899325 6.449999999999999
vertex 94.2342860499998 -37.61885035000025 6.449999999999999
vertex 94.23428604999997 -37.61885034999999 0
endloop
endfacet
facet normal -0.5273329637856129 -0.8496587228441085 0
outer loop
vertex 94.57275980217423 -37.828921007899325 6.449999999999999
vertex 94.23428604999997 -37.61885034999999 0
vertex 94.57275980217432 -37.82892100789929 0
endloop
endfacet
facet normal -0.3856790844506297 -0.9226329951921967 0
outer loop
vertex 94.94030390354843 -37.98256180901093 6.449999999999999
vertex 94.57275980217423 -37.828921007899325 6.449999999999999
vertex 94.57275980217432 -37.82892100789929 0
endloop
endfacet
facet normal -0.3856790844506297 -0.9226329951921967 0
outer loop
vertex 94.94030390354843 -37.98256180901093 6.449999999999999
vertex 94.57275980217432 -37.82892100789929 0
vertex 94.94030390354844 -37.982561809010754 0
endloop
endfacet
facet normal -0.23423240204472867 -0.9721806323067523 0
outer loop
vertex 95.32758601760315 -38.07587164962028 6.450000000000003
vertex 94.94030390354843 -37.98256180901093 6.449999999999999
vertex 94.94030390354844 -37.982561809010754 0
endloop
endfacet
facet normal -0.23423240204472867 -0.9721806323067523 0
outer loop
vertex 95.32758601760315 -38.07587164962028 6.450000000000003
vertex 94.94030390354844 -37.982561809010754 0
vertex 95.32758601760314 -38.075871649620055 0
endloop
endfacet
facet normal -0.07683830926963965 -0.9970435668658533 0
outer loop
vertex 95.7247726386369 -38.10648129340977 6.449999999999999
vertex 95.32758601760315 -38.07587164962028 6.450000000000003
vertex 95.32758601760314 -38.075871649620055 0
endloop
endfacet
facet normal -0.07683830926963965 -0.9970435668658533 0
outer loop
vertex 95.7247726386369 -38.10648129340977 6.449999999999999
vertex 95.32758601760314 -38.075871649620055 0
vertex 95.72477263863694 -38.10648129340994 0
endloop
endfacet
facet normal 0.08250679008403239 -0.9965905024582713 0
outer loop
vertex 96.12177877495864 -38.07361352889604 6.450000000000003
vertex 95.7247726386369 -38.10648129340977 6.449999999999999
vertex 95.72477263863694 -38.10648129340994 0
endloop
endfacet
facet normal 0.08250679008403239 -0.9965905024582713 0
outer loop
vertex 96.12177877495864 -38.07361352889604 6.450000000000003
vertex 95.72477263863694 -38.10648129340994 0
vertex 96.12177877495846 -38.073613528896075 0
endloop
endfacet
facet normal 0.23975695408888936 -0.9708329428722628 0
outer loop
vertex 96.50852401757618 -37.97810290365575 6.450000000000003
vertex 96.12177877495864 -38.07361352889604 6.450000000000003
vertex 96.12177877495846 -38.073613528896075 0
endloop
endfacet
facet normal 0.23975695408888936 -0.9708329428722628 0
outer loop
vertex 96.50852401757618 -37.97810290365575 6.450000000000003
vertex 96.12177877495846 -38.073613528896075 0
vertex 96.50852401757587 -37.97810290365504 0
endloop
endfacet
facet normal 0.3909194334592311 -0.9204249000021206 0
outer loop
vertex 96.87518849252635 -37.82237453427251 6.449999999999999
vertex 96.50852401757618 -37.97810290365575 6.450000000000003
vertex 96.50852401757587 -37.97810290365504 0
endloop
endfacet
facet normal 0.3909194334592311 -0.9204249000021206 0
outer loop
vertex 96.87518849252635 -37.82237453427251 6.449999999999999
vertex 96.50852401757587 -37.97810290365504 0
vertex 96.87518849252608 -37.82237453427169 0
endloop
endfacet
facet normal 0.5321560517113522 -0.8466462877890535 0
outer loop
vertex 97.21246219794179 -37.6103825300445 6.449999999999999
vertex 96.87518849252635 -37.82237453427251 6.449999999999999
vertex 96.87518849252608 -37.82237453427169 0
endloop
endfacet
facet normal 0.5321560517113522 -0.8466462877890535 0
outer loop
vertex 97.21246219794179 -37.6103825300445 6.449999999999999
vertex 96.87518849252608 -37.82237453427169 0
vertex 97.21246219794175 -37.61038253004432 0
endloop
endfacet
facet normal 0.6598806605559556 -0.7513704238418196 0
outer loop
vertex 97.51178139492384 -37.347509593934305 6.449999999999999
vertex 97.21246219794179 -37.6103825300445 6.449999999999999
vertex 97.21246219794175 -37.61038253004432 0
endloop
endfacet
facet normal 0.6598806605559556 -0.7513704238418196 0
outer loop
vertex 97.51178139492384 -37.347509593934305 6.449999999999999
vertex 97.21246219794175 -37.61038253004432 0
vertex 97.5117813949238 -37.34750959393422 0
endloop
endfacet
facet normal 0.7708547084856262 -0.6370110033630033 0
outer loop
vertex 97.76554210000002 -37.04043070000005 6.449999999999999
vertex 97.51178139492384 -37.347509593934305 6.449999999999999
vertex 97.5117813949238 -37.34750959393422 0
endloop
endfacet
facet normal 0.7708547084856262 -0.6370110033630033 0
outer loop
vertex 97.76554210000002 -37.04043070000005 6.449999999999999
vertex 97.5117813949238 -37.34750959393422 0
vertex 97.76554209999998 -37.04043070000006 0
endloop
endfacet
facet normal 0 0 -1
outer loop
vertex 109.22293204999974 -20.677579699999825 6.449999999999999
vertex 98.36797120636993 -36.180072649999936 6.449999999999999
vertex 98.28196454164934 -36.30290291428098 6.449999999999999
endloop
endfacet
facet normal 0 0 -1
outer loop
vertex 109.22293204999974 -20.677579699999825 6.449999999999999
vertex 98.28196454164934 -36.30290291428098 6.449999999999999
vertex 98.20833929782849 -36.408050674465066 6.449999999999999
endloop
endfacet
facet normal 0 0 -1
outer loop
vertex 109.22293204999974 -20.677579699999825 6.449999999999999
vertex 98.20833929782849 -36.408050674465066 6.449999999999999
vertex 98.14896488077994 -36.49284614190121 6.449999999999999
endloop
endfacet
facet normal 0 0 -1
outer loop
vertex 109.22293204999974 -20.677579699999825 6.449999999999999
vertex 98.14896488077994 -36.49284614190121 6.449999999999999
vertex 98.10534885609071 -36.55513628949467 6.449999999999999
endloop
endfacet
facet normal 0 0 -1
outer loop
vertex 109.22293204999974 -20.677579699999825 6.449999999999999
vertex 98.10534885609071 -36.55513628949467 6.449999999999999
vertex 98.07859867072418 -36.59333951884689 6.449999999999999
endloop
endfacet
facet normal 0 0 -1
outer loop
vertex 109.22293204999974 -20.677579699999825 6.449999999999999
vertex 98.07859867072418 -36.59333951884689 6.449999999999999
vertex 98.06939353402512 -36.606485818347764 6.449999999999999
endloop
endfacet
facet normal 0 0 -1
outer loop
vertex 109.22293204999974 -20.677579699999825 6.449999999999999
vertex 98.06939353402512 -36.606485818347764 6.449999999999999
vertex 97.76554210000002 -37.04043070000005 6.449999999999999
endloop
endfacet
facet normal 0 0 -1
outer loop
vertex 109.22293204999974 -20.677579699999825 6.449999999999999
vertex 97.76554210000002 -37.04043070000005 6.449999999999999
vertex 97.76554209999998 -37.04043070000006 0
endloop
endfacet
facet normal 0 0 -1
outer loop
vertex 109.22293204999974 -20.677579699999825 6.449999999999999
vertex 97.76554209999998 -37.04043070000006 0
vertex 99.86722298263632 -34.0389189 0
endloop
endfacet
facet normal 0 0 -1
outer loop
vertex 109.22293204999974 -20.677579699999825 6.449999999999999
vertex 99.86722298263632 -34.0389189 0
vertex 99.90758585128313 -33.98127474120968 0
endloop
endfacet
facet normal 0 0 -1
outer loop
vertex 109.22293204999974 -20.677579699999825 6.449999999999999
vertex 99.90758585128313 -33.98127474120968 0
vertex 100.02712333481722 -33.81055749753385 0
endloop
endfacet
facet normal 0 0 -1
outer loop
vertex 109.22293204999974 -20.677579699999825 6.449999999999999
vertex 100.02712333481722 -33.81055749753385 0
vertex 100.22124167478374 -33.53332773690763 0
endloop
endfacet
facet normal 0 0 -1
outer loop
vertex 109.22293204999974 -20.677579699999825 6.449999999999999
vertex 100.22124167478374 -33.53332773690763 0
vertex 100.48248101224061 -33.16023924355967 0
endloop
endfacet
facet normal 0 0 -1
outer loop
vertex 109.22293204999974 -20.677579699999825 6.449999999999999
vertex 100.48248101224061 -33.16023924355967 0
vertex 100.80080206595413 -32.70562959905881 0
endloop
endfacet
facet normal 0 0 -1
outer loop
vertex 109.22293204999974 -20.677579699999825 6.449999999999999
vertex 100.80080206595413 -32.70562959905881 0
vertex 101.16397193634653 -32.18696919709526 0
endloop
endfacet
facet normal 0 0 -1
outer loop
vertex 109.22293204999974 -20.677579699999825 6.449999999999999
vertex 101.16397193634653 -32.18696919709526 0
vertex 101.55803420896663 -31.62418986604839 0
endloop
endfacet
facet normal 0 0 -1
outer loop
vertex 109.22293204999974 -20.677579699999825 6.449999999999999
vertex 101.55803420896663 -31.62418986604839 0
vertex 101.96784529167041 -31.038918899999913 0
endloop
endfacet
facet normal 0 0 -1
outer loop
vertex 109.22293204999974 -20.677579699999825 6.449999999999999
vertex 101.96784529167041 -31.038918899999913 0
vertex 102.377656374374 -30.453647933951714 0
endloop
endfacet
facet normal 0 0 -1
outer loop
vertex 109.22293204999974 -20.677579699999825 6.449999999999999
vertex 102.377656374374 -30.453647933951714 0
vertex 102.77171864699419 -29.890868602904725 0
endloop
endfacet
facet normal 0 0 -1
outer loop
vertex 109.22293204999974 -20.677579699999825 6.449999999999999
vertex 102.77171864699419 -29.890868602904725 0
vertex 103.13488851738657 -29.372208200941195 0
endloop
endfacet
facet normal 0 0 -1
outer loop
vertex 109.22293204999974 -20.677579699999825 6.449999999999999
vertex 103.13488851738657 -29.372208200941195 0
vertex 103.45320957110007 -28.917598556440346 0
endloop
endfacet
facet normal 0 0 -1
outer loop
vertex 109.22293204999974 -20.677579699999825 6.449999999999999
vertex 103.45320957110007 -28.917598556440346 0
vertex 103.71444890855699 -28.54451006309234 0
endloop
endfacet
facet normal 0 0 -1
outer loop
vertex 109.22293204999974 -20.677579699999825 6.449999999999999
vertex 103.71444890855699 -28.54451006309234 0
vertex 103.9085672485235 -28.267280302466155 0
endloop
endfacet
facet normal 0 0 -1
outer loop
vertex 109.22293204999974 -20.677579699999825 6.449999999999999
vertex 103.9085672485235 -28.267280302466155 0
vertex 104.02810473205759 -28.096563058790302 0
endloop
endfacet
facet normal 0 0 -1
outer loop
vertex 109.22293204999974 -20.677579699999825 6.449999999999999
vertex 104.02810473205759 -28.096563058790302 0
vertex 104.0684676007044 -28.0389189 0
endloop
endfacet
facet normal 0 0 -1
outer loop
vertex 109.22293204999974 -20.677579699999825 6.449999999999999
vertex 104.0684676007044 -28.0389189 0
vertex 104.44582262207109 -27.5 0
endloop
endfacet
facet normal 0 0 -1
outer loop
vertex 109.22293204999974 -20.677579699999825 6.449999999999999
vertex 104.44582262207109 -27.5 0
vertex 106.54644493110514 -24.5 0
endloop
endfacet
facet normal 0 0 -1
outer loop
vertex 109.22293204999974 -20.677579699999825 6.449999999999999
vertex 106.54644493110514 -24.5 0
vertex 106.58680779975194 -24.442355841209693 0
endloop
endfacet
facet normal 0 0 -1
outer loop
vertex 109.22293204999974 -20.677579699999825 6.449999999999999
vertex 106.58680779975194 -24.442355841209693 0
vertex 106.70634528328603 -24.271638597533855 0
endloop
endfacet
facet normal 0 0 -1
outer loop
vertex 109.22293204999974 -20.677579699999825 6.449999999999999
vertex 106.70634528328603 -24.271638597533855 0
vertex 106.90046362325256 -23.99440883690764 0
endloop
endfacet
facet normal 0 0 -1
outer loop
vertex 109.22293204999974 -20.677579699999825 6.449999999999999
vertex 106.90046362325256 -23.99440883690764 0
vertex 107.16170296070945 -23.621320343559663 0
endloop
endfacet
facet normal 0 0 -1
outer loop
vertex 109.22293204999974 -20.677579699999825 6.449999999999999
vertex 107.16170296070945 -23.621320343559663 0
vertex 107.480024014423 -23.166710699058758 0
endloop
endfacet
facet normal 0 0 -1
outer loop
vertex 109.22293204999974 -20.677579699999825 6.449999999999999
vertex 107.480024014423 -23.166710699058758 0
vertex 107.84319388481534 -22.64805029709529 0
endloop
endfacet
facet normal 0 0 -1
outer loop
vertex 109.22293204999974 -20.677579699999825 6.449999999999999
vertex 107.84319388481534 -22.64805029709529 0
vertex 108.23725615743548 -22.085270966048366 0
endloop
endfacet
facet normal 0 0 -1
outer loop
vertex 109.22293204999974 -20.677579699999825 6.449999999999999
vertex 108.23725615743548 -22.085270966048366 0
vertex 108.64706724013921 -21.499999999999947 0
endloop
endfacet
facet normal 0 0 -1
outer loop
vertex 109.22293204999974 -20.677579699999825 6.449999999999999
vertex 108.64706724013921 -21.499999999999947 0
vertex 109.05687832284285 -20.914729033951676 0
endloop
endfacet
facet normal 0 0 -1
outer loop
vertex 109.22293204999974 -20.677579699999825 6.449999999999999
vertex 109.05687832284285 -20.914729033951676 0
vertex 109.22293204999993 -20.677579700000102 0
endloop
endfacet
facet normal 0.866025697161245 -0.4999994918561212 4.6282799775116456e-14
outer loop
vertex 109.44082110613358 -20.30018427297324 6.450000000000003
vertex 109.22293204999974 -20.677579699999825 6.449999999999999
vertex 109.22293204999993 -20.677579700000102 0
endloop
endfacet
facet normal 0.866025697161245 -0.4999994918561212 4.6282799775116456e-14
outer loop
vertex 109.44082110613358 -20.30018427297324 6.450000000000003
vertex 109.22293204999993 -20.677579700000102 0
vertex 109.41093436172596 -20.351949702904705 0
endloop
endfacet
facet normal 0.866025697161245 -0.4999994918561212 4.6282799775116456e-14
outer loop
vertex 109.44082110613358 -20.30018427297324 6.450000000000003
vertex 109.41093436172596 -20.351949702904705 0
vertex 109.44082110613353 -20.30018427297315 0
endloop
endfacet
facet normal 0.9396927996879129 -0.34201965179605104 0
outer loop
vertex 109.58986593582411 -19.890686302445896 6.449999999999999
vertex 109.44082110613358 -20.30018427297324 6.450000000000003
vertex 109.44082110613353 -20.30018427297315 0
endloop
endfacet
facet normal 0.9396927996879129 -0.34201965179605104 0
outer loop
vertex 109.58986593582411 -19.890686302445896 6.449999999999999
vertex 109.44082110613353 -20.30018427297315 0
vertex 109.58986593582404 -19.890686302445992 0
endloop
endfacet
facet normal -4.029732623259286e-7 7.105486777262236e-8 -0.9999999999999164
outer loop
vertex 109.6655378906382 -19.46152816798021 6.450000000000003
vertex 109.65832115436562 -19.502456473147536 6.449999999999999
vertex 109.62943912677524 -19.666255031156663 6.449999999999999
endloop
endfacet
facet normal -4.029732623259286e-7 7.105486777262236e-8 -0.9999999999999164
outer loop
vertex 109.6655378906382 -19.46152816798021 6.450000000000003
vertex 109.62943912677524 -19.666255031156663 6.449999999999999
vertex 109.6028207240738 -19.817215899999997 6.449999999999999
endloop
endfacet
facet normal -4.029732623259286e-7 7.105486777262236e-8 -0.9999999999999164
outer loop
vertex 109.6655378906382 -19.46152816798021 6.450000000000003
vertex 109.6028207240738 -19.817215899999997 6.449999999999999
vertex 109.58986593582411 -19.890686302445896 6.449999999999999
endloop
endfacet
facet normal -4.029732623259286e-7 7.105486777262236e-8 -0.9999999999999164
outer loop
vertex 109.6655378906382 -19.46152816798021 6.450000000000003
vertex 109.58986593582411 -19.890686302445896 6.449999999999999
vertex 109.58986593582404 -19.890686302445992 0
endloop
endfacet
facet normal -4.029732623259286e-7 7.105486777262236e-8 -0.9999999999999164
outer loop
vertex 109.6655378906382 -19.46152816798021 6.450000000000003
vertex 109.58986593582404 -19.890686302445992 0
vertex 109.5999865486134 -19.833289300941193 0
endloop
endfacet
facet normal -4.029732623259286e-7 7.105486777262236e-8 -0.9999999999999164
outer loop
vertex 109.6655378906382 -19.46152816798021 6.450000000000003
vertex 109.5999865486134 -19.833289300941193 0
vertex 109.66553789063813 -19.46152816798017 0
endloop
endfacet
facet normal -0.007855577869156945 -3.108568781287178e-9 0.999969144472139
outer loop
vertex 109.66553771819454 -19.02574961283615 6.450000000000003
vertex 109.66553776992757 -19.156483846914657 6.449999999999999
vertex 109.66553783890474 -19.330794144434158 6.449999999999999
endloop
endfacet
facet normal -0.007855577869156945 -3.108568781287178e-9 0.999969144472139
outer loop
vertex 109.66553771819454 -19.02574961283615 6.450000000000003
vertex 109.66553783890474 -19.330794144434158 6.449999999999999
vertex 109.6655378906382 -19.46152816798021 6.450000000000003
endloop
endfacet
facet normal -0.007855577869156945 -3.108568781287178e-9 0.999969144472139
outer loop
vertex 109.66553771819454 -19.02574961283615 6.450000000000003
vertex 109.6655378906382 -19.46152816798021 6.450000000000003
vertex 109.66553789063813 -19.46152816798017 0
endloop
endfacet
facet normal -0.007855577869156945 -3.108568781287178e-9 0.999969144472139
outer loop
vertex 109.66553771819454 -19.02574961283615 6.450000000000003
vertex 109.66553789063813 -19.46152816798017 0
vertex 109.66553785785375 -19.378679656440344 0
endloop
endfacet
facet normal -0.007855577869156945 -3.108568781287178e-9 0.999969144472139
outer loop
vertex 109.66553771819454 -19.02574961283615 6.450000000000003
vertex 109.66553785785375 -19.378679656440344 0
vertex 109.6655377181941 -19.02574961283604 0
endloop
endfacet
facet normal 0 0 1
outer loop
vertex 109.58986542373145 -18.596591538259617 6.449999999999999
vertex 109.60282113145293 -18.670066915259383 6.449999999999999
vertex 109.62943897451609 -18.821023911601383 6.449999999999999
endloop
endfacet
facet normal 0 0 1
outer loop
vertex 109.58986542373145 -18.596591538259617 6.449999999999999
vertex 109.62943897451609 -18.821023911601383 6.449999999999999
vertex 109.65832102450452 -18.984821838582384 6.449999999999999
endloop
endfacet
facet normal 0 0 1
outer loop
vertex 109.58986542373145 -18.596591538259617 6.449999999999999
vertex 109.65832102450452 -18.984821838582384 6.449999999999999
vertex 109.66553771819454 -19.02574961283615 6.450000000000003
endloop
endfacet
facet normal 0 0 1
outer loop
vertex 109.58986542373145 -18.596591538259617 6.449999999999999
vertex 109.66553771819454 -19.02574961283615 6.450000000000003
vertex 109.6655377181941 -19.02574961283604 0
endloop
endfacet
facet normal 0 0 1
outer loop
vertex 109.58986542373145 -18.596591538259617 6.449999999999999
vertex 109.6655377181941 -19.02574961283604 0
vertex 109.66198323271364 -19.005591163092397 0
endloop
endfacet
facet normal 0 0 1
outer loop
vertex 109.58986542373145 -18.596591538259617 6.449999999999999
vertex 109.66198323271364 -19.005591163092397 0
vertex 109.613100051148 -18.728361402466142 0
endloop
endfacet
facet normal 0 0 1
outer loop
vertex 109.58986542373145 -18.596591538259617 6.449999999999999
vertex 109.613100051148 -18.728361402466142 0
vertex 109.5898654237316 -18.596591538259542 0
endloop
endfacet
facet normal 0 0 1
outer loop
vertex 109.44082026995244 -18.187093685690847 6.449999999999999
vertex 109.52722658974574 -18.424492950000012 6.449999999999999
vertex 109.5680075190971 -18.536537538983108 6.449999999999999
endloop
endfacet
facet normal 0 0 1
outer loop
vertex 109.44082026995244 -18.187093685690847 6.449999999999999
vertex 109.5680075190971 -18.536537538983108 6.449999999999999
vertex 109.58986542373145 -18.596591538259617 6.449999999999999
endloop
endfacet
facet normal 0 0 1
outer loop
vertex 109.44082026995244 -18.187093685690847 6.449999999999999
vertex 109.58986542373145 -18.596591538259617 6.449999999999999
vertex 109.5898654237316 -18.596591538259542 0
endloop
endfacet
facet normal 0 0 1
outer loop
vertex 109.44082026995244 -18.187093685690847 6.449999999999999
vertex 109.5898654237316 -18.596591538259542 0
vertex 109.57568972506583 -18.557644158790314 0
endloop
endfacet
facet normal 0 0 1
outer loop
vertex 109.44082026995244 -18.187093685690847 6.449999999999999
vertex 109.57568972506583 -18.557644158790314 0
vertex 109.5547089495685 -18.5 0
endloop
endfacet
facet normal 0 0 1
outer loop
vertex 109.44082026995244 -18.187093685690847 6.449999999999999
vertex 109.5547089495685 -18.5 0
vertex 109.44082026995225 -18.187093685690947 0
endloop
endfacet
facet normal 0.8660253014470107 0.5000001772535829 0
outer loop
vertex 109.22293091513721 -17.80969843110791 6.449999999999999
vertex 109.44082026995244 -18.187093685690847 6.449999999999999
vertex 109.44082026995225 -18.187093685690947 0
endloop
endfacet
facet normal 0.8660253014470107 0.5000001772535829 0
outer loop
vertex 109.22293091513721 -17.80969843110791 6.449999999999999
vertex 109.44082026995225 -18.187093685690947 0
vertex 109.2229309151369 -17.80969843110815 0
endloop
endfacet
facet normal 0.7660443524892373 0.6427877176948431 0
outer loop
vertex 108.94281781225573 -17.47587273000385 6.450000000000003
vertex 109.22293091513721 -17.80969843110791 6.449999999999999
vertex 109.2229309151369 -17.80969843110815 0
endloop
endfacet
facet normal 0.7660443524892373 0.6427877176948431 0
outer loop
vertex 108.94281781225573 -17.47587273000385 6.450000000000003
vertex 109.2229309151369 -17.80969843110815 0
vertex 108.94281781225543 -17.47587273000403 0
endloop
endfacet
facet normal 0.6427902708259098 0.7660422101500369 0
outer loop
vertex 108.60899410000027 -17.195759399999737 6.4499999999999975
vertex 108.94281781225573 -17.47587273000385 6.450000000000003
vertex 108.94281781225543 -17.47587273000403 0
endloop
endfacet
facet normal 0.6427902708259098 0.7660422101500369 0
outer loop
vertex 108.60899410000027 -17.195759399999737 6.4499999999999975
vertex 108.94281781225543 -17.47587273000403 0
vertex 108.60899410000003 -17.195759400000025 0
endloop
endfacet
facet normal 0.5735764449882486 0.8191520382411575 0
outer loop
vertex 105.0000000614961 -14.668714512174475 6.449999999999999
vertex 106.50000000000018 -15.719025799999741 6.449999999999999
vertex 106.50000000000018 -15.719025799999741 5.45
endloop
endfacet
facet normal 0.5735764449882486 0.8191520382411575 0
outer loop
vertex 105.0000000614961 -14.668714512174475 6.449999999999999
vertex 106.50000000000018 -15.719025799999741 5.45
vertex 105.0000000614961 -14.668714512174475 5.45
endloop
endfacet
facet normal 0.5735764449882348 0.8191520382411672 0
outer loop
vertex 106.50000000000018 -15.719025799999741 5.45
vertex 106.50000000000018 -15.719025799999741 6.449999999999999
vertex 108.60899410000027 -17.195759399999737 6.4499999999999975
endloop
endfacet
facet normal 0.5735764449882348 0.8191520382411672 0
outer loop
vertex 106.50000000000018 -15.719025799999741 5.45
vertex 108.60899410000027 -17.195759399999737 6.4499999999999975
vertex 108.60899410000003 -17.195759400000025 0
endloop
endfacet
facet normal 0.5735764449882348 0.8191520382411672 0
outer loop
vertex 106.50000000000018 -15.719025799999741 5.45
vertex 108.60899410000003 -17.195759400000025 0
vertex 106.5 -15.719025800000004 0
endloop
endfacet
facet normal 1 0 0
outer loop
vertex 106.5 -6.5 0
vertex 106.5 -5.914729033951618 0
vertex 106.5 -5.351949702904731 0
endloop
endfacet
facet normal 1 0 0
outer loop
vertex 106.5 -6.5 0
vertex 106.5 -5.351949702904731 0
vertex 106.5 -4.833289300941196 0
endloop
endfacet
facet normal 1 0 0
outer loop
vertex 106.5 -6.5 0
vertex 106.5 -4.833289300941196 0
vertex 106.5 -4.378679656440362 0
endloop
endfacet
facet normal 1 0 0
outer loop
vertex 106.5 -6.5 0
vertex 106.5 -4.378679656440362 0
vertex 106.5 -4.005591163092365 0
endloop
endfacet
facet normal 1 0 0
outer loop
vertex 106.5 -6.5 0
vertex 106.5 -4.005591163092365 0
vertex 106.5 -3.7283614024661382 0
endloop
endfacet
facet normal 1 0 0
outer loop
vertex 106.5 -6.5 0
vertex 106.5 -3.7283614024661382 0
vertex 106.5 -3.5576441587903087 0
endloop
endfacet
facet normal 1 0 0
outer loop
vertex 106.5 -6.5 0
vertex 106.5 -3.5576441587903087 0
vertex 106.5 -3.5 0
endloop
endfacet
facet normal 1 0 0
outer loop
vertex 106.5 -6.5 0
vertex 106.5 -3.5 0
vertex 106.5 31.499999999999996 0
endloop
endfacet
facet normal 1 0 0
outer loop
vertex 106.5 -6.5 0
vertex 106.5 31.499999999999996 0
vertex 106.5 31.55764415879031 0
endloop
endfacet
facet normal 1 0 0
outer loop
vertex 106.5 -6.5 0
vertex 106.5 31.55764415879031 0
vertex 106.5 31.72836140246616 0
endloop
endfacet
facet normal 1 0 0
outer loop
vertex 106.5 -6.5 0
vertex 106.5 31.72836140246616 0
vertex 106.5 32.005591163092305 0
endloop
endfacet
facet normal 1 0 0
outer loop
vertex 106.5 -6.5 0
vertex 106.5 32.005591163092305 0
vertex 106.5 32.378679656440376 0
endloop
endfacet
facet normal 1 0 0
outer loop
vertex 106.5 -6.5 0
vertex 106.5 32.378679656440376 0
vertex 106.5 32.83328930094116 0
endloop
endfacet
facet normal 1 0 0
outer loop
vertex 106.5 -6.5 0
vertex 106.5 32.83328930094116 0
vertex 106.5 33.35194970290474 0
endloop
endfacet
facet normal 1 0 0
outer loop
vertex 106.5 -6.5 0
vertex 106.5 33.35194970290474 0
vertex 106.5 33.9147290339516 0
endloop
endfacet
facet normal 1 0 0
outer loop
vertex 106.5 -6.5 0
vertex 106.5 33.9147290339516 0
vertex 106.5 34.49999999999996 0
endloop
endfacet
facet normal 1 0 0
outer loop
vertex 106.5 -6.5 0
vertex 106.5 34.49999999999996 0
vertex 106.5 35.08527096604833 0
endloop
endfacet
facet normal 1 0 0
outer loop
vertex 106.5 -6.5 0
vertex 106.5 35.08527096604833 0
vertex 106.5 35.64805029709526 0
endloop
endfacet
facet normal 1 0 0
outer loop
vertex 106.5 -6.5 0
vertex 106.5 35.64805029709526 0
vertex 106.5 36.166710699058775 0
endloop
endfacet
facet normal 1 0 0
outer loop
vertex 106.5 -6.5 0
vertex 106.5 36.166710699058775 0
vertex 106.5 36.621320343559724 0
endloop
endfacet
facet normal 1 0 0
outer loop
vertex 106.5 -6.5 0
vertex 106.5 36.621320343559724 0
vertex 106.5 36.99440883690762 0
endloop
endfacet
facet normal 1 0 0
outer loop
vertex 106.5 -6.5 0
vertex 106.5 36.99440883690762 0
vertex 106.5 37.271638597533865 0
endloop
endfacet
facet normal 1 0 0
outer loop
vertex 106.5 -6.5 0
vertex 106.5 37.271638597533865 0
vertex 106.5 37.4423558412097 0
endloop
endfacet
facet normal 1 0 0
outer loop
vertex 106.5 -6.5 0
vertex 106.5 37.4423558412097 0
vertex 106.5 37.5 0
endloop
endfacet
facet normal 1 0 0
outer loop
vertex 106.5 -6.5 0
vertex 106.5 37.5 0
vertex 106.5 37.5576441587903 0
endloop
endfacet
facet normal 1 0 0
outer loop
vertex 106.5 -6.5 0
vertex 106.5 37.5576441587903 0
vertex 106.5 37.72836140246614 0
endloop
endfacet
facet normal 1 0 0
outer loop
vertex 106.5 -6.5 0
vertex 106.5 37.72836140246614 0
vertex 106.5 37.99999999999997 0
endloop
endfacet
facet normal 1 0 0
outer loop
vertex 106.5 -6.5 0
vertex 106.5 37.99999999999997 0
vertex 106.5 38 5.45
endloop
endfacet
facet normal 1 0 0
outer loop
vertex 106.5 -6.5 0
vertex 106.5 38 5.45
vertex 106.50000000000018 -15.719025799999741 5.45
endloop
endfacet
facet normal 1 0 0
outer loop
vertex 106.5 -6.5 0
vertex 106.50000000000018 -15.719025799999741 5.45
vertex 106.5 -15.719025800000004 0
endloop
endfacet
facet normal -0.007326543852682675 -0.0006409895299350596 -0.9999729550780846
outer loop
vertex 106.46201938253027 38.43412044416732 5.450000000000002
vertex 106.47007711476148 38.342020143325705 5.45
vertex 106.48480775301219 38.17364817766696 5.45
endloop
endfacet
facet normal -0.007326543852682675 -0.0006409895299350596 -0.9999729550780846
outer loop
vertex 106.46201938253027 38.43412044416732 5.450000000000002
vertex 106.48480775301219 38.17364817766696 5.45
vertex 106.5 38 5.45
endloop
endfacet
facet normal -0.007326543852682675 -0.0006409895299350596 -0.9999729550780846
outer loop
vertex 106.46201938253027 38.43412044416732 5.450000000000002
vertex 106.5 38 5.45
vertex 106.5 37.99999999999997 0
endloop
endfacet
facet normal -0.007326543852682675 -0.0006409895299350596 -0.9999729550780846
outer loop
vertex 106.46201938253027 38.43412044416732 5.450000000000002
vertex 106.5 37.99999999999997 0
vertex 106.4995108366135 38.00559116309235 0
endloop
endfacet
facet normal -0.007326543852682675 -0.0006409895299350596 -0.9999729550780846
outer loop
vertex 106.46201938253027 38.43412044416732 5.450000000000002
vertex 106.4995108366135 38.00559116309235 0
vertex 106.46686982295357 38.37867965644036 0
endloop
endfacet
facet normal -0.007326543852682675 -0.0006409895299350596 -0.9999729550780846
outer loop
vertex 106.46201938253027 38.43412044416732 5.450000000000002
vertex 106.46686982295357 38.37867965644036 0
vertex 106.46201938253051 38.43412044416734 0
endloop
endfacet
facet normal 0 0 -1
outer loop
vertex 106.34923155196468 38.855050358314145 5.45
vertex 106.3730806150629 38.76604444311899 5.45
vertex 106.40610718404274 38.64278760968658 5.45
endloop
endfacet
facet normal 0 0 -1
outer loop
vertex 106.34923155196468 38.855050358314145 5.45
vertex 106.40610718404274 38.64278760968658 5.45
vertex 106.44436700874743 38.499999999999964 5.45
endloop
endfacet
facet normal 0 0 -1
outer loop
vertex 106.34923155196468 38.855050358314145 5.45
vertex 106.44436700874743 38.499999999999964 5.45
vertex 106.46201938253027 38.43412044416732 5.450000000000002
endloop
endfacet
facet normal 0 0 -1
outer loop
vertex 106.34923155196468 38.855050358314145 5.45
vertex 106.46201938253027 38.43412044416732 5.450000000000002
vertex 106.46201938253051 38.43412044416734 0
endloop
endfacet
facet normal 0 0 -1
outer loop
vertex 106.34923155196468 38.855050358314145 5.45
vertex 106.46201938253051 38.43412044416734 0
vertex 106.35506240971431 38.8332893009412 0
endloop
endfacet
facet normal 0 0 -1
outer loop
vertex 106.34923155196468 38.855050358314145 5.45
vertex 106.35506240971431 38.8332893009412 0
vertex 106.34923155196478 38.85505035831416 0
endloop
endfacet
facet normal -0.03307765163158418 -0.015424362269597276 0.9993337570657341
outer loop
vertex 106.1650635094611 39.25000000000002 5.450000000000002
vertex 106.28164042399986 39 5.45
vertex 106.28872468511486 38.9848077530122 5.45
endloop
endfacet
facet normal -0.03307765163158418 -0.015424362269597276 0.9993337570657341
outer loop
vertex 106.1650635094611 39.25000000000002 5.450000000000002
vertex 106.28872468511486 38.9848077530122 5.45
vertex 106.30976221677066 38.939692620785884 5.45
endloop
endfacet
facet normal -0.03307765163158418 -0.015424362269597276 0.9993337570657341
outer loop
vertex 106.1650635094611 39.25000000000002 5.450000000000002
vertex 106.30976221677066 38.939692620785884 5.45
vertex 106.3441138042134 38.86602540378443 5.45
endloop
endfacet
facet normal -0.03307765163158418 -0.015424362269597276 0.9993337570657341
outer loop
vertex 106.1650635094611 39.25000000000002 5.450000000000002
vertex 106.3441138042134 38.86602540378443 5.45
vertex 106.34923155196468 38.855050358314145 5.45
endloop
endfacet
facet normal -0.03307765163158418 -0.015424362269597276 0.9993337570657341
outer loop
vertex 106.1650635094611 39.25000000000002 5.450000000000002
vertex 106.34923155196468 38.855050358314145 5.45
vertex 106.34923155196478 38.85505035831416 0
endloop
endfacet
facet normal -0.03307765163158418 -0.015424362269597276 0.9993337570657341
outer loop
vertex 106.1650635094611 39.25000000000002 5.450000000000002
vertex 106.34923155196478 38.85505035831416 0
vertex 106.16506350946105 39.250000000000064 0
endloop
endfacet
facet normal 0.8191520442892947 0.5735764363506135 -4.0610892354066704e-15
outer loop
vertex 105.91511110779766 39.60696902421648 5.450000000000002
vertex 106.1650635094611 39.25000000000002 5.450000000000002
vertex 106.16506350946105 39.250000000000064 0
endloop
endfacet
facet normal 0.8191520442892947 0.5735764363506135 -4.0610892354066704e-15
outer loop
vertex 105.91511110779766 39.60696902421648 5.450000000000002
vertex 106.16506350946105 39.250000000000064 0
vertex 106.09367755896896 39.35194970290473 0
endloop
endfacet
facet normal 0.8191520442892947 0.5735764363506135 -4.0610892354066704e-15
outer loop
vertex 105.91511110779766 39.60696902421648 5.450000000000002
vertex 106.09367755896896 39.35194970290473 0
vertex 105.91511110779747 39.606969024216305 0
endloop
endfacet
facet normal 0.7071067811866372 0.7071067811864579 -4.7015142428887785e-14
outer loop
vertex 105.60696902421657 39.91511110779765 5.450000000000002
vertex 105.91511110779766 39.60696902421648 5.450000000000002
vertex 105.91511110779747 39.606969024216305 0
endloop
endfacet
facet normal 0.7071067811866372 0.7071067811864579 -4.7015142428887785e-14
outer loop
vertex 105.60696902421657 39.91511110779765 5.450000000000002
vertex 105.91511110779747 39.606969024216305 0
vertex 105.60735109806217 39.91472903395161 0
endloop
endfacet
facet normal 0.7071067811866372 0.7071067811864579 -4.7015142428887785e-14
outer loop
vertex 105.60696902421657 39.91511110779765 5.450000000000002
vertex 105.60735109806217 39.91472903395161 0
vertex 105.60696902421633 39.91511110779746 0
endloop
endfacet
facet normal 0.5735764363510599 0.8191520442889821 0
outer loop
vertex 105.24999999999935 40.16506350946015 5.45
vertex 105.60696902421657 39.91511110779765 5.450000000000002
vertex 105.60696902421633 39.91511110779746 0
endloop
endfacet
facet normal 0.5735764363510599 0.8191520442889821 0
outer loop
vertex 105.24999999999935 40.16506350946015 5.45
vertex 105.60696902421633 39.91511110779746 0
vertex 105.25000000000004 40.16506350946107 0
endloop
endfacet
facet normal 0.4226182617406946 0.9063077870366524 0
outer loop
vertex 104.8550503583142 40.34923155196493 5.45
vertex 105.24999999999935 40.16506350946015 5.45
vertex 105.25000000000004 40.16506350946107 0
endloop
endfacet
facet normal 0.4226182617406946 0.9063077870366524 0
outer loop
vertex 104.8550503583142 40.34923155196493 5.45
vertex 105.25000000000004 40.16506350946107 0
vertex 104.85505035831412 40.34923155196479 0
endloop
endfacet
facet normal 0.2588190451025196 0.9659258262890685 0
outer loop
vertex 104.43412044416732 40.46201938253051 5.449999999999998
vertex 104.8550503583142 40.34923155196493 5.45
vertex 104.85505035831412 40.34923155196479 0
endloop
endfacet
facet normal 0.2588190451025196 0.9659258262890685 0
outer loop
vertex 104.43412044416732 40.46201938253051 5.449999999999998
vertex 104.85505035831412 40.34923155196479 0
vertex 104.43412044416736 40.462019382530514 0
endloop
endfacet
facet normal 0.08715574274765456 0.996194698091746 0
outer loop
vertex 104.00000000000011 40.50000000000038 5.450000000000002
vertex 104.43412044416732 40.46201938253051 5.449999999999998
vertex 104.43412044416736 40.462019382530514 0
endloop
endfacet
facet normal 0.08715574274765456 0.996194698091746 0
outer loop
vertex 104.00000000000011 40.50000000000038 5.450000000000002
vertex 104.43412044416736 40.462019382530514 0
vertex 103.99999999999996 40.5 0
endloop
endfacet
facet normal 0 1 0
outer loop
vertex 104.00000000000011 40.50000000000038 5.450000000000002
vertex 103.99999999999996 40.5 0
vertex 84.5 40.5 0
endloop
endfacet
facet normal 0 1 0
outer loop
vertex 104.00000000000011 40.50000000000038 5.450000000000002
vertex 84.5 40.5 0
vertex 84.5 40.5 5.45
endloop
endfacet
facet normal 1 0 0
outer loop
vertex 84.5 41.08527096604839 0
vertex 84.5 41.64805029709526 0
vertex 84.5 42.1667106990588 0
endloop
endfacet
facet normal 1 0 0
outer loop
vertex 84.5 41.08527096604839 0
vertex 84.5 42.1667106990588 0
vertex 84.5 42.621320343559645 0
endloop
endfacet
facet normal 1 0 0
outer loop
vertex 84.5 41.08527096604839 0
vertex 84.5 42.621320343559645 0
vertex 84.5 42.99440883690764 0
endloop
endfacet
facet normal 1 0 0
outer loop
vertex 84.5 41.08527096604839 0
vertex 84.5 42.99440883690764 0
vertex 84.5 43.27163859753386 0
endloop
endfacet
facet normal 1 0 0
outer loop
vertex 84.5 41.08527096604839 0
vertex 84.5 43.27163859753386 0
vertex 84.5 43.442355841209675 0
endloop
endfacet
facet normal 1 0 0
outer loop
vertex 84.5 41.08527096604839 0
vertex 84.5 43.442355841209675 0
vertex 84.5 43.5 0
endloop
endfacet
facet normal 1 0 0
outer loop
vertex 84.5 41.08527096604839 0
vertex 84.5 43.5 0
vertex 84.5 43.55764415879032 0
endloop
endfacet
facet normal 1 0 0
outer loop
vertex 84.5 41.08527096604839 0
vertex 84.5 43.55764415879032 0
vertex 84.5 43.728361402466156 0
endloop
endfacet
facet normal 1 0 0
outer loop
vertex 84.5 41.08527096604839 0
vertex 84.5 43.728361402466156 0
vertex 84.5 44.00559116309233 0
endloop
endfacet
facet normal 1 0 0
outer loop
vertex 84.5 41.08527096604839 0
vertex 84.5 44.00559116309233 0
vertex 84.5 44.378679656440355 0
endloop
endfacet
facet normal 1 0 0
outer loop
vertex 84.5 41.08527096604839 0
vertex 84.5 44.378679656440355 0
vertex 84.5 44.833289300941196 0
endloop
endfacet
facet normal 1 0 0
outer loop
vertex 84.5 41.08527096604839 0
vertex 84.5 44.833289300941196 0
vertex 84.5 45.35194970290478 0
endloop
endfacet
facet normal 1 0 0
outer loop
vertex 84.5 41.08527096604839 0
vertex 84.5 45.35194970290478 0
vertex 84.5 45.91472903395164 0
endloop
endfacet
facet normal 1 0 0
outer loop
vertex 84.5 41.08527096604839 0
vertex 84.5 45.91472903395164 0
vertex 84.5 46.50000000000001 0
endloop
endfacet
facet normal 1 0 0
outer loop
vertex 84.5 41.08527096604839 0
vertex 84.5 46.50000000000001 0
vertex 84.5 47.0852709660483 0
endloop
endfacet
facet normal 1 0 0
outer loop
vertex 84.5 41.08527096604839 0
vertex 84.5 47.0852709660483 0
vertex 84.5 47.64805029709529 0
endloop
endfacet
facet normal 1 0 0
outer loop
vertex 84.5 41.08527096604839 0
vertex 84.5 47.64805029709529 0
vertex 84.5 48.16671069905887 0
endloop
endfacet
facet normal 1 0 0
outer loop
vertex 84.5 41.08527096604839 0
vertex 84.5 48.16671069905887 0
vertex 84.5 48.621320343559596 0
endloop
endfacet
facet normal 1 0 0
outer loop
vertex 84.5 41.08527096604839 0
vertex 84.5 48.621320343559596 0
vertex 84.5 48.99440883690767 0
endloop
endfacet
facet normal 1 0 0
outer loop
vertex 84.5 41.08527096604839 0
vertex 84.5 48.99440883690767 0
vertex 84.5 49.271638597533844 0
endloop
endfacet
facet normal 1 0 0
outer loop
vertex 84.5 41.08527096604839 0
vertex 84.5 49.271638597533844 0
vertex 84.5 49.44235584120968 0
endloop
endfacet
facet normal 1 0 0
outer loop
vertex 84.5 41.08527096604839 0
vertex 84.5 49.44235584120968 0
vertex 84.5 49.5 0
endloop
endfacet
facet normal 1 0 0
outer loop
vertex 84.5 41.08527096604839 0
vertex 84.5 49.5 0
vertex 84.5 50.000000000000114 0
endloop
endfacet
facet normal 1 0 0
outer loop
vertex 84.5 41.08527096604839 0
vertex 84.5 50.000000000000114 0
vertex 84.5 50 5.45
endloop
endfacet
facet normal 1 0 0
outer loop
vertex 84.5 41.08527096604839 0
vertex 84.5 50 5.45
vertex 84.5 40.5 5.45
endloop
endfacet
facet normal 1 0 0
outer loop
vertex 84.5 41.08527096604839 0
vertex 84.5 40.5 5.45
vertex 84.5 40.5 0
endloop
endfacet
facet normal 1 0 0
outer loop
vertex 84.5 40.5 5.45
vertex 84.5 50 5.45
vertex 84.5 50 6.449999999999999
endloop
endfacet
facet normal 1 0 0
outer loop
vertex 84.5 40.5 5.45
vertex 84.5 50 6.449999999999999
vertex 84.5 39 6.449999999999999
endloop
endfacet
facet normal 1 0 0
outer loop
vertex 84.5 40.5 5.45
vertex 84.5 39 6.449999999999999
vertex 84.5 39 5.45
endloop
endfacet
facet normal -0.008685840770522526 -0.0007599126006114141 -0.9999619886290422
outer loop
vertex 84.46201938253013 50.434120444167334 6.450000000000003
vertex 84.4700771147615 50.3420201433258 6.449999999999999
vertex 84.4848077530122 50.17364817766698 6.449999999999999
endloop
endfacet
facet normal -0.008685840770522526 -0.0007599126006114141 -0.9999619886290422
outer loop
vertex 84.46201938253013 50.434120444167334 6.450000000000003
vertex 84.4848077530122 50.17364817766698 6.449999999999999
vertex 84.5 50 6.449999999999999
endloop
endfacet
facet normal -0.008685840770522526 -0.0007599126006114141 -0.9999619886290422
outer loop
vertex 84.46201938253013 50.434120444167334 6.450000000000003
vertex 84.5 50 6.449999999999999
vertex 84.5 50 5.45
endloop
endfacet
facet normal -0.008685840770522526 -0.0007599126006114141 -0.9999619886290422
outer loop
vertex 84.46201938253013 50.434120444167334 6.450000000000003
vertex 84.5 50 5.45
vertex 84.5 50.000000000000114 0
endloop
endfacet
facet normal -0.008685840770522526 -0.0007599126006114141 -0.9999619886290422
outer loop
vertex 84.46201938253013 50.434120444167334 6.450000000000003
vertex 84.5 50.000000000000114 0
vertex 84.46201938253053 50.43412044416733 0
endloop
endfacet
facet normal 0 0 1
outer loop
vertex 84.34923155196503 50.855050358314244 6.449999999999999
vertex 84.37308061506292 50.76604444311898 6.449999999999999
vertex 84.40610718404275 50.642787609686565 6.449999999999999
endloop
endfacet
facet normal 0 0 1
outer loop
vertex 84.34923155196503 50.855050358314244 6.449999999999999
vertex 84.40610718404275 50.642787609686565 6.449999999999999
vertex 84.44436700874743 50.49999999999997 6.449999999999999
endloop
endfacet
facet normal 0 0 1
outer loop
vertex 84.34923155196503 50.855050358314244 6.449999999999999
vertex 84.44436700874743 50.49999999999997 6.449999999999999
vertex 84.46201938253013 50.434120444167334 6.450000000000003
endloop
endfacet
facet normal 0 0 1
outer loop
vertex 84.34923155196503 50.855050358314244 6.449999999999999
vertex 84.46201938253013 50.434120444167334 6.450000000000003
vertex 84.46201938253053 50.43412044416733 0
endloop
endfacet
facet normal 0 0 1
outer loop
vertex 84.34923155196503 50.855050358314244 6.449999999999999
vertex 84.46201938253053 50.43412044416733 0
vertex 84.34923155196482 50.85505035831408 0
endloop
endfacet
facet normal -0.07827640916706226 -0.03650088904745131 -0.996263262830993
outer loop
vertex 84.16506350946112 51.249999999999986 6.450000000000003
vertex 84.28164042399983 51 6.449999999999999
vertex 84.28872468511481 50.98480775301221 6.449999999999999
endloop
endfacet
facet normal -0.07827640916706226 -0.03650088904745131 -0.996263262830993
outer loop
vertex 84.16506350946112 51.249999999999986 6.450000000000003
vertex 84.28872468511481 50.98480775301221 6.449999999999999
vertex 84.30976221677064 50.939692620785884 6.449999999999999
endloop
endfacet
facet normal -0.07827640916706226 -0.03650088904745131 -0.996263262830993
outer loop
vertex 84.16506350946112 51.249999999999986 6.450000000000003
vertex 84.30976221677064 50.939692620785884 6.449999999999999
vertex 84.34411380421336 50.86602540378448 6.449999999999999
endloop
endfacet
facet normal -0.07827640916706226 -0.03650088904745131 -0.996263262830993
outer loop
vertex 84.16506350946112 51.249999999999986 6.450000000000003
vertex 84.34411380421336 50.86602540378448 6.449999999999999
vertex 84.34923155196503 50.855050358314244 6.449999999999999
endloop
endfacet
facet normal -0.07827640916706226 -0.03650088904745131 -0.996263262830993
outer loop
vertex 84.16506350946112 51.249999999999986 6.450000000000003
vertex 84.34923155196503 50.855050358314244 6.449999999999999
vertex 84.34923155196482 50.85505035831408 0
endloop
endfacet
facet normal -0.07827640916706226 -0.03650088904745131 -0.996263262830993
outer loop
vertex 84.16506350946112 51.249999999999986 6.450000000000003
vertex 84.34923155196482 50.85505035831408 0
vertex 84.16506350946112 51.24999999999993 0
endloop
endfacet
facet normal 0.8191520442889936 0.5735764363510437 0
outer loop
vertex 83.91511110779763 51.606969024216454 6.450000000000003
vertex 84.16506350946112 51.249999999999986 6.450000000000003
vertex 84.16506350946112 51.24999999999993 0
endloop
endfacet
facet normal 0.8191520442889936 0.5735764363510437 0
outer loop
vertex 83.91511110779763 51.606969024216454 6.450000000000003
vertex 84.16506350946112 51.24999999999993 0
vertex 83.91511110779736 51.60696902421643 0
endloop
endfacet
facet normal 0.7071067811865476 0.7071067811865476 0
outer loop
vertex 83.60696902421637 51.91511110779746 6.450000000000003
vertex 83.91511110779763 51.606969024216454 6.450000000000003
vertex 83.91511110779736 51.60696902421643 0
endloop
endfacet
facet normal 0.7071067811865476 0.7071067811865476 0
outer loop
vertex 83.60696902421637 51.91511110779746 6.450000000000003
vertex 83.91511110779736 51.60696902421643 0
vertex 83.6069690242164 51.9151111077974 0
endloop
endfacet
facet normal 0.5735764363510599 0.8191520442889821 0
outer loop
vertex 83.24999999999959 52.16506350946048 6.449999999999999
vertex 83.60696902421637 51.91511110779746 6.450000000000003
vertex 83.6069690242164 51.9151111077974 0
endloop
endfacet
facet normal 0.5735764363510599 0.8191520442889821 0
outer loop
vertex 83.24999999999959 52.16506350946048 6.449999999999999
vertex 83.6069690242164 51.9151111077974 0
vertex 83.24999999999991 52.16506350946115 0
endloop
endfacet
facet normal 0.4226182617406946 0.9063077870366524 0
outer loop
vertex 82.85505035831423 52.3492315519649 6.449999999999999
vertex 83.24999999999959 52.16506350946048 6.449999999999999
vertex 83.24999999999991 52.16506350946115 0
endloop
endfacet
facet normal 0.4226182617406946 0.9063077870366524 0
outer loop
vertex 82.85505035831423 52.3492315519649 6.449999999999999
vertex 83.24999999999991 52.16506350946115 0
vertex 82.85505035831429 52.34923155196473 0
endloop
endfacet
facet normal 0.25881904510251297 0.9659258262890704 0
outer loop
vertex 82.43412044416743 52.46201938253091 6.449999999999999
vertex 82.85505035831423 52.3492315519649 6.449999999999999
vertex 82.85505035831429 52.34923155196473 0
endloop
endfacet
facet normal 0.25881904510251297 0.9659258262890704 0
outer loop
vertex 82.43412044416743 52.46201938253091 6.449999999999999
vertex 82.85505035831429 52.34923155196473 0
vertex 82.4341204441673 52.462019382530514 0
endloop
endfacet
facet normal 0.08715574274765456 0.996194698091746 0
outer loop
vertex 82.00000000000007 52.500000000000284 6.450000000000003
vertex 82.43412044416743 52.46201938253091 6.449999999999999
vertex 82.4341204441673 52.462019382530514 0
endloop
endfacet
facet normal 0.08715574274765456 0.996194698091746 0
outer loop
vertex 82.00000000000007 52.500000000000284 6.450000000000003
vertex 82.4341204441673 52.462019382530514 0
vertex 81.99999999999991 52.50000022524196 0
endloop
endfacet
facet normal -1.5053951998033443e-16 -2.71470711515805e-9 -1
outer loop
vertex 7.1622841500000005 52.500004150000024 6.450000000000003
vertex 35.09990397555683 52.50000390945761 6.449999999999999
vertex 82.00000000000007 52.500000000000284 6.450000000000003
endloop
endfacet
facet normal -1.5053951998033443e-16 -2.71470711515805e-9 -1
outer loop
vertex 7.1622841500000005 52.500004150000024 6.450000000000003
vertex 82.00000000000007 52.500000000000284 6.450000000000003
vertex 81.99999999999991 52.50000022524196 0
endloop
endfacet
facet normal -1.5053951998033443e-16 -2.71470711515805e-9 -1
outer loop
vertex 7.1622841500000005 52.500004150000024 6.450000000000003
vertex 81.99999999999991 52.50000022524196 0
vertex 59.507760504368726 52.50000022524196 0
endloop
endfacet
facet normal -1.5053951998033443e-16 -2.71470711515805e-9 -1
outer loop
vertex 7.1622841500000005 52.500004150000024 6.450000000000003
vertex 59.507760504368726 52.50000022524196 0
vertex 7.162284150000083 52.500004149999995 0
endloop
endfacet
facet normal -0.05360584055402354 0.998562173256376 -5.08668788162147e-15
outer loop
vertex 6.894668545689706 52.485637734168705 6.449999999999999
vertex 7.1622841500000005 52.500004150000024 6.450000000000003
vertex 7.162284150000083 52.500004149999995 0
endloop
endfacet
facet normal -0.05360584055402354 0.998562173256376 -5.08668788162147e-15
outer loop
vertex 6.894668545689706 52.485637734168705 6.449999999999999
vertex 7.162284150000083 52.500004149999995 0
vertex 7.162211040151032 52.50000022524196 0
endloop
endfacet
facet normal -0.05360584055402354 0.998562173256376 -5.08668788162147e-15
outer loop
vertex 6.894668545689706 52.485637734168705 6.449999999999999
vertex 7.162211040151032 52.50000022524196 0
vertex 6.894668545689655 52.485637734168705 0
endloop
endfacet
facet normal -0.1601901837667228 0.9870861689968022 0
outer loop
vertex 6.630128521345544 52.44270661382246 6.449999999999999
vertex 6.894668545689706 52.485637734168705 6.449999999999999
vertex 6.894668545689655 52.485637734168705 0
endloop
endfacet
facet normal -0.1601901837667228 0.9870861689968022 0
outer loop
vertex 6.630128521345544 52.44270661382246 6.449999999999999
vertex 6.894668545689655 52.485637734168705 0
vertex 6.630128521345597 52.442706613822445 0
endloop
endfacet
facet normal -0.26492319162300515 0.9642695175832743 0
outer loop
vertex 6.371708300000028 52.371708299999895 6.449999999999999
vertex 6.630128521345544 52.44270661382246 6.449999999999999
vertex 6.630128521345597 52.442706613822445 0
endloop
endfacet
facet normal -0.26492319162300515 0.9642695175832743 0
outer loop
vertex 6.371708300000028 52.371708299999895 6.449999999999999
vertex 6.630128521345597 52.442706613822445 0
vertex 6.371708299999774 52.37170829999993 0
endloop
endfacet
facet normal 0 0 1
outer loop
vertex -10.790575000000025 46.650945400000055 6.449999999999999
vertex 2.1026247432391925 50.94868 6.449999999999999
vertex 2.1878251187219986 50.97708013409685 6.449999999999999
endloop
endfacet
facet normal 0 0 1
outer loop
vertex -10.790575000000025 46.650945400000055 6.449999999999999
vertex 2.1878251187219986 50.97708013409685 6.449999999999999
vertex 2.239342432165757 50.99425257731463 6.449999999999999
endloop
endfacet
facet normal 0 0 1
outer loop
vertex -10.790575000000025 46.650945400000055 6.449999999999999
vertex 2.239342432165757 50.99425257731463 6.449999999999999
vertex 2.256584694796694 51 6.449999999999999
endloop
endfacet
facet normal 0 0 1
outer loop
vertex -10.790575000000025 46.650945400000055 6.449999999999999
vertex 2.256584694796694 51 6.449999999999999
vertex 6.371708300000028 52.371708299999895 6.449999999999999
endloop
endfacet
facet normal 0 0 1
outer loop
vertex -10.790575000000025 46.650945400000055 6.449999999999999
vertex 6.371708300000028 52.371708299999895 6.449999999999999
vertex 6.371708299999774 52.37170829999993 0
endloop
endfacet
facet normal 0 0 1
outer loop
vertex -10.790575000000025 46.650945400000055 6.449999999999999
vertex 6.371708299999774 52.37170829999993 0
vertex -2.243413889308254 49.5 0
endloop
endfacet
facet normal 0 0 1
outer loop
vertex -10.790575000000025 46.650945400000055 6.449999999999999
vertex -2.243413889308254 49.5 0
vertex -2.416346311267151 49.44235584120968 0
endloop
endfacet
facet normal 0 0 1
outer loop
vertex -10.790575000000025 46.650945400000055 6.449999999999999
vertex -2.416346311267151 49.44235584120968 0
vertex -2.9284978811495272 49.271638597533844 0
endloop
endfacet
facet normal 0 0 1
outer loop
vertex -10.790575000000025 46.650945400000055 6.449999999999999
vertex -2.9284978811495272 49.271638597533844 0
vertex -3.760186901342553 48.99440883690767 0
endloop
endfacet
facet normal 0 0 1
outer loop
vertex -10.790575000000025 46.650945400000055 6.449999999999999
vertex -3.760186901342553 48.99440883690767 0
vertex -4.879452029217321 48.621320343559596 0
endloop
endfacet
facet normal 0 0 1
outer loop
vertex -10.790575000000025 46.650945400000055 6.449999999999999
vertex -4.879452029217321 48.621320343559596 0
vertex -6.2432805335997985 48.16671069905887 0
endloop
endfacet
facet normal 0 0 1
outer loop
vertex -10.790575000000025 46.650945400000055 6.449999999999999
vertex -6.2432805335997985 48.16671069905887 0
vertex -7.799261249911385 47.64805029709529 0
endloop
endfacet
facet normal 0 0 1
outer loop
vertex -10.790575000000025 46.650945400000055 6.449999999999999
vertex -7.799261249911385 47.64805029709529 0
vertex -9.487598711828026 47.0852709660483 0
endloop
endfacet
facet normal 0 0 1
outer loop
vertex -10.790575000000025 46.650945400000055 6.449999999999999
vertex -9.487598711828026 47.0852709660483 0
vertex -10.79057499999989 46.650945400000026 0
endloop
endfacet
facet normal -0.38925252782039693 0.9211310816520257 -1.2205643507088525e-14
outer loop
vertex -11.149750253091153 46.499164749036126 6.450000000000003
vertex -10.790575000000025 46.650945400000055 6.449999999999999
vertex -10.79057499999989 46.650945400000026 0
endloop
endfacet
facet normal -0.38925252782039693 0.9211310816520257 -1.2205643507088525e-14
outer loop
vertex -11.149750253091153 46.499164749036126 6.450000000000003
vertex -10.79057499999989 46.650945400000026 0
vertex -11.147773706842063 46.50000000000001 0
endloop
endfacet
facet normal -0.38925252782039693 0.9211310816520257 -1.2205643507088525e-14
outer loop
vertex -11.149750253091153 46.499164749036126 6.450000000000003
vertex -11.147773706842063 46.50000000000001 0
vertex -11.149750253091185 46.49916474903611 0
endloop
endfacet
facet normal -0.5277503905571244 0.8493995086334832 0
outer loop
vertex -11.480955322126217 46.293379835387 6.449999999999999
vertex -11.149750253091153 46.499164749036126 6.450000000000003
vertex -11.149750253091185 46.49916474903611 0
endloop
endfacet
facet normal -0.5277503905571244 0.8493995086334832 0
outer loop
vertex -11.480955322126217 46.293379835387 6.449999999999999
vertex -11.149750253091185 46.49916474903611 0
vertex -11.480955322126277 46.29337983538696 0
endloop
endfacet
facet normal -0.653409629143439 0.757004528746449 0
outer loop
vertex -11.776132956036811 46.03859680439976 6.449999999999999
vertex -11.480955322126217 46.293379835387 6.449999999999999
vertex -11.480955322126277 46.29337983538696 0
endloop
endfacet
facet normal -0.653409629143439 0.757004528746449 0
outer loop
vertex -11.776132956036811 46.03859680439976 6.449999999999999
vertex -11.480955322126277 46.29337983538696 0
vertex -11.776132956036918 46.038596804399845 0
endloop
endfacet
facet normal -0.7631733216622469 0.6461938417402419 2.1155713022685352e-14
outer loop
vertex -12.028102345927234 45.7410137823734 6.449999999999999
vertex -11.776132956036811 46.03859680439976 6.449999999999999
vertex -11.776132956036918 46.038596804399845 0
endloop
endfacet
facet normal -0.7631733216622469 0.6461938417402419 2.1155713022685352e-14
outer loop
vertex -12.028102345927234 45.7410137823734 6.449999999999999
vertex -11.776132956036918 46.038596804399845 0
vertex -11.881014230292216 45.91472903395164 0
endloop
endfacet
facet normal -0.7631733216622469 0.6461938417402419 2.1155713022685352e-14
outer loop
vertex -12.028102345927234 45.7410137823734 6.449999999999999
vertex -11.881014230292216 45.91472903395164 0
vertex -12.028102345927081 45.74101378237327 0
endloop
endfacet
facet normal -0.8543712383648282 0.5196631476783302 0
outer loop
vertex -12.230733813160409 45.40787009426411 6.450000000000003
vertex -12.028102345927234 45.7410137823734 6.449999999999999
vertex -12.028102345927081 45.74101378237327 0
endloop
endfacet
facet normal -0.8543712383648282 0.5196631476783302 0
outer loop
vertex -12.230733813160409 45.40787009426411 6.450000000000003
vertex -12.028102345927081 45.74101378237327 0
vertex -12.230733813160533 45.4078700942642 0
endloop
endfacet
facet normal 0 0 1
outer loop
vertex -12.379097926522732 45.04727015207567 6.449999999999999
vertex -12.363616427395298 45.08489803636448 6.449999999999999
vertex -12.32974979372061 45.167211109711495 6.449999999999999
endloop
endfacet
facet normal 0 0 1
outer loop
vertex -12.379097926522732 45.04727015207567 6.449999999999999
vertex -12.32974979372061 45.167211109711495 6.449999999999999
vertex -12.304770230720594 45.22792410000004 6.449999999999999
endloop
endfacet
facet normal 0 0 1
outer loop
vertex -12.379097926522732 45.04727015207567 6.449999999999999
vertex -12.304770230720594 45.22792410000004 6.449999999999999
vertex -12.230733813160409 45.40787009426411 6.450000000000003
endloop
endfacet
facet normal 0 0 1
outer loop
vertex -12.379097926522732 45.04727015207567 6.449999999999999
vertex -12.230733813160409 45.40787009426411 6.450000000000003
vertex -12.230733813160533 45.4078700942642 0
endloop
endfacet
facet normal 0 0 1
outer loop
vertex -12.379097926522732 45.04727015207567 6.449999999999999
vertex -12.230733813160533 45.4078700942642 0
vertex -12.253741524233723 45.35194970290478 0
endloop
endfacet
facet normal 0 0 1
outer loop
vertex -12.379097926522732 45.04727015207567 6.449999999999999
vertex -12.253741524233723 45.35194970290478 0
vertex -12.379097926522356 45.04727015207553 0
endloop
endfacet
facet normal 0.03882323998635447 -0.009262239014267037 0.9992031660104989
outer loop
vertex -12.469585420869539 44.667986298205015 6.450000000000003
vertex -12.454624862617356 44.730694390973525 6.449999999999999
vertex -12.422832944367059 44.86395215618091 6.449999999999999
endloop
endfacet
facet normal 0.03882323998635447 -0.009262239014267037 0.9992031660104989
outer loop
vertex -12.469585420869539 44.667986298205015 6.450000000000003
vertex -12.422832944367059 44.86395215618091 6.449999999999999
vertex -12.394434660912475 44.98298529407116 6.449999999999999
endloop
endfacet
facet normal 0.03882323998635447 -0.009262239014267037 0.9992031660104989
outer loop
vertex -12.469585420869539 44.667986298205015 6.450000000000003
vertex -12.394434660912475 44.98298529407116 6.449999999999999
vertex -12.379097926522732 45.04727015207567 6.449999999999999
endloop
endfacet
facet normal 0.03882323998635447 -0.009262239014267037 0.9992031660104989
outer loop
vertex -12.469585420869539 44.667986298205015 6.450000000000003
vertex -12.379097926522732 45.04727015207567 6.449999999999999
vertex -12.379097926522356 45.04727015207553 0
endloop
endfacet
facet normal 0.03882323998635447 -0.009262239014267037 0.9992031660104989
outer loop
vertex -12.469585420869539 44.667986298205015 6.450000000000003
vertex -12.379097926522356 45.04727015207553 0
vertex -12.430148322841136 44.833289300941196 0
endloop
endfacet
facet normal 0.03882323998635447 -0.009262239014267037 0.9992031660104989
outer loop
vertex -12.469585420869539 44.667986298205015 6.450000000000003
vertex -12.430148322841136 44.833289300941196 0
vertex -12.469585420869464 44.66798629820496 0
endloop
endfacet
facet normal 0.0064140837915862255 -0.0005018235836296521 0.999979303636933
outer loop
vertex -12.50000000000055 44.27924080000006 6.450000000000003
vertex -12.487834134757621 44.43473942861639 6.449999999999999
vertex -12.47596434016313 44.58645381510917 6.449999999999999
endloop
endfacet
facet normal 0.0064140837915862255 -0.0005018235836296521 0.999979303636933
outer loop
vertex -12.50000000000055 44.27924080000006 6.450000000000003
vertex -12.47596434016313 44.58645381510917 6.449999999999999
vertex -12.469585420869539 44.667986298205015 6.450000000000003
endloop
endfacet
facet normal 0.0064140837915862255 -0.0005018235836296521 0.999979303636933
outer loop
vertex -12.50000000000055 44.27924080000006 6.450000000000003
vertex -12.469585420869539 44.667986298205015 6.450000000000003
vertex -12.469585420869464 44.66798629820496 0
endloop
endfacet
facet normal 0.0064140837915862255 -0.0005018235836296521 0.999979303636933
outer loop
vertex -12.50000000000055 44.27924080000006 6.450000000000003
vertex -12.469585420869464 44.66798629820496 0
vertex -12.492220126067515 44.378679656440355 0
endloop
endfacet
facet normal 0.0064140837915862255 -0.0005018235836296521 0.999979303636933
outer loop
vertex -12.50000000000055 44.27924080000006 6.450000000000003
vertex -12.492220126067515 44.378679656440355 0
vertex -12.5 44.27924079999999 0
endloop
endfacet
facet normal -1 0 -8.537528995567091e-14
outer loop
vertex -12.50000000000055 44.27924080000006 6.450000000000003
vertex -12.5 44.27924079999999 0
vertex -12.5 44.00559116309233 0
endloop
endfacet
facet normal -1 0 -8.537528995567091e-14
outer loop
vertex -12.50000000000055 44.27924080000006 6.450000000000003
vertex -12.5 44.00559116309233 0
vertex -12.5 43.728361402466156 0
endloop
endfacet
facet normal -1 0 -8.537528995567091e-14
outer loop
vertex -12.50000000000055 44.27924080000006 6.450000000000003
vertex -12.5 43.728361402466156 0
vertex -12.5 43.55764415879032 0
endloop
endfacet
facet normal -1 0 -8.537528995567091e-14
outer loop
vertex -12.50000000000055 44.27924080000006 6.450000000000003
vertex -12.5 43.55764415879032 0
vertex -12.5 43.5 0
endloop
endfacet
facet normal -1 0 -8.537528995567091e-14
outer loop
vertex -12.50000000000055 44.27924080000006 6.450000000000003
vertex -12.5 43.5 0
vertex -12.5 43.442355841209675 0
endloop
endfacet
facet normal -1 0 -8.537528995567091e-14
outer loop
vertex -12.50000000000055 44.27924080000006 6.450000000000003
vertex -12.5 43.442355841209675 0
vertex -12.5 43.27163859753386 0
endloop
endfacet
facet normal -1 0 -8.537528995567091e-14
outer loop
vertex -12.50000000000055 44.27924080000006 6.450000000000003
vertex -12.5 43.27163859753386 0
vertex -12.5 42.99440883690764 0
endloop
endfacet
facet normal -1 0 -8.537528995567091e-14
outer loop
vertex -12.50000000000055 44.27924080000006 6.450000000000003
vertex -12.5 42.99440883690764 0
vertex -12.5 42.621320343559645 0
endloop
endfacet
facet normal -1 0 -8.537528995567091e-14
outer loop
vertex -12.50000000000055 44.27924080000006 6.450000000000003
vertex -12.5 42.621320343559645 0
vertex -12.5 42.1667106990588 0
endloop
endfacet
facet normal -1 0 -8.537528995567091e-14
outer loop
vertex -12.50000000000055 44.27924080000006 6.450000000000003
vertex -12.5 42.1667106990588 0
vertex -12.5 41.64805029709526 0
endloop
endfacet
facet normal -1 0 -8.537528995567091e-14
outer loop
vertex -12.50000000000055 44.27924080000006 6.450000000000003
vertex -12.5 41.64805029709526 0
vertex -12.5 41.08527096604839 0
endloop
endfacet
facet normal -1 0 -8.537528995567091e-14
outer loop
vertex -12.50000000000055 44.27924080000006 6.450000000000003
vertex -12.5 41.08527096604839 0
vertex -12.5 40.5 0
endloop
endfacet
facet normal -1 0 -8.537528995567091e-14
outer loop
vertex -12.50000000000055 44.27924080000006 6.450000000000003
vertex -12.5 40.5 0
vertex -12.5 39.91472903395161 0
endloop
endfacet
facet normal -1 0 -8.537528995567091e-14
outer loop
vertex -12.50000000000055 44.27924080000006 6.450000000000003
vertex -12.5 39.91472903395161 0
vertex -12.5 39.35194970290473 0
endloop
endfacet
facet normal -1 0 -8.537528995567091e-14
outer loop
vertex -12.50000000000055 44.27924080000006 6.450000000000003
vertex -12.5 39.35194970290473 0
vertex -12.5 38.8332893009412 0
endloop
endfacet
facet normal -1 0 -8.537528995567091e-14
outer loop
vertex -12.50000000000055 44.27924080000006 6.450000000000003
vertex -12.5 38.8332893009412 0
vertex -12.5 38.37867965644036 0
endloop
endfacet
facet normal -1 0 -8.537528995567091e-14
outer loop
vertex -12.50000000000055 44.27924080000006 6.450000000000003
vertex -12.5 38.37867965644036 0
vertex -12.5 38.00559116309235 0
endloop
endfacet
facet normal -1 0 -8.537528995567091e-14
outer loop
vertex -12.50000000000055 44.27924080000006 6.450000000000003
vertex -12.5 38.00559116309235 0
vertex -12.5 37.72836140246614 0
endloop
endfacet
facet normal -1 0 -8.537528995567091e-14
outer loop
vertex -12.50000000000055 44.27924080000006 6.450000000000003
vertex -12.5 37.72836140246614 0
vertex -12.5 37.5576441587903 0
endloop
endfacet
facet normal -1 0 -8.537528995567091e-14
outer loop
vertex -12.50000000000055 44.27924080000006 6.450000000000003
vertex -12.5 37.5576441587903 0
vertex -12.5 37.5 0
endloop
endfacet
facet normal -1 0 -8.537528995567091e-14
outer loop
vertex -12.50000000000055 44.27924080000006 6.450000000000003
vertex -12.5 37.5 0
vertex -12.5 37.4423558412097 0
endloop
endfacet
facet normal -1 0 -8.537528995567091e-14
outer loop
vertex -12.50000000000055 44.27924080000006 6.450000000000003
vertex -12.5 37.4423558412097 0
vertex -12.5 37.271638597533865 0
endloop
endfacet
facet normal -1 0 -8.537528995567091e-14
outer loop
vertex -12.50000000000055 44.27924080000006 6.450000000000003
vertex -12.5 37.271638597533865 0
vertex -12.5 36.99440883690762 0
endloop
endfacet
facet normal -1 0 -8.537528995567091e-14
outer loop
vertex -12.50000000000055 44.27924080000006 6.450000000000003
vertex -12.5 36.99440883690762 0
vertex -12.5 36.621320343559724 0
endloop
endfacet
facet normal -1 0 -8.537528995567091e-14
outer loop
vertex -12.50000000000055 44.27924080000006 6.450000000000003
vertex -12.5 36.621320343559724 0
vertex -12.5 36.166710699058775 0
endloop
endfacet
facet normal -1 0 -8.537528995567091e-14
outer loop
vertex -12.50000000000055 44.27924080000006 6.450000000000003
vertex -12.5 36.166710699058775 0
vertex -12.5 35.64805029709526 0
endloop
endfacet
facet normal -1 0 -8.537528995567091e-14
outer loop
vertex -12.50000000000055 44.27924080000006 6.450000000000003
vertex -12.5 35.64805029709526 0
vertex -12.5 35.08527096604833 0
endloop
endfacet
facet normal -1 0 -8.537528995567091e-14
outer loop
vertex -12.50000000000055 44.27924080000006 6.450000000000003
vertex -12.5 35.08527096604833 0
vertex -12.5 34.49999999999996 0
endloop
endfacet
facet normal -1 0 -8.537528995567091e-14
outer loop
vertex -12.50000000000055 44.27924080000006 6.450000000000003
vertex -12.5 34.49999999999996 0
vertex -12.5 33.9147290339516 0
endloop
endfacet
facet normal -1 0 -8.537528995567091e-14
outer loop
vertex -12.50000000000055 44.27924080000006 6.450000000000003
vertex -12.5 33.9147290339516 0
vertex -12.5 33.35194970290474 0
endloop
endfacet
facet normal -1 0 -8.537528995567091e-14
outer loop
vertex -12.50000000000055 44.27924080000006 6.450000000000003
vertex -12.5 33.35194970290474 0
vertex -12.5 32.83328930094116 0
endloop
endfacet
facet normal -1 0 -8.537528995567091e-14
outer loop
vertex -12.50000000000055 44.27924080000006 6.450000000000003
vertex -12.5 32.83328930094116 0
vertex -12.5 32.378679656440376 0
endloop
endfacet
facet normal -1 0 -8.537528995567091e-14
outer loop
vertex -12.50000000000055 44.27924080000006 6.450000000000003
vertex -12.5 32.378679656440376 0
vertex -12.5 32.005591163092305 0
endloop
endfacet
facet normal -1 0 -8.537528995567091e-14
outer loop
vertex -12.50000000000055 44.27924080000006 6.450000000000003
vertex -12.5 32.005591163092305 0
vertex -12.5 31.72836140246616 0
endloop
endfacet
facet normal -1 0 -8.537528995567091e-14
outer loop
vertex -12.50000000000055 44.27924080000006 6.450000000000003
vertex -12.5 31.72836140246616 0
vertex -12.5 31.55764415879031 0
endloop
endfacet
facet normal -1 0 -8.537528995567091e-14
outer loop
vertex -12.50000000000055 44.27924080000006 6.450000000000003
vertex -12.5 31.55764415879031 0
vertex -12.5 31.499999999999996 0
endloop
endfacet
facet normal -1 0 -8.537528995567091e-14
outer loop
vertex -12.50000000000055 44.27924080000006 6.450000000000003
vertex -12.5 31.499999999999996 0
vertex -12.5 -3.5 0
endloop
endfacet
facet normal -1 0 -8.537528995567091e-14
outer loop
vertex -12.50000000000055 44.27924080000006 6.450000000000003
vertex -12.5 -3.5 0
vertex -12.5 -3.5576441587903087 0
endloop
endfacet
facet normal -1 0 -8.537528995567091e-14
outer loop
vertex -12.50000000000055 44.27924080000006 6.450000000000003
vertex -12.5 -3.5576441587903087 0
vertex -12.5 -3.7283614024661382 0
endloop
endfacet
facet normal -1 0 -8.537528995567091e-14
outer loop
vertex -12.50000000000055 44.27924080000006 6.450000000000003
vertex -12.5 -3.7283614024661382 0
vertex -12.5 -4.005591163092365 0
endloop
endfacet
facet normal -1 0 -8.537528995567091e-14
outer loop
vertex -12.50000000000055 44.27924080000006 6.450000000000003
vertex -12.5 -4.005591163092365 0
vertex -12.5 -4.378679656440362 0
endloop
endfacet
facet normal -1 0 -8.537528995567091e-14
outer loop
vertex -12.50000000000055 44.27924080000006 6.450000000000003
vertex -12.5 -4.378679656440362 0
vertex -12.5 -4.833289300941196 0
endloop
endfacet
facet normal -1 0 -8.537528995567091e-14
outer loop
vertex -12.50000000000055 44.27924080000006 6.450000000000003
vertex -12.5 -4.833289300941196 0
vertex -12.5 -5.351949702904731 0
endloop
endfacet
facet normal -1 0 -8.537528995567091e-14
outer loop
vertex -12.50000000000055 44.27924080000006 6.450000000000003
vertex -12.5 -5.351949702904731 0
vertex -12.5 -5.914729033951618 0
endloop
endfacet
facet normal -1 0 -8.537528995567091e-14
outer loop
vertex -12.50000000000055 44.27924080000006 6.450000000000003
vertex -12.5 -5.914729033951618 0
vertex -12.5 -6.5 0
endloop
endfacet
facet normal -1 0 -8.537528995567091e-14
outer loop
vertex -12.50000000000055 44.27924080000006 6.450000000000003
vertex -12.5 -6.5 0
vertex -12.5 -7.085270966048389 0
endloop
endfacet
facet normal -1 0 -8.537528995567091e-14
outer loop
vertex -12.50000000000055 44.27924080000006 6.450000000000003
vertex -12.5 -7.085270966048389 0
vertex -12.5 -7.648050297095269 0
endloop
endfacet
facet normal -1 0 -8.537528995567091e-14
outer loop
vertex -12.50000000000055 44.27924080000006 6.450000000000003
vertex -12.5 -7.648050297095269 0
vertex -12.5 -8.166710699058802 0
endloop
endfacet
facet normal -1 0 -8.537528995567091e-14
outer loop
vertex -12.50000000000055 44.27924080000006 6.450000000000003
vertex -12.5 -8.166710699058802 0
vertex -12.5 -8.621320343559644 0
endloop
endfacet
facet normal -1 0 -8.537528995567091e-14
outer loop
vertex -12.50000000000055 44.27924080000006 6.450000000000003
vertex -12.5 -8.621320343559644 0
vertex -12.5 -8.994408836907638 0
endloop
endfacet
facet normal -1 0 -8.537528995567091e-14
outer loop
vertex -12.50000000000055 44.27924080000006 6.450000000000003
vertex -12.5 -8.994408836907638 0
vertex -12.5 -9.271638597533865 0
endloop
endfacet
facet normal -1 0 -8.537528995567091e-14
outer loop
vertex -12.50000000000055 44.27924080000006 6.450000000000003
vertex -12.5 -9.271638597533865 0
vertex -12.5 -9.44235584120969 0
endloop
endfacet
facet normal -1 0 -8.537528995567091e-14
outer loop
vertex -12.50000000000055 44.27924080000006 6.450000000000003
vertex -12.5 -9.44235584120969 0
vertex -12.5 -9.5 0
endloop
endfacet
facet normal -1 0 -8.537528995567091e-14
outer loop
vertex -12.50000000000055 44.27924080000006 6.450000000000003
vertex -12.5 -9.5 0
vertex -12.5 -9.999999999999979 0
endloop
endfacet
facet normal -1 0 -8.537528995567091e-14
outer loop
vertex -12.50000000000055 44.27924080000006 6.450000000000003
vertex -12.5 -9.999999999999979 0
vertex -12.500000000000089 -10.000000000000018 6.450000000000003
endloop
endfacet
facet normal -0.9951847266721969 0.09801714032955997 0
outer loop
vertex 81.94235584120946 45.91472903395164 1
vertex 81.99999999999977 46.50000000000003 1
vertex 82 46.50000000000001 0
endloop
endfacet
facet normal -0.9951847266721969 0.09801714032955997 0
outer loop
vertex 81.94235584120946 45.91472903395164 1
vertex 82 46.50000000000001 0
vertex 81.9423558412097 45.91472903395164 0
endloop
endfacet
facet normal -0.9951847266721984 -0.09801714032954582 0
outer loop
vertex 81.99999999999977 46.50000000000003 1
vertex 81.94235584121036 47.085270966048455 1
vertex 81.9423558412097 47.0852709660483 0
endloop
endfacet
facet normal -0.9951847266721984 -0.09801714032954582 0
outer loop
vertex 81.99999999999977 46.50000000000003 1
vertex 81.9423558412097 47.0852709660483 0
vertex 82 46.50000000000001 0
endloop
endfacet
facet normal -0.9569403357322133 -0.2902846772544479 0
outer loop
vertex 81.94235584121036 47.085270966048455 1
vertex 81.77163859753396 47.648050297095295 1
vertex 81.77163859753385 47.64805029709529 0
endloop
endfacet
facet normal -0.9569403357322133 -0.2902846772544479 0
outer loop
vertex 81.94235584121036 47.085270966048455 1
vertex 81.77163859753385 47.64805029709529 0
vertex 81.9423558412097 47.0852709660483 0
endloop
endfacet
facet normal -0.8819212643483568 -0.4713967368259944 0
outer loop
vertex 81.77163859753396 47.648050297095295 1
vertex 81.49440883690774 48.16671069905886 1.0000000000000004
vertex 81.4944088369076 48.16671069905887 0
endloop
endfacet
facet normal -0.8819212643483568 -0.4713967368259944 0
outer loop
vertex 81.77163859753396 47.648050297095295 1
vertex 81.4944088369076 48.16671069905887 0
vertex 81.77163859753385 47.64805029709529 0
endloop
endfacet
facet normal -0.7730104533627347 -0.6343932841636484 0
outer loop
vertex 81.49440883690774 48.16671069905886 1.0000000000000004
vertex 81.12132034355956 48.621320343559574 1
vertex 81.12132034355969 48.621320343559596 0
endloop
endfacet
facet normal -0.7730104533627347 -0.6343932841636484 0
outer loop
vertex 81.49440883690774 48.16671069905886 1.0000000000000004
vertex 81.12132034355969 48.621320343559596 0
vertex 81.4944088369076 48.16671069905887 0
endloop
endfacet
facet normal -0.6343932841636484 -0.7730104533627347 0
outer loop
vertex 81.12132034355956 48.621320343559574 1
vertex 80.66671069905868 48.99440883690747 1
vertex 80.66671069905877 48.99440883690767 0
endloop
endfacet
facet normal -0.6343932841636484 -0.7730104533627347 0
outer loop
vertex 81.12132034355956 48.621320343559574 1
vertex 80.66671069905877 48.99440883690767 0
vertex 81.12132034355969 48.621320343559596 0
endloop
endfacet
facet normal -0.4713967368259664 -0.8819212643483717 0
outer loop
vertex 80.66671069905868 48.99440883690747 1
vertex 80.1480502970957 49.27163859753463 1
vertex 80.14805029709531 49.271638597533844 0
endloop
endfacet
facet normal -0.4713967368259664 -0.8819212643483717 0
outer loop
vertex 80.66671069905868 48.99440883690747 1
vertex 80.14805029709531 49.271638597533844 0
vertex 80.66671069905877 48.99440883690767 0
endloop
endfacet
facet normal -0.2902846772544619 -0.956940335732209 0
outer loop
vertex 80.1480502970957 49.27163859753463 1
vertex 79.58527096604843 49.44235584120978 1
vertex 79.5852709660484 49.44235584120968 0
endloop
endfacet
facet normal -0.2902846772544619 -0.956940335732209 0
outer loop
vertex 80.1480502970957 49.27163859753463 1
vertex 79.5852709660484 49.44235584120968 0
vertex 80.14805029709531 49.271638597533844 0
endloop
endfacet
facet normal -0.0980171403295671 -0.9951847266721963 0
outer loop
vertex 79.58527096604843 49.44235584120978 1
vertex 78.99999999999999 49.4999999999998 1
vertex 78.99999999999999 49.5 0
endloop
endfacet
facet normal -0.0980171403295671 -0.9951847266721963 0
outer loop
vertex 79.58527096604843 49.44235584120978 1
vertex 78.99999999999999 49.5 0
vertex 79.5852709660484 49.44235584120968 0
endloop
endfacet
facet normal 0.0980171403295671 -0.9951847266721963 0
outer loop
vertex 78.99999999999999 49.4999999999998 1
vertex 78.4147290339516 49.442355841209945 1
vertex 78.41472903395155 49.44235584120968 0
endloop
endfacet
facet normal 0.0980171403295671 -0.9951847266721963 0
outer loop
vertex 78.99999999999999 49.4999999999998 1
vertex 78.41472903395155 49.44235584120968 0
vertex 78.99999999999999 49.5 0
endloop
endfacet
facet normal 0.29028467725446194 -0.956940335732209 0
outer loop
vertex 78.4147290339516 49.442355841209945 1
vertex 77.8519497029048 49.27163859753365 1.0000000000000004
vertex 77.85194970290472 49.271638597533844 0
endloop
endfacet
facet normal 0.29028467725446194 -0.956940335732209 0
outer loop
vertex 78.4147290339516 49.442355841209945 1
vertex 77.85194970290472 49.271638597533844 0
vertex 78.41472903395155 49.44235584120968 0
endloop
endfacet
facet normal 0.47139673682598904 -0.8819212643483598 0
outer loop
vertex 77.8519497029048 49.27163859753365 1.0000000000000004
vertex 77.33328930094119 48.9944088369077 1.0000000000000004
vertex 77.33328930094126 48.99440883690767 0
endloop
endfacet
facet normal 0.47139673682598904 -0.8819212643483598 0
outer loop
vertex 77.8519497029048 49.27163859753365 1.0000000000000004
vertex 77.33328930094126 48.99440883690767 0
vertex 77.85194970290472 49.271638597533844 0
endloop
endfacet
facet normal 0.6343932841636486 -0.7730104533627344 0
outer loop
vertex 77.33328930094119 48.9944088369077 1.0000000000000004
vertex 76.87867965644013 48.62132034355991 1
vertex 76.87867965644027 48.621320343559596 0
endloop
endfacet
facet normal 0.6343932841636486 -0.7730104533627344 0
outer loop
vertex 77.33328930094119 48.9944088369077 1.0000000000000004
vertex 76.87867965644027 48.621320343559596 0
vertex 77.33328930094126 48.99440883690767 0
endloop
endfacet
facet normal 0.7730104533627445 -0.6343932841636364 0
outer loop
vertex 76.87867965644013 48.62132034355991 1
vertex 76.50559116309212 48.16671069905901 1.0000000000000004
vertex 76.50559116309242 48.16671069905887 0
endloop
endfacet
facet normal 0.7730104533627445 -0.6343932841636364 0
outer loop
vertex 76.87867965644013 48.62132034355991 1
vertex 76.50559116309242 48.16671069905887 0
vertex 76.87867965644027 48.621320343559596 0
endloop
endfacet
facet normal 0.881921264348353 -0.4713967368260014 0
outer loop
vertex 76.50559116309212 48.16671069905901 1.0000000000000004
vertex 76.22836140246615 47.64805029709528 1
vertex 76.22836140246615 47.64805029709529 0
endloop
endfacet
facet normal 0.881921264348353 -0.4713967368260014 0
outer loop
vertex 76.50559116309212 48.16671069905901 1.0000000000000004
vertex 76.22836140246615 47.64805029709529 0
vertex 76.50559116309242 48.16671069905887 0
endloop
endfacet
facet normal 0.956940335732211 -0.29028467725445545 0
outer loop
vertex 76.22836140246615 47.64805029709528 1
vertex 76.05764415879052 47.08527096604833 1.0000000000000004
vertex 76.05764415879028 47.0852709660483 0
endloop
endfacet
facet normal 0.956940335732211 -0.29028467725445545 0
outer loop
vertex 76.22836140246615 47.64805029709528 1
vertex 76.05764415879028 47.0852709660483 0
vertex 76.22836140246615 47.64805029709529 0
endloop
endfacet
facet normal 0.9951847266721969 -0.09801714032955997 0
outer loop
vertex 76.05764415879052 47.08527096604833 1.0000000000000004
vertex 75.99999999999976 46.50000000000003 1
vertex 76.00000000000001 46.50000000000001 0
endloop
endfacet
facet normal 0.9951847266721969 -0.09801714032955997 0
outer loop
vertex 76.05764415879052 47.08527096604833 1.0000000000000004
vertex 76.00000000000001 46.50000000000001 0
vertex 76.05764415879028 47.0852709660483 0
endloop
endfacet
facet normal 0.9951847266721956 0.09801714032957423 0
outer loop
vertex 75.99999999999976 46.50000000000003 1
vertex 76.0576441587899 45.91472903395158 1
vertex 76.05764415879031 45.91472903395164 0
endloop
endfacet
facet normal 0.9951847266721956 0.09801714032957423 0
outer loop
vertex 75.99999999999976 46.50000000000003 1
vertex 76.05764415879031 45.91472903395164 0
vertex 76.00000000000001 46.50000000000001 0
endloop
endfacet
facet normal 0.9569403357322133 0.2902846772544479 0
outer loop
vertex 76.0576441587899 45.91472903395158 1
vertex 76.22836140246628 45.351949702904776 1
vertex 76.22836140246612 45.35194970290478 0
endloop
endfacet
facet normal 0.9569403357322133 0.2902846772544479 0
outer loop
vertex 76.0576441587899 45.91472903395158 1
vertex 76.22836140246612 45.35194970290478 0
vertex 76.05764415879031 45.91472903395164 0
endloop
endfacet
facet normal 0.8819212643483568 0.4713967368259944 0
outer loop
vertex 76.22836140246628 45.351949702904776 1
vertex 76.50559116309245 44.83328930094123 1.0000000000000004
vertex 76.50559116309238 44.833289300941196 0
endloop
endfacet
facet normal 0.8819212643483568 0.4713967368259944 0
outer loop
vertex 76.22836140246628 45.351949702904776 1
vertex 76.50559116309238 44.833289300941196 0
vertex 76.22836140246612 45.35194970290478 0
endloop
endfacet
facet normal 0.7730104533627543 0.6343932841636244 0
outer loop
vertex 76.50559116309245 44.83328930094123 1.0000000000000004
vertex 76.87867965644034 44.37867965644034 1
vertex 76.87867965644037 44.378679656440355 0
endloop
endfacet
facet normal 0.7730104533627543 0.6343932841636244 0
outer loop
vertex 76.50559116309245 44.83328930094123 1.0000000000000004
vertex 76.87867965644037 44.378679656440355 0
vertex 76.50559116309238 44.833289300941196 0
endloop
endfacet
facet normal 0.6343932841636406 0.7730104533627411 0
outer loop
vertex 76.87867965644034 44.37867965644034 1
vertex 77.33328930094129 44.005591163092475 1.0000000000000004
vertex 77.33328930094123 44.00559116309233 0
endloop
endfacet
facet normal 0.6343932841636406 0.7730104533627411 0
outer loop
vertex 76.87867965644034 44.37867965644034 1
vertex 77.33328930094123 44.00559116309233 0
vertex 76.87867965644037 44.378679656440355 0
endloop
endfacet
facet normal 0.47139673682598043 0.8819212643483644 0
outer loop
vertex 77.33328930094129 44.005591163092475 1.0000000000000004
vertex 77.85194970290496 43.72836140246654 1.0000000000000004
vertex 77.85194970290469 43.728361402466156 0
endloop
endfacet
facet normal 0.47139673682598043 0.8819212643483644 0
outer loop
vertex 77.33328930094129 44.005591163092475 1.0000000000000004
vertex 77.85194970290469 43.728361402466156 0
vertex 77.33328930094123 44.00559116309233 0
endloop
endfacet
facet normal 0.2902846772544619 0.956940335732209 0
outer loop
vertex 77.85194970290496 43.72836140246654 1.0000000000000004
vertex 78.41472903395166 43.557644158790396 1
vertex 78.41472903395159 43.55764415879032 0
endloop
endfacet
facet normal 0.2902846772544619 0.956940335732209 0
outer loop
vertex 77.85194970290496 43.72836140246654 1.0000000000000004
vertex 78.41472903395159 43.55764415879032 0
vertex 77.85194970290469 43.728361402466156 0
endloop
endfacet
facet normal 0.0980171403295671 0.9951847266721963 0
outer loop
vertex 78.41472903395166 43.557644158790396 1
vertex 78.99999999999999 43.49999999999978 1
vertex 79.00000000000006 43.5 0
endloop
endfacet
facet normal 0.0980171403295671 0.9951847266721963 0
outer loop
vertex 78.41472903395166 43.557644158790396 1
vertex 79.00000000000006 43.5 0
vertex 78.41472903395159 43.55764415879032 0
endloop
endfacet
facet normal -0.0980171403295671 0.9951847266721963 0
outer loop
vertex 78.99999999999999 43.49999999999978 1
vertex 79.58527096604837 43.55764415879057 1
vertex 79.58527096604836 43.55764415879032 0
endloop
endfacet
facet normal -0.0980171403295671 0.9951847266721963 0
outer loop
vertex 78.99999999999999 43.49999999999978 1
vertex 79.58527096604836 43.55764415879032 0
vertex 79.00000000000006 43.5 0
endloop
endfacet
facet normal -0.29028467725446194 0.956940335732209 0
outer loop
vertex 79.58527096604837 43.55764415879057 1
vertex 80.14805029709528 43.72836140246612 1.0000000000000004
vertex 80.14805029709528 43.728361402466156 0
endloop
endfacet
facet normal -0.29028467725446194 0.956940335732209 0
outer loop
vertex 79.58527096604837 43.55764415879057 1
vertex 80.14805029709528 43.728361402466156 0
vertex 79.58527096604836 43.55764415879032 0
endloop
endfacet
facet normal -0.4713967368259887 0.8819212643483599 0
outer loop
vertex 80.14805029709528 43.72836140246612 1.0000000000000004
vertex 80.66671069905874 44.00559116309253 1.0000000000000004
vertex 80.6667106990588 44.00559116309233 0
endloop
endfacet
facet normal -0.4713967368259887 0.8819212643483599 0
outer loop
vertex 80.14805029709528 43.72836140246612 1.0000000000000004
vertex 80.6667106990588 44.00559116309233 0
vertex 80.14805029709528 43.728361402466156 0
endloop
endfacet
facet normal -0.6343932841636413 0.7730104533627404 0
outer loop
vertex 80.66671069905874 44.00559116309253 1.0000000000000004
vertex 81.12132034355992 44.378679656440006 1
vertex 81.12132034355966 44.378679656440355 0
endloop
endfacet
facet normal -0.6343932841636413 0.7730104533627404 0
outer loop
vertex 80.66671069905874 44.00559116309253 1.0000000000000004
vertex 81.12132034355966 44.378679656440355 0
vertex 80.6667106990588 44.00559116309233 0
endloop
endfacet
facet normal -0.7730104533627397 0.6343932841636423 0
outer loop
vertex 81.12132034355992 44.378679656440006 1
vertex 81.49440883690775 44.833289300941104 1
vertex 81.49440883690762 44.833289300941196 0
endloop
endfacet
facet normal -0.7730104533627397 0.6343932841636423 0
outer loop
vertex 81.12132034355992 44.378679656440006 1
vertex 81.49440883690762 44.833289300941196 0
vertex 81.12132034355966 44.378679656440355 0
endloop
endfacet
facet normal -0.8819212643483494 0.47139673682600847 0
outer loop
vertex 81.49440883690775 44.833289300941104 1
vertex 81.77163859753404 45.35194970290465 1.0000000000000004
vertex 81.77163859753387 45.35194970290478 0
endloop
endfacet
facet normal -0.8819212643483494 0.47139673682600847 0
outer loop
vertex 81.49440883690775 44.833289300941104 1
vertex 81.77163859753387 45.35194970290478 0
vertex 81.49440883690762 44.833289300941196 0
endloop
endfacet
facet normal -0.9569403357322133 0.2902846772544479 0
outer loop
vertex 81.77163859753404 45.35194970290465 1.0000000000000004
vertex 81.94235584120946 45.91472903395164 1
vertex 81.9423558412097 45.91472903395164 0
endloop
endfacet
facet normal -0.9569403357322133 0.2902846772544479 0
outer loop
vertex 81.77163859753404 45.35194970290465 1.0000000000000004
vertex 81.9423558412097 45.91472903395164 0
vertex 81.77163859753387 45.35194970290478 0
endloop
endfacet
facet normal -0.995184726672197 0.09801714032955999 0
outer loop
vertex -4.057644158790314 39.91472903395162 1.0000000000000004
vertex -4.000000000000005 40.50000000000001 1.0000000000000004
vertex -4 40.5 0
endloop
endfacet
facet normal -0.995184726672197 0.09801714032955999 0
outer loop
vertex -4.057644158790314 39.91472903395162 1.0000000000000004
vertex -4 40.5 0
vertex -4.057644158790295 39.91472903395161 0
endloop
endfacet
facet normal -0.9951847266721969 -0.09801714032955997 0
outer loop
vertex -4.000000000000005 40.50000000000001 1.0000000000000004
vertex -4.057644158790285 41.085270966048384 1
vertex -4.0576441587903105 41.08527096604839 0
endloop
endfacet
facet normal -0.9951847266721969 -0.09801714032955997 0
outer loop
vertex -4.000000000000005 40.50000000000001 1.0000000000000004
vertex -4.0576441587903105 41.08527096604839 0
vertex -4 40.5 0
endloop
endfacet
facet normal -0.956940335732209 -0.29028467725446205 0
outer loop
vertex -4.057644158790285 41.085270966048384 1
vertex -4.228361402466091 41.64805029709529 1.0000000000000004
vertex -4.228361402466135 41.64805029709526 0
endloop
endfacet
facet normal -0.956940335732209 -0.29028467725446205 0
outer loop
vertex -4.057644158790285 41.085270966048384 1
vertex -4.228361402466135 41.64805029709526 0
vertex -4.0576441587903105 41.08527096604839 0
endloop
endfacet
facet normal -0.8819212643483528 -0.4713967368260018 0
outer loop
vertex -4.228361402466091 41.64805029709529 1.0000000000000004
vertex -4.505591163092529 42.166710699058726 1
vertex -4.505591163092362 42.1667106990588 0
endloop
endfacet
facet normal -0.8819212643483528 -0.4713967368260018 0
outer loop
vertex -4.228361402466091 41.64805029709529 1.0000000000000004
vertex -4.505591163092362 42.1667106990588 0
vertex -4.228361402466135 41.64805029709526 0
endloop
endfacet
facet normal -0.7730104533627389 -0.6343932841636432 0
outer loop
vertex -4.505591163092529 42.166710699058726 1
vertex -4.878679656440518 42.62132034355952 1
vertex -4.878679656440362 42.621320343559645 0
endloop
endfacet
facet normal -0.7730104533627389 -0.6343932841636432 0
outer loop
vertex -4.505591163092529 42.166710699058726 1
vertex -4.878679656440362 42.621320343559645 0
vertex -4.505591163092362 42.1667106990588 0
endloop
endfacet
facet normal -0.6343932841636462 -0.7730104533627364 0
outer loop
vertex -4.878679656440518 42.62132034355952 1
vertex -5.333289300941171 42.99440883690765 1
vertex -5.333289300941196 42.99440883690764 0
endloop
endfacet
facet normal -0.6343932841636462 -0.7730104533627364 0
outer loop
vertex -4.878679656440518 42.62132034355952 1
vertex -5.333289300941196 42.99440883690764 0
vertex -4.878679656440362 42.621320343559645 0
endloop
endfacet
facet normal -0.4713967368259909 -0.8819212643483587 0
outer loop
vertex -5.333289300941171 42.99440883690765 1
vertex -5.851949702904776 43.271638597533794 1.0000000000000004
vertex -5.85194970290474 43.27163859753386 0
endloop
endfacet
facet normal -0.4713967368259909 -0.8819212643483587 0
outer loop
vertex -5.333289300941171 42.99440883690765 1
vertex -5.85194970290474 43.27163859753386 0
vertex -5.333289300941196 42.99440883690764 0
endloop
endfacet
facet normal -0.29028467725446194 -0.956940335732209 0
outer loop
vertex -5.851949702904776 43.271638597533794 1.0000000000000004
vertex -6.414729033951591 43.442355841209775 1.0000000000000004
vertex -6.4147290339515735 43.442355841209675 0
endloop
endfacet
facet normal -0.29028467725446194 -0.956940335732209 0
outer loop
vertex -5.851949702904776 43.271638597533794 1.0000000000000004
vertex -6.4147290339515735 43.442355841209675 0
vertex -5.85194970290474 43.27163859753386 0
endloop
endfacet
facet normal -0.0980171403295671 -0.9951847266721963 0
outer loop
vertex -6.414729033951591 43.442355841209775 1.0000000000000004
vertex -6.999999999999998 43.500000000000014 1
vertex -7.000000000000064 43.5 0
endloop
endfacet
facet normal -0.0980171403295671 -0.9951847266721963 0
outer loop
vertex -6.414729033951591 43.442355841209775 1.0000000000000004
vertex -7.000000000000064 43.5 0
vertex -6.4147290339515735 43.442355841209675 0
endloop
endfacet
facet normal 0.0980171403295671 -0.9951847266721963 0
outer loop
vertex -6.999999999999998 43.500000000000014 1
vertex -7.585270966048384 43.44235584120969 1
vertex -7.5852709660485855 43.442355841209675 0
endloop
endfacet
facet normal 0.0980171403295671 -0.9951847266721963 0
outer loop
vertex -6.999999999999998 43.500000000000014 1
vertex -7.5852709660485855 43.442355841209675 0
vertex -7.000000000000064 43.5 0
endloop
endfacet
facet normal 0.2902846772544619 -0.956940335732209 0
outer loop
vertex -7.585270966048384 43.44235584120969 1
vertex -8.148050297095274 43.27163859753389 1
vertex -8.148050297095208 43.27163859753386 0
endloop
endfacet
facet normal 0.2902846772544619 -0.956940335732209 0
outer loop
vertex -7.585270966048384 43.44235584120969 1
vertex -8.148050297095208 43.27163859753386 0
vertex -7.5852709660485855 43.442355841209675 0
endloop
endfacet
facet normal 0.4713967368259944 -0.8819212643483568 0
outer loop
vertex -8.148050297095274 43.27163859753389 1
vertex -8.666710699058745 42.99440883690753 1.0000000000000004
vertex -8.66671069905876 42.99440883690764 0
endloop
endfacet
facet normal 0.4713967368259944 -0.8819212643483568 0
outer loop
vertex -8.148050297095274 43.27163859753389 1
vertex -8.66671069905876 42.99440883690764 0
vertex -8.148050297095208 43.27163859753386 0
endloop
endfacet
facet normal 0.6343932841636402 -0.7730104533627413 0
outer loop
vertex -8.666710699058745 42.99440883690753 1.0000000000000004
vertex -9.12132034355959 42.621320343559574 1
vertex -9.121320343559676 42.621320343559645 0
endloop
endfacet
facet normal 0.6343932841636402 -0.7730104533627413 0
outer loop
vertex -8.666710699058745 42.99440883690753 1.0000000000000004
vertex -9.121320343559676 42.621320343559645 0
vertex -8.66671069905876 42.99440883690764 0
endloop
endfacet
facet normal 0.7730104533627331 -0.63439328416365 0
outer loop
vertex -9.12132034355959 42.621320343559574 1
vertex -9.494408836907525 42.16671069905871 0.9999999999999998
vertex -9.494408836907656 42.1667106990588 0
endloop
endfacet
facet normal 0.7730104533627331 -0.63439328416365 0
outer loop
vertex -9.12132034355959 42.621320343559574 1
vertex -9.494408836907656 42.1667106990588 0
vertex -9.121320343559676 42.621320343559645 0
endloop
endfacet
facet normal 0.8819212643483568 -0.4713967368259944 0
outer loop
vertex -9.494408836907525 42.16671069905871 0.9999999999999998
vertex -9.771638597533908 41.64805029709531 1.0000000000000004
vertex -9.771638597533864 41.64805029709526 0
endloop
endfacet
facet normal 0.8819212643483568 -0.4713967368259944 0
outer loop
vertex -9.494408836907525 42.16671069905871 0.9999999999999998
vertex -9.771638597533864 41.64805029709526 0
vertex -9.494408836907656 42.1667106990588 0
endloop
endfacet
facet normal 0.956940335732209 -0.29028467725446194 0
outer loop
vertex -9.771638597533908 41.64805029709531 1.0000000000000004
vertex -9.942355841209762 41.08527096604842 1.0000000000000004
vertex -9.942355841209691 41.08527096604839 0
endloop
endfacet
facet normal 0.956940335732209 -0.29028467725446194 0
outer loop
vertex -9.771638597533908 41.64805029709531 1.0000000000000004
vertex -9.942355841209691 41.08527096604839 0
vertex -9.771638597533864 41.64805029709526 0
endloop
endfacet
facet normal 0.9951847266721969 -0.09801714032955999 0
outer loop
vertex -9.942355841209762 41.08527096604842 1.0000000000000004
vertex -10.000000000000007 40.5 1
vertex -10 40.5 0
endloop
endfacet
facet normal 0.9951847266721969 -0.09801714032955999 0
outer loop
vertex -9.942355841209762 41.08527096604842 1.0000000000000004
vertex -10 40.5 0
vertex -9.942355841209691 41.08527096604839 0
endloop
endfacet
facet normal 0.9951847266721969 0.09801714032955999 0
outer loop
vertex -10.000000000000007 40.5 1
vertex -9.942355841209658 39.91472903395162 1
vertex -9.942355841209691 39.91472903395161 0
endloop
endfacet
facet normal 0.9951847266721969 0.09801714032955999 0
outer loop
vertex -10.000000000000007 40.5 1
vertex -9.942355841209691 39.91472903395161 0
vertex -10 40.5 0
endloop
endfacet
facet normal 0.956940335732209 0.29028467725446183 0
outer loop
vertex -9.942355841209658 39.91472903395162 1
vertex -9.771638597533814 39.35194970290474 1
vertex -9.77163859753386 39.35194970290473 0
endloop
endfacet
facet normal 0.956940335732209 0.29028467725446183 0
outer loop
vertex -9.942355841209658 39.91472903395162 1
vertex -9.77163859753386 39.35194970290473 0
vertex -9.942355841209691 39.91472903395161 0
endloop
endfacet
facet normal 0.8819212643483568 0.4713967368259944 0
outer loop
vertex -9.771638597533814 39.35194970290474 1
vertex -9.494408836907551 38.833289300941246 1.0000000000000004
vertex -9.494408836907645 38.8332893009412 0
endloop
endfacet
facet normal 0.8819212643483568 0.4713967368259944 0
outer loop
vertex -9.771638597533814 39.35194970290474 1
vertex -9.494408836907645 38.8332893009412 0
vertex -9.77163859753386 39.35194970290473 0
endloop
endfacet
facet normal 0.7730104533627413 0.6343932841636402 0
outer loop
vertex -9.494408836907551 38.833289300941246 1.0000000000000004
vertex -9.12132034355962 38.37867965644037 1
vertex -9.12132034355965 38.37867965644036 0
endloop
endfacet
facet normal 0.7730104533627413 0.6343932841636402 0
outer loop
vertex -9.494408836907551 38.833289300941246 1.0000000000000004
vertex -9.12132034355965 38.37867965644036 0
vertex -9.494408836907645 38.8332893009412 0
endloop
endfacet
facet normal 0.6343932841636462 0.7730104533627363 0
outer loop
vertex -9.12132034355962 38.37867965644037 1
vertex -8.666710699058818 38.00559116309236 1
vertex -8.666710699058786 38.00559116309235 0
endloop
endfacet
facet normal 0.6343932841636462 0.7730104533627363 0
outer loop
vertex -9.12132034355962 38.37867965644037 1
vertex -8.666710699058786 38.00559116309235 0
vertex -9.12132034355965 38.37867965644036 0
endloop
endfacet
facet normal 0.4713967368259902 0.881921264348359 0
outer loop
vertex -8.666710699058818 38.00559116309236 1
vertex -8.148050297095336 37.72836140246601 1
vertex -8.148050297095278 37.72836140246614 0
endloop
endfacet
facet normal 0.4713967368259902 0.881921264348359 0
outer loop
vertex -8.666710699058818 38.00559116309236 1
vertex -8.148050297095278 37.72836140246614 0
vertex -8.666710699058786 38.00559116309235 0
endloop
endfacet
facet normal 0.2902846772544619 0.956940335732209 0
outer loop
vertex -8.148050297095336 37.72836140246601 1
vertex -7.585270966048409 37.55764415879023 1
vertex -7.58527096604837 37.5576441587903 0
endloop
endfacet
facet normal 0.2902846772544619 0.956940335732209 0
outer loop
vertex -8.148050297095336 37.72836140246601 1
vertex -7.58527096604837 37.5576441587903 0
vertex -8.148050297095278 37.72836140246614 0
endloop
endfacet
facet normal 0.09801714032956706 0.9951847266721963 0
outer loop
vertex -7.585270966048409 37.55764415879023 1
vertex -6.9999999999999964 37.500000000000036 1
vertex -7.000000000000039 37.5 0
endloop
endfacet
facet normal 0.09801714032956706 0.9951847266721963 0
outer loop
vertex -7.585270966048409 37.55764415879023 1
vertex -7.000000000000039 37.5 0
vertex -7.58527096604837 37.5576441587903 0
endloop
endfacet
facet normal -0.09801714032956002 0.9951847266721969 0
outer loop
vertex -6.9999999999999964 37.500000000000036 1
vertex -6.414729033951614 37.557644158790296 1
vertex -6.414729033951609 37.5576441587903 0
endloop
endfacet
facet normal -0.09801714032956002 0.9951847266721969 0
outer loop
vertex -6.9999999999999964 37.500000000000036 1
vertex -6.414729033951609 37.5576441587903 0
vertex -7.000000000000039 37.5 0
endloop
endfacet
facet normal -0.2902846772544619 0.956940335732209 0
outer loop
vertex -6.414729033951614 37.557644158790296 1
vertex -5.851949702904744 37.728361402466184 1
vertex -5.851949702904719 37.72836140246614 0
endloop
endfacet
facet normal -0.2902846772544619 0.956940335732209 0
outer loop
vertex -6.414729033951614 37.557644158790296 1
vertex -5.851949702904719 37.72836140246614 0
vertex -6.414729033951609 37.5576441587903 0
endloop
endfacet
facet normal -0.4713967368259944 0.8819212643483568 0
outer loop
vertex -5.851949702904744 37.728361402466184 1
vertex -5.333289300941283 38.00559116309253 1.0000000000000004
vertex -5.3332893009412174 38.00559116309235 0
endloop
endfacet
facet normal -0.4713967368259944 0.8819212643483568 0
outer loop
vertex -5.851949702904744 37.728361402466184 1
vertex -5.3332893009412174 38.00559116309235 0
vertex -5.851949702904719 37.72836140246614 0
endloop
endfacet
facet normal -0.6343932841636402 0.7730104533627413 0
outer loop
vertex -5.333289300941283 38.00559116309253 1.0000000000000004
vertex -4.87867965644031 38.3786796564403 1
vertex -4.878679656440383 38.37867965644036 0
endloop
endfacet
facet normal -0.6343932841636402 0.7730104533627413 0
outer loop
vertex -5.333289300941283 38.00559116309253 1.0000000000000004
vertex -4.878679656440383 38.37867965644036 0
vertex -5.3332893009412174 38.00559116309235 0
endloop
endfacet
facet normal -0.7730104533627382 0.6343932841636442 0
outer loop
vertex -4.87867965644031 38.3786796564403 1
vertex -4.505591163092227 38.83328930094109 1.0000000000000004
vertex -4.505591163092355 38.8332893009412 0
endloop
endfacet
facet normal -0.7730104533627382 0.6343932841636442 0
outer loop
vertex -4.87867965644031 38.3786796564403 1
vertex -4.505591163092355 38.8332893009412 0
vertex -4.878679656440383 38.37867965644036 0
endloop
endfacet
facet normal -0.8819212643483568 0.4713967368259944 0
outer loop
vertex -4.505591163092227 38.83328930094109 1.0000000000000004
vertex -4.228361402466353 39.35194970290485 1.0000000000000004
vertex -4.228361402466142 39.35194970290473 0
endloop
endfacet
facet normal -0.8819212643483568 0.4713967368259944 0
outer loop
vertex -4.505591163092227 38.83328930094109 1.0000000000000004
vertex -4.228361402466142 39.35194970290473 0
vertex -4.505591163092355 38.8332893009412 0
endloop
endfacet
facet normal -0.9569403357322089 0.29028467725446216 0
outer loop
vertex -4.228361402466353 39.35194970290485 1.0000000000000004
vertex -4.057644158790314 39.91472903395162 1.0000000000000004
vertex -4.057644158790295 39.91472903395161 0
endloop
endfacet
facet normal -0.9569403357322089 0.29028467725446216 0
outer loop
vertex -4.228361402466353 39.35194970290485 1.0000000000000004
vertex -4.057644158790295 39.91472903395161 0
vertex -4.228361402466142 39.35194970290473 0
endloop
endfacet
facet normal -0.9951847266721969 0.09801714032955999 0
outer loop
vertex -4.057644158790294 -7.085270966048387 1
vertex -3.9999999999999853 -6.500000000000001 1
vertex -4 -6.5 0
endloop
endfacet
facet normal -0.9951847266721969 0.09801714032955999 0
outer loop
vertex -4.057644158790294 -7.085270966048387 1
vertex -4 -6.5 0
vertex -4.057644179059835 -7.085270966048389 0
endloop
endfacet
facet normal -0.9951847266721969 -0.09801714032955999 0
outer loop
vertex -3.9999999999999853 -6.500000000000001 1
vertex -4.057644158790322 -5.914729033951616 1
vertex -4.0576441587903105 -5.914729033951618 0
endloop
endfacet
facet normal -0.9951847266721969 -0.09801714032955999 0
outer loop
vertex -3.9999999999999853 -6.500000000000001 1
vertex -4.0576441587903105 -5.914729033951618 0
vertex -4 -6.5 0
endloop
endfacet
facet normal -0.9569403357322068 -0.29028467725446916 0
outer loop
vertex -4.057644158790322 -5.914729033951616 1
vertex -4.228361402466126 -5.351949702904727 1
vertex -4.228361402466142 -5.351949702904731 0
endloop
endfacet
facet normal -0.9569403357322068 -0.29028467725446916 0
outer loop
vertex -4.057644158790322 -5.914729033951616 1
vertex -4.228361402466142 -5.351949702904731 0
vertex -4.0576441587903105 -5.914729033951618 0
endloop
endfacet
facet normal -0.8819212643483567 -0.47139673682599437 0
outer loop
vertex -4.228361402466126 -5.351949702904727 1
vertex -4.505591163092369 -4.833289300941197 1
vertex -4.505591163092362 -4.833289300941196 0
endloop
endfacet
facet normal -0.8819212643483567 -0.47139673682599437 0
outer loop
vertex -4.228361402466126 -5.351949702904727 1
vertex -4.505591163092362 -4.833289300941196 0
vertex -4.228361402466142 -5.351949702904731 0
endloop
endfacet
facet normal -0.7730104533627382 -0.6343932841636439 0
outer loop
vertex -4.505591163092369 -4.833289300941197 1
vertex -4.878679656440377 -4.378679656440376 1
vertex -4.878679656440362 -4.378679656440362 0
endloop
endfacet
facet normal -0.7730104533627382 -0.6343932841636439 0
outer loop
vertex -4.505591163092369 -4.833289300941197 1
vertex -4.878679656440362 -4.378679656440362 0
vertex -4.505591163092362 -4.833289300941196 0
endloop
endfacet
facet normal -0.6343932841636442 -0.7730104533627381 0
outer loop
vertex -4.878679656440377 -4.378679656440376 1
vertex -5.333289300941239 -4.005591163092426 1
vertex -5.333289300941189 -4.005591163092365 0
endloop
endfacet
facet normal -0.6343932841636442 -0.7730104533627381 0
outer loop
vertex -4.878679656440377 -4.378679656440376 1
vertex -5.333289300941189 -4.005591163092365 0
vertex -4.878679656440362 -4.378679656440362 0
endloop
endfacet
facet normal -0.47139673682599437 -0.8819212643483567 0
outer loop
vertex -5.333289300941239 -4.005591163092426 1
vertex -5.851949702904766 -3.7283614024661995 1
vertex -5.851949702904733 -3.7283614024661382 0
endloop
endfacet
facet normal -0.47139673682599437 -0.8819212643483567 0
outer loop
vertex -5.333289300941239 -4.005591163092426 1
vertex -5.851949702904733 -3.7283614024661382 0
vertex -5.333289300941189 -4.005591163092365 0
endloop
endfacet
facet normal -0.29028467725446294 -0.9569403357322088 0
outer loop
vertex -5.851949702904766 -3.7283614024661995 1
vertex -6.414729033951593 -3.5576441587902274 1.0000000000000004
vertex -6.414729033951616 -3.5576441587903087 0
endloop
endfacet
facet normal -0.29028467725446294 -0.9569403357322088 0
outer loop
vertex -5.851949702904766 -3.7283614024661995 1
vertex -6.414729033951616 -3.5576441587903087 0
vertex -5.851949702904733 -3.7283614024661382 0
endloop
endfacet
facet normal -0.09801714032955999 -0.9951847266721969 0
outer loop
vertex -6.414729033951593 -3.5576441587902274 1.0000000000000004
vertex -6.999999999999997 -3.4999999999999836 1
vertex -7 -3.5 0
endloop
endfacet
facet normal -0.09801714032955999 -0.9951847266721969 0
outer loop
vertex -6.414729033951593 -3.5576441587902274 1.0000000000000004
vertex -7 -3.5 0
vertex -6.414729033951616 -3.5576441587903087 0
endloop
endfacet
facet normal 0.09801714032956044 -0.9951847266721969 0
outer loop
vertex -6.999999999999997 -3.4999999999999836 1
vertex -7.585270966048385 -3.557644158790306 1
vertex -7.585270966048381 -3.5576441587903087 0
endloop
endfacet
facet normal 0.09801714032956044 -0.9951847266721969 0
outer loop
vertex -6.999999999999997 -3.4999999999999836 1
vertex -7.585270966048381 -3.5576441587903087 0
vertex -7 -3.5 0
endloop
endfacet
facet normal 0.29028467725446455 -0.9569403357322083 0
outer loop
vertex -7.585270966048385 -3.557644158790306 1
vertex -8.148050297095235 -3.728361402466245 1
vertex -8.148050297095264 -3.7283614024661382 0
endloop
endfacet
facet normal 0.29028467725446455 -0.9569403357322083 0
outer loop
vertex -7.585270966048385 -3.557644158790306 1
vertex -8.148050297095264 -3.7283614024661382 0
vertex -7.585270966048381 -3.5576441587903087 0
endloop
endfacet
facet normal 0.47139673682599725 -0.8819212643483554 0
outer loop
vertex -8.148050297095235 -3.728361402466245 1
vertex -8.666710699058788 -4.005591163092401 1.0000000000000004
vertex -8.666710699058807 -4.005591163092365 0
endloop
endfacet
facet normal 0.47139673682599725 -0.8819212643483554 0
outer loop
vertex -8.148050297095235 -3.728361402466245 1
vertex -8.666710699058807 -4.005591163092365 0
vertex -8.148050297095264 -3.7283614024661382 0
endloop
endfacet
facet normal 0.6343932841636463 -0.7730104533627364 0
outer loop
vertex -8.666710699058788 -4.005591163092401 1.0000000000000004
vertex -9.121320343559624 -4.3786796564403865 1.0000000000000004
vertex -9.121320343559644 -4.378679656440362 0
endloop
endfacet
facet normal 0.6343932841636463 -0.7730104533627364 0
outer loop
vertex -8.666710699058788 -4.005591163092401 1.0000000000000004
vertex -9.121320343559644 -4.378679656440362 0
vertex -8.666710699058807 -4.005591163092365 0
endloop
endfacet
facet normal 0.7730104533627383 -0.6343932841636439 0
outer loop
vertex -9.121320343559624 -4.3786796564403865 1.0000000000000004
vertex -9.49440883690761 -4.8332893009412174 1
vertex -9.494408836907638 -4.833289300941196 0
endloop
endfacet
facet normal 0.7730104533627383 -0.6343932841636439 0
outer loop
vertex -9.121320343559624 -4.3786796564403865 1.0000000000000004
vertex -9.494408836907638 -4.833289300941196 0
vertex -9.121320343559644 -4.378679656440362 0
endloop
endfacet
facet normal 0.8819212643483568 -0.4713967368259944 0
outer loop
vertex -9.49440883690761 -4.8332893009412174 1
vertex -9.77163859753383 -5.351949702904746 1.0000000000000004
vertex -9.771638597533862 -5.351949702904731 0
endloop
endfacet
facet normal 0.8819212643483568 -0.4713967368259944 0
outer loop
vertex -9.49440883690761 -4.8332893009412174 1
vertex -9.771638597533862 -5.351949702904731 0
vertex -9.494408836907638 -4.833289300941196 0
endloop
endfacet
facet normal 0.956940335732209 -0.29028467725446205 0
outer loop
vertex -9.77163859753383 -5.351949702904746 1.0000000000000004
vertex -9.942355841209682 -5.914729033951617 1.0000000000000004
vertex -9.942355841209691 -5.914729033951618 0
endloop
endfacet
facet normal 0.956940335732209 -0.29028467725446205 0
outer loop
vertex -9.77163859753383 -5.351949702904746 1.0000000000000004
vertex -9.942355841209691 -5.914729033951618 0
vertex -9.771638597533862 -5.351949702904731 0
endloop
endfacet
facet normal 0.9951847266721969 -0.09801714032955999 0
outer loop
vertex -9.942355841209682 -5.914729033951617 1.0000000000000004
vertex -10.000000000000004 -6.499999999999999 1
vertex -9.999999999999998 -6.5 0
endloop
endfacet
facet normal 0.9951847266721969 -0.09801714032955999 0
outer loop
vertex -9.942355841209682 -5.914729033951617 1.0000000000000004
vertex -9.999999999999998 -6.5 0
vertex -9.942355841209691 -5.914729033951618 0
endloop
endfacet
facet normal 0.9951847266721969 0.09801714032955999 0
outer loop
vertex -10.000000000000004 -6.499999999999999 1
vertex -9.942355841209686 -7.085270966048383 1
vertex -9.942355841209691 -7.085270966048389 0
endloop
endfacet
facet normal 0.9951847266721969 0.09801714032955999 0
outer loop
vertex -10.000000000000004 -6.499999999999999 1
vertex -9.942355841209691 -7.085270966048389 0
vertex -9.999999999999998 -6.5 0
endloop
endfacet
facet normal 0.956940335732209 0.29028467725446205 0
outer loop
vertex -9.942355841209686 -7.085270966048383 1
vertex -9.771638597533858 -7.648050297095269 1.0000000000000004
vertex -9.77163859753386 -7.648050297095269 0
endloop
endfacet
facet normal 0.956940335732209 0.29028467725446205 0
outer loop
vertex -9.942355841209686 -7.085270966048383 1
vertex -9.77163859753386 -7.648050297095269 0
vertex -9.942355841209691 -7.085270966048389 0
endloop
endfacet
facet normal 0.8819212643483568 0.4713967368259944 0
outer loop
vertex -9.771638597533858 -7.648050297095269 1.0000000000000004
vertex -9.494408836907624 -8.166710699058799 1.0000000000000004
vertex -9.494408836907642 -8.166710699058802 0
endloop
endfacet
facet normal 0.8819212643483568 0.4713967368259944 0
outer loop
vertex -9.771638597533858 -7.648050297095269 1.0000000000000004
vertex -9.494408836907642 -8.166710699058802 0
vertex -9.77163859753386 -7.648050297095269 0
endloop
endfacet
facet normal 0.773010453362738 0.6343932841636443 0
outer loop
vertex -9.494408836907624 -8.166710699058799 1.0000000000000004
vertex -9.121320343559647 -8.621320343559644 1
vertex -9.12132034355964 -8.621320343559644 0
endloop
endfacet
facet normal 0.773010453362738 0.6343932841636443 0
outer loop
vertex -9.494408836907624 -8.166710699058799 1.0000000000000004
vertex -9.12132034355964 -8.621320343559644 0
vertex -9.494408836907642 -8.166710699058802 0
endloop
endfacet
facet normal 0.6343932841636447 0.7730104533627377 0
outer loop
vertex -9.121320343559647 -8.621320343559644 1
vertex -8.666710699058864 -8.994408836907699 1
vertex -8.666710699058807 -8.994408836907638 0
endloop
endfacet
facet normal 0.6343932841636447 0.7730104533627377 0
outer loop
vertex -9.121320343559647 -8.621320343559644 1
vertex -8.666710699058807 -8.994408836907638 0
vertex -9.12132034355964 -8.621320343559644 0
endloop
endfacet
facet normal 0.47139673682600136 0.8819212643483529 0
outer loop
vertex -8.666710699058864 -8.994408836907699 1
vertex -8.148050297095228 -9.271638597533785 1
vertex -8.148050297095264 -9.271638597533865 0
endloop
endfacet
facet normal 0.47139673682600136 0.8819212643483529 0
outer loop
vertex -8.666710699058864 -8.994408836907699 1
vertex -8.148050297095264 -9.271638597533865 0
vertex -8.666710699058807 -8.994408836907638 0
endloop
endfacet
facet normal 0.2902846772544603 0.9569403357322095 0
outer loop
vertex -8.148050297095228 -9.271638597533785 1
vertex -7.585270966048391 -9.442355841209714 1
vertex -7.5852709660484035 -9.44235584120969 0
endloop
endfacet
facet normal 0.2902846772544603 0.9569403357322095 0
outer loop
vertex -8.148050297095228 -9.271638597533785 1
vertex -7.5852709660484035 -9.44235584120969 0
vertex -8.148050297095264 -9.271638597533865 0
endloop
endfacet
facet normal 0.09801714032955999 0.9951847266721969 0
outer loop
vertex -7.585270966048391 -9.442355841209714 1
vertex -7.000000000000003 -9.500000000000032 1
vertex -6.999999999999988 -9.5 0
endloop
endfacet
facet normal 0.09801714032955999 0.9951847266721969 0
outer loop
vertex -7.585270966048391 -9.442355841209714 1
vertex -6.999999999999988 -9.5 0
vertex -7.5852709660484035 -9.44235584120969 0
endloop
endfacet
facet normal -0.09801714032955998 0.9951847266721969 0
outer loop
vertex -7.000000000000003 -9.500000000000032 1
vertex -6.414729033951616 -9.44235584120969 1
vertex -6.414729033951609 -9.44235584120969 0
endloop
endfacet
facet normal -0.09801714032955998 0.9951847266721969 0
outer loop
vertex -7.000000000000003 -9.500000000000032 1
vertex -6.414729033951609 -9.44235584120969 0
vertex -6.999999999999988 -9.5 0
endloop
endfacet
facet normal -0.290284677254463 0.9569403357322087 0
outer loop
vertex -6.414729033951616 -9.44235584120969 1
vertex -5.851949702904726 -9.271638597533883 1
vertex -5.851949702904733 -9.271638597533865 0
endloop
endfacet
facet normal -0.290284677254463 0.9569403357322087 0
outer loop
vertex -6.414729033951616 -9.44235584120969 1
vertex -5.851949702904733 -9.271638597533865 0
vertex -6.414729033951609 -9.44235584120969 0
endloop
endfacet
facet normal -0.47139673682599703 0.8819212643483554 0
outer loop
vertex -5.851949702904726 -9.271638597533883 1
vertex -5.333289300941164 -8.994408836907699 1
vertex -5.333289300941189 -8.994408836907638 0
endloop
endfacet
facet normal -0.47139673682599703 0.8819212643483554 0
outer loop
vertex -5.851949702904726 -9.271638597533883 1
vertex -5.333289300941189 -8.994408836907638 0
vertex -5.851949702904733 -9.271638597533865 0
endloop
endfacet
facet normal -0.6343932841636462 0.7730104533627364 0
outer loop
vertex -5.333289300941164 -8.994408836907699 1
vertex -4.8786796564403545 -8.621320343559642 1
vertex -4.878679656440362 -8.621320343559644 0
endloop
endfacet
facet normal -0.6343932841636462 0.7730104533627364 0
outer loop
vertex -5.333289300941164 -8.994408836907699 1
vertex -4.878679656440362 -8.621320343559644 0
vertex -5.333289300941189 -8.994408836907638 0
endloop
endfacet
facet normal -0.7730104533627332 0.6343932841636502 0
outer loop
vertex -4.8786796564403545 -8.621320343559642 1
vertex -4.505591163092436 -8.166710699058747 1
vertex -4.505591163092362 -8.166710699058802 0
endloop
endfacet
facet normal -0.7730104533627332 0.6343932841636502 0
outer loop
vertex -4.8786796564403545 -8.621320343559642 1
vertex -4.505591163092362 -8.166710699058802 0
vertex -4.878679656440362 -8.621320343559644 0
endloop
endfacet
facet normal -0.8819212643483568 0.4713967368259944 0
outer loop
vertex -4.505591163092436 -8.166710699058747 1
vertex -4.228361402466099 -7.648050297095294 1.0000000000000004
vertex -4.228361402466142 -7.648050297095269 0
endloop
endfacet
facet normal -0.8819212643483568 0.4713967368259944 0
outer loop
vertex -4.505591163092436 -8.166710699058747 1
vertex -4.228361402466142 -7.648050297095269 0
vertex -4.505591163092362 -8.166710699058802 0
endloop
endfacet
facet normal -0.9569403357322087 0.29028467725446294 0
outer loop
vertex -4.228361402466099 -7.648050297095294 1.0000000000000004
vertex -4.057644158790294 -7.085270966048387 1
vertex -4.057644179059835 -7.085270966048389 0
endloop
endfacet
facet normal -0.9569403357322087 0.29028467725446294 0
outer loop
vertex -4.228361402466099 -7.648050297095294 1.0000000000000004
vertex -4.057644179059835 -7.085270966048389 0
vertex -4.228361402466142 -7.648050297095269 0
endloop
endfacet
facet normal -0.9951847266721969 0.09801714032955997 0
outer loop
vertex 67.94235584120975 -22.08527096604839 1
vertex 68.00000000000006 -21.500000000000007 1
vertex 68 -21.499999999999947 0
endloop
endfacet
facet normal -0.9951847266721969 0.09801714032955997 0
outer loop
vertex 67.94235584120975 -22.08527096604839 1
vertex 68 -21.499999999999947 0
vertex 67.94235584120969 -22.085270966048366 0
endloop
endfacet
facet normal -0.9951847266721969 -0.09801714032955997 0
outer loop
vertex 68.00000000000006 -21.500000000000007 1
vertex 67.94235584120956 -20.914729033951627 1
vertex 67.9423558412097 -20.914729033951676 0
endloop
endfacet
facet normal -0.9951847266721969 -0.09801714032955997 0
outer loop
vertex 68.00000000000006 -21.500000000000007 1
vertex 67.9423558412097 -20.914729033951676 0
vertex 68 -21.499999999999947 0
endloop
endfacet
facet normal -0.9569403357322133 -0.2902846772544479 0
outer loop
vertex 67.94235584120956 -20.914729033951627 1
vertex 67.77163859753375 -20.35194970290476 1
vertex 67.77163859753385 -20.351949702904705 0
endloop
endfacet
facet normal -0.9569403357322133 -0.2902846772544479 0
outer loop
vertex 67.94235584120956 -20.914729033951627 1
vertex 67.77163859753385 -20.351949702904705 0
vertex 67.9423558412097 -20.914729033951676 0
endloop
endfacet
facet normal -0.8819212643483529 -0.47139673682600136 0
outer loop
vertex 67.77163859753375 -20.35194970290476 1
vertex 67.49440883690764 -19.8332893009412 1
vertex 67.49440883690764 -19.833289300941193 0
endloop
endfacet
facet normal -0.8819212643483529 -0.47139673682600136 0
outer loop
vertex 67.77163859753375 -20.35194970290476 1
vertex 67.49440883690764 -19.833289300941193 0
vertex 67.77163859753385 -20.351949702904705 0
endloop
endfacet
facet normal -0.773010453362735 -0.6343932841636479 0
outer loop
vertex 67.49440883690764 -19.8332893009412 1
vertex 67.12132034355969 -19.378679656440323 1
vertex 67.12132034355963 -19.378679656440344 0
endloop
endfacet
facet normal -0.773010453362735 -0.6343932841636479 0
outer loop
vertex 67.49440883690764 -19.8332893009412 1
vertex 67.12132034355963 -19.378679656440344 0
vertex 67.49440883690764 -19.833289300941193 0
endloop
endfacet
facet normal -0.63439328416365 -0.7730104533627331 0
outer loop
vertex 67.12132034355969 -19.378679656440323 1
vertex 66.66671069905871 -19.005591163092504 0.9999999999999998
vertex 66.66671069905887 -19.005591163092397 0
endloop
endfacet
facet normal -0.63439328416365 -0.7730104533627331 0
outer loop
vertex 67.12132034355969 -19.378679656440323 1
vertex 66.66671069905887 -19.005591163092397 0
vertex 67.12132034355963 -19.378679656440344 0
endloop
endfacet
facet normal -0.4713967368259888 -0.8819212643483599 0
outer loop
vertex 66.66671069905871 -19.005591163092504 0.9999999999999998
vertex 66.14805029709532 -18.728361402466078 1.0000000000000004
vertex 66.14805029709527 -18.728361402466142 0
endloop
endfacet
facet normal -0.4713967368259888 -0.8819212643483599 0
outer loop
vertex 66.66671069905871 -19.005591163092504 0.9999999999999998
vertex 66.14805029709527 -18.728361402466142 0
vertex 66.66671069905887 -19.005591163092397 0
endloop
endfacet
facet normal -0.29028467725446094 -0.9569403357322094 0
outer loop
vertex 66.14805029709532 -18.728361402466078 1.0000000000000004
vertex 65.58527096604843 -18.55764415879018 1
vertex 65.5852709660484 -18.557644158790314 0
endloop
endfacet
facet normal -0.29028467725446094 -0.9569403357322094 0
outer loop
vertex 66.14805029709532 -18.728361402466078 1.0000000000000004
vertex 65.5852709660484 -18.557644158790314 0
vertex 66.14805029709527 -18.728361402466142 0
endloop
endfacet
facet normal -0.09801714032955997 -0.9951847266721969 0
outer loop
vertex 65.58527096604843 -18.55764415879018 1
vertex 65 -18.499999999999737 1
vertex 64.99999999999999 -18.5 0
endloop
endfacet
facet normal -0.09801714032955997 -0.9951847266721969 0
outer loop
vertex 65.58527096604843 -18.55764415879018 1
vertex 64.99999999999999 -18.5 0
vertex 65.5852709660484 -18.557644158790314 0
endloop
endfacet
facet normal 0.09801714032956355 -0.9951847266721967 0
outer loop
vertex 65 -18.499999999999737 1
vertex 64.41472903395163 -18.55764415879032 1.0000000000000004
vertex 64.41472903395157 -18.557644158790314 0
endloop
endfacet
facet normal 0.09801714032956355 -0.9951847266721967 0
outer loop
vertex 65 -18.499999999999737 1
vertex 64.41472903395157 -18.557644158790314 0
vertex 64.99999999999999 -18.5 0
endloop
endfacet
facet normal 0.29028467725446194 -0.956940335732209 0
outer loop
vertex 64.41472903395163 -18.55764415879032 1.0000000000000004
vertex 63.85194970290474 -18.728361402466124 1.0000000000000004
vertex 63.85194970290476 -18.728361402466142 0
endloop
endfacet
facet normal 0.29028467725446194 -0.956940335732209 0
outer loop
vertex 64.41472903395163 -18.55764415879032 1.0000000000000004
vertex 63.85194970290476 -18.728361402466142 0
vertex 64.41472903395157 -18.557644158790314 0
endloop
endfacet
facet normal 0.47139673682599437 -0.8819212643483567 0
outer loop
vertex 63.85194970290474 -18.728361402466124 1.0000000000000004
vertex 63.33328930094127 -19.00559116309248 1
vertex 63.333289300941125 -19.005591163092397 0
endloop
endfacet
facet normal 0.47139673682599437 -0.8819212643483567 0
outer loop
vertex 63.85194970290474 -18.728361402466124 1.0000000000000004
vertex 63.333289300941125 -19.005591163092397 0
vertex 63.85194970290476 -18.728361402466142 0
endloop
endfacet
facet normal 0.6343932841636364 -0.7730104533627445 0
outer loop
vertex 63.33328930094127 -19.00559116309248 1
vertex 62.878679656440404 -19.37867965644041 1.0000000000000004
vertex 62.878679656440404 -19.378679656440344 0
endloop
endfacet
facet normal 0.6343932841636364 -0.7730104533627445 0
outer loop
vertex 63.33328930094127 -19.00559116309248 1
vertex 62.878679656440404 -19.378679656440344 0
vertex 63.333289300941125 -19.005591163092397 0
endloop
endfacet
facet normal 0.7730104533627411 -0.6343932841636406 0
outer loop
vertex 62.878679656440404 -19.37867965644041 1.0000000000000004
vertex 62.50559116309241 -19.83328930094122 1.0000000000000004
vertex 62.505591163092376 -19.833289300941193 0
endloop
endfacet
facet normal 0.7730104533627411 -0.6343932841636406 0
outer loop
vertex 62.878679656440404 -19.37867965644041 1.0000000000000004
vertex 62.505591163092376 -19.833289300941193 0
vertex 62.878679656440404 -19.378679656440344 0
endloop
endfacet
facet normal 0.8819212643483568 -0.4713967368259944 0
outer loop
vertex 62.50559116309241 -19.83328930094122 1.0000000000000004
vertex 62.22836140246612 -20.351949702904715 1.0000000000000004
vertex 62.22836140246614 -20.351949702904705 0
endloop
endfacet
facet normal 0.8819212643483568 -0.4713967368259944 0
outer loop
vertex 62.50559116309241 -19.83328930094122 1.0000000000000004
vertex 62.22836140246614 -20.351949702904705 0
vertex 62.505591163092376 -19.833289300941193 0
endloop
endfacet
facet normal 0.956940335732209 -0.29028467725446194 0
outer loop
vertex 62.22836140246612 -20.351949702904715 1.0000000000000004
vertex 62.05764415879031 -20.914729033951616 1.0000000000000004
vertex 62.05764415879028 -20.914729033951676 0
endloop
endfacet
facet normal 0.956940335732209 -0.29028467725446194 0
outer loop
vertex 62.22836140246612 -20.351949702904715 1.0000000000000004
vertex 62.05764415879028 -20.914729033951676 0
vertex 62.22836140246614 -20.351949702904705 0
endloop
endfacet
facet normal 0.9951847266721984 -0.09801714032954581 0
outer loop
vertex 62.05764415879031 -20.914729033951616 1.0000000000000004
vertex 62.000000000000455 -21.500000000000043 1
vertex 62.000000000000014 -21.499999999999947 0
endloop
endfacet
facet normal 0.9951847266721984 -0.09801714032954581 0
outer loop
vertex 62.05764415879031 -20.914729033951616 1.0000000000000004
vertex 62.000000000000014 -21.499999999999947 0
vertex 62.05764415879028 -20.914729033951676 0
endloop
endfacet
facet normal 0.9951847266721963 0.0980171403295671 0
outer loop
vertex 62.000000000000455 -21.500000000000043 1
vertex 62.057644158790396 -22.08527096604838 1
vertex 62.05764415879031 -22.085270966048366 0
endloop
endfacet
facet normal 0.9951847266721963 0.0980171403295671 0
outer loop
vertex 62.000000000000455 -21.500000000000043 1
vertex 62.05764415879031 -22.085270966048366 0
vertex 62.000000000000014 -21.499999999999947 0
endloop
endfacet
facet normal 0.956940335732209 0.29028467725446194 0
outer loop
vertex 62.057644158790396 -22.08527096604838 1
vertex 62.22836140246616 -22.64805029709527 1.0000000000000004
vertex 62.22836140246615 -22.64805029709529 0
endloop
endfacet
facet normal 0.956940335732209 0.29028467725446194 0
outer loop
vertex 62.057644158790396 -22.08527096604838 1
vertex 62.22836140246615 -22.64805029709529 0
vertex 62.05764415879031 -22.085270966048366 0
endloop
endfacet
facet normal 0.8819212643483568 0.4713967368259944 0
outer loop
vertex 62.22836140246616 -22.64805029709527 1.0000000000000004
vertex 62.505591163092504 -23.166710699058743 1.0000000000000004
vertex 62.50559116309233 -23.166710699058758 0
endloop
endfacet
facet normal 0.8819212643483568 0.4713967368259944 0
outer loop
vertex 62.22836140246616 -22.64805029709527 1.0000000000000004
vertex 62.50559116309233 -23.166710699058758 0
vertex 62.22836140246615 -22.64805029709529 0
endloop
endfacet
facet normal 0.7730104533627332 0.6343932841636499 0
outer loop
vertex 62.505591163092504 -23.166710699058743 1.0000000000000004
vertex 62.878679656440525 -23.621320343559525 1
vertex 62.87867965644038 -23.621320343559663 0
endloop
endfacet
facet normal 0.7730104533627332 0.6343932841636499 0
outer loop
vertex 62.505591163092504 -23.166710699058743 1.0000000000000004
vertex 62.87867965644038 -23.621320343559663 0
vertex 62.50559116309233 -23.166710699058758 0
endloop
endfacet
facet normal 0.6343932841636402 0.7730104533627413 0
outer loop
vertex 62.878679656440525 -23.621320343559525 1
vertex 63.33328930094128 -23.994408836907542 1
vertex 63.3332893009412 -23.99440883690764 0
endloop
endfacet
facet normal 0.6343932841636402 0.7730104533627413 0
outer loop
vertex 62.878679656440525 -23.621320343559525 1
vertex 63.3332893009412 -23.99440883690764 0
vertex 62.87867965644038 -23.621320343559663 0
endloop
endfacet
facet normal 0.47139673682600314 0.881921264348352 0
outer loop
vertex 63.33328930094128 -23.994408836907542 1
vertex 63.85194970290473 -24.271638597533837 1
vertex 63.85194970290472 -24.271638597533855 0
endloop
endfacet
facet normal 0.47139673682600314 0.881921264348352 0
outer loop
vertex 63.33328930094128 -23.994408836907542 1
vertex 63.85194970290472 -24.271638597533855 0
vertex 63.3332893009412 -23.99440883690764 0
endloop
endfacet
facet normal 0.29028467725446294 0.9569403357322087 0
outer loop
vertex 63.85194970290473 -24.271638597533837 1
vertex 64.41472903395157 -24.44235584120981 1
vertex 64.41472903395164 -24.442355841209693 0
endloop
endfacet
facet normal 0.29028467725446294 0.9569403357322087 0
outer loop
vertex 63.85194970290473 -24.271638597533837 1
vertex 64.41472903395164 -24.442355841209693 0
vertex 63.85194970290472 -24.271638597533855 0
endloop
endfacet
facet normal 0.09801714032956355 0.9951847266721966 0
outer loop
vertex 64.41472903395157 -24.44235584120981 1
vertex 65.00000000000001 -24.49999999999995 1
vertex 64.99999999999999 -24.5 0
endloop
endfacet
facet normal 0.09801714032956355 0.9951847266721966 0
outer loop
vertex 64.41472903395157 -24.44235584120981 1
vertex 64.99999999999999 -24.5 0
vertex 64.41472903395164 -24.442355841209693 0
endloop
endfacet
facet normal -0.09801714032956706 0.9951847266721963 0
outer loop
vertex 65.00000000000001 -24.49999999999995 1
vertex 65.58527096604837 -24.44235584120952 1
vertex 65.58527096604836 -24.442355841209693 0
endloop
endfacet
facet normal -0.09801714032956706 0.9951847266721963 0
outer loop
vertex 65.00000000000001 -24.49999999999995 1
vertex 65.58527096604836 -24.442355841209693 0
vertex 64.99999999999999 -24.5 0
endloop
endfacet
facet normal -0.2902846772544619 0.956940335732209 0
outer loop
vertex 65.58527096604837 -24.44235584120952 1
vertex 66.1480502970953 -24.271638597533954 1
vertex 66.14805029709532 -24.271638597533855 0
endloop
endfacet
facet normal -0.2902846772544619 0.956940335732209 0
outer loop
vertex 65.58527096604837 -24.44235584120952 1
vertex 66.14805029709532 -24.271638597533855 0
vertex 65.58527096604836 -24.442355841209693 0
endloop
endfacet
facet normal -0.47139673682598743 0.8819212643483606 0
outer loop
vertex 66.1480502970953 -24.271638597533954 1
vertex 66.6667106990588 -23.994408836907564 1.0000000000000004
vertex 66.66671069905878 -23.99440883690764 0
endloop
endfacet
facet normal -0.47139673682598743 0.8819212643483606 0
outer loop
vertex 66.1480502970953 -24.271638597533954 1
vertex 66.66671069905878 -23.99440883690764 0
vertex 66.14805029709532 -24.271638597533855 0
endloop
endfacet
facet normal -0.6343932841636484 0.7730104533627347 0
outer loop
vertex 66.6667106990588 -23.994408836907564 1.0000000000000004
vertex 67.12132034355974 -23.62132034355977 1
vertex 67.12132034355966 -23.621320343559663 0
endloop
endfacet
facet normal -0.6343932841636484 0.7730104533627347 0
outer loop
vertex 66.6667106990588 -23.994408836907564 1.0000000000000004
vertex 67.12132034355966 -23.621320343559663 0
vertex 66.66671069905878 -23.99440883690764 0
endloop
endfacet
facet normal -0.7730104533627347 0.6343932841636484 0
outer loop
vertex 67.12132034355974 -23.62132034355977 1
vertex 67.49440883690757 -23.166710699058754 1
vertex 67.49440883690764 -23.166710699058758 0
endloop
endfacet
facet normal -0.7730104533627347 0.6343932841636484 0
outer loop
vertex 67.12132034355974 -23.62132034355977 1
vertex 67.49440883690764 -23.166710699058758 0
vertex 67.12132034355966 -23.621320343559663 0
endloop
endfacet
facet normal -0.8819212643483568 0.4713967368259944 0
outer loop
vertex 67.49440883690757 -23.166710699058754 1
vertex 67.771638597534 -22.64805029709534 1.0000000000000004
vertex 67.77163859753385 -22.64805029709529 0
endloop
endfacet
facet normal -0.8819212643483568 0.4713967368259944 0
outer loop
vertex 67.49440883690757 -23.166710699058754 1
vertex 67.77163859753385 -22.64805029709529 0
vertex 67.49440883690764 -23.166710699058758 0
endloop
endfacet
facet normal -0.9569403357322133 0.2902846772544479 0
outer loop
vertex 67.771638597534 -22.64805029709534 1.0000000000000004
vertex 67.94235584120975 -22.08527096604839 1
vertex 67.94235584120969 -22.085270966048366 0
endloop
endfacet
facet normal -0.9569403357322133 0.2902846772544479 0
outer loop
vertex 67.771638597534 -22.64805029709534 1.0000000000000004
vertex 67.94235584120969 -22.085270966048366 0
vertex 67.77163859753385 -22.64805029709529 0
endloop
endfacet
facet normal -0.9951847266721969 0.09801714032956006 0
outer loop
vertex 98.19594144120974 -31.62418986604839 1
vertex 98.25358560000005 -31.038918900000002 1
vertex 98.2535856 -31.038918899999913 0
endloop
endfacet
facet normal -0.9951847266721969 0.09801714032956006 0
outer loop
vertex 98.19594144120974 -31.62418986604839 1
vertex 98.2535856 -31.038918899999913 0
vertex 98.19594144120967 -31.62418986604839 0
endloop
endfacet
facet normal -0.9951847266721984 -0.09801714032954582 0
outer loop
vertex 98.25358560000005 -31.038918900000002 1
vertex 98.19594144120892 -30.453647933951697 1
vertex 98.19594144120971 -30.453647933951714 0
endloop
endfacet
facet normal -0.9951847266721984 -0.09801714032954582 0
outer loop
vertex 98.25358560000005 -31.038918900000002 1
vertex 98.19594144120971 -30.453647933951714 0
vertex 98.2535856 -31.038918899999913 0
endloop
endfacet
facet normal -0.9569403357322133 -0.2902846772544479 0
outer loop
vertex 98.19594144120892 -30.453647933951697 1
vertex 98.0252241975337 -29.89086860290477 1
vertex 98.02522419753386 -29.890868602904725 0
endloop
endfacet
facet normal -0.9569403357322133 -0.2902846772544479 0
outer loop
vertex 98.19594144120892 -30.453647933951697 1
vertex 98.02522419753386 -29.890868602904725 0
vertex 98.19594144120971 -30.453647933951714 0
endloop
endfacet
facet normal -0.8819212643483567 -0.47139673682599437 0
outer loop
vertex 98.0252241975337 -29.89086860290477 1
vertex 97.74799443690729 -29.372208200941387 1
vertex 97.74799443690763 -29.372208200941195 0
endloop
endfacet
facet normal -0.8819212643483567 -0.47139673682599437 0
outer loop
vertex 98.0252241975337 -29.89086860290477 1
vertex 97.74799443690763 -29.372208200941195 0
vertex 98.02522419753386 -29.890868602904725 0
endloop
endfacet
facet normal -0.7730104533627382 -0.634393284163644 0
outer loop
vertex 97.74799443690729 -29.372208200941387 1
vertex 97.37490594355947 -28.91759855644051 1
vertex 97.37490594355963 -28.917598556440346 0
endloop
endfacet
facet normal -0.7730104533627382 -0.634393284163644 0
outer loop
vertex 97.74799443690729 -29.372208200941387 1
vertex 97.37490594355963 -28.917598556440346 0
vertex 97.74799443690763 -29.372208200941195 0
endloop
endfacet
facet normal -0.6343932841636462 -0.7730104533627364 0
outer loop
vertex 97.37490594355947 -28.91759855644051 1
vertex 96.92029629905883 -28.54451006309235 1
vertex 96.92029629905878 -28.54451006309234 0
endloop
endfacet
facet normal -0.6343932841636462 -0.7730104533627364 0
outer loop
vertex 97.37490594355947 -28.91759855644051 1
vertex 96.92029629905878 -28.54451006309234 0
vertex 97.37490594355963 -28.917598556440346 0
endloop
endfacet
facet normal -0.4713967368259909 -0.8819212643483587 0
outer loop
vertex 96.92029629905883 -28.54451006309235 1
vertex 96.40163589709533 -28.267280302466048 1.0000000000000004
vertex 96.4016358970953 -28.267280302466155 0
endloop
endfacet
facet normal -0.4713967368259909 -0.8819212643483587 0
outer loop
vertex 96.92029629905883 -28.54451006309235 1
vertex 96.4016358970953 -28.267280302466155 0
vertex 96.92029629905878 -28.54451006309234 0
endloop
endfacet
facet normal -0.29028467725446105 -0.9569403357322093 0
outer loop
vertex 96.40163589709533 -28.267280302466048 1.0000000000000004
vertex 95.8388565660484 -28.096563058790203 1
vertex 95.83885656604838 -28.096563058790302 0
endloop
endfacet
facet normal -0.29028467725446105 -0.9569403357322093 0
outer loop
vertex 96.40163589709533 -28.267280302466048 1.0000000000000004
vertex 95.83885656604838 -28.096563058790302 0
vertex 96.4016358970953 -28.267280302466155 0
endloop
endfacet
facet normal -0.09801714032956355 -0.9951847266721967 0
outer loop
vertex 95.8388565660484 -28.096563058790203 1
vertex 95.25358560000001 -28.038918900000027 1.0000000000000004
vertex 95.25358560000002 -28.0389189 0
endloop
endfacet
facet normal -0.09801714032956355 -0.9951847266721967 0
outer loop
vertex 95.8388565660484 -28.096563058790203 1
vertex 95.25358560000002 -28.0389189 0
vertex 95.83885656604838 -28.096563058790302 0
endloop
endfacet
facet normal 0.0980171403295671 -0.9951847266721963 0
outer loop
vertex 95.25358560000001 -28.038918900000027 1.0000000000000004
vertex 94.66831463395158 -28.096563058790053 1
vertex 94.66831463395171 -28.096563058790302 0
endloop
endfacet
facet normal 0.0980171403295671 -0.9951847266721963 0
outer loop
vertex 95.25358560000001 -28.038918900000027 1.0000000000000004
vertex 94.66831463395171 -28.096563058790302 0
vertex 95.25358560000002 -28.0389189 0
endloop
endfacet
facet normal 0.29028467725446194 -0.956940335732209 0
outer loop
vertex 94.66831463395158 -28.096563058790053 1
vertex 94.1055353029048 -28.267280302466386 1.0000000000000004
vertex 94.10553530290466 -28.267280302466155 0
endloop
endfacet
facet normal 0.29028467725446194 -0.956940335732209 0
outer loop
vertex 94.66831463395158 -28.096563058790053 1
vertex 94.10553530290466 -28.267280302466155 0
vertex 94.66831463395171 -28.096563058790302 0
endloop
endfacet
facet normal 0.4713967368259944 -0.8819212643483568 0
outer loop
vertex 94.1055353029048 -28.267280302466386 1.0000000000000004
vertex 93.58687490094115 -28.544510063092297 1.0000000000000004
vertex 93.58687490094121 -28.54451006309234 0
endloop
endfacet
facet normal 0.4713967368259944 -0.8819212643483568 0
outer loop
vertex 94.1055353029048 -28.267280302466386 1.0000000000000004
vertex 93.58687490094121 -28.54451006309234 0
vertex 94.10553530290466 -28.267280302466155 0
endloop
endfacet
facet normal 0.6343932841636518 -0.7730104533627319 0
outer loop
vertex 93.58687490094115 -28.544510063092297 1.0000000000000004
vertex 93.13226525644025 -28.917598556440225 1.0000000000000004
vertex 93.13226525644036 -28.917598556440346 0
endloop
endfacet
facet normal 0.6343932841636518 -0.7730104533627319 0
outer loop
vertex 93.58687490094115 -28.544510063092297 1.0000000000000004
vertex 93.13226525644036 -28.917598556440346 0
vertex 93.58687490094121 -28.54451006309234 0
endloop
endfacet
facet normal 0.7730104533627319 -0.6343932841636518 0
outer loop
vertex 93.13226525644025 -28.917598556440225 1.0000000000000004
vertex 92.75917676309261 -29.372208200941397 1.0000000000000004
vertex 92.7591767630924 -29.372208200941195 0
endloop
endfacet
facet normal 0.7730104533627319 -0.6343932841636518 0
outer loop
vertex 93.13226525644025 -28.917598556440225 1.0000000000000004
vertex 92.7591767630924 -29.372208200941195 0
vertex 93.13226525644036 -28.917598556440346 0
endloop
endfacet
facet normal 0.8819212643483568 -0.4713967368259944 0
outer loop
vertex 92.75917676309261 -29.372208200941397 1.0000000000000004
vertex 92.48194700246611 -29.890868602904717 1.0000000000000004
vertex 92.48194700246611 -29.890868602904725 0
endloop
endfacet
facet normal 0.8819212643483568 -0.4713967368259944 0
outer loop
vertex 92.75917676309261 -29.372208200941397 1.0000000000000004
vertex 92.48194700246611 -29.890868602904725 0
vertex 92.7591767630924 -29.372208200941195 0
endloop
endfacet
facet normal 0.9569403357322133 -0.2902846772544479 0
outer loop
vertex 92.48194700246611 -29.890868602904717 1.0000000000000004
vertex 92.31122975879036 -30.453647933951626 1
vertex 92.31122975879026 -30.453647933951714 0
endloop
endfacet
facet normal 0.9569403357322133 -0.2902846772544479 0
outer loop
vertex 92.48194700246611 -29.890868602904717 1.0000000000000004
vertex 92.31122975879026 -30.453647933951714 0
vertex 92.48194700246611 -29.890868602904725 0
endloop
endfacet
facet normal 0.9951847266721984 -0.09801714032954581 0
outer loop
vertex 92.31122975879036 -30.453647933951626 1
vertex 92.25358560000058 -31.038918900000056 1
vertex 92.2535856 -31.038918899999913 0
endloop
endfacet
facet normal 0.9951847266721984 -0.09801714032954581 0
outer loop
vertex 92.31122975879036 -30.453647933951626 1
vertex 92.2535856 -31.038918899999913 0
vertex 92.31122975879026 -30.453647933951714 0
endloop
endfacet
facet normal 0.9951847266721956 0.09801714032957423 0
outer loop
vertex 92.25358560000058 -31.038918900000056 1
vertex 92.31122975879077 -31.62418986604834 1
vertex 92.31122975879032 -31.62418986604839 0
endloop
endfacet
facet normal 0.9951847266721956 0.09801714032957423 0
outer loop
vertex 92.25358560000058 -31.038918900000056 1
vertex 92.31122975879032 -31.62418986604839 0
vertex 92.2535856 -31.038918899999913 0
endloop
endfacet
facet normal 0.9569403357322133 0.2902846772544479 0
outer loop
vertex 92.31122975879077 -31.62418986604834 1
vertex 92.48194700246592 -32.18696919709533 1
vertex 92.48194700246613 -32.18696919709526 0
endloop
endfacet
facet normal 0.9569403357322133 0.2902846772544479 0
outer loop
vertex 92.31122975879077 -31.62418986604834 1
vertex 92.48194700246613 -32.18696919709526 0
vertex 92.31122975879032 -31.62418986604839 0
endloop
endfacet
facet normal 0.8819212643483568 0.4713967368259944 0
outer loop
vertex 92.48194700246592 -32.18696919709533 1
vertex 92.75917676309194 -32.70562959905904 1.0000000000000004
vertex 92.75917676309237 -32.70562959905881 0
endloop
endfacet
facet normal 0.8819212643483568 0.4713967368259944 0
outer loop
vertex 92.48194700246592 -32.18696919709533 1
vertex 92.75917676309237 -32.70562959905881 0
vertex 92.48194700246613 -32.18696919709526 0
endloop
endfacet
facet normal 0.7730104533627395 0.6343932841636424 0
outer loop
vertex 92.75917676309194 -32.70562959905904 1.0000000000000004
vertex 93.13226525644052 -33.16023924355951 1
vertex 93.13226525644038 -33.16023924355967 0
endloop
endfacet
facet normal 0.7730104533627395 0.6343932841636424 0
outer loop
vertex 92.75917676309194 -32.70562959905904 1.0000000000000004
vertex 93.13226525644038 -33.16023924355967 0
vertex 92.75917676309237 -32.70562959905881 0
endloop
endfacet
facet normal 0.6343932841636462 0.7730104533627363 0
outer loop
vertex 93.13226525644052 -33.16023924355951 1
vertex 93.58687490094118 -33.533327736907665 1
vertex 93.58687490094117 -33.53332773690763 0
endloop
endfacet
facet normal 0.6343932841636462 0.7730104533627363 0
outer loop
vertex 93.13226525644052 -33.16023924355951 1
vertex 93.58687490094117 -33.53332773690763 0
vertex 93.13226525644038 -33.16023924355967 0
endloop
endfacet
facet normal 0.4713967368259839 0.8819212643483624 0
outer loop
vertex 93.58687490094118 -33.533327736907665 1
vertex 94.10553530290487 -33.81055749753361 1
vertex 94.10553530290471 -33.81055749753385 0
endloop
endfacet
facet normal 0.4713967368259839 0.8819212643483624 0
outer loop
vertex 93.58687490094118 -33.533327736907665 1
vertex 94.10553530290471 -33.81055749753385 0
vertex 93.58687490094117 -33.53332773690763 0
endloop
endfacet
facet normal 0.29028467725446294 0.9569403357322087 0
outer loop
vertex 94.10553530290487 -33.81055749753361 1
vertex 94.66831463395162 -33.98127474120965 1
vertex 94.6683146339516 -33.98127474120968 0
endloop
endfacet
facet normal 0.29028467725446294 0.9569403357322087 0
outer loop
vertex 94.10553530290487 -33.81055749753361 1
vertex 94.6683146339516 -33.98127474120968 0
vertex 94.10553530290471 -33.81055749753385 0
endloop
endfacet
facet normal 0.09801714032955999 0.9951847266721969 0
outer loop
vertex 94.66831463395162 -33.98127474120965 1
vertex 95.25358560000001 -34.03891889999977 1
vertex 95.25358560000004 -34.0389189 0
endloop
endfacet
facet normal 0.09801714032955999 0.9951847266721969 0
outer loop
vertex 94.66831463395162 -33.98127474120965 1
vertex 95.25358560000004 -34.0389189 0
vertex 94.6683146339516 -33.98127474120968 0
endloop
endfacet
facet normal -0.0980171403295671 0.9951847266721963 0
outer loop
vertex 95.25358560000001 -34.03891889999977 1
vertex 95.83885656604836 -33.981274741209425 1
vertex 95.8388565660483 -33.98127474120968 0
endloop
endfacet
facet normal -0.0980171403295671 0.9951847266721963 0
outer loop
vertex 95.25358560000001 -34.03891889999977 1
vertex 95.8388565660483 -33.98127474120968 0
vertex 95.25358560000004 -34.0389189 0
endloop
endfacet
facet normal -0.29028467725446194 0.956940335732209 0
outer loop
vertex 95.83885656604836 -33.981274741209425 1
vertex 96.40163589709536 -33.81055749753414 1.0000000000000004
vertex 96.40163589709532 -33.81055749753385 0
endloop
endfacet
facet normal -0.29028467725446194 0.956940335732209 0
outer loop
vertex 95.83885656604836 -33.981274741209425 1
vertex 96.40163589709532 -33.81055749753385 0
vertex 95.8388565660483 -33.98127474120968 0
endloop
endfacet
facet normal -0.4713967368259664 0.8819212643483717 0
outer loop
vertex 96.40163589709536 -33.81055749753414 1.0000000000000004
vertex 96.92029629905943 -33.5333277369088 1
vertex 96.92029629905879 -33.53332773690763 0
endloop
endfacet
facet normal -0.4713967368259664 0.8819212643483717 0
outer loop
vertex 96.40163589709536 -33.81055749753414 1.0000000000000004
vertex 96.92029629905879 -33.53332773690763 0
vertex 96.40163589709532 -33.81055749753385 0
endloop
endfacet
facet normal -0.6343932841636518 0.7730104533627319 0
outer loop
vertex 96.92029629905943 -33.5333277369088 1
vertex 97.37490594355953 -33.16023924355948 1.0000000000000004
vertex 97.37490594355963 -33.16023924355967 0
endloop
endfacet
facet normal -0.6343932841636518 0.7730104533627319 0
outer loop
vertex 96.92029629905943 -33.5333277369088 1
vertex 97.37490594355963 -33.16023924355967 0
vertex 96.92029629905879 -33.53332773690763 0
endloop
endfacet
facet normal -0.7730104533627445 0.6343932841636364 0
outer loop
vertex 97.37490594355953 -33.16023924355948 1.0000000000000004
vertex 97.74799443690752 -32.705629599058696 1.0000000000000004
vertex 97.74799443690766 -32.70562959905881 0
endloop
endfacet
facet normal -0.7730104533627445 0.6343932841636364 0
outer loop
vertex 97.37490594355953 -33.16023924355948 1.0000000000000004
vertex 97.74799443690766 -32.70562959905881 0
vertex 97.37490594355963 -33.16023924355967 0
endloop
endfacet
facet normal -0.8819212643483494 0.47139673682600847 0
outer loop
vertex 97.74799443690752 -32.705629599058696 1.0000000000000004
vertex 98.02522419753394 -32.18696919709531 1.0000000000000004
vertex 98.02522419753384 -32.18696919709526 0
endloop
endfacet
facet normal -0.8819212643483494 0.47139673682600847 0
outer loop
vertex 97.74799443690752 -32.705629599058696 1.0000000000000004
vertex 98.02522419753384 -32.18696919709526 0
vertex 97.74799443690766 -32.70562959905881 0
endloop
endfacet
facet normal -0.9569403357322133 0.2902846772544479 0
outer loop
vertex 98.02522419753394 -32.18696919709531 1.0000000000000004
vertex 98.19594144120974 -31.62418986604839 1
vertex 98.19594144120967 -31.62418986604839 0
endloop
endfacet
facet normal -0.9569403357322133 0.2902846772544479 0
outer loop
vertex 98.02522419753394 -32.18696919709531 1.0000000000000004
vertex 98.19594144120967 -31.62418986604839 0
vertex 98.02522419753384 -32.18696919709526 0
endloop
endfacet
facet normal -0.9951847266721969 0.09801714032956006 0
outer loop
vertex 103.74235584120946 33.91472903395164 1
vertex 103.79999999999976 34.500000000000014 1
vertex 103.80000000000001 34.49999999999996 0
endloop
endfacet
facet normal -0.9951847266721969 0.09801714032956006 0
outer loop
vertex 103.74235584120946 33.91472903395164 1
vertex 103.80000000000001 34.49999999999996 0
vertex 103.7423558412097 33.9147290339516 0
endloop
endfacet
facet normal -0.9951847266721969 -0.09801714032956006 0
outer loop
vertex 103.79999999999976 34.500000000000014 1
vertex 103.74235584120976 35.08527096604839 1
vertex 103.7423558412097 35.08527096604833 0
endloop
endfacet
facet normal -0.9951847266721969 -0.09801714032956006 0
outer loop
vertex 103.79999999999976 34.500000000000014 1
vertex 103.7423558412097 35.08527096604833 0
vertex 103.80000000000001 34.49999999999996 0
endloop
endfacet
facet normal -0.9569403357322136 -0.29028467725444695 0
outer loop
vertex 103.74235584120976 35.08527096604839 1
vertex 103.57163859753392 35.64805029709528 1
vertex 103.57163859753386 35.64805029709526 0
endloop
endfacet
facet normal -0.9569403357322136 -0.29028467725444695 0
outer loop
vertex 103.74235584120976 35.08527096604839 1
vertex 103.57163859753386 35.64805029709526 0
vertex 103.7423558412097 35.08527096604833 0
endloop
endfacet
facet normal -0.8819212643483567 -0.47139673682599437 0
outer loop
vertex 103.57163859753392 35.64805029709528 1
vertex 103.29440883690752 36.16671069905875 1
vertex 103.29440883690765 36.166710699058775 0
endloop
endfacet
facet normal -0.8819212643483567 -0.47139673682599437 0
outer loop
vertex 103.57163859753392 35.64805029709528 1
vertex 103.29440883690765 36.166710699058775 0
vertex 103.57163859753386 35.64805029709526 0
endloop
endfacet
facet normal -0.7730104533627572 -0.6343932841636208 0
outer loop
vertex 103.29440883690752 36.16671069905875 1
vertex 102.92132034355915 36.62132034355923 1
vertex 102.92132034355957 36.621320343559724 0
endloop
endfacet
facet normal -0.7730104533627572 -0.6343932841636208 0
outer loop
vertex 103.29440883690752 36.16671069905875 1
vertex 102.92132034355957 36.621320343559724 0
vertex 103.29440883690765 36.166710699058775 0
endloop
endfacet
facet normal -0.6343932841636484 -0.7730104533627347 0
outer loop
vertex 102.92132034355915 36.62132034355923 1
vertex 102.46671069905862 36.99440883690742 1
vertex 102.46671069905886 36.99440883690762 0
endloop
endfacet
facet normal -0.6343932841636484 -0.7730104533627347 0
outer loop
vertex 102.92132034355915 36.62132034355923 1
vertex 102.46671069905886 36.99440883690762 0
vertex 102.92132034355957 36.621320343559724 0
endloop
endfacet
facet normal -0.47139673682599437 -0.8819212643483567 0
outer loop
vertex 102.46671069905862 36.99440883690742 1
vertex 101.94805029709511 37.27163859753357 1
vertex 101.94805029709528 37.271638597533865 0
endloop
endfacet
facet normal -0.47139673682599437 -0.8819212643483567 0
outer loop
vertex 102.46671069905862 36.99440883690742 1
vertex 101.94805029709528 37.271638597533865 0
vertex 102.46671069905886 36.99440883690762 0
endloop
endfacet
facet normal -0.2902846772544619 -0.956940335732209 0
outer loop
vertex 101.94805029709511 37.27163859753357 1
vertex 101.38527096604842 37.44235584120979 1
vertex 101.38527096604841 37.4423558412097 0
endloop
endfacet
facet normal -0.2902846772544619 -0.956940335732209 0
outer loop
vertex 101.94805029709511 37.27163859753357 1
vertex 101.38527096604841 37.4423558412097 0
vertex 101.94805029709528 37.271638597533865 0
endloop
endfacet
facet normal -0.0980171403295671 -0.9951847266721963 0
outer loop
vertex 101.38527096604842 37.44235584120979 1
vertex 100.79999999999997 37.499999999999744 1
vertex 100.80000000000004 37.5 0
endloop
endfacet
facet normal -0.0980171403295671 -0.9951847266721963 0
outer loop
vertex 101.38527096604842 37.44235584120979 1
vertex 100.80000000000004 37.5 0
vertex 101.38527096604841 37.4423558412097 0
endloop
endfacet
facet normal 0.09801714032956002 -0.9951847266721969 0
outer loop
vertex 100.79999999999997 37.499999999999744 1
vertex 100.21472903395163 37.44235584120944 1
vertex 100.21472903395173 37.4423558412097 0
endloop
endfacet
facet normal 0.09801714032956002 -0.9951847266721969 0
outer loop
vertex 100.79999999999997 37.499999999999744 1
vertex 100.21472903395173 37.4423558412097 0
vertex 100.80000000000004 37.5 0
endloop
endfacet
facet normal 0.290284677254463 -0.9569403357322087 0
outer loop
vertex 100.21472903395163 37.44235584120944 1
vertex 99.65194970290477 37.27163859753377 1
vertex 99.65194970290474 37.271638597533865 0
endloop
endfacet
facet normal 0.290284677254463 -0.9569403357322087 0
outer loop
vertex 100.21472903395163 37.44235584120944 1
vertex 99.65194970290474 37.271638597533865 0
vertex 100.21472903395173 37.4423558412097 0
endloop
endfacet
facet normal 0.4713967368259839 -0.8819212643483624 0
outer loop
vertex 99.65194970290477 37.27163859753377 1
vertex 99.13328930094131 36.99440883690738 1
vertex 99.1332892909532 36.99440883690762 0
endloop
endfacet
facet normal 0.4713967368259839 -0.8819212643483624 0
outer loop
vertex 99.65194970290477 37.27163859753377 1
vertex 99.1332892909532 36.99440883690762 0
vertex 99.65194970290474 37.271638597533865 0
endloop
endfacet
facet normal 0.634393284163644 -0.7730104533627382 0
outer loop
vertex 99.13328930094131 36.99440883690738 1
vertex 98.67867965644056 36.621320343559404 1
vertex 98.67867965644047 36.621320343559724 0
endloop
endfacet
facet normal 0.634393284163644 -0.7730104533627382 0
outer loop
vertex 99.13328930094131 36.99440883690738 1
vertex 98.67867965644047 36.621320343559724 0
vertex 99.1332892909532 36.99440883690762 0
endloop
endfacet
facet normal 0.7730104533627444 -0.6343932841636364 0
outer loop
vertex 98.67867965644056 36.621320343559404 1
vertex 98.30559116309209 36.166710699059024 1
vertex 98.30559116309232 36.166710699058775 0
endloop
endfacet
facet normal 0.7730104533627444 -0.6343932841636364 0
outer loop
vertex 98.67867965644056 36.621320343559404 1
vertex 98.30559116309232 36.166710699058775 0
vertex 98.67867965644047 36.621320343559724 0
endloop
endfacet
facet normal 0.8819212643483494 -0.47139673682600847 0
outer loop
vertex 98.30559116309209 36.166710699059024 1
vertex 98.0283614024666 35.64805029709504 1.0000000000000004
vertex 98.02836140246612 35.64805029709526 0
endloop
endfacet
facet normal 0.8819212643483494 -0.47139673682600847 0
outer loop
vertex 98.30559116309209 36.166710699059024 1
vertex 98.02836140246612 35.64805029709526 0
vertex 98.30559116309232 36.166710699058775 0
endloop
endfacet
facet normal 0.9569403357322133 -0.2902846772544479 0
outer loop
vertex 98.0283614024666 35.64805029709504 1.0000000000000004
vertex 97.85764415879004 35.08527096604847 1
vertex 97.85764415879024 35.08527096604833 0
endloop
endfacet
facet normal 0.9569403357322133 -0.2902846772544479 0
outer loop
vertex 98.0283614024666 35.64805029709504 1.0000000000000004
vertex 97.85764415879024 35.08527096604833 0
vertex 98.02836140246612 35.64805029709526 0
endloop
endfacet
facet normal 0.9951847266721956 -0.09801714032957413 0
outer loop
vertex 97.85764415879004 35.08527096604847 1
vertex 97.8000000000003 34.49999999999998 1
vertex 97.80000000000001 34.49999999999996 0
endloop
endfacet
facet normal 0.9951847266721956 -0.09801714032957413 0
outer loop
vertex 97.85764415879004 35.08527096604847 1
vertex 97.80000000000001 34.49999999999996 0
vertex 97.85764415879024 35.08527096604833 0
endloop
endfacet
facet normal 0.9951847266721956 0.09801714032957413 0
outer loop
vertex 97.8000000000003 34.49999999999998 1
vertex 97.85764415879011 33.9147290339516 1
vertex 97.85764415879031 33.9147290339516 0
endloop
endfacet
facet normal 0.9951847266721956 0.09801714032957413 0
outer loop
vertex 97.8000000000003 34.49999999999998 1
vertex 97.85764415879031 33.9147290339516 0
vertex 97.80000000000001 34.49999999999996 0
endloop
endfacet
facet normal 0.9569403357322133 0.2902846772544479 0
outer loop
vertex 97.85764415879011 33.9147290339516 1
vertex 98.02836140246613 33.35194970290473 1
vertex 98.02836140246613 33.35194970290474 0
endloop
endfacet
facet normal 0.9569403357322133 0.2902846772544479 0
outer loop
vertex 97.85764415879011 33.9147290339516 1
vertex 98.02836140246613 33.35194970290474 0
vertex 97.85764415879031 33.9147290339516 0
endloop
endfacet
facet normal 0.8819212643483568 0.4713967368259944 0
outer loop
vertex 98.02836140246613 33.35194970290473 1
vertex 98.30559116309229 32.833289300941146 1.0000000000000004
vertex 98.30559116309239 32.83328930094116 0
endloop
endfacet
facet normal 0.8819212643483568 0.4713967368259944 0
outer loop
vertex 98.02836140246613 33.35194970290473 1
vertex 98.30559116309239 32.83328930094116 0
vertex 98.02836140246613 33.35194970290474 0
endloop
endfacet
facet normal 0.7730104533627347 0.6343932841636484 0
outer loop
vertex 98.30559116309229 32.833289300941146 1.0000000000000004
vertex 98.67867965644047 32.37867965644044 1
vertex 98.67867965644032 32.378679656440376 0
endloop
endfacet
facet normal 0.7730104533627347 0.6343932841636484 0
outer loop
vertex 98.30559116309229 32.833289300941146 1.0000000000000004
vertex 98.67867965644032 32.378679656440376 0
vertex 98.30559116309239 32.83328930094116 0
endloop
endfacet
facet normal 0.6343932841636518 0.7730104533627319 0
outer loop
vertex 98.67867965644047 32.37867965644044 1
vertex 99.13328930094107 32.005591163092205 1.0000000000000004
vertex 99.13328930094126 32.005591163092305 0
endloop
endfacet
facet normal 0.6343932841636518 0.7730104533627319 0
outer loop
vertex 98.67867965644047 32.37867965644044 1
vertex 99.13328930094126 32.005591163092305 0
vertex 98.67867965644032 32.378679656440376 0
endloop
endfacet
facet normal 0.47139673682598043 0.8819212643483644 0
outer loop
vertex 99.13328930094107 32.005591163092205 1.0000000000000004
vertex 99.65194970290506 31.728361402466682 1.0000000000000004
vertex 99.65194970290466 31.72836140246616 0
endloop
endfacet
facet normal 0.47139673682598043 0.8819212643483644 0
outer loop
vertex 99.13328930094107 32.005591163092205 1.0000000000000004
vertex 99.65194970290466 31.72836140246616 0
vertex 99.13328930094126 32.005591163092305 0
endloop
endfacet
facet normal 0.29028467725446194 0.956940335732209 0
outer loop
vertex 99.65194970290506 31.728361402466682 1.0000000000000004
vertex 100.21472903395167 31.55764415879047 1.0000000000000004
vertex 100.2147290339516 31.55764415879031 0
endloop
endfacet
facet normal 0.29028467725446194 0.956940335732209 0
outer loop
vertex 99.65194970290506 31.728361402466682 1.0000000000000004
vertex 100.2147290339516 31.55764415879031 0
vertex 99.65194970290466 31.72836140246616 0
endloop
endfacet
facet normal 0.09801714032955998 0.995184726672197 0
outer loop
vertex 100.21472903395167 31.55764415879047 1.0000000000000004
vertex 100.80000000000003 31.500000000000036 1.0000000000000004
vertex 100.80000000000001 31.499999999999996 0
endloop
endfacet
facet normal 0.09801714032955998 0.995184726672197 0
outer loop
vertex 100.21472903395167 31.55764415879047 1.0000000000000004
vertex 100.80000000000001 31.499999999999996 0
vertex 100.2147290339516 31.55764415879031 0
endloop
endfacet
facet normal -0.09801714032956355 0.9951847266721967 0
outer loop
vertex 100.80000000000003 31.500000000000036 1.0000000000000004
vertex 101.3852709660484 31.55764415879034 1.0000000000000004
vertex 101.38527096604838 31.55764415879031 0
endloop
endfacet
facet normal -0.09801714032956355 0.9951847266721967 0
outer loop
vertex 100.80000000000003 31.500000000000036 1.0000000000000004
vertex 101.38527096604838 31.55764415879031 0
vertex 100.80000000000001 31.499999999999996 0
endloop
endfacet
facet normal -0.2902846772544625 0.9569403357322088 0
outer loop
vertex 101.3852709660484 31.55764415879034 1.0000000000000004
vertex 101.94805029709528 31.728361402466106 1
vertex 101.94805029709524 31.72836140246616 0
endloop
endfacet
facet normal -0.2902846772544625 0.9569403357322088 0
outer loop
vertex 101.3852709660484 31.55764415879034 1.0000000000000004
vertex 101.94805029709524 31.72836140246616 0
vertex 101.38527096604838 31.55764415879031 0
endloop
endfacet
facet normal -0.4713967368259839 0.8819212643483624 0
outer loop
vertex 101.94805029709528 31.728361402466106 1
vertex 102.46671069905895 32.0055911630921 1
vertex 102.46671069905878 32.005591163092305 0
endloop
endfacet
facet normal -0.4713967368259839 0.8819212643483624 0
outer loop
vertex 101.94805029709528 31.728361402466106 1
vertex 102.46671069905878 32.005591163092305 0
vertex 101.94805029709524 31.72836140246616 0
endloop
endfacet
facet normal -0.6343932841636462 0.7730104533627364 0
outer loop
vertex 102.46671069905895 32.0055911630921 1
vertex 102.92132034355961 32.37867965644038 1
vertex 102.92132034355967 32.378679656440376 0
endloop
endfacet
facet normal -0.6343932841636462 0.7730104533627364 0
outer loop
vertex 102.46671069905895 32.0055911630921 1
vertex 102.92132034355967 32.378679656440376 0
vertex 102.46671069905878 32.005591163092305 0
endloop
endfacet
facet normal -0.7730104533627444 0.6343932841636364 0
outer loop
vertex 102.92132034355961 32.37867965644038 1
vertex 103.29440883690737 32.83328930094143 1
vertex 103.29440883690766 32.83328930094116 0
endloop
endfacet
facet normal -0.7730104533627444 0.6343932841636364 0
outer loop
vertex 102.92132034355961 32.37867965644038 1
vertex 103.29440883690766 32.83328930094116 0
vertex 102.92132034355967 32.378679656440376 0
endloop
endfacet
facet normal -0.8819212643483494 0.47139673682600847 0
outer loop
vertex 103.29440883690737 32.83328930094143 1
vertex 103.57163859753405 33.35194970290466 1.0000000000000004
vertex 103.57163859753383 33.35194970290474 0
endloop
endfacet
facet normal -0.8819212643483494 0.47139673682600847 0
outer loop
vertex 103.29440883690737 32.83328930094143 1
vertex 103.57163859753383 33.35194970290474 0
vertex 103.29440883690766 32.83328930094116 0
endloop
endfacet
facet normal -0.9569403357322133 0.2902846772544479 0
outer loop
vertex 103.57163859753405 33.35194970290466 1.0000000000000004
vertex 103.74235584120946 33.91472903395164 1
vertex 103.7423558412097 33.9147290339516 0
endloop
endfacet
facet normal -0.9569403357322133 0.2902846772544479 0
outer loop
vertex 103.57163859753405 33.35194970290466 1.0000000000000004
vertex 103.7423558412097 33.9147290339516 0
vertex 103.57163859753383 33.35194970290474 0
endloop
endfacet
facet normal 0 0 1
outer loop
vertex 85.6560722576152 -9.784628224322628 1
vertex 85.80614674588992 -9.739103626009403 1
vertex 85.94445618641691 -9.665175689841615 1
endloop
endfacet
facet normal 0 0 1
outer loop
vertex 85.6560722576152 -9.784628224322628 1
vertex 85.94445618641691 -9.665175689841615 1
vertex 86.06568542494796 -9.5656854249493 1
endloop
endfacet
facet normal 0 0 1
outer loop
vertex 85.6560722576152 -9.784628224322628 1
vertex 86.06568542494796 -9.5656854249493 1
vertex 86.16517568984271 -9.44445618641874 1
endloop
endfacet
facet normal 0 0 1
outer loop
vertex 85.6560722576152 -9.784628224322628 1
vertex 86.16517568984271 -9.44445618641874 1
vertex 86.2391036260088 -9.306146745889327 1
endloop
endfacet
facet normal 0 0 1
outer loop
vertex 85.6560722576152 -9.784628224322628 1
vertex 86.2391036260088 -9.306146745889327 1
vertex 86.28462822432262 -9.156072257613788 1
endloop
endfacet
facet normal 0 0 1
outer loop
vertex 85.6560722576152 -9.784628224322628 1
vertex 86.28462822432262 -9.156072257613788 1
vertex 86.30000000000004 -8.999999999999815 1
endloop
endfacet
facet normal 0 0 1
outer loop
vertex 85.6560722576152 -9.784628224322628 1
vertex 86.30000000000004 -8.999999999999815 1
vertex 86.28462822432276 -8.843927742386791 1
endloop
endfacet
facet normal 0 0 1
outer loop
vertex 85.6560722576152 -9.784628224322628 1
vertex 86.28462822432276 -8.843927742386791 1
vertex 86.23910362600893 -8.693853254107916 1
endloop
endfacet
facet normal 0 0 1
outer loop
vertex 85.6560722576152 -9.784628224322628 1
vertex 86.23910362600893 -8.693853254107916 1
vertex 86.16517568984239 -8.5555438135852 1
endloop
endfacet
facet normal 0 0 1
outer loop
vertex 85.6560722576152 -9.784628224322628 1
vertex 86.16517568984239 -8.5555438135852 1
vertex 86.06568542494888 -8.434314575050779 1
endloop
endfacet
facet normal 0 0 1
outer loop
vertex 85.6560722576152 -9.784628224322628 1
vertex 86.06568542494888 -8.434314575050779 1
vertex 85.94445618641424 -8.334824310157092 1
endloop
endfacet
facet normal 0 0 1
outer loop
vertex 85.6560722576152 -9.784628224322628 1
vertex 85.94445618641424 -8.334824310157092 1
vertex 85.806146745894 -8.260896373991894 1
endloop
endfacet
facet normal 0 0 1
outer loop
vertex 85.6560722576152 -9.784628224322628 1
vertex 85.806146745894 -8.260896373991894 1
vertex 85.65607225761147 -8.215371775677323 1
endloop
endfacet
facet normal 0 0 1
outer loop
vertex 85.6560722576152 -9.784628224322628 1
vertex 85.65607225761147 -8.215371775677323 1
vertex 85.49999999999919 -8.199999999999967 1
endloop
endfacet
facet normal 0 0 1
outer loop
vertex 85.6560722576152 -9.784628224322628 1
vertex 85.49999999999919 -8.199999999999967 1
vertex 85.34392774238594 -8.215371775677323 1
endloop
endfacet
facet normal 0 0 1
outer loop
vertex 85.6560722576152 -9.784628224322628 1
vertex 85.34392774238594 -8.215371775677323 1
vertex 85.1938532541093 -8.260896373991894 1
endloop
endfacet
facet normal 0 0 1
outer loop
vertex 85.6560722576152 -9.784628224322628 1
vertex 85.1938532541093 -8.260896373991894 1
vertex 85.05554381358436 -8.334824310157092 1
endloop
endfacet
facet normal 0 0 1
outer loop
vertex 85.6560722576152 -9.784628224322628 1
vertex 85.05554381358436 -8.334824310157092 1
vertex 84.93431457505002 -8.434314575050779 1
endloop
endfacet
facet normal 0 0 1
outer loop
vertex 85.6560722576152 -9.784628224322628 1
vertex 84.93431457505002 -8.434314575050779 1
vertex 84.83482431015828 -8.5555438135852 1
endloop
endfacet
facet normal 0 0 1
outer loop
vertex 85.6560722576152 -9.784628224322628 1
vertex 84.83482431015828 -8.5555438135852 1
vertex 84.76089637399093 -8.693853254107916 1
endloop
endfacet
facet normal 0 0 1
outer loop
vertex 85.6560722576152 -9.784628224322628 1
vertex 84.76089637399093 -8.693853254107916 1
vertex 84.71537177567747 -8.843927742386791 1
endloop
endfacet
facet normal 0 0 1
outer loop
vertex 85.6560722576152 -9.784628224322628 1
vertex 84.71537177567747 -8.843927742386791 1
vertex 84.70000000000005 -8.999999999999815 1
endloop
endfacet
facet normal 0 0 1
outer loop
vertex 85.6560722576152 -9.784628224322628 1
vertex 84.70000000000005 -8.999999999999815 1
vertex 84.71537177567755 -9.156072257613788 1
endloop
endfacet
facet normal 0 0 1
outer loop
vertex 85.6560722576152 -9.784628224322628 1
vertex 84.71537177567755 -9.156072257613788 1
vertex 84.76089637399002 -9.306146745889327 1
endloop
endfacet
facet normal 0 0 1
outer loop
vertex 85.6560722576152 -9.784628224322628 1
vertex 84.76089637399002 -9.306146745889327 1
vertex 84.83482431016012 -9.44445618641874 1
endloop
endfacet
facet normal 0 0 1
outer loop
vertex 85.6560722576152 -9.784628224322628 1
vertex 84.83482431016012 -9.44445618641874 1
vertex 84.93431457505045 -9.5656854249493 1
endloop
endfacet
facet normal 0 0 1
outer loop
vertex 85.6560722576152 -9.784628224322628 1
vertex 84.93431457505045 -9.5656854249493 1
vertex 85.05554381358343 -9.665175689841615 1
endloop
endfacet
facet normal 0 0 1
outer loop
vertex 85.6560722576152 -9.784628224322628 1
vertex 85.05554381358343 -9.665175689841615 1
vertex 85.19385325410852 -9.739103626009403 1
endloop
endfacet
facet normal 0 0 1
outer loop
vertex 85.6560722576152 -9.784628224322628 1
vertex 85.19385325410852 -9.739103626009403 1
vertex 85.3439277423866 -9.784628224322628 1
endloop
endfacet
facet normal 0 0 1
outer loop
vertex 85.6560722576152 -9.784628224322628 1
vertex 85.3439277423866 -9.784628224322628 1
vertex 85.49999999999893 -9.799999999999988 1
endloop
endfacet
facet normal 0 0 1
outer loop
vertex 13.156072257612852 -6.284628224322629 1
vertex 13.306146745891812 -6.239103626009057 1
vertex 13.444456186415985 -6.165175689841979 1
endloop
endfacet
facet normal 0 0 1
outer loop
vertex 13.156072257612852 -6.284628224322629 1
vertex 13.444456186415985 -6.165175689841979 1
vertex 13.565685424949283 -6.065685424949251 1
endloop
endfacet
facet normal 0 0 1
outer loop
vertex 13.156072257612852 -6.284628224322629 1
vertex 13.565685424949283 -6.065685424949251 1
vertex 13.665175689842002 -5.944456186415692 1
endloop
endfacet
facet normal 0 0 1
outer loop
vertex 13.156072257612852 -6.284628224322629 1
vertex 13.665175689842002 -5.944456186415692 1
vertex 13.73910362600908 -5.806146745892131 1
endloop
endfacet
facet normal 0 0 1
outer loop
vertex 13.156072257612852 -6.284628224322629 1
vertex 13.73910362600908 -5.806146745892131 1
vertex 13.784628224322582 -5.65607225761299 1
endloop
endfacet
facet normal 0 0 1
outer loop
vertex 13.156072257612852 -6.284628224322629 1
vertex 13.784628224322582 -5.65607225761299 1
vertex 13.799999999999997 -5.500000000000075 1
endloop
endfacet
facet normal 0 0 1
outer loop
vertex 13.156072257612852 -6.284628224322629 1
vertex 13.799999999999997 -5.500000000000075 1
vertex 13.784628224322594 -5.343927742387291 1
endloop
endfacet
facet normal 0 0 1
outer loop
vertex 13.156072257612852 -6.284628224322629 1
vertex 13.784628224322594 -5.343927742387291 1
vertex 13.739103626008895 -5.193853254107648 1
endloop
endfacet
facet normal 0 0 1
outer loop
vertex 13.156072257612852 -6.284628224322629 1
vertex 13.739103626008895 -5.193853254107648 1
vertex 13.665175689842261 -5.055543813584713 1
endloop
endfacet
facet normal 0 0 1
outer loop
vertex 13.156072257612852 -6.284628224322629 1
vertex 13.665175689842261 -5.055543813584713 1
vertex 13.565685424948851 -4.934314575050409 1
endloop
endfacet
facet normal 0 0 1
outer loop
vertex 13.156072257612852 -6.284628224322629 1
vertex 13.565685424948851 -4.934314575050409 1
vertex 13.444456186416147 -4.83482431015831 1
endloop
endfacet
facet normal 0 0 1
outer loop
vertex 13.156072257612852 -6.284628224322629 1
vertex 13.444456186416147 -4.83482431015831 1
vertex 13.306146745891686 -4.760896373990862 1
endloop
endfacet
facet normal 0 0 1
outer loop
vertex 13.156072257612852 -6.284628224322629 1
vertex 13.306146745891686 -4.760896373990862 1
vertex 13.156072257612976 -4.715371775677447 1
endloop
endfacet
facet normal 0 0 1
outer loop
vertex 13.156072257612852 -6.284628224322629 1
vertex 13.156072257612976 -4.715371775677447 1
vertex 13.000000000000133 -4.7000000000000375 1
endloop
endfacet
facet normal 0 0 1
outer loop
vertex 13.156072257612852 -6.284628224322629 1
vertex 13.000000000000133 -4.7000000000000375 1
vertex 12.843927742386603 -4.715371775677447 1
endloop
endfacet
facet normal 0 0 1
outer loop
vertex 13.156072257612852 -6.284628224322629 1
vertex 12.843927742386603 -4.715371775677447 1
vertex 12.693853254108273 -4.760896373990862 1
endloop
endfacet
facet normal 0 0 1
outer loop
vertex 13.156072257612852 -6.284628224322629 1
vertex 12.693853254108273 -4.760896373990862 1
vertex 12.555543813584487 -4.83482431015831 1
endloop
endfacet
facet normal 0 0 1
outer loop
vertex 13.156072257612852 -6.284628224322629 1
vertex 12.555543813584487 -4.83482431015831 1
vertex 12.434314575051285 -4.934314575050409 1
endloop
endfacet
facet normal 0 0 1
outer loop
vertex 13.156072257612852 -6.284628224322629 1
vertex 12.434314575051285 -4.934314575050409 1
vertex 12.334824310157739 -5.055543813584713 1
endloop
endfacet
facet normal 0 0 1
outer loop
vertex 13.156072257612852 -6.284628224322629 1
vertex 12.334824310157739 -5.055543813584713 1
vertex 12.260896373990851 -5.193853254107648 1
endloop
endfacet
facet normal 0 0 1
outer loop
vertex 13.156072257612852 -6.284628224322629 1
vertex 12.260896373990851 -5.193853254107648 1
vertex 12.2153717756774 -5.343927742387291 1
endloop
endfacet
facet normal 0 0 1
outer loop
vertex 13.156072257612852 -6.284628224322629 1
vertex 12.2153717756774 -5.343927742387291 1
vertex 12.199999999999989 -5.500000000000075 1
endloop
endfacet
facet normal 0 0 1
outer loop
vertex 13.156072257612852 -6.284628224322629 1
vertex 12.199999999999989 -5.500000000000075 1
vertex 12.215371775677387 -5.65607225761299 1
endloop
endfacet
facet normal 0 0 1
outer loop
vertex 13.156072257612852 -6.284628224322629 1
vertex 12.215371775677387 -5.65607225761299 1
vertex 12.260896373991018 -5.806146745892131 1
endloop
endfacet
facet normal 0 0 1
outer loop
vertex 13.156072257612852 -6.284628224322629 1
vertex 12.260896373991018 -5.806146745892131 1
vertex 12.334824310157986 -5.944456186415692 1
endloop
endfacet
facet normal 0 0 1
outer loop
vertex 13.156072257612852 -6.284628224322629 1
vertex 12.334824310157986 -5.944456186415692 1
vertex 12.434314575050788 -6.065685424949251 1
endloop
endfacet
facet normal 0 0 1
outer loop
vertex 13.156072257612852 -6.284628224322629 1
vertex 12.434314575050788 -6.065685424949251 1
vertex 12.555543813584258 -6.165175689841979 1
endloop
endfacet
facet normal 0 0 1
outer loop
vertex 13.156072257612852 -6.284628224322629 1
vertex 12.555543813584258 -6.165175689841979 1
vertex 12.693853254108028 -6.239103626009057 1
endloop
endfacet
facet normal 0 0 1
outer loop
vertex 13.156072257612852 -6.284628224322629 1
vertex 12.693853254108028 -6.239103626009057 1
vertex 12.843927742387253 -6.284628224322629 1
endloop
endfacet
facet normal 0 0 1
outer loop
vertex 13.156072257612852 -6.284628224322629 1
vertex 12.843927742387253 -6.284628224322629 1
vertex 12.999999999999824 -6.300000000000011 1
endloop
endfacet
facet normal 0 0 1
outer loop
vertex 63.15607225761286 30.715371775677387 1
vertex 63.30614674589319 30.760896373990807 1
vertex 63.444456186414484 30.83482431015759 1
endloop
endfacet
facet normal 0 0 1
outer loop
vertex 63.15607225761286 30.715371775677387 1
vertex 63.444456186414484 30.83482431015759 1
vertex 63.56568542494979 30.934314575051257 1
endloop
endfacet
facet normal 0 0 1
outer loop
vertex 63.15607225761286 30.715371775677387 1
vertex 63.56568542494979 30.934314575051257 1
vertex 63.66517568984177 31.05554381358385 1
endloop
endfacet
facet normal 0 0 1
outer loop
vertex 63.15607225761286 30.715371775677387 1
vertex 63.66517568984177 31.05554381358385 1
vertex 63.739103626008855 31.193853254108305 1
endloop
endfacet
facet normal 0 0 1
outer loop
vertex 63.15607225761286 30.715371775677387 1
vertex 63.739103626008855 31.193853254108305 1
vertex 63.78462822432256 31.34392774238742 1
endloop
endfacet
facet normal 0 0 1
outer loop
vertex 63.15607225761286 30.715371775677387 1
vertex 63.78462822432256 31.34392774238742 1
vertex 63.799999999999976 31.500000000000348 1
endloop
endfacet
facet normal 0 0 1
outer loop
vertex 63.15607225761286 30.715371775677387 1
vertex 63.799999999999976 31.500000000000348 1
vertex 63.78462822432258 31.656072257613012 1
endloop
endfacet
facet normal 0 0 1
outer loop
vertex 63.15607225761286 30.715371775677387 1
vertex 63.78462822432258 31.656072257613012 1
vertex 63.739103626009154 31.806146745891756 1
endloop
endfacet
facet normal 0 0 1
outer loop
vertex 63.15607225761286 30.715371775677387 1
vertex 63.739103626009154 31.806146745891756 1
vertex 63.66517568984205 31.944456186415582 1
endloop
endfacet
facet normal 0 0 1
outer loop
vertex 63.15607225761286 30.715371775677387 1
vertex 63.66517568984205 31.944456186415582 1
vertex 63.56568542494933 32.065685424949045 1
endloop
endfacet
facet normal 0 0 1
outer loop
vertex 63.15607225761286 30.715371775677387 1
vertex 63.56568542494933 32.065685424949045 1
vertex 63.444456186415444 32.16517568984212 1
endloop
endfacet
facet normal 0 0 1
outer loop
vertex 63.15607225761286 30.715371775677387 1
vertex 63.444456186415444 32.16517568984212 1
vertex 63.30614674589115 32.239103626009474 1
endloop
endfacet
facet normal 0 0 1
outer loop
vertex 63.15607225761286 30.715371775677387 1
vertex 63.30614674589115 32.239103626009474 1
vertex 63.156072257613914 32.28462822432244 1
endloop
endfacet
facet normal 0 0 1
outer loop
vertex 63.15607225761286 30.715371775677387 1
vertex 63.156072257613914 32.28462822432244 1
vertex 62.99999999999943 32.30000000000001 1
endloop
endfacet
facet normal 0 0 1
outer loop
vertex 63.15607225761286 30.715371775677387 1
vertex 62.99999999999943 32.30000000000001 1
vertex 62.84392774238794 32.28462822432244 1
endloop
endfacet
facet normal 0 0 1
outer loop
vertex 63.15607225761286 30.715371775677387 1
vertex 62.84392774238794 32.28462822432244 1
vertex 62.69385325410764 32.239103626009474 1
endloop
endfacet
facet normal 0 0 1
outer loop
vertex 63.15607225761286 30.715371775677387 1
vertex 62.69385325410764 32.239103626009474 1
vertex 62.55554381358503 32.16517568984212 1
endloop
endfacet
facet normal 0 0 1
outer loop
vertex 63.15607225761286 30.715371775677387 1
vertex 62.55554381358503 32.16517568984212 1
vertex 62.43431457505029 32.065685424949045 1
endloop
endfacet
facet normal 0 0 1
outer loop
vertex 63.15607225761286 30.715371775677387 1
vertex 62.43431457505029 32.065685424949045 1
vertex 62.334824310157614 31.944456186415582 1
endloop
endfacet
facet normal 0 0 1
outer loop
vertex 63.15607225761286 30.715371775677387 1
vertex 62.334824310157614 31.944456186415582 1
vertex 62.260896373990846 31.806146745891756 1
endloop
endfacet
facet normal 0 0 1
outer loop
vertex 63.15607225761286 30.715371775677387 1
vertex 62.260896373990846 31.806146745891756 1
vertex 62.21537177567737 31.656072257613012 1
endloop
endfacet
facet normal 0 0 1
outer loop
vertex 63.15607225761286 30.715371775677387 1
vertex 62.21537177567737 31.656072257613012 1
vertex 62.199999999999974 31.500000000000348 1
endloop
endfacet
facet normal 0 0 1
outer loop
vertex 63.15607225761286 30.715371775677387 1
vertex 62.199999999999974 31.500000000000348 1
vertex 62.21537177567743 31.34392774238742 1
endloop
endfacet
facet normal 0 0 1
outer loop
vertex 63.15607225761286 30.715371775677387 1
vertex 62.21537177567743 31.34392774238742 1
vertex 62.26089637399088 31.193853254108305 1
endloop
endfacet
facet normal 0 0 1
outer loop
vertex 63.15607225761286 30.715371775677387 1
vertex 62.26089637399088 31.193853254108305 1
vertex 62.334824310158325 31.05554381358385 1
endloop
endfacet
facet normal 0 0 1
outer loop
vertex 63.15607225761286 30.715371775677387 1
vertex 62.334824310158325 31.05554381358385 1
vertex 62.43431457505034 30.934314575051257 1
endloop
endfacet
facet normal 0 0 1
outer loop
vertex 63.15607225761286 30.715371775677387 1
vertex 62.43431457505034 30.934314575051257 1
vertex 62.555543813584954 30.83482431015759 1
endloop
endfacet
facet normal 0 0 1
outer loop
vertex 63.15607225761286 30.715371775677387 1
vertex 62.555543813584954 30.83482431015759 1
vertex 62.69385325410816 30.760896373990807 1
endloop
endfacet
facet normal 0 0 1
outer loop
vertex 63.15607225761286 30.715371775677387 1
vertex 62.69385325410816 30.760896373990807 1
vertex 62.84392774238688 30.715371775677387 1
endloop
endfacet
facet normal 0 0 1
outer loop
vertex 63.15607225761286 30.715371775677387 1
vertex 62.84392774238688 30.715371775677387 1
vertex 62.99999999999933 30.700000000000017 1
endloop
endfacet
facet normal 0 0 1
outer loop
vertex 6.1560722576129 44.71537177567743 1
vertex 6.306146745891585 44.76089637399092 1
vertex 6.444456186416054 44.83482431015792 1
endloop
endfacet
facet normal 0 0 1
outer loop
vertex 6.1560722576129 44.71537177567743 1
vertex 6.444456186416054 44.83482431015792 1
vertex 6.5656854249485415 44.93431457505011 1
endloop
endfacet
facet normal 0 0 1
outer loop
vertex 6.1560722576129 44.71537177567743 1
vertex 6.5656854249485415 44.93431457505011 1
vertex 6.665175689841682 45.05554381358495 1
endloop
endfacet
facet normal 0 0 1
outer loop
vertex 6.1560722576129 44.71537177567743 1
vertex 6.665175689841682 45.05554381358495 1
vertex 6.739103626008984 45.193853254108426 1
endloop
endfacet
facet normal 0 0 1
outer loop
vertex 6.1560722576129 44.71537177567743 1
vertex 6.739103626008984 45.193853254108426 1
vertex 6.784628224322248 45.34392774238653 1
endloop
endfacet
facet normal 0 0 1
outer loop
vertex 6.1560722576129 44.71537177567743 1
vertex 6.784628224322248 45.34392774238653 1
vertex 6.79999999999984 45.500000000001236 1
endloop
endfacet
facet normal 0 0 1
outer loop
vertex 6.1560722576129 44.71537177567743 1
vertex 6.79999999999984 45.500000000001236 1
vertex 6.784628224322539 45.656072257612976 1
endloop
endfacet
facet normal 0 0 1
outer loop
vertex 6.1560722576129 44.71537177567743 1
vertex 6.784628224322539 45.656072257612976 1
vertex 6.739103626009139 45.80614674589163 1
endloop
endfacet
facet normal 0 0 1
outer loop
vertex 6.1560722576129 44.71537177567743 1
vertex 6.739103626009139 45.80614674589163 1
vertex 6.665175689841201 45.94445618641701 1
endloop
endfacet
facet normal 0 0 1
outer loop
vertex 6.1560722576129 44.71537177567743 1
vertex 6.665175689841201 45.94445618641701 1
vertex 6.565685424950104 46.06568542494849 1
endloop
endfacet
facet normal 0 0 1
outer loop
vertex 6.1560722576129 44.71537177567743 1
vertex 6.565685424950104 46.06568542494849 1
vertex 6.44445618641532 46.1651756898423 1
endloop
endfacet
facet normal 0 0 1
outer loop
vertex 6.1560722576129 44.71537177567743 1
vertex 6.44445618641532 46.1651756898423 1
vertex 6.30614674589183 46.239103626009225 1
endloop
endfacet
facet normal 0 0 1
outer loop
vertex 6.1560722576129 44.71537177567743 1
vertex 6.30614674589183 46.239103626009225 1
vertex 6.156072257613557 46.28462822432251 1
endloop
endfacet
facet normal 0 0 1
outer loop
vertex 6.1560722576129 44.71537177567743 1
vertex 6.156072257613557 46.28462822432251 1
vertex 6.000000000000129 46.299999999999976 1
endloop
endfacet
facet normal 0 0 1
outer loop
vertex 6.1560722576129 44.71537177567743 1
vertex 6.000000000000129 46.299999999999976 1
vertex 5.84392774238663 46.28462822432251 1
endloop
endfacet
facet normal 0 0 1
outer loop
vertex 6.1560722576129 44.71537177567743 1
vertex 5.84392774238663 46.28462822432251 1
vertex 5.693853254108708 46.239103626009225 1
endloop
endfacet
facet normal 0 0 1
outer loop
vertex 6.1560722576129 44.71537177567743 1
vertex 5.693853254108708 46.239103626009225 1
vertex 5.555543813584087 46.1651756898423 1
endloop
endfacet
facet normal 0 0 1
outer loop
vertex 6.1560722576129 44.71537177567743 1
vertex 5.555543813584087 46.1651756898423 1
vertex 5.434314575051471 46.06568542494849 1
endloop
endfacet
facet normal 0 0 1
outer loop
vertex 6.1560722576129 44.71537177567743 1
vertex 5.434314575051471 46.06568542494849 1
vertex 5.334824310157615 45.94445618641701 1
endloop
endfacet
facet normal 0 0 1
outer loop
vertex 6.1560722576129 44.71537177567743 1
vertex 5.334824310157615 45.94445618641701 1
vertex 5.260896373991408 45.80614674589163 1
endloop
endfacet
facet normal 0 0 1
outer loop
vertex 6.1560722576129 44.71537177567743 1
vertex 5.260896373991408 45.80614674589163 1
vertex 5.215371775677419 45.656072257612976 1
endloop
endfacet
facet normal 0 0 1
outer loop
vertex 6.1560722576129 44.71537177567743 1
vertex 5.215371775677419 45.656072257612976 1
vertex 5.200000000000026 45.500000000001236 1
endloop
endfacet
facet normal 0 0 1
outer loop
vertex 6.1560722576129 44.71537177567743 1
vertex 5.200000000000026 45.500000000001236 1
vertex 5.215371775677396 45.34392774238653 1
endloop
endfacet
facet normal 0 0 1
outer loop
vertex 6.1560722576129 44.71537177567743 1
vertex 5.215371775677396 45.34392774238653 1
vertex 5.260896373990792 45.193853254108426 1
endloop
endfacet
facet normal 0 0 1
outer loop
vertex 6.1560722576129 44.71537177567743 1
vertex 5.260896373990792 45.193853254108426 1
vertex 5.334824310157715 45.05554381358495 1
endloop
endfacet
facet normal 0 0 1
outer loop
vertex 6.1560722576129 44.71537177567743 1
vertex 5.334824310157715 45.05554381358495 1
vertex 5.4343145750515625 44.93431457505011 1
endloop
endfacet
facet normal 0 0 1
outer loop
vertex 6.1560722576129 44.71537177567743 1
vertex 5.4343145750515625 44.93431457505011 1
vertex 5.555543813584375 44.83482431015792 1
endloop
endfacet
facet normal 0 0 1
outer loop
vertex 6.1560722576129 44.71537177567743 1
vertex 5.555543813584375 44.83482431015792 1
vertex 5.6938532541080145 44.76089637399092 1
endloop
endfacet
facet normal 0 0 1
outer loop
vertex 6.1560722576129 44.71537177567743 1
vertex 5.6938532541080145 44.76089637399092 1
vertex 5.84392774238696 44.71537177567743 1
endloop
endfacet
facet normal 0 0 1
outer loop
vertex 6.1560722576129 44.71537177567743 1
vertex 5.84392774238696 44.71537177567743 1
vertex 6.000000000000239 44.69999999999998 1
endloop
endfacet
facet normal 0 0 1
outer loop
vertex 95.87930952026831 -36.593340831218086 2
vertex 96.03400701129443 -36.555135322263524 2
vertex 96.18067202089874 -36.492842870049834 2
endloop
endfacet
facet normal 0 0 1
outer loop
vertex 95.87930952026831 -36.593340831218086 2
vertex 96.18067202089874 -36.492842870049834 2
vertex 96.31558058152632 -36.408045140660185 2
endloop
endfacet
facet normal 0 0 1
outer loop
vertex 95.87930952026831 -36.593340831218086 2
vertex 96.31558058152632 -36.408045140660185 2
vertex 96.4353072333598 -36.302895231075915 2
endloop
endfacet
facet normal 0 0 1
outer loop
vertex 95.87930952026831 -36.593340831218086 2
vertex 96.4353072333598 -36.302895231075915 2
vertex 96.53681400000052 -36.18006599999953 2
endloop
endfacet
facet normal 0 0 1
outer loop
vertex 95.87930952026831 -36.593340831218086 2
vertex 96.53681400000052 -36.18006599999953 2
vertex 103.52840069185223 -26.19505430000462 2
endloop
endfacet
facet normal 0 0 1
outer loop
vertex 95.87930952026831 -36.593340831218086 2
vertex 103.52840069185223 -26.19505430000462 2
vertex 81.26461370000665 -26.19505430000462 2
endloop
endfacet
facet normal 0 0 1
outer loop
vertex 95.87930952026831 -36.593340831218086 2
vertex 81.26461370000665 -26.19505430000462 2
vertex 95.1243120000054 -36.411443000003636 2
endloop
endfacet
facet normal 0 0 1
outer loop
vertex 95.87930952026831 -36.593340831218086 2
vertex 95.1243120000054 -36.411443000003636 2
vertex 95.25970209927301 -36.49546975562535 2
endloop
endfacet
facet normal 0 0 1
outer loop
vertex 95.87930952026831 -36.593340831218086 2
vertex 95.25970209927301 -36.49546975562535 2
vertex 95.40672007351324 -36.55692453488459 2
endloop
endfacet
facet normal 0 0 1
outer loop
vertex 95.87930952026831 -36.593340831218086 2
vertex 95.40672007351324 -36.55692453488459 2
vertex 95.56163299305905 -36.59424694103329 2
endloop
endfacet
facet normal 0 0 1
outer loop
vertex 95.87930952026831 -36.593340831218086 2
vertex 95.56163299305905 -36.59424694103329 2
vertex 95.72050746790349 -36.60648932180429 2
endloop
endfacet
facet normal 0 0 1
outer loop
vertex 103.52840069185223 -26.19505430000462 2
vertex 103.57649679317176 -26.126366009983226 2
vertex 81.15784440640955 -26.126366009983226 2
endloop
endfacet
facet normal 0 0 1
outer loop
vertex 103.52840069185223 -26.19505430000462 2
vertex 81.15784440640955 -26.126366009983226 2
vertex 81.26461370000665 -26.19505430000462 2
endloop
endfacet
facet normal 0 0 1
outer loop
vertex 103.57649679317176 -26.126366009983226 2
vertex 103.61473527519114 -26.071755846771126 2
vertex 81.04323424193691 -26.071755846771126 2
endloop
endfacet
facet normal 0 0 1
outer loop
vertex 103.57649679317176 -26.126366009983226 2
vertex 81.04323424193691 -26.071755846771126 2
vertex 81.15784440640955 -26.126366009983226 2
endloop
endfacet
facet normal 0 0 1
outer loop
vertex 103.61473527519114 -26.071755846771126 2
vertex 103.64249782365683 -26.032106853850152 2
vertex 80.92262861566945 -26.032106853850152 2
endloop
endfacet
facet normal 0 0 1
outer loop
vertex 103.61473527519114 -26.071755846771126 2
vertex 80.92262861566945 -26.032106853850152 2
vertex 81.04323424193691 -26.071755846771126 2
endloop
endfacet
facet normal 0 0 1
outer loop
vertex 103.64249782365683 -26.032106853850152 2
vertex 103.65933696848239 -26.008058084162855 2
vertex 80.79797142011674 -26.008058084162855 2
endloop
endfacet
facet normal 0 0 1
outer loop
vertex 103.64249782365683 -26.032106853850152 2
vertex 80.79797142011674 -26.008058084162855 2
vertex 80.92262861566945 -26.032106853850152 2
endloop
endfacet
facet normal 0 0 1
outer loop
vertex 67.55678876843263 -25.999999151806175 2
vertex 80.67127184983235 -25.999997149999384 2
vertex 67.55678876843263 -25.999999151806175 2
endloop
endfacet
facet normal 0 0 1
outer loop
vertex 67.55678876843263 -25.999999151806175 2
vertex 67.55678876843263 -25.999999151806175 2
vertex 61.99999999999414 -25.999999151806175 2
endloop
endfacet
facet normal 0 0 1
outer loop
vertex 67.55678876843263 -25.999999151806175 2
vertex 61.99999999999414 -25.999999151806175 2
vertex 61.99997711796029 -25.999997149999384 2
endloop
endfacet
facet normal 0 0 1
outer loop
vertex 67.55678876843263 -25.999999151806175 2
vertex 61.99997711796029 -25.999997149999384 2
vertex 61.99999999999414 -25.999999151806175 2
endloop
endfacet
facet normal 0 0 1
outer loop
vertex 103.65933696848239 -26.008058084162855 2
vertex 103.66498130037849 -25.999997149999384 2
vertex 80.67127184983235 -25.999997149999384 2
endloop
endfacet
facet normal 0 0 1
outer loop
vertex 103.65933696848239 -26.008058084162855 2
vertex 80.67127184983235 -25.999997149999384 2
vertex 80.79797142011674 -26.008058084162855 2
endloop
endfacet
facet normal 0 0 -1
outer loop
vertex 61.99999999999414 -25.999999151806175 2
vertex 80.67127184983235 -25.999997149999384 2
vertex 103.66498130037849 -25.999997149999384 2
endloop
endfacet
facet normal 0 0 -1
outer loop
vertex 61.99999999999414 -25.999999151806175 2
vertex 103.66498130037849 -25.999997149999384 2
vertex 107.99420969999852 -19.81722375000203 2
endloop
endfacet
facet normal 0 0 -1
outer loop
vertex 61.99999999999414 -25.999999151806175 2
vertex 107.99420969999852 -19.81722375000203 2
vertex 108.0738533878095 -19.682017472410145 2
endloop
endfacet
facet normal 0 0 -1
outer loop
vertex 61.99999999999414 -25.999999151806175 2
vertex 108.0738533878095 -19.682017472410145 2
vertex 108.0772731488915 -19.67333601384831 2
endloop
endfacet
facet normal 0 0 -1
outer loop
vertex 61.99999999999414 -25.999999151806175 2
vertex 108.0772731488915 -19.67333601384831 2
vertex 108.09714327021331 -19.622893415450875 2
endloop
endfacet
facet normal 0 0 -1
outer loop
vertex 61.99999999999414 -25.999999151806175 2
vertex 108.09714327021331 -19.622893415450875 2
vertex 108.1313653579718 -19.5360166922962 2
endloop
endfacet
facet normal 0 0 -1
outer loop
vertex 61.99999999999414 -25.999999151806175 2
vertex 108.1313653579718 -19.5360166922962 2
vertex 108.13542065777354 -19.51772464522334 2.000000000000001
endloop
endfacet
facet normal 0 0 -1
outer loop
vertex 61.99999999999414 -25.999999151806175 2
vertex 108.13542065777354 -19.51772464522334 2.000000000000001
vertex 108.14941778604309 -19.45458846745321 2.000000000000001
endloop
endfacet
facet normal 0 0 -1
outer loop
vertex 61.99999999999414 -25.999999151806175 2
vertex 108.14941778604309 -19.45458846745321 2.000000000000001
vertex 108.16532944410511 -19.382816511615083 2
endloop
endfacet
facet normal 0 0 -1
outer loop
vertex 61.99999999999414 -25.999999151806175 2
vertex 108.16532944410511 -19.382816511615083 2
vertex 108.16705924107303 -19.354535010169304 2.000000000000001
endloop
endfacet
facet normal 0 0 -1
outer loop
vertex 61.99999999999414 -25.999999151806175 2
vertex 108.16705924107303 -19.354535010169304 2.000000000000001
vertex 108.17124500096656 -19.286099478903868 2.000000000000001
endloop
endfacet
facet normal 0 0 -1
outer loop
vertex 61.99999999999414 -25.999999151806175 2
vertex 108.17124500096656 -19.286099478903868 2.000000000000001
vertex 108.17490931949163 -19.226189309336576 2
endloop
endfacet
facet normal 0 0 -1
outer loop
vertex 61.99999999999414 -25.999999151806175 2
vertex 108.17490931949163 -19.226189309336576 2
vertex 108.17124448247374 -19.188128836004534 2
endloop
endfacet
facet normal 0 0 -1
outer loop
vertex 61.99999999999414 -25.999999151806175 2
vertex 108.17124448247374 -19.188128836004534 2
vertex 108.16453193925992 -19.118416985045705 2
endloop
endfacet
facet normal 0 0 -1
outer loop
vertex 61.99999999999414 -25.999999151806175 2
vertex 108.16453193925992 -19.118416985045705 2
vertex 108.1598690906745 -19.06999185089389 2
endloop
endfacet
facet normal 0 0 -1
outer loop
vertex 61.99999999999414 -25.999999151806175 2
vertex 108.1598690906745 -19.06999185089389 2
vertex 108.14768744869819 -19.022889422153735 2.000000000000001
endloop
endfacet
facet normal 0 0 -1
outer loop
vertex 61.99999999999414 -25.999999151806175 2
vertex 108.14768744869819 -19.022889422153735 2.000000000000001
vertex 108.13015265784517 -18.95508811603821 2.000000000000001
endloop
endfacet
facet normal 0 0 -1
outer loop
vertex 61.99999999999414 -25.999999151806175 2
vertex 108.13015265784517 -18.95508811603821 2.000000000000001
vertex 108.12057910606183 -18.918070319788722 2
endloop
endfacet
facet normal 0 0 -1
outer loop
vertex 61.99999999999414 -25.999999151806175 2
vertex 108.12057910606183 -18.918070319788722 2
vertex 108.09664245976016 -18.863020436320646 2.000000000000001
endloop
endfacet
facet normal 0 0 -1
outer loop
vertex 61.99999999999414 -25.999999151806175 2
vertex 108.09664245976016 -18.863020436320646 2.000000000000001
vertex 108.0693055170767 -18.800150496641898 2.000000000000001
endloop
endfacet
facet normal 0 0 -1
outer loop
vertex 61.99999999999414 -25.999999151806175 2
vertex 108.0693055170767 -18.800150496641898 2.000000000000001
vertex 108.0580068365056 -18.774165609663886 2
endloop
endfacet
facet normal 0 0 -1
outer loop
vertex 61.99999999999414 -25.999999151806175 2
vertex 108.0580068365056 -18.774165609663886 2
vertex 108.01850000441803 -18.712153115891482 2
endloop
endfacet
facet normal 0 0 -1
outer loop
vertex 61.99999999999414 -25.999999151806175 2
vertex 108.01850000441803 -18.712153115891482 2
vertex 107.98376098721951 -18.657624494540407 2
endloop
endfacet
facet normal 0 0 -1
outer loop
vertex 61.99999999999414 -25.999999151806175 2
vertex 107.98376098721951 -18.657624494540407 2
vertex 107.97369305249615 -18.641821209226336 2
endloop
endfacet
facet normal 0 0 -1
outer loop
vertex 61.99999999999414 -25.999999151806175 2
vertex 107.97369305249615 -18.641821209226336 2
vertex 107.91180155315124 -18.571866671431344 2.000000000000001
endloop
endfacet
facet normal 0 0 -1
outer loop
vertex 61.99999999999414 -25.999999151806175 2
vertex 107.91180155315124 -18.571866671431344 2.000000000000001
vertex 107.87589804686021 -18.53128576428916 2.000000000000001
endloop
endfacet
facet normal 0 0 -1
outer loop
vertex 61.99999999999414 -25.999999151806175 2
vertex 107.87589804686021 -18.53128576428916 2.000000000000001
vertex 107.86971388435306 -18.52429594768408 2
endloop
endfacet
facet normal 0 0 -1
outer loop
vertex 61.99999999999414 -25.999999151806175 2
vertex 107.86971388435306 -18.52429594768408 2
vertex 107.74862939999815 -18.42448749999861 2
endloop
endfacet
facet normal 0 0 -1
outer loop
vertex 61.99999999999414 -25.999999151806175 2
vertex 107.74862939999815 -18.42448749999861 2
vertex 105.42642000000114 -16.798464750000708 2
endloop
endfacet
facet normal 0 0 -1
outer loop
vertex 61.99999999999414 -25.999999151806175 2
vertex 105.42642000000114 -16.798464750000708 2
vertex 61 -16.798464750000708 2
endloop
endfacet
facet normal 0 0 -1
outer loop
vertex 61.99999999999414 -25.999999151806175 2
vertex 61 -16.798464750000708 2
vertex 61 -25.000000000001616 2
endloop
endfacet
facet normal 0 0 -1
outer loop
vertex 61.99999999999414 -25.999999151806175 2
vertex 61 -25.000000000001616 2
vertex 61.015192246987624 -25.173648177666593 2
endloop
endfacet
facet normal 0 0 -1
outer loop
vertex 61.99999999999414 -25.999999151806175 2
vertex 61.015192246987624 -25.173648177666593 2
vertex 61.06030737921363 -25.342020143324238 2
endloop
endfacet
facet normal 0 0 -1
outer loop
vertex 61.99999999999414 -25.999999151806175 2
vertex 61.06030737921363 -25.342020143324238 2
vertex 61.133974596216746 -25.5000000000021 2
endloop
endfacet
facet normal 0 0 -1
outer loop
vertex 61.99999999999414 -25.999999151806175 2
vertex 61.133974596216746 -25.5000000000021 2
vertex 61.23395555688072 -25.642787609686515 2
endloop
endfacet
facet normal 0 0 -1
outer loop
vertex 61.99999999999414 -25.999999151806175 2
vertex 61.23395555688072 -25.642787609686515 2
vertex 61.357212390313286 -25.766044443119075 2
endloop
endfacet
facet normal 0 0 -1
outer loop
vertex 61.99999999999414 -25.999999151806175 2
vertex 61.357212390313286 -25.766044443119075 2
vertex 61.49999999999896 -25.866025403783933 2
endloop
endfacet
facet normal 0 0 -1
outer loop
vertex 61.99999999999414 -25.999999151806175 2
vertex 61.49999999999896 -25.866025403783933 2
vertex 61.65797985667394 -25.939692620785706 2
endloop
endfacet
facet normal 0 0 -1
outer loop
vertex 61.99999999999414 -25.999999151806175 2
vertex 61.65797985667394 -25.939692620785706 2
vertex 61.826351822333855 -25.984807753012323 2
endloop
endfacet
facet normal 0 0 -1
outer loop
vertex 61.99999999999414 -25.999999151806175 2
vertex 61.826351822333855 -25.984807753012323 2
vertex 61.99997711796029 -25.999997149999384 2
endloop
endfacet
facet normal 0 0 1
outer loop
vertex 105.42642000000114 -16.798464750000708 2
vertex 105.30324824682147 -16.696627541955472 2
vertex 61 -16.696627541955472 2
endloop
endfacet
facet normal 0 0 1
outer loop
vertex 105.42642000000114 -16.798464750000708 2
vertex 61 -16.696627541955472 2
vertex 61 -16.798464750000708 2
endloop
endfacet
facet normal 0 0 1
outer loop
vertex 105.30324824682147 -16.696627541955472 2
vertex 105.19787299500362 -16.576468671992238 2
vertex 61 -16.576468671992238 2
endloop
endfacet
facet normal 0 0 1
outer loop
vertex 105.30324824682147 -16.696627541955472 2
vertex 61 -16.576468671992238 2
vertex 61 -16.696627541955472 2
endloop
endfacet
facet normal 0 0 1
outer loop
vertex 105.19787299500362 -16.576468671992238 2
vertex 105.11298574954762 -16.44105724973756 2
vertex 61 -16.44105724973756 2
endloop
endfacet
facet normal 0 0 1
outer loop
vertex 105.19787299500362 -16.576468671992238 2
vertex 61 -16.44105724973756 2
vertex 61 -16.576468671992238 2
endloop
endfacet
facet normal 0 0 1
outer loop
vertex 105.11298574954762 -16.44105724973756 2
vertex 105.05075470874532 -16.293851966928667 2
vertex 61 -16.293851966928667 2
endloop
endfacet
facet normal 0 0 1
outer loop
vertex 105.11298574954762 -16.44105724973756 2
vertex 61 -16.293851966928667 2
vertex 61 -16.44105724973756 2
endloop
endfacet
facet normal 0 0 1
outer loop
vertex 105.05075470874532 -16.293851966928667 2
vertex 105.01276938393787 -16.138612755314725 2
vertex 61 -16.138612755314725 2
endloop
endfacet
facet normal 0 0 1
outer loop
vertex 105.05075470874532 -16.293851966928667 2
vertex 61 -16.138612755314725 2
vertex 61 -16.293851966928667 2
endloop
endfacet
facet normal 0 0 1
outer loop
vertex 105.01276938393787 -16.138612755314725 2
vertex 105 -15.979309500001126 2
vertex 61 -15.979309500001126 2
endloop
endfacet
facet normal 0 0 1
outer loop
vertex 105.01276938393787 -16.138612755314725 2
vertex 61 -15.979309500001126 2
vertex 61 -16.138612755314725 2
endloop
endfacet
facet normal 0 0 -1
outer loop
vertex 106.15737767888463 -12.500005768001799 2
vertex 106.5 -12.500007002972769 2
vertex 106.15737767888463 -12.500005768001799 2
endloop
endfacet
facet normal 0 0 -1
outer loop
vertex 106.15737767888463 -12.500005768001799 2
vertex 106.15737767888463 -12.500005768001799 2
vertex 101.90276619358711 -12.500007002972769 2
endloop
endfacet
facet normal 0 0 1
outer loop
vertex 10.794740300000004 -12.50000125 2
vertex 10.79476208192776 -12.5 2
vertex 10.794740300000004 -12.50000125 2
endloop
endfacet
facet normal 0 0 1
outer loop
vertex 10.794740300000004 -12.50000125 2
vertex 10.794740300000004 -12.50000125 2
vertex 8.355678987649561 -12.50000125 2
endloop
endfacet
facet normal 0 0 1
outer loop
vertex 10.794740300000004 -12.50000125 2
vertex 8.355678987649561 -12.50000125 2
vertex 6.225316208284326 -12.5 2
endloop
endfacet
facet normal 0 0 1
outer loop
vertex 10.794740300000004 -12.50000125 2
vertex 6.225316208284326 -12.5 2
vertex 8.355678987649561 -12.50000125 2
endloop
endfacet
facet normal 0 0 1
outer loop
vertex 10.794740849999348 -11.00000232535499 2
vertex 10.794774679825462 -11.000000611391062 2
vertex -4.443211380904616 -11.000000611391062 2
endloop
endfacet
facet normal 0 0 1
outer loop
vertex 10.794740849999348 -11.00000232535499 2
vertex -4.443211380904616 -11.000000611391062 2
vertex 9.342061515029211 -11.00000232535499 2
endloop
endfacet
facet normal 0 0 1
outer loop
vertex 105 -15.979309500001126 2
vertex 105 -10.499999999999993 2
vertex 85.50000000000125 -10.499999999999993 2
endloop
endfacet
facet normal 0 0 1
outer loop
vertex 105 -15.979309500001126 2
vertex 85.50000000000125 -10.499999999999993 2
vertex 61 -10.499999999999993 2
endloop
endfacet
facet normal 0 0 1
outer loop
vertex 105 -15.979309500001126 2
vertex 61 -10.499999999999993 2
vertex 61 -15.979309500001126 2
endloop
endfacet
facet normal 0 0 1
outer loop
vertex 85.50000000000125 -10.499999999999993 2
vertex 85.20736451697478 -10.471177920604614 2
vertex 61 -10.471177920604614 2
endloop
endfacet
facet normal 0 0 1
outer loop
vertex 85.50000000000125 -10.499999999999993 2
vertex 61 -10.471177920604614 2
vertex 61 -10.499999999999993 2
endloop
endfacet
facet normal 0 0 1
outer loop
vertex 105 -10.499999999999993 2
vertex 105 -10.471177920604614 2
vertex 85.79263548302774 -10.471177920604614 2
endloop
endfacet
facet normal 0 0 1
outer loop
vertex 105 -10.499999999999993 2
vertex 85.79263548302774 -10.471177920604614 2
vertex 85.50000000000125 -10.499999999999993 2
endloop
endfacet
facet normal 0 0 1
outer loop
vertex 85.20736451697478 -10.471177920604614 2
vertex 84.92597485145308 -10.385819298767226 2
vertex 61 -10.385819298767226 2
endloop
endfacet
facet normal 0 0 1
outer loop
vertex 85.20736451697478 -10.471177920604614 2
vertex 61 -10.385819298767226 2
vertex 61 -10.471177920604614 2
endloop
endfacet
facet normal 0 0 1
outer loop
vertex 105 -10.471177920604614 2
vertex 105 -10.385819298767226 2
vertex 86.07402514854522 -10.385819298767226 2
endloop
endfacet
facet normal 0 0 1
outer loop
vertex 105 -10.471177920604614 2
vertex 86.07402514854522 -10.385819298767226 2
vertex 85.79263548302774 -10.471177920604614 2
endloop
endfacet
facet normal 0 0 1
outer loop
vertex 84.92597485145308 -10.385819298767226 2
vertex 84.66664465047134 -10.247204418454126 2
vertex 61 -10.247204418454126 2
endloop
endfacet
facet normal 0 0 1
outer loop
vertex 84.92597485145308 -10.385819298767226 2
vertex 61 -10.247204418454126 2
vertex 61 -10.385819298767226 2
endloop
endfacet
facet normal 0 0 1
outer loop
vertex 105 -10.385819298767226 2
vertex 105 -10.247204418454126 2
vertex 86.33335534952965 -10.247204418454126 2
endloop
endfacet
facet normal 0 0 1
outer loop
vertex 105 -10.385819298767226 2
vertex 86.33335534952965 -10.247204418454126 2
vertex 86.07402514854522 -10.385819298767226 2
endloop
endfacet
facet normal 0 0 1
outer loop
vertex 84.66664465047134 -10.247204418454126 2
vertex 84.43933982821818 -10.060660171777878 2
vertex 61 -10.060660171777878 2
endloop
endfacet
facet normal 0 0 1
outer loop
vertex 84.66664465047134 -10.247204418454126 2
vertex 61 -10.060660171777878 2
vertex 61 -10.247204418454126 2
endloop
endfacet
facet normal 0 0 1
outer loop
vertex 105 -10.247204418454126 2
vertex 105 -10.060660171777878 2
vertex 86.56066017178249 -10.060660171777878 2
endloop
endfacet
facet normal 0 0 1
outer loop
vertex 105 -10.247204418454126 2
vertex 86.56066017178249 -10.060660171777878 2
vertex 86.33335534952965 -10.247204418454126 2
endloop
endfacet
facet normal 0 0 1
outer loop
vertex 84.43933982821818 -10.060660171777878 2
vertex 84.25279558154578 -9.833355349529416 2
vertex 61 -9.833355349529416 2
endloop
endfacet
facet normal 0 0 1
outer loop
vertex 84.43933982821818 -10.060660171777878 2
vertex 61 -9.833355349529416 2
vertex 61 -10.060660171777878 2
endloop
endfacet
facet normal 0 0 1
outer loop
vertex 105 -10.060660171777878 2
vertex 105 -9.833355349529416 2
vertex 86.74720441845373 -9.833355349529416 2
endloop
endfacet
facet normal 0 0 1
outer loop
vertex 105 -10.060660171777878 2
vertex 86.74720441845373 -9.833355349529416 2
vertex 86.56066017178249 -10.060660171777878 2
endloop
endfacet
facet normal 0 0 1
outer loop
vertex 84.25279558154578 -9.833355349529416 2
vertex 84.11418070123345 -9.57402514854721 2
vertex 61 -9.57402514854721 2
endloop
endfacet
facet normal 0 0 1
outer loop
vertex 84.25279558154578 -9.833355349529416 2
vertex 61 -9.57402514854721 2
vertex 61 -9.833355349529416 2
endloop
endfacet
facet normal 0 0 1
outer loop
vertex 105 -9.833355349529416 2
vertex 105 -9.57402514854721 2
vertex 86.88581929876699 -9.57402514854721 2
endloop
endfacet
facet normal 0 0 1
outer loop
vertex 105 -9.833355349529416 2
vertex 86.88581929876699 -9.57402514854721 2
vertex 86.74720441845373 -9.833355349529416 2
endloop
endfacet
facet normal 0 0 1
outer loop
vertex 84.11418070123345 -9.57402514854721 2
vertex 84.02882207939577 -9.292635483025471 2
vertex 61 -9.292635483025471 2
endloop
endfacet
facet normal 0 0 1
outer loop
vertex 84.11418070123345 -9.57402514854721 2
vertex 61 -9.292635483025471 2
vertex 61 -9.57402514854721 2
endloop
endfacet
facet normal 0 0 1
outer loop
vertex 105 -9.57402514854721 2
vertex 105 -9.292635483025471 2
vertex 86.97117792060439 -9.292635483025471 2
endloop
endfacet
facet normal 0 0 1
outer loop
vertex 105 -9.57402514854721 2
vertex 86.97117792060439 -9.292635483025471 2
vertex 86.88581929876699 -9.57402514854721 2
endloop
endfacet
facet normal 0 0 1
outer loop
vertex 84.02882207939577 -9.292635483025471 2
vertex 84.0000000000004 -9.000000000000085 2
vertex 61 -9.000000000000085 2
endloop
endfacet
facet normal 0 0 1
outer loop
vertex 84.02882207939577 -9.292635483025471 2
vertex 61 -9.000000000000085 2
vertex 61 -9.292635483025471 2
endloop
endfacet
facet normal 0 0 1
outer loop
vertex 105 -9.292635483025471 2
vertex 105 -9.000000000000085 2
vertex 86.99999999999967 -9.000000000000085 2
endloop
endfacet
facet normal 0 0 1
outer loop
vertex 105 -9.292635483025471 2
vertex 86.99999999999967 -9.000000000000085 2
vertex 86.97117792060439 -9.292635483025471 2
endloop
endfacet
facet normal 0 0 1
outer loop
vertex 84.0000000000004 -9.000000000000085 2
vertex 84.02882207939471 -8.707364516973907 2
vertex 61 -8.707364516973907 2
endloop
endfacet
facet normal 0 0 1
outer loop
vertex 84.0000000000004 -9.000000000000085 2
vertex 61 -8.707364516973907 2
vertex 61 -9.000000000000085 2
endloop
endfacet
facet normal 0 0 1
outer loop
vertex 105 -9.000000000000085 2
vertex 105 -8.707364516973907 2
vertex 86.97117792060418 -8.707364516973907 2
endloop
endfacet
facet normal 0 0 1
outer loop
vertex 105 -9.000000000000085 2
vertex 86.97117792060418 -8.707364516973907 2
vertex 86.99999999999967 -9.000000000000085 2
endloop
endfacet
facet normal 0 0 1
outer loop
vertex 84.02882207939471 -8.707364516973907 2
vertex 84.11418070123314 -8.425974851450345 2
vertex 61 -8.425974851450345 2
endloop
endfacet
facet normal 0 0 1
outer loop
vertex 84.02882207939471 -8.707364516973907 2
vertex 61 -8.425974851450345 2
vertex 61 -8.707364516973907 2
endloop
endfacet
facet normal 0 0 1
outer loop
vertex 105 -8.707364516973907 2
vertex 105 -8.425974851450345 2
vertex 86.88581929876622 -8.425974851450345 2
endloop
endfacet
facet normal 0 0 1
outer loop
vertex 105 -8.707364516973907 2
vertex 86.88581929876622 -8.425974851450345 2
vertex 86.97117792060418 -8.707364516973907 2
endloop
endfacet
facet normal 0 0 1
outer loop
vertex 84.11418070123314 -8.425974851450345 2
vertex 84.2527955815461 -8.16664465047331 2
vertex 61 -8.16664465047331 2
endloop
endfacet
facet normal 0 0 1
outer loop
vertex 84.11418070123314 -8.425974851450345 2
vertex 61 -8.16664465047331 2
vertex 61 -8.425974851450345 2
endloop
endfacet
facet normal 0 0 1
outer loop
vertex 105 -8.425974851450345 2
vertex 105 -8.16664465047331 2
vertex 86.74720441845564 -8.16664465047331 2
endloop
endfacet
facet normal 0 0 1
outer loop
vertex 105 -8.425974851450345 2
vertex 86.74720441845564 -8.16664465047331 2
vertex 86.88581929876622 -8.425974851450345 2
endloop
endfacet
facet normal 0 0 1
outer loop
vertex 84.2527955815461 -8.16664465047331 2
vertex 84.4393398282187 -7.939339828218258 2
vertex 61 -7.939339828218258 2
endloop
endfacet
facet normal 0 0 1
outer loop
vertex 84.2527955815461 -8.16664465047331 2
vertex 61 -7.939339828218258 2
vertex 61 -8.16664465047331 2
endloop
endfacet
facet normal 0 0 1
outer loop
vertex 105 -8.16664465047331 2
vertex 105 -7.939339828218258 2
vertex 86.56066017177783 -7.939339828218258 2
endloop
endfacet
facet normal 0 0 1
outer loop
vertex 105 -8.16664465047331 2
vertex 86.56066017177783 -7.939339828218258 2
vertex 86.74720441845564 -8.16664465047331 2
endloop
endfacet
facet normal 0 0 1
outer loop
vertex 84.4393398282187 -7.939339828218258 2
vertex 84.66664465047123 -7.752795581546099 2
vertex 61 -7.752795581546099 2
endloop
endfacet
facet normal 0 0 1
outer loop
vertex 84.4393398282187 -7.939339828218258 2
vertex 61 -7.752795581546099 2
vertex 61 -7.939339828218258 2
endloop
endfacet
facet normal 0 0 1
outer loop
vertex 105 -7.939339828218258 2
vertex 105 -7.752795581546099 2
vertex 86.33335534952965 -7.752795581546099 2
endloop
endfacet
facet normal 0 0 1
outer loop
vertex 105 -7.939339828218258 2
vertex 86.33335534952965 -7.752795581546099 2
vertex 86.56066017177783 -7.939339828218258 2
endloop
endfacet
facet normal 0 0 1
outer loop
vertex 84.66664465047123 -7.752795581546099 2
vertex 84.92597485144967 -7.614180701233153 2
vertex 61 -7.614180701233153 2
endloop
endfacet
facet normal 0 0 1
outer loop
vertex 84.66664465047123 -7.752795581546099 2
vertex 61 -7.614180701233153 2
vertex 61 -7.752795581546099 2
endloop
endfacet
facet normal 0 0 1
outer loop
vertex 105 -7.752795581546099 2
vertex 105 -7.614180701233153 2
vertex 86.0740251485482 -7.614180701233153 2
endloop
endfacet
facet normal 0 0 1
outer loop
vertex 105 -7.752795581546099 2
vertex 86.0740251485482 -7.614180701233153 2
vertex 86.33335534952965 -7.752795581546099 2
endloop
endfacet
facet normal 0 0 1
outer loop
vertex 84.92597485144967 -7.614180701233153 2
vertex 85.20736451698001 -7.528822079394904 2
vertex 61 -7.528822079394904 2
endloop
endfacet
facet normal 0 0 1
outer loop
vertex 84.92597485144967 -7.614180701233153 2
vertex 61 -7.528822079394904 2
vertex 61 -7.614180701233153 2
endloop
endfacet
facet normal 0 0 1
outer loop
vertex 105 -7.614180701233153 2
vertex 105 -7.528822079394904 2
vertex 85.79263548302367 -7.528822079394904 2
endloop
endfacet
facet normal 0 0 1
outer loop
vertex 105 -7.614180701233153 2
vertex 85.79263548302367 -7.528822079394904 2
vertex 86.0740251485482 -7.614180701233153 2
endloop
endfacet
facet normal 0 0 1
outer loop
vertex 85.20736451698001 -7.528822079394904 2
vertex 85.5000000000002 -7.499999999999823 2
vertex 61 -7.499999999999823 2
endloop
endfacet
facet normal 0 0 1
outer loop
vertex 85.20736451698001 -7.528822079394904 2
vertex 61 -7.499999999999823 2
vertex 61 -7.528822079394904 2
endloop
endfacet
facet normal 0 0 1
outer loop
vertex 105 -7.528822079394904 2
vertex 105 -7.499999999999823 2
vertex 85.5000000000002 -7.499999999999823 2
endloop
endfacet
facet normal 0 0 1
outer loop
vertex 105 -7.528822079394904 2
vertex 85.5000000000002 -7.499999999999823 2
vertex 85.79263548302367 -7.528822079394904 2
endloop
endfacet
facet normal 0 0 1
outer loop
vertex -4.443211380904616 -11.000000611391062 2
vertex 10.794774679825462 -11.000000611391062 2
vertex 10.895791403384631 -10.994882671392146 2
endloop
endfacet
facet normal 0 0 1
outer loop
vertex -4.443211380904616 -11.000000611391062 2
vertex 10.895791403384631 -10.994882671392146 2
vertex 10.995807346134235 -10.979577829672284 2
endloop
endfacet
facet normal 0 0 1
outer loop
vertex -4.443211380904616 -11.000000611391062 2
vertex 10.995807346134235 -10.979577829672284 2
vertex 11.093764772339185 -10.954244657039785 2
endloop
endfacet
facet normal 0 0 1
outer loop
vertex -4.443211380904616 -11.000000611391062 2
vertex 11.093764772339185 -10.954244657039785 2
vertex 11.188661700000326 -10.919144999999885 2
endloop
endfacet
facet normal 0 0 1
outer loop
vertex -4.443211380904616 -11.000000611391062 2
vertex 11.188661700000326 -10.919144999999885 2
vertex 20.333317994311678 -7.000000000000029 2
endloop
endfacet
facet normal 0 0 1
outer loop
vertex -4.443211380904616 -11.000000611391062 2
vertex 20.333317994311678 -7.000000000000029 2
vertex 13.000000000000167 -7.000000000000029 2
endloop
endfacet
facet normal 0 0 1
outer loop
vertex -4.443211380904616 -11.000000611391062 2
vertex 13.000000000000167 -7.000000000000029 2
vertex -11 -7.000000000000029 2
endloop
endfacet
facet normal 0 0 1
outer loop
vertex -4.443211380904616 -11.000000611391062 2
vertex -11 -7.000000000000029 2
vertex -11 -10.000000000000464 2
endloop
endfacet
facet normal 0 0 1
outer loop
vertex -4.443211380904616 -11.000000611391062 2
vertex -11 -10.000000000000464 2
vertex -10.984807753012253 -10.173648177666868 2
endloop
endfacet
facet normal 0 0 1
outer loop
vertex -4.443211380904616 -11.000000611391062 2
vertex -10.984807753012253 -10.173648177666868 2
vertex -10.93969262078595 -10.342020143325628 2
endloop
endfacet
facet normal 0 0 1
outer loop
vertex -4.443211380904616 -11.000000611391062 2
vertex -10.93969262078595 -10.342020143325628 2
vertex -10.866025403784258 -10.499999999999993 2
endloop
endfacet
facet normal 0 0 1
outer loop
vertex -4.443211380904616 -11.000000611391062 2
vertex -10.866025403784258 -10.499999999999993 2
vertex -10.766044443119268 -10.642787609686302 2
endloop
endfacet
facet normal 0 0 1
outer loop
vertex -4.443211380904616 -11.000000611391062 2
vertex -10.766044443119268 -10.642787609686302 2
vertex -10.64278760968648 -10.76604444311909 2
endloop
endfacet
facet normal 0 0 1
outer loop
vertex -4.443211380904616 -11.000000611391062 2
vertex -10.64278760968648 -10.76604444311909 2
vertex -10.499999999999085 -10.866025403785146 2
endloop
endfacet
facet normal 0 0 1
outer loop
vertex -4.443211380904616 -11.000000611391062 2
vertex -10.499999999999085 -10.866025403785146 2
vertex -10.342020143327545 -10.939692620785316 2
endloop
endfacet
facet normal 0 0 1
outer loop
vertex -4.443211380904616 -11.000000611391062 2
vertex -10.342020143327545 -10.939692620785316 2
vertex -10.173648177666324 -10.98480775301228 2
endloop
endfacet
facet normal 0 0 1
outer loop
vertex -4.443211380904616 -11.000000611391062 2
vertex -10.173648177666324 -10.98480775301228 2
vertex -10.000000000000542 -11.000000611391062 2
endloop
endfacet
facet normal 0 0 1
outer loop
vertex 13.000000000000167 -7.000000000000029 2
vertex 12.70736451697554 -6.971177920604832 2
vertex -11 -6.971177920604832 2
endloop
endfacet
facet normal 0 0 1
outer loop
vertex 13.000000000000167 -7.000000000000029 2
vertex -11 -6.971177920604832 2
vertex -11 -7.000000000000029 2
endloop
endfacet
facet normal 0 0 1
outer loop
vertex 20.333317994311678 -7.000000000000029 2
vertex 20.400569399849473 -6.971177920604832 2
vertex 13.292635483024798 -6.971177920604832 2
endloop
endfacet
facet normal 0 0 1
outer loop
vertex 20.333317994311678 -7.000000000000029 2
vertex 13.292635483024798 -6.971177920604832 2
vertex 13.000000000000167 -7.000000000000029 2
endloop
endfacet
facet normal 0 0 1
outer loop
vertex 12.70736451697554 -6.971177920604832 2
vertex 12.425974851452544 -6.885819298767051 2
vertex -11 -6.885819298767051 2
endloop
endfacet
facet normal 0 0 1
outer loop
vertex 12.70736451697554 -6.971177920604832 2
vertex -11 -6.885819298767051 2
vertex -11 -6.971177920604832 2
endloop
endfacet
facet normal 0 0 1
outer loop
vertex 20.400569399849473 -6.971177920604832 2
vertex 20.59973918266248 -6.885819298767051 2
vertex 13.574025148547014 -6.885819298767051 2
endloop
endfacet
facet normal 0 0 1
outer loop
vertex 20.400569399849473 -6.971177920604832 2
vertex 13.574025148547014 -6.885819298767051 2
vertex 13.292635483024798 -6.971177920604832 2
endloop
endfacet
facet normal 0 0 1
outer loop
vertex 12.425974851452544 -6.885819298767051 2
vertex 12.166644650470555 -6.747204418453823 2
vertex -11 -6.747204418453823 2
endloop
endfacet
facet normal 0 0 1
outer loop
vertex 12.425974851452544 -6.885819298767051 2
vertex -11 -6.747204418453823 2
vertex -11 -6.885819298767051 2
endloop
endfacet
facet normal 0 0 1
outer loop
vertex 20.59973918266248 -6.885819298767051 2
vertex 20.923173359693852 -6.747204418453823 2
vertex 13.833355349529791 -6.747204418453823 2
endloop
endfacet
facet normal 0 0 1
outer loop
vertex 20.59973918266248 -6.885819298767051 2
vertex 13.833355349529791 -6.747204418453823 2
vertex 13.574025148547014 -6.885819298767051 2
endloop
endfacet
facet normal 0 0 1
outer loop
vertex 12.166644650470555 -6.747204418453823 2
vertex 11.93933982822039 -6.560660171780032 2
vertex -11 -6.560660171780032 2
endloop
endfacet
facet normal 0 0 1
outer loop
vertex 12.166644650470555 -6.747204418453823 2
vertex -11 -6.560660171780032 2
vertex -11 -6.747204418453823 2
endloop
endfacet
facet normal 0 0 1
outer loop
vertex 20.923173359693852 -6.747204418453823 2
vertex 21.35844253690294 -6.560660171780032 2
vertex 14.060660171779451 -6.560660171780032 2
endloop
endfacet
facet normal 0 0 1
outer loop
vertex 20.923173359693852 -6.747204418453823 2
vertex 14.060660171779451 -6.560660171780032 2
vertex 13.833355349529791 -6.747204418453823 2
endloop
endfacet
facet normal 0 0 1
outer loop
vertex 11.93933982822039 -6.560660171780032 2
vertex 11.752795581546025 -6.333355349529169 2
vertex -11 -6.333355349529169 2
endloop
endfacet
facet normal 0 0 1
outer loop
vertex 11.93933982822039 -6.560660171780032 2
vertex -11 -6.333355349529169 2
vertex -11 -6.560660171780032 2
endloop
endfacet
facet normal 0 0 1
outer loop
vertex 21.35844253690294 -6.560660171780032 2
vertex 21.888819563913614 -6.333355349529169 2
vertex 14.247204418453714 -6.333355349529169 2
endloop
endfacet
facet normal 0 0 1
outer loop
vertex 21.35844253690294 -6.560660171780032 2
vertex 14.247204418453714 -6.333355349529169 2
vertex 14.060660171779451 -6.560660171780032 2
endloop
endfacet
facet normal 0 0 1
outer loop
vertex 11.752795581546025 -6.333355349529169 2
vertex 11.614180701233176 -6.0740251485476255 2
vertex -11 -6.0740251485476255 2
endloop
endfacet
facet normal 0 0 1
outer loop
vertex 11.752795581546025 -6.333355349529169 2
vertex -11 -6.0740251485476255 2
vertex -11 -6.333355349529169 2
endloop
endfacet
facet normal 0 0 1
outer loop
vertex 21.888819563913614 -6.333355349529169 2
vertex 22.493922349013676 -6.0740251485476255 2
vertex 14.385819298766929 -6.0740251485476255 2
endloop
endfacet
facet normal 0 0 1
outer loop
vertex 21.888819563913614 -6.333355349529169 2
vertex 14.385819298766929 -6.0740251485476255 2
vertex 14.247204418453714 -6.333355349529169 2
endloop
endfacet
facet normal 0 0 1
outer loop
vertex 85.5000000000002 -7.499999999999823 2
vertex 105 -7.499999999999823 2
vertex 105 -5.999999999999723 2
endloop
endfacet
facet normal 0 0 1
outer loop
vertex 85.5000000000002 -7.499999999999823 2
vertex 105 -5.999999999999723 2
vertex 61 -5.999999999999723 2
endloop
endfacet
facet normal 0 0 1
outer loop
vertex 85.5000000000002 -7.499999999999823 2
vertex 61 -5.999999999999723 2
vertex 61 -7.499999999999823 2
endloop
endfacet
facet normal 0 0 1
outer loop
vertex 105 -5.999999999999723 2
vertex 105 -5.826351822334353 2
vertex 60.98480775301234 -5.826351822334353 2
endloop
endfacet
facet normal 0 0 1
outer loop
vertex 105 -5.999999999999723 2
vertex 60.98480775301234 -5.826351822334353 2
vertex 61 -5.999999999999723 2
endloop
endfacet
facet normal 0 0 1
outer loop
vertex 11.614180701233176 -6.0740251485476255 2
vertex 11.528822079395127 -5.792635483024254 2
vertex -11 -5.792635483024254 2
endloop
endfacet
facet normal 0 0 1
outer loop
vertex 11.614180701233176 -6.0740251485476255 2
vertex -11 -5.792635483024254 2
vertex -11 -6.0740251485476255 2
endloop
endfacet
facet normal 0 0 1
outer loop
vertex 22.493922349013676 -6.0740251485476255 2
vertex 23.150497131519188 -5.792635483024254 2
vertex 14.471177920604823 -5.792635483024254 2
endloop
endfacet
facet normal 0 0 1
outer loop
vertex 22.493922349013676 -6.0740251485476255 2
vertex 14.471177920604823 -5.792635483024254 2
vertex 14.385819298766929 -6.0740251485476255 2
endloop
endfacet
facet normal 0 0 1
outer loop
vertex 105 -5.826351822334353 2
vertex 105 -5.6579798566733155 2
vertex 60.93969262078543 -5.6579798566733155 2
endloop
endfacet
facet normal 0 0 1
outer loop
vertex 105 -5.826351822334353 2
vertex 60.93969262078543 -5.6579798566733155 2
vertex 60.98480775301234 -5.826351822334353 2
endloop
endfacet
facet normal 0 0 1
outer loop
vertex 11.528822079395127 -5.792635483024254 2
vertex 11.500000000000004 -5.499999999999979 2
vertex -11 -5.499999999999979 2
endloop
endfacet
facet normal 0 0 1
outer loop
vertex 11.528822079395127 -5.792635483024254 2
vertex -11 -5.499999999999979 2
vertex -11 -5.792635483024254 2
endloop
endfacet
facet normal 0 0 1
outer loop
vertex 23.150497131519188 -5.792635483024254 2
vertex 23.83331211074983 -5.499999999999979 2
vertex 14.49999999999999 -5.499999999999979 2
endloop
endfacet
facet normal 0 0 1
outer loop
vertex 23.150497131519188 -5.792635483024254 2
vertex 14.49999999999999 -5.499999999999979 2
vertex 14.471177920604823 -5.792635483024254 2
endloop
endfacet
facet normal 0 0 1
outer loop
vertex 105 -5.6579798566733155 2
vertex 105 -5.499999999999979 2
vertex 60.86602540378452 -5.499999999999979 2
endloop
endfacet
facet normal 0 0 1
outer loop
vertex 105 -5.6579798566733155 2
vertex 60.86602540378452 -5.499999999999979 2
vertex 60.93969262078543 -5.6579798566733155 2
endloop
endfacet
facet normal 0 0 1
outer loop
vertex 105 -5.499999999999979 2
vertex 105 -5.357212390313933 2
vertex 60.766044443119405 -5.357212390313933 2
endloop
endfacet
facet normal 0 0 1
outer loop
vertex 105 -5.499999999999979 2
vertex 60.766044443119405 -5.357212390313933 2
vertex 60.86602540378452 -5.499999999999979 2
endloop
endfacet
facet normal 0 0 1
outer loop
vertex 105 -5.357212390313933 2
vertex 105 -5.233955556880918 2
vertex 60.64278760968639 -5.233955556880918 2
endloop
endfacet
facet normal 0 0 1
outer loop
vertex 105 -5.357212390313933 2
vertex 60.64278760968639 -5.233955556880918 2
vertex 60.766044443119405 -5.357212390313933 2
endloop
endfacet
facet normal 0 0 1
outer loop
vertex 11.500000000000004 -5.499999999999979 2
vertex 11.528822079395177 -5.207364516975726 2
vertex -11 -5.207364516975726 2
endloop
endfacet
facet normal 0 0 1
outer loop
vertex 11.500000000000004 -5.499999999999979 2
vertex -11 -5.207364516975726 2
vertex -11 -5.499999999999979 2
endloop
endfacet
facet normal 0 0 1
outer loop
vertex 23.83331211074983 -5.499999999999979 2
vertex 24.51612708998042 -5.207364516975726 2
vertex 14.471177920604811 -5.207364516975726 2
endloop
endfacet
facet normal 0 0 1
outer loop
vertex 23.83331211074983 -5.499999999999979 2
vertex 14.471177920604811 -5.207364516975726 2
vertex 14.49999999999999 -5.499999999999979 2
endloop
endfacet
facet normal 0 0 1
outer loop
vertex 105 -5.233955556880918 2
vertex 105 -5.133974596215026 2
vertex 60.49999999999923 -5.133974596215026 2
endloop
endfacet
facet normal 0 0 1
outer loop
vertex 105 -5.233955556880918 2
vertex 60.49999999999923 -5.133974596215026 2
vertex 60.64278760968639 -5.233955556880918 2
endloop
endfacet
facet normal 0 0 1
outer loop
vertex 24.51612708998042 -5.207364516975726 2
vertex 24.811338800000996 -5.080844999999645 2
vertex 14.432798644718513 -5.080844999999645 2
endloop
endfacet
facet normal 0 0 1
outer loop
vertex 24.51612708998042 -5.207364516975726 2
vertex 14.432798644718513 -5.080844999999645 2
vertex 14.471177920604811 -5.207364516975726 2
endloop
endfacet
facet normal 0 0 1
outer loop
vertex 105 -5.133974596215026 2
vertex 105 -5.060307379214295 2
vertex 60.34202014332649 -5.060307379214295 2
endloop
endfacet
facet normal 0 0 1
outer loop
vertex 105 -5.133974596215026 2
vertex 60.34202014332649 -5.060307379214295 2
vertex 60.49999999999923 -5.133974596215026 2
endloop
endfacet
facet normal 0 0 1
outer loop
vertex 24.811338800000996 -5.080844999999645 2
vertex 24.90623568045723 -5.045747967883729 2
vertex 14.42215207642169 -5.045747967883729 2
endloop
endfacet
facet normal 0 0 1
outer loop
vertex 24.811338800000996 -5.080844999999645 2
vertex 14.42215207642169 -5.045747967883729 2
vertex 14.432798644718513 -5.080844999999645 2
endloop
endfacet
facet normal 0 0 1
outer loop
vertex 24.90623568045723 -5.045747967883729 2
vertex 25.00419336147821 -5.020419874538582 2
vertex 14.414468883303343 -5.020419874538582 2
endloop
endfacet
facet normal 0 0 1
outer loop
vertex 24.90623568045723 -5.045747967883729 2
vertex 14.414468883303343 -5.020419874538582 2
vertex 14.42215207642169 -5.045747967883729 2
endloop
endfacet
facet normal 0 0 1
outer loop
vertex 105 -5.060307379214295 2
vertex 105 -5.015192246987848 2
vertex 60.1736481776672 -5.015192246987848 2
endloop
endfacet
facet normal 0 0 1
outer loop
vertex 105 -5.060307379214295 2
vertex 60.1736481776672 -5.015192246987848 2
vertex 60.34202014332649 -5.060307379214295 2
endloop
endfacet
facet normal 0 0 1
outer loop
vertex 25.00419336147821 -5.020419874538582 2
vertex 25.104209028775454 -5.005120009216946 2
vertex 14.409827719898386 -5.005120009216946 2
endloop
endfacet
facet normal 0 0 1
outer loop
vertex 25.00419336147821 -5.020419874538582 2
vertex 14.409827719898386 -5.005120009216946 2
vertex 14.414468883303343 -5.020419874538582 2
endloop
endfacet
facet normal 0 0 1
outer loop
vertex 25.104209028775454 -5.005120009216946 2
vertex 25.20525760000063 -5 2
vertex 14.408274582082386 -5 2
endloop
endfacet
facet normal 0 0 1
outer loop
vertex 25.104209028775454 -5.005120009216946 2
vertex 14.408274582082386 -5 2
vertex 14.409827719898386 -5.005120009216946 2
endloop
endfacet
facet normal 0 0 1
outer loop
vertex 105 -5.015192246987848 2
vertex 105 -5 2
vertex 59.99999999999962 -5 2
endloop
endfacet
facet normal 0 0 1
outer loop
vertex 105 -5.015192246987848 2
vertex 59.99999999999962 -5 2
vertex 60.1736481776672 -5.015192246987848 2
endloop
endfacet
facet normal 0 0 1
outer loop
vertex 11.528822079395177 -5.207364516975726 2
vertex 11.61418070123305 -4.925974851452375 2
vertex -11 -4.925974851452375 2
endloop
endfacet
facet normal 0 0 1
outer loop
vertex 11.528822079395177 -5.207364516975726 2
vertex -11 -4.925974851452375 2
vertex -11 -5.207364516975726 2
endloop
endfacet
facet normal 0 0 1
outer loop
vertex 25.20525760000063 -5 2
vertex 59.99999999999962 -5 2
vertex 105 -5 2
endloop
endfacet
facet normal 0 0 1
outer loop
vertex 25.20525760000063 -5 2
vertex 105 -5 2
vertex 105 -4.925974851452375 2
endloop
endfacet
facet normal 0 0 1
outer loop
vertex 25.20525760000063 -5 2
vertex 105 -4.925974851452375 2
vertex 14.385819298766924 -4.925974851452375 2
endloop
endfacet
facet normal 0 0 1
outer loop
vertex 25.20525760000063 -5 2
vertex 14.385819298766924 -4.925974851452375 2
vertex 14.408274582082386 -5 2
endloop
endfacet
facet normal 0 0 1
outer loop
vertex 11.61418070123305 -4.925974851452375 2
vertex 11.752795581546385 -4.666644650470766 2
vertex -11 -4.666644650470766 2
endloop
endfacet
facet normal 0 0 1
outer loop
vertex 11.61418070123305 -4.925974851452375 2
vertex -11 -4.666644650470766 2
vertex -11 -4.925974851452375 2
endloop
endfacet
facet normal 0 0 1
outer loop
vertex 105 -4.925974851452375 2
vertex 105 -4.666644650470766 2
vertex 14.247204418453899 -4.666644650470766 2
endloop
endfacet
facet normal 0 0 1
outer loop
vertex 105 -4.925974851452375 2
vertex 14.247204418453899 -4.666644650470766 2
vertex 14.385819298766924 -4.925974851452375 2
endloop
endfacet
facet normal 0 0 1
outer loop
vertex 11.752795581546385 -4.666644650470766 2
vertex 11.939339828219907 -4.4393398282199055 2
vertex -11 -4.4393398282199055 2
endloop
endfacet
facet normal 0 0 1
outer loop
vertex 11.752795581546385 -4.666644650470766 2
vertex -11 -4.4393398282199055 2
vertex -11 -4.666644650470766 2
endloop
endfacet
facet normal 0 0 1
outer loop
vertex 105 -4.666644650470766 2
vertex 105 -4.4393398282199055 2
vertex 14.06066017177954 -4.4393398282199055 2
endloop
endfacet
facet normal 0 0 1
outer loop
vertex 105 -4.666644650470766 2
vertex 14.06066017177954 -4.4393398282199055 2
vertex 14.247204418453899 -4.666644650470766 2
endloop
endfacet
facet normal 0 0 1
outer loop
vertex 11.939339828219907 -4.4393398282199055 2
vertex 12.166644650470921 -4.252795581546225 2
vertex -11 -4.252795581546225 2
endloop
endfacet
facet normal 0 0 1
outer loop
vertex 11.939339828219907 -4.4393398282199055 2
vertex -11 -4.252795581546225 2
vertex -11 -4.4393398282199055 2
endloop
endfacet
facet normal 0 0 1
outer loop
vertex 105 -4.4393398282199055 2
vertex 105 -4.252795581546225 2
vertex 13.833355349529509 -4.252795581546225 2
endloop
endfacet
facet normal 0 0 1
outer loop
vertex 105 -4.4393398282199055 2
vertex 13.833355349529509 -4.252795581546225 2
vertex 14.06066017177954 -4.4393398282199055 2
endloop
endfacet
facet normal 0 0 1
outer loop
vertex 12.166644650470921 -4.252795581546225 2
vertex 12.425974851451883 -4.114180701233247 2
vertex -11 -4.114180701233247 2
endloop
endfacet
facet normal 0 0 1
outer loop
vertex 12.166644650470921 -4.252795581546225 2
vertex -11 -4.114180701233247 2
vertex -11 -4.252795581546225 2
endloop
endfacet
facet normal 0 0 1
outer loop
vertex 105 -4.252795581546225 2
vertex 105 -4.114180701233247 2
vertex 13.57402514854799 -4.114180701233247 2
endloop
endfacet
facet normal 0 0 1
outer loop
vertex 105 -4.252795581546225 2
vertex 13.57402514854799 -4.114180701233247 2
vertex 13.833355349529509 -4.252795581546225 2
endloop
endfacet
facet normal 0 0 1
outer loop
vertex 12.425974851451883 -4.114180701233247 2
vertex 12.707364516975892 -4.028822079395069 2
vertex -11 -4.028822079395069 2
endloop
endfacet
facet normal 0 0 1
outer loop
vertex 12.425974851451883 -4.114180701233247 2
vertex -11 -4.028822079395069 2
vertex -11 -4.114180701233247 2
endloop
endfacet
facet normal 0 0 1
outer loop
vertex 105 -4.114180701233247 2
vertex 105 -4.028822079395069 2
vertex 13.292635483023682 -4.028822079395069 2
endloop
endfacet
facet normal 0 0 1
outer loop
vertex 105 -4.114180701233247 2
vertex 13.292635483023682 -4.028822079395069 2
vertex 13.57402514854799 -4.114180701233247 2
endloop
endfacet
facet normal 0 0 1
outer loop
vertex 12.707364516975892 -4.028822079395069 2
vertex 13.00000000000022 -3.9999999999999867 2
vertex -11 -3.9999999999999867 2
endloop
endfacet
facet normal 0 0 1
outer loop
vertex 12.707364516975892 -4.028822079395069 2
vertex -11 -3.9999999999999867 2
vertex -11 -4.028822079395069 2
endloop
endfacet
facet normal 0 0 1
outer loop
vertex 105 -4.028822079395069 2
vertex 105 -3.9999999999999867 2
vertex 13.00000000000022 -3.9999999999999867 2
endloop
endfacet
facet normal 0 0 1
outer loop
vertex 105 -4.028822079395069 2
vertex 13.00000000000022 -3.9999999999999867 2
vertex 13.292635483023682 -4.028822079395069 2
endloop
endfacet
facet normal 0 0 1
outer loop
vertex 13.00000000000022 -3.9999999999999867 2
vertex 105 -3.9999999999999867 2
vertex 105 29.999999999999897 2
endloop
endfacet
facet normal 0 0 1
outer loop
vertex 13.00000000000022 -3.9999999999999867 2
vertex 105 29.999999999999897 2
vertex 62.999999999999034 29.999999999999897 2
endloop
endfacet
facet normal 0 0 1
outer loop
vertex 13.00000000000022 -3.9999999999999867 2
vertex 62.999999999999034 29.999999999999897 2
vertex -11 29.999999999999897 2
endloop
endfacet
facet normal 0 0 1
outer loop
vertex 13.00000000000022 -3.9999999999999867 2
vertex -11 29.999999999999897 2
vertex -11 -3.9999999999999867 2
endloop
endfacet
facet normal 0 0 1
outer loop
vertex 62.999999999999034 29.999999999999897 2
vertex 62.70736451697715 30.028822079394825 2
vertex -11 30.028822079394825 2
endloop
endfacet
facet normal 0 0 1
outer loop
vertex 62.999999999999034 29.999999999999897 2
vertex -11 30.028822079394825 2
vertex -11 29.999999999999897 2
endloop
endfacet
facet normal 0 0 1
outer loop
vertex 105 29.999999999999897 2
vertex 105 30.028822079394825 2
vertex 63.2926354830209 30.028822079394825 2
endloop
endfacet
facet normal 0 0 1
outer loop
vertex 105 29.999999999999897 2
vertex 63.2926354830209 30.028822079394825 2
vertex 62.999999999999034 29.999999999999897 2
endloop
endfacet
facet normal 0 0 1
outer loop
vertex 62.70736451697715 30.028822079394825 2
vertex 62.42597485145171 30.114180701233348 2
vertex -11 30.114180701233348 2
endloop
endfacet
facet normal 0 0 1
outer loop
vertex 62.70736451697715 30.028822079394825 2
vertex -11 30.114180701233348 2
vertex -11 30.028822079394825 2
endloop
endfacet
facet normal 0 0 1
outer loop
vertex 105 30.028822079394825 2
vertex 105 30.114180701233348 2
vertex 63.57402514854951 30.114180701233348 2
endloop
endfacet
facet normal 0 0 1
outer loop
vertex 105 30.028822079394825 2
vertex 63.57402514854951 30.114180701233348 2
vertex 63.2926354830209 30.028822079394825 2
endloop
endfacet
facet normal 0 0 1
outer loop
vertex 62.42597485145171 30.114180701233348 2
vertex 62.16664465047127 30.252795581545747 2
vertex -11 30.252795581545747 2
endloop
endfacet
facet normal 0 0 1
outer loop
vertex 62.42597485145171 30.114180701233348 2
vertex -11 30.252795581545747 2
vertex -11 30.114180701233348 2
endloop
endfacet
facet normal 0 0 1
outer loop
vertex 105 30.114180701233348 2
vertex 105 30.252795581545747 2
vertex 63.833355349528446 30.252795581545747 2
endloop
endfacet
facet normal 0 0 1
outer loop
vertex 105 30.114180701233348 2
vertex 63.833355349528446 30.252795581545747 2
vertex 63.57402514854951 30.114180701233348 2
endloop
endfacet
facet normal 0 0 1
outer loop
vertex 62.16664465047127 30.252795581545747 2
vertex 61.93933982821978 30.43933982822062 2
vertex -11 30.43933982822062 2
endloop
endfacet
facet normal 0 0 1
outer loop
vertex 62.16664465047127 30.252795581545747 2
vertex -11 30.43933982822062 2
vertex -11 30.252795581545747 2
endloop
endfacet
facet normal 0 0 1
outer loop
vertex 105 30.252795581545747 2
vertex 105 30.43933982822062 2
vertex 64.06066017178112 30.43933982822062 2
endloop
endfacet
facet normal 0 0 1
outer loop
vertex 105 30.252795581545747 2
vertex 64.06066017178112 30.43933982822062 2
vertex 63.833355349528446 30.252795581545747 2
endloop
endfacet
facet normal 0 0 1
outer loop
vertex 61.93933982821978 30.43933982822062 2
vertex 61.75279558154617 30.66664465047058 2
vertex -11 30.66664465047058 2
endloop
endfacet
facet normal 0 0 1
outer loop
vertex 61.93933982821978 30.43933982822062 2
vertex -11 30.66664465047058 2
vertex -11 30.43933982822062 2
endloop
endfacet
facet normal 0 0 1
outer loop
vertex 105 30.43933982822062 2
vertex 105 30.66664465047058 2
vertex 64.24720441845366 30.66664465047058 2
endloop
endfacet
facet normal 0 0 1
outer loop
vertex 105 30.43933982822062 2
vertex 64.24720441845366 30.66664465047058 2
vertex 64.06066017178112 30.43933982822062 2
endloop
endfacet
facet normal 0 0 1
outer loop
vertex 61.75279558154617 30.66664465047058 2
vertex 61.61418070123321 30.925974851451233 2
vertex -11 30.925974851451233 2
endloop
endfacet
facet normal 0 0 1
outer loop
vertex 61.75279558154617 30.66664465047058 2
vertex -11 30.925974851451233 2
vertex -11 30.66664465047058 2
endloop
endfacet
facet normal 0 0 1
outer loop
vertex 105 30.66664465047058 2
vertex 105 30.925974851451233 2
vertex 64.3858192987665 30.925974851451233 2
endloop
endfacet
facet normal 0 0 1
outer loop
vertex 105 30.66664465047058 2
vertex 64.3858192987665 30.925974851451233 2
vertex 64.24720441845366 30.66664465047058 2
endloop
endfacet
facet normal 0 0 1
outer loop
vertex 61.61418070123321 30.925974851451233 2
vertex 61.52882207939515 31.20736451697745 2
vertex -11 31.20736451697745 2
endloop
endfacet
facet normal 0 0 1
outer loop
vertex 61.61418070123321 30.925974851451233 2
vertex -11 31.20736451697745 2
vertex -11 30.925974851451233 2
endloop
endfacet
facet normal 0 0 1
outer loop
vertex 105 30.925974851451233 2
vertex 105 31.20736451697745 2
vertex 64.47117792060526 31.20736451697745 2
endloop
endfacet
facet normal 0 0 1
outer loop
vertex 105 30.925974851451233 2
vertex 64.47117792060526 31.20736451697745 2
vertex 64.3858192987665 30.925974851451233 2
endloop
endfacet
facet normal 0 0 1
outer loop
vertex 61.52882207939515 31.20736451697745 2
vertex 61.500000000000064 31.500000000000036 2
vertex -11 31.500000000000036 2
endloop
endfacet
facet normal 0 0 1
outer loop
vertex 61.52882207939515 31.20736451697745 2
vertex -11 31.500000000000036 2
vertex -11 31.20736451697745 2
endloop
endfacet
facet normal 0 0 1
outer loop
vertex 105 31.20736451697745 2
vertex 105 31.500000000000036 2
vertex 64.50000000000026 31.500000000000036 2
endloop
endfacet
facet normal 0 0 1
outer loop
vertex 105 31.20736451697745 2
vertex 64.50000000000026 31.500000000000036 2
vertex 64.47117792060526 31.20736451697745 2
endloop
endfacet
facet normal 0 0 1
outer loop
vertex 61.500000000000064 31.500000000000036 2
vertex 61.528822079395276 31.79263548302404 2
vertex -11 31.79263548302404 2
endloop
endfacet
facet normal 0 0 1
outer loop
vertex 61.500000000000064 31.500000000000036 2
vertex -11 31.79263548302404 2
vertex -11 31.500000000000036 2
endloop
endfacet
facet normal 0 0 1
outer loop
vertex 105 31.500000000000036 2
vertex 105 31.79263548302404 2
vertex 64.47117792060496 31.79263548302404 2
endloop
endfacet
facet normal 0 0 1
outer loop
vertex 105 31.500000000000036 2
vertex 64.47117792060496 31.79263548302404 2
vertex 64.50000000000026 31.500000000000036 2
endloop
endfacet
facet normal 0 0 1
outer loop
vertex 61.528822079395276 31.79263548302404 2
vertex 61.61418070123408 32.074025148547356 2
vertex -11 32.074025148547356 2
endloop
endfacet
facet normal 0 0 1
outer loop
vertex 61.528822079395276 31.79263548302404 2
vertex -11 32.074025148547356 2
vertex -11 31.79263548302404 2
endloop
endfacet
facet normal 0 0 1
outer loop
vertex 105 31.79263548302404 2
vertex 105 32.074025148547356 2
vertex 64.38581929876709 32.074025148547356 2
endloop
endfacet
facet normal 0 0 1
outer loop
vertex 105 31.79263548302404 2
vertex 64.38581929876709 32.074025148547356 2
vertex 64.47117792060496 31.79263548302404 2
endloop
endfacet
facet normal 0 0 1
outer loop
vertex 61.61418070123408 32.074025148547356 2
vertex 61.75279558154457 32.33335534952935 2
vertex -11 32.33335534952935 2
endloop
endfacet
facet normal 0 0 1
outer loop
vertex 61.61418070123408 32.074025148547356 2
vertex -11 32.33335534952935 2
vertex -11 32.074025148547356 2
endloop
endfacet
facet normal 0 0 1
outer loop
vertex 105 32.074025148547356 2
vertex 105 32.33335534952935 2
vertex 64.24720441845385 32.33335534952935 2
endloop
endfacet
facet normal 0 0 1
outer loop
vertex 105 32.074025148547356 2
vertex 64.24720441845385 32.33335534952935 2
vertex 64.38581929876709 32.074025148547356 2
endloop
endfacet
facet normal 0 0 1
outer loop
vertex 61.75279558154457 32.33335534952935 2
vertex 61.93933982822009 32.56066017178026 2
vertex -11 32.56066017178026 2
endloop
endfacet
facet normal 0 0 1
outer loop
vertex 61.75279558154457 32.33335534952935 2
vertex -11 32.56066017178026 2
vertex -11 32.33335534952935 2
endloop
endfacet
facet normal 0 0 1
outer loop
vertex 105 32.33335534952935 2
vertex 105 32.56066017178026 2
vertex 64.06066017177943 32.56066017178026 2
endloop
endfacet
facet normal 0 0 1
outer loop
vertex 105 32.33335534952935 2
vertex 64.06066017177943 32.56066017178026 2
vertex 64.24720441845385 32.33335534952935 2
endloop
endfacet
facet normal 0 0 1
outer loop
vertex 61.93933982822009 32.56066017178026 2
vertex 62.16664465047199 32.74720441845358 2
vertex -11 32.74720441845358 2
endloop
endfacet
facet normal 0 0 1
outer loop
vertex 61.93933982822009 32.56066017178026 2
vertex -11 32.74720441845358 2
vertex -11 32.56066017178026 2
endloop
endfacet
facet normal 0 0 1
outer loop
vertex 105 32.56066017178026 2
vertex 105 32.74720441845358 2
vertex 63.83335534952985 32.74720441845358 2
endloop
endfacet
facet normal 0 0 1
outer loop
vertex 105 32.56066017178026 2
vertex 63.83335534952985 32.74720441845358 2
vertex 64.06066017177943 32.56066017178026 2
endloop
endfacet
facet normal 0 0 1
outer loop
vertex 62.16664465047199 32.74720441845358 2
vertex 62.425974851450604 32.885819298766386 2
vertex -11 32.885819298766386 2
endloop
endfacet
facet normal 0 0 1
outer loop
vertex 62.16664465047199 32.74720441845358 2
vertex -11 32.885819298766386 2
vertex -11 32.74720441845358 2
endloop
endfacet
facet normal 0 0 1
outer loop
vertex 105 32.74720441845358 2
vertex 105 32.885819298766386 2
vertex 63.57402514854865 32.885819298766386 2
endloop
endfacet
facet normal 0 0 1
outer loop
vertex 105 32.74720441845358 2
vertex 63.57402514854865 32.885819298766386 2
vertex 63.83335534952985 32.74720441845358 2
endloop
endfacet
facet normal 0 0 1
outer loop
vertex 62.425974851450604 32.885819298766386 2
vertex 62.70736451697613 32.97117792060473 2
vertex -11 32.97117792060473 2
endloop
endfacet
facet normal 0 0 1
outer loop
vertex 62.425974851450604 32.885819298766386 2
vertex -11 32.97117792060473 2
vertex -11 32.885819298766386 2
endloop
endfacet
facet normal 0 0 1
outer loop
vertex 105 32.885819298766386 2
vertex 105 32.97117792060473 2
vertex 63.29263548302379 32.97117792060473 2
endloop
endfacet
facet normal 0 0 1
outer loop
vertex 105 32.885819298766386 2
vertex 63.29263548302379 32.97117792060473 2
vertex 63.57402514854865 32.885819298766386 2
endloop
endfacet
facet normal 0 0 1
outer loop
vertex 62.70736451697613 32.97117792060473 2
vertex 62.99999999999926 32.99999999999992 2
vertex -11 32.99999999999992 2
endloop
endfacet
facet normal 0 0 1
outer loop
vertex 62.70736451697613 32.97117792060473 2
vertex -11 32.99999999999992 2
vertex -11 32.97117792060473 2
endloop
endfacet
facet normal 0 0 1
outer loop
vertex 105 32.97117792060473 2
vertex 105 32.99999999999992 2
vertex 62.99999999999926 32.99999999999992 2
endloop
endfacet
facet normal 0 0 1
outer loop
vertex 105 32.97117792060473 2
vertex 62.99999999999926 32.99999999999992 2
vertex 63.29263548302379 32.97117792060473 2
endloop
endfacet
facet normal 0 0 1
outer loop
vertex 62.99999999999926 32.99999999999992 2
vertex 105 32.99999999999992 2
vertex 105 38.00000000000172 2
endloop
endfacet
facet normal 0 0 1
outer loop
vertex 62.99999999999926 32.99999999999992 2
vertex 105 38.00000000000172 2
vertex 104.98480775301253 38.173648177664965 2
endloop
endfacet
facet normal 0 0 1
outer loop
vertex 62.99999999999926 32.99999999999992 2
vertex 104.98480775301253 38.173648177664965 2
vertex 104.9396926207853 38.34202014332718 2
endloop
endfacet
facet normal 0 0 1
outer loop
vertex 62.99999999999926 32.99999999999992 2
vertex 104.9396926207853 38.34202014332718 2
vertex 104.86602540378483 38.499999999999346 2
endloop
endfacet
facet normal 0 0 1
outer loop
vertex 62.99999999999926 32.99999999999992 2
vertex 104.86602540378483 38.499999999999346 2
vertex 104.76604444311641 38.64278760969011 2
endloop
endfacet
facet normal 0 0 1
outer loop
vertex 62.99999999999926 32.99999999999992 2
vertex 104.76604444311641 38.64278760969011 2
vertex 104.64278760968953 38.766044443116996 2
endloop
endfacet
facet normal 0 0 1
outer loop
vertex 62.99999999999926 32.99999999999992 2
vertex 104.64278760968953 38.766044443116996 2
vertex 104.50000000000655 38.866025403779965 2
endloop
endfacet
facet normal 0 0 1
outer loop
vertex 62.99999999999926 32.99999999999992 2
vertex 104.50000000000655 38.866025403779965 2
vertex 104.34202014331866 38.93969262078776 2
endloop
endfacet
facet normal 0 0 1
outer loop
vertex 62.99999999999926 32.99999999999992 2
vertex 104.34202014331866 38.93969262078776 2
vertex 104.17364817766517 38.98480775301265 2
endloop
endfacet
facet normal 0 0 1
outer loop
vertex 62.99999999999926 32.99999999999992 2
vertex 104.17364817766517 38.98480775301265 2
vertex 104.00000000000335 39 2
endloop
endfacet
facet normal 0 0 1
outer loop
vertex 62.99999999999926 32.99999999999992 2
vertex 104.00000000000335 39 2
vertex 84.00000000000284 39 2
endloop
endfacet
facet normal 0 0 1
outer loop
vertex 62.99999999999926 32.99999999999992 2
vertex 84.00000000000284 39 2
vertex -11 39 2
endloop
endfacet
facet normal 0 0 1
outer loop
vertex 62.99999999999926 32.99999999999992 2
vertex -11 39 2
vertex -11 32.99999999999992 2
endloop
endfacet
facet normal 0 0 1
outer loop
vertex 84.00000000000284 39 2
vertex 83.82635182233182 39.01519224698815 2
vertex -11 39.01519224698815 2
endloop
endfacet
facet normal 0 0 1
outer loop
vertex 84.00000000000284 39 2
vertex -11 39.01519224698815 2
vertex -11 39 2
endloop
endfacet
facet normal 0 0 1
outer loop
vertex 83.82635182233182 39.01519224698815 2
vertex 83.65797985667255 39.0603073792146 2
vertex -11 39.0603073792146 2
endloop
endfacet
facet normal 0 0 1
outer loop
vertex 83.82635182233182 39.01519224698815 2
vertex -11 39.0603073792146 2
vertex -11 39.01519224698815 2
endloop
endfacet
facet normal 0 0 1
outer loop
vertex 83.65797985667255 39.0603073792146 2
vertex 83.50000000000155 39.13397459621452 2
vertex -11 39.13397459621452 2
endloop
endfacet
facet normal 0 0 1
outer loop
vertex 83.65797985667255 39.0603073792146 2
vertex -11 39.13397459621452 2
vertex -11 39.0603073792146 2
endloop
endfacet
facet normal 0 0 1
outer loop
vertex 83.50000000000155 39.13397459621452 2
vertex 83.35721239031315 39.2339555568813 2
vertex -11 39.2339555568813 2
endloop
endfacet
facet normal 0 0 1
outer loop
vertex 83.50000000000155 39.13397459621452 2
vertex -11 39.2339555568813 2
vertex -11 39.13397459621452 2
endloop
endfacet
facet normal 0 0 1
outer loop
vertex 83.35721239031315 39.2339555568813 2
vertex 83.23395555688106 39.357212390313386 2
vertex -11 39.357212390313386 2
endloop
endfacet
facet normal 0 0 1
outer loop
vertex 83.35721239031315 39.2339555568813 2
vertex -11 39.357212390313386 2
vertex -11 39.2339555568813 2
endloop
endfacet
facet normal 0 0 1
outer loop
vertex 83.23395555688106 39.357212390313386 2
vertex 83.13397459621568 39.49999999999981 2
vertex -11 39.49999999999981 2
endloop
endfacet
facet normal 0 0 1
outer loop
vertex 83.23395555688106 39.357212390313386 2
vertex -11 39.49999999999981 2
vertex -11 39.357212390313386 2
endloop
endfacet
facet normal 0 0 1
outer loop
vertex 83.13397459621568 39.49999999999981 2
vertex 83.06030737921424 39.6579798566741 2
vertex -11 39.6579798566741 2
endloop
endfacet
facet normal 0 0 1
outer loop
vertex 83.13397459621568 39.49999999999981 2
vertex -11 39.6579798566741 2
vertex -11 39.49999999999981 2
endloop
endfacet
facet normal 0 0 1
outer loop
vertex 83.06030737921424 39.6579798566741 2
vertex 83.01519224698808 39.8263518223323 2
vertex -11 39.8263518223323 2
endloop
endfacet
facet normal 0 0 1
outer loop
vertex 83.06030737921424 39.6579798566741 2
vertex -11 39.8263518223323 2
vertex -11 39.6579798566741 2
endloop
endfacet
facet normal 0 0 1
outer loop
vertex 83.01519224698808 39.8263518223323 2
vertex 83 40.000000000002636 2
vertex -11 40.000000000002636 2
endloop
endfacet
facet normal 0 0 1
outer loop
vertex 83.01519224698808 39.8263518223323 2
vertex -11 40.000000000002636 2
vertex -11 39.8263518223323 2
endloop
endfacet
facet normal 0 0 1
outer loop
vertex 83 40.000000000002636 2
vertex 83 44 2
vertex 6.000000000000398 44 2
endloop
endfacet
facet normal 0 0 1
outer loop
vertex 83 40.000000000002636 2
vertex 6.000000000000398 44 2
vertex -11 44 2
endloop
endfacet
facet normal 0 0 1
outer loop
vertex 83 40.000000000002636 2
vertex -11 44 2
vertex -11 40.000000000002636 2
endloop
endfacet
facet normal 0 0 1
outer loop
vertex 6.000000000000398 44 2
vertex 5.70736451697612 44.02882207939516 2
vertex -11 44.02882207939516 2
endloop
endfacet
facet normal 0 0 1
outer loop
vertex 6.000000000000398 44 2
vertex -11 44.02882207939516 2
vertex -11 44 2
endloop
endfacet
facet normal 0 0 1
outer loop
vertex 83 44 2
vertex 83 44.02882207939516 2
vertex 6.29263548302468 44.02882207939516 2
endloop
endfacet
facet normal 0 0 1
outer loop
vertex 83 44 2
vertex 6.29263548302468 44.02882207939516 2
vertex 6.000000000000398 44 2
endloop
endfacet
facet normal 0 0 1
outer loop
vertex 5.70736451697612 44.02882207939516 2
vertex 5.425974851451682 44.11418070123338 2
vertex -11 44.11418070123338 2
endloop
endfacet
facet normal 0 0 1
outer loop
vertex 5.70736451697612 44.02882207939516 2
vertex -11 44.11418070123338 2
vertex -11 44.02882207939516 2
endloop
endfacet
facet normal 0 0 1
outer loop
vertex 83 44.02882207939516 2
vertex 83 44.11418070123338 2
vertex 6.574025148548557 44.11418070123338 2
endloop
endfacet
facet normal 0 0 1
outer loop
vertex 83 44.02882207939516 2
vertex 6.574025148548557 44.11418070123338 2
vertex 6.29263548302468 44.02882207939516 2
endloop
endfacet
facet normal 0 0 1
outer loop
vertex 5.425974851451682 44.11418070123338 2
vertex 5.166644650470792 44.252795581546025 2
vertex -11 44.252795581546025 2
endloop
endfacet
facet normal 0 0 1
outer loop
vertex 5.425974851451682 44.11418070123338 2
vertex -11 44.252795581546025 2
vertex -11 44.11418070123338 2
endloop
endfacet
facet normal 0 0 1
outer loop
vertex 83 44.11418070123338 2
vertex 83 44.252795581546025 2
vertex 6.833355349529176 44.252795581546025 2
endloop
endfacet
facet normal 0 0 1
outer loop
vertex 83 44.11418070123338 2
vertex 6.833355349529176 44.252795581546025 2
vertex 6.574025148548557 44.11418070123338 2
endloop
endfacet
facet normal 0 0 1
outer loop
vertex 5.166644650470792 44.252795581546025 2
vertex 4.939339828219802 44.43933982822049 2
vertex -10.986742418749724 44.43933982822049 2
endloop
endfacet
facet normal 0 0 1
outer loop
vertex 5.166644650470792 44.252795581546025 2
vertex -10.986742418749724 44.43933982822049 2
vertex -10.987840378245275 44.4347377786138 2
endloop
endfacet
facet normal 0 0 1
outer loop
vertex 5.166644650470792 44.252795581546025 2
vertex -10.987840378245275 44.4347377786138 2
vertex -11 44.279240800002086 2
endloop
endfacet
facet normal 0 0 1
outer loop
vertex 5.166644650470792 44.252795581546025 2
vertex -11 44.279240800002086 2
vertex -11 44.252795581546025 2
endloop
endfacet
facet normal 0 0 1
outer loop
vertex 83 44.252795581546025 2
vertex 83 44.43933982822049 2
vertex 7.060660171779806 44.43933982822049 2
endloop
endfacet
facet normal 0 0 1
outer loop
vertex 83 44.252795581546025 2
vertex 7.060660171779806 44.43933982822049 2
vertex 6.833355349529176 44.252795581546025 2
endloop
endfacet
facet normal 0 0 1
outer loop
vertex 4.939339828219802 44.43933982822049 2
vertex 4.7527955815464615 44.666644650470104 2
vertex -10.918649503395843 44.666644650470104 2
endloop
endfacet
facet normal 0 0 1
outer loop
vertex 4.939339828219802 44.43933982822049 2
vertex -10.918649503395843 44.666644650470104 2
vertex -10.951644277485093 44.58645216511168 2
endloop
endfacet
facet normal 0 0 1
outer loop
vertex 4.939339828219802 44.43933982822049 2
vertex -10.951644277485093 44.58645216511168 2
vertex -10.986742418749724 44.43933982822049 2
endloop
endfacet
facet normal 0 0 1
outer loop
vertex 83 44.43933982822049 2
vertex 83 44.666644650470104 2
vertex 7.2472044184534985 44.666644650470104 2
endloop
endfacet
facet normal 0 0 1
outer loop
vertex 83 44.43933982822049 2
vertex 7.2472044184534985 44.666644650470104 2
vertex 7.060660171779806 44.43933982822049 2
endloop
endfacet
facet normal 0 0 1
outer loop
vertex 4.7527955815464615 44.666644650470104 2
vertex 4.614180701233159 44.92597485145196 2
vertex -10.758724895421949 44.92597485145196 2
endloop
endfacet
facet normal 0 0 1
outer loop
vertex 4.7527955815464615 44.666644650470104 2
vertex -10.758724895421949 44.92597485145196 2
vertex -10.811243070918241 44.863950506179684 2
endloop
endfacet
facet normal 0 0 1
outer loop
vertex 4.7527955815464615 44.666644650470104 2
vertex -10.811243070918241 44.863950506179684 2
vertex -10.892297255207026 44.73069274097458 2
endloop
endfacet
facet normal 0 0 1
outer loop
vertex 4.7527955815464615 44.666644650470104 2
vertex -10.892297255207026 44.73069274097458 2
vertex -10.918649503395843 44.666644650470104 2
endloop
endfacet
facet normal 0 0 1
outer loop
vertex 83 44.666644650470104 2
vertex 83 44.92597485145196 2
vertex 7.385819298766733 44.92597485145196 2
endloop
endfacet
facet normal 0 0 1
outer loop
vertex 83 44.666644650470104 2
vertex 7.385819298766733 44.92597485145196 2
vertex 7.2472044184534985 44.666644650470104 2
endloop
endfacet
facet normal 0 0 1
outer loop
vertex 4.614180701233159 44.92597485145196 2
vertex 4.5288220793952005 45.20736451697589 2
vertex -10.364870290306222 45.20736451697589 2
endloop
endfacet
facet normal 0 0 1
outer loop
vertex 4.614180701233159 44.92597485145196 2
vertex -10.364870290306222 45.20736451697589 2
vertex -10.459896829209095 45.16720945971166 2
endloop
endfacet
facet normal 0 0 1
outer loop
vertex 4.614180701233159 44.92597485145196 2
vertex -10.459896829209095 45.16720945971166 2
vertex -10.592380680056642 45.08489638636406 2
endloop
endfacet
facet normal 0 0 1
outer loop
vertex 4.614180701233159 44.92597485145196 2
vertex -10.592380680056642 45.08489638636406 2
vertex -10.710453563213669 44.98298364407177 2
endloop
endfacet
facet normal 0 0 1
outer loop
vertex 4.614180701233159 44.92597485145196 2
vertex -10.710453563213669 44.98298364407177 2
vertex -10.758724895421949 44.92597485145196 2
endloop
endfacet
facet normal 0 0 1
outer loop
vertex 83 44.92597485145196 2
vertex 83 45.20736451697589 2
vertex 7.471177920604798 45.20736451697589 2
endloop
endfacet
facet normal 0 0 1
outer loop
vertex 83 44.92597485145196 2
vertex 7.471177920604798 45.20736451697589 2
vertex 7.385819298766733 44.92597485145196 2
endloop
endfacet
facet normal 0 0 1
outer loop
vertex 4.5288220793952005 45.20736451697589 2
vertex 4.50000000000005 45.49999999999998 2
vertex -9.499986856328533 45.49999999999998 2
endloop
endfacet
facet normal 0 0 1
outer loop
vertex 4.5288220793952005 45.20736451697589 2
vertex -9.499986856328533 45.49999999999998 2
vertex -10.31622500000034 45.22792039999995 2
endloop
endfacet
facet normal 0 0 1
outer loop
vertex 4.5288220793952005 45.20736451697589 2
vertex -10.31622500000034 45.22792039999995 2
vertex -10.364870290306222 45.20736451697589 2
endloop
endfacet
facet normal 0 0 1
outer loop
vertex 83 45.20736451697589 2
vertex 83 45.49999999999998 2
vertex 7.499999999999936 45.49999999999998 2
endloop
endfacet
facet normal 0 0 1
outer loop
vertex 83 45.20736451697589 2
vertex 7.499999999999936 45.49999999999998 2
vertex 7.471177920604798 45.20736451697589 2
endloop
endfacet
facet normal 0 0 1
outer loop
vertex 4.50000000000005 45.49999999999998 2
vertex 4.528822079395158 45.79263548302421 2
vertex -8.62208111317037 45.79263548302421 2
endloop
endfacet
facet normal 0 0 1
outer loop
vertex 4.50000000000005 45.49999999999998 2
vertex -8.62208111317037 45.79263548302421 2
vertex -9.499986856328533 45.49999999999998 2
endloop
endfacet
facet normal 0 0 1
outer loop
vertex 83 45.49999999999998 2
vertex 83 45.79263548302421 2
vertex 7.471177920604874 45.79263548302421 2
endloop
endfacet
facet normal 0 0 1
outer loop
vertex 83 45.49999999999998 2
vertex 7.471177920604874 45.79263548302421 2
vertex 7.499999999999936 45.49999999999998 2
endloop
endfacet
facet normal 0 0 1
outer loop
vertex 4.528822079395158 45.79263548302421 2
vertex 4.614180701232633 46.074025148547406 2
vertex -7.777912795387426 46.074025148547406 2
endloop
endfacet
facet normal 0 0 1
outer loop
vertex 4.528822079395158 45.79263548302421 2
vertex -7.777912795387426 46.074025148547406 2
vertex -8.62208111317037 45.79263548302421 2
endloop
endfacet
facet normal 0 0 1
outer loop
vertex 83 45.79263548302421 2
vertex 83 46.074025148547406 2
vertex 7.385819298767036 46.074025148547406 2
endloop
endfacet
facet normal 0 0 1
outer loop
vertex 83 45.79263548302421 2
vertex 7.385819298767036 46.074025148547406 2
vertex 7.471177920604874 45.79263548302421 2
endloop
endfacet
facet normal 0 0 1
outer loop
vertex 4.614180701232633 46.074025148547406 2
vertex 4.752795581546511 46.333355349528546 2
vertex -6.999922818017363 46.333355349528546 2
endloop
endfacet
facet normal 0 0 1
outer loop
vertex 4.614180701232633 46.074025148547406 2
vertex -6.999922818017363 46.333355349528546 2
vertex -7.777912795387426 46.074025148547406 2
endloop
endfacet
facet normal 0 0 1
outer loop
vertex 83 46.074025148547406 2
vertex 83 46.333355349528546 2
vertex 7.247204418454262 46.333355349528546 2
endloop
endfacet
facet normal 0 0 1
outer loop
vertex 83 46.074025148547406 2
vertex 7.247204418454262 46.333355349528546 2
vertex 7.385819298767036 46.074025148547406 2
endloop
endfacet
facet normal 0 0 1
outer loop
vertex 4.752795581546511 46.333355349528546 2
vertex 4.939339828219983 46.56066017178047 2
vertex -6.318008899581213 46.56066017178047 2
endloop
endfacet
facet normal 0 0 1
outer loop
vertex 4.752795581546511 46.333355349528546 2
vertex -6.318008899581213 46.56066017178047 2
vertex -6.999922818017363 46.333355349528546 2
endloop
endfacet
facet normal 0 0 1
outer loop
vertex 83 46.333355349528546 2
vertex 83 46.56066017178047 2
vertex 7.060660171779028 46.56066017178047 2
endloop
endfacet
facet normal 0 0 1
outer loop
vertex 83 46.333355349528546 2
vertex 7.060660171779028 46.56066017178047 2
vertex 7.247204418454262 46.333355349528546 2
endloop
endfacet
facet normal 0 0 1
outer loop
vertex 4.939339828219983 46.56066017178047 2
vertex 5.166644650470602 46.74720441845371 2
vertex -5.75837660955577 46.74720441845371 2
endloop
endfacet
facet normal 0 0 1
outer loop
vertex 4.939339828219983 46.56066017178047 2
vertex -5.75837660955577 46.74720441845371 2
vertex -6.318008899581213 46.56066017178047 2
endloop
endfacet
facet normal 0 0 1
outer loop
vertex 83 46.56066017178047 2
vertex 83 46.74720441845371 2
vertex 6.833355349529531 46.74720441845371 2
endloop
endfacet
facet normal 0 0 1
outer loop
vertex 83 46.56066017178047 2
vertex 6.833355349529531 46.74720441845371 2
vertex 7.060660171779028 46.56066017178047 2
endloop
endfacet
facet normal 0 0 1
outer loop
vertex 5.166644650470602 46.74720441845371 2
vertex 5.425974851453165 46.88581929876729 2
vertex -5.342532302990969 46.88581929876729 2
endloop
endfacet
facet normal 0 0 1
outer loop
vertex 5.166644650470602 46.74720441845371 2
vertex -5.342532302990969 46.88581929876729 2
vertex -5.75837660955577 46.74720441845371 2
endloop
endfacet
facet normal 0 0 1
outer loop
vertex 83 46.74720441845371 2
vertex 83 46.88581929876729 2
vertex 6.574025148546899 46.88581929876729 2
endloop
endfacet
facet normal 0 0 1
outer loop
vertex 83 46.74720441845371 2
vertex 6.574025148546899 46.88581929876729 2
vertex 6.833355349529531 46.74720441845371 2
endloop
endfacet
facet normal 0 0 1
outer loop
vertex 5.425974851453165 46.88581929876729 2
vertex 5.707364516975516 46.97117792060476 2
vertex -5.086456643386234 46.97117792060476 2
endloop
endfacet
facet normal 0 0 1
outer loop
vertex 5.425974851453165 46.88581929876729 2
vertex -5.086456643386234 46.97117792060476 2
vertex -5.342532302990969 46.88581929876729 2
endloop
endfacet
facet normal 0 0 1
outer loop
vertex 83 46.88581929876729 2
vertex 83 46.97117792060476 2
vertex 6.292635483024918 46.97117792060476 2
endloop
endfacet
facet normal 0 0 1
outer loop
vertex 83 46.88581929876729 2
vertex 6.292635483024918 46.97117792060476 2
vertex 6.574025148546899 46.88581929876729 2
endloop
endfacet
facet normal 0 0 1
outer loop
vertex 5.707364516975516 46.97117792060476 2
vertex 5.999999999999735 47.00000000000001 2
vertex -4.999990474726999 47.00000000000001 2
endloop
endfacet
facet normal 0 0 1
outer loop
vertex 5.707364516975516 46.97117792060476 2
vertex -4.999990474726999 47.00000000000001 2
vertex -5.086456643386234 46.97117792060476 2
endloop
endfacet
facet normal 0 0 1
outer loop
vertex 83 46.97117792060476 2
vertex 83 47.00000000000001 2
vertex 5.999999999999735 47.00000000000001 2
endloop
endfacet
facet normal 0 0 1
outer loop
vertex 83 46.97117792060476 2
vertex 5.999999999999735 47.00000000000001 2
vertex 6.292635483024918 46.97117792060476 2
endloop
endfacet
facet normal 0 0 1
outer loop
vertex 5.999999999999735 47.00000000000001 2
vertex 83 47.00000000000001 2
vertex 83 49.999999999995275 2
endloop
endfacet
facet normal 0 0 1
outer loop
vertex 5.999999999999735 47.00000000000001 2
vertex 83 49.999999999995275 2
vertex 82.98480775301157 50.17364817766948 2
endloop
endfacet
facet normal 0 0 1
outer loop
vertex 5.999999999999735 47.00000000000001 2
vertex 82.98480775301157 50.17364817766948 2
vertex 82.93969262078645 50.342020143323836 2
endloop
endfacet
facet normal 0 0 1
outer loop
vertex 5.999999999999735 47.00000000000001 2
vertex 82.93969262078645 50.342020143323836 2
vertex 82.86602540378362 50.50000000000108 2
endloop
endfacet
facet normal 0 0 1
outer loop
vertex 5.999999999999735 47.00000000000001 2
vertex 82.86602540378362 50.50000000000108 2
vertex 82.76604444311876 50.64278760968672 2
endloop
endfacet
facet normal 0 0 1
outer loop
vertex 5.999999999999735 47.00000000000001 2
vertex 82.76604444311876 50.64278760968672 2
vertex 82.64278760968628 50.76604444311923 2
endloop
endfacet
facet normal 0 0 1
outer loop
vertex 5.999999999999735 47.00000000000001 2
vertex 82.64278760968628 50.76604444311923 2
vertex 82.49999999999818 50.866025403785784 2
endloop
endfacet
facet normal 0 0 1
outer loop
vertex 5.999999999999735 47.00000000000001 2
vertex 82.49999999999818 50.866025403785784 2
vertex 82.34202014332797 50.93969262078532 2
endloop
endfacet
facet normal 0 0 1
outer loop
vertex 5.999999999999735 47.00000000000001 2
vertex 82.34202014332797 50.93969262078532 2
vertex 82.17364817766573 50.98480775301256 2
endloop
endfacet
facet normal 0 0 1
outer loop
vertex 5.999999999999735 47.00000000000001 2
vertex 82.17364817766573 50.98480775301256 2
vertex 82.00000000000351 50.99999999999994 2
endloop
endfacet
facet normal 0 0 1
outer loop
vertex 5.999999999999735 47.00000000000001 2
vertex 82.00000000000351 50.99999999999994 2
vertex 7.162284949999183 51.00000165000001 2
endloop
endfacet
facet normal 0 0 1
outer loop
vertex 5.999999999999735 47.00000000000001 2
vertex 7.162284949999183 51.00000165000001 2
vertex 7.162254210198026 50.99999999999994 2
endloop
endfacet
facet normal 0 0 1
outer loop
vertex 5.999999999999735 47.00000000000001 2
vertex 7.162254210198026 50.99999999999994 2
vertex 7.055236010963584 50.994255654587974 2
endloop
endfacet
facet normal 0 0 1
outer loop
vertex 5.999999999999735 47.00000000000001 2
vertex 7.055236010963584 50.994255654587974 2
vertex 6.949417304087673 50.977083203168576 2
endloop
endfacet
facet normal 0 0 1
outer loop
vertex 5.999999999999735 47.00000000000001 2
vertex 6.949417304087673 50.977083203168576 2
vertex 6.8460499000002075 50.948683300000155 2
endloop
endfacet
facet normal 0 0 1
outer loop
vertex 5.999999999999735 47.00000000000001 2
vertex 6.8460499000002075 50.948683300000155 2
vertex -4.999990474726999 47.00000000000001 2
endloop
endfacet
facet normal 0 0 -1
outer loop
vertex 7.162284949999183 51.00000165000001 2
vertex 65.10583998049023 50.99999999999994 2
vertex 7.162284949999183 51.00000165000001 2
endloop
endfacet
facet normal 0 0 -1
outer loop
vertex 7.162284949999183 51.00000165000001 2
vertex 7.162284949999183 51.00000165000001 2
vertex 7.162254210198026 50.99999999999994 2
endloop
endfacet
facet normal 0 0 -1
outer loop
vertex 7.162284149999998 52.500004150000024 2
vertex 59.50776050436874 52.50000124726941 2
vertex 7.162284149999998 52.500004150000024 2
endloop
endfacet
facet normal 0 0 -1
outer loop
vertex 7.162284149999998 52.500004150000024 2
vertex 7.162284149999998 52.500004150000024 2
vertex 7.162230078336679 52.50000124726941 2
endloop
endfacet
facet normal -0.9951847266721977 0.09801714032955289 0
outer loop
vertex 6.784628224322312 45.343927742387116 3.450000000000002
vertex 6.799999999999725 45.50000000000001 3.450000000000002
vertex 6.79999999999984 45.500000000001236 1
endloop
endfacet
facet normal -0.9951847266721977 0.09801714032955289 0
outer loop
vertex 6.784628224322312 45.343927742387116 3.450000000000002
vertex 6.79999999999984 45.500000000001236 1
vertex 6.784628224322248 45.34392774238653 1
endloop
endfacet
facet normal -0.9951847266721969 -0.09801714032955997 0
outer loop
vertex 6.799999999999725 45.50000000000001 3.450000000000002
vertex 6.784628224322545 45.65607225761292 3.45
vertex 6.784628224322539 45.656072257612976 1
endloop
endfacet
facet normal -0.9951847266721969 -0.09801714032955997 0
outer loop
vertex 6.799999999999725 45.50000000000001 3.450000000000002
vertex 6.784628224322539 45.656072257612976 1
vertex 6.79999999999984 45.500000000001236 1
endloop
endfacet
facet normal -0.9569403357322079 -0.29028467725446566 0
outer loop
vertex 6.784628224322545 45.65607225761292 3.45
vertex 6.739103626009008 45.80614674589207 3.45
vertex 6.739103626009139 45.80614674589163 1
endloop
endfacet
facet normal -0.9569403357322079 -0.29028467725446566 0
outer loop
vertex 6.784628224322545 45.65607225761292 3.45
vertex 6.739103626009139 45.80614674589163 1
vertex 6.784628224322539 45.656072257612976 1
endloop
endfacet
facet normal -0.8819212643483493 -0.47139673682600836 0
outer loop
vertex 6.739103626009008 45.80614674589207 3.45
vertex 6.665175689841945 45.94445618641561 3.45
vertex 6.665175689841201 45.94445618641701 1
endloop
endfacet
facet normal -0.8819212643483493 -0.47139673682600836 0
outer loop
vertex 6.739103626009008 45.80614674589207 3.45
vertex 6.665175689841201 45.94445618641701 1
vertex 6.739103626009139 45.80614674589163 1
endloop
endfacet
facet normal -0.7730104533627445 -0.6343932841636364 0
outer loop
vertex 6.665175689841945 45.94445618641561 3.45
vertex 6.565685424949397 46.065685424949365 3.450000000000002
vertex 6.565685424950104 46.06568542494849 1
endloop
endfacet
facet normal -0.7730104533627445 -0.6343932841636364 0
outer loop
vertex 6.665175689841945 45.94445618641561 3.45
vertex 6.565685424950104 46.06568542494849 1
vertex 6.665175689841201 45.94445618641701 1
endloop
endfacet
facet normal -0.6343932841636539 -0.77301045336273 0
outer loop
vertex 6.565685424949397 46.065685424949365 3.450000000000002
vertex 6.4444561864156675 46.165175689842016 3.45
vertex 6.44445618641532 46.1651756898423 1
endloop
endfacet
facet normal -0.6343932841636539 -0.77301045336273 0
outer loop
vertex 6.565685424949397 46.065685424949365 3.450000000000002
vertex 6.44445618641532 46.1651756898423 1
vertex 6.565685424950104 46.06568542494849 1
endloop
endfacet
facet normal -0.4713967368259734 -0.881921264348368 0
outer loop
vertex 6.4444561864156675 46.165175689842016 3.45
vertex 6.306146745892082 46.23910362600909 3.45
vertex 6.30614674589183 46.239103626009225 1
endloop
endfacet
facet normal -0.4713967368259734 -0.881921264348368 0
outer loop
vertex 6.4444561864156675 46.165175689842016 3.45
vertex 6.30614674589183 46.239103626009225 1
vertex 6.44445618641532 46.1651756898423 1
endloop
endfacet
facet normal -0.2902846772544689 -0.9569403357322068 0
outer loop
vertex 6.306146745892082 46.23910362600909 3.45
vertex 6.156072257612912 46.284628224322695 3.45
vertex 6.156072257613557 46.28462822432251 1
endloop
endfacet
facet normal -0.2902846772544689 -0.9569403357322068 0
outer loop
vertex 6.306146745892082 46.23910362600909 3.45
vertex 6.156072257613557 46.28462822432251 1
vertex 6.30614674589183 46.239103626009225 1
endloop
endfacet
facet normal -0.09801714032955998 -0.995184726672197 0
outer loop
vertex 6.156072257612912 46.284628224322695 3.45
vertex 6.0000000000000275 46.3 3.450000000000002
vertex 6.000000000000129 46.299999999999976 1
endloop
endfacet
facet normal -0.09801714032955998 -0.995184726672197 0
outer loop
vertex 6.156072257612912 46.284628224322695 3.45
vertex 6.000000000000129 46.299999999999976 1
vertex 6.156072257613557 46.28462822432251 1
endloop
endfacet
facet normal 0.09801714032955997 -0.9951847266721969 0
outer loop
vertex 6.0000000000000275 46.3 3.450000000000002
vertex 5.843927742387072 46.284628224322546 3.45
vertex 5.84392774238663 46.28462822432251 1
endloop
endfacet
facet normal 0.09801714032955997 -0.9951847266721969 0
outer loop
vertex 6.0000000000000275 46.3 3.450000000000002
vertex 5.84392774238663 46.28462822432251 1
vertex 6.000000000000129 46.299999999999976 1
endloop
endfacet
facet normal 0.2902846772544619 -0.956940335732209 0
outer loop
vertex 5.843927742387072 46.284628224322546 3.45
vertex 5.693853254107934 46.2391036260091 3.45
vertex 5.693853254108708 46.239103626009225 1
endloop
endfacet
facet normal 0.2902846772544619 -0.956940335732209 0
outer loop
vertex 5.843927742387072 46.284628224322546 3.45
vertex 5.693853254108708 46.239103626009225 1
vertex 5.84392774238663 46.28462822432251 1
endloop
endfacet
facet normal 0.4713967368259664 -0.8819212643483717 0
outer loop
vertex 5.693853254107934 46.2391036260091 3.45
vertex 5.555543813584364 46.16517568984194 3.45
vertex 5.555543813584087 46.1651756898423 1
endloop
endfacet
facet normal 0.4713967368259664 -0.8819212643483717 0
outer loop
vertex 5.693853254107934 46.2391036260091 3.45
vertex 5.555543813584087 46.1651756898423 1
vertex 5.693853254108708 46.239103626009225 1
endloop
endfacet
facet normal 0.634393284163656 -0.7730104533627282 0
outer loop
vertex 5.555543813584364 46.16517568984194 3.45
vertex 5.4343145750507915 46.06568542494921 3.45
vertex 5.434314575051471 46.06568542494849 1
endloop
endfacet
facet normal 0.634393284163656 -0.7730104533627282 0
outer loop
vertex 5.555543813584364 46.16517568984194 3.45
vertex 5.434314575051471 46.06568542494849 1
vertex 5.555543813584087 46.1651756898423 1
endloop
endfacet
facet normal 0.7730104533627389 -0.6343932841636432 0
outer loop
vertex 5.4343145750507915 46.06568542494921 3.45
vertex 5.334824310158115 45.94445618641553 3.45
vertex 5.334824310157615 45.94445618641701 1
endloop
endfacet
facet normal 0.7730104533627389 -0.6343932841636432 0
outer loop
vertex 5.4343145750507915 46.06568542494921 3.45
vertex 5.334824310157615 45.94445618641701 1
vertex 5.434314575051471 46.06568542494849 1
endloop
endfacet
facet normal 0.8819212643483493 -0.47139673682600836 0
outer loop
vertex 5.334824310158115 45.94445618641553 3.45
vertex 5.260896373991015 45.80614674589205 3.45
vertex 5.260896373991408 45.80614674589163 1
endloop
endfacet
facet normal 0.8819212643483493 -0.47139673682600836 0
outer loop
vertex 5.334824310158115 45.94445618641553 3.45
vertex 5.260896373991408 45.80614674589163 1
vertex 5.334824310157615 45.94445618641701 1
endloop
endfacet
facet normal 0.9569403357322066 -0.29028467725447 0
outer loop
vertex 5.260896373991015 45.80614674589205 3.45
vertex 5.215371775677625 45.65607225761287 3.450000000000002
vertex 5.215371775677419 45.656072257612976 1
endloop
endfacet
facet normal 0.9569403357322066 -0.29028467725447 0
outer loop
vertex 5.260896373991015 45.80614674589205 3.45
vertex 5.215371775677419 45.656072257612976 1
vertex 5.260896373991408 45.80614674589163 1
endloop
endfacet
facet normal 0.9951847266721969 -0.0980171403295601 0
outer loop
vertex 5.215371775677625 45.65607225761287 3.450000000000002
vertex 5.200000000000073 45.49999999999997 3.45
vertex 5.200000000000026 45.500000000001236 1
endloop
endfacet
facet normal 0.9951847266721969 -0.0980171403295601 0
outer loop
vertex 5.215371775677625 45.65607225761287 3.450000000000002
vertex 5.200000000000026 45.500000000001236 1
vertex 5.215371775677419 45.656072257612976 1
endloop
endfacet
facet normal 0.9951847266721969 0.09801714032955999 0
outer loop
vertex 5.200000000000073 45.49999999999997 3.45
vertex 5.215371775677395 45.34392774238707 3.45
vertex 5.215371775677396 45.34392774238653 1
endloop
endfacet
facet normal 0.9951847266721969 0.09801714032955999 0
outer loop
vertex 5.200000000000073 45.49999999999997 3.45
vertex 5.215371775677396 45.34392774238653 1
vertex 5.200000000000026 45.500000000001236 1
endloop
endfacet
facet normal 0.9569403357322079 0.29028467725446566 0
outer loop
vertex 5.215371775677395 45.34392774238707 3.45
vertex 5.2608963739909544 45.1938532541079 3.45
vertex 5.260896373990792 45.193853254108426 1
endloop
endfacet
facet normal 0.9569403357322079 0.29028467725446566 0
outer loop
vertex 5.215371775677395 45.34392774238707 3.45
vertex 5.260896373990792 45.193853254108426 1
vertex 5.215371775677396 45.34392774238653 1
endloop
endfacet
facet normal 0.8819212643483512 0.4713967368260049 0
outer loop
vertex 5.2608963739909544 45.1938532541079 3.45
vertex 5.3348243101580195 45.05554381358438 3.45
vertex 5.334824310157715 45.05554381358495 1
endloop
endfacet
facet normal 0.8819212643483512 0.4713967368260049 0
outer loop
vertex 5.2608963739909544 45.1938532541079 3.45
vertex 5.334824310157715 45.05554381358495 1
vertex 5.260896373990792 45.193853254108426 1
endloop
endfacet
facet normal 0.7730104533627445 0.6343932841636364 0
outer loop
vertex 5.3348243101580195 45.05554381358438 3.45
vertex 5.434314575050909 44.93431457505092 3.450000000000002
vertex 5.4343145750515625 44.93431457505011 1
endloop
endfacet
facet normal 0.7730104533627445 0.6343932841636364 0
outer loop
vertex 5.3348243101580195 45.05554381358438 3.45
vertex 5.4343145750515625 44.93431457505011 1
vertex 5.334824310157715 45.05554381358495 1
endloop
endfacet
facet normal 0.6343932841636539 0.77301045336273 0
outer loop
vertex 5.434314575050909 44.93431457505092 3.450000000000002
vertex 5.555543813584304 44.83482431015798 3.45
vertex 5.555543813584375 44.83482431015792 1
endloop
endfacet
facet normal 0.6343932841636539 0.77301045336273 0
outer loop
vertex 5.434314575050909 44.93431457505092 3.450000000000002
vertex 5.555543813584375 44.83482431015792 1
vertex 5.4343145750515625 44.93431457505011 1
endloop
endfacet
facet normal 0.4713967368259789 0.881921264348365 0
outer loop
vertex 5.555543813584304 44.83482431015798 3.45
vertex 5.6938532541079265 44.76089637399096 3.45
vertex 5.6938532541080145 44.76089637399092 1
endloop
endfacet
facet normal 0.4713967368259789 0.881921264348365 0
outer loop
vertex 5.555543813584304 44.83482431015798 3.45
vertex 5.6938532541080145 44.76089637399092 1
vertex 5.555543813584375 44.83482431015792 1
endloop
endfacet
facet normal 0.29028467725446194 0.956940335732209 0
outer loop
vertex 5.6938532541079265 44.76089637399096 3.45
vertex 5.843927742387059 44.715371775677404 3.450000000000002
vertex 5.84392774238696 44.71537177567743 1
endloop
endfacet
facet normal 0.29028467725446194 0.956940335732209 0
outer loop
vertex 5.6938532541079265 44.76089637399096 3.45
vertex 5.84392774238696 44.71537177567743 1
vertex 5.6938532541080145 44.76089637399092 1
endloop
endfacet
facet normal 0.09801714032955998 0.995184726672197 0
outer loop
vertex 5.843927742387059 44.715371775677404 3.450000000000002
vertex 6.00000000000004 44.7 3.450000000000002
vertex 6.000000000000239 44.69999999999998 1
endloop
endfacet
facet normal 0.09801714032955998 0.995184726672197 0
outer loop
vertex 5.843927742387059 44.715371775677404 3.450000000000002
vertex 6.000000000000239 44.69999999999998 1
vertex 5.84392774238696 44.71537177567743 1
endloop
endfacet
facet normal -0.09801714032955997 0.9951847266721969 0
outer loop
vertex 6.00000000000004 44.7 3.450000000000002
vertex 6.156072257612993 44.71537177567738 3.45
vertex 6.1560722576129 44.71537177567743 1
endloop
endfacet
facet normal -0.09801714032955997 0.9951847266721969 0
outer loop
vertex 6.00000000000004 44.7 3.450000000000002
vertex 6.1560722576129 44.71537177567743 1
vertex 6.000000000000239 44.69999999999998 1
endloop
endfacet
facet normal -0.29028467725446194 0.956940335732209 0
outer loop
vertex 6.156072257612993 44.71537177567738 3.45
vertex 6.306146745892054 44.76089637399093 3.450000000000002
vertex 6.306146745891585 44.76089637399092 1
endloop
endfacet
facet normal -0.29028467725446194 0.956940335732209 0
outer loop
vertex 6.156072257612993 44.71537177567738 3.45
vertex 6.306146745891585 44.76089637399092 1
vertex 6.1560722576129 44.71537177567743 1
endloop
endfacet
facet normal -0.4713967368259734 0.881921264348368 0
outer loop
vertex 6.306146745892054 44.76089637399093 3.450000000000002
vertex 6.444456186415664 44.83482431015801 3.45
vertex 6.444456186416054 44.83482431015792 1
endloop
endfacet
facet normal -0.4713967368259734 0.881921264348368 0
outer loop
vertex 6.306146745892054 44.76089637399093 3.450000000000002
vertex 6.444456186416054 44.83482431015792 1
vertex 6.306146745891585 44.76089637399092 1
endloop
endfacet
facet normal -0.634393284163656 0.7730104533627282 0
outer loop
vertex 6.444456186415664 44.83482431015801 3.45
vertex 6.565685424949287 44.934314575050756 3.45
vertex 6.5656854249485415 44.93431457505011 1
endloop
endfacet
facet normal -0.634393284163656 0.7730104533627282 0
outer loop
vertex 6.444456186415664 44.83482431015801 3.45
vertex 6.5656854249485415 44.93431457505011 1
vertex 6.444456186416054 44.83482431015792 1
endloop
endfacet
facet normal -0.7730104533627445 0.6343932841636364 0
outer loop
vertex 6.565685424949287 44.934314575050756 3.45
vertex 6.665175689841924 45.05554381358443 3.450000000000002
vertex 6.665175689841682 45.05554381358495 1
endloop
endfacet
facet normal -0.7730104533627445 0.6343932841636364 0
outer loop
vertex 6.565685424949287 44.934314575050756 3.45
vertex 6.665175689841682 45.05554381358495 1
vertex 6.5656854249485415 44.93431457505011 1
endloop
endfacet
facet normal -0.8819212643483538 0.47139673682600003 0
outer loop
vertex 6.665175689841924 45.05554381358443 3.450000000000002
vertex 6.739103626008822 45.19385325410802 3.45
vertex 6.739103626008984 45.193853254108426 1
endloop
endfacet
facet normal -0.8819212643483538 0.47139673682600003 0
outer loop
vertex 6.665175689841924 45.05554381358443 3.450000000000002
vertex 6.739103626008984 45.193853254108426 1
vertex 6.665175689841682 45.05554381358495 1
endloop
endfacet
facet normal -0.956940335732209 0.29028467725446205 0
outer loop
vertex 6.739103626008822 45.19385325410802 3.45
vertex 6.784628224322312 45.343927742387116 3.450000000000002
vertex 6.784628224322248 45.34392774238653 1
endloop
endfacet
facet normal -0.956940335732209 0.29028467725446205 0
outer loop
vertex 6.739103626008822 45.19385325410802 3.45
vertex 6.784628224322248 45.34392774238653 1
vertex 6.739103626008984 45.193853254108426 1
endloop
endfacet
facet normal -0.9951847266721969 0.09801714032955999 0
outer loop
vertex 13.784628224322587 -5.656072257612903 3.45
vertex 13.800000000000004 -5.499999999999979 3.45
vertex 13.799999999999997 -5.500000000000075 1
endloop
endfacet
facet normal -0.9951847266721969 0.09801714032955999 0
outer loop
vertex 13.784628224322587 -5.656072257612903 3.45
vertex 13.799999999999997 -5.500000000000075 1
vertex 13.784628224322582 -5.65607225761299 1
endloop
endfacet
facet normal -0.9951847266721969 -0.09801714032955999 0
outer loop
vertex 13.800000000000004 -5.499999999999979 3.45
vertex 13.784628224322573 -5.343927742387102 3.45
vertex 13.784628224322594 -5.343927742387291 1
endloop
endfacet
facet normal -0.9951847266721969 -0.09801714032955999 0
outer loop
vertex 13.800000000000004 -5.499999999999979 3.45
vertex 13.784628224322594 -5.343927742387291 1
vertex 13.799999999999997 -5.500000000000075 1
endloop
endfacet
facet normal -0.956940335732209 -0.29028467725446205 0
outer loop
vertex 13.784628224322573 -5.343927742387102 3.45
vertex 13.739103626008983 -5.193853254107928 3.450000000000002
vertex 13.739103626008895 -5.193853254107648 1
endloop
endfacet
facet normal -0.956940335732209 -0.29028467725446205 0
outer loop
vertex 13.784628224322573 -5.343927742387102 3.45
vertex 13.739103626008895 -5.193853254107648 1
vertex 13.784628224322594 -5.343927742387291 1
endloop
endfacet
facet normal -0.881921264348353 -0.4713967368260014 0
outer loop
vertex 13.739103626008983 -5.193853254107928 3.450000000000002
vertex 13.665175689842041 -5.055543813584296 3.45
vertex 13.665175689842261 -5.055543813584713 1
endloop
endfacet
facet normal -0.881921264348353 -0.4713967368260014 0
outer loop
vertex 13.739103626008983 -5.193853254107928 3.450000000000002
vertex 13.665175689842261 -5.055543813584713 1
vertex 13.739103626008895 -5.193853254107648 1
endloop
endfacet
facet normal -0.7730104533627428 -0.6343932841636383 0
outer loop
vertex 13.665175689842041 -5.055543813584296 3.45
vertex 13.565685424949189 -4.934314575050821 3.45
vertex 13.565685424948851 -4.934314575050409 1
endloop
endfacet
facet normal -0.7730104533627428 -0.6343932841636383 0
outer loop
vertex 13.665175689842041 -5.055543813584296 3.45
vertex 13.565685424948851 -4.934314575050409 1
vertex 13.665175689842261 -5.055543813584713 1
endloop
endfacet
facet normal -0.6343932841636462 -0.7730104533627364 0
outer loop
vertex 13.565685424949189 -4.934314575050821 3.45
vertex 13.444456186415692 -4.834824310157936 3.45
vertex 13.444456186416147 -4.83482431015831 1
endloop
endfacet
facet normal -0.6343932841636462 -0.7730104533627364 0
outer loop
vertex 13.565685424949189 -4.934314575050821 3.45
vertex 13.444456186416147 -4.83482431015831 1
vertex 13.565685424948851 -4.934314575050409 1
endloop
endfacet
facet normal -0.47139673682599703 -0.8819212643483554 0
outer loop
vertex 13.444456186415692 -4.834824310157936 3.45
vertex 13.306146745892043 -4.760896373991051 3.45
vertex 13.306146745891686 -4.760896373990862 1
endloop
endfacet
facet normal -0.47139673682599703 -0.8819212643483554 0
outer loop
vertex 13.444456186415692 -4.834824310157936 3.45
vertex 13.306146745891686 -4.760896373990862 1
vertex 13.444456186416147 -4.83482431015831 1
endloop
endfacet
facet normal -0.2902846772544629 -0.9569403357322088 0
outer loop
vertex 13.306146745892043 -4.760896373991051 3.45
vertex 13.156072257612896 -4.715371775677423 3.450000000000002
vertex 13.156072257612976 -4.715371775677447 1
endloop
endfacet
facet normal -0.2902846772544629 -0.9569403357322088 0
outer loop
vertex 13.306146745892043 -4.760896373991051 3.45
vertex 13.156072257612976 -4.715371775677447 1
vertex 13.306146745891686 -4.760896373990862 1
endloop
endfacet
facet normal -0.09801714032955956 -0.995184726672197 0
outer loop
vertex 13.156072257612896 -4.715371775677423 3.450000000000002
vertex 13 -4.700000000000024 3.450000000000002
vertex 13.000000000000133 -4.7000000000000375 1
endloop
endfacet
facet normal -0.09801714032955956 -0.995184726672197 0
outer loop
vertex 13.156072257612896 -4.715371775677423 3.450000000000002
vertex 13.000000000000133 -4.7000000000000375 1
vertex 13.156072257612976 -4.715371775677447 1
endloop
endfacet
facet normal 0.09801714032955999 -0.9951847266721969 0
outer loop
vertex 13 -4.700000000000024 3.450000000000002
vertex 12.8439277423871 -4.715371775677466 3.45
vertex 12.843927742386603 -4.715371775677447 1
endloop
endfacet
facet normal 0.09801714032955999 -0.9951847266721969 0
outer loop
vertex 13 -4.700000000000024 3.450000000000002
vertex 12.843927742386603 -4.715371775677447 1
vertex 13.000000000000133 -4.7000000000000375 1
endloop
endfacet
facet normal 0.2902846772544559 -0.9569403357322109 0
outer loop
vertex 12.8439277423871 -4.715371775677466 3.45
vertex 12.693853254107928 -4.760896373990921 3.450000000000002
vertex 12.693853254108273 -4.760896373990862 1
endloop
endfacet
facet normal 0.2902846772544559 -0.9569403357322109 0
outer loop
vertex 12.8439277423871 -4.715371775677466 3.45
vertex 12.693853254108273 -4.760896373990862 1
vertex 12.843927742386603 -4.715371775677447 1
endloop
endfacet
facet normal 0.47139673682599437 -0.8819212643483567 0
outer loop
vertex 12.693853254107928 -4.760896373990921 3.450000000000002
vertex 12.555543813584325 -4.834824310157986 3.45
vertex 12.555543813584487 -4.83482431015831 1
endloop
endfacet
facet normal 0.47139673682599437 -0.8819212643483567 0
outer loop
vertex 12.693853254107928 -4.760896373990921 3.450000000000002
vertex 12.555543813584487 -4.83482431015831 1
vertex 12.693853254108273 -4.760896373990862 1
endloop
endfacet
facet normal 0.634393284163652 -0.7730104533627317 0
outer loop
vertex 12.555543813584325 -4.834824310157986 3.45
vertex 12.434314575050795 -4.934314575050816 3.450000000000002
vertex 12.434314575051285 -4.934314575050409 1
endloop
endfacet
facet normal 0.634393284163652 -0.7730104533627317 0
outer loop
vertex 12.555543813584325 -4.834824310157986 3.45
vertex 12.434314575051285 -4.934314575050409 1
vertex 12.555543813584487 -4.83482431015831 1
endloop
endfacet
facet normal 0.7730104533627429 -0.6343932841636383 0
outer loop
vertex 12.434314575050795 -4.934314575050816 3.450000000000002
vertex 12.334824310158112 -5.055543813584424 3.45
vertex 12.334824310157739 -5.055543813584713 1
endloop
endfacet
facet normal 0.7730104533627429 -0.6343932841636383 0
outer loop
vertex 12.434314575050795 -4.934314575050816 3.450000000000002
vertex 12.334824310157739 -5.055543813584713 1
vertex 12.434314575051285 -4.934314575050409 1
endloop
endfacet
facet normal 0.881921264348354 -0.4713967368259997 0
outer loop
vertex 12.334824310158112 -5.055543813584424 3.45
vertex 12.260896373991038 -5.193853254107949 3.450000000000002
vertex 12.260896373990851 -5.193853254107648 1
endloop
endfacet
facet normal 0.881921264348354 -0.4713967368259997 0
outer loop
vertex 12.334824310158112 -5.055543813584424 3.45
vertex 12.260896373990851 -5.193853254107648 1
vertex 12.334824310157739 -5.055543813584713 1
endloop
endfacet
facet normal 0.9569403357322068 -0.29028467725446916 0
outer loop
vertex 12.260896373991038 -5.193853254107949 3.450000000000002
vertex 12.215371775677404 -5.3439277423871 3.45
vertex 12.2153717756774 -5.343927742387291 1
endloop
endfacet
facet normal 0.9569403357322068 -0.29028467725446916 0
outer loop
vertex 12.260896373991038 -5.193853254107949 3.450000000000002
vertex 12.2153717756774 -5.343927742387291 1
vertex 12.260896373990851 -5.193853254107648 1
endloop
endfacet
facet normal 0.9951847266721969 -0.09801714032956002 0
outer loop
vertex 12.215371775677404 -5.3439277423871 3.45
vertex 12.199999999999989 -5.499999999999977 3.45
vertex 12.199999999999989 -5.500000000000075 1
endloop
endfacet
facet normal 0.9951847266721969 -0.09801714032956002 0
outer loop
vertex 12.215371775677404 -5.3439277423871 3.45
vertex 12.199999999999989 -5.500000000000075 1
vertex 12.2153717756774 -5.343927742387291 1
endloop
endfacet
facet normal 0.9951847266721969 0.09801714032955999 0
outer loop
vertex 12.199999999999989 -5.499999999999977 3.45
vertex 12.215371775677404 -5.656072257612903 3.45
vertex 12.215371775677387 -5.65607225761299 1
endloop
endfacet
facet normal 0.9951847266721969 0.09801714032955999 0
outer loop
vertex 12.199999999999989 -5.499999999999977 3.45
vertex 12.215371775677387 -5.65607225761299 1
vertex 12.199999999999989 -5.500000000000075 1
endloop
endfacet
facet normal 0.9569403357322068 0.29028467725446916 0
outer loop
vertex 12.215371775677404 -5.656072257612903 3.45
vertex 12.260896373990999 -5.806146745892068 3.45
vertex 12.260896373991018 -5.806146745892131 1
endloop
endfacet
facet normal 0.9569403357322068 0.29028467725446916 0
outer loop
vertex 12.215371775677404 -5.656072257612903 3.45
vertex 12.260896373991018 -5.806146745892131 1
vertex 12.215371775677387 -5.65607225761299 1
endloop
endfacet
facet normal 0.8819212643483567 0.47139673682599437 0
outer loop
vertex 12.260896373990999 -5.806146745892068 3.45
vertex 12.334824310157973 -5.944456186415675 3.45
vertex 12.334824310157986 -5.944456186415692 1
endloop
endfacet
facet normal 0.8819212643483567 0.47139673682599437 0
outer loop
vertex 12.260896373990999 -5.806146745892068 3.45
vertex 12.334824310157986 -5.944456186415692 1
vertex 12.260896373991018 -5.806146745892131 1
endloop
endfacet
facet normal 0.7730104533627331 0.63439328416365 0
outer loop
vertex 12.334824310157973 -5.944456186415675 3.45
vertex 12.43431457505077 -6.065685424949232 3.4499999999999993
vertex 12.434314575050788 -6.065685424949251 1
endloop
endfacet
facet normal 0.7730104533627331 0.63439328416365 0
outer loop
vertex 12.334824310157973 -5.944456186415675 3.45
vertex 12.434314575050788 -6.065685424949251 1
vertex 12.334824310157986 -5.944456186415692 1
endloop
endfacet
facet normal 0.6343932841636462 0.7730104533627364 0
outer loop
vertex 12.43431457505077 -6.065685424949232 3.4499999999999993
vertex 12.555543813584327 -6.165175689842036 3.45
vertex 12.555543813584258 -6.165175689841979 1
endloop
endfacet
facet normal 0.6343932841636462 0.7730104533627364 0
outer loop
vertex 12.43431457505077 -6.065685424949232 3.4499999999999993
vertex 12.555543813584258 -6.165175689841979 1
vertex 12.434314575050788 -6.065685424949251 1
endloop
endfacet
facet normal 0.4713967368259972 0.8819212643483554 0
outer loop
vertex 12.555543813584327 -6.165175689842036 3.45
vertex 12.693853254107935 -6.239103626009007 3.450000000000002
vertex 12.693853254108028 -6.239103626009057 1
endloop
endfacet
facet normal 0.4713967368259972 0.8819212643483554 0
outer loop
vertex 12.555543813584327 -6.165175689842036 3.45
vertex 12.693853254108028 -6.239103626009057 1
vertex 12.555543813584258 -6.165175689841979 1
endloop
endfacet
facet normal 0.2902846772544611 0.9569403357322093 0
outer loop
vertex 12.693853254107935 -6.239103626009007 3.450000000000002
vertex 12.843927742387097 -6.2846282243225815 3.45
vertex 12.843927742387253 -6.284628224322629 1
endloop
endfacet
facet normal 0.2902846772544611 0.9569403357322093 0
outer loop
vertex 12.693853254107935 -6.239103626009007 3.450000000000002
vertex 12.843927742387253 -6.284628224322629 1
vertex 12.693853254108028 -6.239103626009057 1
endloop
endfacet
facet normal 0.09801714032955999 0.9951847266721969 0
outer loop
vertex 12.843927742387097 -6.2846282243225815 3.45
vertex 12.999999999999996 -6.300000000000028 3.45
vertex 12.999999999999824 -6.300000000000011 1
endloop
endfacet
facet normal 0.09801714032955999 0.9951847266721969 0
outer loop
vertex 12.843927742387097 -6.2846282243225815 3.45
vertex 12.999999999999824 -6.300000000000011 1
vertex 12.843927742387253 -6.284628224322629 1
endloop
endfacet
facet normal -0.09801714032956 0.9951847266721969 0
outer loop
vertex 12.999999999999996 -6.300000000000028 3.45
vertex 13.156072257612905 -6.284628224322579 3.45
vertex 13.156072257612852 -6.284628224322629 1
endloop
endfacet
facet normal -0.09801714032956 0.9951847266721969 0
outer loop
vertex 12.999999999999996 -6.300000000000028 3.45
vertex 13.156072257612852 -6.284628224322629 1
vertex 12.999999999999824 -6.300000000000011 1
endloop
endfacet
facet normal -0.29028467725446216 0.9569403357322089 0
outer loop
vertex 13.156072257612905 -6.284628224322579 3.45
vertex 13.306146745892065 -6.239103626009016 3.45
vertex 13.306146745891812 -6.239103626009057 1
endloop
endfacet
facet normal -0.29028467725446216 0.9569403357322089 0
outer loop
vertex 13.156072257612905 -6.284628224322579 3.45
vertex 13.306146745891812 -6.239103626009057 1
vertex 13.156072257612852 -6.284628224322629 1
endloop
endfacet
facet normal -0.47139673682599614 0.8819212643483558 0
outer loop
vertex 13.306146745892065 -6.239103626009016 3.45
vertex 13.444456186415646 -6.16517568984198 3.45
vertex 13.444456186415985 -6.165175689841979 1
endloop
endfacet
facet normal -0.47139673682599614 0.8819212643483558 0
outer loop
vertex 13.306146745892065 -6.239103626009016 3.45
vertex 13.444456186415985 -6.165175689841979 1
vertex 13.306146745891812 -6.239103626009057 1
endloop
endfacet
facet normal -0.6343932841636443 0.773010453362738 0
outer loop
vertex 13.444456186415646 -6.16517568984198 3.45
vertex 13.565685424949253 -6.065685424949235 3.45
vertex 13.565685424949283 -6.065685424949251 1
endloop
endfacet
facet normal -0.6343932841636443 0.773010453362738 0
outer loop
vertex 13.444456186415646 -6.16517568984198 3.45
vertex 13.565685424949283 -6.065685424949251 1
vertex 13.444456186415985 -6.165175689841979 1
endloop
endfacet
facet normal -0.7730104533627445 0.6343932841636364 0
outer loop
vertex 13.565685424949253 -6.065685424949235 3.45
vertex 13.665175689842053 -5.944456186415689 3.450000000000002
vertex 13.665175689842002 -5.944456186415692 1
endloop
endfacet
facet normal -0.7730104533627445 0.6343932841636364 0
outer loop
vertex 13.565685424949253 -6.065685424949235 3.45
vertex 13.665175689842002 -5.944456186415692 1
vertex 13.565685424949283 -6.065685424949251 1
endloop
endfacet
facet normal -0.881921264348352 0.47139673682600314 0
outer loop
vertex 13.665175689842053 -5.944456186415689 3.450000000000002
vertex 13.739103626009026 -5.806146745892077 3.45
vertex 13.73910362600908 -5.806146745892131 1
endloop
endfacet
facet normal -0.881921264348352 0.47139673682600314 0
outer loop
vertex 13.665175689842053 -5.944456186415689 3.450000000000002
vertex 13.73910362600908 -5.806146745892131 1
vertex 13.665175689842002 -5.944456186415692 1
endloop
endfacet
facet normal -0.956940335732209 0.29028467725446205 0
outer loop
vertex 13.739103626009026 -5.806146745892077 3.45
vertex 13.784628224322587 -5.656072257612903 3.45
vertex 13.784628224322582 -5.65607225761299 1
endloop
endfacet
facet normal -0.956940335732209 0.29028467725446205 0
outer loop
vertex 13.739103626009026 -5.806146745892077 3.45
vertex 13.784628224322582 -5.65607225761299 1
vertex 13.73910362600908 -5.806146745892131 1
endloop
endfacet
facet normal -0.9951847266722011 0.09801714032951732 0
outer loop
vertex 86.28462822432259 -9.156072257612927 3.45
vertex 86.3 -9.000000000000085 3.45
vertex 86.30000000000004 -8.999999999999815 1
endloop
endfacet
facet normal -0.9951847266722011 0.09801714032951732 0
outer loop
vertex 86.28462822432259 -9.156072257612927 3.45
vertex 86.30000000000004 -8.999999999999815 1
vertex 86.28462822432262 -9.156072257613788 1
endloop
endfacet
facet normal -0.9951847266722013 -0.09801714032951732 0
outer loop
vertex 86.3 -9.000000000000085 3.45
vertex 86.28462822432267 -8.843927742387054 3.450000000000002
vertex 86.28462822432276 -8.843927742386791 1
endloop
endfacet
facet normal -0.9951847266722013 -0.09801714032951732 0
outer loop
vertex 86.3 -9.000000000000085 3.45
vertex 86.28462822432276 -8.843927742386791 1
vertex 86.30000000000004 -8.999999999999815 1
endloop
endfacet
facet normal -0.9569403357321961 -0.2902846772545049 0
outer loop
vertex 86.28462822432267 -8.843927742387054 3.450000000000002
vertex 86.23910362600894 -8.693853254108014 3.450000000000002
vertex 86.23910362600893 -8.693853254107916 1
endloop
endfacet
facet normal -0.9569403357321961 -0.2902846772545049 0
outer loop
vertex 86.28462822432267 -8.843927742387054 3.450000000000002
vertex 86.23910362600893 -8.693853254107916 1
vertex 86.28462822432276 -8.843927742386791 1
endloop
endfacet
facet normal -0.8819212643483494 -0.47139673682600847 0
outer loop
vertex 86.23910362600894 -8.693853254108014 3.450000000000002
vertex 86.16517568984196 -8.555543813584386 3.450000000000002
vertex 86.16517568984239 -8.5555438135852 1
endloop
endfacet
facet normal -0.8819212643483494 -0.47139673682600847 0
outer loop
vertex 86.23910362600894 -8.693853254108014 3.450000000000002
vertex 86.16517568984239 -8.5555438135852 1
vertex 86.23910362600893 -8.693853254107916 1
endloop
endfacet
facet normal -0.7730104533627572 -0.6343932841636208 0
outer loop
vertex 86.16517568984196 -8.555543813584386 3.450000000000002
vertex 86.06568542494898 -8.434314575050898 3.45
vertex 86.06568542494888 -8.434314575050779 1
endloop
endfacet
facet normal -0.7730104533627572 -0.6343932841636208 0
outer loop
vertex 86.16517568984196 -8.555543813584386 3.450000000000002
vertex 86.06568542494888 -8.434314575050779 1
vertex 86.16517568984239 -8.5555438135852 1
endloop
endfacet
facet normal -0.6343932841636364 -0.7730104533627445 0
outer loop
vertex 86.06568542494898 -8.434314575050898 3.45
vertex 85.94445618641552 -8.33482431015814 3.450000000000002
vertex 85.94445618641424 -8.334824310157092 1
endloop
endfacet
facet normal -0.6343932841636364 -0.7730104533627445 0
outer loop
vertex 86.06568542494898 -8.434314575050898 3.45
vertex 85.94445618641424 -8.334824310157092 1
vertex 86.06568542494888 -8.434314575050779 1
endloop
endfacet
facet normal -0.4713967368260295 -0.8819212643483382 0
outer loop
vertex 85.94445618641552 -8.33482431015814 3.450000000000002
vertex 85.80614674589216 -8.26089637399091 3.450000000000002
vertex 85.806146745894 -8.260896373991894 1
endloop
endfacet
facet normal -0.4713967368260295 -0.8819212643483382 0
outer loop
vertex 85.94445618641552 -8.33482431015814 3.450000000000002
vertex 85.806146745894 -8.260896373991894 1
vertex 85.94445618641424 -8.334824310157092 1
endloop
endfacet
facet normal -0.29028467725446194 -0.956940335732209 0
outer loop
vertex 85.80614674589216 -8.26089637399091 3.450000000000002
vertex 85.65607225761278 -8.215371775677713 3.450000000000002
vertex 85.65607225761147 -8.215371775677323 1
endloop
endfacet
facet normal -0.29028467725446194 -0.956940335732209 0
outer loop
vertex 85.80614674589216 -8.26089637399091 3.450000000000002
vertex 85.65607225761147 -8.215371775677323 1
vertex 85.806146745894 -8.260896373991894 1
endloop
endfacet
facet normal -0.0980171403295597 -0.995184726672197 0
outer loop
vertex 85.65607225761278 -8.215371775677713 3.450000000000002
vertex 85.5 -8.200000000000047 3.450000000000002
vertex 85.49999999999919 -8.199999999999967 1
endloop
endfacet
facet normal -0.0980171403295597 -0.995184726672197 0
outer loop
vertex 85.65607225761278 -8.215371775677713 3.450000000000002
vertex 85.49999999999919 -8.199999999999967 1
vertex 85.65607225761147 -8.215371775677323 1
endloop
endfacet
facet normal 0.09801714032955999 -0.9951847266721969 0
outer loop
vertex 85.5 -8.200000000000047 3.450000000000002
vertex 85.34392774238708 -8.215371775677301 3.45
vertex 85.34392774238594 -8.215371775677323 1
endloop
endfacet
facet normal 0.09801714032955999 -0.9951847266721969 0
outer loop
vertex 85.5 -8.200000000000047 3.450000000000002
vertex 85.34392774238594 -8.215371775677323 1
vertex 85.49999999999919 -8.199999999999967 1
endloop
endfacet
facet normal 0.29028467725446194 -0.956940335732209 0
outer loop
vertex 85.34392774238708 -8.215371775677301 3.45
vertex 85.19385325410784 -8.260896373990658 3.450000000000002
vertex 85.1938532541093 -8.260896373991894 1
endloop
endfacet
facet normal 0.29028467725446194 -0.956940335732209 0
outer loop
vertex 85.34392774238708 -8.215371775677301 3.45
vertex 85.1938532541093 -8.260896373991894 1
vertex 85.34392774238594 -8.215371775677323 1
endloop
endfacet
facet normal 0.47139673682602945 -0.8819212643483382 0
outer loop
vertex 85.19385325410784 -8.260896373990658 3.450000000000002
vertex 85.05554381358432 -8.334824310157941 3.450000000000002
vertex 85.05554381358436 -8.334824310157092 1
endloop
endfacet
facet normal 0.47139673682602945 -0.8819212643483382 0
outer loop
vertex 85.19385325410784 -8.260896373990658 3.450000000000002
vertex 85.05554381358436 -8.334824310157092 1
vertex 85.1938532541093 -8.260896373991894 1
endloop
endfacet
facet normal 0.6343932841636286 -0.773010453362751 0
outer loop
vertex 85.05554381358432 -8.334824310157941 3.450000000000002
vertex 84.93431457505079 -8.434314575050742 3.450000000000002
vertex 84.93431457505002 -8.434314575050779 1
endloop
endfacet
facet normal 0.6343932841636286 -0.773010453362751 0
outer loop
vertex 85.05554381358432 -8.334824310157941 3.450000000000002
vertex 84.93431457505002 -8.434314575050779 1
vertex 85.05554381358436 -8.334824310157092 1
endloop
endfacet
facet normal 0.7730104533627572 -0.6343932841636208 0
outer loop
vertex 84.93431457505079 -8.434314575050742 3.450000000000002
vertex 84.83482431015781 -8.555543813584201 3.45
vertex 84.83482431015828 -8.5555438135852 1
endloop
endfacet
facet normal 0.7730104533627572 -0.6343932841636208 0
outer loop
vertex 84.93431457505079 -8.434314575050742 3.450000000000002
vertex 84.83482431015828 -8.5555438135852 1
vertex 84.93431457505002 -8.434314575050779 1
endloop
endfacet
facet normal 0.8819212643483494 -0.47139673682600847 0
outer loop
vertex 84.83482431015781 -8.555543813584201 3.45
vertex 84.76089637399095 -8.693853254107946 3.450000000000002
vertex 84.76089637399093 -8.693853254107916 1
endloop
endfacet
facet normal 0.8819212643483494 -0.47139673682600847 0
outer loop
vertex 84.83482431015781 -8.555543813584201 3.45
vertex 84.76089637399093 -8.693853254107916 1
vertex 84.83482431015828 -8.5555438135852 1
endloop
endfacet
facet normal 0.9569403357321961 -0.2902846772545049 0
outer loop
vertex 84.76089637399095 -8.693853254107946 3.450000000000002
vertex 84.7153717756774 -8.843927742387052 3.450000000000002
vertex 84.71537177567747 -8.843927742386791 1
endloop
endfacet
facet normal 0.9569403357321961 -0.2902846772545049 0
outer loop
vertex 84.76089637399095 -8.693853254107946 3.450000000000002
vertex 84.71537177567747 -8.843927742386791 1
vertex 84.76089637399093 -8.693853254107916 1
endloop
endfacet
facet normal 0.9951847266722011 -0.09801714032951732 0
outer loop
vertex 84.7153717756774 -8.843927742387052 3.450000000000002
vertex 84.70000000000002 -9.000000000000085 3.45
vertex 84.70000000000005 -8.999999999999815 1
endloop
endfacet
facet normal 0.9951847266722011 -0.09801714032951732 0
outer loop
vertex 84.7153717756774 -8.843927742387052 3.450000000000002
vertex 84.70000000000005 -8.999999999999815 1
vertex 84.71537177567747 -8.843927742386791 1
endloop
endfacet
facet normal 0.9951847266722013 0.09801714032951732 0
outer loop
vertex 84.70000000000002 -9.000000000000085 3.45
vertex 84.71537177567748 -9.156072257612927 3.450000000000002
vertex 84.71537177567755 -9.156072257613788 1
endloop
endfacet
facet normal 0.9951847266722013 0.09801714032951732 0
outer loop
vertex 84.70000000000002 -9.000000000000085 3.45
vertex 84.71537177567755 -9.156072257613788 1
vertex 84.70000000000005 -8.999999999999815 1
endloop
endfacet
facet normal 0.9569403357321961 0.2902846772545049 0
outer loop
vertex 84.71537177567748 -9.156072257612927 3.450000000000002
vertex 84.76089637399087 -9.306146745892082 3.450000000000002
vertex 84.76089637399002 -9.306146745889327 1
endloop
endfacet
facet normal 0.9569403357321961 0.2902846772545049 0
outer loop
vertex 84.71537177567748 -9.156072257612927 3.450000000000002
vertex 84.76089637399002 -9.306146745889327 1
vertex 84.71537177567755 -9.156072257613788 1
endloop
endfacet
facet normal 0.881921264348342 0.47139673682602246 0
outer loop
vertex 84.76089637399087 -9.306146745892082 3.450000000000002
vertex 84.83482431015841 -9.444456186415515 3.450000000000002
vertex 84.83482431016012 -9.44445618641874 1
endloop
endfacet
facet normal 0.881921264348342 0.47139673682602246 0
outer loop
vertex 84.76089637399087 -9.306146745892082 3.450000000000002
vertex 84.83482431016012 -9.44445618641874 1
vertex 84.76089637399002 -9.306146745889327 1
endloop
endfacet
facet normal 0.7730104533627572 0.6343932841636208 0
outer loop
vertex 84.83482431015841 -9.444456186415515 3.450000000000002
vertex 84.93431457505059 -9.565685424949457 3.45
vertex 84.93431457505045 -9.5656854249493 1
endloop
endfacet
facet normal 0.7730104533627572 0.6343932841636208 0
outer loop
vertex 84.83482431015841 -9.444456186415515 3.450000000000002
vertex 84.93431457505045 -9.5656854249493 1
vertex 84.83482431016012 -9.44445618641874 1
endloop
endfacet
facet normal 0.6343932841636347 0.773010453362746 0
outer loop
vertex 84.93431457505059 -9.565685424949457 3.45
vertex 85.0555438135842 -9.66517568984223 3.450000000000002
vertex 85.05554381358343 -9.665175689841615 1
endloop
endfacet
facet normal 0.6343932841636347 0.773010453362746 0
outer loop
vertex 84.93431457505059 -9.565685424949457 3.45
vertex 85.05554381358343 -9.665175689841615 1
vertex 84.93431457505045 -9.5656854249493 1
endloop
endfacet
facet normal 0.47139673682603017 0.8819212643483376 0
outer loop
vertex 85.0555438135842 -9.66517568984223 3.450000000000002
vertex 85.19385325410786 -9.739103626009069 3.45
vertex 85.19385325410852 -9.739103626009403 1
endloop
endfacet
facet normal 0.47139673682603017 0.8819212643483376 0
outer loop
vertex 85.0555438135842 -9.66517568984223 3.450000000000002
vertex 85.19385325410852 -9.739103626009403 1
vertex 85.05554381358343 -9.665175689841615 1
endloop
endfacet
facet normal 0.2902846772544603 0.9569403357322095 0
outer loop
vertex 85.19385325410786 -9.739103626009069 3.45
vertex 85.34392774238702 -9.784628224322761 3.45
vertex 85.3439277423866 -9.784628224322628 1
endloop
endfacet
facet normal 0.2902846772544603 0.9569403357322095 0
outer loop
vertex 85.19385325410786 -9.739103626009069 3.45
vertex 85.3439277423866 -9.784628224322628 1
vertex 85.19385325410852 -9.739103626009403 1
endloop
endfacet
facet normal 0.09801714032955978 0.995184726672197 0
outer loop
vertex 85.34392774238702 -9.784628224322761 3.45
vertex 85.49999999999999 -9.800000000000091 3.450000000000002
vertex 85.49999999999893 -9.799999999999988 1
endloop
endfacet
facet normal 0.09801714032955978 0.995184726672197 0
outer loop
vertex 85.34392774238702 -9.784628224322761 3.45
vertex 85.49999999999893 -9.799999999999988 1
vertex 85.3439277423866 -9.784628224322628 1
endloop
endfacet
facet normal -0.09801714032955999 0.9951847266721969 0
outer loop
vertex 85.49999999999999 -9.800000000000091 3.450000000000002
vertex 85.65607225761289 -9.784628224322471 3.45
vertex 85.6560722576152 -9.784628224322628 1
endloop
endfacet
facet normal -0.09801714032955999 0.9951847266721969 0
outer loop
vertex 85.49999999999999 -9.800000000000091 3.450000000000002
vertex 85.6560722576152 -9.784628224322628 1
vertex 85.49999999999893 -9.799999999999988 1
endloop
endfacet
facet normal -0.29028467725445495 0.9569403357322113 0
outer loop
vertex 85.65607225761289 -9.784628224322471 3.45
vertex 85.8061467458922 -9.739103626009353 3.450000000000002
vertex 85.80614674588992 -9.739103626009403 1
endloop
endfacet
facet normal -0.29028467725445495 0.9569403357322113 0
outer loop
vertex 85.65607225761289 -9.784628224322471 3.45
vertex 85.80614674588992 -9.739103626009403 1
vertex 85.6560722576152 -9.784628224322628 1
endloop
endfacet
facet normal -0.4713967368260224 0.8819212643483417 0
outer loop
vertex 85.8061467458922 -9.739103626009353 3.450000000000002
vertex 85.94445618641561 -9.665175689841924 3.45
vertex 85.94445618641691 -9.665175689841615 1
endloop
endfacet
facet normal -0.4713967368260224 0.8819212643483417 0
outer loop
vertex 85.8061467458922 -9.739103626009353 3.450000000000002
vertex 85.94445618641691 -9.665175689841615 1
vertex 85.80614674588992 -9.739103626009403 1
endloop
endfacet
facet normal -0.6343932841636364 0.7730104533627445 0
outer loop
vertex 85.94445618641561 -9.665175689841924 3.45
vertex 86.0656854249493 -9.565685424949393 3.450000000000002
vertex 86.06568542494796 -9.5656854249493 1
endloop
endfacet
facet normal -0.6343932841636364 0.7730104533627445 0
outer loop
vertex 85.94445618641561 -9.665175689841924 3.45
vertex 86.06568542494796 -9.5656854249493 1
vertex 85.94445618641691 -9.665175689841615 1
endloop
endfacet
facet normal -0.7730104533627572 0.6343932841636208 0
outer loop
vertex 86.0656854249493 -9.565685424949393 3.450000000000002
vertex 86.16517568984185 -9.444456186415593 3.45
vertex 86.16517568984271 -9.44445618641874 1
endloop
endfacet
facet normal -0.7730104533627572 0.6343932841636208 0
outer loop
vertex 86.0656854249493 -9.565685424949393 3.450000000000002
vertex 86.16517568984271 -9.44445618641874 1
vertex 86.06568542494796 -9.5656854249493 1
endloop
endfacet
facet normal -0.881921264348342 0.47139673682602246 0
outer loop
vertex 86.16517568984185 -9.444456186415593 3.45
vertex 86.23910362600915 -9.306146745892068 3.450000000000002
vertex 86.2391036260088 -9.306146745889327 1
endloop
endfacet
facet normal -0.881921264348342 0.47139673682602246 0
outer loop
vertex 86.16517568984185 -9.444456186415593 3.45
vertex 86.2391036260088 -9.306146745889327 1
vertex 86.16517568984271 -9.44445618641874 1
endloop
endfacet
facet normal -0.9569403357321961 0.2902846772545049 0
outer loop
vertex 86.23910362600915 -9.306146745892068 3.450000000000002
vertex 86.28462822432259 -9.156072257612927 3.45
vertex 86.28462822432262 -9.156072257613788 1
endloop
endfacet
facet normal -0.9569403357321961 0.2902846772545049 0
outer loop
vertex 86.23910362600915 -9.306146745892068 3.450000000000002
vertex 86.28462822432262 -9.156072257613788 1
vertex 86.2391036260088 -9.306146745889327 1
endloop
endfacet
facet normal -0.9951847266721969 0.09801714032955997 0
outer loop
vertex 63.784628224322525 31.343927742387063 3.45
vertex 63.79999999999994 31.50000000000004 3.45
vertex 63.799999999999976 31.500000000000348 1
endloop
endfacet
facet normal -0.9951847266721969 0.09801714032955997 0
outer loop
vertex 63.784628224322525 31.343927742387063 3.45
vertex 63.799999999999976 31.500000000000348 1
vertex 63.78462822432256 31.34392774238742 1
endloop
endfacet
facet normal -0.9951847266721969 -0.09801714032955997 0
outer loop
vertex 63.79999999999994 31.50000000000004 3.45
vertex 63.78462822432258 31.656072257612895 3.45
vertex 63.78462822432258 31.656072257613012 1
endloop
endfacet
facet normal -0.9951847266721969 -0.09801714032955997 0
outer loop
vertex 63.79999999999994 31.50000000000004 3.45
vertex 63.78462822432258 31.656072257613012 1
vertex 63.799999999999976 31.500000000000348 1
endloop
endfacet
facet normal -0.956940335732209 -0.29028467725446194 0
outer loop
vertex 63.78462822432258 31.656072257612895 3.45
vertex 63.739103626009054 31.806146745892093 3.450000000000002
vertex 63.739103626009154 31.806146745891756 1
endloop
endfacet
facet normal -0.956940335732209 -0.29028467725446194 0
outer loop
vertex 63.78462822432258 31.656072257612895 3.45
vertex 63.739103626009154 31.806146745891756 1
vertex 63.78462822432258 31.656072257613012 1
endloop
endfacet
facet normal -0.8819212643483643 -0.47139673682598043 0
outer loop
vertex 63.739103626009054 31.806146745892093 3.450000000000002
vertex 63.66517568984201 31.944456186415657 3.45
vertex 63.66517568984205 31.944456186415582 1
endloop
endfacet
facet normal -0.8819212643483643 -0.47139673682598043 0
outer loop
vertex 63.739103626009054 31.806146745892093 3.450000000000002
vertex 63.66517568984205 31.944456186415582 1
vertex 63.739103626009154 31.806146745891756 1
endloop
endfacet
facet normal -0.7730104533627256 -0.6343932841636596 0
outer loop
vertex 63.66517568984201 31.944456186415657 3.45
vertex 63.565685424949194 32.06568542494924 3.450000000000002
vertex 63.56568542494933 32.065685424949045 1
endloop
endfacet
facet normal -0.7730104533627256 -0.6343932841636596 0
outer loop
vertex 63.66517568984201 31.944456186415657 3.45
vertex 63.56568542494933 32.065685424949045 1
vertex 63.66517568984205 31.944456186415582 1
endloop
endfacet
facet normal -0.6343932841636716 -0.7730104533627156 0
outer loop
vertex 63.565685424949194 32.06568542494924 3.450000000000002
vertex 63.44445618641567 32.165175689841945 3.45
vertex 63.444456186415444 32.16517568984212 1
endloop
endfacet
facet normal -0.6343932841636716 -0.7730104533627156 0
outer loop
vertex 63.565685424949194 32.06568542494924 3.450000000000002
vertex 63.444456186415444 32.16517568984212 1
vertex 63.56568542494933 32.065685424949045 1
endloop
endfacet
facet normal -0.4713967368259664 -0.8819212643483718 0
outer loop
vertex 63.44445618641567 32.165175689841945 3.45
vertex 63.306146745892065 32.239103626009 3.450000000000002
vertex 63.30614674589115 32.239103626009474 1
endloop
endfacet
facet normal -0.4713967368259664 -0.8819212643483718 0
outer loop
vertex 63.44445618641567 32.165175689841945 3.45
vertex 63.30614674589115 32.239103626009474 1
vertex 63.444456186415444 32.16517568984212 1
endloop
endfacet
facet normal -0.29028467725446194 -0.956940335732209 0
outer loop
vertex 63.306146745892065 32.239103626009 3.450000000000002
vertex 63.15607225761296 32.284628224322745 3.450000000000002
vertex 63.156072257613914 32.28462822432244 1
endloop
endfacet
facet normal -0.29028467725446194 -0.956940335732209 0
outer loop
vertex 63.306146745892065 32.239103626009 3.450000000000002
vertex 63.156072257613914 32.28462822432244 1
vertex 63.30614674589115 32.239103626009474 1
endloop
endfacet
facet normal -0.09801714032956002 -0.9951847266721969 0
outer loop
vertex 63.15607225761296 32.284628224322745 3.450000000000002
vertex 62.99999999999999 32.29999999999995 3.45
vertex 62.99999999999943 32.30000000000001 1
endloop
endfacet
facet normal -0.09801714032956002 -0.9951847266721969 0
outer loop
vertex 63.15607225761296 32.284628224322745 3.450000000000002
vertex 62.99999999999943 32.30000000000001 1
vertex 63.156072257613914 32.28462822432244 1
endloop
endfacet
facet normal 0.09801714032956 -0.9951847266721969 0
outer loop
vertex 62.99999999999999 32.29999999999995 3.45
vertex 62.843927742387095 32.284628224322645 3.45
vertex 62.84392774238794 32.28462822432244 1
endloop
endfacet
facet normal 0.09801714032956 -0.9951847266721969 0
outer loop
vertex 62.99999999999999 32.29999999999995 3.45
vertex 62.84392774238794 32.28462822432244 1
vertex 62.99999999999943 32.30000000000001 1
endloop
endfacet
facet normal 0.29028467725446916 -0.9569403357322068 0
outer loop
vertex 62.843927742387095 32.284628224322645 3.45
vertex 62.693853254107964 32.239103626008934 3.45
vertex 62.69385325410764 32.239103626009474 1
endloop
endfacet
facet normal 0.29028467725446916 -0.9569403357322068 0
outer loop
vertex 62.843927742387095 32.284628224322645 3.45
vertex 62.69385325410764 32.239103626009474 1
vertex 62.84392774238794 32.28462822432244 1
endloop
endfacet
facet normal 0.47139673682598315 -0.8819212643483628 0
outer loop
vertex 62.693853254107964 32.239103626008934 3.45
vertex 62.55554381358432 32.165175689842 3.45
vertex 62.55554381358503 32.16517568984212 1
endloop
endfacet
facet normal 0.47139673682598315 -0.8819212643483628 0
outer loop
vertex 62.693853254107964 32.239103626008934 3.45
vertex 62.55554381358503 32.16517568984212 1
vertex 62.69385325410764 32.239103626009474 1
endloop
endfacet
facet normal 0.6343932841636452 -0.7730104533627373 0
outer loop
vertex 62.55554381358432 32.165175689842 3.45
vertex 62.434314575050905 32.065685424949116 3.45
vertex 62.43431457505029 32.065685424949045 1
endloop
endfacet
facet normal 0.6343932841636452 -0.7730104533627373 0
outer loop
vertex 62.55554381358432 32.165175689842 3.45
vertex 62.43431457505029 32.065685424949045 1
vertex 62.55554381358503 32.16517568984212 1
endloop
endfacet
facet normal 0.7730104533627269 -0.6343932841636578 0
outer loop
vertex 62.434314575050905 32.065685424949116 3.45
vertex 62.334824310157984 31.944456186415657 3.45
vertex 62.334824310157614 31.944456186415582 1
endloop
endfacet
facet normal 0.7730104533627269 -0.6343932841636578 0
outer loop
vertex 62.434314575050905 32.065685424949116 3.45
vertex 62.334824310157614 31.944456186415582 1
vertex 62.43431457505029 32.065685424949045 1
endloop
endfacet
facet normal 0.881921264348368 -0.4713967368259734 0
outer loop
vertex 62.334824310157984 31.944456186415657 3.45
vertex 62.2608963739909 31.806146745892125 3.45
vertex 62.260896373990846 31.806146745891756 1
endloop
endfacet
facet normal 0.881921264348368 -0.4713967368259734 0
outer loop
vertex 62.334824310157984 31.944456186415657 3.45
vertex 62.260896373990846 31.806146745891756 1
vertex 62.334824310157614 31.944456186415582 1
endloop
endfacet
facet normal 0.956940335732209 -0.29028467725446194 0
outer loop
vertex 62.2608963739909 31.806146745892125 3.45
vertex 62.215371775677326 31.656072257612934 3.450000000000002
vertex 62.21537177567737 31.656072257613012 1
endloop
endfacet
facet normal 0.956940335732209 -0.29028467725446194 0
outer loop
vertex 62.2608963739909 31.806146745892125 3.45
vertex 62.21537177567737 31.656072257613012 1
vertex 62.260896373990846 31.806146745891756 1
endloop
endfacet
facet normal 0.9951847266721969 -0.09801714032955997 0
outer loop
vertex 62.215371775677326 31.656072257612934 3.450000000000002
vertex 62.199999999999946 31.500000000000036 3.45
vertex 62.199999999999974 31.500000000000348 1
endloop
endfacet
facet normal 0.9951847266721969 -0.09801714032955997 0
outer loop
vertex 62.215371775677326 31.656072257612934 3.450000000000002
vertex 62.199999999999974 31.500000000000348 1
vertex 62.21537177567737 31.656072257613012 1
endloop
endfacet
facet normal 0.9951847266721969 0.09801714032955997 0
outer loop
vertex 62.199999999999946 31.500000000000036 3.45
vertex 62.21537177567743 31.343927742387066 3.45
vertex 62.21537177567743 31.34392774238742 1
endloop
endfacet
facet normal 0.9951847266721969 0.09801714032955997 0
outer loop
vertex 62.199999999999946 31.500000000000036 3.45
vertex 62.21537177567743 31.34392774238742 1
vertex 62.199999999999974 31.500000000000348 1
endloop
endfacet
facet normal 0.956940335732209 0.29028467725446194 0
outer loop
vertex 62.21537177567743 31.343927742387066 3.45
vertex 62.260896373990974 31.193853254108003 3.450000000000002
vertex 62.26089637399088 31.193853254108305 1
endloop
endfacet
facet normal 0.956940335732209 0.29028467725446194 0
outer loop
vertex 62.21537177567743 31.343927742387066 3.45
vertex 62.26089637399088 31.193853254108305 1
vertex 62.21537177567743 31.34392774238742 1
endloop
endfacet
facet normal 0.8819212643483717 0.4713967368259664 0
outer loop
vertex 62.260896373990974 31.193853254108003 3.450000000000002
vertex 62.33482431015809 31.055543813584293 3.45
vertex 62.334824310158325 31.05554381358385 1
endloop
endfacet
facet normal 0.8819212643483717 0.4713967368259664 0
outer loop
vertex 62.260896373990974 31.193853254108003 3.450000000000002
vertex 62.334824310158325 31.05554381358385 1
vertex 62.26089637399088 31.193853254108305 1
endloop
endfacet
facet normal 0.773010453362722 0.6343932841636638 0
outer loop
vertex 62.33482431015809 31.055543813584293 3.45
vertex 62.43431457505075 30.934314575050763 3.45
vertex 62.43431457505034 30.934314575051257 1
endloop
endfacet
facet normal 0.773010453362722 0.6343932841636638 0
outer loop
vertex 62.33482431015809 31.055543813584293 3.45
vertex 62.43431457505034 30.934314575051257 1
vertex 62.334824310158325 31.05554381358385 1
endloop
endfacet
facet normal 0.6343932841636406 0.7730104533627411 0
outer loop
vertex 62.43431457505075 30.934314575050763 3.45
vertex 62.55554381358441 30.83482431015805 3.450000000000002
vertex 62.555543813584954 30.83482431015759 1
endloop
endfacet
facet normal 0.6343932841636406 0.7730104533627411 0
outer loop
vertex 62.43431457505075 30.934314575050763 3.45
vertex 62.555543813584954 30.83482431015759 1
vertex 62.43431457505034 30.934314575051257 1
endloop
endfacet
facet normal 0.47139673682600136 0.8819212643483529 0
outer loop
vertex 62.55554381358441 30.83482431015805 3.450000000000002
vertex 62.693853254107914 30.760896373990928 3.45
vertex 62.69385325410816 30.760896373990807 1
endloop
endfacet
facet normal 0.47139673682600136 0.8819212643483529 0
outer loop
vertex 62.55554381358441 30.83482431015805 3.450000000000002
vertex 62.69385325410816 30.760896373990807 1
vertex 62.555543813584954 30.83482431015759 1
endloop
endfacet
facet normal 0.2902846772544764 0.9569403357322046 0
outer loop
vertex 62.693853254107914 30.760896373990928 3.45
vertex 62.84392774238705 30.715371775677333 3.45
vertex 62.84392774238688 30.715371775677387 1
endloop
endfacet
facet normal 0.2902846772544764 0.9569403357322046 0
outer loop
vertex 62.693853254107914 30.760896373990928 3.45
vertex 62.84392774238688 30.715371775677387 1
vertex 62.69385325410816 30.760896373990807 1
endloop
endfacet
facet normal 0.09801714032955998 0.995184726672197 0
outer loop
vertex 62.84392774238705 30.715371775677333 3.45
vertex 63.00000000000002 30.699999999999957 3.450000000000002
vertex 62.99999999999933 30.700000000000017 1
endloop
endfacet
facet normal 0.09801714032955998 0.995184726672197 0
outer loop
vertex 62.84392774238705 30.715371775677333 3.45
vertex 62.99999999999933 30.700000000000017 1
vertex 62.84392774238688 30.715371775677387 1
endloop
endfacet
facet normal -0.09801714032955999 0.9951847266721969 0
outer loop
vertex 63.00000000000002 30.699999999999957 3.450000000000002
vertex 63.15607225761294 30.715371775677497 3.45
vertex 63.15607225761286 30.715371775677387 1
endloop
endfacet
facet normal -0.09801714032955999 0.9951847266721969 0
outer loop
vertex 63.00000000000002 30.699999999999957 3.450000000000002
vertex 63.15607225761286 30.715371775677387 1
vertex 62.99999999999933 30.700000000000017 1
endloop
endfacet
facet normal -0.29028467725447266 0.9569403357322057 0
outer loop
vertex 63.15607225761294 30.715371775677497 3.45
vertex 63.30614674589205 30.760896373991056 3.45
vertex 63.30614674589319 30.760896373990807 1
endloop
endfacet
facet normal -0.29028467725447266 0.9569403357322057 0
outer loop
vertex 63.15607225761294 30.715371775677497 3.45
vertex 63.30614674589319 30.760896373990807 1
vertex 63.15607225761286 30.715371775677387 1
endloop
endfacet
facet normal -0.4713967368259999 0.8819212643483538 0
outer loop
vertex 63.30614674589205 30.760896373991056 3.45
vertex 63.444456186415735 30.83482431015782 3.45
vertex 63.444456186414484 30.83482431015759 1
endloop
endfacet
facet normal -0.4713967368259999 0.8819212643483538 0
outer loop
vertex 63.30614674589205 30.760896373991056 3.45
vertex 63.444456186414484 30.83482431015759 1
vertex 63.30614674589319 30.760896373990807 1
endloop
endfacet
facet normal -0.634393284163648 0.7730104533627348 0
outer loop
vertex 63.444456186415735 30.83482431015782 3.45
vertex 63.56568542494916 30.934314575050884 3.45
vertex 63.56568542494979 30.934314575051257 1
endloop
endfacet
facet normal -0.634393284163648 0.7730104533627348 0
outer loop
vertex 63.444456186415735 30.83482431015782 3.45
vertex 63.56568542494979 30.934314575051257 1
vertex 63.444456186414484 30.83482431015759 1
endloop
endfacet
facet normal -0.7730104533627269 0.6343932841636578 0
outer loop
vertex 63.56568542494916 30.934314575050884 3.45
vertex 63.665175689842 31.055543813584233 3.45
vertex 63.66517568984177 31.05554381358385 1
endloop
endfacet
facet normal -0.7730104533627269 0.6343932841636578 0
outer loop
vertex 63.56568542494916 30.934314575050884 3.45
vertex 63.66517568984177 31.05554381358385 1
vertex 63.56568542494979 30.934314575051257 1
endloop
endfacet
facet normal -0.881921264348368 0.47139673682597344 0
outer loop
vertex 63.665175689842 31.055543813584233 3.45
vertex 63.73910362600902 31.19385325410803 3.450000000000002
vertex 63.739103626008855 31.193853254108305 1
endloop
endfacet
facet normal -0.881921264348368 0.47139673682597344 0
outer loop
vertex 63.665175689842 31.055543813584233 3.45
vertex 63.739103626008855 31.193853254108305 1
vertex 63.66517568984177 31.05554381358385 1
endloop
endfacet
facet normal -0.956940335732209 0.29028467725446194 0
outer loop
vertex 63.73910362600902 31.19385325410803 3.450000000000002
vertex 63.784628224322525 31.343927742387063 3.45
vertex 63.78462822432256 31.34392774238742 1
endloop
endfacet
facet normal -0.956940335732209 0.29028467725446194 0
outer loop
vertex 63.73910362600902 31.19385325410803 3.450000000000002
vertex 63.78462822432256 31.34392774238742 1
vertex 63.739103626008855 31.193853254108305 1
endloop
endfacet
facet normal 0 0 -1
outer loop
vertex 79.58527096604843 49.44235584120978 1
vertex 80.1480502970957 49.27163859753463 1
vertex 80.66671069905868 48.99440883690747 1
endloop
endfacet
facet normal 0 0 -1
outer loop
vertex 79.58527096604843 49.44235584120978 1
vertex 80.66671069905868 48.99440883690747 1
vertex 81.12132034355956 48.621320343559574 1
endloop
endfacet
facet normal 0 0 -1
outer loop
vertex 79.58527096604843 49.44235584120978 1
vertex 81.12132034355956 48.621320343559574 1
vertex 81.49440883690774 48.16671069905886 1.0000000000000004
endloop
endfacet
facet normal 0 0 -1
outer loop
vertex 79.58527096604843 49.44235584120978 1
vertex 81.49440883690774 48.16671069905886 1.0000000000000004
vertex 81.77163859753396 47.648050297095295 1
endloop
endfacet
facet normal 0 0 -1
outer loop
vertex 79.58527096604843 49.44235584120978 1
vertex 81.77163859753396 47.648050297095295 1
vertex 81.94235584121036 47.085270966048455 1
endloop
endfacet
facet normal 0 0 -1
outer loop
vertex 79.58527096604843 49.44235584120978 1
vertex 81.94235584121036 47.085270966048455 1
vertex 81.99999999999977 46.50000000000003 1
endloop
endfacet
facet normal 0 0 -1
outer loop
vertex 79.58527096604843 49.44235584120978 1
vertex 81.99999999999977 46.50000000000003 1
vertex 81.94235584120946 45.91472903395164 1
endloop
endfacet
facet normal 0 0 -1
outer loop
vertex 79.58527096604843 49.44235584120978 1
vertex 81.94235584120946 45.91472903395164 1
vertex 81.77163859753404 45.35194970290465 1.0000000000000004
endloop
endfacet
facet normal 0 0 -1
outer loop
vertex 79.58527096604843 49.44235584120978 1
vertex 81.77163859753404 45.35194970290465 1.0000000000000004
vertex 81.49440883690775 44.833289300941104 1
endloop
endfacet
facet normal 0 0 -1
outer loop
vertex 79.58527096604843 49.44235584120978 1
vertex 81.49440883690775 44.833289300941104 1
vertex 81.12132034355992 44.378679656440006 1
endloop
endfacet
facet normal 0 0 -1
outer loop
vertex 79.58527096604843 49.44235584120978 1
vertex 81.12132034355992 44.378679656440006 1
vertex 80.66671069905874 44.00559116309253 1.0000000000000004
endloop
endfacet
facet normal 0 0 -1
outer loop
vertex 79.58527096604843 49.44235584120978 1
vertex 80.66671069905874 44.00559116309253 1.0000000000000004
vertex 80.14805029709528 43.72836140246612 1.0000000000000004
endloop
endfacet
facet normal 0 0 -1
outer loop
vertex 79.58527096604843 49.44235584120978 1
vertex 80.14805029709528 43.72836140246612 1.0000000000000004
vertex 79.58527096604837 43.55764415879057 1
endloop
endfacet
facet normal 0 0 -1
outer loop
vertex 79.58527096604843 49.44235584120978 1
vertex 79.58527096604837 43.55764415879057 1
vertex 78.99999999999999 43.49999999999978 1
endloop
endfacet
facet normal 0 0 -1
outer loop
vertex 79.58527096604843 49.44235584120978 1
vertex 78.99999999999999 43.49999999999978 1
vertex 78.41472903395166 43.557644158790396 1
endloop
endfacet
facet normal 0 0 -1
outer loop
vertex 79.58527096604843 49.44235584120978 1
vertex 78.41472903395166 43.557644158790396 1
vertex 77.85194970290496 43.72836140246654 1.0000000000000004
endloop
endfacet
facet normal 0 0 -1
outer loop
vertex 79.58527096604843 49.44235584120978 1
vertex 77.85194970290496 43.72836140246654 1.0000000000000004
vertex 77.33328930094129 44.005591163092475 1.0000000000000004
endloop
endfacet
facet normal 0 0 -1
outer loop
vertex 79.58527096604843 49.44235584120978 1
vertex 77.33328930094129 44.005591163092475 1.0000000000000004
vertex 76.87867965644034 44.37867965644034 1
endloop
endfacet
facet normal 0 0 -1
outer loop
vertex 79.58527096604843 49.44235584120978 1
vertex 76.87867965644034 44.37867965644034 1
vertex 76.50559116309245 44.83328930094123 1.0000000000000004
endloop
endfacet
facet normal 0 0 -1
outer loop
vertex 79.58527096604843 49.44235584120978 1
vertex 76.50559116309245 44.83328930094123 1.0000000000000004
vertex 76.22836140246628 45.351949702904776 1
endloop
endfacet
facet normal 0 0 -1
outer loop
vertex 79.58527096604843 49.44235584120978 1
vertex 76.22836140246628 45.351949702904776 1
vertex 76.0576441587899 45.91472903395158 1
endloop
endfacet
facet normal 0 0 -1
outer loop
vertex 79.58527096604843 49.44235584120978 1
vertex 76.0576441587899 45.91472903395158 1
vertex 75.99999999999976 46.50000000000003 1
endloop
endfacet
facet normal 0 0 -1
outer loop
vertex 79.58527096604843 49.44235584120978 1
vertex 75.99999999999976 46.50000000000003 1
vertex 76.05764415879052 47.08527096604833 1.0000000000000004
endloop
endfacet
facet normal 0 0 -1
outer loop
vertex 79.58527096604843 49.44235584120978 1
vertex 76.05764415879052 47.08527096604833 1.0000000000000004
vertex 76.22836140246615 47.64805029709528 1
endloop
endfacet
facet normal 0 0 -1
outer loop
vertex 79.58527096604843 49.44235584120978 1
vertex 76.22836140246615 47.64805029709528 1
vertex 76.50559116309212 48.16671069905901 1.0000000000000004
endloop
endfacet
facet normal 0 0 -1
outer loop
vertex 79.58527096604843 49.44235584120978 1
vertex 76.50559116309212 48.16671069905901 1.0000000000000004
vertex 76.87867965644013 48.62132034355991 1
endloop
endfacet
facet normal 0 0 -1
outer loop
vertex 79.58527096604843 49.44235584120978 1
vertex 76.87867965644013 48.62132034355991 1
vertex 77.33328930094119 48.9944088369077 1.0000000000000004
endloop
endfacet
facet normal 0 0 -1
outer loop
vertex 79.58527096604843 49.44235584120978 1
vertex 77.33328930094119 48.9944088369077 1.0000000000000004
vertex 77.8519497029048 49.27163859753365 1.0000000000000004
endloop
endfacet
facet normal 0 0 -1
outer loop
vertex 79.58527096604843 49.44235584120978 1
vertex 77.8519497029048 49.27163859753365 1.0000000000000004
vertex 78.4147290339516 49.442355841209945 1
endloop
endfacet
facet normal 0 0 -1
outer loop
vertex 79.58527096604843 49.44235584120978 1
vertex 78.4147290339516 49.442355841209945 1
vertex 78.99999999999999 49.4999999999998 1
endloop
endfacet
facet normal 0 0 -1
outer loop
vertex -6.414729033951591 43.442355841209775 1.0000000000000004
vertex -5.851949702904776 43.271638597533794 1.0000000000000004
vertex -5.333289300941171 42.99440883690765 1
endloop
endfacet
facet normal 0 0 -1
outer loop
vertex -6.414729033951591 43.442355841209775 1.0000000000000004
vertex -5.333289300941171 42.99440883690765 1
vertex -4.878679656440518 42.62132034355952 1
endloop
endfacet
facet normal 0 0 -1
outer loop
vertex -6.414729033951591 43.442355841209775 1.0000000000000004
vertex -4.878679656440518 42.62132034355952 1
vertex -4.505591163092529 42.166710699058726 1
endloop
endfacet
facet normal 0 0 -1
outer loop
vertex -6.414729033951591 43.442355841209775 1.0000000000000004
vertex -4.505591163092529 42.166710699058726 1
vertex -4.228361402466091 41.64805029709529 1.0000000000000004
endloop
endfacet
facet normal 0 0 -1
outer loop
vertex -6.414729033951591 43.442355841209775 1.0000000000000004
vertex -4.228361402466091 41.64805029709529 1.0000000000000004
vertex -4.057644158790285 41.085270966048384 1
endloop
endfacet
facet normal 0 0 -1
outer loop
vertex -6.414729033951591 43.442355841209775 1.0000000000000004
vertex -4.057644158790285 41.085270966048384 1
vertex -4.000000000000005 40.50000000000001 1.0000000000000004
endloop
endfacet
facet normal 0 0 -1
outer loop
vertex -6.414729033951591 43.442355841209775 1.0000000000000004
vertex -4.000000000000005 40.50000000000001 1.0000000000000004
vertex -4.057644158790314 39.91472903395162 1.0000000000000004
endloop
endfacet
facet normal 0 0 -1
outer loop
vertex -6.414729033951591 43.442355841209775 1.0000000000000004
vertex -4.057644158790314 39.91472903395162 1.0000000000000004
vertex -4.228361402466353 39.35194970290485 1.0000000000000004
endloop
endfacet
facet normal 0 0 -1
outer loop
vertex -6.414729033951591 43.442355841209775 1.0000000000000004
vertex -4.228361402466353 39.35194970290485 1.0000000000000004
vertex -4.505591163092227 38.83328930094109 1.0000000000000004
endloop
endfacet
facet normal 0 0 -1
outer loop
vertex -6.414729033951591 43.442355841209775 1.0000000000000004
vertex -4.505591163092227 38.83328930094109 1.0000000000000004
vertex -4.87867965644031 38.3786796564403 1
endloop
endfacet
facet normal 0 0 -1
outer loop
vertex -6.414729033951591 43.442355841209775 1.0000000000000004
vertex -4.87867965644031 38.3786796564403 1
vertex -5.333289300941283 38.00559116309253 1.0000000000000004
endloop
endfacet
facet normal 0 0 -1
outer loop
vertex -6.414729033951591 43.442355841209775 1.0000000000000004
vertex -5.333289300941283 38.00559116309253 1.0000000000000004
vertex -5.851949702904744 37.728361402466184 1
endloop
endfacet
facet normal 0 0 -1
outer loop
vertex -6.414729033951591 43.442355841209775 1.0000000000000004
vertex -5.851949702904744 37.728361402466184 1
vertex -6.414729033951614 37.557644158790296 1
endloop
endfacet
facet normal 0 0 -1
outer loop
vertex -6.414729033951591 43.442355841209775 1.0000000000000004
vertex -6.414729033951614 37.557644158790296 1
vertex -6.9999999999999964 37.500000000000036 1
endloop
endfacet
facet normal 0 0 -1
outer loop
vertex -6.414729033951591 43.442355841209775 1.0000000000000004
vertex -6.9999999999999964 37.500000000000036 1
vertex -7.585270966048409 37.55764415879023 1
endloop
endfacet
facet normal 0 0 -1
outer loop
vertex -6.414729033951591 43.442355841209775 1.0000000000000004
vertex -7.585270966048409 37.55764415879023 1
vertex -8.148050297095336 37.72836140246601 1
endloop
endfacet
facet normal 0 0 -1
outer loop
vertex -6.414729033951591 43.442355841209775 1.0000000000000004
vertex -8.148050297095336 37.72836140246601 1
vertex -8.666710699058818 38.00559116309236 1
endloop
endfacet
facet normal 0 0 -1
outer loop
vertex -6.414729033951591 43.442355841209775 1.0000000000000004
vertex -8.666710699058818 38.00559116309236 1
vertex -9.12132034355962 38.37867965644037 1
endloop
endfacet
facet normal 0 0 -1
outer loop
vertex -6.414729033951591 43.442355841209775 1.0000000000000004
vertex -9.12132034355962 38.37867965644037 1
vertex -9.494408836907551 38.833289300941246 1.0000000000000004
endloop
endfacet
facet normal 0 0 -1
outer loop
vertex -6.414729033951591 43.442355841209775 1.0000000000000004
vertex -9.494408836907551 38.833289300941246 1.0000000000000004
vertex -9.771638597533814 39.35194970290474 1
endloop
endfacet
facet normal 0 0 -1
outer loop
vertex -6.414729033951591 43.442355841209775 1.0000000000000004
vertex -9.771638597533814 39.35194970290474 1
vertex -9.942355841209658 39.91472903395162 1
endloop
endfacet
facet normal 0 0 -1
outer loop
vertex -6.414729033951591 43.442355841209775 1.0000000000000004
vertex -9.942355841209658 39.91472903395162 1
vertex -10.000000000000007 40.5 1
endloop
endfacet
facet normal 0 0 -1
outer loop
vertex -6.414729033951591 43.442355841209775 1.0000000000000004
vertex -10.000000000000007 40.5 1
vertex -9.942355841209762 41.08527096604842 1.0000000000000004
endloop
endfacet
facet normal 0 0 -1
outer loop
vertex -6.414729033951591 43.442355841209775 1.0000000000000004
vertex -9.942355841209762 41.08527096604842 1.0000000000000004
vertex -9.771638597533908 41.64805029709531 1.0000000000000004
endloop
endfacet
facet normal 0 0 -1
outer loop
vertex -6.414729033951591 43.442355841209775 1.0000000000000004
vertex -9.771638597533908 41.64805029709531 1.0000000000000004
vertex -9.494408836907525 42.16671069905871 0.9999999999999998
endloop
endfacet
facet normal 0 0 -1
outer loop
vertex -6.414729033951591 43.442355841209775 1.0000000000000004
vertex -9.494408836907525 42.16671069905871 0.9999999999999998
vertex -9.12132034355959 42.621320343559574 1
endloop
endfacet
facet normal 0 0 -1
outer loop
vertex -6.414729033951591 43.442355841209775 1.0000000000000004
vertex -9.12132034355959 42.621320343559574 1
vertex -8.666710699058745 42.99440883690753 1.0000000000000004
endloop
endfacet
facet normal 0 0 -1
outer loop
vertex -6.414729033951591 43.442355841209775 1.0000000000000004
vertex -8.666710699058745 42.99440883690753 1.0000000000000004
vertex -8.148050297095274 43.27163859753389 1
endloop
endfacet
facet normal 0 0 -1
outer loop
vertex -6.414729033951591 43.442355841209775 1.0000000000000004
vertex -8.148050297095274 43.27163859753389 1
vertex -7.585270966048384 43.44235584120969 1
endloop
endfacet
facet normal 0 0 -1
outer loop
vertex -6.414729033951591 43.442355841209775 1.0000000000000004
vertex -7.585270966048384 43.44235584120969 1
vertex -6.999999999999998 43.500000000000014 1
endloop
endfacet
facet normal 0 0 -1
outer loop
vertex 101.38527096604842 37.44235584120979 1
vertex 101.94805029709511 37.27163859753357 1
vertex 102.46671069905862 36.99440883690742 1
endloop
endfacet
facet normal 0 0 -1
outer loop
vertex 101.38527096604842 37.44235584120979 1
vertex 102.46671069905862 36.99440883690742 1
vertex 102.92132034355915 36.62132034355923 1
endloop
endfacet
facet normal 0 0 -1
outer loop
vertex 101.38527096604842 37.44235584120979 1
vertex 102.92132034355915 36.62132034355923 1
vertex 103.29440883690752 36.16671069905875 1
endloop
endfacet
facet normal 0 0 -1
outer loop
vertex 101.38527096604842 37.44235584120979 1
vertex 103.29440883690752 36.16671069905875 1
vertex 103.57163859753392 35.64805029709528 1
endloop
endfacet
facet normal 0 0 -1
outer loop
vertex 101.38527096604842 37.44235584120979 1
vertex 103.57163859753392 35.64805029709528 1
vertex 103.74235584120976 35.08527096604839 1
endloop
endfacet
facet normal 0 0 -1
outer loop
vertex 101.38527096604842 37.44235584120979 1
vertex 103.74235584120976 35.08527096604839 1
vertex 103.79999999999976 34.500000000000014 1
endloop
endfacet
facet normal 0 0 -1
outer loop
vertex 101.38527096604842 37.44235584120979 1
vertex 103.79999999999976 34.500000000000014 1
vertex 103.74235584120946 33.91472903395164 1
endloop
endfacet
facet normal 0 0 -1
outer loop
vertex 101.38527096604842 37.44235584120979 1
vertex 103.74235584120946 33.91472903395164 1
vertex 103.57163859753405 33.35194970290466 1.0000000000000004
endloop
endfacet
facet normal 0 0 -1
outer loop
vertex 101.38527096604842 37.44235584120979 1
vertex 103.57163859753405 33.35194970290466 1.0000000000000004
vertex 103.29440883690737 32.83328930094143 1
endloop
endfacet
facet normal 0 0 -1
outer loop
vertex 101.38527096604842 37.44235584120979 1
vertex 103.29440883690737 32.83328930094143 1
vertex 102.92132034355961 32.37867965644038 1
endloop
endfacet
facet normal 0 0 -1
outer loop
vertex 101.38527096604842 37.44235584120979 1
vertex 102.92132034355961 32.37867965644038 1
vertex 102.46671069905895 32.0055911630921 1
endloop
endfacet
facet normal 0 0 -1
outer loop
vertex 101.38527096604842 37.44235584120979 1
vertex 102.46671069905895 32.0055911630921 1
vertex 101.94805029709528 31.728361402466106 1
endloop
endfacet
facet normal 0 0 -1
outer loop
vertex 101.38527096604842 37.44235584120979 1
vertex 101.94805029709528 31.728361402466106 1
vertex 101.3852709660484 31.55764415879034 1.0000000000000004
endloop
endfacet
facet normal 0 0 -1
outer loop
vertex 101.38527096604842 37.44235584120979 1
vertex 101.3852709660484 31.55764415879034 1.0000000000000004
vertex 100.80000000000003 31.500000000000036 1.0000000000000004
endloop
endfacet
facet normal 0 0 -1
outer loop
vertex 101.38527096604842 37.44235584120979 1
vertex 100.80000000000003 31.500000000000036 1.0000000000000004
vertex 100.21472903395167 31.55764415879047 1.0000000000000004
endloop
endfacet
facet normal 0 0 -1
outer loop
vertex 101.38527096604842 37.44235584120979 1
vertex 100.21472903395167 31.55764415879047 1.0000000000000004
vertex 99.65194970290506 31.728361402466682 1.0000000000000004
endloop
endfacet
facet normal 0 0 -1
outer loop
vertex 101.38527096604842 37.44235584120979 1
vertex 99.65194970290506 31.728361402466682 1.0000000000000004
vertex 99.13328930094107 32.005591163092205 1.0000000000000004
endloop
endfacet
facet normal 0 0 -1
outer loop
vertex 101.38527096604842 37.44235584120979 1
vertex 99.13328930094107 32.005591163092205 1.0000000000000004
vertex 98.67867965644047 32.37867965644044 1
endloop
endfacet
facet normal 0 0 -1
outer loop
vertex 101.38527096604842 37.44235584120979 1
vertex 98.67867965644047 32.37867965644044 1
vertex 98.30559116309229 32.833289300941146 1.0000000000000004
endloop
endfacet
facet normal 0 0 -1
outer loop
vertex 101.38527096604842 37.44235584120979 1
vertex 98.30559116309229 32.833289300941146 1.0000000000000004
vertex 98.02836140246613 33.35194970290473 1
endloop
endfacet
facet normal 0 0 -1
outer loop
vertex 101.38527096604842 37.44235584120979 1
vertex 98.02836140246613 33.35194970290473 1
vertex 97.85764415879011 33.9147290339516 1
endloop
endfacet
facet normal 0 0 -1
outer loop
vertex 101.38527096604842 37.44235584120979 1
vertex 97.85764415879011 33.9147290339516 1
vertex 97.8000000000003 34.49999999999998 1
endloop
endfacet
facet normal 0 0 -1
outer loop
vertex 101.38527096604842 37.44235584120979 1
vertex 97.8000000000003 34.49999999999998 1
vertex 97.85764415879004 35.08527096604847 1
endloop
endfacet
facet normal 0 0 -1
outer loop
vertex 101.38527096604842 37.44235584120979 1
vertex 97.85764415879004 35.08527096604847 1
vertex 98.0283614024666 35.64805029709504 1.0000000000000004
endloop
endfacet
facet normal 0 0 -1
outer loop
vertex 101.38527096604842 37.44235584120979 1
vertex 98.0283614024666 35.64805029709504 1.0000000000000004
vertex 98.30559116309209 36.166710699059024 1
endloop
endfacet
facet normal 0 0 -1
outer loop
vertex 101.38527096604842 37.44235584120979 1
vertex 98.30559116309209 36.166710699059024 1
vertex 98.67867965644056 36.621320343559404 1
endloop
endfacet
facet normal 0 0 -1
outer loop
vertex 101.38527096604842 37.44235584120979 1
vertex 98.67867965644056 36.621320343559404 1
vertex 99.13328930094131 36.99440883690738 1
endloop
endfacet
facet normal 0 0 -1
outer loop
vertex 101.38527096604842 37.44235584120979 1
vertex 99.13328930094131 36.99440883690738 1
vertex 99.65194970290477 37.27163859753377 1
endloop
endfacet
facet normal 0 0 -1
outer loop
vertex 101.38527096604842 37.44235584120979 1
vertex 99.65194970290477 37.27163859753377 1
vertex 100.21472903395163 37.44235584120944 1
endloop
endfacet
facet normal 0 0 -1
outer loop
vertex 101.38527096604842 37.44235584120979 1
vertex 100.21472903395163 37.44235584120944 1
vertex 100.79999999999997 37.499999999999744 1
endloop
endfacet
facet normal 0 0 -1
outer loop
vertex -6.414729033951593 -3.5576441587902274 1.0000000000000004
vertex -5.851949702904766 -3.7283614024661995 1
vertex -5.333289300941239 -4.005591163092426 1
endloop
endfacet
facet normal 0 0 -1
outer loop
vertex -6.414729033951593 -3.5576441587902274 1.0000000000000004
vertex -5.333289300941239 -4.005591163092426 1
vertex -4.878679656440377 -4.378679656440376 1
endloop
endfacet
facet normal 0 0 -1
outer loop
vertex -6.414729033951593 -3.5576441587902274 1.0000000000000004
vertex -4.878679656440377 -4.378679656440376 1
vertex -4.505591163092369 -4.833289300941197 1
endloop
endfacet
facet normal 0 0 -1
outer loop
vertex -6.414729033951593 -3.5576441587902274 1.0000000000000004
vertex -4.505591163092369 -4.833289300941197 1
vertex -4.228361402466126 -5.351949702904727 1
endloop
endfacet
facet normal 0 0 -1
outer loop
vertex -6.414729033951593 -3.5576441587902274 1.0000000000000004
vertex -4.228361402466126 -5.351949702904727 1
vertex -4.057644158790322 -5.914729033951616 1
endloop
endfacet
facet normal 0 0 -1
outer loop
vertex -6.414729033951593 -3.5576441587902274 1.0000000000000004
vertex -4.057644158790322 -5.914729033951616 1
vertex -3.9999999999999853 -6.500000000000001 1
endloop
endfacet
facet normal 0 0 -1
outer loop
vertex -6.414729033951593 -3.5576441587902274 1.0000000000000004
vertex -3.9999999999999853 -6.500000000000001 1
vertex -4.057644158790294 -7.085270966048387 1
endloop
endfacet
facet normal 0 0 -1
outer loop
vertex -6.414729033951593 -3.5576441587902274 1.0000000000000004
vertex -4.057644158790294 -7.085270966048387 1
vertex -4.228361402466099 -7.648050297095294 1.0000000000000004
endloop
endfacet
facet normal 0 0 -1
outer loop
vertex -6.414729033951593 -3.5576441587902274 1.0000000000000004
vertex -4.228361402466099 -7.648050297095294 1.0000000000000004
vertex -4.505591163092436 -8.166710699058747 1
endloop
endfacet
facet normal 0 0 -1
outer loop
vertex -6.414729033951593 -3.5576441587902274 1.0000000000000004
vertex -4.505591163092436 -8.166710699058747 1
vertex -4.8786796564403545 -8.621320343559642 1
endloop
endfacet
facet normal 0 0 -1
outer loop
vertex -6.414729033951593 -3.5576441587902274 1.0000000000000004
vertex -4.8786796564403545 -8.621320343559642 1
vertex -5.333289300941164 -8.994408836907699 1
endloop
endfacet
facet normal 0 0 -1
outer loop
vertex -6.414729033951593 -3.5576441587902274 1.0000000000000004
vertex -5.333289300941164 -8.994408836907699 1
vertex -5.851949702904726 -9.271638597533883 1
endloop
endfacet
facet normal 0 0 -1
outer loop
vertex -6.414729033951593 -3.5576441587902274 1.0000000000000004
vertex -5.851949702904726 -9.271638597533883 1
vertex -6.414729033951616 -9.44235584120969 1
endloop
endfacet
facet normal 0 0 -1
outer loop
vertex -6.414729033951593 -3.5576441587902274 1.0000000000000004
vertex -6.414729033951616 -9.44235584120969 1
vertex -7.000000000000003 -9.500000000000032 1
endloop
endfacet
facet normal 0 0 -1
outer loop
vertex -6.414729033951593 -3.5576441587902274 1.0000000000000004
vertex -7.000000000000003 -9.500000000000032 1
vertex -7.585270966048391 -9.442355841209714 1
endloop
endfacet
facet normal 0 0 -1
outer loop
vertex -6.414729033951593 -3.5576441587902274 1.0000000000000004
vertex -7.585270966048391 -9.442355841209714 1
vertex -8.148050297095228 -9.271638597533785 1
endloop
endfacet
facet normal 0 0 -1
outer loop
vertex -6.414729033951593 -3.5576441587902274 1.0000000000000004
vertex -8.148050297095228 -9.271638597533785 1
vertex -8.666710699058864 -8.994408836907699 1
endloop
endfacet
facet normal 0 0 -1
outer loop
vertex -6.414729033951593 -3.5576441587902274 1.0000000000000004
vertex -8.666710699058864 -8.994408836907699 1
vertex -9.121320343559647 -8.621320343559644 1
endloop
endfacet
facet normal 0 0 -1
outer loop
vertex -6.414729033951593 -3.5576441587902274 1.0000000000000004
vertex -9.121320343559647 -8.621320343559644 1
vertex -9.494408836907624 -8.166710699058799 1.0000000000000004
endloop
endfacet
facet normal 0 0 -1
outer loop
vertex -6.414729033951593 -3.5576441587902274 1.0000000000000004
vertex -9.494408836907624 -8.166710699058799 1.0000000000000004
vertex -9.771638597533858 -7.648050297095269 1.0000000000000004
endloop
endfacet
facet normal 0 0 -1
outer loop
vertex -6.414729033951593 -3.5576441587902274 1.0000000000000004
vertex -9.771638597533858 -7.648050297095269 1.0000000000000004
vertex -9.942355841209686 -7.085270966048383 1
endloop
endfacet
facet normal 0 0 -1
outer loop
vertex -6.414729033951593 -3.5576441587902274 1.0000000000000004
vertex -9.942355841209686 -7.085270966048383 1
vertex -10.000000000000004 -6.499999999999999 1
endloop
endfacet
facet normal 0 0 -1
outer loop
vertex -6.414729033951593 -3.5576441587902274 1.0000000000000004
vertex -10.000000000000004 -6.499999999999999 1
vertex -9.942355841209682 -5.914729033951617 1.0000000000000004
endloop
endfacet
facet normal 0 0 -1
outer loop
vertex -6.414729033951593 -3.5576441587902274 1.0000000000000004
vertex -9.942355841209682 -5.914729033951617 1.0000000000000004
vertex -9.77163859753383 -5.351949702904746 1.0000000000000004
endloop
endfacet
facet normal 0 0 -1
outer loop
vertex -6.414729033951593 -3.5576441587902274 1.0000000000000004
vertex -9.77163859753383 -5.351949702904746 1.0000000000000004
vertex -9.49440883690761 -4.8332893009412174 1
endloop
endfacet
facet normal 0 0 -1
outer loop
vertex -6.414729033951593 -3.5576441587902274 1.0000000000000004
vertex -9.49440883690761 -4.8332893009412174 1
vertex -9.121320343559624 -4.3786796564403865 1.0000000000000004
endloop
endfacet
facet normal 0 0 -1
outer loop
vertex -6.414729033951593 -3.5576441587902274 1.0000000000000004
vertex -9.121320343559624 -4.3786796564403865 1.0000000000000004
vertex -8.666710699058788 -4.005591163092401 1.0000000000000004
endloop
endfacet
facet normal 0 0 -1
outer loop
vertex -6.414729033951593 -3.5576441587902274 1.0000000000000004
vertex -8.666710699058788 -4.005591163092401 1.0000000000000004
vertex -8.148050297095235 -3.728361402466245 1
endloop
endfacet
facet normal 0 0 -1
outer loop
vertex -6.414729033951593 -3.5576441587902274 1.0000000000000004
vertex -8.148050297095235 -3.728361402466245 1
vertex -7.585270966048385 -3.557644158790306 1
endloop
endfacet
facet normal 0 0 -1
outer loop
vertex -6.414729033951593 -3.5576441587902274 1.0000000000000004
vertex -7.585270966048385 -3.557644158790306 1
vertex -6.999999999999997 -3.4999999999999836 1
endloop
endfacet
facet normal 0 0 -1
outer loop
vertex 65.58527096604843 -18.55764415879018 1
vertex 66.14805029709532 -18.728361402466078 1.0000000000000004
vertex 66.66671069905871 -19.005591163092504 0.9999999999999998
endloop
endfacet
facet normal 0 0 -1
outer loop
vertex 65.58527096604843 -18.55764415879018 1
vertex 66.66671069905871 -19.005591163092504 0.9999999999999998
vertex 67.12132034355969 -19.378679656440323 1
endloop
endfacet
facet normal 0 0 -1
outer loop
vertex 65.58527096604843 -18.55764415879018 1
vertex 67.12132034355969 -19.378679656440323 1
vertex 67.49440883690764 -19.8332893009412 1
endloop
endfacet
facet normal 0 0 -1
outer loop
vertex 65.58527096604843 -18.55764415879018 1
vertex 67.49440883690764 -19.8332893009412 1
vertex 67.77163859753375 -20.35194970290476 1
endloop
endfacet
facet normal 0 0 -1
outer loop
vertex 65.58527096604843 -18.55764415879018 1
vertex 67.77163859753375 -20.35194970290476 1
vertex 67.94235584120956 -20.914729033951627 1
endloop
endfacet
facet normal 0 0 -1
outer loop
vertex 65.58527096604843 -18.55764415879018 1
vertex 67.94235584120956 -20.914729033951627 1
vertex 68.00000000000006 -21.500000000000007 1
endloop
endfacet
facet normal 0 0 -1
outer loop
vertex 65.58527096604843 -18.55764415879018 1
vertex 68.00000000000006 -21.500000000000007 1
vertex 67.94235584120975 -22.08527096604839 1
endloop
endfacet
facet normal 0 0 -1
outer loop
vertex 65.58527096604843 -18.55764415879018 1
vertex 67.94235584120975 -22.08527096604839 1
vertex 67.771638597534 -22.64805029709534 1.0000000000000004
endloop
endfacet
facet normal 0 0 -1
outer loop
vertex 65.58527096604843 -18.55764415879018 1
vertex 67.771638597534 -22.64805029709534 1.0000000000000004
vertex 67.49440883690757 -23.166710699058754 1
endloop
endfacet
facet normal 0 0 -1
outer loop
vertex 65.58527096604843 -18.55764415879018 1
vertex 67.49440883690757 -23.166710699058754 1
vertex 67.12132034355974 -23.62132034355977 1
endloop
endfacet
facet normal 0 0 -1
outer loop
vertex 65.58527096604843 -18.55764415879018 1
vertex 67.12132034355974 -23.62132034355977 1
vertex 66.6667106990588 -23.994408836907564 1.0000000000000004
endloop
endfacet
facet normal 0 0 -1
outer loop
vertex 65.58527096604843 -18.55764415879018 1
vertex 66.6667106990588 -23.994408836907564 1.0000000000000004
vertex 66.1480502970953 -24.271638597533954 1
endloop
endfacet
facet normal 0 0 -1
outer loop
vertex 65.58527096604843 -18.55764415879018 1
vertex 66.1480502970953 -24.271638597533954 1
vertex 65.58527096604837 -24.44235584120952 1
endloop
endfacet
facet normal 0 0 -1
outer loop
vertex 65.58527096604843 -18.55764415879018 1
vertex 65.58527096604837 -24.44235584120952 1
vertex 65.00000000000001 -24.49999999999995 1
endloop
endfacet
facet normal 0 0 -1
outer loop
vertex 65.58527096604843 -18.55764415879018 1
vertex 65.00000000000001 -24.49999999999995 1
vertex 64.41472903395157 -24.44235584120981 1
endloop
endfacet
facet normal 0 0 -1
outer loop
vertex 65.58527096604843 -18.55764415879018 1
vertex 64.41472903395157 -24.44235584120981 1
vertex 63.85194970290473 -24.271638597533837 1
endloop
endfacet
facet normal 0 0 -1
outer loop
vertex 65.58527096604843 -18.55764415879018 1
vertex 63.85194970290473 -24.271638597533837 1
vertex 63.33328930094128 -23.994408836907542 1
endloop
endfacet
facet normal 0 0 -1
outer loop
vertex 65.58527096604843 -18.55764415879018 1
vertex 63.33328930094128 -23.994408836907542 1
vertex 62.878679656440525 -23.621320343559525 1
endloop
endfacet
facet normal 0 0 -1
outer loop
vertex 65.58527096604843 -18.55764415879018 1
vertex 62.878679656440525 -23.621320343559525 1
vertex 62.505591163092504 -23.166710699058743 1.0000000000000004
endloop
endfacet
facet normal 0 0 -1
outer loop
vertex 65.58527096604843 -18.55764415879018 1
vertex 62.505591163092504 -23.166710699058743 1.0000000000000004
vertex 62.22836140246616 -22.64805029709527 1.0000000000000004
endloop
endfacet
facet normal 0 0 -1
outer loop
vertex 65.58527096604843 -18.55764415879018 1
vertex 62.22836140246616 -22.64805029709527 1.0000000000000004
vertex 62.057644158790396 -22.08527096604838 1
endloop
endfacet
facet normal 0 0 -1
outer loop
vertex 65.58527096604843 -18.55764415879018 1
vertex 62.057644158790396 -22.08527096604838 1
vertex 62.000000000000455 -21.500000000000043 1
endloop
endfacet
facet normal 0 0 -1
outer loop
vertex 65.58527096604843 -18.55764415879018 1
vertex 62.000000000000455 -21.500000000000043 1
vertex 62.05764415879031 -20.914729033951616 1.0000000000000004
endloop
endfacet
facet normal 0 0 -1
outer loop
vertex 65.58527096604843 -18.55764415879018 1
vertex 62.05764415879031 -20.914729033951616 1.0000000000000004
vertex 62.22836140246612 -20.351949702904715 1.0000000000000004
endloop
endfacet
facet normal 0 0 -1
outer loop
vertex 65.58527096604843 -18.55764415879018 1
vertex 62.22836140246612 -20.351949702904715 1.0000000000000004
vertex 62.50559116309241 -19.83328930094122 1.0000000000000004
endloop
endfacet
facet normal 0 0 -1
outer loop
vertex 65.58527096604843 -18.55764415879018 1
vertex 62.50559116309241 -19.83328930094122 1.0000000000000004
vertex 62.878679656440404 -19.37867965644041 1.0000000000000004
endloop
endfacet
facet normal 0 0 -1
outer loop
vertex 65.58527096604843 -18.55764415879018 1
vertex 62.878679656440404 -19.37867965644041 1.0000000000000004
vertex 63.33328930094127 -19.00559116309248 1
endloop
endfacet
facet normal 0 0 -1
outer loop
vertex 65.58527096604843 -18.55764415879018 1
vertex 63.33328930094127 -19.00559116309248 1
vertex 63.85194970290474 -18.728361402466124 1.0000000000000004
endloop
endfacet
facet normal 0 0 -1
outer loop
vertex 65.58527096604843 -18.55764415879018 1
vertex 63.85194970290474 -18.728361402466124 1.0000000000000004
vertex 64.41472903395163 -18.55764415879032 1.0000000000000004
endloop
endfacet
facet normal 0 0 -1
outer loop
vertex 65.58527096604843 -18.55764415879018 1
vertex 64.41472903395163 -18.55764415879032 1.0000000000000004
vertex 65 -18.499999999999737 1
endloop
endfacet
facet normal 0 0 -1
outer loop
vertex 95.8388565660484 -28.096563058790203 1
vertex 96.40163589709533 -28.267280302466048 1.0000000000000004
vertex 96.92029629905883 -28.54451006309235 1
endloop
endfacet
facet normal 0 0 -1
outer loop
vertex 95.8388565660484 -28.096563058790203 1
vertex 96.92029629905883 -28.54451006309235 1
vertex 97.37490594355947 -28.91759855644051 1
endloop
endfacet
facet normal 0 0 -1
outer loop
vertex 95.8388565660484 -28.096563058790203 1
vertex 97.37490594355947 -28.91759855644051 1
vertex 97.74799443690729 -29.372208200941387 1
endloop
endfacet
facet normal 0 0 -1
outer loop
vertex 95.8388565660484 -28.096563058790203 1
vertex 97.74799443690729 -29.372208200941387 1
vertex 98.0252241975337 -29.89086860290477 1
endloop
endfacet
facet normal 0 0 -1
outer loop
vertex 95.8388565660484 -28.096563058790203 1
vertex 98.0252241975337 -29.89086860290477 1
vertex 98.19594144120892 -30.453647933951697 1
endloop
endfacet
facet normal 0 0 -1
outer loop
vertex 95.8388565660484 -28.096563058790203 1
vertex 98.19594144120892 -30.453647933951697 1
vertex 98.25358560000005 -31.038918900000002 1
endloop
endfacet
facet normal 0 0 -1
outer loop
vertex 95.8388565660484 -28.096563058790203 1
vertex 98.25358560000005 -31.038918900000002 1
vertex 98.19594144120974 -31.62418986604839 1
endloop
endfacet
facet normal 0 0 -1
outer loop
vertex 95.8388565660484 -28.096563058790203 1
vertex 98.19594144120974 -31.62418986604839 1
vertex 98.02522419753394 -32.18696919709531 1.0000000000000004
endloop
endfacet
facet normal 0 0 -1
outer loop
vertex 95.8388565660484 -28.096563058790203 1
vertex 98.02522419753394 -32.18696919709531 1.0000000000000004
vertex 97.74799443690752 -32.705629599058696 1.0000000000000004
endloop
endfacet
facet normal 0 0 -1
outer loop
vertex 95.8388565660484 -28.096563058790203 1
vertex 97.74799443690752 -32.705629599058696 1.0000000000000004
vertex 97.37490594355953 -33.16023924355948 1.0000000000000004
endloop
endfacet
facet normal 0 0 -1
outer loop
vertex 95.8388565660484 -28.096563058790203 1
vertex 97.37490594355953 -33.16023924355948 1.0000000000000004
vertex 96.92029629905943 -33.5333277369088 1
endloop
endfacet
facet normal 0 0 -1
outer loop
vertex 95.8388565660484 -28.096563058790203 1
vertex 96.92029629905943 -33.5333277369088 1
vertex 96.40163589709536 -33.81055749753414 1.0000000000000004
endloop
endfacet
facet normal 0 0 -1
outer loop
vertex 95.8388565660484 -28.096563058790203 1
vertex 96.40163589709536 -33.81055749753414 1.0000000000000004
vertex 95.83885656604836 -33.981274741209425 1
endloop
endfacet
facet normal 0 0 -1
outer loop
vertex 95.8388565660484 -28.096563058790203 1
vertex 95.83885656604836 -33.981274741209425 1
vertex 95.25358560000001 -34.03891889999977 1
endloop
endfacet
facet normal 0 0 -1
outer loop
vertex 95.8388565660484 -28.096563058790203 1
vertex 95.25358560000001 -34.03891889999977 1
vertex 94.66831463395162 -33.98127474120965 1
endloop
endfacet
facet normal 0 0 -1
outer loop
vertex 95.8388565660484 -28.096563058790203 1
vertex 94.66831463395162 -33.98127474120965 1
vertex 94.10553530290487 -33.81055749753361 1
endloop
endfacet
facet normal 0 0 -1
outer loop
vertex 95.8388565660484 -28.096563058790203 1
vertex 94.10553530290487 -33.81055749753361 1
vertex 93.58687490094118 -33.533327736907665 1
endloop
endfacet
facet normal 0 0 -1
outer loop
vertex 95.8388565660484 -28.096563058790203 1
vertex 93.58687490094118 -33.533327736907665 1
vertex 93.13226525644052 -33.16023924355951 1
endloop
endfacet
facet normal 0 0 -1
outer loop
vertex 95.8388565660484 -28.096563058790203 1
vertex 93.13226525644052 -33.16023924355951 1
vertex 92.75917676309194 -32.70562959905904 1.0000000000000004
endloop
endfacet
facet normal 0 0 -1
outer loop
vertex 95.8388565660484 -28.096563058790203 1
vertex 92.75917676309194 -32.70562959905904 1.0000000000000004
vertex 92.48194700246592 -32.18696919709533 1
endloop
endfacet
facet normal 0 0 -1
outer loop
vertex 95.8388565660484 -28.096563058790203 1
vertex 92.48194700246592 -32.18696919709533 1
vertex 92.31122975879077 -31.62418986604834 1
endloop
endfacet
facet normal 0 0 -1
outer loop
vertex 95.8388565660484 -28.096563058790203 1
vertex 92.31122975879077 -31.62418986604834 1
vertex 92.25358560000058 -31.038918900000056 1
endloop
endfacet
facet normal 0 0 -1
outer loop
vertex 95.8388565660484 -28.096563058790203 1
vertex 92.25358560000058 -31.038918900000056 1
vertex 92.31122975879036 -30.453647933951626 1
endloop
endfacet
facet normal 0 0 -1
outer loop
vertex 95.8388565660484 -28.096563058790203 1
vertex 92.31122975879036 -30.453647933951626 1
vertex 92.48194700246611 -29.890868602904717 1.0000000000000004
endloop
endfacet
facet normal 0 0 -1
outer loop
vertex 95.8388565660484 -28.096563058790203 1
vertex 92.48194700246611 -29.890868602904717 1.0000000000000004
vertex 92.75917676309261 -29.372208200941397 1.0000000000000004
endloop
endfacet
facet normal 0 0 -1
outer loop
vertex 95.8388565660484 -28.096563058790203 1
vertex 92.75917676309261 -29.372208200941397 1.0000000000000004
vertex 93.13226525644025 -28.917598556440225 1.0000000000000004
endloop
endfacet
facet normal 0 0 -1
outer loop
vertex 95.8388565660484 -28.096563058790203 1
vertex 93.13226525644025 -28.917598556440225 1.0000000000000004
vertex 93.58687490094115 -28.544510063092297 1.0000000000000004
endloop
endfacet
facet normal 0 0 -1
outer loop
vertex 95.8388565660484 -28.096563058790203 1
vertex 93.58687490094115 -28.544510063092297 1.0000000000000004
vertex 94.1055353029048 -28.267280302466386 1.0000000000000004
endloop
endfacet
facet normal 0 0 -1
outer loop
vertex 95.8388565660484 -28.096563058790203 1
vertex 94.1055353029048 -28.267280302466386 1.0000000000000004
vertex 94.66831463395158 -28.096563058790053 1
endloop
endfacet
facet normal 0 0 -1
outer loop
vertex 95.8388565660484 -28.096563058790203 1
vertex 94.66831463395158 -28.096563058790053 1
vertex 95.25358560000001 -28.038918900000027 1.0000000000000004
endloop
endfacet
facet normal 0 0 1
outer loop
vertex 85.79263548302421 -10.471177920604845 3.45
vertex 86.07402514854763 -10.385819298766933 3.45
vertex 86.33335534952937 -10.24720441845384 3.45
endloop
endfacet
facet normal 0 0 1
outer loop
vertex 85.79263548302421 -10.471177920604845 3.45
vertex 86.33335534952937 -10.24720441845384 3.45
vertex 86.56066017177983 -10.060660171779809 3.45
endloop
endfacet
facet normal 0 0 1
outer loop
vertex 85.79263548302421 -10.471177920604845 3.45
vertex 86.56066017177983 -10.060660171779809 3.45
vertex 86.74720441845385 -9.833355349529377 3.45
endloop
endfacet
facet normal 0 0 1
outer loop
vertex 85.79263548302421 -10.471177920604845 3.45
vertex 86.74720441845385 -9.833355349529377 3.45
vertex 86.76503322422083 -9.8 3.45
endloop
endfacet
facet normal 0 0 1
outer loop
vertex 85.79263548302421 -10.471177920604845 3.45
vertex 86.76503322422083 -9.8 3.45
vertex 85.49999999999999 -9.800000000000091 3.450000000000002
endloop
endfacet
facet normal 0 0 1
outer loop
vertex 85.79263548302421 -10.471177920604845 3.45
vertex 85.49999999999999 -9.800000000000091 3.450000000000002
vertex 84.23496677577921 -9.8 3.45
endloop
endfacet
facet normal 0 0 1
outer loop
vertex 85.79263548302421 -10.471177920604845 3.45
vertex 84.23496677577921 -9.8 3.45
vertex 84.25279558154621 -9.833355349529377 3.45
endloop
endfacet
facet normal 0 0 1
outer loop
vertex 85.79263548302421 -10.471177920604845 3.45
vertex 84.25279558154621 -9.833355349529377 3.45
vertex 84.43933982822014 -10.060660171779809 3.45
endloop
endfacet
facet normal 0 0 1
outer loop
vertex 85.79263548302421 -10.471177920604845 3.45
vertex 84.43933982822014 -10.060660171779809 3.45
vertex 84.66664465047062 -10.24720441845384 3.45
endloop
endfacet
facet normal 0 0 1
outer loop
vertex 85.79263548302421 -10.471177920604845 3.45
vertex 84.66664465047062 -10.24720441845384 3.45
vertex 84.92597485145237 -10.385819298766933 3.45
endloop
endfacet
facet normal 0 0 1
outer loop
vertex 85.79263548302421 -10.471177920604845 3.45
vertex 84.92597485145237 -10.385819298766933 3.45
vertex 85.20736451697579 -10.471177920604845 3.45
endloop
endfacet
facet normal 0 0 1
outer loop
vertex 85.79263548302421 -10.471177920604845 3.45
vertex 85.20736451697579 -10.471177920604845 3.45
vertex 85.5 -10.5 3.45
endloop
endfacet
facet normal 0 0 1
outer loop
vertex 85.49999999999999 -9.800000000000091 3.450000000000002
vertex 85.34392774238702 -9.784628224322761 3.45
vertex 84.22675039050029 -9.784628224322761 3.45
endloop
endfacet
facet normal 0 0 1
outer loop
vertex 85.49999999999999 -9.800000000000091 3.450000000000002
vertex 84.22675039050029 -9.784628224322761 3.45
vertex 84.23496677577921 -9.8 3.45
endloop
endfacet
facet normal 0 0 1
outer loop
vertex 86.76503322422083 -9.8 3.45
vertex 86.77324960949974 -9.784628224322761 3.45
vertex 85.65607225761289 -9.784628224322471 3.45
endloop
endfacet
facet normal 0 0 1
outer loop
vertex 86.76503322422083 -9.8 3.45
vertex 85.65607225761289 -9.784628224322471 3.45
vertex 85.49999999999999 -9.800000000000091 3.450000000000002
endloop
endfacet
facet normal 0 0 1
outer loop
vertex 85.34392774238702 -9.784628224322761 3.45
vertex 85.19385325410786 -9.739103626009069 3.45
vertex 84.20241698574199 -9.739103626009069 3.45
endloop
endfacet
facet normal 0 0 1
outer loop
vertex 85.34392774238702 -9.784628224322761 3.45
vertex 84.20241698574199 -9.739103626009069 3.45
vertex 84.22675039050029 -9.784628224322761 3.45
endloop
endfacet
facet normal 0 0 1
outer loop
vertex 86.77324960949974 -9.784628224322761 3.45
vertex 86.79758301425804 -9.739103626009069 3.45
vertex 85.8061467458922 -9.739103626009353 3.450000000000002
endloop
endfacet
facet normal 0 0 1
outer loop
vertex 86.77324960949974 -9.784628224322761 3.45
vertex 85.8061467458922 -9.739103626009353 3.450000000000002
vertex 85.65607225761289 -9.784628224322471 3.45
endloop
endfacet
facet normal 0 0 1
outer loop
vertex 85.19385325410786 -9.739103626009069 3.45
vertex 85.0555438135842 -9.66517568984223 3.450000000000002
vertex 84.16290168060283 -9.66517568984223 3.45
endloop
endfacet
facet normal 0 0 1
outer loop
vertex 85.19385325410786 -9.739103626009069 3.45
vertex 84.16290168060283 -9.66517568984223 3.45
vertex 84.20241698574199 -9.739103626009069 3.45
endloop
endfacet
facet normal 0 0 1
outer loop
vertex 86.79758301425804 -9.739103626009069 3.45
vertex 86.83709831939716 -9.66517568984223 3.45
vertex 85.94445618641561 -9.665175689841924 3.45
endloop
endfacet
facet normal 0 0 1
outer loop
vertex 86.79758301425804 -9.739103626009069 3.45
vertex 85.94445618641561 -9.665175689841924 3.45
vertex 85.8061467458922 -9.739103626009353 3.450000000000002
endloop
endfacet
facet normal 0 0 1
outer loop
vertex 85.0555438135842 -9.66517568984223 3.450000000000002
vertex 84.93431457505059 -9.565685424949457 3.45
vertex 84.11165087373723 -9.565685424949457 3.45
endloop
endfacet
facet normal 0 0 1
outer loop
vertex 85.0555438135842 -9.66517568984223 3.450000000000002
vertex 84.11165087373723 -9.565685424949457 3.45
vertex 84.11418070123302 -9.574025148547747 3.45
endloop
endfacet
facet normal 0 0 1
outer loop
vertex 85.0555438135842 -9.66517568984223 3.450000000000002
vertex 84.11418070123302 -9.574025148547747 3.45
vertex 84.16290168060283 -9.66517568984223 3.45
endloop
endfacet
facet normal 0 0 1
outer loop
vertex 86.83709831939716 -9.66517568984223 3.45
vertex 86.88581929876689 -9.574025148547747 3.45
vertex 86.8883491262627 -9.565685424949457 3.45
endloop
endfacet
facet normal 0 0 1
outer loop
vertex 86.83709831939716 -9.66517568984223 3.45
vertex 86.8883491262627 -9.565685424949457 3.45
vertex 86.0656854249493 -9.565685424949393 3.450000000000002
endloop
endfacet
facet normal 0 0 1
outer loop
vertex 86.83709831939716 -9.66517568984223 3.45
vertex 86.0656854249493 -9.565685424949393 3.450000000000002
vertex 85.94445618641561 -9.665175689841924 3.45
endloop
endfacet
facet normal 0 0 1
outer loop
vertex 84.93431457505059 -9.565685424949457 3.45
vertex 84.83482431015841 -9.444456186415515 3.450000000000002
vertex 84.0748763862719 -9.444456186415515 3.45
endloop
endfacet
facet normal 0 0 1
outer loop
vertex 84.93431457505059 -9.565685424949457 3.45
vertex 84.0748763862719 -9.444456186415515 3.45
vertex 84.11165087373723 -9.565685424949457 3.45
endloop
endfacet
facet normal 0 0 1
outer loop
vertex 86.8883491262627 -9.565685424949457 3.45
vertex 86.92512361372809 -9.444456186415515 3.45
vertex 86.16517568984185 -9.444456186415593 3.45
endloop
endfacet
facet normal 0 0 1
outer loop
vertex 86.8883491262627 -9.565685424949457 3.45
vertex 86.16517568984185 -9.444456186415593 3.45
vertex 86.0656854249493 -9.565685424949393 3.450000000000002
endloop
endfacet
facet normal 0 0 1
outer loop
vertex 84.83482431015841 -9.444456186415515 3.450000000000002
vertex 84.76089637399087 -9.306146745892082 3.450000000000002
vertex 84.03292067617745 -9.306146745892082 3.45
endloop
endfacet
facet normal 0 0 1
outer loop
vertex 84.83482431015841 -9.444456186415515 3.450000000000002
vertex 84.03292067617745 -9.306146745892082 3.45
vertex 84.0748763862719 -9.444456186415515 3.45
endloop
endfacet
facet normal 0 0 1
outer loop
vertex 86.92512361372809 -9.444456186415515 3.45
vertex 86.96707932382255 -9.306146745892082 3.45
vertex 86.23910362600915 -9.306146745892068 3.450000000000002
endloop
endfacet
facet normal 0 0 1
outer loop
vertex 86.92512361372809 -9.444456186415515 3.45
vertex 86.23910362600915 -9.306146745892068 3.450000000000002
vertex 86.16517568984185 -9.444456186415593 3.45
endloop
endfacet
facet normal 0 0 1
outer loop
vertex 84.76089637399087 -9.306146745892082 3.450000000000002
vertex 84.71537177567748 -9.156072257612927 3.450000000000002
vertex 84.01537177567744 -9.156072257612927 3.45
endloop
endfacet
facet normal 0 0 1
outer loop
vertex 84.76089637399087 -9.306146745892082 3.450000000000002
vertex 84.01537177567744 -9.156072257612927 3.45
vertex 84.02882207939518 -9.292635483024267 3.45
endloop
endfacet
facet normal 0 0 1
outer loop
vertex 84.76089637399087 -9.306146745892082 3.450000000000002
vertex 84.02882207939518 -9.292635483024267 3.45
vertex 84.03292067617745 -9.306146745892082 3.45
endloop
endfacet
facet normal 0 0 1
outer loop
vertex 86.96707932382255 -9.306146745892082 3.45
vertex 86.97117792060482 -9.292635483024267 3.45
vertex 86.98462822432256 -9.156072257612927 3.45
endloop
endfacet
facet normal 0 0 1
outer loop
vertex 86.96707932382255 -9.306146745892082 3.45
vertex 86.98462822432256 -9.156072257612927 3.45
vertex 86.28462822432259 -9.156072257612927 3.45
endloop
endfacet
facet normal 0 0 1
outer loop
vertex 86.96707932382255 -9.306146745892082 3.45
vertex 86.28462822432259 -9.156072257612927 3.45
vertex 86.23910362600915 -9.306146745892068 3.450000000000002
endloop
endfacet
facet normal 0 0 1
outer loop
vertex 84.71537177567748 -9.156072257612927 3.450000000000002
vertex 84.70000000000002 -9.000000000000085 3.45
vertex 84.00000000000001 -9.000000000000085 3.45
endloop
endfacet
facet normal 0 0 1
outer loop
vertex 84.71537177567748 -9.156072257612927 3.450000000000002
vertex 84.00000000000001 -9.000000000000085 3.45
vertex 84.01537177567744 -9.156072257612927 3.45
endloop
endfacet
facet normal 0 0 1
outer loop
vertex 86.98462822432256 -9.156072257612927 3.45
vertex 87 -9.000000000000085 3.45
vertex 86.3 -9.000000000000085 3.45
endloop
endfacet
facet normal 0 0 1
outer loop
vertex 86.98462822432256 -9.156072257612927 3.45
vertex 86.3 -9.000000000000085 3.45
vertex 86.28462822432259 -9.156072257612927 3.45
endloop
endfacet
facet normal 0 0 1
outer loop
vertex 84.70000000000002 -9.000000000000085 3.45
vertex 84.7153717756774 -8.843927742387052 3.450000000000002
vertex 84.01537177567745 -8.843927742387052 3.45
endloop
endfacet
facet normal 0 0 1
outer loop
vertex 84.70000000000002 -9.000000000000085 3.45
vertex 84.01537177567745 -8.843927742387052 3.45
vertex 84.00000000000001 -9.000000000000085 3.45
endloop
endfacet
facet normal 0 0 1
outer loop
vertex 87 -9.000000000000085 3.45
vertex 86.98462822432259 -8.843927742387052 3.45
vertex 86.28462822432267 -8.843927742387054 3.450000000000002
endloop
endfacet
facet normal 0 0 1
outer loop
vertex 87 -9.000000000000085 3.45
vertex 86.28462822432267 -8.843927742387054 3.450000000000002
vertex 86.3 -9.000000000000085 3.45
endloop
endfacet
facet normal 0 0 1
outer loop
vertex 84.7153717756774 -8.843927742387052 3.450000000000002
vertex 84.76089637399095 -8.693853254107946 3.450000000000002
vertex 84.03292067617747 -8.693853254107946 3.45
endloop
endfacet
facet normal 0 0 1
outer loop
vertex 84.7153717756774 -8.843927742387052 3.450000000000002
vertex 84.03292067617747 -8.693853254107946 3.45
vertex 84.02882207939518 -8.707364516975815 3.45
endloop
endfacet
facet normal 0 0 1
outer loop
vertex 84.7153717756774 -8.843927742387052 3.450000000000002
vertex 84.02882207939518 -8.707364516975815 3.45
vertex 84.01537177567745 -8.843927742387052 3.45
endloop
endfacet
facet normal 0 0 1
outer loop
vertex 86.98462822432259 -8.843927742387052 3.45
vertex 86.97117792060486 -8.707364516975815 3.45
vertex 86.96707932382257 -8.693853254107946 3.45
endloop
endfacet
facet normal 0 0 1
outer loop
vertex 86.98462822432259 -8.843927742387052 3.45
vertex 86.96707932382257 -8.693853254107946 3.45
vertex 86.23910362600894 -8.693853254108014 3.450000000000002
endloop
endfacet
facet normal 0 0 1
outer loop
vertex 86.98462822432259 -8.843927742387052 3.45
vertex 86.23910362600894 -8.693853254108014 3.450000000000002
vertex 86.28462822432267 -8.843927742387054 3.450000000000002
endloop
endfacet
facet normal 0 0 1
outer loop
vertex 84.76089637399095 -8.693853254107946 3.450000000000002
vertex 84.83482431015781 -8.555543813584201 3.45
vertex 84.07487638627187 -8.555543813584201 3.45
endloop
endfacet
facet normal 0 0 1
outer loop
vertex 84.76089637399095 -8.693853254107946 3.450000000000002
vertex 84.07487638627187 -8.555543813584201 3.45
vertex 84.03292067617747 -8.693853254107946 3.45
endloop
endfacet
facet normal 0 0 1
outer loop
vertex 86.96707932382257 -8.693853254107946 3.45
vertex 86.92512361372812 -8.555543813584201 3.45
vertex 86.16517568984196 -8.555543813584386 3.450000000000002
endloop
endfacet
facet normal 0 0 1
outer loop
vertex 86.96707932382257 -8.693853254107946 3.45
vertex 86.16517568984196 -8.555543813584386 3.450000000000002
vertex 86.23910362600894 -8.693853254108014 3.450000000000002
endloop
endfacet
facet normal 0 0 1
outer loop
vertex 84.83482431015781 -8.555543813584201 3.45
vertex 84.93431457505079 -8.434314575050742 3.450000000000002
vertex 84.11165087373726 -8.434314575050742 3.45
endloop
endfacet
facet normal 0 0 1
outer loop
vertex 84.83482431015781 -8.555543813584201 3.45
vertex 84.11165087373726 -8.434314575050742 3.45
vertex 84.07487638627187 -8.555543813584201 3.45
endloop
endfacet
facet normal 0 0 1
outer loop
vertex 86.92512361372812 -8.555543813584201 3.45
vertex 86.88834912626271 -8.434314575050742 3.45
vertex 86.06568542494898 -8.434314575050898 3.45
endloop
endfacet
facet normal 0 0 1
outer loop
vertex 86.92512361372812 -8.555543813584201 3.45
vertex 86.06568542494898 -8.434314575050898 3.45
vertex 86.16517568984196 -8.555543813584386 3.450000000000002
endloop
endfacet
facet normal 0 0 1
outer loop
vertex 84.93431457505079 -8.434314575050742 3.450000000000002
vertex 85.05554381358432 -8.334824310157941 3.450000000000002
vertex 84.16290168060286 -8.334824310157941 3.45
endloop
endfacet
facet normal 0 0 1
outer loop
vertex 84.93431457505079 -8.434314575050742 3.450000000000002
vertex 84.16290168060286 -8.334824310157941 3.45
vertex 84.11418070123304 -8.425974851452324 3.45
endloop
endfacet
facet normal 0 0 1
outer loop
vertex 84.93431457505079 -8.434314575050742 3.450000000000002
vertex 84.11418070123304 -8.425974851452324 3.45
vertex 84.11165087373726 -8.434314575050742 3.45
endloop
endfacet
facet normal 0 0 1
outer loop
vertex 86.88834912626271 -8.434314575050742 3.45
vertex 86.88581929876693 -8.425974851452324 3.45
vertex 86.83709831939716 -8.334824310157941 3.45
endloop
endfacet
facet normal 0 0 1
outer loop
vertex 86.88834912626271 -8.434314575050742 3.45
vertex 86.83709831939716 -8.334824310157941 3.45
vertex 85.94445618641552 -8.33482431015814 3.450000000000002
endloop
endfacet
facet normal 0 0 1
outer loop
vertex 86.88834912626271 -8.434314575050742 3.45
vertex 85.94445618641552 -8.33482431015814 3.450000000000002
vertex 86.06568542494898 -8.434314575050898 3.45
endloop
endfacet
facet normal 0 0 1
outer loop
vertex 85.05554381358432 -8.334824310157941 3.450000000000002
vertex 85.19385325410784 -8.260896373990658 3.450000000000002
vertex 84.20241698574198 -8.260896373990658 3.45
endloop
endfacet
facet normal 0 0 1
outer loop
vertex 85.05554381358432 -8.334824310157941 3.450000000000002
vertex 84.20241698574198 -8.260896373990658 3.45
vertex 84.16290168060286 -8.334824310157941 3.45
endloop
endfacet
facet normal 0 0 1
outer loop
vertex 86.83709831939716 -8.334824310157941 3.45
vertex 86.79758301425804 -8.260896373990658 3.45
vertex 85.80614674589216 -8.26089637399091 3.450000000000002
endloop
endfacet
facet normal 0 0 1
outer loop
vertex 86.83709831939716 -8.334824310157941 3.45
vertex 85.80614674589216 -8.26089637399091 3.450000000000002
vertex 85.94445618641552 -8.33482431015814 3.450000000000002
endloop
endfacet
facet normal 0 0 1
outer loop
vertex 85.19385325410784 -8.260896373990658 3.450000000000002
vertex 85.34392774238708 -8.215371775677301 3.45
vertex 84.22675039050026 -8.215371775677301 3.45
endloop
endfacet
facet normal 0 0 1
outer loop
vertex 85.19385325410784 -8.260896373990658 3.450000000000002
vertex 84.22675039050026 -8.215371775677301 3.45
vertex 84.20241698574198 -8.260896373990658 3.45
endloop
endfacet
facet normal 0 0 1
outer loop
vertex 86.79758301425804 -8.260896373990658 3.45
vertex 86.77324960949976 -8.215371775677301 3.45
vertex 85.65607225761278 -8.215371775677713 3.450000000000002
endloop
endfacet
facet normal 0 0 1
outer loop
vertex 86.79758301425804 -8.260896373990658 3.45
vertex 85.65607225761278 -8.215371775677713 3.450000000000002
vertex 85.80614674589216 -8.26089637399091 3.450000000000002
endloop
endfacet
facet normal 0 0 1
outer loop
vertex 85.34392774238708 -8.215371775677301 3.45
vertex 85.5 -8.200000000000047 3.450000000000002
vertex 84.23496677577917 -8.200000000000047 3.45
endloop
endfacet
facet normal 0 0 1
outer loop
vertex 85.34392774238708 -8.215371775677301 3.45
vertex 84.23496677577917 -8.200000000000047 3.45
vertex 84.22675039050026 -8.215371775677301 3.45
endloop
endfacet
facet normal 0 0 1
outer loop
vertex 86.77324960949976 -8.215371775677301 3.45
vertex 86.76503322422083 -8.200000000000047 3.45
vertex 85.5 -8.200000000000047 3.450000000000002
endloop
endfacet
facet normal 0 0 1
outer loop
vertex 86.77324960949976 -8.215371775677301 3.45
vertex 85.5 -8.200000000000047 3.450000000000002
vertex 85.65607225761278 -8.215371775677713 3.450000000000002
endloop
endfacet
facet normal 1.4041977755124656e-15 7.505593480873883e-16 1
outer loop
vertex 85.5 -8.200000000000047 3.450000000000002
vertex 86.76503322422083 -8.200000000000047 3.45
vertex 86.74720441845388 -8.166644650470666 3.45
endloop
endfacet
facet normal 1.4041977755124656e-15 7.505593480873883e-16 1
outer loop
vertex 85.5 -8.200000000000047 3.450000000000002
vertex 86.74720441845388 -8.166644650470666 3.45
vertex 86.5606601717798 -7.939339828220149 3.45
endloop
endfacet
facet normal 1.4041977755124656e-15 7.505593480873883e-16 1
outer loop
vertex 85.5 -8.200000000000047 3.450000000000002
vertex 86.5606601717798 -7.939339828220149 3.45
vertex 86.33335534952946 -7.752795581546209 3.45
endloop
endfacet
facet normal 1.4041977755124656e-15 7.505593480873883e-16 1
outer loop
vertex 85.5 -8.200000000000047 3.450000000000002
vertex 86.33335534952946 -7.752795581546209 3.45
vertex 86.07402514854766 -7.6141807012330815 3.45
endloop
endfacet
facet normal 1.4041977755124656e-15 7.505593480873883e-16 1
outer loop
vertex 85.5 -8.200000000000047 3.450000000000002
vertex 86.07402514854766 -7.6141807012330815 3.45
vertex 85.79263548302418 -7.528822079395152 3.45
endloop
endfacet
facet normal 1.4041977755124656e-15 7.505593480873883e-16 1
outer loop
vertex 85.5 -8.200000000000047 3.450000000000002
vertex 85.79263548302418 -7.528822079395152 3.45
vertex 85.50000000000001 -7.5 3.45
endloop
endfacet
facet normal 1.4041977755124656e-15 7.505593480873883e-16 1
outer loop
vertex 85.5 -8.200000000000047 3.450000000000002
vertex 85.50000000000001 -7.5 3.45
vertex 85.20736451697582 -7.528822079395152 3.45
endloop
endfacet
facet normal 1.4041977755124656e-15 7.505593480873883e-16 1
outer loop
vertex 85.5 -8.200000000000047 3.450000000000002
vertex 85.20736451697582 -7.528822079395152 3.45
vertex 84.92597485145237 -7.6141807012330815 3.45
endloop
endfacet
facet normal 1.4041977755124656e-15 7.505593480873883e-16 1
outer loop
vertex 85.5 -8.200000000000047 3.450000000000002
vertex 84.92597485145237 -7.6141807012330815 3.45
vertex 84.66664465047059 -7.752795581546209 3.45
endloop
endfacet
facet normal 1.4041977755124656e-15 7.505593480873883e-16 1
outer loop
vertex 85.5 -8.200000000000047 3.450000000000002
vertex 84.66664465047059 -7.752795581546209 3.45
vertex 84.4393398282202 -7.939339828220149 3.45
endloop
endfacet
facet normal 1.4041977755124656e-15 7.505593480873883e-16 1
outer loop
vertex 85.5 -8.200000000000047 3.450000000000002
vertex 84.4393398282202 -7.939339828220149 3.45
vertex 84.25279558154614 -8.166644650470666 3.45
endloop
endfacet
facet normal 1.4041977755124656e-15 7.505593480873883e-16 1
outer loop
vertex 85.5 -8.200000000000047 3.450000000000002
vertex 84.25279558154614 -8.166644650470666 3.45
vertex 84.23496677577917 -8.200000000000047 3.45
endloop
endfacet
facet normal 0 0 1
outer loop
vertex 13.292635483024192 -6.971177920604845 3.45
vertex 13.574025148547634 -6.885819298766933 3.45
vertex 13.833355349529409 -6.747204418453812 3.45
endloop
endfacet
facet normal 0 0 1
outer loop
vertex 13.292635483024192 -6.971177920604845 3.45
vertex 13.833355349529409 -6.747204418453812 3.45
vertex 14.06066017177982 -6.560660171779823 3.45
endloop
endfacet
facet normal 0 0 1
outer loop
vertex 13.292635483024192 -6.971177920604845 3.45
vertex 14.06066017177982 -6.560660171779823 3.45
vertex 14.24720441845382 -6.333355349529402 3.45
endloop
endfacet
facet normal 0 0 1
outer loop
vertex 13.292635483024192 -6.971177920604845 3.45
vertex 14.24720441845382 -6.333355349529402 3.45
vertex 14.265033224220815 -6.300000000000001 3.45
endloop
endfacet
facet normal 0 0 1
outer loop
vertex 13.292635483024192 -6.971177920604845 3.45
vertex 14.265033224220815 -6.300000000000001 3.45
vertex 12.999999999999996 -6.300000000000028 3.45
endloop
endfacet
facet normal 0 0 1
outer loop
vertex 13.292635483024192 -6.971177920604845 3.45
vertex 12.999999999999996 -6.300000000000028 3.45
vertex 11.734966775779183 -6.300000000000001 3.45
endloop
endfacet
facet normal 0 0 1
outer loop
vertex 13.292635483024192 -6.971177920604845 3.45
vertex 11.734966775779183 -6.300000000000001 3.45
vertex 11.75279558154618 -6.333355349529402 3.45
endloop
endfacet
facet normal 0 0 1
outer loop
vertex 13.292635483024192 -6.971177920604845 3.45
vertex 11.75279558154618 -6.333355349529402 3.45
vertex 11.939339828220177 -6.560660171779823 3.45
endloop
endfacet
facet normal 0 0 1
outer loop
vertex 13.292635483024192 -6.971177920604845 3.45
vertex 11.939339828220177 -6.560660171779823 3.45
vertex 12.166644650470587 -6.747204418453812 3.45
endloop
endfacet
facet normal 0 0 1
outer loop
vertex 13.292635483024192 -6.971177920604845 3.45
vertex 12.166644650470587 -6.747204418453812 3.45
vertex 12.425974851452366 -6.885819298766933 3.45
endloop
endfacet
facet normal 0 0 1
outer loop
vertex 13.292635483024192 -6.971177920604845 3.45
vertex 12.425974851452366 -6.885819298766933 3.45
vertex 12.707364516975801 -6.971177920604845 3.45
endloop
endfacet
facet normal 0 0 1
outer loop
vertex 13.292635483024192 -6.971177920604845 3.45
vertex 12.707364516975801 -6.971177920604845 3.45
vertex 13 -7 3.45
endloop
endfacet
facet normal 0 0 1
outer loop
vertex 12.999999999999996 -6.300000000000028 3.45
vertex 12.843927742387097 -6.2846282243225815 3.45
vertex 11.726750390500264 -6.2846282243225815 3.45
endloop
endfacet
facet normal 0 0 1
outer loop
vertex 12.999999999999996 -6.300000000000028 3.45
vertex 11.726750390500264 -6.2846282243225815 3.45
vertex 11.734966775779183 -6.300000000000001 3.45
endloop
endfacet
facet normal 0 0 1
outer loop
vertex 14.265033224220815 -6.300000000000001 3.45
vertex 14.273249609499732 -6.2846282243225815 3.45
vertex 13.156072257612905 -6.284628224322579 3.45
endloop
endfacet
facet normal 0 0 1
outer loop
vertex 14.265033224220815 -6.300000000000001 3.45
vertex 13.156072257612905 -6.284628224322579 3.45
vertex 12.999999999999996 -6.300000000000028 3.45
endloop
endfacet
facet normal 0 0 1
outer loop
vertex 12.843927742387097 -6.2846282243225815 3.45
vertex 12.693853254107935 -6.239103626009007 3.450000000000002
vertex 11.70241698574198 -6.239103626009007 3.45
endloop
endfacet
facet normal 0 0 1
outer loop
vertex 12.843927742387097 -6.2846282243225815 3.45
vertex 11.70241698574198 -6.239103626009007 3.45
vertex 11.726750390500264 -6.2846282243225815 3.45
endloop
endfacet
facet normal 0 0 1
outer loop
vertex 14.273249609499732 -6.2846282243225815 3.45
vertex 14.297583014258013 -6.239103626009007 3.45
vertex 13.306146745892065 -6.239103626009016 3.45
endloop
endfacet
facet normal 0 0 1
outer loop
vertex 14.273249609499732 -6.2846282243225815 3.45
vertex 13.306146745892065 -6.239103626009016 3.45
vertex 13.156072257612905 -6.284628224322579 3.45
endloop
endfacet
facet normal 0 0 1
outer loop
vertex 12.693853254107935 -6.239103626009007 3.450000000000002
vertex 12.555543813584327 -6.165175689842036 3.45
vertex 11.662901680602864 -6.165175689842036 3.45
endloop
endfacet
facet normal 0 0 1
outer loop
vertex 12.693853254107935 -6.239103626009007 3.450000000000002
vertex 11.662901680602864 -6.165175689842036 3.45
vertex 11.70241698574198 -6.239103626009007 3.45
endloop
endfacet
facet normal 0 0 1
outer loop
vertex 14.297583014258013 -6.239103626009007 3.45
vertex 14.33709831939713 -6.165175689842036 3.45
vertex 13.444456186415646 -6.16517568984198 3.45
endloop
endfacet
facet normal 0 0 1
outer loop
vertex 14.297583014258013 -6.239103626009007 3.45
vertex 13.444456186415646 -6.16517568984198 3.45
vertex 13.306146745892065 -6.239103626009016 3.45
endloop
endfacet
facet normal 0 0 1
outer loop
vertex 12.555543813584327 -6.165175689842036 3.45
vertex 12.43431457505077 -6.065685424949232 3.4499999999999993
vertex 11.61165087373729 -6.065685424949232 3.45
endloop
endfacet
facet normal 0 0 1
outer loop
vertex 12.555543813584327 -6.165175689842036 3.45
vertex 11.61165087373729 -6.065685424949232 3.45
vertex 11.614180701233067 -6.074025148547644 3.45
endloop
endfacet
facet normal 0 0 1
outer loop
vertex 12.555543813584327 -6.165175689842036 3.45
vertex 11.614180701233067 -6.074025148547644 3.45
vertex 11.662901680602864 -6.165175689842036 3.45
endloop
endfacet
facet normal 0 0 1
outer loop
vertex 14.33709831939713 -6.165175689842036 3.45
vertex 14.385819298766926 -6.074025148547644 3.45
vertex 14.388349126262703 -6.065685424949232 3.45
endloop
endfacet
facet normal 0 0 1
outer loop
vertex 14.33709831939713 -6.165175689842036 3.45
vertex 14.388349126262703 -6.065685424949232 3.45
vertex 13.565685424949253 -6.065685424949235 3.45
endloop
endfacet
facet normal 0 0 1
outer loop
vertex 14.33709831939713 -6.165175689842036 3.45
vertex 13.565685424949253 -6.065685424949235 3.45
vertex 13.444456186415646 -6.16517568984198 3.45
endloop
endfacet
facet normal 0 0 1
outer loop
vertex 12.43431457505077 -6.065685424949232 3.4499999999999993
vertex 12.334824310157973 -5.944456186415675 3.45
vertex 11.574876386271894 -5.944456186415675 3.45
endloop
endfacet
facet normal 0 0 1
outer loop
vertex 12.43431457505077 -6.065685424949232 3.4499999999999993
vertex 11.574876386271894 -5.944456186415675 3.45
vertex 11.61165087373729 -6.065685424949232 3.45
endloop
endfacet
facet normal 0 0 1
outer loop
vertex 14.388349126262703 -6.065685424949232 3.45
vertex 14.4251236137281 -5.944456186415675 3.45
vertex 13.665175689842053 -5.944456186415689 3.450000000000002
endloop
endfacet
facet normal 0 0 1
outer loop
vertex 14.388349126262703 -6.065685424949232 3.45
vertex 13.665175689842053 -5.944456186415689 3.450000000000002
vertex 13.565685424949253 -6.065685424949235 3.45
endloop
endfacet
facet normal 0 0 1
outer loop
vertex 12.334824310157973 -5.944456186415675 3.45
vertex 12.260896373990999 -5.806146745892068 3.45
vertex 11.532920676177481 -5.806146745892068 3.45
endloop
endfacet
facet normal 0 0 1
outer loop
vertex 12.334824310157973 -5.944456186415675 3.45
vertex 11.532920676177481 -5.806146745892068 3.45
vertex 11.574876386271894 -5.944456186415675 3.45
endloop
endfacet
facet normal 0 0 1
outer loop
vertex 14.4251236137281 -5.944456186415675 3.45
vertex 14.467079323822528 -5.806146745892068 3.45
vertex 13.739103626009026 -5.806146745892077 3.45
endloop
endfacet
facet normal 0 0 1
outer loop
vertex 14.4251236137281 -5.944456186415675 3.45
vertex 13.739103626009026 -5.806146745892077 3.45
vertex 13.665175689842053 -5.944456186415689 3.450000000000002
endloop
endfacet
facet normal 0 0 1
outer loop
vertex 12.260896373990999 -5.806146745892068 3.45
vertex 12.215371775677404 -5.656072257612903 3.45
vertex 11.515371775677412 -5.656072257612903 3.45
endloop
endfacet
facet normal 0 0 1
outer loop
vertex 12.260896373990999 -5.806146745892068 3.45
vertex 11.515371775677412 -5.656072257612903 3.45
vertex 11.528822079395155 -5.79263548302416 3.45
endloop
endfacet
facet normal 0 0 1
outer loop
vertex 12.260896373990999 -5.806146745892068 3.45
vertex 11.528822079395155 -5.79263548302416 3.45
vertex 11.532920676177481 -5.806146745892068 3.45
endloop
endfacet
facet normal 0 0 1
outer loop
vertex 14.467079323822528 -5.806146745892068 3.45
vertex 14.471177920604855 -5.79263548302416 3.45
vertex 14.484628224322591 -5.656072257612903 3.45
endloop
endfacet
facet normal 0 0 1
outer loop
vertex 14.467079323822528 -5.806146745892068 3.45
vertex 14.484628224322591 -5.656072257612903 3.45
vertex 13.784628224322587 -5.656072257612903 3.45
endloop
endfacet
facet normal 0 0 1
outer loop
vertex 14.467079323822528 -5.806146745892068 3.45
vertex 13.784628224322587 -5.656072257612903 3.45
vertex 13.739103626009026 -5.806146745892077 3.45
endloop
endfacet
facet normal 0 0 1
outer loop
vertex 12.215371775677404 -5.656072257612903 3.45
vertex 12.199999999999989 -5.499999999999977 3.45
vertex 11.5 -5.499999999999977 3.45
endloop
endfacet
facet normal 0 0 1
outer loop
vertex 12.215371775677404 -5.656072257612903 3.45
vertex 11.5 -5.499999999999977 3.45
vertex 11.515371775677412 -5.656072257612903 3.45
endloop
endfacet
facet normal 0 0 1
outer loop
vertex 14.484628224322591 -5.656072257612903 3.45
vertex 14.500000000000004 -5.499999999999977 3.45
vertex 13.800000000000004 -5.499999999999979 3.45
endloop
endfacet
facet normal 0 0 1
outer loop
vertex 14.484628224322591 -5.656072257612903 3.45
vertex 13.800000000000004 -5.499999999999979 3.45
vertex 13.784628224322587 -5.656072257612903 3.45
endloop
endfacet
facet normal 0 0 1
outer loop
vertex 12.199999999999989 -5.499999999999977 3.45
vertex 12.215371775677404 -5.3439277423871 3.45
vertex 11.515371775677417 -5.3439277423871 3.45
endloop
endfacet
facet normal 0 0 1
outer loop
vertex 12.199999999999989 -5.499999999999977 3.45
vertex 11.515371775677417 -5.3439277423871 3.45
vertex 11.5 -5.499999999999977 3.45
endloop
endfacet
facet normal 0 0 1
outer loop
vertex 14.500000000000004 -5.499999999999977 3.45
vertex 14.484628224322583 -5.3439277423871 3.45
vertex 13.784628224322573 -5.343927742387102 3.45
endloop
endfacet
facet normal 0 0 1
outer loop
vertex 14.500000000000004 -5.499999999999977 3.45
vertex 13.784628224322573 -5.343927742387102 3.45
vertex 13.800000000000004 -5.499999999999979 3.45
endloop
endfacet
facet normal 0 0 1
outer loop
vertex 12.215371775677404 -5.3439277423871 3.45
vertex 12.260896373991038 -5.193853254107949 3.450000000000002
vertex 11.532920676177474 -5.193853254107949 3.45
endloop
endfacet
facet normal 0 0 1
outer loop
vertex 12.215371775677404 -5.3439277423871 3.45
vertex 11.532920676177474 -5.193853254107949 3.45
vertex 11.528822079395155 -5.207364516975801 3.45
endloop
endfacet
facet normal 0 0 1
outer loop
vertex 12.215371775677404 -5.3439277423871 3.45
vertex 11.528822079395155 -5.207364516975801 3.45
vertex 11.515371775677417 -5.3439277423871 3.45
endloop
endfacet
facet normal 0 0 1
outer loop
vertex 14.484628224322583 -5.3439277423871 3.45
vertex 14.471177920604841 -5.207364516975801 3.45
vertex 14.467079323822523 -5.193853254107949 3.45
endloop
endfacet
facet normal 0 0 1
outer loop
vertex 14.484628224322583 -5.3439277423871 3.45
vertex 14.467079323822523 -5.193853254107949 3.45
vertex 13.739103626008983 -5.193853254107928 3.450000000000002
endloop
endfacet
facet normal 0 0 1
outer loop
vertex 14.484628224322583 -5.3439277423871 3.45
vertex 13.739103626008983 -5.193853254107928 3.450000000000002
vertex 13.784628224322573 -5.343927742387102 3.45
endloop
endfacet
facet normal 0 0 1
outer loop
vertex 12.260896373991038 -5.193853254107949 3.450000000000002
vertex 12.334824310158112 -5.055543813584424 3.45
vertex 11.574876386271896 -5.055543813584424 3.45
endloop
endfacet
facet normal 0 0 1
outer loop
vertex 12.260896373991038 -5.193853254107949 3.450000000000002
vertex 11.574876386271896 -5.055543813584424 3.45
vertex 11.532920676177474 -5.193853254107949 3.45
endloop
endfacet
facet normal 0 0 1
outer loop
vertex 14.467079323822523 -5.193853254107949 3.45
vertex 14.425123613728099 -5.055543813584424 3.45
vertex 13.665175689842041 -5.055543813584296 3.45
endloop
endfacet
facet normal 0 0 1
outer loop
vertex 14.467079323822523 -5.193853254107949 3.45
vertex 13.665175689842041 -5.055543813584296 3.45
vertex 13.739103626008983 -5.193853254107928 3.450000000000002
endloop
endfacet
facet normal 0 0 1
outer loop
vertex 12.334824310158112 -5.055543813584424 3.45
vertex 12.434314575050795 -4.934314575050816 3.450000000000002
vertex 11.611650873737288 -4.934314575050816 3.45
endloop
endfacet
facet normal 0 0 1
outer loop
vertex 12.334824310158112 -5.055543813584424 3.45
vertex 11.611650873737288 -4.934314575050816 3.45
vertex 11.574876386271896 -5.055543813584424 3.45
endloop
endfacet
facet normal 0 0 1
outer loop
vertex 14.425123613728099 -5.055543813584424 3.45
vertex 14.388349126262705 -4.934314575050816 3.45
vertex 13.565685424949189 -4.934314575050821 3.45
endloop
endfacet
facet normal 0 0 1
outer loop
vertex 14.425123613728099 -5.055543813584424 3.45
vertex 13.565685424949189 -4.934314575050821 3.45
vertex 13.665175689842041 -5.055543813584296 3.45
endloop
endfacet
facet normal 0 0 1
outer loop
vertex 12.434314575050795 -4.934314575050816 3.450000000000002
vertex 12.555543813584325 -4.834824310157986 3.45
vertex 11.662901680602868 -4.834824310157986 3.45
endloop
endfacet
facet normal 0 0 1
outer loop
vertex 12.434314575050795 -4.934314575050816 3.450000000000002
vertex 11.662901680602868 -4.834824310157986 3.45
vertex 11.614180701233067 -4.925974851452363 3.45
endloop
endfacet
facet normal 0 0 1
outer loop
vertex 12.434314575050795 -4.934314575050816 3.450000000000002
vertex 11.614180701233067 -4.925974851452363 3.45
vertex 11.611650873737288 -4.934314575050816 3.45
endloop
endfacet
facet normal 0 0 1
outer loop
vertex 14.388349126262705 -4.934314575050816 3.45
vertex 14.385819298766926 -4.925974851452363 3.45
vertex 14.337098319397127 -4.834824310157986 3.45
endloop
endfacet
facet normal 0 0 1
outer loop
vertex 14.388349126262705 -4.934314575050816 3.45
vertex 14.337098319397127 -4.834824310157986 3.45
vertex 13.444456186415692 -4.834824310157936 3.45
endloop
endfacet
facet normal 0 0 1
outer loop
vertex 14.388349126262705 -4.934314575050816 3.45
vertex 13.444456186415692 -4.834824310157936 3.45
vertex 13.565685424949189 -4.934314575050821 3.45
endloop
endfacet
facet normal 0 0 1
outer loop
vertex 12.555543813584325 -4.834824310157986 3.45
vertex 12.693853254107928 -4.760896373990921 3.450000000000002
vertex 11.70241698574199 -4.760896373990921 3.45
endloop
endfacet
facet normal 0 0 1
outer loop
vertex 12.555543813584325 -4.834824310157986 3.45
vertex 11.70241698574199 -4.760896373990921 3.45
vertex 11.662901680602868 -4.834824310157986 3.45
endloop
endfacet
facet normal 0 0 1
outer loop
vertex 14.337098319397127 -4.834824310157986 3.45
vertex 14.29758301425801 -4.760896373990921 3.45
vertex 13.306146745892043 -4.760896373991051 3.45
endloop
endfacet
facet normal 0 0 1
outer loop
vertex 14.337098319397127 -4.834824310157986 3.45
vertex 13.306146745892043 -4.760896373991051 3.45
vertex 13.444456186415692 -4.834824310157936 3.45
endloop
endfacet
facet normal 0 0 1
outer loop
vertex 12.693853254107928 -4.760896373990921 3.450000000000002
vertex 12.8439277423871 -4.715371775677466 3.45
vertex 11.726750390500275 -4.715371775677466 3.45
endloop
endfacet
facet normal 0 0 1
outer loop
vertex 12.693853254107928 -4.760896373990921 3.450000000000002
vertex 11.726750390500275 -4.715371775677466 3.45
vertex 11.70241698574199 -4.760896373990921 3.45
endloop
endfacet
facet normal 0 0 1
outer loop
vertex 14.29758301425801 -4.760896373990921 3.45
vertex 14.273249609499727 -4.715371775677466 3.45
vertex 13.156072257612896 -4.715371775677423 3.450000000000002
endloop
endfacet
facet normal 0 0 1
outer loop
vertex 14.29758301425801 -4.760896373990921 3.45
vertex 13.156072257612896 -4.715371775677423 3.450000000000002
vertex 13.306146745892043 -4.760896373991051 3.45
endloop
endfacet
facet normal 0 0 1
outer loop
vertex 12.8439277423871 -4.715371775677466 3.45
vertex 13 -4.700000000000024 3.450000000000002
vertex 11.734966775779194 -4.700000000000024 3.45
endloop
endfacet
facet normal 0 0 1
outer loop
vertex 12.8439277423871 -4.715371775677466 3.45
vertex 11.734966775779194 -4.700000000000024 3.45
vertex 11.726750390500275 -4.715371775677466 3.45
endloop
endfacet
facet normal 0 0 1
outer loop
vertex 14.273249609499727 -4.715371775677466 3.45
vertex 14.265033224220812 -4.700000000000024 3.45
vertex 13 -4.700000000000024 3.450000000000002
endloop
endfacet
facet normal 0 0 1
outer loop
vertex 14.273249609499727 -4.715371775677466 3.45
vertex 13 -4.700000000000024 3.450000000000002
vertex 13.156072257612896 -4.715371775677423 3.450000000000002
endloop
endfacet
facet normal 1.404197775512485e-15 7.505593480882046e-16 1
outer loop
vertex 13 -4.700000000000024 3.450000000000002
vertex 14.265033224220812 -4.700000000000024 3.45
vertex 14.24720441845382 -4.666644650470605 3.45
endloop
endfacet
facet normal 1.404197775512485e-15 7.505593480882046e-16 1
outer loop
vertex 13 -4.700000000000024 3.450000000000002
vertex 14.24720441845382 -4.666644650470605 3.45
vertex 14.060660171779816 -4.439339828220177 3.45
endloop
endfacet
facet normal 1.404197775512485e-15 7.505593480882046e-16 1
outer loop
vertex 13 -4.700000000000024 3.450000000000002
vertex 14.060660171779816 -4.439339828220177 3.45
vertex 13.833355349529398 -4.252795581546181 3.45
endloop
endfacet
facet normal 1.404197775512485e-15 7.505593480882046e-16 1
outer loop
vertex 13 -4.700000000000024 3.450000000000002
vertex 13.833355349529398 -4.252795581546181 3.45
vertex 13.574025148547634 -4.114180701233071 3.45
endloop
endfacet
facet normal 1.404197775512485e-15 7.505593480882046e-16 1
outer loop
vertex 13 -4.700000000000024 3.450000000000002
vertex 13.574025148547634 -4.114180701233071 3.45
vertex 13.292635483024185 -4.028822079395155 3.45
endloop
endfacet
facet normal 1.404197775512485e-15 7.505593480882046e-16 1
outer loop
vertex 13 -4.700000000000024 3.450000000000002
vertex 13.292635483024185 -4.028822079395155 3.45
vertex 13 -4 3.45
endloop
endfacet
facet normal 1.404197775512485e-15 7.505593480882046e-16 1
outer loop
vertex 13 -4.700000000000024 3.450000000000002
vertex 13 -4 3.45
vertex 12.707364516975808 -4.028822079395155 3.45
endloop
endfacet
facet normal 1.404197775512485e-15 7.505593480882046e-16 1
outer loop
vertex 13 -4.700000000000024 3.450000000000002
vertex 12.707364516975808 -4.028822079395155 3.45
vertex 12.425974851452366 -4.114180701233071 3.45
endloop
endfacet
facet normal 1.404197775512485e-15 7.505593480882046e-16 1
outer loop
vertex 13 -4.700000000000024 3.450000000000002
vertex 12.425974851452366 -4.114180701233071 3.45
vertex 12.166644650470602 -4.252795581546181 3.45
endloop
endfacet
facet normal 1.404197775512485e-15 7.505593480882046e-16 1
outer loop
vertex 13 -4.700000000000024 3.450000000000002
vertex 12.166644650470602 -4.252795581546181 3.45
vertex 11.939339828220163 -4.439339828220177 3.45
endloop
endfacet
facet normal 1.404197775512485e-15 7.505593480882046e-16 1
outer loop
vertex 13 -4.700000000000024 3.450000000000002
vertex 11.939339828220163 -4.439339828220177 3.45
vertex 11.752795581546188 -4.666644650470605 3.45
endloop
endfacet
facet normal 1.404197775512485e-15 7.505593480882046e-16 1
outer loop
vertex 13 -4.700000000000024 3.450000000000002
vertex 11.752795581546188 -4.666644650470605 3.45
vertex 11.734966775779194 -4.700000000000024 3.45
endloop
endfacet
facet normal 0 0 1
outer loop
vertex 63.29263548302416 30.028822079395162 3.45
vertex 63.57402514854765 30.11418070123306 3.45
vertex 63.833355349529384 30.252795581546167 3.45
endloop
endfacet
facet normal 0 0 1
outer loop
vertex 63.29263548302416 30.028822079395162 3.45
vertex 63.833355349529384 30.252795581546167 3.45
vertex 64.0606601717798 30.439339828220177 3.45
endloop
endfacet
facet normal 0 0 1
outer loop
vertex 63.29263548302416 30.028822079395162 3.45
vertex 64.0606601717798 30.439339828220177 3.45
vertex 64.24720441845383 30.66664465047062 3.45
endloop
endfacet
facet normal 0 0 1
outer loop
vertex 63.29263548302416 30.028822079395162 3.45
vertex 64.24720441845383 30.66664465047062 3.45
vertex 64.26503322422082 30.700000000000003 3.45
endloop
endfacet
facet normal 0 0 1
outer loop
vertex 63.29263548302416 30.028822079395162 3.45
vertex 64.26503322422082 30.700000000000003 3.45
vertex 63.00000000000002 30.699999999999957 3.450000000000002
endloop
endfacet
facet normal 0 0 1
outer loop
vertex 63.29263548302416 30.028822079395162 3.45
vertex 63.00000000000002 30.699999999999957 3.450000000000002
vertex 61.73496677577919 30.700000000000003 3.45
endloop
endfacet
facet normal 0 0 1
outer loop
vertex 63.29263548302416 30.028822079395162 3.45
vertex 61.73496677577919 30.700000000000003 3.45
vertex 61.75279558154618 30.66664465047062 3.45
endloop
endfacet
facet normal 0 0 1
outer loop
vertex 63.29263548302416 30.028822079395162 3.45
vertex 61.75279558154618 30.66664465047062 3.45
vertex 61.93933982822016 30.439339828220177 3.45
endloop
endfacet
facet normal 0 0 1
outer loop
vertex 63.29263548302416 30.028822079395162 3.45
vertex 61.93933982822016 30.439339828220177 3.45
vertex 62.1666446504706 30.252795581546167 3.45
endloop
endfacet
facet normal 0 0 1
outer loop
vertex 63.29263548302416 30.028822079395162 3.45
vertex 62.1666446504706 30.252795581546167 3.45
vertex 62.42597485145238 30.11418070123306 3.45
endloop
endfacet
facet normal 0 0 1
outer loop
vertex 63.29263548302416 30.028822079395162 3.45
vertex 62.42597485145238 30.11418070123306 3.45
vertex 62.707364516975765 30.028822079395162 3.45
endloop
endfacet
facet normal 0 0 1
outer loop
vertex 63.29263548302416 30.028822079395162 3.45
vertex 62.707364516975765 30.028822079395162 3.45
vertex 63.00000000000002 30 3.45
endloop
endfacet
facet normal 0 0 1
outer loop
vertex 63.00000000000002 30.699999999999957 3.450000000000002
vertex 62.84392774238705 30.715371775677333 3.45
vertex 61.72675039050027 30.715371775677333 3.45
endloop
endfacet
facet normal 0 0 1
outer loop
vertex 63.00000000000002 30.699999999999957 3.450000000000002
vertex 61.72675039050027 30.715371775677333 3.45
vertex 61.73496677577919 30.700000000000003 3.45
endloop
endfacet
facet normal 0 0 1
outer loop
vertex 64.26503322422082 30.700000000000003 3.45
vertex 64.27324960949973 30.715371775677333 3.45
vertex 63.15607225761294 30.715371775677497 3.45
endloop
endfacet
facet normal 0 0 1
outer loop
vertex 64.26503322422082 30.700000000000003 3.45
vertex 63.15607225761294 30.715371775677497 3.45
vertex 63.00000000000002 30.699999999999957 3.450000000000002
endloop
endfacet
facet normal 0 0 1
outer loop
vertex 62.84392774238705 30.715371775677333 3.45
vertex 62.693853254107914 30.760896373990928 3.45
vertex 61.70241698574198 30.760896373990928 3.45
endloop
endfacet
facet normal 0 0 1
outer loop
vertex 62.84392774238705 30.715371775677333 3.45
vertex 61.70241698574198 30.760896373990928 3.45
vertex 61.72675039050027 30.715371775677333 3.45
endloop
endfacet
facet normal 0 0 1
outer loop
vertex 64.27324960949973 30.715371775677333 3.45
vertex 64.29758301425802 30.760896373990928 3.45
vertex 63.30614674589205 30.760896373991056 3.45
endloop
endfacet
facet normal 0 0 1
outer loop
vertex 64.27324960949973 30.715371775677333 3.45
vertex 63.30614674589205 30.760896373991056 3.45
vertex 63.15607225761294 30.715371775677497 3.45
endloop
endfacet
facet normal 0 0 1
outer loop
vertex 62.693853254107914 30.760896373990928 3.45
vertex 62.55554381358441 30.83482431015805 3.450000000000002
vertex 61.662901680602864 30.83482431015805 3.45
endloop
endfacet
facet normal 0 0 1
outer loop
vertex 62.693853254107914 30.760896373990928 3.45
vertex 61.662901680602864 30.83482431015805 3.45
vertex 61.70241698574198 30.760896373990928 3.45
endloop
endfacet
facet normal 0 0 1
outer loop
vertex 64.29758301425802 30.760896373990928 3.45
vertex 64.33709831939713 30.83482431015805 3.45
vertex 63.444456186415735 30.83482431015782 3.45
endloop
endfacet
facet normal 0 0 1
outer loop
vertex 64.29758301425802 30.760896373990928 3.45
vertex 63.444456186415735 30.83482431015782 3.45
vertex 63.30614674589205 30.760896373991056 3.45
endloop
endfacet
facet normal 0 0 1
outer loop
vertex 62.55554381358441 30.83482431015805 3.450000000000002
vertex 62.43431457505075 30.934314575050763 3.45
vertex 61.611650873737275 30.934314575050763 3.45
endloop
endfacet
facet normal 0 0 1
outer loop
vertex 62.55554381358441 30.83482431015805 3.450000000000002
vertex 61.611650873737275 30.934314575050763 3.45
vertex 61.61418070123305 30.925974851452366 3.45
endloop
endfacet
facet normal 0 0 1
outer loop
vertex 62.55554381358441 30.83482431015805 3.450000000000002
vertex 61.61418070123305 30.925974851452366 3.45
vertex 61.662901680602864 30.83482431015805 3.45
endloop
endfacet
facet normal 0 0 1
outer loop
vertex 64.33709831939713 30.83482431015805 3.45
vertex 64.38581929876693 30.925974851452366 3.45
vertex 64.38834912626271 30.934314575050763 3.45
endloop
endfacet
facet normal 0 0 1
outer loop
vertex 64.33709831939713 30.83482431015805 3.45
vertex 64.38834912626271 30.934314575050763 3.45
vertex 63.56568542494916 30.934314575050884 3.45
endloop
endfacet
facet normal 0 0 1
outer loop
vertex 64.33709831939713 30.83482431015805 3.45
vertex 63.56568542494916 30.934314575050884 3.45
vertex 63.444456186415735 30.83482431015782 3.45
endloop
endfacet
facet normal 0 0 1
outer loop
vertex 62.43431457505075 30.934314575050763 3.45
vertex 62.33482431015809 31.055543813584293 3.45
vertex 61.57487638627191 31.055543813584293 3.45
endloop
endfacet
facet normal 0 0 1
outer loop
vertex 62.43431457505075 30.934314575050763 3.45
vertex 61.57487638627191 31.055543813584293 3.45
vertex 61.611650873737275 30.934314575050763 3.45
endloop
endfacet
facet normal 0 0 1
outer loop
vertex 64.38834912626271 30.934314575050763 3.45
vertex 64.42512361372809 31.055543813584293 3.45
vertex 63.665175689842 31.055543813584233 3.45
endloop
endfacet
facet normal 0 0 1
outer loop
vertex 64.38834912626271 30.934314575050763 3.45
vertex 63.665175689842 31.055543813584233 3.45
vertex 63.56568542494916 30.934314575050884 3.45
endloop
endfacet
facet normal 0 0 1
outer loop
vertex 62.33482431015809 31.055543813584293 3.45
vertex 62.260896373990974 31.193853254108003 3.450000000000002
vertex 61.532920676177476 31.193853254108003 3.45
endloop
endfacet
facet normal 0 0 1
outer loop
vertex 62.33482431015809 31.055543813584293 3.45
vertex 61.532920676177476 31.193853254108003 3.45
vertex 61.57487638627191 31.055543813584293 3.45
endloop
endfacet
facet normal 0 0 1
outer loop
vertex 64.42512361372809 31.055543813584293 3.45
vertex 64.46707932382253 31.193853254108003 3.45
vertex 63.73910362600902 31.19385325410803 3.450000000000002
endloop
endfacet
facet normal 0 0 1
outer loop
vertex 64.42512361372809 31.055543813584293 3.45
vertex 63.73910362600902 31.19385325410803 3.450000000000002
vertex 63.665175689842 31.055543813584233 3.45
endloop
endfacet
facet normal 0 0 1
outer loop
vertex 62.260896373990974 31.193853254108003 3.450000000000002
vertex 62.21537177567743 31.343927742387066 3.45
vertex 61.51537177567743 31.343927742387066 3.45
endloop
endfacet
facet normal 0 0 1
outer loop
vertex 62.260896373990974 31.193853254108003 3.450000000000002
vertex 61.51537177567743 31.343927742387066 3.45
vertex 61.52882207939517 31.20736451697583 3.45
endloop
endfacet
facet normal 0 0 1
outer loop
vertex 62.260896373990974 31.193853254108003 3.450000000000002
vertex 61.52882207939517 31.20736451697583 3.45
vertex 61.532920676177476 31.193853254108003 3.45
endloop
endfacet
facet normal 0 0 1
outer loop
vertex 64.46707932382253 31.193853254108003 3.45
vertex 64.47117792060484 31.20736451697583 3.45
vertex 64.48462822432258 31.343927742387066 3.45
endloop
endfacet
facet normal 0 0 1
outer loop
vertex 64.46707932382253 31.193853254108003 3.45
vertex 64.48462822432258 31.343927742387066 3.45
vertex 63.784628224322525 31.343927742387063 3.45
endloop
endfacet
facet normal 0 0 1
outer loop
vertex 64.46707932382253 31.193853254108003 3.45
vertex 63.784628224322525 31.343927742387063 3.45
vertex 63.73910362600902 31.19385325410803 3.450000000000002
endloop
endfacet
facet normal 0 0 1
outer loop
vertex 62.21537177567743 31.343927742387066 3.45
vertex 62.199999999999946 31.500000000000036 3.45
vertex 61.50000000000001 31.500000000000036 3.45
endloop
endfacet
facet normal 0 0 1
outer loop
vertex 62.21537177567743 31.343927742387066 3.45
vertex 61.50000000000001 31.500000000000036 3.45
vertex 61.51537177567743 31.343927742387066 3.45
endloop
endfacet
facet normal 0 0 1
outer loop
vertex 64.48462822432258 31.343927742387066 3.45
vertex 64.5 31.500000000000036 3.45
vertex 63.79999999999994 31.50000000000004 3.45
endloop
endfacet
facet normal 0 0 1
outer loop
vertex 64.48462822432258 31.343927742387066 3.45
vertex 63.79999999999994 31.50000000000004 3.45
vertex 63.784628224322525 31.343927742387063 3.45
endloop
endfacet
facet normal 0 0 1
outer loop
vertex 62.199999999999946 31.500000000000036 3.45
vertex 62.215371775677326 31.656072257612934 3.450000000000002
vertex 61.51537177567742 31.656072257612934 3.45
endloop
endfacet
facet normal 0 0 1
outer loop
vertex 62.199999999999946 31.500000000000036 3.45
vertex 61.51537177567742 31.656072257612934 3.45
vertex 61.50000000000001 31.500000000000036 3.45
endloop
endfacet
facet normal 0 0 1
outer loop
vertex 64.5 31.500000000000036 3.45
vertex 64.48462822432259 31.656072257612934 3.45
vertex 63.78462822432258 31.656072257612895 3.45
endloop
endfacet
facet normal 0 0 1
outer loop
vertex 64.5 31.500000000000036 3.45
vertex 63.78462822432258 31.656072257612895 3.45
vertex 63.79999999999994 31.50000000000004 3.45
endloop
endfacet
facet normal 0 0 1
outer loop
vertex 62.215371775677326 31.656072257612934 3.450000000000002
vertex 62.2608963739909 31.806146745892125 3.45
vertex 61.53292067617749 31.806146745892125 3.45
endloop
endfacet
facet normal 0 0 1
outer loop
vertex 62.215371775677326 31.656072257612934 3.450000000000002
vertex 61.53292067617749 31.806146745892125 3.45
vertex 61.52882207939516 31.79263548302415 3.45
endloop
endfacet
facet normal 0 0 1
outer loop
vertex 62.215371775677326 31.656072257612934 3.450000000000002
vertex 61.52882207939516 31.79263548302415 3.45
vertex 61.51537177567742 31.656072257612934 3.45
endloop
endfacet
facet normal 0 0 1
outer loop
vertex 64.48462822432259 31.656072257612934 3.45
vertex 64.47117792060484 31.79263548302415 3.45
vertex 64.46707932382252 31.806146745892125 3.45
endloop
endfacet
facet normal 0 0 1
outer loop
vertex 64.48462822432259 31.656072257612934 3.45
vertex 64.46707932382252 31.806146745892125 3.45
vertex 63.739103626009054 31.806146745892093 3.450000000000002
endloop
endfacet
facet normal 0 0 1
outer loop
vertex 64.48462822432259 31.656072257612934 3.45
vertex 63.739103626009054 31.806146745892093 3.450000000000002
vertex 63.78462822432258 31.656072257612895 3.45
endloop
endfacet
facet normal 0 0 1
outer loop
vertex 62.2608963739909 31.806146745892125 3.45
vertex 62.334824310157984 31.944456186415657 3.45
vertex 61.57487638627188 31.944456186415657 3.45
endloop
endfacet
facet normal 0 0 1
outer loop
vertex 62.2608963739909 31.806146745892125 3.45
vertex 61.57487638627188 31.944456186415657 3.45
vertex 61.53292067617749 31.806146745892125 3.45
endloop
endfacet
facet normal 0 0 1
outer loop
vertex 64.46707932382252 31.806146745892125 3.45
vertex 64.4251236137281 31.944456186415657 3.45
vertex 63.66517568984201 31.944456186415657 3.45
endloop
endfacet
facet normal 0 0 1
outer loop
vertex 64.46707932382252 31.806146745892125 3.45
vertex 63.66517568984201 31.944456186415657 3.45
vertex 63.739103626009054 31.806146745892093 3.450000000000002
endloop
endfacet
facet normal 0 0 1
outer loop
vertex 62.334824310157984 31.944456186415657 3.45
vertex 62.434314575050905 32.065685424949116 3.45
vertex 61.6116508737373 32.065685424949116 3.45
endloop
endfacet
facet normal 0 0 1
outer loop
vertex 62.334824310157984 31.944456186415657 3.45
vertex 61.6116508737373 32.065685424949116 3.45
vertex 61.57487638627188 31.944456186415657 3.45
endloop
endfacet
facet normal 0 0 1
outer loop
vertex 64.4251236137281 31.944456186415657 3.45
vertex 64.38834912626268 32.065685424949116 3.45
vertex 63.565685424949194 32.06568542494924 3.450000000000002
endloop
endfacet
facet normal 0 0 1
outer loop
vertex 64.4251236137281 31.944456186415657 3.45
vertex 63.565685424949194 32.06568542494924 3.450000000000002
vertex 63.66517568984201 31.944456186415657 3.45
endloop
endfacet
facet normal 0 0 1
outer loop
vertex 62.434314575050905 32.065685424949116 3.45
vertex 62.55554381358432 32.165175689842 3.45
vertex 61.66290168060285 32.165175689842 3.45
endloop
endfacet
facet normal 0 0 1
outer loop
vertex 62.434314575050905 32.065685424949116 3.45
vertex 61.66290168060285 32.165175689842 3.45
vertex 61.61418070123308 32.07402514854771 3.45
endloop
endfacet
facet normal 0 0 1
outer loop
vertex 62.434314575050905 32.065685424949116 3.45
vertex 61.61418070123308 32.07402514854771 3.45
vertex 61.6116508737373 32.065685424949116 3.45
endloop
endfacet
facet normal 0 0 1
outer loop
vertex 64.38834912626268 32.065685424949116 3.45
vertex 64.3858192987669 32.07402514854771 3.45
vertex 64.33709831939716 32.165175689842 3.45
endloop
endfacet
facet normal 0 0 1
outer loop
vertex 64.38834912626268 32.065685424949116 3.45
vertex 64.33709831939716 32.165175689842 3.45
vertex 63.44445618641567 32.165175689841945 3.45
endloop
endfacet
facet normal 0 0 1
outer loop
vertex 64.38834912626268 32.065685424949116 3.45
vertex 63.44445618641567 32.165175689841945 3.45
vertex 63.565685424949194 32.06568542494924 3.450000000000002
endloop
endfacet
facet normal 0 0 1
outer loop
vertex 62.55554381358432 32.165175689842 3.45
vertex 62.693853254107964 32.239103626008934 3.45
vertex 61.70241698574198 32.239103626008934 3.45
endloop
endfacet
facet normal 0 0 1
outer loop
vertex 62.55554381358432 32.165175689842 3.45
vertex 61.70241698574198 32.239103626008934 3.45
vertex 61.66290168060285 32.165175689842 3.45
endloop
endfacet
facet normal 0 0 1
outer loop
vertex 64.33709831939716 32.165175689842 3.45
vertex 64.29758301425804 32.239103626008934 3.45
vertex 63.306146745892065 32.239103626009 3.450000000000002
endloop
endfacet
facet normal 0 0 1
outer loop
vertex 64.33709831939716 32.165175689842 3.45
vertex 63.306146745892065 32.239103626009 3.450000000000002
vertex 63.44445618641567 32.165175689841945 3.45
endloop
endfacet
facet normal 0 0 1
outer loop
vertex 62.693853254107964 32.239103626008934 3.45
vertex 62.843927742387095 32.284628224322645 3.45
vertex 61.72675039050027 32.284628224322645 3.45
endloop
endfacet
facet normal 0 0 1
outer loop
vertex 62.693853254107964 32.239103626008934 3.45
vertex 61.72675039050027 32.284628224322645 3.45
vertex 61.70241698574198 32.239103626008934 3.45
endloop
endfacet
facet normal 0 0 1
outer loop
vertex 64.29758301425804 32.239103626008934 3.45
vertex 64.27324960949974 32.284628224322645 3.45
vertex 63.15607225761296 32.284628224322745 3.450000000000002
endloop
endfacet
facet normal 0 0 1
outer loop
vertex 64.29758301425804 32.239103626008934 3.45
vertex 63.15607225761296 32.284628224322745 3.450000000000002
vertex 63.306146745892065 32.239103626009 3.450000000000002
endloop
endfacet
facet normal 0 0 1
outer loop
vertex 62.843927742387095 32.284628224322645 3.45
vertex 62.99999999999999 32.29999999999995 3.45
vertex 61.73496677577919 32.29999999999995 3.45
endloop
endfacet
facet normal 0 0 1
outer loop
vertex 62.843927742387095 32.284628224322645 3.45
vertex 61.73496677577919 32.29999999999995 3.45
vertex 61.72675039050027 32.284628224322645 3.45
endloop
endfacet
facet normal 0 0 1
outer loop
vertex 64.27324960949974 32.284628224322645 3.45
vertex 64.26503322422083 32.29999999999995 3.45
vertex 62.99999999999999 32.29999999999995 3.45
endloop
endfacet
facet normal 0 0 1
outer loop
vertex 64.27324960949974 32.284628224322645 3.45
vertex 62.99999999999999 32.29999999999995 3.45
vertex 63.15607225761296 32.284628224322745 3.450000000000002
endloop
endfacet
facet normal 0 0 1
outer loop
vertex 62.99999999999999 32.29999999999995 3.45
vertex 64.26503322422083 32.29999999999995 3.45
vertex 64.24720441845386 32.33335534952934 3.45
endloop
endfacet
facet normal 0 0 1
outer loop
vertex 62.99999999999999 32.29999999999995 3.45
vertex 64.24720441845386 32.33335534952934 3.45
vertex 64.06066017177976 32.56066017177989 3.45
endloop
endfacet
facet normal 0 0 1
outer loop
vertex 62.99999999999999 32.29999999999995 3.45
vertex 64.06066017177976 32.56066017177989 3.45
vertex 63.833355349529455 32.74720441845379 3.45
endloop
endfacet
facet normal 0 0 1
outer loop
vertex 62.99999999999999 32.29999999999995 3.45
vertex 63.833355349529455 32.74720441845379 3.45
vertex 63.574025148547626 32.88581929876693 3.45
endloop
endfacet
facet normal 0 0 1
outer loop
vertex 62.99999999999999 32.29999999999995 3.45
vertex 63.574025148547626 32.88581929876693 3.45
vertex 63.29263548302415 32.97117792060486 3.45
endloop
endfacet
facet normal 0 0 1
outer loop
vertex 62.99999999999999 32.29999999999995 3.45
vertex 63.29263548302415 32.97117792060486 3.45
vertex 63.00000000000002 33.00000000000001 3.45
endloop
endfacet
facet normal 0 0 1
outer loop
vertex 62.99999999999999 32.29999999999995 3.45
vertex 63.00000000000002 33.00000000000001 3.45
vertex 62.70736451697584 32.97117792060486 3.45
endloop
endfacet
facet normal 0 0 1
outer loop
vertex 62.99999999999999 32.29999999999995 3.45
vertex 62.70736451697584 32.97117792060486 3.45
vertex 62.42597485145237 32.88581929876693 3.45
endloop
endfacet
facet normal 0 0 1
outer loop
vertex 62.99999999999999 32.29999999999995 3.45
vertex 62.42597485145237 32.88581929876693 3.45
vertex 62.16664465047057 32.74720441845379 3.45
endloop
endfacet
facet normal 0 0 1
outer loop
vertex 62.99999999999999 32.29999999999995 3.45
vertex 62.16664465047057 32.74720441845379 3.45
vertex 61.9393398282202 32.56066017177989 3.45
endloop
endfacet
facet normal 0 0 1
outer loop
vertex 62.99999999999999 32.29999999999995 3.45
vertex 61.9393398282202 32.56066017177989 3.45
vertex 61.75279558154616 32.33335534952934 3.45
endloop
endfacet
facet normal 0 0 1
outer loop
vertex 62.99999999999999 32.29999999999995 3.45
vertex 61.75279558154616 32.33335534952934 3.45
vertex 61.73496677577919 32.29999999999995 3.45
endloop
endfacet
facet normal 0 0 1
outer loop
vertex 6.292635483024213 44.02882207939516 3.45
vertex 6.5740251485476335 44.11418070123308 3.45
vertex 6.833355349529413 44.25279558154619 3.45
endloop
endfacet
facet normal 0 0 1
outer loop
vertex 6.292635483024213 44.02882207939516 3.45
vertex 6.833355349529413 44.25279558154619 3.45
vertex 7.060660171779837 44.43933982822019 3.45
endloop
endfacet
facet normal 0 0 1
outer loop
vertex 6.292635483024213 44.02882207939516 3.45
vertex 7.060660171779837 44.43933982822019 3.45
vertex 7.247204418453819 44.6666446504706 3.45
endloop
endfacet
facet normal 0 0 1
outer loop
vertex 6.292635483024213 44.02882207939516 3.45
vertex 7.247204418453819 44.6666446504706 3.45
vertex 7.265033224220815 44.7 3.45
endloop
endfacet
facet normal 0 0 1
outer loop
vertex 6.292635483024213 44.02882207939516 3.45
vertex 7.265033224220815 44.7 3.45
vertex 6.00000000000004 44.7 3.450000000000002
endloop
endfacet
facet normal 0 0 1
outer loop
vertex 6.292635483024213 44.02882207939516 3.45
vertex 6.00000000000004 44.7 3.450000000000002
vertex 4.734966775779184 44.7 3.45
endloop
endfacet
facet normal 0 0 1
outer loop
vertex 6.292635483024213 44.02882207939516 3.45
vertex 4.734966775779184 44.7 3.45
vertex 4.752795581546181 44.6666446504706 3.45
endloop
endfacet
facet normal 0 0 1
outer loop
vertex 6.292635483024213 44.02882207939516 3.45
vertex 4.752795581546181 44.6666446504706 3.45
vertex 4.93933982822017 44.43933982822019 3.45
endloop
endfacet
facet normal 0 0 1
outer loop
vertex 6.292635483024213 44.02882207939516 3.45
vertex 4.93933982822017 44.43933982822019 3.45
vertex 5.166644650470666 44.25279558154619 3.45
endloop
endfacet
facet normal 0 0 1
outer loop
vertex 6.292635483024213 44.02882207939516 3.45
vertex 5.166644650470666 44.25279558154619 3.45
vertex 5.425974851452324 44.11418070123308 3.45
endloop
endfacet
facet normal 0 0 1
outer loop
vertex 6.292635483024213 44.02882207939516 3.45
vertex 5.425974851452324 44.11418070123308 3.45
vertex 5.70736451697578 44.02882207939516 3.45
endloop
endfacet
facet normal 0 0 1
outer loop
vertex 6.292635483024213 44.02882207939516 3.45
vertex 5.70736451697578 44.02882207939516 3.45
vertex 5.999999999999986 44.00000000000001 3.45
endloop
endfacet
facet normal 0 0 1
outer loop
vertex 6.00000000000004 44.7 3.450000000000002
vertex 5.843927742387059 44.715371775677404 3.450000000000002
vertex 4.726750390500264 44.715371775677404 3.45
endloop
endfacet
facet normal 0 0 1
outer loop
vertex 6.00000000000004 44.7 3.450000000000002
vertex 4.726750390500264 44.715371775677404 3.45
vertex 4.734966775779184 44.7 3.45
endloop
endfacet
facet normal 0 0 1
outer loop
vertex 7.265033224220815 44.7 3.45
vertex 7.273249609499736 44.715371775677404 3.45
vertex 6.156072257612993 44.71537177567738 3.45
endloop
endfacet
facet normal 0 0 1
outer loop
vertex 7.265033224220815 44.7 3.45
vertex 6.156072257612993 44.71537177567738 3.45
vertex 6.00000000000004 44.7 3.450000000000002
endloop
endfacet
facet normal 0 0 1
outer loop
vertex 5.843927742387059 44.715371775677404 3.450000000000002
vertex 5.6938532541079265 44.76089637399096 3.45
vertex 4.702416985741988 44.76089637399096 3.45
endloop
endfacet
facet normal 0 0 1
outer loop
vertex 5.843927742387059 44.715371775677404 3.450000000000002
vertex 4.702416985741988 44.76089637399096 3.45
vertex 4.726750390500264 44.715371775677404 3.45
endloop
endfacet
facet normal 0 0 1
outer loop
vertex 7.273249609499736 44.715371775677404 3.45
vertex 7.297583014258011 44.76089637399096 3.45
vertex 6.306146745892054 44.76089637399093 3.450000000000002
endloop
endfacet
facet normal 0 0 1
outer loop
vertex 7.273249609499736 44.715371775677404 3.45
vertex 6.306146745892054 44.76089637399093 3.450000000000002
vertex 6.156072257612993 44.71537177567738 3.45
endloop
endfacet
facet normal 0 0 1
outer loop
vertex 5.6938532541079265 44.76089637399096 3.45
vertex 5.555543813584304 44.83482431015798 3.45
vertex 4.662901680602854 44.83482431015798 3.45
endloop
endfacet
facet normal 0 0 1
outer loop
vertex 5.6938532541079265 44.76089637399096 3.45
vertex 4.662901680602854 44.83482431015798 3.45
vertex 4.702416985741988 44.76089637399096 3.45
endloop
endfacet
facet normal 0 0 1
outer loop
vertex 7.297583014258011 44.76089637399096 3.45
vertex 7.337098319397145 44.83482431015798 3.45
vertex 6.444456186415664 44.83482431015801 3.45
endloop
endfacet
facet normal 0 0 1
outer loop
vertex 7.297583014258011 44.76089637399096 3.45
vertex 6.444456186415664 44.83482431015801 3.45
vertex 6.306146745892054 44.76089637399093 3.450000000000002
endloop
endfacet
facet normal 0 0 1
outer loop
vertex 5.555543813584304 44.83482431015798 3.45
vertex 5.434314575050909 44.93431457505092 3.450000000000002
vertex 4.611650873737296 44.93431457505092 3.45
endloop
endfacet
facet normal 0 0 1
outer loop
vertex 5.555543813584304 44.83482431015798 3.45
vertex 4.611650873737296 44.93431457505092 3.45
vertex 4.614180701233067 44.92597485145237 3.45
endloop
endfacet
facet normal 0 0 1
outer loop
vertex 5.555543813584304 44.83482431015798 3.45
vertex 4.614180701233067 44.92597485145237 3.45
vertex 4.662901680602854 44.83482431015798 3.45
endloop
endfacet
facet normal 0 0 1
outer loop
vertex 7.337098319397145 44.83482431015798 3.45
vertex 7.385819298766933 44.92597485145237 3.45
vertex 7.388349126262704 44.93431457505092 3.45
endloop
endfacet
facet normal 0 0 1
outer loop
vertex 7.337098319397145 44.83482431015798 3.45
vertex 7.388349126262704 44.93431457505092 3.45
vertex 6.565685424949287 44.934314575050756 3.45
endloop
endfacet
facet normal 0 0 1
outer loop
vertex 7.337098319397145 44.83482431015798 3.45
vertex 6.565685424949287 44.934314575050756 3.45
vertex 6.444456186415664 44.83482431015801 3.45
endloop
endfacet
facet normal 0 0 1
outer loop
vertex 5.434314575050909 44.93431457505092 3.450000000000002
vertex 5.3348243101580195 45.05554381358438 3.45
vertex 4.574876386271889 45.05554381358438 3.45
endloop
endfacet
facet normal 0 0 1
outer loop
vertex 5.434314575050909 44.93431457505092 3.450000000000002
vertex 4.574876386271889 45.05554381358438 3.45
vertex 4.611650873737296 44.93431457505092 3.45
endloop
endfacet
facet normal 0 0 1
outer loop
vertex 7.388349126262704 44.93431457505092 3.45
vertex 7.42512361372811 45.05554381358438 3.45
vertex 6.665175689841924 45.05554381358443 3.450000000000002
endloop
endfacet
facet normal 0 0 1
outer loop
vertex 7.388349126262704 44.93431457505092 3.45
vertex 6.665175689841924 45.05554381358443 3.450000000000002
vertex 6.565685424949287 44.934314575050756 3.45
endloop
endfacet
facet normal 0 0 1
outer loop
vertex 5.3348243101580195 45.05554381358438 3.45
vertex 5.2608963739909544 45.1938532541079 3.45
vertex 4.532920676177486 45.1938532541079 3.45
endloop
endfacet
facet normal 0 0 1
outer loop
vertex 5.3348243101580195 45.05554381358438 3.45
vertex 4.532920676177486 45.1938532541079 3.45
vertex 4.574876386271889 45.05554381358438 3.45
endloop
endfacet
facet normal 0 0 1
outer loop
vertex 7.42512361372811 45.05554381358438 3.45
vertex 7.467079323822514 45.1938532541079 3.45
vertex 6.739103626008822 45.19385325410802 3.45
endloop
endfacet
facet normal 0 0 1
outer loop
vertex 7.42512361372811 45.05554381358438 3.45
vertex 6.739103626008822 45.19385325410802 3.45
vertex 6.665175689841924 45.05554381358443 3.450000000000002
endloop
endfacet
facet normal 0 0 1
outer loop
vertex 5.2608963739909544 45.1938532541079 3.45
vertex 5.215371775677395 45.34392774238707 3.45
vertex 4.51537177567741 45.34392774238707 3.45
endloop
endfacet
facet normal 0 0 1
outer loop
vertex 5.2608963739909544 45.1938532541079 3.45
vertex 4.51537177567741 45.34392774238707 3.45
vertex 4.528822079395155 45.207364516975815 3.45
endloop
endfacet
facet normal 0 0 1
outer loop
vertex 5.2608963739909544 45.1938532541079 3.45
vertex 4.528822079395155 45.207364516975815 3.45
vertex 4.532920676177486 45.1938532541079 3.45
endloop
endfacet
facet normal 0 0 1
outer loop
vertex 7.467079323822514 45.1938532541079 3.45
vertex 7.471177920604845 45.207364516975815 3.45
vertex 7.484628224322585 45.34392774238707 3.45
endloop
endfacet
facet normal 0 0 1
outer loop
vertex 7.467079323822514 45.1938532541079 3.45
vertex 7.484628224322585 45.34392774238707 3.45
vertex 6.784628224322312 45.343927742387116 3.450000000000002
endloop
endfacet
facet normal 0 0 1
outer loop
vertex 7.467079323822514 45.1938532541079 3.45
vertex 6.784628224322312 45.343927742387116 3.450000000000002
vertex 6.739103626008822 45.19385325410802 3.45
endloop
endfacet
facet normal 0 0 1
outer loop
vertex 5.215371775677395 45.34392774238707 3.45
vertex 5.200000000000073 45.49999999999997 3.45
vertex 4.5 45.49999999999997 3.45
endloop
endfacet
facet normal 0 0 1
outer loop
vertex 5.215371775677395 45.34392774238707 3.45
vertex 4.5 45.49999999999997 3.45
vertex 4.51537177567741 45.34392774238707 3.45
endloop
endfacet
facet normal 0 0 1
outer loop
vertex 7.484628224322585 45.34392774238707 3.45
vertex 7.5 45.49999999999997 3.45
vertex 6.799999999999725 45.50000000000001 3.450000000000002
endloop
endfacet
facet normal 0 0 1
outer loop
vertex 7.484628224322585 45.34392774238707 3.45
vertex 6.799999999999725 45.50000000000001 3.450000000000002
vertex 6.784628224322312 45.343927742387116 3.450000000000002
endloop
endfacet
facet normal 0 0 1
outer loop
vertex 5.200000000000073 45.49999999999997 3.45
vertex 5.215371775677625 45.65607225761287 3.450000000000002
vertex 4.515371775677417 45.65607225761287 3.45
endloop
endfacet
facet normal 0 0 1
outer loop
vertex 5.200000000000073 45.49999999999997 3.45
vertex 4.515371775677417 45.65607225761287 3.45
vertex 4.5 45.49999999999997 3.45
endloop
endfacet
facet normal 0 0 1
outer loop
vertex 7.5 45.49999999999997 3.45
vertex 7.484628224322582 45.65607225761287 3.45
vertex 6.784628224322545 45.65607225761292 3.45
endloop
endfacet
facet normal 0 0 1
outer loop
vertex 7.5 45.49999999999997 3.45
vertex 6.784628224322545 45.65607225761292 3.45
vertex 6.799999999999725 45.50000000000001 3.450000000000002
endloop
endfacet
facet normal 0 0 1
outer loop
vertex 5.215371775677625 45.65607225761287 3.450000000000002
vertex 5.260896373991015 45.80614674589205 3.45
vertex 4.532920676177477 45.80614674589205 3.45
endloop
endfacet
facet normal 0 0 1
outer loop
vertex 5.215371775677625 45.65607225761287 3.450000000000002
vertex 4.532920676177477 45.80614674589205 3.45
vertex 4.528822079395155 45.792635483024185 3.45
endloop
endfacet
facet normal 0 0 1
outer loop
vertex 5.215371775677625 45.65607225761287 3.450000000000002
vertex 4.528822079395155 45.792635483024185 3.45
vertex 4.515371775677417 45.65607225761287 3.45
endloop
endfacet
facet normal 0 0 1
outer loop
vertex 7.484628224322582 45.65607225761287 3.45
vertex 7.471177920604845 45.792635483024185 3.45
vertex 7.467079323822523 45.80614674589205 3.45
endloop
endfacet
facet normal 0 0 1
outer loop
vertex 7.484628224322582 45.65607225761287 3.45
vertex 7.467079323822523 45.80614674589205 3.45
vertex 6.739103626009008 45.80614674589207 3.45
endloop
endfacet
facet normal 0 0 1
outer loop
vertex 7.484628224322582 45.65607225761287 3.45
vertex 6.739103626009008 45.80614674589207 3.45
vertex 6.784628224322545 45.65607225761292 3.45
endloop
endfacet
facet normal 0 0 1
outer loop
vertex 5.260896373991015 45.80614674589205 3.45
vertex 5.334824310158115 45.94445618641553 3.45
vertex 4.574876386271882 45.94445618641553 3.45
endloop
endfacet
facet normal 0 0 1
outer loop
vertex 5.260896373991015 45.80614674589205 3.45
vertex 4.574876386271882 45.94445618641553 3.45
vertex 4.532920676177477 45.80614674589205 3.45
endloop
endfacet
facet normal 0 0 1
outer loop
vertex 7.467079323822523 45.80614674589205 3.45
vertex 7.425123613728115 45.94445618641553 3.45
vertex 6.665175689841945 45.94445618641561 3.45
endloop
endfacet
facet normal 0 0 1
outer loop
vertex 7.467079323822523 45.80614674589205 3.45
vertex 6.665175689841945 45.94445618641561 3.45
vertex 6.739103626009008 45.80614674589207 3.45
endloop
endfacet
facet normal 0 0 1
outer loop
vertex 5.334824310158115 45.94445618641553 3.45
vertex 5.4343145750507915 46.06568542494921 3.45
vertex 4.611650873737296 46.06568542494921 3.45
endloop
endfacet
facet normal 0 0 1
outer loop
vertex 5.334824310158115 45.94445618641553 3.45
vertex 4.611650873737296 46.06568542494921 3.45
vertex 4.574876386271882 45.94445618641553 3.45
endloop
endfacet
facet normal 0 0 1
outer loop
vertex 7.425123613728115 45.94445618641553 3.45
vertex 7.388349126262704 46.06568542494921 3.45
vertex 6.565685424949397 46.065685424949365 3.450000000000002
endloop
endfacet
facet normal 0 0 1
outer loop
vertex 7.425123613728115 45.94445618641553 3.45
vertex 6.565685424949397 46.065685424949365 3.450000000000002
vertex 6.665175689841945 45.94445618641561 3.45
endloop
endfacet
facet normal 0 0 1
outer loop
vertex 5.4343145750507915 46.06568542494921 3.45
vertex 5.555543813584364 46.16517568984194 3.45
vertex 4.662901680602864 46.16517568984194 3.45
endloop
endfacet
facet normal 0 0 1
outer loop
vertex 5.4343145750507915 46.06568542494921 3.45
vertex 4.662901680602864 46.16517568984194 3.45
vertex 4.614180701233067 46.07402514854763 3.45
endloop
endfacet
facet normal 0 0 1
outer loop
vertex 5.4343145750507915 46.06568542494921 3.45
vertex 4.614180701233067 46.07402514854763 3.45
vertex 4.611650873737296 46.06568542494921 3.45
endloop
endfacet
facet normal 0 0 1
outer loop
vertex 7.388349126262704 46.06568542494921 3.45
vertex 7.385819298766933 46.07402514854763 3.45
vertex 7.3370983193971355 46.16517568984194 3.45
endloop
endfacet
facet normal 0 0 1
outer loop
vertex 7.388349126262704 46.06568542494921 3.45
vertex 7.3370983193971355 46.16517568984194 3.45
vertex 6.4444561864156675 46.165175689842016 3.45
endloop
endfacet
facet normal 0 0 1
outer loop
vertex 7.388349126262704 46.06568542494921 3.45
vertex 6.4444561864156675 46.165175689842016 3.45
vertex 6.565685424949397 46.065685424949365 3.450000000000002
endloop
endfacet
facet normal 0 0 1
outer loop
vertex 5.555543813584364 46.16517568984194 3.45
vertex 5.693853254107934 46.2391036260091 3.45
vertex 4.702416985741983 46.2391036260091 3.45
endloop
endfacet
facet normal 0 0 1
outer loop
vertex 5.555543813584364 46.16517568984194 3.45
vertex 4.702416985741983 46.2391036260091 3.45
vertex 4.662901680602864 46.16517568984194 3.45
endloop
endfacet
facet normal 0 0 1
outer loop
vertex 7.3370983193971355 46.16517568984194 3.45
vertex 7.297583014258017 46.2391036260091 3.45
vertex 6.306146745892082 46.23910362600909 3.45
endloop
endfacet
facet normal 0 0 1
outer loop
vertex 7.3370983193971355 46.16517568984194 3.45
vertex 6.306146745892082 46.23910362600909 3.45
vertex 6.4444561864156675 46.165175689842016 3.45
endloop
endfacet
facet normal 0 0 1
outer loop
vertex 5.693853254107934 46.2391036260091 3.45
vertex 5.843927742387072 46.284628224322546 3.45
vertex 4.726750390500272 46.284628224322546 3.45
endloop
endfacet
facet normal 0 0 1
outer loop
vertex 5.693853254107934 46.2391036260091 3.45
vertex 4.726750390500272 46.284628224322546 3.45
vertex 4.702416985741983 46.2391036260091 3.45
endloop
endfacet
facet normal 0 0 1
outer loop
vertex 7.297583014258017 46.2391036260091 3.45
vertex 7.273249609499727 46.284628224322546 3.45
vertex 6.156072257612912 46.284628224322695 3.45
endloop
endfacet
facet normal 0 0 1
outer loop
vertex 7.297583014258017 46.2391036260091 3.45
vertex 6.156072257612912 46.284628224322695 3.45
vertex 6.306146745892082 46.23910362600909 3.45
endloop
endfacet
facet normal 0 0 1
outer loop
vertex 5.843927742387072 46.284628224322546 3.45
vertex 6.0000000000000275 46.3 3.450000000000002
vertex 4.734966775779181 46.3 3.45
endloop
endfacet
facet normal 0 0 1
outer loop
vertex 5.843927742387072 46.284628224322546 3.45
vertex 4.734966775779181 46.3 3.45
vertex 4.726750390500272 46.284628224322546 3.45
endloop
endfacet
facet normal 0 0 1
outer loop
vertex 7.273249609499727 46.284628224322546 3.45
vertex 7.265033224220819 46.3 3.45
vertex 6.0000000000000275 46.3 3.450000000000002
endloop
endfacet
facet normal 0 0 1
outer loop
vertex 7.273249609499727 46.284628224322546 3.45
vertex 6.0000000000000275 46.3 3.450000000000002
vertex 6.156072257612912 46.284628224322695 3.45
endloop
endfacet
facet normal 1.404197775512508e-15 7.505593480887558e-16 1
outer loop
vertex 6.0000000000000275 46.3 3.450000000000002
vertex 7.265033224220819 46.3 3.45
vertex 7.247204418453819 46.333355349529405 3.45
endloop
endfacet
facet normal 1.404197775512508e-15 7.505593480887558e-16 1
outer loop
vertex 6.0000000000000275 46.3 3.450000000000002
vertex 7.247204418453819 46.333355349529405 3.45
vertex 7.060660171779801 46.560660171779844 3.45
endloop
endfacet
facet normal 1.404197775512508e-15 7.505593480887558e-16 1
outer loop
vertex 6.0000000000000275 46.3 3.450000000000002
vertex 7.060660171779801 46.560660171779844 3.45
vertex 6.833355349529448 46.747204418453784 3.45
endloop
endfacet
facet normal 1.404197775512508e-15 7.505593480887558e-16 1
outer loop
vertex 6.0000000000000275 46.3 3.450000000000002
vertex 6.833355349529448 46.747204418453784 3.45
vertex 6.5740251485475625 46.88581929876696 3.45
endloop
endfacet
facet normal 1.404197775512508e-15 7.505593480887558e-16 1
outer loop
vertex 6.0000000000000275 46.3 3.450000000000002
vertex 6.5740251485475625 46.88581929876696 3.45
vertex 6.292635483024235 46.97117792060484 3.45
endloop
endfacet
facet normal 1.404197775512508e-15 7.505593480887558e-16 1
outer loop
vertex 6.0000000000000275 46.3 3.450000000000002
vertex 6.292635483024235 46.97117792060484 3.45
vertex 5.999999999999972 47 3.45
endloop
endfacet
facet normal 1.404197775512508e-15 7.505593480887558e-16 1
outer loop
vertex 6.0000000000000275 46.3 3.450000000000002
vertex 5.999999999999972 47 3.45
vertex 5.707364516975808 46.97117792060484 3.45
endloop
endfacet
facet normal 1.404197775512508e-15 7.505593480887558e-16 1
outer loop
vertex 6.0000000000000275 46.3 3.450000000000002
vertex 5.707364516975808 46.97117792060484 3.45
vertex 5.425974851452388 46.88581929876696 3.45
endloop
endfacet
facet normal 1.404197775512508e-15 7.505593480887558e-16 1
outer loop
vertex 6.0000000000000275 46.3 3.450000000000002
vertex 5.425974851452388 46.88581929876696 3.45
vertex 5.166644650470623 46.747204418453784 3.45
endloop
endfacet
facet normal 1.404197775512508e-15 7.505593480887558e-16 1
outer loop
vertex 6.0000000000000275 46.3 3.450000000000002
vertex 5.166644650470623 46.747204418453784 3.45
vertex 4.939339828220142 46.560660171779844 3.45
endloop
endfacet
facet normal 1.404197775512508e-15 7.505593480887558e-16 1
outer loop
vertex 6.0000000000000275 46.3 3.450000000000002
vertex 4.939339828220142 46.560660171779844 3.45
vertex 4.752795581546181 46.333355349529405 3.45
endloop
endfacet
facet normal 1.404197775512508e-15 7.505593480887558e-16 1
outer loop
vertex 6.0000000000000275 46.3 3.450000000000002
vertex 4.752795581546181 46.333355349529405 3.45
vertex 4.734966775779181 46.3 3.45
endloop
endfacet
facet normal 0 0 -1
outer loop
vertex 7.5 45.49999999999997 3.45
vertex 7.484628224322585 45.34392774238707 3.45
vertex 7.471177920604845 45.207364516975815 3.45
endloop
endfacet
facet normal 0 0 -1
outer loop
vertex 7.5 45.49999999999997 3.45
vertex 7.471177920604845 45.207364516975815 3.45
vertex 7.471177920604798 45.20736451697589 2
endloop
endfacet
facet normal 0 0 -1
outer loop
vertex 7.5 45.49999999999997 3.45
vertex 7.471177920604798 45.20736451697589 2
vertex 7.499999999999936 45.49999999999998 2
endloop
endfacet
facet normal 0 0 1
outer loop
vertex 7.471177920604845 45.792635483024185 3.45
vertex 7.484628224322582 45.65607225761287 3.45
vertex 7.5 45.49999999999997 3.45
endloop
endfacet
facet normal 0 0 1
outer loop
vertex 7.471177920604845 45.792635483024185 3.45
vertex 7.5 45.49999999999997 3.45
vertex 7.499999999999936 45.49999999999998 2
endloop
endfacet
facet normal 0 0 1
outer loop
vertex 7.471177920604845 45.792635483024185 3.45
vertex 7.499999999999936 45.49999999999998 2
vertex 7.471177920604874 45.79263548302421 2
endloop
endfacet
facet normal 0 0 1
outer loop
vertex 7.385819298766933 46.07402514854763 3.45
vertex 7.388349126262704 46.06568542494921 3.45
vertex 7.425123613728115 45.94445618641553 3.45
endloop
endfacet
facet normal 0 0 1
outer loop
vertex 7.385819298766933 46.07402514854763 3.45
vertex 7.425123613728115 45.94445618641553 3.45
vertex 7.467079323822523 45.80614674589205 3.45
endloop
endfacet
facet normal 0 0 1
outer loop
vertex 7.385819298766933 46.07402514854763 3.45
vertex 7.467079323822523 45.80614674589205 3.45
vertex 7.471177920604845 45.792635483024185 3.45
endloop
endfacet
facet normal 0 0 1
outer loop
vertex 7.385819298766933 46.07402514854763 3.45
vertex 7.471177920604845 45.792635483024185 3.45
vertex 7.471177920604874 45.79263548302421 2
endloop
endfacet
facet normal 0 0 1
outer loop
vertex 7.385819298766933 46.07402514854763 3.45
vertex 7.471177920604874 45.79263548302421 2
vertex 7.385819298767036 46.074025148547406 2
endloop
endfacet
facet normal 0 0 -1
outer loop
vertex 7.247204418453819 46.333355349529405 3.45
vertex 7.265033224220819 46.3 3.45
vertex 7.273249609499727 46.284628224322546 3.45
endloop
endfacet
facet normal 0 0 -1
outer loop
vertex 7.247204418453819 46.333355349529405 3.45
vertex 7.273249609499727 46.284628224322546 3.45
vertex 7.297583014258017 46.2391036260091 3.45
endloop
endfacet
facet normal 0 0 -1
outer loop
vertex 7.247204418453819 46.333355349529405 3.45
vertex 7.297583014258017 46.2391036260091 3.45
vertex 7.3370983193971355 46.16517568984194 3.45
endloop
endfacet
facet normal 0 0 -1
outer loop
vertex 7.247204418453819 46.333355349529405 3.45
vertex 7.3370983193971355 46.16517568984194 3.45
vertex 7.385819298766933 46.07402514854763 3.45
endloop
endfacet
facet normal 0 0 -1
outer loop
vertex 7.247204418453819 46.333355349529405 3.45
vertex 7.385819298766933 46.07402514854763 3.45
vertex 7.385819298767036 46.074025148547406 2
endloop
endfacet
facet normal 0 0 -1
outer loop
vertex 7.247204418453819 46.333355349529405 3.45
vertex 7.385819298767036 46.074025148547406 2
vertex 7.247204418454262 46.333355349528546 2
endloop
endfacet
facet normal 0.7730104533627331 0.63439328416365 0
outer loop
vertex 7.060660171779801 46.560660171779844 3.45
vertex 7.247204418453819 46.333355349529405 3.45
vertex 7.247204418454262 46.333355349528546 2
endloop
endfacet
facet normal 0.7730104533627331 0.63439328416365 0
outer loop
vertex 7.060660171779801 46.560660171779844 3.45
vertex 7.247204418454262 46.333355349528546 2
vertex 7.060660171779028 46.56066017178047 2
endloop
endfacet
facet normal 0.6343932841636462 0.7730104533627363 0
outer loop
vertex 6.833355349529448 46.747204418453784 3.45
vertex 7.060660171779801 46.560660171779844 3.45
vertex 7.060660171779028 46.56066017178047 2
endloop
endfacet
facet normal 0.6343932841636462 0.7730104533627363 0
outer loop
vertex 6.833355349529448 46.747204418453784 3.45
vertex 7.060660171779028 46.56066017178047 2
vertex 6.833355349529531 46.74720441845371 2
endloop
endfacet
facet normal 0.47139673682600136 0.8819212643483529 0
outer loop
vertex 6.5740251485475625 46.88581929876696 3.45
vertex 6.833355349529448 46.747204418453784 3.45
vertex 6.833355349529531 46.74720441845371 2
endloop
endfacet
facet normal 0.47139673682600136 0.8819212643483529 0
outer loop
vertex 6.5740251485475625 46.88581929876696 3.45
vertex 6.833355349529531 46.74720441845371 2
vertex 6.574025148546899 46.88581929876729 2
endloop
endfacet
facet normal 0.29028467725445495 0.9569403357322113 0
outer loop
vertex 6.292635483024235 46.97117792060484 3.45
vertex 6.5740251485475625 46.88581929876696 3.45
vertex 6.574025148546899 46.88581929876729 2
endloop
endfacet
facet normal 0.29028467725445495 0.9569403357322113 0
outer loop
vertex 6.292635483024235 46.97117792060484 3.45
vertex 6.574025148546899 46.88581929876729 2
vertex 6.292635483024918 46.97117792060476 2
endloop
endfacet
facet normal 0.09801714032955997 0.9951847266721969 0
outer loop
vertex 5.999999999999972 47 3.45
vertex 6.292635483024235 46.97117792060484 3.45
vertex 6.292635483024918 46.97117792060476 2
endloop
endfacet
facet normal 0.09801714032955997 0.9951847266721969 0
outer loop
vertex 5.999999999999972 47 3.45
vertex 6.292635483024918 46.97117792060476 2
vertex 5.999999999999735 47.00000000000001 2
endloop
endfacet
facet normal -0.0980171403295671 0.9951847266721963 0
outer loop
vertex 5.707364516975808 46.97117792060484 3.45
vertex 5.999999999999972 47 3.45
vertex 5.999999999999735 47.00000000000001 2
endloop
endfacet
facet normal -0.0980171403295671 0.9951847266721963 0
outer loop
vertex 5.707364516975808 46.97117792060484 3.45
vertex 5.999999999999735 47.00000000000001 2
vertex 5.707364516975516 46.97117792060476 2
endloop
endfacet
facet normal -0.2902846772544549 0.956940335732211 0
outer loop
vertex 5.425974851452388 46.88581929876696 3.45
vertex 5.707364516975808 46.97117792060484 3.45
vertex 5.707364516975516 46.97117792060476 2
endloop
endfacet
facet normal -0.2902846772544549 0.956940335732211 0
outer loop
vertex 5.425974851452388 46.88581929876696 3.45
vertex 5.707364516975516 46.97117792060476 2
vertex 5.425974851453165 46.88581929876729 2
endloop
endfacet
facet normal -0.47139673682600136 0.8819212643483529 0
outer loop
vertex 5.166644650470623 46.747204418453784 3.45
vertex 5.425974851452388 46.88581929876696 3.45
vertex 5.425974851453165 46.88581929876729 2
endloop
endfacet
facet normal -0.47139673682600136 0.8819212643483529 0
outer loop
vertex 5.166644650470623 46.747204418453784 3.45
vertex 5.425974851453165 46.88581929876729 2
vertex 5.166644650470602 46.74720441845371 2
endloop
endfacet
facet normal -0.6343932841636424 0.7730104533627395 0
outer loop
vertex 4.939339828220142 46.560660171779844 3.45
vertex 5.166644650470623 46.747204418453784 3.45
vertex 5.166644650470602 46.74720441845371 2
endloop
endfacet
facet normal -0.6343932841636424 0.7730104533627395 0
outer loop
vertex 4.939339828220142 46.560660171779844 3.45
vertex 5.166644650470602 46.74720441845371 2
vertex 4.939339828219983 46.56066017178047 2
endloop
endfacet
facet normal -0.7730104533627331 0.63439328416365 0
outer loop
vertex 4.752795581546181 46.333355349529405 3.45
vertex 4.939339828220142 46.560660171779844 3.45
vertex 4.939339828219983 46.56066017178047 2
endloop
endfacet
facet normal -0.7730104533627331 0.63439328416365 0
outer loop
vertex 4.752795581546181 46.333355349529405 3.45
vertex 4.939339828219983 46.56066017178047 2
vertex 4.752795581546511 46.333355349528546 2
endloop
endfacet
facet normal 0 0 1
outer loop
vertex 4.614180701233067 46.07402514854763 3.45
vertex 4.662901680602864 46.16517568984194 3.45
vertex 4.702416985741983 46.2391036260091 3.45
endloop
endfacet
facet normal 0 0 1
outer loop
vertex 4.614180701233067 46.07402514854763 3.45
vertex 4.702416985741983 46.2391036260091 3.45
vertex 4.726750390500272 46.284628224322546 3.45
endloop
endfacet
facet normal 0 0 1
outer loop
vertex 4.614180701233067 46.07402514854763 3.45
vertex 4.726750390500272 46.284628224322546 3.45
vertex 4.734966775779181 46.3 3.45
endloop
endfacet
facet normal 0 0 1
outer loop
vertex 4.614180701233067 46.07402514854763 3.45
vertex 4.734966775779181 46.3 3.45
vertex 4.752795581546181 46.333355349529405 3.45
endloop
endfacet
facet normal 0 0 1
outer loop
vertex 4.614180701233067 46.07402514854763 3.45
vertex 4.752795581546181 46.333355349529405 3.45
vertex 4.752795581546511 46.333355349528546 2
endloop
endfacet
facet normal 0 0 1
outer loop
vertex 4.614180701233067 46.07402514854763 3.45
vertex 4.752795581546511 46.333355349528546 2
vertex 4.614180701232633 46.074025148547406 2
endloop
endfacet
facet normal 0 0 1
outer loop
vertex 4.528822079395155 45.792635483024185 3.45
vertex 4.532920676177477 45.80614674589205 3.45
vertex 4.574876386271882 45.94445618641553 3.45
endloop
endfacet
facet normal 0 0 1
outer loop
vertex 4.528822079395155 45.792635483024185 3.45
vertex 4.574876386271882 45.94445618641553 3.45
vertex 4.611650873737296 46.06568542494921 3.45
endloop
endfacet
facet normal 0 0 1
outer loop
vertex 4.528822079395155 45.792635483024185 3.45
vertex 4.611650873737296 46.06568542494921 3.45
vertex 4.614180701233067 46.07402514854763 3.45
endloop
endfacet
facet normal 0 0 1
outer loop
vertex 4.528822079395155 45.792635483024185 3.45
vertex 4.614180701233067 46.07402514854763 3.45
vertex 4.614180701232633 46.074025148547406 2
endloop
endfacet
facet normal 0 0 1
outer loop
vertex 4.528822079395155 45.792635483024185 3.45
vertex 4.614180701232633 46.074025148547406 2
vertex 4.528822079395158 45.79263548302421 2
endloop
endfacet
facet normal 0 0 1
outer loop
vertex 4.5 45.49999999999997 3.45
vertex 4.515371775677417 45.65607225761287 3.45
vertex 4.528822079395155 45.792635483024185 3.45
endloop
endfacet
facet normal 0 0 1
outer loop
vertex 4.5 45.49999999999997 3.45
vertex 4.528822079395155 45.792635483024185 3.45
vertex 4.528822079395158 45.79263548302421 2
endloop
endfacet
facet normal 0 0 1
outer loop
vertex 4.5 45.49999999999997 3.45
vertex 4.528822079395158 45.79263548302421 2
vertex 4.50000000000005 45.49999999999998 2
endloop
endfacet
facet normal 0 0 -1
outer loop
vertex 4.528822079395155 45.207364516975815 3.45
vertex 4.51537177567741 45.34392774238707 3.45
vertex 4.5 45.49999999999997 3.45
endloop
endfacet
facet normal 0 0 -1
outer loop
vertex 4.528822079395155 45.207364516975815 3.45
vertex 4.5 45.49999999999997 3.45
vertex 4.50000000000005 45.49999999999998 2
endloop
endfacet
facet normal 0 0 -1
outer loop
vertex 4.528822079395155 45.207364516975815 3.45
vertex 4.50000000000005 45.49999999999998 2
vertex 4.5288220793952005 45.20736451697589 2
endloop
endfacet
facet normal 0 0 1
outer loop
vertex 4.614180701233067 44.92597485145237 3.45
vertex 4.611650873737296 44.93431457505092 3.45
vertex 4.574876386271889 45.05554381358438 3.45
endloop
endfacet
facet normal 0 0 1
outer loop
vertex 4.614180701233067 44.92597485145237 3.45
vertex 4.574876386271889 45.05554381358438 3.45
vertex 4.532920676177486 45.1938532541079 3.45
endloop
endfacet
facet normal 0 0 1
outer loop
vertex 4.614180701233067 44.92597485145237 3.45
vertex 4.532920676177486 45.1938532541079 3.45
vertex 4.528822079395155 45.207364516975815 3.45
endloop
endfacet
facet normal 0 0 1
outer loop
vertex 4.614180701233067 44.92597485145237 3.45
vertex 4.528822079395155 45.207364516975815 3.45
vertex 4.5288220793952005 45.20736451697589 2
endloop
endfacet
facet normal 0 0 1
outer loop
vertex 4.614180701233067 44.92597485145237 3.45
vertex 4.5288220793952005 45.20736451697589 2
vertex 4.614180701233159 44.92597485145196 2
endloop
endfacet
facet normal 0 0 1
outer loop
vertex 4.752795581546181 44.6666446504706 3.45
vertex 4.734966775779184 44.7 3.45
vertex 4.726750390500264 44.715371775677404 3.45
endloop
endfacet
facet normal 0 0 1
outer loop
vertex 4.752795581546181 44.6666446504706 3.45
vertex 4.726750390500264 44.715371775677404 3.45
vertex 4.702416985741988 44.76089637399096 3.45
endloop
endfacet
facet normal 0 0 1
outer loop
vertex 4.752795581546181 44.6666446504706 3.45
vertex 4.702416985741988 44.76089637399096 3.45
vertex 4.662901680602854 44.83482431015798 3.45
endloop
endfacet
facet normal 0 0 1
outer loop
vertex 4.752795581546181 44.6666446504706 3.45
vertex 4.662901680602854 44.83482431015798 3.45
vertex 4.614180701233067 44.92597485145237 3.45
endloop
endfacet
facet normal 0 0 1
outer loop
vertex 4.752795581546181 44.6666446504706 3.45
vertex 4.614180701233067 44.92597485145237 3.45
vertex 4.614180701233159 44.92597485145196 2
endloop
endfacet
facet normal 0 0 1
outer loop
vertex 4.752795581546181 44.6666446504706 3.45
vertex 4.614180701233159 44.92597485145196 2
vertex 4.7527955815464615 44.666644650470104 2
endloop
endfacet
facet normal -0.7730104533627333 -0.6343932841636502 0
outer loop
vertex 4.93933982822017 44.43933982822019 3.45
vertex 4.752795581546181 44.6666446504706 3.45
vertex 4.7527955815464615 44.666644650470104 2
endloop
endfacet
facet normal -0.7730104533627333 -0.6343932841636502 0
outer loop
vertex 4.93933982822017 44.43933982822019 3.45
vertex 4.7527955815464615 44.666644650470104 2
vertex 4.939339828219802 44.43933982822049 2
endloop
endfacet
facet normal -0.6343932841636462 -0.7730104533627363 0
outer loop
vertex 5.166644650470666 44.25279558154619 3.45
vertex 4.93933982822017 44.43933982822019 3.45
vertex 4.939339828219802 44.43933982822049 2
endloop
endfacet
facet normal -0.6343932841636462 -0.7730104533627363 0
outer loop
vertex 5.166644650470666 44.25279558154619 3.45
vertex 4.939339828219802 44.43933982822049 2
vertex 5.166644650470792 44.252795581546025 2
endloop
endfacet
facet normal -0.47139673682600136 -0.8819212643483529 0
outer loop
vertex 5.425974851452324 44.11418070123308 3.45
vertex 5.166644650470666 44.25279558154619 3.45
vertex 5.166644650470792 44.252795581546025 2
endloop
endfacet
facet normal -0.47139673682600136 -0.8819212643483529 0
outer loop
vertex 5.425974851452324 44.11418070123308 3.45
vertex 5.166644650470792 44.252795581546025 2
vertex 5.425974851451682 44.11418070123338 2
endloop
endfacet
facet normal -0.29028467725445495 -0.9569403357322113 0
outer loop
vertex 5.70736451697578 44.02882207939516 3.45
vertex 5.425974851452324 44.11418070123308 3.45
vertex 5.425974851451682 44.11418070123338 2
endloop
endfacet
facet normal -0.29028467725445495 -0.9569403357322113 0
outer loop
vertex 5.70736451697578 44.02882207939516 3.45
vertex 5.425974851451682 44.11418070123338 2
vertex 5.70736451697612 44.02882207939516 2
endloop
endfacet
facet normal -0.09801714032955997 -0.9951847266721969 0
outer loop
vertex 5.999999999999986 44.00000000000001 3.45
vertex 5.70736451697578 44.02882207939516 3.45
vertex 5.70736451697612 44.02882207939516 2
endloop
endfacet
facet normal -0.09801714032955997 -0.9951847266721969 0
outer loop
vertex 5.999999999999986 44.00000000000001 3.45
vertex 5.70736451697612 44.02882207939516 2
vertex 6.000000000000398 44 2
endloop
endfacet
facet normal 0.09801714032955997 -0.9951847266721969 0
outer loop
vertex 6.292635483024213 44.02882207939516 3.45
vertex 5.999999999999986 44.00000000000001 3.45
vertex 6.000000000000398 44 2
endloop
endfacet
facet normal 0.09801714032955997 -0.9951847266721969 0
outer loop
vertex 6.292635483024213 44.02882207939516 3.45
vertex 6.000000000000398 44 2
vertex 6.29263548302468 44.02882207939516 2
endloop
endfacet
facet normal 0.29028467725445495 -0.9569403357322113 0
outer loop
vertex 6.5740251485476335 44.11418070123308 3.45
vertex 6.292635483024213 44.02882207939516 3.45
vertex 6.29263548302468 44.02882207939516 2
endloop
endfacet
facet normal 0.29028467725445495 -0.9569403357322113 0
outer loop
vertex 6.5740251485476335 44.11418070123308 3.45
vertex 6.29263548302468 44.02882207939516 2
vertex 6.574025148548557 44.11418070123338 2
endloop
endfacet
facet normal 0.47139673682600136 -0.8819212643483529 0
outer loop
vertex 6.833355349529413 44.25279558154619 3.45
vertex 6.5740251485476335 44.11418070123308 3.45
vertex 6.574025148548557 44.11418070123338 2
endloop
endfacet
facet normal 0.47139673682600136 -0.8819212643483529 0
outer loop
vertex 6.833355349529413 44.25279558154619 3.45
vertex 6.574025148548557 44.11418070123338 2
vertex 6.833355349529176 44.252795581546025 2
endloop
endfacet
facet normal 0.6343932841636502 -0.7730104533627332 0
outer loop
vertex 7.060660171779837 44.43933982822019 3.45
vertex 6.833355349529413 44.25279558154619 3.45
vertex 6.833355349529176 44.252795581546025 2
endloop
endfacet
facet normal 0.6343932841636502 -0.7730104533627332 0
outer loop
vertex 7.060660171779837 44.43933982822019 3.45
vertex 6.833355349529176 44.252795581546025 2
vertex 7.060660171779806 44.43933982822049 2
endloop
endfacet
facet normal 0.7730104533627326 -0.6343932841636509 0
outer loop
vertex 7.247204418453819 44.6666446504706 3.45
vertex 7.060660171779837 44.43933982822019 3.45
vertex 7.060660171779806 44.43933982822049 2
endloop
endfacet
facet normal 0.7730104533627326 -0.6343932841636509 0
outer loop
vertex 7.247204418453819 44.6666446504706 3.45
vertex 7.060660171779806 44.43933982822049 2
vertex 7.2472044184534985 44.666644650470104 2
endloop
endfacet
facet normal 0 0 -1
outer loop
vertex 7.385819298766933 44.92597485145237 3.45
vertex 7.337098319397145 44.83482431015798 3.45
vertex 7.297583014258011 44.76089637399096 3.45
endloop
endfacet
facet normal 0 0 -1
outer loop
vertex 7.385819298766933 44.92597485145237 3.45
vertex 7.297583014258011 44.76089637399096 3.45
vertex 7.273249609499736 44.715371775677404 3.45
endloop
endfacet
facet normal 0 0 -1
outer loop
vertex 7.385819298766933 44.92597485145237 3.45
vertex 7.273249609499736 44.715371775677404 3.45
vertex 7.265033224220815 44.7 3.45
endloop
endfacet
facet normal 0 0 -1
outer loop
vertex 7.385819298766933 44.92597485145237 3.45
vertex 7.265033224220815 44.7 3.45
vertex 7.247204418453819 44.6666446504706 3.45
endloop
endfacet
facet normal 0 0 -1
outer loop
vertex 7.385819298766933 44.92597485145237 3.45
vertex 7.247204418453819 44.6666446504706 3.45
vertex 7.2472044184534985 44.666644650470104 2
endloop
endfacet
facet normal 0 0 -1
outer loop
vertex 7.385819298766933 44.92597485145237 3.45
vertex 7.2472044184534985 44.666644650470104 2
vertex 7.385819298766733 44.92597485145196 2
endloop
endfacet
facet normal 0 0 1
outer loop
vertex 7.471177920604845 45.207364516975815 3.45
vertex 7.467079323822514 45.1938532541079 3.45
vertex 7.42512361372811 45.05554381358438 3.45
endloop
endfacet
facet normal 0 0 1
outer loop
vertex 7.471177920604845 45.207364516975815 3.45
vertex 7.42512361372811 45.05554381358438 3.45
vertex 7.388349126262704 44.93431457505092 3.45
endloop
endfacet
facet normal 0 0 1
outer loop
vertex 7.471177920604845 45.207364516975815 3.45
vertex 7.388349126262704 44.93431457505092 3.45
vertex 7.385819298766933 44.92597485145237 3.45
endloop
endfacet
facet normal 0 0 1
outer loop
vertex 7.471177920604845 45.207364516975815 3.45
vertex 7.385819298766933 44.92597485145237 3.45
vertex 7.385819298766733 44.92597485145196 2
endloop
endfacet
facet normal 0 0 1
outer loop
vertex 7.471177920604845 45.207364516975815 3.45
vertex 7.385819298766733 44.92597485145196 2
vertex 7.471177920604798 45.20736451697589 2
endloop
endfacet
facet normal 0 0 -1
outer loop
vertex 14.500000000000004 -5.499999999999977 3.45
vertex 14.484628224322591 -5.656072257612903 3.45
vertex 14.471177920604855 -5.79263548302416 3.45
endloop
endfacet
facet normal 0 0 -1
outer loop
vertex 14.500000000000004 -5.499999999999977 3.45
vertex 14.471177920604855 -5.79263548302416 3.45
vertex 14.471177920604823 -5.792635483024254 2
endloop
endfacet
facet normal 0 0 -1
outer loop
vertex 14.500000000000004 -5.499999999999977 3.45
vertex 14.471177920604823 -5.792635483024254 2
vertex 14.49999999999999 -5.499999999999979 2
endloop
endfacet
facet normal 0 0 1
outer loop
vertex 14.471177920604841 -5.207364516975801 3.45
vertex 14.484628224322583 -5.3439277423871 3.45
vertex 14.500000000000004 -5.499999999999977 3.45
endloop
endfacet
facet normal 0 0 1
outer loop
vertex 14.471177920604841 -5.207364516975801 3.45
vertex 14.500000000000004 -5.499999999999977 3.45
vertex 14.49999999999999 -5.499999999999979 2
endloop
endfacet
facet normal 0 0 1
outer loop
vertex 14.471177920604841 -5.207364516975801 3.45
vertex 14.49999999999999 -5.499999999999979 2
vertex 14.471177920604811 -5.207364516975726 2
endloop
endfacet
facet normal 0 0 1
outer loop
vertex 14.385819298766926 -4.925974851452363 3.45
vertex 14.388349126262705 -4.934314575050816 3.45
vertex 14.425123613728099 -5.055543813584424 3.45
endloop
endfacet
facet normal 0 0 1
outer loop
vertex 14.385819298766926 -4.925974851452363 3.45
vertex 14.425123613728099 -5.055543813584424 3.45
vertex 14.467079323822523 -5.193853254107949 3.45
endloop
endfacet
facet normal 0 0 1
outer loop
vertex 14.385819298766926 -4.925974851452363 3.45
vertex 14.467079323822523 -5.193853254107949 3.45
vertex 14.471177920604841 -5.207364516975801 3.45
endloop
endfacet
facet normal 0 0 1
outer loop
vertex 14.385819298766926 -4.925974851452363 3.45
vertex 14.471177920604841 -5.207364516975801 3.45
vertex 14.471177920604811 -5.207364516975726 2
endloop
endfacet
facet normal 0 0 1
outer loop
vertex 14.385819298766926 -4.925974851452363 3.45
vertex 14.471177920604811 -5.207364516975726 2
vertex 14.432798644718513 -5.080844999999645 2
endloop
endfacet
facet normal 0 0 1
outer loop
vertex 14.385819298766926 -4.925974851452363 3.45
vertex 14.432798644718513 -5.080844999999645 2
vertex 14.42215207642169 -5.045747967883729 2
endloop
endfacet
facet normal 0 0 1
outer loop
vertex 14.385819298766926 -4.925974851452363 3.45
vertex 14.42215207642169 -5.045747967883729 2
vertex 14.414468883303343 -5.020419874538582 2
endloop
endfacet
facet normal 0 0 1
outer loop
vertex 14.385819298766926 -4.925974851452363 3.45
vertex 14.414468883303343 -5.020419874538582 2
vertex 14.409827719898386 -5.005120009216946 2
endloop
endfacet
facet normal 0 0 1
outer loop
vertex 14.385819298766926 -4.925974851452363 3.45
vertex 14.409827719898386 -5.005120009216946 2
vertex 14.408274582082386 -5 2
endloop
endfacet
facet normal 0 0 1
outer loop
vertex 14.385819298766926 -4.925974851452363 3.45
vertex 14.408274582082386 -5 2
vertex 14.385819298766924 -4.925974851452375 2
endloop
endfacet
facet normal 0 0 -1
outer loop
vertex 14.24720441845382 -4.666644650470605 3.45
vertex 14.265033224220812 -4.700000000000024 3.45
vertex 14.273249609499727 -4.715371775677466 3.45
endloop
endfacet
facet normal 0 0 -1
outer loop
vertex 14.24720441845382 -4.666644650470605 3.45
vertex 14.273249609499727 -4.715371775677466 3.45
vertex 14.29758301425801 -4.760896373990921 3.45
endloop
endfacet
facet normal 0 0 -1
outer loop
vertex 14.24720441845382 -4.666644650470605 3.45
vertex 14.29758301425801 -4.760896373990921 3.45
vertex 14.337098319397127 -4.834824310157986 3.45
endloop
endfacet
facet normal 0 0 -1
outer loop
vertex 14.24720441845382 -4.666644650470605 3.45
vertex 14.337098319397127 -4.834824310157986 3.45
vertex 14.385819298766926 -4.925974851452363 3.45
endloop
endfacet
facet normal 0 0 -1
outer loop
vertex 14.24720441845382 -4.666644650470605 3.45
vertex 14.385819298766926 -4.925974851452363 3.45
vertex 14.385819298766924 -4.925974851452375 2
endloop
endfacet
facet normal 0 0 -1
outer loop
vertex 14.24720441845382 -4.666644650470605 3.45
vertex 14.385819298766924 -4.925974851452375 2
vertex 14.247204418453899 -4.666644650470766 2
endloop
endfacet
facet normal 0.7730104533627385 0.6343932841636437 0
outer loop
vertex 14.060660171779816 -4.439339828220177 3.45
vertex 14.24720441845382 -4.666644650470605 3.45
vertex 14.247204418453899 -4.666644650470766 2
endloop
endfacet
facet normal 0.7730104533627385 0.6343932841636437 0
outer loop
vertex 14.060660171779816 -4.439339828220177 3.45
vertex 14.247204418453899 -4.666644650470766 2
vertex 14.06066017177954 -4.4393398282199055 2
endloop
endfacet
facet normal 0.6343932841636464 0.7730104533627362 0
outer loop
vertex 13.833355349529398 -4.252795581546181 3.45
vertex 14.060660171779816 -4.439339828220177 3.45
vertex 14.06066017177954 -4.4393398282199055 2
endloop
endfacet
facet normal 0.6343932841636464 0.7730104533627362 0
outer loop
vertex 13.833355349529398 -4.252795581546181 3.45
vertex 14.06066017177954 -4.4393398282199055 2
vertex 13.833355349529509 -4.252795581546225 2
endloop
endfacet
facet normal 0.47139673682599714 0.8819212643483554 0
outer loop
vertex 13.574025148547634 -4.114180701233071 3.45
vertex 13.833355349529398 -4.252795581546181 3.45
vertex 13.833355349529509 -4.252795581546225 2
endloop
endfacet
facet normal 0.47139673682599714 0.8819212643483554 0
outer loop
vertex 13.574025148547634 -4.114180701233071 3.45
vertex 13.833355349529509 -4.252795581546225 2
vertex 13.57402514854799 -4.114180701233247 2
endloop
endfacet
facet normal 0.29028467725446094 0.9569403357322094 0
outer loop
vertex 13.292635483024185 -4.028822079395155 3.45
vertex 13.574025148547634 -4.114180701233071 3.45
vertex 13.57402514854799 -4.114180701233247 2
endloop
endfacet
facet normal 0.29028467725446094 0.9569403357322094 0
outer loop
vertex 13.292635483024185 -4.028822079395155 3.45
vertex 13.57402514854799 -4.114180701233247 2
vertex 13.292635483023682 -4.028822079395069 2
endloop
endfacet
facet normal 0.09801714032956044 0.9951847266721969 0
outer loop
vertex 13 -4 3.45
vertex 13.292635483024185 -4.028822079395155 3.45
vertex 13.292635483023682 -4.028822079395069 2
endloop
endfacet
facet normal 0.09801714032956044 0.9951847266721969 0
outer loop
vertex 13 -4 3.45
vertex 13.292635483023682 -4.028822079395069 2
vertex 13.00000000000022 -3.9999999999999867 2
endloop
endfacet
facet normal -0.09801714032956 0.9951847266721969 0
outer loop
vertex 12.707364516975808 -4.028822079395155 3.45
vertex 13 -4 3.45
vertex 13.00000000000022 -3.9999999999999867 2
endloop
endfacet
facet normal -0.09801714032956 0.9951847266721969 0
outer loop
vertex 12.707364516975808 -4.028822079395155 3.45
vertex 13.00000000000022 -3.9999999999999867 2
vertex 12.707364516975892 -4.028822079395069 2
endloop
endfacet
facet normal -0.2902846772544612 0.9569403357322093 0
outer loop
vertex 12.425974851452366 -4.114180701233071 3.45
vertex 12.707364516975808 -4.028822079395155 3.45
vertex 12.707364516975892 -4.028822079395069 2
endloop
endfacet
facet normal -0.2902846772544612 0.9569403357322093 0
outer loop
vertex 12.425974851452366 -4.114180701233071 3.45
vertex 12.707364516975892 -4.028822079395069 2
vertex 12.425974851451883 -4.114180701233247 2
endloop
endfacet
facet normal -0.47139673682599614 0.8819212643483558 0
outer loop
vertex 12.166644650470602 -4.252795581546181 3.45
vertex 12.425974851452366 -4.114180701233071 3.45
vertex 12.425974851451883 -4.114180701233247 2
endloop
endfacet
facet normal -0.47139673682599614 0.8819212643483558 0
outer loop
vertex 12.166644650470602 -4.252795581546181 3.45
vertex 12.425974851451883 -4.114180701233247 2
vertex 12.166644650470921 -4.252795581546225 2
endloop
endfacet
facet normal -0.6343932841636467 0.7730104533627361 0
outer loop
vertex 11.939339828220163 -4.439339828220177 3.45
vertex 12.166644650470602 -4.252795581546181 3.45
vertex 12.166644650470921 -4.252795581546225 2
endloop
endfacet
facet normal -0.6343932841636467 0.7730104533627361 0
outer loop
vertex 11.939339828220163 -4.439339828220177 3.45
vertex 12.166644650470921 -4.252795581546225 2
vertex 11.939339828219907 -4.4393398282199055 2
endloop
endfacet
facet normal -0.7730104533627318 0.634393284163652 0
outer loop
vertex 11.752795581546188 -4.666644650470605 3.45
vertex 11.939339828220163 -4.439339828220177 3.45
vertex 11.939339828219907 -4.4393398282199055 2
endloop
endfacet
facet normal -0.7730104533627318 0.634393284163652 0
outer loop
vertex 11.752795581546188 -4.666644650470605 3.45
vertex 11.939339828219907 -4.4393398282199055 2
vertex 11.752795581546385 -4.666644650470766 2
endloop
endfacet
facet normal 0 0 1
outer loop
vertex 11.614180701233067 -4.925974851452363 3.45
vertex 11.662901680602868 -4.834824310157986 3.45
vertex 11.70241698574199 -4.760896373990921 3.45
endloop
endfacet
facet normal 0 0 1
outer loop
vertex 11.614180701233067 -4.925974851452363 3.45
vertex 11.70241698574199 -4.760896373990921 3.45
vertex 11.726750390500275 -4.715371775677466 3.45
endloop
endfacet
facet normal 0 0 1
outer loop
vertex 11.614180701233067 -4.925974851452363 3.45
vertex 11.726750390500275 -4.715371775677466 3.45
vertex 11.734966775779194 -4.700000000000024 3.45
endloop
endfacet
facet normal 0 0 1
outer loop
vertex 11.614180701233067 -4.925974851452363 3.45
vertex 11.734966775779194 -4.700000000000024 3.45
vertex 11.752795581546188 -4.666644650470605 3.45
endloop
endfacet
facet normal 0 0 1
outer loop
vertex 11.614180701233067 -4.925974851452363 3.45
vertex 11.752795581546188 -4.666644650470605 3.45
vertex 11.752795581546385 -4.666644650470766 2
endloop
endfacet
facet normal 0 0 1
outer loop
vertex 11.614180701233067 -4.925974851452363 3.45
vertex 11.752795581546385 -4.666644650470766 2
vertex 11.61418070123305 -4.925974851452375 2
endloop
endfacet
facet normal 0 0 1
outer loop
vertex 11.528822079395155 -5.207364516975801 3.45
vertex 11.532920676177474 -5.193853254107949 3.45
vertex 11.574876386271896 -5.055543813584424 3.45
endloop
endfacet
facet normal 0 0 1
outer loop
vertex 11.528822079395155 -5.207364516975801 3.45
vertex 11.574876386271896 -5.055543813584424 3.45
vertex 11.611650873737288 -4.934314575050816 3.45
endloop
endfacet
facet normal 0 0 1
outer loop
vertex 11.528822079395155 -5.207364516975801 3.45
vertex 11.611650873737288 -4.934314575050816 3.45
vertex 11.614180701233067 -4.925974851452363 3.45
endloop
endfacet
facet normal 0 0 1
outer loop
vertex 11.528822079395155 -5.207364516975801 3.45
vertex 11.614180701233067 -4.925974851452363 3.45
vertex 11.61418070123305 -4.925974851452375 2
endloop
endfacet
facet normal 0 0 1
outer loop
vertex 11.528822079395155 -5.207364516975801 3.45
vertex 11.61418070123305 -4.925974851452375 2
vertex 11.528822079395177 -5.207364516975726 2
endloop
endfacet
facet normal 0 0 1
outer loop
vertex 11.5 -5.499999999999977 3.45
vertex 11.515371775677417 -5.3439277423871 3.45
vertex 11.528822079395155 -5.207364516975801 3.45
endloop
endfacet
facet normal 0 0 1
outer loop
vertex 11.5 -5.499999999999977 3.45
vertex 11.528822079395155 -5.207364516975801 3.45
vertex 11.528822079395177 -5.207364516975726 2
endloop
endfacet
facet normal 0 0 1
outer loop
vertex 11.5 -5.499999999999977 3.45
vertex 11.528822079395177 -5.207364516975726 2
vertex 11.500000000000004 -5.499999999999979 2
endloop
endfacet
facet normal 0 0 -1
outer loop
vertex 11.528822079395155 -5.79263548302416 3.45
vertex 11.515371775677412 -5.656072257612903 3.45
vertex 11.5 -5.499999999999977 3.45
endloop
endfacet
facet normal 0 0 -1
outer loop
vertex 11.528822079395155 -5.79263548302416 3.45
vertex 11.5 -5.499999999999977 3.45
vertex 11.500000000000004 -5.499999999999979 2
endloop
endfacet
facet normal 0 0 -1
outer loop
vertex 11.528822079395155 -5.79263548302416 3.45
vertex 11.500000000000004 -5.499999999999979 2
vertex 11.528822079395127 -5.792635483024254 2
endloop
endfacet
facet normal 0 0 1
outer loop
vertex 11.614180701233067 -6.074025148547644 3.45
vertex 11.61165087373729 -6.065685424949232 3.45
vertex 11.574876386271894 -5.944456186415675 3.45
endloop
endfacet
facet normal 0 0 1
outer loop
vertex 11.614180701233067 -6.074025148547644 3.45
vertex 11.574876386271894 -5.944456186415675 3.45
vertex 11.532920676177481 -5.806146745892068 3.45
endloop
endfacet
facet normal 0 0 1
outer loop
vertex 11.614180701233067 -6.074025148547644 3.45
vertex 11.532920676177481 -5.806146745892068 3.45
vertex 11.528822079395155 -5.79263548302416 3.45
endloop
endfacet
facet normal 0 0 1
outer loop
vertex 11.614180701233067 -6.074025148547644 3.45
vertex 11.528822079395155 -5.79263548302416 3.45
vertex 11.528822079395127 -5.792635483024254 2
endloop
endfacet
facet normal 0 0 1
outer loop
vertex 11.614180701233067 -6.074025148547644 3.45
vertex 11.528822079395127 -5.792635483024254 2
vertex 11.614180701233176 -6.0740251485476255 2
endloop
endfacet
facet normal 0 0 1
outer loop
vertex 11.75279558154618 -6.333355349529402 3.45
vertex 11.734966775779183 -6.300000000000001 3.45
vertex 11.726750390500264 -6.2846282243225815 3.45
endloop
endfacet
facet normal 0 0 1
outer loop
vertex 11.75279558154618 -6.333355349529402 3.45
vertex 11.726750390500264 -6.2846282243225815 3.45
vertex 11.70241698574198 -6.239103626009007 3.45
endloop
endfacet
facet normal 0 0 1
outer loop
vertex 11.75279558154618 -6.333355349529402 3.45
vertex 11.70241698574198 -6.239103626009007 3.45
vertex 11.662901680602864 -6.165175689842036 3.45
endloop
endfacet
facet normal 0 0 1
outer loop
vertex 11.75279558154618 -6.333355349529402 3.45
vertex 11.662901680602864 -6.165175689842036 3.45
vertex 11.614180701233067 -6.074025148547644 3.45
endloop
endfacet
facet normal 0 0 1
outer loop
vertex 11.75279558154618 -6.333355349529402 3.45
vertex 11.614180701233067 -6.074025148547644 3.45
vertex 11.614180701233176 -6.0740251485476255 2
endloop
endfacet
facet normal 0 0 1
outer loop
vertex 11.75279558154618 -6.333355349529402 3.45
vertex 11.614180701233176 -6.0740251485476255 2
vertex 11.752795581546025 -6.333355349529169 2
endloop
endfacet
facet normal -0.7730104533627331 -0.63439328416365 0
outer loop
vertex 11.939339828220177 -6.560660171779823 3.45
vertex 11.75279558154618 -6.333355349529402 3.45
vertex 11.752795581546025 -6.333355349529169 2
endloop
endfacet
facet normal -0.7730104533627331 -0.63439328416365 0
outer loop
vertex 11.939339828220177 -6.560660171779823 3.45
vertex 11.752795581546025 -6.333355349529169 2
vertex 11.93933982822039 -6.560660171780032 2
endloop
endfacet
facet normal -0.6343932841636462 -0.7730104533627364 0
outer loop
vertex 12.166644650470587 -6.747204418453812 3.45
vertex 11.939339828220177 -6.560660171779823 3.45
vertex 11.93933982822039 -6.560660171780032 2
endloop
endfacet
facet normal -0.6343932841636462 -0.7730104533627364 0
outer loop
vertex 12.166644650470587 -6.747204418453812 3.45
vertex 11.93933982822039 -6.560660171780032 2
vertex 12.166644650470555 -6.747204418453823 2
endloop
endfacet
facet normal -0.4713967368259944 -0.8819212643483568 0
outer loop
vertex 12.425974851452366 -6.885819298766933 3.45
vertex 12.166644650470587 -6.747204418453812 3.45
vertex 12.166644650470555 -6.747204418453823 2
endloop
endfacet
facet normal -0.4713967368259944 -0.8819212643483568 0
outer loop
vertex 12.425974851452366 -6.885819298766933 3.45
vertex 12.166644650470555 -6.747204418453823 2
vertex 12.425974851452544 -6.885819298767051 2
endloop
endfacet
facet normal -0.29028467725446605 -0.9569403357322077 0
outer loop
vertex 12.707364516975801 -6.971177920604845 3.45
vertex 12.425974851452366 -6.885819298766933 3.45
vertex 12.425974851452544 -6.885819298767051 2
endloop
endfacet
facet normal -0.29028467725446605 -0.9569403357322077 0
outer loop
vertex 12.707364516975801 -6.971177920604845 3.45
vertex 12.425974851452544 -6.885819298767051 2
vertex 12.70736451697554 -6.971177920604832 2
endloop
endfacet
facet normal -0.09801714032955999 -0.9951847266721969 0
outer loop
vertex 13 -7 3.45
vertex 12.707364516975801 -6.971177920604845 3.45
vertex 12.70736451697554 -6.971177920604832 2
endloop
endfacet
facet normal -0.09801714032955999 -0.9951847266721969 0
outer loop
vertex 13 -7 3.45
vertex 12.70736451697554 -6.971177920604832 2
vertex 13.000000000000167 -7.000000000000029 2
endloop
endfacet
facet normal 0.09801714032955999 -0.9951847266721969 0
outer loop
vertex 13.292635483024192 -6.971177920604845 3.45
vertex 13 -7 3.45
vertex 13.000000000000167 -7.000000000000029 2
endloop
endfacet
facet normal 0.09801714032955999 -0.9951847266721969 0
outer loop
vertex 13.292635483024192 -6.971177920604845 3.45
vertex 13.000000000000167 -7.000000000000029 2
vertex 13.292635483024798 -6.971177920604832 2
endloop
endfacet
facet normal 0.29028467725446216 -0.9569403357322089 0
outer loop
vertex 13.574025148547634 -6.885819298766933 3.45
vertex 13.292635483024192 -6.971177920604845 3.45
vertex 13.292635483024798 -6.971177920604832 2
endloop
endfacet
facet normal 0.29028467725446216 -0.9569403357322089 0
outer loop
vertex 13.574025148547634 -6.885819298766933 3.45
vertex 13.292635483024798 -6.971177920604832 2
vertex 13.574025148547014 -6.885819298767051 2
endloop
endfacet
facet normal 0.47139673682600136 -0.8819212643483529 0
outer loop
vertex 13.833355349529409 -6.747204418453812 3.45
vertex 13.574025148547634 -6.885819298766933 3.45
vertex 13.574025148547014 -6.885819298767051 2
endloop
endfacet
facet normal 0.47139673682600136 -0.8819212643483529 0
outer loop
vertex 13.833355349529409 -6.747204418453812 3.45
vertex 13.574025148547014 -6.885819298767051 2
vertex 13.833355349529791 -6.747204418453823 2
endloop
endfacet
facet normal 0.6343932841636462 -0.7730104533627363 0
outer loop
vertex 14.06066017177982 -6.560660171779823 3.45
vertex 13.833355349529409 -6.747204418453812 3.45
vertex 13.833355349529791 -6.747204418453823 2
endloop
endfacet
facet normal 0.6343932841636462 -0.7730104533627363 0
outer loop
vertex 14.06066017177982 -6.560660171779823 3.45
vertex 13.833355349529791 -6.747204418453823 2
vertex 14.060660171779451 -6.560660171780032 2
endloop
endfacet
facet normal 0.7730104533627348 -0.634393284163648 0
outer loop
vertex 14.24720441845382 -6.333355349529402 3.45
vertex 14.06066017177982 -6.560660171779823 3.45
vertex 14.060660171779451 -6.560660171780032 2
endloop
endfacet
facet normal 0.7730104533627348 -0.634393284163648 0
outer loop
vertex 14.24720441845382 -6.333355349529402 3.45
vertex 14.060660171779451 -6.560660171780032 2
vertex 14.247204418453714 -6.333355349529169 2
endloop
endfacet
facet normal 0 0 -1
outer loop
vertex 14.385819298766926 -6.074025148547644 3.45
vertex 14.33709831939713 -6.165175689842036 3.45
vertex 14.297583014258013 -6.239103626009007 3.45
endloop
endfacet
facet normal 0 0 -1
outer loop
vertex 14.385819298766926 -6.074025148547644 3.45
vertex 14.297583014258013 -6.239103626009007 3.45
vertex 14.273249609499732 -6.2846282243225815 3.45
endloop
endfacet
facet normal 0 0 -1
outer loop
vertex 14.385819298766926 -6.074025148547644 3.45
vertex 14.273249609499732 -6.2846282243225815 3.45
vertex 14.265033224220815 -6.300000000000001 3.45
endloop
endfacet
facet normal 0 0 -1
outer loop
vertex 14.385819298766926 -6.074025148547644 3.45
vertex 14.265033224220815 -6.300000000000001 3.45
vertex 14.24720441845382 -6.333355349529402 3.45
endloop
endfacet
facet normal 0 0 -1
outer loop
vertex 14.385819298766926 -6.074025148547644 3.45
vertex 14.24720441845382 -6.333355349529402 3.45
vertex 14.247204418453714 -6.333355349529169 2
endloop
endfacet
facet normal 0 0 -1
outer loop
vertex 14.385819298766926 -6.074025148547644 3.45
vertex 14.247204418453714 -6.333355349529169 2
vertex 14.385819298766929 -6.0740251485476255 2
endloop
endfacet
facet normal 0 0 1
outer loop
vertex 14.471177920604855 -5.79263548302416 3.45
vertex 14.467079323822528 -5.806146745892068 3.45
vertex 14.4251236137281 -5.944456186415675 3.45
endloop
endfacet
facet normal 0 0 1
outer loop
vertex 14.471177920604855 -5.79263548302416 3.45
vertex 14.4251236137281 -5.944456186415675 3.45
vertex 14.388349126262703 -6.065685424949232 3.45
endloop
endfacet
facet normal 0 0 1
outer loop
vertex 14.471177920604855 -5.79263548302416 3.45
vertex 14.388349126262703 -6.065685424949232 3.45
vertex 14.385819298766926 -6.074025148547644 3.45
endloop
endfacet
facet normal 0 0 1
outer loop
vertex 14.471177920604855 -5.79263548302416 3.45
vertex 14.385819298766926 -6.074025148547644 3.45
vertex 14.385819298766929 -6.0740251485476255 2
endloop
endfacet
facet normal 0 0 1
outer loop
vertex 14.471177920604855 -5.79263548302416 3.45
vertex 14.385819298766929 -6.0740251485476255 2
vertex 14.471177920604823 -5.792635483024254 2
endloop
endfacet
facet normal 0 0 1
outer loop
vertex 87 -9.000000000000085 3.45
vertex 86.98462822432256 -9.156072257612927 3.45
vertex 86.97117792060482 -9.292635483024267 3.45
endloop
endfacet
facet normal 0 0 1
outer loop
vertex 87 -9.000000000000085 3.45
vertex 86.97117792060482 -9.292635483024267 3.45
vertex 86.97117792060439 -9.292635483025471 2
endloop
endfacet
facet normal 0 0 1
outer loop
vertex 87 -9.000000000000085 3.45
vertex 86.97117792060439 -9.292635483025471 2
vertex 86.99999999999967 -9.000000000000085 2
endloop
endfacet
facet normal 0 0 -1
outer loop
vertex 86.97117792060486 -8.707364516975815 3.45
vertex 86.98462822432259 -8.843927742387052 3.45
vertex 87 -9.000000000000085 3.45
endloop
endfacet
facet normal 0 0 -1
outer loop
vertex 86.97117792060486 -8.707364516975815 3.45
vertex 87 -9.000000000000085 3.45
vertex 86.99999999999967 -9.000000000000085 2
endloop
endfacet
facet normal 0 0 -1
outer loop
vertex 86.97117792060486 -8.707364516975815 3.45
vertex 86.99999999999967 -9.000000000000085 2
vertex 86.97117792060418 -8.707364516973907 2
endloop
endfacet
facet normal 0 0 1
outer loop
vertex 86.88581929876693 -8.425974851452324 3.45
vertex 86.88834912626271 -8.434314575050742 3.45
vertex 86.92512361372812 -8.555543813584201 3.45
endloop
endfacet
facet normal 0 0 1
outer loop
vertex 86.88581929876693 -8.425974851452324 3.45
vertex 86.92512361372812 -8.555543813584201 3.45
vertex 86.96707932382257 -8.693853254107946 3.45
endloop
endfacet
facet normal 0 0 1
outer loop
vertex 86.88581929876693 -8.425974851452324 3.45
vertex 86.96707932382257 -8.693853254107946 3.45
vertex 86.97117792060486 -8.707364516975815 3.45
endloop
endfacet
facet normal 0 0 1
outer loop
vertex 86.88581929876693 -8.425974851452324 3.45
vertex 86.97117792060486 -8.707364516975815 3.45
vertex 86.97117792060418 -8.707364516973907 2
endloop
endfacet
facet normal 0 0 1
outer loop
vertex 86.88581929876693 -8.425974851452324 3.45
vertex 86.97117792060418 -8.707364516973907 2
vertex 86.88581929876622 -8.425974851450345 2
endloop
endfacet
facet normal 0 0 1
outer loop
vertex 86.74720441845388 -8.166644650470666 3.45
vertex 86.76503322422083 -8.200000000000047 3.45
vertex 86.77324960949976 -8.215371775677301 3.45
endloop
endfacet
facet normal 0 0 1
outer loop
vertex 86.74720441845388 -8.166644650470666 3.45
vertex 86.77324960949976 -8.215371775677301 3.45
vertex 86.79758301425804 -8.260896373990658 3.45
endloop
endfacet
facet normal 0 0 1
outer loop
vertex 86.74720441845388 -8.166644650470666 3.45
vertex 86.79758301425804 -8.260896373990658 3.45
vertex 86.83709831939716 -8.334824310157941 3.45
endloop
endfacet
facet normal 0 0 1
outer loop
vertex 86.74720441845388 -8.166644650470666 3.45
vertex 86.83709831939716 -8.334824310157941 3.45
vertex 86.88581929876693 -8.425974851452324 3.45
endloop
endfacet
facet normal 0 0 1
outer loop
vertex 86.74720441845388 -8.166644650470666 3.45
vertex 86.88581929876693 -8.425974851452324 3.45
vertex 86.88581929876622 -8.425974851450345 2
endloop
endfacet
facet normal 0 0 1
outer loop
vertex 86.74720441845388 -8.166644650470666 3.45
vertex 86.88581929876622 -8.425974851450345 2
vertex 86.74720441845564 -8.16664465047331 2
endloop
endfacet
facet normal 0.7730104533627284 0.6343932841636561 0
outer loop
vertex 86.5606601717798 -7.939339828220149 3.45
vertex 86.74720441845388 -8.166644650470666 3.45
vertex 86.74720441845564 -8.16664465047331 2
endloop
endfacet
facet normal 0.7730104533627284 0.6343932841636561 0
outer loop
vertex 86.5606601717798 -7.939339828220149 3.45
vertex 86.74720441845564 -8.16664465047331 2
vertex 86.56066017177783 -7.939339828218258 2
endloop
endfacet
facet normal 0.634393284163644 0.7730104533627382 0
outer loop
vertex 86.33335534952946 -7.752795581546209 3.45
vertex 86.5606601717798 -7.939339828220149 3.45
vertex 86.56066017177783 -7.939339828218258 2
endloop
endfacet
facet normal 0.634393284163644 0.7730104533627382 0
outer loop
vertex 86.33335534952946 -7.752795581546209 3.45
vertex 86.56066017177783 -7.939339828218258 2
vertex 86.33335534952965 -7.752795581546099 2
endloop
endfacet
facet normal 0.47139673682600064 0.8819212643483534 0
outer loop
vertex 86.07402514854766 -7.6141807012330815 3.45
vertex 86.33335534952946 -7.752795581546209 3.45
vertex 86.33335534952965 -7.752795581546099 2
endloop
endfacet
facet normal 0.47139673682600064 0.8819212643483534 0
outer loop
vertex 86.07402514854766 -7.6141807012330815 3.45
vertex 86.33335534952965 -7.752795581546099 2
vertex 86.0740251485482 -7.614180701233153 2
endloop
endfacet
facet normal 0.29028467725446916 0.9569403357322068 0
outer loop
vertex 85.79263548302418 -7.528822079395152 3.45
vertex 86.07402514854766 -7.6141807012330815 3.45
vertex 86.0740251485482 -7.614180701233153 2
endloop
endfacet
facet normal 0.29028467725446916 0.9569403357322068 0
outer loop
vertex 85.79263548302418 -7.528822079395152 3.45
vertex 86.0740251485482 -7.614180701233153 2
vertex 85.79263548302367 -7.528822079394904 2
endloop
endfacet
facet normal 0.09801714032955622 0.9951847266721974 0
outer loop
vertex 85.50000000000001 -7.5 3.45
vertex 85.79263548302418 -7.528822079395152 3.45
vertex 85.79263548302367 -7.528822079394904 2
endloop
endfacet
facet normal 0.09801714032955622 0.9951847266721974 0
outer loop
vertex 85.50000000000001 -7.5 3.45
vertex 85.79263548302367 -7.528822079394904 2
vertex 85.5000000000002 -7.499999999999823 2
endloop
endfacet
facet normal -0.09801714032955999 0.9951847266721969 0
outer loop
vertex 85.20736451697582 -7.528822079395152 3.45
vertex 85.50000000000001 -7.5 3.45
vertex 85.5000000000002 -7.499999999999823 2
endloop
endfacet
facet normal -0.09801714032955999 0.9951847266721969 0
outer loop
vertex 85.20736451697582 -7.528822079395152 3.45
vertex 85.5000000000002 -7.499999999999823 2
vertex 85.20736451698001 -7.528822079394904 2
endloop
endfacet
facet normal -0.29028467725446194 0.956940335732209 0
outer loop
vertex 84.92597485145237 -7.6141807012330815 3.45
vertex 85.20736451697582 -7.528822079395152 3.45
vertex 85.20736451698001 -7.528822079394904 2
endloop
endfacet
facet normal -0.29028467725446194 0.956940335732209 0
outer loop
vertex 84.92597485145237 -7.6141807012330815 3.45
vertex 85.20736451698001 -7.528822079394904 2
vertex 84.92597485144967 -7.614180701233153 2
endloop
endfacet
facet normal -0.47139673682600136 0.8819212643483529 0
outer loop
vertex 84.66664465047059 -7.752795581546209 3.45
vertex 84.92597485145237 -7.6141807012330815 3.45
vertex 84.92597485144967 -7.614180701233153 2
endloop
endfacet
facet normal -0.47139673682600136 0.8819212643483529 0
outer loop
vertex 84.66664465047059 -7.752795581546209 3.45
vertex 84.92597485144967 -7.614180701233153 2
vertex 84.66664465047123 -7.752795581546099 2
endloop
endfacet
facet normal -0.6343932841636484 0.7730104533627347 0
outer loop
vertex 84.4393398282202 -7.939339828220149 3.45
vertex 84.66664465047059 -7.752795581546209 3.45
vertex 84.66664465047123 -7.752795581546099 2
endloop
endfacet
facet normal -0.6343932841636484 0.7730104533627347 0
outer loop
vertex 84.4393398282202 -7.939339828220149 3.45
vertex 84.66664465047123 -7.752795581546099 2
vertex 84.4393398282187 -7.939339828218258 2
endloop
endfacet
facet normal -0.7730104533627319 0.6343932841636518 0
outer loop
vertex 84.25279558154614 -8.166644650470666 3.45
vertex 84.4393398282202 -7.939339828220149 3.45
vertex 84.4393398282187 -7.939339828218258 2
endloop
endfacet
facet normal -0.7730104533627319 0.6343932841636518 0
outer loop
vertex 84.25279558154614 -8.166644650470666 3.45
vertex 84.4393398282187 -7.939339828218258 2
vertex 84.2527955815461 -8.16664465047331 2
endloop
endfacet
facet normal 0 0 1
outer loop
vertex 84.11418070123304 -8.425974851452324 3.45
vertex 84.16290168060286 -8.334824310157941 3.45
vertex 84.20241698574198 -8.260896373990658 3.45
endloop
endfacet
facet normal 0 0 1
outer loop
vertex 84.11418070123304 -8.425974851452324 3.45
vertex 84.20241698574198 -8.260896373990658 3.45
vertex 84.22675039050026 -8.215371775677301 3.45
endloop
endfacet
facet normal 0 0 1
outer loop
vertex 84.11418070123304 -8.425974851452324 3.45
vertex 84.22675039050026 -8.215371775677301 3.45
vertex 84.23496677577917 -8.200000000000047 3.45
endloop
endfacet
facet normal 0 0 1
outer loop
vertex 84.11418070123304 -8.425974851452324 3.45
vertex 84.23496677577917 -8.200000000000047 3.45
vertex 84.25279558154614 -8.166644650470666 3.45
endloop
endfacet
facet normal 0 0 1
outer loop
vertex 84.11418070123304 -8.425974851452324 3.45
vertex 84.25279558154614 -8.166644650470666 3.45
vertex 84.2527955815461 -8.16664465047331 2
endloop
endfacet
facet normal 0 0 1
outer loop
vertex 84.11418070123304 -8.425974851452324 3.45
vertex 84.2527955815461 -8.16664465047331 2
vertex 84.11418070123314 -8.425974851450345 2
endloop
endfacet
facet normal 0 0 -1
outer loop
vertex 84.02882207939518 -8.707364516975815 3.45
vertex 84.03292067617747 -8.693853254107946 3.45
vertex 84.07487638627187 -8.555543813584201 3.45
endloop
endfacet
facet normal 0 0 -1
outer loop
vertex 84.02882207939518 -8.707364516975815 3.45
vertex 84.07487638627187 -8.555543813584201 3.45
vertex 84.11165087373726 -8.434314575050742 3.45
endloop
endfacet
facet normal 0 0 -1
outer loop
vertex 84.02882207939518 -8.707364516975815 3.45
vertex 84.11165087373726 -8.434314575050742 3.45
vertex 84.11418070123304 -8.425974851452324 3.45
endloop
endfacet
facet normal 0 0 -1
outer loop
vertex 84.02882207939518 -8.707364516975815 3.45
vertex 84.11418070123304 -8.425974851452324 3.45
vertex 84.11418070123314 -8.425974851450345 2
endloop
endfacet
facet normal 0 0 -1
outer loop
vertex 84.02882207939518 -8.707364516975815 3.45
vertex 84.11418070123314 -8.425974851450345 2
vertex 84.02882207939471 -8.707364516973907 2
endloop
endfacet
facet normal 0 0 1
outer loop
vertex 84.00000000000001 -9.000000000000085 3.45
vertex 84.01537177567745 -8.843927742387052 3.45
vertex 84.02882207939518 -8.707364516975815 3.45
endloop
endfacet
facet normal 0 0 1
outer loop
vertex 84.00000000000001 -9.000000000000085 3.45
vertex 84.02882207939518 -8.707364516975815 3.45
vertex 84.02882207939471 -8.707364516973907 2
endloop
endfacet
facet normal 0 0 1
outer loop
vertex 84.00000000000001 -9.000000000000085 3.45
vertex 84.02882207939471 -8.707364516973907 2
vertex 84.0000000000004 -9.000000000000085 2
endloop
endfacet
facet normal 0 0 1
outer loop
vertex 84.02882207939518 -9.292635483024267 3.45
vertex 84.01537177567744 -9.156072257612927 3.45
vertex 84.00000000000001 -9.000000000000085 3.45
endloop
endfacet
facet normal 0 0 1
outer loop
vertex 84.02882207939518 -9.292635483024267 3.45
vertex 84.00000000000001 -9.000000000000085 3.45
vertex 84.0000000000004 -9.000000000000085 2
endloop
endfacet
facet normal 0 0 1
outer loop
vertex 84.02882207939518 -9.292635483024267 3.45
vertex 84.0000000000004 -9.000000000000085 2
vertex 84.02882207939577 -9.292635483025471 2
endloop
endfacet
facet normal 0 0 -1
outer loop
vertex 84.11418070123302 -9.574025148547747 3.45
vertex 84.11165087373723 -9.565685424949457 3.45
vertex 84.0748763862719 -9.444456186415515 3.45
endloop
endfacet
facet normal 0 0 -1
outer loop
vertex 84.11418070123302 -9.574025148547747 3.45
vertex 84.0748763862719 -9.444456186415515 3.45
vertex 84.03292067617745 -9.306146745892082 3.45
endloop
endfacet
facet normal 0 0 -1
outer loop
vertex 84.11418070123302 -9.574025148547747 3.45
vertex 84.03292067617745 -9.306146745892082 3.45
vertex 84.02882207939518 -9.292635483024267 3.45
endloop
endfacet
facet normal 0 0 -1
outer loop
vertex 84.11418070123302 -9.574025148547747 3.45
vertex 84.02882207939518 -9.292635483024267 3.45
vertex 84.02882207939577 -9.292635483025471 2
endloop
endfacet
facet normal 0 0 -1
outer loop
vertex 84.11418070123302 -9.574025148547747 3.45
vertex 84.02882207939577 -9.292635483025471 2
vertex 84.11418070123345 -9.57402514854721 2
endloop
endfacet
facet normal 0 0 1
outer loop
vertex 84.25279558154621 -9.833355349529377 3.45
vertex 84.23496677577921 -9.8 3.45
vertex 84.22675039050029 -9.784628224322761 3.45
endloop
endfacet
facet normal 0 0 1
outer loop
vertex 84.25279558154621 -9.833355349529377 3.45
vertex 84.22675039050029 -9.784628224322761 3.45
vertex 84.20241698574199 -9.739103626009069 3.45
endloop
endfacet
facet normal 0 0 1
outer loop
vertex 84.25279558154621 -9.833355349529377 3.45
vertex 84.20241698574199 -9.739103626009069 3.45
vertex 84.16290168060283 -9.66517568984223 3.45
endloop
endfacet
facet normal 0 0 1
outer loop
vertex 84.25279558154621 -9.833355349529377 3.45
vertex 84.16290168060283 -9.66517568984223 3.45
vertex 84.11418070123302 -9.574025148547747 3.45
endloop
endfacet
facet normal 0 0 1
outer loop
vertex 84.25279558154621 -9.833355349529377 3.45
vertex 84.11418070123302 -9.574025148547747 3.45
vertex 84.11418070123345 -9.57402514854721 2
endloop
endfacet
facet normal 0 0 1
outer loop
vertex 84.25279558154621 -9.833355349529377 3.45
vertex 84.11418070123345 -9.57402514854721 2
vertex 84.25279558154578 -9.833355349529416 2
endloop
endfacet
facet normal -0.7730104533627284 -0.6343932841636561 0
outer loop
vertex 84.43933982822014 -10.060660171779809 3.45
vertex 84.25279558154621 -9.833355349529377 3.45
vertex 84.25279558154578 -9.833355349529416 2
endloop
endfacet
facet normal -0.7730104533627284 -0.6343932841636561 0
outer loop
vertex 84.43933982822014 -10.060660171779809 3.45
vertex 84.25279558154578 -9.833355349529416 2
vertex 84.43933982821818 -10.060660171777878 2
endloop
endfacet
facet normal -0.634393284163644 -0.7730104533627382 0
outer loop
vertex 84.66664465047062 -10.24720441845384 3.45
vertex 84.43933982822014 -10.060660171779809 3.45
vertex 84.43933982821818 -10.060660171777878 2
endloop
endfacet
facet normal -0.634393284163644 -0.7730104533627382 0
outer loop
vertex 84.66664465047062 -10.24720441845384 3.45
vertex 84.43933982821818 -10.060660171777878 2
vertex 84.66664465047134 -10.247204418454126 2
endloop
endfacet
facet normal -0.47139673682600136 -0.8819212643483529 0
outer loop
vertex 84.92597485145237 -10.385819298766933 3.45
vertex 84.66664465047062 -10.24720441845384 3.45
vertex 84.66664465047134 -10.247204418454126 2
endloop
endfacet
facet normal -0.47139673682600136 -0.8819212643483529 0
outer loop
vertex 84.92597485145237 -10.385819298766933 3.45
vertex 84.66664465047134 -10.247204418454126 2
vertex 84.92597485145308 -10.385819298767226 2
endloop
endfacet
facet normal -0.29028467725447094 -0.9569403357322064 0
outer loop
vertex 85.20736451697579 -10.471177920604845 3.45
vertex 84.92597485145237 -10.385819298766933 3.45
vertex 84.92597485145308 -10.385819298767226 2
endloop
endfacet
facet normal -0.29028467725447094 -0.9569403357322064 0
outer loop
vertex 85.20736451697579 -10.471177920604845 3.45
vertex 84.92597485145308 -10.385819298767226 2
vertex 85.20736451697478 -10.471177920604614 2
endloop
endfacet
facet normal -0.09801714032955978 -0.995184726672197 0
outer loop
vertex 85.5 -10.5 3.45
vertex 85.20736451697579 -10.471177920604845 3.45
vertex 85.20736451697478 -10.471177920604614 2
endloop
endfacet
facet normal -0.09801714032955978 -0.995184726672197 0
outer loop
vertex 85.5 -10.5 3.45
vertex 85.20736451697478 -10.471177920604614 2
vertex 85.50000000000125 -10.499999999999993 2
endloop
endfacet
facet normal 0.09801714032955999 -0.9951847266721969 0
outer loop
vertex 85.79263548302421 -10.471177920604845 3.45
vertex 85.5 -10.5 3.45
vertex 85.50000000000125 -10.499999999999993 2
endloop
endfacet
facet normal 0.09801714032955999 -0.9951847266721969 0
outer loop
vertex 85.79263548302421 -10.471177920604845 3.45
vertex 85.50000000000125 -10.499999999999993 2
vertex 85.79263548302774 -10.471177920604614 2
endloop
endfacet
facet normal 0.2902846772544689 -0.9569403357322068 0
outer loop
vertex 86.07402514854763 -10.385819298766933 3.45
vertex 85.79263548302421 -10.471177920604845 3.45
vertex 85.79263548302774 -10.471177920604614 2
endloop
endfacet
facet normal 0.2902846772544689 -0.9569403357322068 0
outer loop
vertex 86.07402514854763 -10.385819298766933 3.45
vertex 85.79263548302774 -10.471177920604614 2
vertex 86.07402514854522 -10.385819298767226 2
endloop
endfacet
facet normal 0.4713967368259944 -0.8819212643483568 0
outer loop
vertex 86.33335534952937 -10.24720441845384 3.45
vertex 86.07402514854763 -10.385819298766933 3.45
vertex 86.07402514854522 -10.385819298767226 2
endloop
endfacet
facet normal 0.4713967368259944 -0.8819212643483568 0
outer loop
vertex 86.33335534952937 -10.24720441845384 3.45
vertex 86.07402514854522 -10.385819298767226 2
vertex 86.33335534952965 -10.247204418454126 2
endloop
endfacet
facet normal 0.6343932841636518 -0.7730104533627319 0
outer loop
vertex 86.56066017177983 -10.060660171779809 3.45
vertex 86.33335534952937 -10.24720441845384 3.45
vertex 86.33335534952965 -10.247204418454126 2
endloop
endfacet
facet normal 0.6343932841636518 -0.7730104533627319 0
outer loop
vertex 86.56066017177983 -10.060660171779809 3.45
vertex 86.33335534952965 -10.247204418454126 2
vertex 86.56066017178249 -10.060660171777878 2
endloop
endfacet
facet normal 0.7730104533627284 -0.6343932841636561 0
outer loop
vertex 86.74720441845385 -9.833355349529377 3.45
vertex 86.56066017177983 -10.060660171779809 3.45
vertex 86.56066017178249 -10.060660171777878 2
endloop
endfacet
facet normal 0.7730104533627284 -0.6343932841636561 0
outer loop
vertex 86.74720441845385 -9.833355349529377 3.45
vertex 86.56066017178249 -10.060660171777878 2
vertex 86.74720441845373 -9.833355349529416 2
endloop
endfacet
facet normal 0 0 -1
outer loop
vertex 86.88581929876689 -9.574025148547747 3.45
vertex 86.83709831939716 -9.66517568984223 3.45
vertex 86.79758301425804 -9.739103626009069 3.45
endloop
endfacet
facet normal 0 0 -1
outer loop
vertex 86.88581929876689 -9.574025148547747 3.45
vertex 86.79758301425804 -9.739103626009069 3.45
vertex 86.77324960949974 -9.784628224322761 3.45
endloop
endfacet
facet normal 0 0 -1
outer loop
vertex 86.88581929876689 -9.574025148547747 3.45
vertex 86.77324960949974 -9.784628224322761 3.45
vertex 86.76503322422083 -9.8 3.45
endloop
endfacet
facet normal 0 0 -1
outer loop
vertex 86.88581929876689 -9.574025148547747 3.45
vertex 86.76503322422083 -9.8 3.45
vertex 86.74720441845385 -9.833355349529377 3.45
endloop
endfacet
facet normal 0 0 -1
outer loop
vertex 86.88581929876689 -9.574025148547747 3.45
vertex 86.74720441845385 -9.833355349529377 3.45
vertex 86.74720441845373 -9.833355349529416 2
endloop
endfacet
facet normal 0 0 -1
outer loop
vertex 86.88581929876689 -9.574025148547747 3.45
vertex 86.74720441845373 -9.833355349529416 2
vertex 86.88581929876699 -9.57402514854721 2
endloop
endfacet
facet normal 0 0 -1
outer loop
vertex 86.97117792060482 -9.292635483024267 3.45
vertex 86.96707932382255 -9.306146745892082 3.45
vertex 86.92512361372809 -9.444456186415515 3.45
endloop
endfacet
facet normal 0 0 -1
outer loop
vertex 86.97117792060482 -9.292635483024267 3.45
vertex 86.92512361372809 -9.444456186415515 3.45
vertex 86.8883491262627 -9.565685424949457 3.45
endloop
endfacet
facet normal 0 0 -1
outer loop
vertex 86.97117792060482 -9.292635483024267 3.45
vertex 86.8883491262627 -9.565685424949457 3.45
vertex 86.88581929876689 -9.574025148547747 3.45
endloop
endfacet
facet normal 0 0 -1
outer loop
vertex 86.97117792060482 -9.292635483024267 3.45
vertex 86.88581929876689 -9.574025148547747 3.45
vertex 86.88581929876699 -9.57402514854721 2
endloop
endfacet
facet normal 0 0 -1
outer loop
vertex 86.97117792060482 -9.292635483024267 3.45
vertex 86.88581929876699 -9.57402514854721 2
vertex 86.97117792060439 -9.292635483025471 2
endloop
endfacet
facet normal 0 0 1
outer loop
vertex 64.5 31.500000000000036 3.45
vertex 64.48462822432258 31.343927742387066 3.45
vertex 64.47117792060484 31.20736451697583 3.45
endloop
endfacet
facet normal 0 0 1
outer loop
vertex 64.5 31.500000000000036 3.45
vertex 64.47117792060484 31.20736451697583 3.45
vertex 64.47117792060526 31.20736451697745 2
endloop
endfacet
facet normal 0 0 1
outer loop
vertex 64.5 31.500000000000036 3.45
vertex 64.47117792060526 31.20736451697745 2
vertex 64.50000000000026 31.500000000000036 2
endloop
endfacet
facet normal 0 0 -1
outer loop
vertex 64.47117792060484 31.79263548302415 3.45
vertex 64.48462822432259 31.656072257612934 3.45
vertex 64.5 31.500000000000036 3.45
endloop
endfacet
facet normal 0 0 -1
outer loop
vertex 64.47117792060484 31.79263548302415 3.45
vertex 64.5 31.500000000000036 3.45
vertex 64.50000000000026 31.500000000000036 2
endloop
endfacet
facet normal 0 0 -1
outer loop
vertex 64.47117792060484 31.79263548302415 3.45
vertex 64.50000000000026 31.500000000000036 2
vertex 64.47117792060496 31.79263548302404 2
endloop
endfacet
facet normal 0 0 1
outer loop
vertex 64.3858192987669 32.07402514854771 3.45
vertex 64.38834912626268 32.065685424949116 3.45
vertex 64.4251236137281 31.944456186415657 3.45
endloop
endfacet
facet normal 0 0 1
outer loop
vertex 64.3858192987669 32.07402514854771 3.45
vertex 64.4251236137281 31.944456186415657 3.45
vertex 64.46707932382252 31.806146745892125 3.45
endloop
endfacet
facet normal 0 0 1
outer loop
vertex 64.3858192987669 32.07402514854771 3.45
vertex 64.46707932382252 31.806146745892125 3.45
vertex 64.47117792060484 31.79263548302415 3.45
endloop
endfacet
facet normal 0 0 1
outer loop
vertex 64.3858192987669 32.07402514854771 3.45
vertex 64.47117792060484 31.79263548302415 3.45
vertex 64.47117792060496 31.79263548302404 2
endloop
endfacet
facet normal 0 0 1
outer loop
vertex 64.3858192987669 32.07402514854771 3.45
vertex 64.47117792060496 31.79263548302404 2
vertex 64.38581929876709 32.074025148547356 2
endloop
endfacet
facet normal 0 0 1
outer loop
vertex 64.24720441845386 32.33335534952934 3.45
vertex 64.26503322422083 32.29999999999995 3.45
vertex 64.27324960949974 32.284628224322645 3.45
endloop
endfacet
facet normal 0 0 1
outer loop
vertex 64.24720441845386 32.33335534952934 3.45
vertex 64.27324960949974 32.284628224322645 3.45
vertex 64.29758301425804 32.239103626008934 3.45
endloop
endfacet
facet normal 0 0 1
outer loop
vertex 64.24720441845386 32.33335534952934 3.45
vertex 64.29758301425804 32.239103626008934 3.45
vertex 64.33709831939716 32.165175689842 3.45
endloop
endfacet
facet normal 0 0 1
outer loop
vertex 64.24720441845386 32.33335534952934 3.45
vertex 64.33709831939716 32.165175689842 3.45
vertex 64.3858192987669 32.07402514854771 3.45
endloop
endfacet
facet normal 0 0 1
outer loop
vertex 64.24720441845386 32.33335534952934 3.45
vertex 64.3858192987669 32.07402514854771 3.45
vertex 64.38581929876709 32.074025148547356 2
endloop
endfacet
facet normal 0 0 1
outer loop
vertex 64.24720441845386 32.33335534952934 3.45
vertex 64.38581929876709 32.074025148547356 2
vertex 64.24720441845385 32.33335534952935 2
endloop
endfacet
facet normal 0.7730104533627256 0.6343932841636596 0
outer loop
vertex 64.06066017177976 32.56066017177989 3.45
vertex 64.24720441845386 32.33335534952934 3.45
vertex 64.24720441845385 32.33335534952935 2
endloop
endfacet
facet normal 0.7730104533627256 0.6343932841636596 0
outer loop
vertex 64.06066017177976 32.56066017177989 3.45
vertex 64.24720441845385 32.33335534952935 2
vertex 64.06066017177943 32.56066017178026 2
endloop
endfacet
facet normal 0.634393284163656 0.7730104533627282 0
outer loop
vertex 63.833355349529455 32.74720441845379 3.45
vertex 64.06066017177976 32.56066017177989 3.45
vertex 64.06066017177943 32.56066017178026 2
endloop
endfacet
facet normal 0.634393284163656 0.7730104533627282 0
outer loop
vertex 63.833355349529455 32.74720441845379 3.45
vertex 64.06066017177943 32.56066017178026 2
vertex 63.83335534952985 32.74720441845358 2
endloop
endfacet
facet normal 0.4713967368259944 0.8819212643483568 0
outer loop
vertex 63.574025148547626 32.88581929876693 3.45
vertex 63.833355349529455 32.74720441845379 3.45
vertex 63.83335534952985 32.74720441845358 2
endloop
endfacet
facet normal 0.4713967368259944 0.8819212643483568 0
outer loop
vertex 63.574025148547626 32.88581929876693 3.45
vertex 63.83335534952985 32.74720441845358 2
vertex 63.57402514854865 32.885819298766386 2
endloop
endfacet
facet normal 0.2902846772544619 0.956940335732209 0
outer loop
vertex 63.29263548302415 32.97117792060486 3.45
vertex 63.574025148547626 32.88581929876693 3.45
vertex 63.57402514854865 32.885819298766386 2
endloop
endfacet
facet normal 0.2902846772544619 0.956940335732209 0
outer loop
vertex 63.29263548302415 32.97117792060486 3.45
vertex 63.57402514854865 32.885819298766386 2
vertex 63.29263548302379 32.97117792060473 2
endloop
endfacet
facet normal 0.09801714032956714 0.9951847266721963 0
outer loop
vertex 63.00000000000002 33.00000000000001 3.45
vertex 63.29263548302415 32.97117792060486 3.45
vertex 63.29263548302379 32.97117792060473 2
endloop
endfacet
facet normal 0.09801714032956714 0.9951847266721963 0
outer loop
vertex 63.00000000000002 33.00000000000001 3.45
vertex 63.29263548302379 32.97117792060473 2
vertex 62.99999999999926 32.99999999999992 2
endloop
endfacet
facet normal -0.09801714032956355 0.9951847266721967 0
outer loop
vertex 62.70736451697584 32.97117792060486 3.45
vertex 63.00000000000002 33.00000000000001 3.45
vertex 62.99999999999926 32.99999999999992 2
endloop
endfacet
facet normal -0.09801714032956355 0.9951847266721967 0
outer loop
vertex 62.70736451697584 32.97117792060486 3.45
vertex 62.99999999999926 32.99999999999992 2
vertex 62.70736451697613 32.97117792060473 2
endloop
endfacet
facet normal -0.2902846772544513 0.9569403357322122 0
outer loop
vertex 62.42597485145237 32.88581929876693 3.45
vertex 62.70736451697584 32.97117792060486 3.45
vertex 62.70736451697613 32.97117792060473 2
endloop
endfacet
facet normal -0.2902846772544513 0.9569403357322122 0
outer loop
vertex 62.42597485145237 32.88581929876693 3.45
vertex 62.70736451697613 32.97117792060473 2
vertex 62.425974851450604 32.885819298766386 2
endloop
endfacet
facet normal -0.47139673682600014 0.8819212643483538 0
outer loop
vertex 62.16664465047057 32.74720441845379 3.45
vertex 62.42597485145237 32.88581929876693 3.45
vertex 62.425974851450604 32.885819298766386 2
endloop
endfacet
facet normal -0.47139673682600014 0.8819212643483538 0
outer loop
vertex 62.16664465047057 32.74720441845379 3.45
vertex 62.425974851450604 32.885819298766386 2
vertex 62.16664465047199 32.74720441845358 2
endloop
endfacet
facet normal -0.6343932841636443 0.773010453362738 0
outer loop
vertex 61.9393398282202 32.56066017177989 3.45
vertex 62.16664465047057 32.74720441845379 3.45
vertex 62.16664465047199 32.74720441845358 2
endloop
endfacet
facet normal -0.6343932841636443 0.773010453362738 0
outer loop
vertex 61.9393398282202 32.56066017177989 3.45
vertex 62.16664465047199 32.74720441845358 2
vertex 61.93933982822009 32.56066017178026 2
endloop
endfacet
facet normal -0.773010453362735 0.6343932841636479 0
outer loop
vertex 61.75279558154616 32.33335534952934 3.45
vertex 61.9393398282202 32.56066017177989 3.45
vertex 61.93933982822009 32.56066017178026 2
endloop
endfacet
facet normal -0.773010453362735 0.6343932841636479 0
outer loop
vertex 61.75279558154616 32.33335534952934 3.45
vertex 61.93933982822009 32.56066017178026 2
vertex 61.75279558154457 32.33335534952935 2
endloop
endfacet
facet normal 0 0 -1
outer loop
vertex 61.61418070123308 32.07402514854771 3.45
vertex 61.66290168060285 32.165175689842 3.45
vertex 61.70241698574198 32.239103626008934 3.45
endloop
endfacet
facet normal 0 0 -1
outer loop
vertex 61.61418070123308 32.07402514854771 3.45
vertex 61.70241698574198 32.239103626008934 3.45
vertex 61.72675039050027 32.284628224322645 3.45
endloop
endfacet
facet normal 0 0 -1
outer loop
vertex 61.61418070123308 32.07402514854771 3.45
vertex 61.72675039050027 32.284628224322645 3.45
vertex 61.73496677577919 32.29999999999995 3.45
endloop
endfacet
facet normal 0 0 -1
outer loop
vertex 61.61418070123308 32.07402514854771 3.45
vertex 61.73496677577919 32.29999999999995 3.45
vertex 61.75279558154616 32.33335534952934 3.45
endloop
endfacet
facet normal 0 0 -1
outer loop
vertex 61.61418070123308 32.07402514854771 3.45
vertex 61.75279558154616 32.33335534952934 3.45
vertex 61.75279558154457 32.33335534952935 2
endloop
endfacet
facet normal 0 0 -1
outer loop
vertex 61.61418070123308 32.07402514854771 3.45
vertex 61.75279558154457 32.33335534952935 2
vertex 61.61418070123408 32.074025148547356 2
endloop
endfacet
facet normal 0 0 -1
outer loop
vertex 61.52882207939516 31.79263548302415 3.45
vertex 61.53292067617749 31.806146745892125 3.45
vertex 61.57487638627188 31.944456186415657 3.45
endloop
endfacet
facet normal 0 0 -1
outer loop
vertex 61.52882207939516 31.79263548302415 3.45
vertex 61.57487638627188 31.944456186415657 3.45
vertex 61.6116508737373 32.065685424949116 3.45
endloop
endfacet
facet normal 0 0 -1
outer loop
vertex 61.52882207939516 31.79263548302415 3.45
vertex 61.6116508737373 32.065685424949116 3.45
vertex 61.61418070123308 32.07402514854771 3.45
endloop
endfacet
facet normal 0 0 -1
outer loop
vertex 61.52882207939516 31.79263548302415 3.45
vertex 61.61418070123308 32.07402514854771 3.45
vertex 61.61418070123408 32.074025148547356 2
endloop
endfacet
facet normal 0 0 -1
outer loop
vertex 61.52882207939516 31.79263548302415 3.45
vertex 61.61418070123408 32.074025148547356 2
vertex 61.528822079395276 31.79263548302404 2
endloop
endfacet
facet normal 0 0 -1
outer loop
vertex 61.50000000000001 31.500000000000036 3.45
vertex 61.51537177567742 31.656072257612934 3.45
vertex 61.52882207939516 31.79263548302415 3.45
endloop
endfacet
facet normal 0 0 -1
outer loop
vertex 61.50000000000001 31.500000000000036 3.45
vertex 61.52882207939516 31.79263548302415 3.45
vertex 61.528822079395276 31.79263548302404 2
endloop
endfacet
facet normal 0 0 -1
outer loop
vertex 61.50000000000001 31.500000000000036 3.45
vertex 61.528822079395276 31.79263548302404 2
vertex 61.500000000000064 31.500000000000036 2
endloop
endfacet
facet normal 0 0 -1
outer loop
vertex 61.52882207939517 31.20736451697583 3.45
vertex 61.51537177567743 31.343927742387066 3.45
vertex 61.50000000000001 31.500000000000036 3.45
endloop
endfacet
facet normal 0 0 -1
outer loop
vertex 61.52882207939517 31.20736451697583 3.45
vertex 61.50000000000001 31.500000000000036 3.45
vertex 61.500000000000064 31.500000000000036 2
endloop
endfacet
facet normal 0 0 -1
outer loop
vertex 61.52882207939517 31.20736451697583 3.45
vertex 61.500000000000064 31.500000000000036 2
vertex 61.52882207939515 31.20736451697745 2
endloop
endfacet
facet normal 0 0 -1
outer loop
vertex 61.61418070123305 30.925974851452366 3.45
vertex 61.611650873737275 30.934314575050763 3.45
vertex 61.57487638627191 31.055543813584293 3.45
endloop
endfacet
facet normal 0 0 -1
outer loop
vertex 61.61418070123305 30.925974851452366 3.45
vertex 61.57487638627191 31.055543813584293 3.45
vertex 61.532920676177476 31.193853254108003 3.45
endloop
endfacet
facet normal 0 0 -1
outer loop
vertex 61.61418070123305 30.925974851452366 3.45
vertex 61.532920676177476 31.193853254108003 3.45
vertex 61.52882207939517 31.20736451697583 3.45
endloop
endfacet
facet normal 0 0 -1
outer loop
vertex 61.61418070123305 30.925974851452366 3.45
vertex 61.52882207939517 31.20736451697583 3.45
vertex 61.52882207939515 31.20736451697745 2
endloop
endfacet
facet normal 0 0 -1
outer loop
vertex 61.61418070123305 30.925974851452366 3.45
vertex 61.52882207939515 31.20736451697745 2
vertex 61.61418070123321 30.925974851451233 2
endloop
endfacet
facet normal 0 0 1
outer loop
vertex 61.75279558154618 30.66664465047062 3.45
vertex 61.73496677577919 30.700000000000003 3.45
vertex 61.72675039050027 30.715371775677333 3.45
endloop
endfacet
facet normal 0 0 1
outer loop
vertex 61.75279558154618 30.66664465047062 3.45
vertex 61.72675039050027 30.715371775677333 3.45
vertex 61.70241698574198 30.760896373990928 3.45
endloop
endfacet
facet normal 0 0 1
outer loop
vertex 61.75279558154618 30.66664465047062 3.45
vertex 61.70241698574198 30.760896373990928 3.45
vertex 61.662901680602864 30.83482431015805 3.45
endloop
endfacet
facet normal 0 0 1
outer loop
vertex 61.75279558154618 30.66664465047062 3.45
vertex 61.662901680602864 30.83482431015805 3.45
vertex 61.61418070123305 30.925974851452366 3.45
endloop
endfacet
facet normal 0 0 1
outer loop
vertex 61.75279558154618 30.66664465047062 3.45
vertex 61.61418070123305 30.925974851452366 3.45
vertex 61.61418070123321 30.925974851451233 2
endloop
endfacet
facet normal 0 0 1
outer loop
vertex 61.75279558154618 30.66664465047062 3.45
vertex 61.61418070123321 30.925974851451233 2
vertex 61.75279558154617 30.66664465047058 2
endloop
endfacet
facet normal -0.7730104533627444 -0.6343932841636364 0
outer loop
vertex 61.93933982822016 30.439339828220177 3.45
vertex 61.75279558154618 30.66664465047062 3.45
vertex 61.75279558154617 30.66664465047058 2
endloop
endfacet
facet normal -0.7730104533627444 -0.6343932841636364 0
outer loop
vertex 61.93933982822016 30.439339828220177 3.45
vertex 61.75279558154617 30.66664465047058 2
vertex 61.93933982821978 30.43933982822062 2
endloop
endfacet
facet normal -0.634393284163644 -0.7730104533627382 0
outer loop
vertex 62.1666446504706 30.252795581546167 3.45
vertex 61.93933982822016 30.439339828220177 3.45
vertex 61.93933982821978 30.43933982822062 2
endloop
endfacet
facet normal -0.634393284163644 -0.7730104533627382 0
outer loop
vertex 62.1666446504706 30.252795581546167 3.45
vertex 61.93933982821978 30.43933982822062 2
vertex 62.16664465047127 30.252795581545747 2
endloop
endfacet
facet normal -0.47139673682598743 -0.8819212643483606 0
outer loop
vertex 62.42597485145238 30.11418070123306 3.45
vertex 62.1666446504706 30.252795581546167 3.45
vertex 62.16664465047127 30.252795581545747 2
endloop
endfacet
facet normal -0.47139673682598743 -0.8819212643483606 0
outer loop
vertex 62.42597485145238 30.11418070123306 3.45
vertex 62.16664465047127 30.252795581545747 2
vertex 62.42597485145171 30.114180701233348 2
endloop
endfacet
facet normal -0.29028467725446194 -0.956940335732209 0
outer loop
vertex 62.707364516975765 30.028822079395162 3.45
vertex 62.42597485145238 30.11418070123306 3.45
vertex 62.42597485145171 30.114180701233348 2
endloop
endfacet
facet normal -0.29028467725446194 -0.956940335732209 0
outer loop
vertex 62.707364516975765 30.028822079395162 3.45
vertex 62.42597485145171 30.114180701233348 2
vertex 62.70736451697715 30.028822079394825 2
endloop
endfacet
facet normal -0.0980171403295671 -0.9951847266721963 0
outer loop
vertex 63.00000000000002 30 3.45
vertex 62.707364516975765 30.028822079395162 3.45
vertex 62.70736451697715 30.028822079394825 2
endloop
endfacet
facet normal -0.0980171403295671 -0.9951847266721963 0
outer loop
vertex 63.00000000000002 30 3.45
vertex 62.70736451697715 30.028822079394825 2
vertex 62.999999999999034 29.999999999999897 2
endloop
endfacet
facet normal 0.09801714032956355 -0.9951847266721967 0
outer loop
vertex 63.29263548302416 30.028822079395162 3.45
vertex 63.00000000000002 30 3.45
vertex 62.999999999999034 29.999999999999897 2
endloop
endfacet
facet normal 0.09801714032956355 -0.9951847266721967 0
outer loop
vertex 63.29263548302416 30.028822079395162 3.45
vertex 62.999999999999034 29.999999999999897 2
vertex 63.2926354830209 30.028822079394825 2
endloop
endfacet
facet normal 0.2902846772544603 -0.9569403357322095 0
outer loop
vertex 63.57402514854765 30.11418070123306 3.45
vertex 63.29263548302416 30.028822079395162 3.45
vertex 63.2926354830209 30.028822079394825 2
endloop
endfacet
facet normal 0.2902846772544603 -0.9569403357322095 0
outer loop
vertex 63.57402514854765 30.11418070123306 3.45
vertex 63.2926354830209 30.028822079394825 2
vertex 63.57402514854951 30.114180701233348 2
endloop
endfacet
facet normal 0.47139673682598593 -0.8819212643483614 0
outer loop
vertex 63.833355349529384 30.252795581546167 3.45
vertex 63.57402514854765 30.11418070123306 3.45
vertex 63.57402514854951 30.114180701233348 2
endloop
endfacet
facet normal 0.47139673682598593 -0.8819212643483614 0
outer loop
vertex 63.833355349529384 30.252795581546167 3.45
vertex 63.57402514854951 30.114180701233348 2
vertex 63.833355349528446 30.252795581545747 2
endloop
endfacet
facet normal 0.6343932841636559 -0.7730104533627284 0
outer loop
vertex 64.0606601717798 30.439339828220177 3.45
vertex 63.833355349529384 30.252795581546167 3.45
vertex 63.833355349528446 30.252795581545747 2
endloop
endfacet
facet normal 0.6343932841636559 -0.7730104533627284 0
outer loop
vertex 64.0606601717798 30.439339828220177 3.45
vertex 63.833355349528446 30.252795581545747 2
vertex 64.06066017178112 30.43933982822062 2
endloop
endfacet
facet normal 0.7730104533627284 -0.6343932841636561 0
outer loop
vertex 64.24720441845383 30.66664465047062 3.45
vertex 64.0606601717798 30.439339828220177 3.45
vertex 64.06066017178112 30.43933982822062 2
endloop
endfacet
facet normal 0.7730104533627284 -0.6343932841636561 0
outer loop
vertex 64.24720441845383 30.66664465047062 3.45
vertex 64.06066017178112 30.43933982822062 2
vertex 64.24720441845366 30.66664465047058 2
endloop
endfacet
facet normal 0 0 1
outer loop
vertex 64.38581929876693 30.925974851452366 3.45
vertex 64.33709831939713 30.83482431015805 3.45
vertex 64.29758301425802 30.760896373990928 3.45
endloop
endfacet
facet normal 0 0 1
outer loop
vertex 64.38581929876693 30.925974851452366 3.45
vertex 64.29758301425802 30.760896373990928 3.45
vertex 64.27324960949973 30.715371775677333 3.45
endloop
endfacet
facet normal 0 0 1
outer loop
vertex 64.38581929876693 30.925974851452366 3.45
vertex 64.27324960949973 30.715371775677333 3.45
vertex 64.26503322422082 30.700000000000003 3.45
endloop
endfacet
facet normal 0 0 1
outer loop
vertex 64.38581929876693 30.925974851452366 3.45
vertex 64.26503322422082 30.700000000000003 3.45
vertex 64.24720441845383 30.66664465047062 3.45
endloop
endfacet
facet normal 0 0 1
outer loop
vertex 64.38581929876693 30.925974851452366 3.45
vertex 64.24720441845383 30.66664465047062 3.45
vertex 64.24720441845366 30.66664465047058 2
endloop
endfacet
facet normal 0 0 1
outer loop
vertex 64.38581929876693 30.925974851452366 3.45
vertex 64.24720441845366 30.66664465047058 2
vertex 64.3858192987665 30.925974851451233 2
endloop
endfacet
facet normal 0 0 1
outer loop
vertex 64.47117792060484 31.20736451697583 3.45
vertex 64.46707932382253 31.193853254108003 3.45
vertex 64.42512361372809 31.055543813584293 3.45
endloop
endfacet
facet normal 0 0 1
outer loop
vertex 64.47117792060484 31.20736451697583 3.45
vertex 64.42512361372809 31.055543813584293 3.45
vertex 64.38834912626271 30.934314575050763 3.45
endloop
endfacet
facet normal 0 0 1
outer loop
vertex 64.47117792060484 31.20736451697583 3.45
vertex 64.38834912626271 30.934314575050763 3.45
vertex 64.38581929876693 30.925974851452366 3.45
endloop
endfacet
facet normal 0 0 1
outer loop
vertex 64.47117792060484 31.20736451697583 3.45
vertex 64.38581929876693 30.925974851452366 3.45
vertex 64.3858192987665 30.925974851451233 2
endloop
endfacet
facet normal 0 0 1
outer loop
vertex 64.47117792060484 31.20736451697583 3.45
vertex 64.3858192987665 30.925974851451233 2
vertex 64.47117792060526 31.20736451697745 2
endloop
endfacet
facet normal 0 0 -1
outer loop
vertex 80.67127185000008 -25.999997150000006 5.45
vertex 80.67131664552473 -26.000000000000007 5.45
vertex 80.67127185000008 -25.999997150000006 5.45
endloop
endfacet
facet normal 0 0 -1
outer loop
vertex 80.67127185000008 -25.999997150000006 5.45
vertex 80.67127185000008 -25.999997150000006 5.45
vertex 62.00000000000006 -26.000000000000007 5.45
endloop
endfacet
facet normal 0 0 1
outer loop
vertex 108.0813613097884 -19.666255031157664 5.45
vertex 108.09714327021318 -19.622893415450765 5.45
vertex 108.07727314889135 -19.67333601384825 5.45
endloop
endfacet
facet normal 0 0 1
outer loop
vertex 108.14097768519355 -19.502456473147173 5.45
vertex 108.14941778604295 -19.454588467453334 5.45
vertex 108.13542065777345 -19.517724645223204 5.45
endloop
endfacet
facet normal 0 0 1
outer loop
vertex 108.17124523750496 -19.330794144434066 5.45
vertex 108.17124500096615 -19.286099478904102 5.45
vertex 108.16705924107264 -19.354535010169272 5.45
endloop
endfacet
facet normal 0 0 1
outer loop
vertex 108.1712443149978 -19.156483846915904 5.45
vertex 108.16453193925962 -19.118416985045737 5.45
vertex 108.17124448247344 -19.188128836004605 5.45
endloop
endfacet
facet normal 0 0 1
outer loop
vertex 108.14097494570092 -18.984821838579947 5.45
vertex 108.13015265784495 -18.95508811603821 5.45
vertex 108.147687448698 -19.02288942215391 5.45
endloop
endfacet
facet normal 0 0 1
outer loop
vertex 108.08135683655075 -18.821023911604986 5.45
vertex 108.06930551707778 -18.800150496641432 5.45
vertex 108.09664245976116 -18.863020436319974 5.45
endloop
endfacet
facet normal 0 0 1
outer loop
vertex 107.99420142892446 -18.67006691525433 5.45
vertex 107.98376098721883 -18.657624494540812 5.45
vertex 108.01850000441742 -18.71215311589199 5.45
endloop
endfacet
facet normal 0 0 1
outer loop
vertex 107.88215685970167 -18.53653753898439 5.45
vertex 107.87589804686019 -18.531285764289123 5.45
vertex 107.91180155315114 -18.571866671431227 5.45
endloop
endfacet
facet normal 0 0 1
outer loop
vertex 10.794740300000008 -12.50000125 5.45
vertex 10.794760645487639 -12.5 5.45
vertex 10.794740300000008 -12.50000125 5.45
endloop
endfacet
facet normal 0 0 1
outer loop
vertex 10.794740300000008 -12.50000125 5.45
vertex 10.794740300000008 -12.50000125 5.45
vertex 7.1450902341197775 -12.50000125 5.45
endloop
endfacet
facet normal 0 0 1
outer loop
vertex 10.794740300000008 -12.50000125 5.45
vertex 7.1450902341197775 -12.50000125 5.45
vertex -4.518872499045216 -12.5 5.45
endloop
endfacet
facet normal 0 0 1
outer loop
vertex 10.794740300000008 -12.50000125 5.45
vertex -4.518872499045216 -12.5 5.45
vertex 7.1450902341197775 -12.50000125 5.45
endloop
endfacet
facet normal 0 0 1
outer loop
vertex 106.5 38 5.45
vertex 105 38 5.45
vertex 105.0000000614961 -14.668714512174475 5.45
endloop
endfacet
facet normal 0 0 1
outer loop
vertex 106.5 38 5.45
vertex 105.0000000614961 -14.668714512174475 5.45
vertex 106.50000000000018 -15.719025799999741 5.45
endloop
endfacet
facet normal 0 0 1
outer loop
vertex 106.5 38 5.45
vertex 106.48480775301219 38.17364817766696 5.45
vertex 104.98480775301219 38.17364817766696 5.45
endloop
endfacet
facet normal 0 0 1
outer loop
vertex 106.5 38 5.45
vertex 104.98480775301219 38.17364817766696 5.45
vertex 105 38 5.45
endloop
endfacet
facet normal 0 0 1
outer loop
vertex 106.48480775301219 38.17364817766696 5.45
vertex 106.47007711476148 38.342020143325705 5.45
vertex 104.93969262078589 38.342020143325705 5.45
endloop
endfacet
facet normal 0 0 1
outer loop
vertex 106.48480775301219 38.17364817766696 5.45
vertex 104.93969262078589 38.342020143325705 5.45
vertex 104.98480775301219 38.17364817766696 5.45
endloop
endfacet
facet normal 0 0 1
outer loop
vertex 106.47007711476148 38.342020143325705 5.45
vertex 106.46201938253027 38.43412044416732 5.450000000000002
vertex 106.44436700874743 38.499999999999964 5.45
endloop
endfacet
facet normal 0 0 1
outer loop
vertex 106.47007711476148 38.342020143325705 5.45
vertex 106.44436700874743 38.499999999999964 5.45
vertex 104.86602540378445 38.499999999999964 5.45
endloop
endfacet
facet normal 0 0 1
outer loop
vertex 106.47007711476148 38.342020143325705 5.45
vertex 104.86602540378445 38.499999999999964 5.45
vertex 104.93969262078589 38.342020143325705 5.45
endloop
endfacet
facet normal 0 0 1
outer loop
vertex 106.44436700874743 38.499999999999964 5.45
vertex 106.40610718404274 38.64278760968658 5.45
vertex 104.76604444311893 38.64278760968658 5.45
endloop
endfacet
facet normal 0 0 1
outer loop
vertex 106.44436700874743 38.499999999999964 5.45
vertex 104.76604444311893 38.64278760968658 5.45
vertex 104.86602540378445 38.499999999999964 5.45
endloop
endfacet
facet normal 0 0 1
outer loop
vertex 106.40610718404274 38.64278760968658 5.45
vertex 106.3730806150629 38.76604444311899 5.45
vertex 104.64278760968652 38.76604444311899 5.45
endloop
endfacet
facet normal 0 0 1
outer loop
vertex 106.40610718404274 38.64278760968658 5.45
vertex 104.64278760968652 38.76604444311899 5.45
vertex 104.76604444311893 38.64278760968658 5.45
endloop
endfacet
facet normal 0 0 1
outer loop
vertex 106.3730806150629 38.76604444311899 5.45
vertex 106.34923155196468 38.855050358314145 5.45
vertex 106.3441138042134 38.86602540378443 5.45
endloop
endfacet
facet normal 0 0 1
outer loop
vertex 106.3730806150629 38.76604444311899 5.45
vertex 106.3441138042134 38.86602540378443 5.45
vertex 104.50000000000003 38.86602540378443 5.45
endloop
endfacet
facet normal 0 0 1
outer loop
vertex 106.3730806150629 38.76604444311899 5.45
vertex 104.50000000000003 38.86602540378443 5.45
vertex 104.64278760968652 38.76604444311899 5.45
endloop
endfacet
facet normal 0 0 1
outer loop
vertex 106.3441138042134 38.86602540378443 5.45
vertex 106.30976221677066 38.939692620785884 5.45
vertex 104.34202014332571 38.939692620785884 5.45
endloop
endfacet
facet normal 0 0 1
outer loop
vertex 106.3441138042134 38.86602540378443 5.45
vertex 104.34202014332571 38.939692620785884 5.45
vertex 104.50000000000003 38.86602540378443 5.45
endloop
endfacet
facet normal 0 0 1
outer loop
vertex 106.30976221677066 38.939692620785884 5.45
vertex 106.28872468511486 38.9848077530122 5.45
vertex 104.17364817766692 38.9848077530122 5.45
endloop
endfacet
facet normal 0 0 1
outer loop
vertex 106.30976221677066 38.939692620785884 5.45
vertex 104.17364817766692 38.9848077530122 5.45
vertex 104.34202014332571 38.939692620785884 5.45
endloop
endfacet
facet normal 0 0 1
outer loop
vertex 106.28872468511486 38.9848077530122 5.45
vertex 106.28164042399986 39 5.45
vertex 103.9999999999999 39 5.45
endloop
endfacet
facet normal 0 0 1
outer loop
vertex 106.28872468511486 38.9848077530122 5.45
vertex 103.9999999999999 39 5.45
vertex 104.17364817766692 38.9848077530122 5.45
endloop
endfacet
facet normal 0 -7.105427357600396e-15 1
outer loop
vertex 103.9999999999999 39 5.45
vertex 106.28164042399986 39 5.45
vertex 106.1650635094611 39.25000000000002 5.450000000000002
endloop
endfacet
facet normal 0 -7.105427357600396e-15 1
outer loop
vertex 103.9999999999999 39 5.45
vertex 106.1650635094611 39.25000000000002 5.450000000000002
vertex 105.91511110779766 39.60696902421648 5.450000000000002
endloop
endfacet
facet normal 0 -7.105427357600396e-15 1
outer loop
vertex 103.9999999999999 39 5.45
vertex 105.91511110779766 39.60696902421648 5.450000000000002
vertex 105.60696902421657 39.91511110779765 5.450000000000002
endloop
endfacet
facet normal 0 -7.105427357600396e-15 1
outer loop
vertex 103.9999999999999 39 5.45
vertex 105.60696902421657 39.91511110779765 5.450000000000002
vertex 105.24999999999935 40.16506350946015 5.45
endloop
endfacet
facet normal 0 -7.105427357600396e-15 1
outer loop
vertex 103.9999999999999 39 5.45
vertex 105.24999999999935 40.16506350946015 5.45
vertex 104.8550503583142 40.34923155196493 5.45
endloop
endfacet
facet normal 0 -7.105427357600396e-15 1
outer loop
vertex 103.9999999999999 39 5.45
vertex 104.8550503583142 40.34923155196493 5.45
vertex 104.43412044416732 40.46201938253051 5.449999999999998
endloop
endfacet
facet normal 0 -7.105427357600396e-15 1
outer loop
vertex 103.9999999999999 39 5.45
vertex 104.43412044416732 40.46201938253051 5.449999999999998
vertex 104.00000000000011 40.50000000000038 5.450000000000002
endloop
endfacet
facet normal 0 -7.105427357600396e-15 1
outer loop
vertex 103.9999999999999 39 5.45
vertex 104.00000000000011 40.50000000000038 5.450000000000002
vertex 84.5 40.5 5.45
endloop
endfacet
facet normal 0 -7.105427357600396e-15 1
outer loop
vertex 103.9999999999999 39 5.45
vertex 84.5 40.5 5.45
vertex 84.5 39 5.45
endloop
endfacet
facet normal 0 0 -1
outer loop
vertex 84.28164042399983 51 5.45
vertex 82.00000000350124 51 5.45
vertex 65.10583998049003 51.00000175815932 5.45
endloop
endfacet
facet normal 0 0 -1
outer loop
vertex 84.28164042399983 51 5.45
vertex 65.10583998049003 51.00000175815932 5.45
vertex 82.00000000350124 51 5.45
endloop
endfacet
facet normal 0 0 -1
outer loop
vertex 7.162284149999998 52.500004150000024 5.45
vertex 59.50776050436874 52.50000124726941 5.45
vertex 7.162284149999998 52.500004150000024 5.45
endloop
endfacet
facet normal 0 0 -1
outer loop
vertex 7.162284149999998 52.500004150000024 5.45
vertex 7.162284149999998 52.500004150000024 5.45
vertex 7.162230078336679 52.50000124726941 5.45
endloop
endfacet
facet normal 0.9961946980917453 0.08715574274766166 0
outer loop
vertex -11.000000000000043 -9.999999999999998 6.450000000000003
vertex -10.98480775301225 -10.173648177666932 6.450000000000003
vertex -10.984807753012253 -10.173648177666868 2
endloop
endfacet
facet normal 0.9961946980917453 0.08715574274766166 0
outer loop
vertex -11.000000000000043 -9.999999999999998 6.450000000000003
vertex -10.984807753012253 -10.173648177666868 2
vertex -11 -10.000000000000464 2
endloop
endfacet
facet normal 0.9659258262890705 0.2588190451025128 0
outer loop
vertex -10.98480775301225 -10.173648177666932 6.450000000000003
vertex -10.939692620785937 -10.342020143325684 6.450000000000003
vertex -10.93969262078595 -10.342020143325628 2
endloop
endfacet
facet normal 0.9659258262890705 0.2588190451025128 0
outer loop
vertex -10.98480775301225 -10.173648177666932 6.450000000000003
vertex -10.93969262078595 -10.342020143325628 2
vertex -10.984807753012253 -10.173648177666868 2
endloop
endfacet
facet normal 0.9063077870366489 0.4226182617407019 0
outer loop
vertex -10.939692620785937 -10.342020143325684 6.450000000000003
vertex -10.866025403784459 -10.500000000000007 6.450000000000003
vertex -10.866025403784258 -10.499999999999993 2
endloop
endfacet
facet normal 0.9063077870366489 0.4226182617407019 0
outer loop
vertex -10.939692620785937 -10.342020143325684 6.450000000000003
vertex -10.866025403784258 -10.499999999999993 2
vertex -10.93969262078595 -10.342020143325628 2
endloop
endfacet
facet normal 0.8191520442889912 0.573576436351047 0
outer loop
vertex -10.866025403784459 -10.500000000000007 6.450000000000003
vertex -10.766044443119057 -10.642787609686605 6.450000000000003
vertex -10.766044443119268 -10.642787609686302 2
endloop
endfacet
facet normal 0.8191520442889912 0.573576436351047 0
outer loop
vertex -10.866025403784459 -10.500000000000007 6.450000000000003
vertex -10.766044443119268 -10.642787609686302 2
vertex -10.866025403784258 -10.499999999999993 2
endloop
endfacet
facet normal 0.7071067811865477 0.7071067811865477 0
outer loop
vertex -10.766044443119057 -10.642787609686605 6.450000000000003
vertex -10.642787609686579 -10.766044443119 6.450000000000003
vertex -10.64278760968648 -10.76604444311909 2
endloop
endfacet
facet normal 0.7071067811865477 0.7071067811865477 0
outer loop
vertex -10.766044443119057 -10.642787609686605 6.450000000000003
vertex -10.64278760968648 -10.76604444311909 2
vertex -10.766044443119268 -10.642787609686302 2
endloop
endfacet
facet normal 0.5735764363510402 0.8191520442889959 0
outer loop
vertex -10.642787609686579 -10.766044443119 6.450000000000003
vertex -10.500000000000018 -10.866025403784494 6.449999999999999
vertex -10.499999999999085 -10.866025403785146 2
endloop
endfacet
facet normal 0.5735764363510402 0.8191520442889959 0
outer loop
vertex -10.642787609686579 -10.766044443119 6.450000000000003
vertex -10.499999999999085 -10.866025403785146 2
vertex -10.64278760968648 -10.76604444311909 2
endloop
endfacet
facet normal 0.42261826174069317 0.9063077870366529 0
outer loop
vertex -10.500000000000018 -10.866025403784494 6.449999999999999
vertex -10.34202014332578 -10.93969262078614 6.449999999999999
vertex -10.342020143327545 -10.939692620785316 2
endloop
endfacet
facet normal 0.42261826174069317 0.9063077870366529 0
outer loop
vertex -10.500000000000018 -10.866025403784494 6.449999999999999
vertex -10.342020143327545 -10.939692620785316 2
vertex -10.499999999999085 -10.866025403785146 2
endloop
endfacet
facet normal 0.2588190451025145 0.96592582628907 0
outer loop
vertex -10.34202014332578 -10.93969262078614 6.449999999999999
vertex -10.17364817766692 -10.98480775301212 6.449999999999999
vertex -10.173648177666324 -10.98480775301228 2
endloop
endfacet
facet normal 0.2588190451025145 0.96592582628907 0
outer loop
vertex -10.34202014332578 -10.93969262078614 6.449999999999999
vertex -10.173648177666324 -10.98480775301228 2
vertex -10.342020143327545 -10.939692620785316 2
endloop
endfacet
facet normal 0.08715574274766169 0.9961946980917452 0
outer loop
vertex -10.17364817766692 -10.98480775301212 6.449999999999999
vertex -9.999999999999993 -11.00000000000002 6.449999999999999
vertex -10.000000000000542 -11.000000611391062 2
endloop
endfacet
facet normal 0.08715574274766169 0.9961946980917452 0
outer loop
vertex -10.17364817766692 -10.98480775301212 6.449999999999999
vertex -10.000000000000542 -11.000000611391062 2
vertex -10.173648177666324 -10.98480775301228 2
endloop
endfacet
facet normal 1.202227060589083e-7 0.999999999999992 3.924607794800465e-8
outer loop
vertex -9.999999999999993 -11.00000000000002 6.449999999999999
vertex 10.79474085000003 -11.000002500000036 6.450000000000003
vertex 10.794740849999348 -11.00000232535499 2
endloop
endfacet
facet normal 1.202227060589083e-7 0.999999999999992 3.924607794800465e-8
outer loop
vertex -9.999999999999993 -11.00000000000002 6.449999999999999
vertex 10.794740849999348 -11.00000232535499 2
vertex 9.342061515029211 -11.00000232535499 2
endloop
endfacet
facet normal 1.202227060589083e-7 0.999999999999992 3.924607794800465e-8
outer loop
vertex -9.999999999999993 -11.00000000000002 6.449999999999999
vertex 9.342061515029211 -11.00000232535499 2
vertex -4.443211380904616 -11.000000611391062 2
endloop
endfacet
facet normal 1.202227060589083e-7 0.999999999999992 3.924607794800465e-8
outer loop
vertex -9.999999999999993 -11.00000000000002 6.449999999999999
vertex -4.443211380904616 -11.000000611391062 2
vertex -10.000000000000542 -11.000000611391062 2
endloop
endfacet
facet normal -0.05060110654199622 0.9987189434554277 7.399756243404633e-16
outer loop
vertex 10.79474085000003 -11.000002500000036 6.450000000000003
vertex 10.895791403384381 -10.994882671392162 6.450000000000003
vertex 10.895791403384631 -10.994882671392146 2
endloop
endfacet
facet normal -0.05060110654199622 0.9987189434554277 7.399756243404633e-16
outer loop
vertex 10.79474085000003 -11.000002500000036 6.450000000000003
vertex 10.895791403384631 -10.994882671392146 2
vertex 10.794774679825462 -11.000000611391062 2
endloop
endfacet
facet normal -0.05060110654199622 0.9987189434554277 7.399756243404633e-16
outer loop
vertex 10.79474085000003 -11.000002500000036 6.450000000000003
vertex 10.794774679825462 -11.000000611391062 2
vertex 10.794740849999348 -11.00000232535499 2
endloop
endfacet
facet normal -0.15126325230646387 0.9884935146482607 0
outer loop
vertex 10.895791403384381 -10.994882671392162 6.450000000000003
vertex 10.995807346134509 -10.979577829672245 6.450000000000003
vertex 10.995807346134235 -10.979577829672284 2
endloop
endfacet
facet normal -0.15126325230646387 0.9884935146482607 0
outer loop
vertex 10.895791403384381 -10.994882671392162 6.450000000000003
vertex 10.995807346134235 -10.979577829672284 2
vertex 10.895791403384631 -10.994882671392146 2
endloop
endfacet
facet normal -0.2503768515706314 0.9681484556603795 6.052148178301074e-15
outer loop
vertex 10.995807346134509 -10.979577829672245 6.450000000000003
vertex 11.093764772339146 -10.9542446570398 6.450000000000003
vertex 11.093764772339142 -10.954244657039794 5.45
endloop
endfacet
facet normal -0.2503768515706314 0.9681484556603795 6.052148178301074e-15
outer loop
vertex 10.995807346134509 -10.979577829672245 6.450000000000003
vertex 11.093764772339142 -10.954244657039794 5.45
vertex 11.093764772339185 -10.954244657039785 2
endloop
endfacet
facet normal -0.2503768515706314 0.9681484556603795 6.052148178301074e-15
outer loop
vertex 10.995807346134509 -10.979577829672245 6.450000000000003
vertex 11.093764772339185 -10.954244657039785 2
vertex 10.995807346134235 -10.979577829672284 2
endloop
endfacet
facet normal -0.3469027679572214 0.9379010979754838 0
outer loop
vertex 11.093764772339142 -10.954244657039794 5.45
vertex 11.188661700000013 -10.919144999999993 5.45
vertex 11.188661700000326 -10.919144999999885 2
endloop
endfacet
facet normal -0.3469027679572214 0.9379010979754838 0
outer loop
vertex 11.093764772339142 -10.954244657039794 5.45
vertex 11.188661700000326 -10.919144999999885 2
vertex 11.093764772339185 -10.954244657039785 2
endloop
endfacet
facet normal -7.779678321120713e-11 1.8152552234468518e-10 1
outer loop
vertex 11.188661700000013 -10.919144999999993 5.45
vertex 24.811338300000017 -5.080855000000032 5.450000000000002
vertex 24.811338799999994 -5.080845 5.45
endloop
endfacet
facet normal -7.779678321120713e-11 1.8152552234468518e-10 1
outer loop
vertex 11.188661700000013 -10.919144999999993 5.45
vertex 24.811338799999994 -5.080845 5.45
vertex 24.811338800000996 -5.080844999999645 2
endloop
endfacet
facet normal -7.779678321120713e-11 1.8152552234468518e-10 1
outer loop
vertex 11.188661700000013 -10.919144999999993 5.45
vertex 24.811338800000996 -5.080844999999645 2
vertex 24.51612708998042 -5.207364516975726 2
endloop
endfacet
facet normal -7.779678321120713e-11 1.8152552234468518e-10 1
outer loop
vertex 11.188661700000013 -10.919144999999993 5.45
vertex 24.51612708998042 -5.207364516975726 2
vertex 23.83331211074983 -5.499999999999979 2
endloop
endfacet
facet normal -7.779678321120713e-11 1.8152552234468518e-10 1
outer loop
vertex 11.188661700000013 -10.919144999999993 5.45
vertex 23.83331211074983 -5.499999999999979 2
vertex 23.150497131519188 -5.792635483024254 2
endloop
endfacet
facet normal -7.779678321120713e-11 1.8152552234468518e-10 1
outer loop
vertex 11.188661700000013 -10.919144999999993 5.45
vertex 23.150497131519188 -5.792635483024254 2
vertex 22.493922349013676 -6.0740251485476255 2
endloop
endfacet
facet normal -7.779678321120713e-11 1.8152552234468518e-10 1
outer loop
vertex 11.188661700000013 -10.919144999999993 5.45
vertex 22.493922349013676 -6.0740251485476255 2
vertex 21.888819563913614 -6.333355349529169 2
endloop
endfacet
facet normal -7.779678321120713e-11 1.8152552234468518e-10 1
outer loop
vertex 11.188661700000013 -10.919144999999993 5.45
vertex 21.888819563913614 -6.333355349529169 2
vertex 21.35844253690294 -6.560660171780032 2
endloop
endfacet
facet normal -7.779678321120713e-11 1.8152552234468518e-10 1
outer loop
vertex 11.188661700000013 -10.919144999999993 5.45
vertex 21.35844253690294 -6.560660171780032 2
vertex 20.923173359693852 -6.747204418453823 2
endloop
endfacet
facet normal -7.779678321120713e-11 1.8152552234468518e-10 1
outer loop
vertex 11.188661700000013 -10.919144999999993 5.45
vertex 20.923173359693852 -6.747204418453823 2
vertex 20.59973918266248 -6.885819298767051 2
endloop
endfacet
facet normal -7.779678321120713e-11 1.8152552234468518e-10 1
outer loop
vertex 11.188661700000013 -10.919144999999993 5.45
vertex 20.59973918266248 -6.885819298767051 2
vertex 20.400569399849473 -6.971177920604832 2
endloop
endfacet
facet normal -7.779678321120713e-11 1.8152552234468518e-10 1
outer loop
vertex 11.188661700000013 -10.919144999999993 5.45
vertex 20.400569399849473 -6.971177920604832 2
vertex 20.333317994311678 -7.000000000000029 2
endloop
endfacet
facet normal -7.779678321120713e-11 1.8152552234468518e-10 1
outer loop
vertex 11.188661700000013 -10.919144999999993 5.45
vertex 20.333317994311678 -7.000000000000029 2
vertex 11.188661700000326 -10.919144999999885 2
endloop
endfacet
facet normal -9.115011916279508e-11 2.4645565280834177e-10 1
outer loop
vertex 24.811338799999994 -5.080845 5.45
vertex 24.906235227660865 -5.0457553429601685 5.450000000000002
vertex 24.90623568045659 -5.045747967883951 5.45
endloop
endfacet
facet normal -9.115011916279508e-11 2.4645565280834177e-10 1
outer loop
vertex 24.811338799999994 -5.080845 5.45
vertex 24.90623568045659 -5.045747967883951 5.45
vertex 24.90623568045723 -5.045747967883729 2
endloop
endfacet
facet normal -9.115011916279508e-11 2.4645565280834177e-10 1
outer loop
vertex 24.811338799999994 -5.080845 5.45
vertex 24.90623568045723 -5.045747967883729 2
vertex 24.811338800000996 -5.080844999999645 2
endloop
endfacet
facet normal -0.2503291868795632 0.9681607811702646 0
outer loop
vertex 24.90623568045659 -5.045747967883951 5.45
vertex 25.00419336147872 -5.02041987453851 5.45
vertex 25.00419336147821 -5.020419874538582 2
endloop
endfacet
facet normal -0.2503291868795632 0.9681607811702646 0
outer loop
vertex 24.90623568045659 -5.045747967883951 5.45
vertex 25.00419336147821 -5.020419874538582 2
vertex 24.90623568045723 -5.045747967883729 2
endloop
endfacet
facet normal -0.1512156005227556 0.9885008053403612 0
outer loop
vertex 25.00419336147872 -5.02041987453851 5.45
vertex 25.10420902877582 -5.0051200092168955 5.45
vertex 25.104209028775454 -5.005120009216946 2
endloop
endfacet
facet normal -0.1512156005227556 0.9885008053403612 0
outer loop
vertex 25.00419336147872 -5.02041987453851 5.45
vertex 25.104209028775454 -5.005120009216946 2
vertex 25.00419336147821 -5.020419874538582 2
endloop
endfacet
facet normal -0.05060387707522018 0.9987188030797038 0
outer loop
vertex 25.10420902877582 -5.0051200092168955 5.45
vertex 25.205257599999996 -5 5.45
vertex 25.20525760000063 -5 2
endloop
endfacet
facet normal -0.05060387707522018 0.9987188030797038 0
outer loop
vertex 25.10420902877582 -5.0051200092168955 5.45
vertex 25.20525760000063 -5 2
vertex 25.104209028775454 -5.005120009216946 2
endloop
endfacet
facet normal 0 1 0
outer loop
vertex 60 -5 6.449999999999999
vertex 59.99999999999962 -5 2
vertex 25.20525760000063 -5 2
endloop
endfacet
facet normal 0 1 0
outer loop
vertex 60 -5 6.449999999999999
vertex 25.20525760000063 -5 2
vertex 25.205257599999996 -5 5.45
endloop
endfacet
facet normal 0 1 0
outer loop
vertex 60 -5 6.449999999999999
vertex 25.205257599999996 -5 5.45
vertex 25.20525915 -5 6.449999999999999
endloop
endfacet
facet normal 0.08715574274765608 0.9961946980917457 0
outer loop
vertex 60 -5 6.449999999999999
vertex 60.173648177666934 -5.015192246987824 6.449999999999999
vertex 60.1736481776672 -5.015192246987848 2
endloop
endfacet
facet normal 0.08715574274765608 0.9961946980917457 0
outer loop
vertex 60 -5 6.449999999999999
vertex 60.1736481776672 -5.015192246987848 2
vertex 59.99999999999962 -5 2
endloop
endfacet
facet normal 0.2588190451025269 0.9659258262890666 0
outer loop
vertex 60.173648177666934 -5.015192246987824 6.449999999999999
vertex 60.34202014332567 -5.060307379214079 6.449999999999999
vertex 60.34202014332649 -5.060307379214295 2
endloop
endfacet
facet normal 0.2588190451025269 0.9659258262890666 0
outer loop
vertex 60.173648177666934 -5.015192246987824 6.449999999999999
vertex 60.34202014332649 -5.060307379214295 2
vertex 60.1736481776672 -5.015192246987848 2
endloop
endfacet
facet normal 0.4226182617406989 0.9063077870366503 0
outer loop
vertex 60.34202014332567 -5.060307379214079 6.449999999999999
vertex 60.50000000000006 -5.13397459621541 6.449999999999999
vertex 60.49999999999923 -5.133974596215026 2
endloop
endfacet
facet normal 0.4226182617406989 0.9063077870366503 0
outer loop
vertex 60.34202014332567 -5.060307379214079 6.449999999999999
vertex 60.49999999999923 -5.133974596215026 2
vertex 60.34202014332649 -5.060307379214295 2
endloop
endfacet
facet normal 0.5735764363510552 0.8191520442889855 0
outer loop
vertex 60.50000000000006 -5.13397459621541 6.449999999999999
vertex 60.642787609686536 -5.233955556881028 6.449999999999999
vertex 60.64278760968639 -5.233955556880918 2
endloop
endfacet
facet normal 0.5735764363510552 0.8191520442889855 0
outer loop
vertex 60.50000000000006 -5.13397459621541 6.449999999999999
vertex 60.64278760968639 -5.233955556880918 2
vertex 60.49999999999923 -5.133974596215026 2
endloop
endfacet
facet normal 0.7071067811865351 0.70710678118656 0
outer loop
vertex 60.642787609686536 -5.233955556881028 6.449999999999999
vertex 60.766044443119 -5.357212390313524 6.449999999999999
vertex 60.766044443119405 -5.357212390313933 2
endloop
endfacet
facet normal 0.7071067811865351 0.70710678118656 0
outer loop
vertex 60.642787609686536 -5.233955556881028 6.449999999999999
vertex 60.766044443119405 -5.357212390313933 2
vertex 60.64278760968639 -5.233955556880918 2
endloop
endfacet
facet normal 0.8191520442889866 0.5735764363510534 0
outer loop
vertex 60.766044443119 -5.357212390313524 6.449999999999999
vertex 60.86602540378449 -5.499999999999947 6.449999999999999
vertex 60.86602540378452 -5.499999999999979 2
endloop
endfacet
facet normal 0.8191520442889866 0.5735764363510534 0
outer loop
vertex 60.766044443119 -5.357212390313524 6.449999999999999
vertex 60.86602540378452 -5.499999999999979 2
vertex 60.766044443119405 -5.357212390313933 2
endloop
endfacet
facet normal 0.9063077870366624 0.4226182617406731 0
outer loop
vertex 60.86602540378449 -5.499999999999947 6.449999999999999
vertex 60.93969262078591 -5.657979856674334 6.450000000000003
vertex 60.93969262078543 -5.6579798566733155 2
endloop
endfacet
facet normal 0.9063077870366624 0.4226182617406731 0
outer loop
vertex 60.86602540378449 -5.499999999999947 6.449999999999999
vertex 60.93969262078543 -5.6579798566733155 2
vertex 60.86602540378452 -5.499999999999979 2
endloop
endfacet
facet normal 0.9659258262890704 0.25881904510251297 0
outer loop
vertex 60.93969262078591 -5.657979856674334 6.450000000000003
vertex 60.98480775301202 -5.826351822333116 6.449999999999999
vertex 60.98480775301234 -5.826351822334353 2
endloop
endfacet
facet normal 0.9659258262890704 0.25881904510251297 0
outer loop
vertex 60.93969262078591 -5.657979856674334 6.450000000000003
vertex 60.98480775301234 -5.826351822334353 2
vertex 60.93969262078543 -5.6579798566733155 2
endloop
endfacet
facet normal 0.996194698091744 0.08715574274767586 0
outer loop
vertex 60.98480775301202 -5.826351822333116 6.449999999999999
vertex 61.00000000000003 -6.000000000000006 6.449999999999999
vertex 61 -5.999999999999723 2
endloop
endfacet
facet normal 0.996194698091744 0.08715574274767586 0
outer loop
vertex 60.98480775301202 -5.826351822333116 6.449999999999999
vertex 61 -5.999999999999723 2
vertex 60.98480775301234 -5.826351822334353 2
endloop
endfacet
facet normal 1 0 -6.3869009955964076e-15
outer loop
vertex 61 -16.798464750000708 2
vertex 61 -16.696627541955472 2
vertex 61 -16.576468671992238 2
endloop
endfacet
facet normal 1 0 -6.3869009955964076e-15
outer loop
vertex 61 -16.798464750000708 2
vertex 61 -16.576468671992238 2
vertex 61 -16.44105724973756 2
endloop
endfacet
facet normal 1 0 -6.3869009955964076e-15
outer loop
vertex 61 -16.798464750000708 2
vertex 61 -16.44105724973756 2
vertex 61 -16.293851966928667 2
endloop
endfacet
facet normal 1 0 -6.3869009955964076e-15
outer loop
vertex 61 -16.798464750000708 2
vertex 61 -16.293851966928667 2
vertex 61 -16.138612755314725 2
endloop
endfacet
facet normal 1 0 -6.3869009955964076e-15
outer loop
vertex 61 -16.798464750000708 2
vertex 61 -16.138612755314725 2
vertex 61 -15.979309500001126 2
endloop
endfacet
facet normal 1 0 -6.3869009955964076e-15
outer loop
vertex 61 -16.798464750000708 2
vertex 61 -15.979309500001126 2
vertex 61 -10.499999999999993 2
endloop
endfacet
facet normal 1 0 -6.3869009955964076e-15
outer loop
vertex 61 -16.798464750000708 2
vertex 61 -10.499999999999993 2
vertex 61 -10.471177920604614 2
endloop
endfacet
facet normal 1 0 -6.3869009955964076e-15
outer loop
vertex 61 -16.798464750000708 2
vertex 61 -10.471177920604614 2
vertex 61 -10.385819298767226 2
endloop
endfacet
facet normal 1 0 -6.3869009955964076e-15
outer loop
vertex 61 -16.798464750000708 2
vertex 61 -10.385819298767226 2
vertex 61 -10.247204418454126 2
endloop
endfacet
facet normal 1 0 -6.3869009955964076e-15
outer loop
vertex 61 -16.798464750000708 2
vertex 61 -10.247204418454126 2
vertex 61 -10.060660171777878 2
endloop
endfacet
facet normal 1 0 -6.3869009955964076e-15
outer loop
vertex 61 -16.798464750000708 2
vertex 61 -10.060660171777878 2
vertex 61 -9.833355349529416 2
endloop
endfacet
facet normal 1 0 -6.3869009955964076e-15
outer loop
vertex 61 -16.798464750000708 2
vertex 61 -9.833355349529416 2
vertex 61 -9.57402514854721 2
endloop
endfacet
facet normal 1 0 -6.3869009955964076e-15
outer loop
vertex 61 -16.798464750000708 2
vertex 61 -9.57402514854721 2
vertex 61 -9.292635483025471 2
endloop
endfacet
facet normal 1 0 -6.3869009955964076e-15
outer loop
vertex 61 -16.798464750000708 2
vertex 61 -9.292635483025471 2
vertex 61 -9.000000000000085 2
endloop
endfacet
facet normal 1 0 -6.3869009955964076e-15
outer loop
vertex 61 -16.798464750000708 2
vertex 61 -9.000000000000085 2
vertex 61 -8.707364516973907 2
endloop
endfacet
facet normal 1 0 -6.3869009955964076e-15
outer loop
vertex 61 -16.798464750000708 2
vertex 61 -8.707364516973907 2
vertex 61 -8.425974851450345 2
endloop
endfacet
facet normal 1 0 -6.3869009955964076e-15
outer loop
vertex 61 -16.798464750000708 2
vertex 61 -8.425974851450345 2
vertex 61 -8.16664465047331 2
endloop
endfacet
facet normal 1 0 -6.3869009955964076e-15
outer loop
vertex 61 -16.798464750000708 2
vertex 61 -8.16664465047331 2
vertex 61 -7.939339828218258 2
endloop
endfacet
facet normal 1 0 -6.3869009955964076e-15
outer loop
vertex 61 -16.798464750000708 2
vertex 61 -7.939339828218258 2
vertex 61 -7.752795581546099 2
endloop
endfacet
facet normal 1 0 -6.3869009955964076e-15
outer loop
vertex 61 -16.798464750000708 2
vertex 61 -7.752795581546099 2
vertex 61 -7.614180701233153 2
endloop
endfacet
facet normal 1 0 -6.3869009955964076e-15
outer loop
vertex 61 -16.798464750000708 2
vertex 61 -7.614180701233153 2
vertex 61 -7.528822079394904 2
endloop
endfacet
facet normal 1 0 -6.3869009955964076e-15
outer loop
vertex 61 -16.798464750000708 2
vertex 61 -7.528822079394904 2
vertex 61 -7.499999999999823 2
endloop
endfacet
facet normal 1 0 -6.3869009955964076e-15
outer loop
vertex 61 -16.798464750000708 2
vertex 61 -7.499999999999823 2
vertex 61 -5.999999999999723 2
endloop
endfacet
facet normal 1 0 -6.3869009955964076e-15
outer loop
vertex 61 -16.798464750000708 2
vertex 61 -5.999999999999723 2
vertex 61.00000000000003 -6.000000000000006 6.449999999999999
endloop
endfacet
facet normal 1 0 -6.3869009955964076e-15
outer loop
vertex 61 -16.798464750000708 2
vertex 61.00000000000003 -6.000000000000006 6.449999999999999
vertex 61 -6.5 6.449999999999999
endloop
endfacet
facet normal 1 0 -6.3869009955964076e-15
outer loop
vertex 61 -16.798464750000708 2
vertex 61 -6.5 6.449999999999999
vertex 61 -25 6.449999999999999
endloop
endfacet
facet normal 1 0 -6.3869009955964076e-15
outer loop
vertex 61 -16.798464750000708 2
vertex 61 -25 6.449999999999999
vertex 61 -25.000000000001616 2
endloop
endfacet
facet normal 0.9961946980917447 0.08715574274766881 0
outer loop
vertex 61 -25 6.449999999999999
vertex 61.01519224698766 -25.173648177666973 6.450000000000003
vertex 61.015192246987624 -25.173648177666593 2
endloop
endfacet
facet normal 0.9961946980917447 0.08715574274766881 0
outer loop
vertex 61 -25 6.449999999999999
vertex 61.015192246987624 -25.173648177666593 2
vertex 61 -25.000000000001616 2
endloop
endfacet
facet normal 0.9659258262890686 0.25881904510251963 0
outer loop
vertex 61.01519224698766 -25.173648177666973 6.450000000000003
vertex 61.060307379214024 -25.342020143325684 6.449999999999999
vertex 61.06030737921363 -25.342020143324238 2
endloop
endfacet
facet normal 0.9659258262890686 0.25881904510251963 0
outer loop
vertex 61.01519224698766 -25.173648177666973 6.450000000000003
vertex 61.06030737921363 -25.342020143324238 2
vertex 61.015192246987624 -25.173648177666593 2
endloop
endfacet
facet normal 0.906307787036659 0.42261826174068023 0
outer loop
vertex 61.060307379214024 -25.342020143325684 6.449999999999999
vertex 61.13397459621576 -25.499999999999968 6.450000000000003
vertex 61.133974596216746 -25.5000000000021 2
endloop
endfacet
facet normal 0.906307787036659 0.42261826174068023 0
outer loop
vertex 61.060307379214024 -25.342020143325684 6.449999999999999
vertex 61.133974596216746 -25.5000000000021 2
vertex 61.06030737921363 -25.342020143324238 2
endloop
endfacet
facet normal 0.8191520442889911 0.573576436351047 0
outer loop
vertex 61.13397459621576 -25.499999999999968 6.450000000000003
vertex 61.2339555568808 -25.64278760968664 6.449999999999999
vertex 61.23395555688072 -25.642787609686515 2
endloop
endfacet
facet normal 0.8191520442889911 0.573576436351047 0
outer loop
vertex 61.13397459621576 -25.499999999999968 6.450000000000003
vertex 61.23395555688072 -25.642787609686515 2
vertex 61.133974596216746 -25.5000000000021 2
endloop
endfacet
facet normal 0.7071067811865405 0.7071067811865547 0
outer loop
vertex 61.2339555568808 -25.64278760968664 6.449999999999999
vertex 61.35721239031335 -25.766044443119135 6.449999999999999
vertex 61.357212390313286 -25.766044443119075 2
endloop
endfacet
facet normal 0.7071067811865405 0.7071067811865547 0
outer loop
vertex 61.2339555568808 -25.64278760968664 6.449999999999999
vertex 61.357212390313286 -25.766044443119075 2
vertex 61.23395555688072 -25.642787609686515 2
endloop
endfacet
facet normal 0.573576436351049 0.8191520442889897 0
outer loop
vertex 61.35721239031335 -25.766044443119135 6.449999999999999
vertex 61.4999999999999 -25.86602540378459 6.449999999999999
vertex 61.49999999999896 -25.866025403783933 2
endloop
endfacet
facet normal 0.573576436351049 0.8191520442889897 0
outer loop
vertex 61.35721239031335 -25.766044443119135 6.449999999999999
vertex 61.49999999999896 -25.866025403783933 2
vertex 61.357212390313286 -25.766044443119075 2
endloop
endfacet
facet normal 0.42261826174070627 0.9063077870366468 0
outer loop
vertex 61.4999999999999 -25.86602540378459 6.449999999999999
vertex 61.65797985667439 -25.93969262078591 6.449999999999999
vertex 61.65797985667394 -25.939692620785706 2
endloop
endfacet
facet normal 0.42261826174070627 0.9063077870366468 0
outer loop
vertex 61.4999999999999 -25.86602540378459 6.449999999999999
vertex 61.65797985667394 -25.939692620785706 2
vertex 61.49999999999896 -25.866025403783933 2
endloop
endfacet
facet normal 0.25881904510252696 0.9659258262890666 0
outer loop
vertex 61.65797985667439 -25.93969262078591 6.449999999999999
vertex 61.826351822333045 -25.984807753012106 6.449999999999999
vertex 61.826351822333855 -25.984807753012323 2
endloop
endfacet
facet normal 0.25881904510252696 0.9659258262890666 0
outer loop
vertex 61.65797985667439 -25.93969262078591 6.449999999999999
vertex 61.826351822333855 -25.984807753012323 2
vertex 61.65797985667394 -25.939692620785706 2
endloop
endfacet
facet normal 0.08715574274851721 0.9961946980916524 1.8987993956849592e-7
outer loop
vertex 61.826351822333045 -25.984807753012106 6.449999999999999
vertex 62.000000000000064 -26.000000000000057 6.450000000000003
vertex 61.99999999999414 -25.999999151806175 2
endloop
endfacet
facet normal 0.08715574274851721 0.9961946980916524 1.8987993956849592e-7
outer loop
vertex 61.826351822333045 -25.984807753012106 6.449999999999999
vertex 61.99999999999414 -25.999999151806175 2
vertex 61.99997711796029 -25.999997149999384 2
endloop
endfacet
facet normal 0.08715574274851721 0.9961946980916524 1.8987993956849592e-7
outer loop
vertex 61.826351822333045 -25.984807753012106 6.449999999999999
vertex 61.99997711796029 -25.999997149999384 2
vertex 61.826351822333855 -25.984807753012323 2
endloop
endfacet
facet normal -1.5264094994043418e-7 0.9999999999999883 -6.207111773406396e-13
outer loop
vertex 62.000000000000064 -26.000000000000057 6.450000000000003
vertex 80.67126519999957 -25.9999971500004 6.449999999999999
vertex 80.67127185000008 -25.999997150000006 5.45
endloop
endfacet
facet normal -1.5264094994043418e-7 0.9999999999999883 -6.207111773406396e-13
outer loop
vertex 62.000000000000064 -26.000000000000057 6.450000000000003
vertex 80.67127185000008 -25.999997150000006 5.45
vertex 80.67127184983235 -25.999997149999384 2
endloop
endfacet
facet normal -1.5264094994043418e-7 0.9999999999999883 -6.207111773406396e-13
outer loop
vertex 62.000000000000064 -26.000000000000057 6.450000000000003
vertex 80.67127184983235 -25.999997149999384 2
vertex 61.99999999999414 -25.999999151806175 2
endloop
endfacet
facet normal 0.06349405084607795 0.9979822170295198 0
outer loop
vertex 80.67127185000008 -25.999997150000006 5.45
vertex 80.7979714201154 -26.008058084162762 5.45
vertex 80.79797142011674 -26.008058084162855 2
endloop
endfacet
facet normal 0.06349405084607795 0.9979822170295198 0
outer loop
vertex 80.67127185000008 -25.999997150000006 5.45
vertex 80.79797142011674 -26.008058084162855 2
vertex 80.67127184983235 -25.999997149999384 2
endloop
endfacet
facet normal 0.18942640821785162 0.9818949209918972 0
outer loop
vertex 80.7979714201154 -26.008058084162762 5.45
vertex 80.92262861566995 -26.032106853850415 5.45
vertex 80.92262861566945 -26.032106853850152 2
endloop
endfacet
facet normal 0.18942640821785162 0.9818949209918972 0
outer loop
vertex 80.7979714201154 -26.008058084162762 5.45
vertex 80.92262861566945 -26.032106853850152 2
vertex 80.79797142011674 -26.008058084162855 2
endloop
endfacet
facet normal 0.3123056362559837 0.9499816785405628 0
outer loop
vertex 80.92262861566995 -26.032106853850415 5.45
vertex 81.04323424193744 -26.071755846771403 5.45
vertex 81.04323424193691 -26.071755846771126 2
endloop
endfacet
facet normal 0.3123056362559837 0.9499816785405628 0
outer loop
vertex 80.92262861566995 -26.032106853850415 5.45
vertex 81.04323424193691 -26.071755846771126 2
vertex 80.92262861566945 -26.032106853850152 2
endloop
endfacet
facet normal 0.43015119708750765 0.9027568596494763 0
outer loop
vertex 81.04323424193744 -26.071755846771403 5.45
vertex 81.1578444064118 -26.126366009984316 5.45
vertex 81.15784440640955 -26.126366009983226 2
endloop
endfacet
facet normal 0.43015119708750765 0.9027568596494763 0
outer loop
vertex 81.04323424193744 -26.071755846771403 5.45
vertex 81.15784440640955 -26.126366009983226 2
vertex 81.04323424193691 -26.071755846771126 2
endloop
endfacet
facet normal 0.5410411765712443 0.8409961029959673 0
outer loop
vertex 81.1578444064118 -26.126366009984316 5.45
vertex 81.26461369999993 -26.195054299999946 5.45
vertex 81.26461370000665 -26.19505430000462 2
endloop
endfacet
facet normal 0.5410411765712443 0.8409961029959673 0
outer loop
vertex 81.1578444064118 -26.126366009984316 5.45
vertex 81.26461370000665 -26.19505430000462 2
vertex 81.15784440640955 -26.126366009983226 2
endloop
endfacet
facet normal 0.5933488185845387 0.8049454512476807 0
outer loop
vertex 81.26461369999993 -26.195054299999946 5.45
vertex 95.12431199999996 -36.41144299999996 5.45
vertex 95.1243120000054 -36.411443000003636 2
endloop
endfacet
facet normal 0.5933488185845387 0.8049454512476807 0
outer loop
vertex 81.26461369999993 -26.195054299999946 5.45
vertex 95.1243120000054 -36.411443000003636 2
vertex 81.26461370000665 -26.19505430000462 2
endloop
endfacet
facet normal 0.5273244512118056 0.8496640060366026 0
outer loop
vertex 95.12431199999996 -36.41144299999996 5.45
vertex 95.25970209927526 -36.49546975562645 5.45
vertex 95.25970209927301 -36.49546975562535 2
endloop
endfacet
facet normal 0.5273244512118056 0.8496640060366026 0
outer loop
vertex 95.12431199999996 -36.41144299999996 5.45
vertex 95.25970209927301 -36.49546975562535 2
vertex 95.1243120000054 -36.411443000003636 2
endloop
endfacet
facet normal 0.3856701059705498 0.9226367483255069 0
outer loop
vertex 95.25970209927526 -36.49546975562645 5.45
vertex 95.40672007351374 -36.556924534884956 5.45
vertex 95.40672007351324 -36.55692453488459 2
endloop
endfacet
facet normal 0.3856701059705498 0.9226367483255069 0
outer loop
vertex 95.25970209927526 -36.49546975562645 5.45
vertex 95.40672007351324 -36.55692453488459 2
vertex 95.25970209927301 -36.49546975562535 2
endloop
endfacet
facet normal 0.23422322084808303 0.9721828443330761 0
outer loop
vertex 95.40672007351374 -36.556924534884956 5.45
vertex 95.56163299305932 -36.5942469410336 5.45
vertex 95.56163299305905 -36.59424694103329 2
endloop
endfacet
facet normal 0.23422322084808303 0.9721828443330761 0
outer loop
vertex 95.40672007351374 -36.556924534884956 5.45
vertex 95.56163299305905 -36.59424694103329 2
vertex 95.40672007351324 -36.55692453488459 2
endloop
endfacet
facet normal 0.07682917986438298 0.9970442703919251 0
outer loop
vertex 95.56163299305932 -36.5942469410336 5.45
vertex 95.7205074679001 -36.60648932180432 5.45
vertex 95.72050746790349 -36.60648932180429 2
endloop
endfacet
facet normal 0.07682917986438298 0.9970442703919251 0
outer loop
vertex 95.56163299305932 -36.5942469410336 5.45
vertex 95.72050746790349 -36.60648932180429 2
vertex 95.56163299305905 -36.59424694103329 2
endloop
endfacet
facet normal -0.08251562887717509 0.9965897706634383 0
outer loop
vertex 95.7205074679001 -36.60648932180432 5.45
vertex 95.87930952027413 -36.59334083121736 5.45
vertex 95.87930952026831 -36.593340831218086 2
endloop
endfacet
facet normal -0.08251562887717509 0.9965897706634383 0
outer loop
vertex 95.7205074679001 -36.60648932180432 5.45
vertex 95.87930952026831 -36.593340831218086 2
vertex 95.72050746790349 -36.60648932180429 2
endloop
endfacet
facet normal -0.2397652853782687 0.970830885338676 0
outer loop
vertex 95.87930952027413 -36.59334083121736 5.45
vertex 96.03400701129598 -36.55513532226384 5.45
vertex 96.03400701129443 -36.555135322263524 2
endloop
endfacet
facet normal -0.2397652853782687 0.970830885338676 0
outer loop
vertex 95.87930952027413 -36.59334083121736 5.45
vertex 96.03400701129443 -36.555135322263524 2
vertex 95.87930952026831 -36.593340831218086 2
endloop
endfacet
facet normal -0.3909270675980282 0.92042165762177 0
outer loop
vertex 96.03400701129598 -36.55513532226384 5.45
vertex 96.18067202089401 -36.492842870052826 5.45
vertex 96.18067202089874 -36.492842870049834 2
endloop
endfacet
facet normal -0.3909270675980282 0.92042165762177 0
outer loop
vertex 96.03400701129598 -36.55513532226384 5.45
vertex 96.18067202089874 -36.492842870049834 2
vertex 96.03400701129443 -36.555135322263524 2
endloop
endfacet
facet normal -0.5321628305572139 0.8466420269354304 0
outer loop
vertex 96.18067202089401 -36.492842870052826 5.45
vertex 96.31558058152869 -36.408045140658714 5.45
vertex 96.31558058152632 -36.408045140660185 2
endloop
endfacet
facet normal -0.5321628305572139 0.8466420269354304 0
outer loop
vertex 96.18067202089401 -36.492842870052826 5.45
vertex 96.31558058152632 -36.408045140660185 2
vertex 96.18067202089874 -36.492842870049834 2
endloop
endfacet
facet normal -0.6598864605799007 0.751365330011527 0
outer loop
vertex 96.31558058152869 -36.408045140658714 5.45
vertex 96.43530723335748 -36.30289523107855 5.45
vertex 96.4353072333598 -36.302895231075915 2
endloop
endfacet
facet normal -0.6598864605799007 0.751365330011527 0
outer loop
vertex 96.31558058152869 -36.408045140658714 5.45
vertex 96.4353072333598 -36.302895231075915 2
vertex 96.31558058152632 -36.408045140660185 2
endloop
endfacet
facet normal -0.7708411270164399 0.637027438106103 0
outer loop
vertex 96.43530723335748 -36.30289523107855 5.45
vertex 96.53681400000005 -36.180065999999954 5.45
vertex 96.53681400000052 -36.18006599999953 2
endloop
endfacet
facet normal -0.7708411270164399 0.637027438106103 0
outer loop
vertex 96.43530723335748 -36.30289523107855 5.45
vertex 96.53681400000052 -36.18006599999953 2
vertex 96.4353072333598 -36.302895231075915 2
endloop
endfacet
facet normal -0.8191518041360439 0.5735767793248471 1.422839272104198e-14
outer loop
vertex 96.53681400000005 -36.180065999999954 5.45
vertex 107.99420969999998 -19.817223750000014 5.45
vertex 107.99420969999994 -19.81722375000007 5.35
endloop
endfacet
facet normal -0.8191518041360439 0.5735767793248471 1.422839272104198e-14
outer loop
vertex 96.53681400000005 -36.180065999999954 5.45
vertex 107.99420969999994 -19.81722375000007 5.35
vertex 107.99420969999852 -19.81722375000203 2
endloop
endfacet
facet normal -0.8191518041360439 0.5735767793248471 1.422839272104198e-14
outer loop
vertex 96.53681400000005 -36.180065999999954 5.45
vertex 107.99420969999852 -19.81722375000203 2
vertex 103.66498130037849 -25.999997149999384 2
endloop
endfacet
facet normal -0.8191518041360439 0.5735767793248471 1.422839272104198e-14
outer loop
vertex 96.53681400000005 -36.180065999999954 5.45
vertex 103.66498130037849 -25.999997149999384 2
vertex 103.65933696848239 -26.008058084162855 2
endloop
endfacet
facet normal -0.8191518041360439 0.5735767793248471 1.422839272104198e-14
outer loop
vertex 96.53681400000005 -36.180065999999954 5.45
vertex 103.65933696848239 -26.008058084162855 2
vertex 103.64249782365683 -26.032106853850152 2
endloop
endfacet
facet normal -0.8191518041360439 0.5735767793248471 1.422839272104198e-14
outer loop
vertex 96.53681400000005 -36.180065999999954 5.45
vertex 103.64249782365683 -26.032106853850152 2
vertex 103.61473527519114 -26.071755846771126 2
endloop
endfacet
facet normal -0.8191518041360439 0.5735767793248471 1.422839272104198e-14
outer loop
vertex 96.53681400000005 -36.180065999999954 5.45
vertex 103.61473527519114 -26.071755846771126 2
vertex 103.57649679317176 -26.126366009983226 2
endloop
endfacet
facet normal -0.8191518041360439 0.5735767793248471 1.422839272104198e-14
outer loop
vertex 96.53681400000005 -36.180065999999954 5.45
vertex 103.57649679317176 -26.126366009983226 2
vertex 103.52840069185223 -26.19505430000462 2
endloop
endfacet
facet normal -0.8191518041360439 0.5735767793248471 1.422839272104198e-14
outer loop
vertex 96.53681400000005 -36.180065999999954 5.45
vertex 103.52840069185223 -26.19505430000462 2
vertex 96.53681400000052 -36.18006599999953 2
endloop
endfacet
facet normal -0.5735750689089386 -0.8191530017805626 5.9159107108836e-15
outer loop
vertex 107.7486293999999 -18.424487499999938 5.35
vertex 107.74862939999996 -18.424487499999977 5.45
vertex 105.42641999999996 -16.798464749999983 5.45
endloop
endfacet
facet normal -0.5735750689089386 -0.8191530017805626 5.9159107108836e-15
outer loop
vertex 107.7486293999999 -18.424487499999938 5.35
vertex 105.42641999999996 -16.798464749999983 5.45
vertex 105.42642000000114 -16.798464750000708 2
endloop
endfacet
facet normal -0.5735750689089386 -0.8191530017805626 5.9159107108836e-15
outer loop
vertex 107.7486293999999 -18.424487499999938 5.35
vertex 105.42642000000114 -16.798464750000708 2
vertex 107.74862939999815 -18.42448749999861 2
endloop
endfacet
facet normal -0.6372035741816542 -0.7706955333010082 0
outer loop
vertex 105.42641999999996 -16.798464749999983 5.45
vertex 105.30324824682111 -16.696627541955426 5.45
vertex 105.30324824682147 -16.696627541955472 2
endloop
endfacet
facet normal -0.6372035741816542 -0.7706955333010082 0
outer loop
vertex 105.42641999999996 -16.798464749999983 5.45
vertex 105.30324824682147 -16.696627541955472 2
vertex 105.42642000000114 -16.798464750000708 2
endloop
endfacet
facet normal -0.7518436814580359 -0.6593413976474003 2.4070029800430287e-13
outer loop
vertex 105.30324824682111 -16.696627541955426 5.45
vertex 105.30324952505889 -16.69662899952317 6.449999999999999
vertex 105.1978742732473 -16.576470129567056 6.449999999999999
endloop
endfacet
facet normal -0.7518436814580359 -0.6593413976474003 2.4070029800430287e-13
outer loop
vertex 105.30324824682111 -16.696627541955426 5.45
vertex 105.1978742732473 -16.576470129567056 6.449999999999999
vertex 105.19787299500362 -16.576468671992238 2
endloop
endfacet
facet normal -0.7518436814580359 -0.6593413976474003 2.4070029800430287e-13
outer loop
vertex 105.30324824682111 -16.696627541955426 5.45
vertex 105.19787299500362 -16.576468671992238 2
vertex 105.30324824682147 -16.696627541955472 2
endloop
endfacet
facet normal -0.8472801239497626 -0.5311462995820219 0
outer loop
vertex 105.1978742732473 -16.576470129567056 6.449999999999999
vertex 105.11298670738279 -16.441058777668168 6.449999999999999
vertex 105.11298574954762 -16.44105724973756 2
endloop
endfacet
facet normal -0.8472801239497626 -0.5311462995820219 0
outer loop
vertex 105.1978742732473 -16.576470129567056 6.449999999999999
vertex 105.11298574954762 -16.44105724973756 2
vertex 105.19787299500362 -16.576468671992238 2
endloop
endfacet
facet normal -0.9210752547164283 -0.3893846108272217 0
outer loop
vertex 105.11298670738279 -16.441058777668168 6.449999999999999
vertex 105.05075470874561 -16.293851966929367 6.449999999999999
vertex 105.05075470874532 -16.293851966928667 2
endloop
endfacet
facet normal -0.9210752547164283 -0.3893846108272217 0
outer loop
vertex 105.11298670738279 -16.441058777668168 6.449999999999999
vertex 105.05075470874532 -16.293851966928667 2
vertex 105.11298574954762 -16.44105724973756 2
endloop
endfacet
facet normal -0.9713441913162758 -0.23767722229134658 -7.323941521182645e-14
outer loop
vertex 105.05075470874561 -16.293851966929367 6.449999999999999
vertex 105.01276938393788 -16.13861275531477 6.450000000000003
vertex 105.01276938393795 -16.138612755314753 5.45
endloop
endfacet
facet normal -0.9713441913162758 -0.23767722229134658 -7.323941521182645e-14
outer loop
vertex 105.05075470874561 -16.293851966929367 6.449999999999999
vertex 105.01276938393795 -16.138612755314753 5.45
vertex 105.01276938393787 -16.138612755314725 2
endloop
endfacet
facet normal -0.9713441913162758 -0.23767722229134658 -7.323941521182645e-14
outer loop
vertex 105.05075470874561 -16.293851966929367 6.449999999999999
vertex 105.01276938393787 -16.138612755314725 2
vertex 105.05075470874532 -16.293851966928667 2
endloop
endfacet
facet normal -0.9968027699147677 -0.07990142608393573 0
outer loop
vertex 105.01276938393795 -16.138612755314753 5.45
vertex 105 -15.979309500000063 5.45
vertex 105 -15.979309500001126 2
endloop
endfacet
facet normal -0.9968027699147677 -0.07990142608393573 0
outer loop
vertex 105.01276938393795 -16.138612755314753 5.45
vertex 105 -15.979309500001126 2
vertex 105.01276938393787 -16.138612755314725 2
endloop
endfacet
facet normal -1 -1.1676019795948193e-9 -5.803604933813394e-22
outer loop
vertex 105.0000000614961 -14.668714512174475 5.45
vertex 105 38 5.45
vertex 105 38.00000000000172 2
endloop
endfacet
facet normal -1 -1.1676019795948193e-9 -5.803604933813394e-22
outer loop
vertex 105.0000000614961 -14.668714512174475 5.45
vertex 105 38.00000000000172 2
vertex 105 32.99999999999992 2
endloop
endfacet
facet normal -1 -1.1676019795948193e-9 -5.803604933813394e-22
outer loop
vertex 105.0000000614961 -14.668714512174475 5.45
vertex 105 32.99999999999992 2
vertex 105 32.97117792060473 2
endloop
endfacet
facet normal -1 -1.1676019795948193e-9 -5.803604933813394e-22
outer loop
vertex 105.0000000614961 -14.668714512174475 5.45
vertex 105 32.97117792060473 2
vertex 105 32.885819298766386 2
endloop
endfacet
facet normal -1 -1.1676019795948193e-9 -5.803604933813394e-22
outer loop
vertex 105.0000000614961 -14.668714512174475 5.45
vertex 105 32.885819298766386 2
vertex 105 32.74720441845358 2
endloop
endfacet
facet normal -1 -1.1676019795948193e-9 -5.803604933813394e-22
outer loop
vertex 105.0000000614961 -14.668714512174475 5.45
vertex 105 32.74720441845358 2
vertex 105 32.56066017178026 2
endloop
endfacet
facet normal -1 -1.1676019795948193e-9 -5.803604933813394e-22
outer loop
vertex 105.0000000614961 -14.668714512174475 5.45
vertex 105 32.56066017178026 2
vertex 105 32.33335534952935 2
endloop
endfacet
facet normal -1 -1.1676019795948193e-9 -5.803604933813394e-22
outer loop
vertex 105.0000000614961 -14.668714512174475 5.45
vertex 105 32.33335534952935 2
vertex 105 32.074025148547356 2
endloop
endfacet
facet normal -1 -1.1676019795948193e-9 -5.803604933813394e-22
outer loop
vertex 105.0000000614961 -14.668714512174475 5.45
vertex 105 32.074025148547356 2
vertex 105 31.79263548302404 2
endloop
endfacet
facet normal -1 -1.1676019795948193e-9 -5.803604933813394e-22
outer loop
vertex 105.0000000614961 -14.668714512174475 5.45
vertex 105 31.79263548302404 2
vertex 105 31.500000000000036 2
endloop
endfacet
facet normal -1 -1.1676019795948193e-9 -5.803604933813394e-22
outer loop
vertex 105.0000000614961 -14.668714512174475 5.45
vertex 105 31.500000000000036 2
vertex 105 31.20736451697745 2
endloop
endfacet
facet normal -1 -1.1676019795948193e-9 -5.803604933813394e-22
outer loop
vertex 105.0000000614961 -14.668714512174475 5.45
vertex 105 31.20736451697745 2
vertex 105 30.925974851451233 2
endloop
endfacet
facet normal -1 -1.1676019795948193e-9 -5.803604933813394e-22
outer loop
vertex 105.0000000614961 -14.668714512174475 5.45
vertex 105 30.925974851451233 2
vertex 105 30.66664465047058 2
endloop
endfacet
facet normal -1 -1.1676019795948193e-9 -5.803604933813394e-22
outer loop
vertex 105.0000000614961 -14.668714512174475 5.45
vertex 105 30.66664465047058 2
vertex 105 30.43933982822062 2
endloop
endfacet
facet normal -1 -1.1676019795948193e-9 -5.803604933813394e-22
outer loop
vertex 105.0000000614961 -14.668714512174475 5.45
vertex 105 30.43933982822062 2
vertex 105 30.252795581545747 2
endloop
endfacet
facet normal -1 -1.1676019795948193e-9 -5.803604933813394e-22
outer loop
vertex 105.0000000614961 -14.668714512174475 5.45
vertex 105 30.252795581545747 2
vertex 105 30.114180701233348 2
endloop
endfacet
facet normal -1 -1.1676019795948193e-9 -5.803604933813394e-22
outer loop
vertex 105.0000000614961 -14.668714512174475 5.45
vertex 105 30.114180701233348 2
vertex 105 30.028822079394825 2
endloop
endfacet
facet normal -1 -1.1676019795948193e-9 -5.803604933813394e-22
outer loop
vertex 105.0000000614961 -14.668714512174475 5.45
vertex 105 30.028822079394825 2
vertex 105 29.999999999999897 2
endloop
endfacet
facet normal -1 -1.1676019795948193e-9 -5.803604933813394e-22
outer loop
vertex 105.0000000614961 -14.668714512174475 5.45
vertex 105 29.999999999999897 2
vertex 105 -3.9999999999999867 2
endloop
endfacet
facet normal -1 -1.1676019795948193e-9 -5.803604933813394e-22
outer loop
vertex 105.0000000614961 -14.668714512174475 5.45
vertex 105 -3.9999999999999867 2
vertex 105 -4.028822079395069 2
endloop
endfacet
facet normal -1 -1.1676019795948193e-9 -5.803604933813394e-22
outer loop
vertex 105.0000000614961 -14.668714512174475 5.45
vertex 105 -4.028822079395069 2
vertex 105 -4.114180701233247 2
endloop
endfacet
facet normal -1 -1.1676019795948193e-9 -5.803604933813394e-22
outer loop
vertex 105.0000000614961 -14.668714512174475 5.45
vertex 105 -4.114180701233247 2
vertex 105 -4.252795581546225 2
endloop
endfacet
facet normal -1 -1.1676019795948193e-9 -5.803604933813394e-22
outer loop
vertex 105.0000000614961 -14.668714512174475 5.45
vertex 105 -4.252795581546225 2
vertex 105 -4.4393398282199055 2
endloop
endfacet
facet normal -1 -1.1676019795948193e-9 -5.803604933813394e-22
outer loop
vertex 105.0000000614961 -14.668714512174475 5.45
vertex 105 -4.4393398282199055 2
vertex 105 -4.666644650470766 2
endloop
endfacet
facet normal -1 -1.1676019795948193e-9 -5.803604933813394e-22
outer loop
vertex 105.0000000614961 -14.668714512174475 5.45
vertex 105 -4.666644650470766 2
vertex 105 -4.925974851452375 2
endloop
endfacet
facet normal -1 -1.1676019795948193e-9 -5.803604933813394e-22
outer loop
vertex 105.0000000614961 -14.668714512174475 5.45
vertex 105 -4.925974851452375 2
vertex 105 -5 2
endloop
endfacet
facet normal -1 -1.1676019795948193e-9 -5.803604933813394e-22
outer loop
vertex 105.0000000614961 -14.668714512174475 5.45
vertex 105 -5 2
vertex 105 -5.015192246987848 2
endloop
endfacet
facet normal -1 -1.1676019795948193e-9 -5.803604933813394e-22
outer loop
vertex 105.0000000614961 -14.668714512174475 5.45
vertex 105 -5.015192246987848 2
vertex 105 -5.060307379214295 2
endloop
endfacet
facet normal -1 -1.1676019795948193e-9 -5.803604933813394e-22
outer loop
vertex 105.0000000614961 -14.668714512174475 5.45
vertex 105 -5.060307379214295 2
vertex 105 -5.133974596215026 2
endloop
endfacet
facet normal -1 -1.1676019795948193e-9 -5.803604933813394e-22
outer loop
vertex 105.0000000614961 -14.668714512174475 5.45
vertex 105 -5.133974596215026 2
vertex 105 -5.233955556880918 2
endloop
endfacet
facet normal -1 -1.1676019795948193e-9 -5.803604933813394e-22
outer loop
vertex 105.0000000614961 -14.668714512174475 5.45
vertex 105 -5.233955556880918 2
vertex 105 -5.357212390313933 2
endloop
endfacet
facet normal -1 -1.1676019795948193e-9 -5.803604933813394e-22
outer loop
vertex 105.0000000614961 -14.668714512174475 5.45
vertex 105 -5.357212390313933 2
vertex 105 -5.499999999999979 2
endloop
endfacet
facet normal -1 -1.1676019795948193e-9 -5.803604933813394e-22
outer loop
vertex 105.0000000614961 -14.668714512174475 5.45
vertex 105 -5.499999999999979 2
vertex 105 -5.6579798566733155 2
endloop
endfacet
facet normal -1 -1.1676019795948193e-9 -5.803604933813394e-22
outer loop
vertex 105.0000000614961 -14.668714512174475 5.45
vertex 105 -5.6579798566733155 2
vertex 105 -5.826351822334353 2
endloop
endfacet
facet normal -1 -1.1676019795948193e-9 -5.803604933813394e-22
outer loop
vertex 105.0000000614961 -14.668714512174475 5.45
vertex 105 -5.826351822334353 2
vertex 105 -5.999999999999723 2
endloop
endfacet
facet normal -1 -1.1676019795948193e-9 -5.803604933813394e-22
outer loop
vertex 105.0000000614961 -14.668714512174475 5.45
vertex 105 -5.999999999999723 2
vertex 105 -7.499999999999823 2
endloop
endfacet
facet normal -1 -1.1676019795948193e-9 -5.803604933813394e-22
outer loop
vertex 105.0000000614961 -14.668714512174475 5.45
vertex 105 -7.499999999999823 2
vertex 105 -7.528822079394904 2
endloop
endfacet
facet normal -1 -1.1676019795948193e-9 -5.803604933813394e-22
outer loop
vertex 105.0000000614961 -14.668714512174475 5.45
vertex 105 -7.528822079394904 2
vertex 105 -7.614180701233153 2
endloop
endfacet
facet normal -1 -1.1676019795948193e-9 -5.803604933813394e-22
outer loop
vertex 105.0000000614961 -14.668714512174475 5.45
vertex 105 -7.614180701233153 2
vertex 105 -7.752795581546099 2
endloop
endfacet
facet normal -1 -1.1676019795948193e-9 -5.803604933813394e-22
outer loop
vertex 105.0000000614961 -14.668714512174475 5.45
vertex 105 -7.752795581546099 2
vertex 105 -7.939339828218258 2
endloop
endfacet
facet normal -1 -1.1676019795948193e-9 -5.803604933813394e-22
outer loop
vertex 105.0000000614961 -14.668714512174475 5.45
vertex 105 -7.939339828218258 2
vertex 105 -8.16664465047331 2
endloop
endfacet
facet normal -1 -1.1676019795948193e-9 -5.803604933813394e-22
outer loop
vertex 105.0000000614961 -14.668714512174475 5.45
vertex 105 -8.16664465047331 2
vertex 105 -8.425974851450345 2
endloop
endfacet
facet normal -1 -1.1676019795948193e-9 -5.803604933813394e-22
outer loop
vertex 105.0000000614961 -14.668714512174475 5.45
vertex 105 -8.425974851450345 2
vertex 105 -8.707364516973907 2
endloop
endfacet
facet normal -1 -1.1676019795948193e-9 -5.803604933813394e-22
outer loop
vertex 105.0000000614961 -14.668714512174475 5.45
vertex 105 -8.707364516973907 2
vertex 105 -9.000000000000085 2
endloop
endfacet
facet normal -1 -1.1676019795948193e-9 -5.803604933813394e-22
outer loop
vertex 105.0000000614961 -14.668714512174475 5.45
vertex 105 -9.000000000000085 2
vertex 105 -9.292635483025471 2
endloop
endfacet
facet normal -1 -1.1676019795948193e-9 -5.803604933813394e-22
outer loop
vertex 105.0000000614961 -14.668714512174475 5.45
vertex 105 -9.292635483025471 2
vertex 105 -9.57402514854721 2
endloop
endfacet
facet normal -1 -1.1676019795948193e-9 -5.803604933813394e-22
outer loop
vertex 105.0000000614961 -14.668714512174475 5.45
vertex 105 -9.57402514854721 2
vertex 105 -9.833355349529416 2
endloop
endfacet
facet normal -1 -1.1676019795948193e-9 -5.803604933813394e-22
outer loop
vertex 105.0000000614961 -14.668714512174475 5.45
vertex 105 -9.833355349529416 2
vertex 105 -10.060660171777878 2
endloop
endfacet
facet normal -1 -1.1676019795948193e-9 -5.803604933813394e-22
outer loop
vertex 105.0000000614961 -14.668714512174475 5.45
vertex 105 -10.060660171777878 2
vertex 105 -10.247204418454126 2
endloop
endfacet
facet normal -1 -1.1676019795948193e-9 -5.803604933813394e-22
outer loop
vertex 105.0000000614961 -14.668714512174475 5.45
vertex 105 -10.247204418454126 2
vertex 105 -10.385819298767226 2
endloop
endfacet
facet normal -1 -1.1676019795948193e-9 -5.803604933813394e-22
outer loop
vertex 105.0000000614961 -14.668714512174475 5.45
vertex 105 -10.385819298767226 2
vertex 105 -10.471177920604614 2
endloop
endfacet
facet normal -1 -1.1676019795948193e-9 -5.803604933813394e-22
outer loop
vertex 105.0000000614961 -14.668714512174475 5.45
vertex 105 -10.471177920604614 2
vertex 105 -10.499999999999993 2
endloop
endfacet
facet normal -1 -1.1676019795948193e-9 -5.803604933813394e-22
outer loop
vertex 105.0000000614961 -14.668714512174475 5.45
vertex 105 -10.499999999999993 2
vertex 105 -15.979309500001126 2
endloop
endfacet
facet normal -1 -1.1676019795948193e-9 -5.803604933813394e-22
outer loop
vertex 105.0000000614961 -14.668714512174475 5.45
vertex 105 -15.979309500001126 2
vertex 105 -15.979309500000063 5.45
endloop
endfacet
facet normal -0.9961946980917447 -0.08715574274766873 0
outer loop
vertex 105 38 5.45
vertex 104.98480775301219 38.17364817766696 5.45
vertex 104.98480775301253 38.173648177664965 2
endloop
endfacet
facet normal -0.9961946980917447 -0.08715574274766873 0
outer loop
vertex 105 38 5.45
vertex 104.98480775301253 38.173648177664965 2
vertex 105 38.00000000000172 2
endloop
endfacet
facet normal -0.9659258262890629 -0.2588190451025413 0
outer loop
vertex 104.98480775301219 38.17364817766696 5.45
vertex 104.93969262078589 38.342020143325705 5.45
vertex 104.9396926207853 38.34202014332718 2
endloop
endfacet
facet normal -0.9659258262890629 -0.2588190451025413 0
outer loop
vertex 104.98480775301219 38.17364817766696 5.45
vertex 104.9396926207853 38.34202014332718 2
vertex 104.98480775301253 38.173648177664965 2
endloop
endfacet
facet normal -0.9063077870366456 -0.42261826174070904 0
outer loop
vertex 104.93969262078589 38.342020143325705 5.45
vertex 104.86602540378445 38.499999999999964 5.45
vertex 104.86602540378483 38.499999999999346 2
endloop
endfacet
facet normal -0.9063077870366456 -0.42261826174070904 0
outer loop
vertex 104.93969262078589 38.342020143325705 5.45
vertex 104.86602540378483 38.499999999999346 2
vertex 104.9396926207853 38.34202014332718 2
endloop
endfacet
facet normal -0.8191520442889821 -0.5735764363510599 0
outer loop
vertex 104.86602540378445 38.499999999999964 5.45
vertex 104.76604444311893 38.64278760968658 5.45
vertex 104.76604444311641 38.64278760969011 2
endloop
endfacet
facet normal -0.8191520442889821 -0.5735764363510599 0
outer loop
vertex 104.86602540378445 38.499999999999964 5.45
vertex 104.76604444311641 38.64278760969011 2
vertex 104.86602540378483 38.499999999999346 2
endloop
endfacet
facet normal -0.7071067811865547 -0.7071067811865405 0
outer loop
vertex 104.76604444311893 38.64278760968658 5.45
vertex 104.64278760968652 38.76604444311899 5.45
vertex 104.64278760968953 38.766044443116996 2
endloop
endfacet
facet normal -0.7071067811865547 -0.7071067811865405 0
outer loop
vertex 104.76604444311893 38.64278760968658 5.45
vertex 104.64278760968953 38.766044443116996 2
vertex 104.76604444311641 38.64278760969011 2
endloop
endfacet
facet normal -0.5735764363510599 -0.8191520442889821 0
outer loop
vertex 104.64278760968652 38.76604444311899 5.45
vertex 104.50000000000003 38.86602540378443 5.45
vertex 104.50000000000655 38.866025403779965 2
endloop
endfacet
facet normal -0.5735764363510599 -0.8191520442889821 0
outer loop
vertex 104.64278760968652 38.76604444311899 5.45
vertex 104.50000000000655 38.866025403779965 2
vertex 104.64278760968953 38.766044443116996 2
endloop
endfacet
facet normal -0.42261826174069467 -0.9063077870366523 0
outer loop
vertex 104.50000000000003 38.86602540378443 5.45
vertex 104.34202014332571 38.939692620785884 5.45
vertex 104.34202014331866 38.93969262078776 2
endloop
endfacet
facet normal -0.42261826174069467 -0.9063077870366523 0
outer loop
vertex 104.50000000000003 38.86602540378443 5.45
vertex 104.34202014331866 38.93969262078776 2
vertex 104.50000000000655 38.866025403779965 2
endloop
endfacet
facet normal -0.2588190451025271 -0.9659258262890666 0
outer loop
vertex 104.34202014332571 38.939692620785884 5.45
vertex 104.17364817766692 38.9848077530122 5.45
vertex 104.17364817766517 38.98480775301265 2
endloop
endfacet
facet normal -0.2588190451025271 -0.9659258262890666 0
outer loop
vertex 104.34202014332571 38.939692620785884 5.45
vertex 104.17364817766517 38.98480775301265 2
vertex 104.34202014331866 38.93969262078776 2
endloop
endfacet
facet normal -0.08715574274766881 -0.9961946980917447 0
outer loop
vertex 104.17364817766692 38.9848077530122 5.45
vertex 103.9999999999999 39 5.45
vertex 104.00000000000335 39 2
endloop
endfacet
facet normal -0.08715574274766881 -0.9961946980917447 0
outer loop
vertex 104.17364817766692 38.9848077530122 5.45
vertex 104.00000000000335 39 2
vertex 104.17364817766517 38.98480775301265 2
endloop
endfacet
facet normal 0 -1 0
outer loop
vertex 104.00000000000335 39 2
vertex 103.9999999999999 39 5.45
vertex 84.5 39 5.45
endloop
endfacet
facet normal 0 -1 0
outer loop
vertex 104.00000000000335 39 2
vertex 84.5 39 5.45
vertex 83.99999999999999 39 5.45
endloop
endfacet
facet normal 0 -1 0
outer loop
vertex 104.00000000000335 39 2
vertex 83.99999999999999 39 5.45
vertex 84.00000000000284 39 2
endloop
endfacet
facet normal 0 -1 0
outer loop
vertex 84.5 39 5.45
vertex 84.5 39 6.449999999999999
vertex 84 39 6.449999999999999
endloop
endfacet
facet normal 0 -1 0
outer loop
vertex 84.5 39 5.45
vertex 84 39 6.449999999999999
vertex 83.99999999999999 39 5.45
endloop
endfacet
facet normal -0.08715574274909424 -0.9961946980916198 1.2385575978028997e-15
outer loop
vertex 83.99999999999999 39 5.45
vertex 84 39 6.449999999999999
vertex 83.82635182233308 39.01519224698804 6.450000000000003
endloop
endfacet
facet normal -0.08715574274909424 -0.9961946980916198 1.2385575978028997e-15
outer loop
vertex 83.99999999999999 39 5.45
vertex 83.82635182233308 39.01519224698804 6.450000000000003
vertex 83.82635182233182 39.01519224698815 2
endloop
endfacet
facet normal -0.08715574274909424 -0.9961946980916198 1.2385575978028997e-15
outer loop
vertex 83.99999999999999 39 5.45
vertex 83.82635182233182 39.01519224698815 2
vertex 84.00000000000284 39 2
endloop
endfacet
facet normal -0.2588190451025271 -0.9659258262890666 0
outer loop
vertex 83.82635182233308 39.01519224698804 6.450000000000003
vertex 83.65797985667439 39.06030737921412 6.450000000000003
vertex 83.65797985667255 39.0603073792146 2
endloop
endfacet
facet normal -0.2588190451025271 -0.9659258262890666 0
outer loop
vertex 83.82635182233308 39.01519224698804 6.450000000000003
vertex 83.65797985667255 39.0603073792146 2
vertex 83.82635182233182 39.01519224698815 2
endloop
endfacet
facet normal -0.42261826174068157 -0.9063077870366583 0
outer loop
vertex 83.65797985667439 39.06030737921412 6.450000000000003
vertex 83.49999999999989 39.133974596215296 6.449999999999999
vertex 83.50000000000155 39.13397459621452 2
endloop
endfacet
facet normal -0.42261826174068157 -0.9063077870366583 0
outer loop
vertex 83.65797985667439 39.06030737921412 6.450000000000003
vertex 83.50000000000155 39.13397459621452 2
vertex 83.65797985667255 39.0603073792146 2
endloop
endfacet
facet normal -0.5735764363510599 -0.8191520442889821 0
outer loop
vertex 83.49999999999989 39.133974596215296 6.449999999999999
vertex 83.35721239031346 39.2339555568811 6.449999999999999
vertex 83.35721239031315 39.2339555568813 2
endloop
endfacet
facet normal -0.5735764363510599 -0.8191520442889821 0
outer loop
vertex 83.49999999999989 39.133974596215296 6.449999999999999
vertex 83.35721239031315 39.2339555568813 2
vertex 83.50000000000155 39.13397459621452 2
endloop
endfacet
facet normal -0.7071067811865689 -0.7071067811865263 0
outer loop
vertex 83.35721239031346 39.2339555568811 6.449999999999999
vertex 83.23395555688097 39.35721239031351 6.449999999999999
vertex 83.23395555688106 39.357212390313386 2
endloop
endfacet
facet normal -0.7071067811865689 -0.7071067811865263 0
outer loop
vertex 83.35721239031346 39.2339555568811 6.449999999999999
vertex 83.23395555688106 39.357212390313386 2
vertex 83.35721239031315 39.2339555568813 2
endloop
endfacet
facet normal -0.8191520442889821 -0.5735764363510599 0
outer loop
vertex 83.23395555688097 39.35721239031351 6.449999999999999
vertex 83.13397459621557 39.49999999999999 6.449999999999999
vertex 83.13397459621568 39.49999999999981 2
endloop
endfacet
facet normal -0.8191520442889821 -0.5735764363510599 0
outer loop
vertex 83.23395555688097 39.35721239031351 6.449999999999999
vertex 83.13397459621568 39.49999999999981 2
vertex 83.23395555688106 39.357212390313386 2
endloop
endfacet
facet normal -0.9063077870366456 -0.42261826174070904 0
outer loop
vertex 83.13397459621557 39.49999999999999 6.449999999999999
vertex 83.06030737921417 39.657979856674324 6.450000000000003
vertex 83.06030737921424 39.6579798566741 2
endloop
endfacet
facet normal -0.9063077870366456 -0.42261826174070904 0
outer loop
vertex 83.13397459621557 39.49999999999999 6.449999999999999
vertex 83.06030737921424 39.6579798566741 2
vertex 83.13397459621568 39.49999999999981 2
endloop
endfacet
facet normal -0.9659258262890704 -0.25881904510251297 0
outer loop
vertex 83.06030737921417 39.657979856674324 6.450000000000003
vertex 83.01519224698787 39.82635182233314 6.449999999999999
vertex 83.01519224698808 39.8263518223323 2
endloop
endfacet
facet normal -0.9659258262890704 -0.25881904510251297 0
outer loop
vertex 83.06030737921417 39.657979856674324 6.450000000000003
vertex 83.01519224698808 39.8263518223323 2
vertex 83.06030737921424 39.6579798566741 2
endloop
endfacet
facet normal -0.9961946980917447 -0.08715574274766881 0
outer loop
vertex 83.01519224698787 39.82635182233314 6.449999999999999
vertex 83.00000000000024 39.999999999999915 6.450000000000003
vertex 83 40.000000000002636 2
endloop
endfacet
facet normal -0.9961946980917447 -0.08715574274766881 0
outer loop
vertex 83.01519224698787 39.82635182233314 6.449999999999999
vertex 83 40.000000000002636 2
vertex 83.01519224698808 39.8263518223323 2
endloop
endfacet
facet normal -1 0 0
outer loop
vertex 83 50 6.449999999999999
vertex 83 49.999999999995275 2
vertex 83 47.00000000000001 2
endloop
endfacet
facet normal -1 0 0
outer loop
vertex 83 50 6.449999999999999
vertex 83 47.00000000000001 2
vertex 83 46.97117792060476 2
endloop
endfacet
facet normal -1 0 0
outer loop
vertex 83 50 6.449999999999999
vertex 83 46.97117792060476 2
vertex 83 46.88581929876729 2
endloop
endfacet
facet normal -1 0 0
outer loop
vertex 83 50 6.449999999999999
vertex 83 46.88581929876729 2
vertex 83 46.74720441845371 2
endloop
endfacet
facet normal -1 0 0
outer loop
vertex 83 50 6.449999999999999
vertex 83 46.74720441845371 2
vertex 83 46.56066017178047 2
endloop
endfacet
facet normal -1 0 0
outer loop
vertex 83 50 6.449999999999999
vertex 83 46.56066017178047 2
vertex 83 46.333355349528546 2
endloop
endfacet
facet normal -1 0 0
outer loop
vertex 83 50 6.449999999999999
vertex 83 46.333355349528546 2
vertex 83 46.074025148547406 2
endloop
endfacet
facet normal -1 0 0
outer loop
vertex 83 50 6.449999999999999
vertex 83 46.074025148547406 2
vertex 83 45.79263548302421 2
endloop
endfacet
facet normal -1 0 0
outer loop
vertex 83 50 6.449999999999999
vertex 83 45.79263548302421 2
vertex 83 45.49999999999998 2
endloop
endfacet
facet normal -1 0 0
outer loop
vertex 83 50 6.449999999999999
vertex 83 45.49999999999998 2
vertex 83 45.20736451697589 2
endloop
endfacet
facet normal -1 0 0
outer loop
vertex 83 50 6.449999999999999
vertex 83 45.20736451697589 2
vertex 83 44.92597485145196 2
endloop
endfacet
facet normal -1 0 0
outer loop
vertex 83 50 6.449999999999999
vertex 83 44.92597485145196 2
vertex 83 44.666644650470104 2
endloop
endfacet
facet normal -1 0 0
outer loop
vertex 83 50 6.449999999999999
vertex 83 44.666644650470104 2
vertex 83 44.43933982822049 2
endloop
endfacet
facet normal -1 0 0
outer loop
vertex 83 50 6.449999999999999
vertex 83 44.43933982822049 2
vertex 83 44.252795581546025 2
endloop
endfacet
facet normal -1 0 0
outer loop
vertex 83 50 6.449999999999999
vertex 83 44.252795581546025 2
vertex 83 44.11418070123338 2
endloop
endfacet
facet normal -1 0 0
outer loop
vertex 83 50 6.449999999999999
vertex 83 44.11418070123338 2
vertex 83 44.02882207939516 2
endloop
endfacet
facet normal -1 0 0
outer loop
vertex 83 50 6.449999999999999
vertex 83 44.02882207939516 2
vertex 83 44 2
endloop
endfacet
facet normal -1 0 0
outer loop
vertex 83 50 6.449999999999999
vertex 83 44 2
vertex 83 40.000000000002636 2
endloop
endfacet
facet normal -1 0 0
outer loop
vertex 83 50 6.449999999999999
vertex 83 40.000000000002636 2
vertex 83.00000000000024 39.999999999999915 6.450000000000003
endloop
endfacet
facet normal -0.9961946980917434 -0.08715574274768308 0
outer loop
vertex 83 50 6.449999999999999
vertex 82.98480775301181 50.17364817766695 6.450000000000003
vertex 82.98480775301157 50.17364817766948 2
endloop
endfacet
facet normal -0.9961946980917434 -0.08715574274768308 0
outer loop
vertex 83 50 6.449999999999999
vertex 82.98480775301157 50.17364817766948 2
vertex 83 49.999999999995275 2
endloop
endfacet
facet normal -0.9659258262890666 -0.2588190451025271 0
outer loop
vertex 82.98480775301181 50.17364817766695 6.450000000000003
vertex 82.93969262078593 50.34202014332577 6.450000000000003
vertex 82.93969262078645 50.342020143323836 2
endloop
endfacet
facet normal -0.9659258262890666 -0.2588190451025271 0
outer loop
vertex 82.98480775301181 50.17364817766695 6.450000000000003
vertex 82.93969262078645 50.342020143323836 2
vertex 82.98480775301157 50.17364817766948 2
endloop
endfacet
facet normal -0.9063077870366388 -0.4226182617407234 0
outer loop
vertex 82.93969262078593 50.34202014332577 6.450000000000003
vertex 82.86602540378422 50.49999999999983 6.450000000000003
vertex 82.86602540378362 50.50000000000108 2
endloop
endfacet
facet normal -0.9063077870366388 -0.4226182617407234 0
outer loop
vertex 82.93969262078593 50.34202014332577 6.450000000000003
vertex 82.86602540378362 50.50000000000108 2
vertex 82.93969262078645 50.342020143323836 2
endloop
endfacet
facet normal -0.8191520442889798 -0.5735764363510633 0
outer loop
vertex 82.86602540378422 50.49999999999983 6.450000000000003
vertex 82.76604444311894 50.64278760968648 6.449999999999999
vertex 82.76604444311876 50.64278760968672 2
endloop
endfacet
facet normal -0.8191520442889798 -0.5735764363510633 0
outer loop
vertex 82.86602540378422 50.49999999999983 6.450000000000003
vertex 82.76604444311876 50.64278760968672 2
vertex 82.86602540378362 50.50000000000108 2
endloop
endfacet
facet normal -0.7071067811865689 -0.7071067811865263 0
outer loop
vertex 82.76604444311894 50.64278760968648 6.449999999999999
vertex 82.64278764528757 50.76604440751796 6.449999999999999
vertex 82.64278760968628 50.76604444311923 2
endloop
endfacet
facet normal -0.7071067811865689 -0.7071067811865263 0
outer loop
vertex 82.76604444311894 50.64278760968648 6.449999999999999
vertex 82.64278760968628 50.76604444311923 2
vertex 82.76604444311876 50.64278760968672 2
endloop
endfacet
facet normal -0.5735764363510599 -0.8191520442889821 0
outer loop
vertex 82.64278764528757 50.76604440751796 6.449999999999999
vertex 82.50000006330103 50.86602535946066 6.449999999999999
vertex 82.49999999999818 50.866025403785784 2
endloop
endfacet
facet normal -0.5735764363510599 -0.8191520442889821 0
outer loop
vertex 82.64278764528757 50.76604440751796 6.449999999999999
vertex 82.49999999999818 50.866025403785784 2
vertex 82.64278760968628 50.76604444311923 2
endloop
endfacet
facet normal -0.42261826174066586 -0.9063077870366657 0
outer loop
vertex 82.50000006330103 50.86602535946066 6.449999999999999
vertex 82.3420202291494 50.93969258076615 6.449999999999999
vertex 82.34202014332797 50.93969262078532 2
endloop
endfacet
facet normal -0.42261826174066586 -0.9063077870366657 0
outer loop
vertex 82.50000006330103 50.86602535946066 6.449999999999999
vertex 82.34202014332797 50.93969262078532 2
vertex 82.49999999999818 50.866025403785784 2
endloop
endfacet
facet normal -0.2588190451025271 -0.9659258262890666 0
outer loop
vertex 82.3420202291494 50.93969258076615 6.449999999999999
vertex 82.17364817766699 50.98480775301224 6.450000000000003
vertex 82.17364817766573 50.98480775301256 2
endloop
endfacet
facet normal -0.2588190451025271 -0.9659258262890666 0
outer loop
vertex 82.3420202291494 50.93969258076615 6.449999999999999
vertex 82.17364817766573 50.98480775301256 2
vertex 82.34202014332797 50.93969262078532 2
endloop
endfacet
facet normal -0.08715574274766881 -0.9961946980917447 0
outer loop
vertex 82.17364817766699 50.98480775301224 6.450000000000003
vertex 82.00000000347468 50.99999999969626 6.450000000000003
vertex 82.00000000000351 50.99999999999994 2
endloop
endfacet
facet normal -0.08715574274766881 -0.9961946980917447 0
outer loop
vertex 82.17364817766699 50.98480775301224 6.450000000000003
vertex 82.00000000000351 50.99999999999994 2
vertex 82.17364817766573 50.98480775301256 2
endloop
endfacet
facet normal -2.2051765518869248e-8 -0.9999999999999998 -3.5495293579239035e-15
outer loop
vertex 82.00000000347468 50.99999999969626 6.450000000000003
vertex 7.162284950000012 51.00000165 6.449999999999999
vertex 7.1622777000000335 51.000001650000165 5.45
endloop
endfacet
facet normal -2.2051765518869248e-8 -0.9999999999999998 -3.5495293579239035e-15
outer loop
vertex 82.00000000347468 50.99999999969626 6.450000000000003
vertex 7.1622777000000335 51.000001650000165 5.45
vertex 7.162284949999183 51.00000165000001 2
endloop
endfacet
facet normal -2.2051765518869248e-8 -0.9999999999999998 -3.5495293579239035e-15
outer loop
vertex 82.00000000347468 50.99999999969626 6.450000000000003
vertex 7.162284949999183 51.00000165000001 2
vertex 82.00000000000351 50.99999999999994 2
endloop
endfacet
facet normal 0.053602803308527375 -0.998562336300277 -1.891183698686445e-14
outer loop
vertex 7.1622777000000335 51.000001650000165 5.45
vertex 7.055236010962815 50.99425565458787 5.45
vertex 7.055236010963584 50.994255654587974 2
endloop
endfacet
facet normal 0.053602803308527375 -0.998562336300277 -1.891183698686445e-14
outer loop
vertex 7.1622777000000335 51.000001650000165 5.45
vertex 7.055236010963584 50.994255654587974 2
vertex 7.162254210198026 50.99999999999994 2
endloop
endfacet
facet normal 0.053602803308527375 -0.998562336300277 -1.891183698686445e-14
outer loop
vertex 7.1622777000000335 51.000001650000165 5.45
vertex 7.162254210198026 50.99999999999994 2
vertex 7.162284949999183 51.00000165000001 2
endloop
endfacet
facet normal 0.1601862353803368 -0.9870868097562013 0
outer loop
vertex 7.055236010962815 50.99425565458787 5.45
vertex 6.949417304088676 50.97708320316875 5.45
vertex 6.949417304087673 50.977083203168576 2
endloop
endfacet
facet normal 0.1601862353803368 -0.9870868097562013 0
outer loop
vertex 7.055236010962815 50.99425565458787 5.45
vertex 6.949417304087673 50.977083203168576 2
vertex 7.055236010963584 50.994255654587974 2
endloop
endfacet
facet normal 0.2649298330404262 -0.9642676928971394 0
outer loop
vertex 6.949417304088676 50.97708320316875 5.45
vertex 6.846049900000125 50.948683300000035 5.45
vertex 6.8460499000002075 50.948683300000155 2
endloop
endfacet
facet normal 0.2649298330404262 -0.9642676928971394 0
outer loop
vertex 6.949417304088676 50.97708320316875 5.45
vertex 6.8460499000002075 50.948683300000155 2
vertex 6.949417304087673 50.977083203168576 2
endloop
endfacet
facet normal 0.3162279948646118 -0.9486832217678919 9.994506763324973e-14
outer loop
vertex 6.846049900000125 50.948683300000035 5.45
vertex 6.846052464998758 50.94868415500037 6.450000000000003
vertex -10.31622500000007 45.227920400000045 6.450000000000003
endloop
endfacet
facet normal 0.3162279948646118 -0.9486832217678919 9.994506763324973e-14
outer loop
vertex 6.846049900000125 50.948683300000035 5.45
vertex -10.31622500000007 45.227920400000045 6.450000000000003
vertex -10.316226409998903 45.227919930000056 5.450000000000002
endloop
endfacet
facet normal 0.3162279948646118 -0.9486832217678919 9.994506763324973e-14
outer loop
vertex 6.846049900000125 50.948683300000035 5.45
vertex -10.316226409998903 45.227919930000056 5.450000000000002
vertex -10.31622500000034 45.22792039999995 2
endloop
endfacet
facet normal 0.3162279948646118 -0.9486832217678919 9.994506763324973e-14
outer loop
vertex 6.846049900000125 50.948683300000035 5.45
vertex -10.31622500000034 45.22792039999995 2
vertex -9.499986856328533 45.49999999999998 2
endloop
endfacet
facet normal 0.3162279948646118 -0.9486832217678919 9.994506763324973e-14
outer loop
vertex 6.846049900000125 50.948683300000035 5.45
vertex -9.499986856328533 45.49999999999998 2
vertex -8.62208111317037 45.79263548302421 2
endloop
endfacet
facet normal 0.3162279948646118 -0.9486832217678919 9.994506763324973e-14
outer loop
vertex 6.846049900000125 50.948683300000035 5.45
vertex -8.62208111317037 45.79263548302421 2
vertex -7.777912795387426 46.074025148547406 2
endloop
endfacet
facet normal 0.3162279948646118 -0.9486832217678919 9.994506763324973e-14
outer loop
vertex 6.846049900000125 50.948683300000035 5.45
vertex -7.777912795387426 46.074025148547406 2
vertex -6.999922818017363 46.333355349528546 2
endloop
endfacet
facet normal 0.3162279948646118 -0.9486832217678919 9.994506763324973e-14
outer loop
vertex 6.846049900000125 50.948683300000035 5.45
vertex -6.999922818017363 46.333355349528546 2
vertex -6.318008899581213 46.56066017178047 2
endloop
endfacet
facet normal 0.3162279948646118 -0.9486832217678919 9.994506763324973e-14
outer loop
vertex 6.846049900000125 50.948683300000035 5.45
vertex -6.318008899581213 46.56066017178047 2
vertex -5.75837660955577 46.74720441845371 2
endloop
endfacet
facet normal 0.3162279948646118 -0.9486832217678919 9.994506763324973e-14
outer loop
vertex 6.846049900000125 50.948683300000035 5.45
vertex -5.75837660955577 46.74720441845371 2
vertex -5.342532302990969 46.88581929876729 2
endloop
endfacet
facet normal 0.3162279948646118 -0.9486832217678919 9.994506763324973e-14
outer loop
vertex 6.846049900000125 50.948683300000035 5.45
vertex -5.342532302990969 46.88581929876729 2
vertex -5.086456643386234 46.97117792060476 2
endloop
endfacet
facet normal 0.3162279948646118 -0.9486832217678919 9.994506763324973e-14
outer loop
vertex 6.846049900000125 50.948683300000035 5.45
vertex -5.086456643386234 46.97117792060476 2
vertex -4.999990474726999 47.00000000000001 2
endloop
endfacet
facet normal 0.3162279948646118 -0.9486832217678919 9.994506763324973e-14
outer loop
vertex 6.846049900000125 50.948683300000035 5.45
vertex -4.999990474726999 47.00000000000001 2
vertex 6.8460499000002075 50.948683300000155 2
endloop
endfacet
facet normal 0.38924205869281603 -0.9211355056366995 -2.5825816222307735e-14
outer loop
vertex -10.316226409998903 45.227919930000056 5.450000000000002
vertex -10.459896829209185 45.16720945971152 5.45
vertex -10.459896829209095 45.16720945971166 2
endloop
endfacet
facet normal 0.38924205869281603 -0.9211355056366995 -2.5825816222307735e-14
outer loop
vertex -10.316226409998903 45.227919930000056 5.450000000000002
vertex -10.459896829209095 45.16720945971166 2
vertex -10.364870290306222 45.20736451697589 2
endloop
endfacet
facet normal 0.38924205869281603 -0.9211355056366995 -2.5825816222307735e-14
outer loop
vertex -10.316226409998903 45.227919930000056 5.450000000000002
vertex -10.364870290306222 45.20736451697589 2
vertex -10.31622500000034 45.22792039999995 2
endloop
endfacet
facet normal 0.5277410238521055 -0.8494053282994705 6.66622339623313e-14
outer loop
vertex -10.459896829209185 45.16720945971152 5.45
vertex -10.459895295931894 45.1672104123467 6.449999999999999
vertex -10.59237914677862 45.08489733899961 6.449999999999999
endloop
endfacet
facet normal 0.5277410238521055 -0.8494053282994705 6.66622339623313e-14
outer loop
vertex -10.459896829209185 45.16720945971152 5.45
vertex -10.59237914677862 45.08489733899961 6.449999999999999
vertex -10.592380680056642 45.08489638636406 2
endloop
endfacet
facet normal 0.5277410238521055 -0.8494053282994705 6.66622339623313e-14
outer loop
vertex -10.459896829209185 45.16720945971152 5.45
vertex -10.592380680056642 45.08489638636406 2
vertex -10.459896829209095 45.16720945971166 2
endloop
endfacet
facet normal 0.6534020997447594 -0.7570110276932164 0
outer loop
vertex -10.59237914677862 45.08489733899961 6.449999999999999
vertex -10.710452116698157 44.98298489260877 6.449999999999999
vertex -10.710453563213669 44.98298364407177 2
endloop
endfacet
facet normal 0.6534020997447594 -0.7570110276932164 0
outer loop
vertex -10.59237914677862 45.08489733899961 6.449999999999999
vertex -10.710453563213669 44.98298364407177 2
vertex -10.592380680056642 45.08489638636406 2
endloop
endfacet
facet normal 0.7631663620285962 -0.6462020611759433 8.440816068718184e-13
outer loop
vertex -10.710452116698157 44.98298489260877 6.449999999999999
vertex -10.811241797871467 44.86395200965714 6.449999999999999
vertex -10.811243070918241 44.863950506179684 2
endloop
endfacet
facet normal 0.7631663620285962 -0.6462020611759433 8.440816068718184e-13
outer loop
vertex -10.710452116698157 44.98298489260877 6.449999999999999
vertex -10.811243070918241 44.863950506179684 2
vertex -10.758724895421949 44.92597485145196 2
endloop
endfacet
facet normal 0.7631663620285962 -0.6462020611759433 8.440816068718184e-13
outer loop
vertex -10.710452116698157 44.98298489260877 6.449999999999999
vertex -10.758724895421949 44.92597485145196 2
vertex -10.710453563213669 44.98298364407177 2
endloop
endfacet
facet normal 0.8543671932921306 -0.5196697980700122 0
outer loop
vertex -10.811241797871467 44.86395200965714 6.449999999999999
vertex -10.892296225563648 44.73069443376784 6.450000000000003
vertex -10.892297255207026 44.73069274097458 2
endloop
endfacet
facet normal 0.8543671932921306 -0.5196697980700122 0
outer loop
vertex -10.811241797871467 44.86395200965714 6.449999999999999
vertex -10.892297255207026 44.73069274097458 2
vertex -10.811243070918241 44.863950506179684 2
endloop
endfacet
facet normal 0.9247814985621866 -0.3804985938437574 8.631459210549602e-13
outer loop
vertex -10.892296225563648 44.73069443376784 6.450000000000003
vertex -10.95164353763405 44.5864539632902 6.449999999999999
vertex -10.951644277485093 44.58645216511168 2
endloop
endfacet
facet normal 0.9247814985621866 -0.3804985938437574 8.631459210549602e-13
outer loop
vertex -10.892296225563648 44.73069443376784 6.450000000000003
vertex -10.951644277485093 44.58645216511168 2
vertex -10.918649503395843 44.666644650470104 2
endloop
endfacet
facet normal 0.9247814985621866 -0.3804985938437574 8.631459210549602e-13
outer loop
vertex -10.892296225563648 44.73069443376784 6.450000000000003
vertex -10.918649503395843 44.666644650470104 2
vertex -10.892297255207026 44.73069274097458 2
endloop
endfacet
facet normal 0.9726992976344416 -0.23206911983601755 0
outer loop
vertex -10.95164353763405 44.5864539632902 6.449999999999999
vertex -10.98783994654657 44.4347395880602 6.449999999999999
vertex -10.98783994654657 44.4347395880602 5.45
endloop
endfacet
facet normal 0.9726992976344416 -0.23206911983601755 0
outer loop
vertex -10.95164353763405 44.5864539632902 6.449999999999999
vertex -10.98783994654657 44.4347395880602 5.45
vertex -10.987840378245275 44.4347377786138 2
endloop
endfacet
facet normal 0.9726992976344416 -0.23206911983601755 0
outer loop
vertex -10.95164353763405 44.5864539632902 6.449999999999999
vertex -10.987840378245275 44.4347377786138 2
vertex -10.986742418749724 44.43933982822049 2
endloop
endfacet
facet normal 0.9726992976344416 -0.23206911983601755 0
outer loop
vertex -10.95164353763405 44.5864539632902 6.449999999999999
vertex -10.986742418749724 44.43933982822049 2
vertex -10.951644277485093 44.58645216511168 2
endloop
endfacet
facet normal 0.9969564530558903 -0.07796044324026496 0
outer loop
vertex -10.98783994654657 44.4347395880602 5.45
vertex -11 44.279240799999975 5.45
vertex -11 44.279240800002086 2
endloop
endfacet
facet normal 0.9969564530558903 -0.07796044324026496 0
outer loop
vertex -10.98783994654657 44.4347395880602 5.45
vertex -11 44.279240800002086 2
vertex -10.987840378245275 44.4347377786138 2
endloop
endfacet
facet normal 1 0 0
outer loop
vertex -11 -7.000000000000029 2
vertex -11 -6.971177920604832 2
vertex -11 -6.885819298767051 2
endloop
endfacet
facet normal 1 0 0
outer loop
vertex -11 -7.000000000000029 2
vertex -11 -6.885819298767051 2
vertex -11 -6.747204418453823 2
endloop
endfacet
facet normal 1 0 0
outer loop
vertex -11 -7.000000000000029 2
vertex -11 -6.747204418453823 2
vertex -11 -6.560660171780032 2
endloop
endfacet
facet normal 1 0 0
outer loop
vertex -11 -7.000000000000029 2
vertex -11 -6.560660171780032 2
vertex -11 -6.333355349529169 2
endloop
endfacet
facet normal 1 0 0
outer loop
vertex -11 -7.000000000000029 2
vertex -11 -6.333355349529169 2
vertex -11 -6.0740251485476255 2
endloop
endfacet
facet normal 1 0 0
outer loop
vertex -11 -7.000000000000029 2
vertex -11 -6.0740251485476255 2
vertex -11 -5.792635483024254 2
endloop
endfacet
facet normal 1 0 0
outer loop
vertex -11 -7.000000000000029 2
vertex -11 -5.792635483024254 2
vertex -11 -5.499999999999979 2
endloop
endfacet
facet normal 1 0 0
outer loop
vertex -11 -7.000000000000029 2
vertex -11 -5.499999999999979 2
vertex -11 -5.207364516975726 2
endloop
endfacet
facet normal 1 0 0
outer loop
vertex -11 -7.000000000000029 2
vertex -11 -5.207364516975726 2
vertex -11 -4.925974851452375 2
endloop
endfacet
facet normal 1 0 0
outer loop
vertex -11 -7.000000000000029 2
vertex -11 -4.925974851452375 2
vertex -11 -4.666644650470766 2
endloop
endfacet
facet normal 1 0 0
outer loop
vertex -11 -7.000000000000029 2
vertex -11 -4.666644650470766 2
vertex -11 -4.4393398282199055 2
endloop
endfacet
facet normal 1 0 0
outer loop
vertex -11 -7.000000000000029 2
vertex -11 -4.4393398282199055 2
vertex -11 -4.252795581546225 2
endloop
endfacet
facet normal 1 0 0
outer loop
vertex -11 -7.000000000000029 2
vertex -11 -4.252795581546225 2
vertex -11 -4.114180701233247 2
endloop
endfacet
facet normal 1 0 0
outer loop
vertex -11 -7.000000000000029 2
vertex -11 -4.114180701233247 2
vertex -11 -4.028822079395069 2
endloop
endfacet
facet normal 1 0 0
outer loop
vertex -11 -7.000000000000029 2
vertex -11 -4.028822079395069 2
vertex -11 -3.9999999999999867 2
endloop
endfacet
facet normal 1 0 0
outer loop
vertex -11 -7.000000000000029 2
vertex -11 -3.9999999999999867 2
vertex -11 29.999999999999897 2
endloop
endfacet
facet normal 1 0 0
outer loop
vertex -11 -7.000000000000029 2
vertex -11 29.999999999999897 2
vertex -11 30.028822079394825 2
endloop
endfacet
facet normal 1 0 0
outer loop
vertex -11 -7.000000000000029 2
vertex -11 30.028822079394825 2
vertex -11 30.114180701233348 2
endloop
endfacet
facet normal 1 0 0
outer loop
vertex -11 -7.000000000000029 2
vertex -11 30.114180701233348 2
vertex -11 30.252795581545747 2
endloop
endfacet
facet normal 1 0 0
outer loop
vertex -11 -7.000000000000029 2
vertex -11 30.252795581545747 2
vertex -11 30.43933982822062 2
endloop
endfacet
facet normal 1 0 0
outer loop
vertex -11 -7.000000000000029 2
vertex -11 30.43933982822062 2
vertex -11 30.66664465047058 2
endloop
endfacet
facet normal 1 0 0
outer loop
vertex -11 -7.000000000000029 2
vertex -11 30.66664465047058 2
vertex -11 30.925974851451233 2
endloop
endfacet
facet normal 1 0 0
outer loop
vertex -11 -7.000000000000029 2
vertex -11 30.925974851451233 2
vertex -11 31.20736451697745 2
endloop
endfacet
facet normal 1 0 0
outer loop
vertex -11 -7.000000000000029 2
vertex -11 31.20736451697745 2
vertex -11 31.500000000000036 2
endloop
endfacet
facet normal 1 0 0
outer loop
vertex -11 -7.000000000000029 2
vertex -11 31.500000000000036 2
vertex -11 31.79263548302404 2
endloop
endfacet
facet normal 1 0 0
outer loop
vertex -11 -7.000000000000029 2
vertex -11 31.79263548302404 2
vertex -11 32.074025148547356 2
endloop
endfacet
facet normal 1 0 0
outer loop
vertex -11 -7.000000000000029 2
vertex -11 32.074025148547356 2
vertex -11 32.33335534952935 2
endloop
endfacet
facet normal 1 0 0
outer loop
vertex -11 -7.000000000000029 2
vertex -11 32.33335534952935 2
vertex -11 32.56066017178026 2
endloop
endfacet
facet normal 1 0 0
outer loop
vertex -11 -7.000000000000029 2
vertex -11 32.56066017178026 2
vertex -11 32.74720441845358 2
endloop
endfacet
facet normal 1 0 0
outer loop
vertex -11 -7.000000000000029 2
vertex -11 32.74720441845358 2
vertex -11 32.885819298766386 2
endloop
endfacet
facet normal 1 0 0
outer loop
vertex -11 -7.000000000000029 2
vertex -11 32.885819298766386 2
vertex -11 32.97117792060473 2
endloop
endfacet
facet normal 1 0 0
outer loop
vertex -11 -7.000000000000029 2
vertex -11 32.97117792060473 2
vertex -11 32.99999999999992 2
endloop
endfacet
facet normal 1 0 0
outer loop
vertex -11 -7.000000000000029 2
vertex -11 32.99999999999992 2
vertex -11 39 2
endloop
endfacet
facet normal 1 0 0
outer loop
vertex -11 -7.000000000000029 2
vertex -11 39 2
vertex -11 39.01519224698815 2
endloop
endfacet
facet normal 1 0 0
outer loop
vertex -11 -7.000000000000029 2
vertex -11 39.01519224698815 2
vertex -11 39.0603073792146 2
endloop
endfacet
facet normal 1 0 0
outer loop
vertex -11 -7.000000000000029 2
vertex -11 39.0603073792146 2
vertex -11 39.13397459621452 2
endloop
endfacet
facet normal 1 0 0
outer loop
vertex -11 -7.000000000000029 2
vertex -11 39.13397459621452 2
vertex -11 39.2339555568813 2
endloop
endfacet
facet normal 1 0 0
outer loop
vertex -11 -7.000000000000029 2
vertex -11 39.2339555568813 2
vertex -11 39.357212390313386 2
endloop
endfacet
facet normal 1 0 0
outer loop
vertex -11 -7.000000000000029 2
vertex -11 39.357212390313386 2
vertex -11 39.49999999999981 2
endloop
endfacet
facet normal 1 0 0
outer loop
vertex -11 -7.000000000000029 2
vertex -11 39.49999999999981 2
vertex -11 39.6579798566741 2
endloop
endfacet
facet normal 1 0 0
outer loop
vertex -11 -7.000000000000029 2
vertex -11 39.6579798566741 2
vertex -11 39.8263518223323 2
endloop
endfacet
facet normal 1 0 0
outer loop
vertex -11 -7.000000000000029 2
vertex -11 39.8263518223323 2
vertex -11 40.000000000002636 2
endloop
endfacet
facet normal 1 0 0
outer loop
vertex -11 -7.000000000000029 2
vertex -11 40.000000000002636 2
vertex -11 44 2
endloop
endfacet
facet normal 1 0 0
outer loop
vertex -11 -7.000000000000029 2
vertex -11 44 2
vertex -11 44.02882207939516 2
endloop
endfacet
facet normal 1 0 0
outer loop
vertex -11 -7.000000000000029 2
vertex -11 44.02882207939516 2
vertex -11 44.11418070123338 2
endloop
endfacet
facet normal 1 0 0
outer loop
vertex -11 -7.000000000000029 2
vertex -11 44.11418070123338 2
vertex -11 44.252795581546025 2
endloop
endfacet
facet normal 1 0 0
outer loop
vertex -11 -7.000000000000029 2
vertex -11 44.252795581546025 2
vertex -11 44.279240800002086 2
endloop
endfacet
facet normal 1 0 0
outer loop
vertex -11 -7.000000000000029 2
vertex -11 44.279240800002086 2
vertex -11 44.279240799999975 5.45
endloop
endfacet
facet normal 1 0 0
outer loop
vertex -11 -7.000000000000029 2
vertex -11 44.279240799999975 5.45
vertex -11 44.27924205000001 6.449999999999999
endloop
endfacet
facet normal 1 0 0
outer loop
vertex -11 -7.000000000000029 2
vertex -11 44.27924205000001 6.449999999999999
vertex -11.000000000000043 -9.999999999999998 6.450000000000003
endloop
endfacet
facet normal 1 0 0
outer loop
vertex -11 -7.000000000000029 2
vertex -11.000000000000043 -9.999999999999998 6.450000000000003
vertex -11 -10.000000000000464 2
endloop
endfacet
facet normal -0.8616260842985928 0.5075435851789226 0
outer loop
vertex 108.07385338780847 -19.682017472412365 5.35
vertex 108.0738533878095 -19.682017472410145 2
vertex 107.99420969999852 -19.81722375000203 2
endloop
endfacet
facet normal -0.8616260842985928 0.5075435851789226 0
outer loop
vertex 108.07385338780847 -19.682017472412365 5.35
vertex 107.99420969999852 -19.81722375000203 2
vertex 107.99420969999994 -19.81722375000007 5.35
endloop
endfacet
facet normal -0.9304159741781419 0.36650527280537065 0
outer loop
vertex 108.07385338780847 -19.682017472412365 5.35
vertex 108.0772731488915 -19.67333601384831 5.35
vertex 108.0772731488915 -19.67333601384831 2
endloop
endfacet
facet normal -0.9304159741781419 0.36650527280537065 0
outer loop
vertex 108.07385338780847 -19.682017472412365 5.35
vertex 108.0772731488915 -19.67333601384831 2
vertex 108.0738533878095 -19.682017472410145 2
endloop
endfacet
facet normal -0.9304159741780986 0.3665052728054804 -1.6757756960405337e-12
outer loop
vertex 108.0772731488915 -19.67333601384831 5.35
vertex 108.07727314889135 -19.67333601384825 5.45
vertex 108.09714327021318 -19.622893415450765 5.45
endloop
endfacet
facet normal -0.9304159741780986 0.3665052728054804 -1.6757756960405337e-12
outer loop
vertex 108.0772731488915 -19.67333601384831 5.35
vertex 108.09714327021318 -19.622893415450765 5.45
vertex 108.09714327021331 -19.622893415450875 5.35
endloop
endfacet
facet normal -0.9304159741780986 0.3665052728054804 -1.6757756960405337e-12
outer loop
vertex 108.0772731488915 -19.67333601384831 5.35
vertex 108.09714327021331 -19.622893415450875 5.35
vertex 108.09714327021331 -19.622893415450875 2
endloop
endfacet
facet normal -0.9304159741780986 0.3665052728054804 -1.6757756960405337e-12
outer loop
vertex 108.0772731488915 -19.67333601384831 5.35
vertex 108.09714327021331 -19.622893415450875 2
vertex 108.0772731488915 -19.67333601384831 2
endloop
endfacet
facet normal -0.9304159741781419 0.36650527280537065 0
outer loop
vertex 108.09714327021331 -19.622893415450875 5.35
vertex 108.13136535797197 -19.536016692295814 5.35
vertex 108.1313653579718 -19.5360166922962 2
endloop
endfacet
facet normal -0.9304159741781419 0.36650527280537065 0
outer loop
vertex 108.09714327021331 -19.622893415450875 5.35
vertex 108.1313653579718 -19.5360166922962 2
vertex 108.09714327021331 -19.622893415450875 2
endloop
endfacet
facet normal -0.9762954364786824 0.216442187918389 0
outer loop
vertex 108.13136535797197 -19.536016692295814 5.35
vertex 108.13542065777354 -19.51772464522334 5.350000000000001
vertex 108.13542065777354 -19.51772464522334 2.000000000000001
endloop
endfacet
facet normal -0.9762954364786824 0.216442187918389 0
outer loop
vertex 108.13136535797197 -19.536016692295814 5.35
vertex 108.13542065777354 -19.51772464522334 2.000000000000001
vertex 108.1313653579718 -19.5360166922962 2
endloop
endfacet
facet normal -0.9762954364786852 0.21644218791837563 -1.1246432626559195e-12
outer loop
vertex 108.13542065777354 -19.51772464522334 5.350000000000001
vertex 108.13542065777345 -19.517724645223204 5.45
vertex 108.14941778604295 -19.454588467453334 5.45
endloop
endfacet
facet normal -0.9762954364786852 0.21644218791837563 -1.1246432626559195e-12
outer loop
vertex 108.13542065777354 -19.51772464522334 5.350000000000001
vertex 108.14941778604295 -19.454588467453334 5.45
vertex 108.14941778604309 -19.45458846745321 5.350000000000001
endloop
endfacet
facet normal -0.9762954364786852 0.21644218791837563 -1.1246432626559195e-12
outer loop
vertex 108.13542065777354 -19.51772464522334 5.350000000000001
vertex 108.14941778604309 -19.45458846745321 5.350000000000001
vertex 108.14941778604309 -19.45458846745321 2.000000000000001
endloop
endfacet
facet normal -0.9762954364786852 0.21644218791837563 -1.1246432626559195e-12
outer loop
vertex 108.13542065777354 -19.51772464522334 5.350000000000001
vertex 108.14941778604309 -19.45458846745321 2.000000000000001
vertex 108.13542065777354 -19.51772464522334 2.000000000000001
endloop
endfacet
facet normal -0.9762954364786824 0.216442187918389 0
outer loop
vertex 108.14941778604309 -19.45458846745321 5.350000000000001
vertex 108.16532944410473 -19.382816511616923 5.350000000000001
vertex 108.16532944410511 -19.382816511615083 2
endloop
endfacet
facet normal -0.9762954364786824 0.216442187918389 0
outer loop
vertex 108.14941778604309 -19.45458846745321 5.350000000000001
vertex 108.16532944410511 -19.382816511615083 2
vertex 108.14941778604309 -19.45458846745321 2.000000000000001
endloop
endfacet
facet normal -0.9981347419957398 0.06104946208688489 0
outer loop
vertex 108.16532944410473 -19.382816511616923 5.350000000000001
vertex 108.16705924107303 -19.354535010169304 5.350000000000001
vertex 108.16705924107303 -19.354535010169304 2.000000000000001
endloop
endfacet
facet normal -0.9981347419957398 0.06104946208688489 0
outer loop
vertex 108.16532944410473 -19.382816511616923 5.350000000000001
vertex 108.16705924107303 -19.354535010169304 2.000000000000001
vertex 108.16532944410511 -19.382816511615083 2
endloop
endfacet
facet normal -0.9981347419957376 0.06104946208692226 -3.991137598628793e-12
outer loop
vertex 108.16705924107303 -19.354535010169304 5.350000000000001
vertex 108.16705924107264 -19.354535010169272 5.45
vertex 108.17124500096615 -19.286099478904102 5.45
endloop
endfacet
facet normal -0.9981347419957376 0.06104946208692226 -3.991137598628793e-12
outer loop
vertex 108.16705924107303 -19.354535010169304 5.350000000000001
vertex 108.17124500096615 -19.286099478904102 5.45
vertex 108.17124500096656 -19.286099478903868 5.350000000000001
endloop
endfacet
facet normal -0.9981347419957376 0.06104946208692226 -3.991137598628793e-12
outer loop
vertex 108.16705924107303 -19.354535010169304 5.350000000000001
vertex 108.17124500096656 -19.286099478903868 5.350000000000001
vertex 108.17124500096656 -19.286099478903868 2.000000000000001
endloop
endfacet
facet normal -0.9981347419957376 0.06104946208692226 -3.991137598628793e-12
outer loop
vertex 108.16705924107303 -19.354535010169304 5.350000000000001
vertex 108.17124500096656 -19.286099478903868 2.000000000000001
vertex 108.16705924107303 -19.354535010169304 2.000000000000001
endloop
endfacet
facet normal -0.9981347419957398 0.06104946208688489 0
outer loop
vertex 108.17124500096656 -19.286099478903868 5.350000000000001
vertex 108.17490931949168 -19.226189309336007 5.350000000000001
vertex 108.17490931949163 -19.226189309336576 2
endloop
endfacet
facet normal -0.9981347419957398 0.06104946208688489 0
outer loop
vertex 108.17124500096656 -19.286099478903868 5.350000000000001
vertex 108.17490931949163 -19.226189309336576 2
vertex 108.17124500096656 -19.286099478903868 2.000000000000001
endloop
endfacet
facet normal -0.9953961228477036 -0.09584653681672256 0
outer loop
vertex 108.17490931949168 -19.226189309336007 5.350000000000001
vertex 108.17124448247374 -19.188128836004534 5.35
vertex 108.17124448247374 -19.188128836004534 2
endloop
endfacet
facet normal -0.9953961228477036 -0.09584653681672256 0
outer loop
vertex 108.17490931949168 -19.226189309336007 5.350000000000001
vertex 108.17124448247374 -19.188128836004534 2
vertex 108.17490931949163 -19.226189309336576 2
endloop
endfacet
facet normal -0.9953961228477094 -0.09584653681666194 -3.0386432945143005e-12
outer loop
vertex 108.17124448247374 -19.188128836004534 5.35
vertex 108.17124448247344 -19.188128836004605 5.45
vertex 108.16453193925962 -19.118416985045737 5.45
endloop
endfacet
facet normal -0.9953961228477094 -0.09584653681666194 -3.0386432945143005e-12
outer loop
vertex 108.17124448247374 -19.188128836004534 5.35
vertex 108.16453193925962 -19.118416985045737 5.45
vertex 108.16453193925992 -19.118416985045705 5.35
endloop
endfacet
facet normal -0.9953961228477094 -0.09584653681666194 -3.0386432945143005e-12
outer loop
vertex 108.17124448247374 -19.188128836004534 5.35
vertex 108.16453193925992 -19.118416985045705 5.35
vertex 108.16453193925992 -19.118416985045705 2
endloop
endfacet
facet normal -0.9953961228477094 -0.09584653681666194 -3.0386432945143005e-12
outer loop
vertex 108.17124448247374 -19.188128836004534 5.35
vertex 108.16453193925992 -19.118416985045705 2
vertex 108.17124448247374 -19.188128836004534 2
endloop
endfacet
facet normal -0.9953961228477036 -0.09584653681672256 0
outer loop
vertex 108.16453193925992 -19.118416985045705 5.35
vertex 108.15986909067446 -19.069991850893352 5.35
vertex 108.1598690906745 -19.06999185089389 2
endloop
endfacet
facet normal -0.9953961228477036 -0.09584653681672256 0
outer loop
vertex 108.16453193925992 -19.118416985045705 5.35
vertex 108.1598690906745 -19.06999185089389 2
vertex 108.16453193925992 -19.118416985045705 2
endloop
endfacet
facet normal -0.9681470143940443 -0.25038242454273507 0
outer loop
vertex 108.15986909067446 -19.069991850893352 5.35
vertex 108.14768744869819 -19.022889422153735 5.350000000000001
vertex 108.14768744869819 -19.022889422153735 2.000000000000001
endloop
endfacet
facet normal -0.9681470143940443 -0.25038242454273507 0
outer loop
vertex 108.15986909067446 -19.069991850893352 5.35
vertex 108.14768744869819 -19.022889422153735 2.000000000000001
vertex 108.1598690906745 -19.06999185089389 2
endloop
endfacet
facet normal -0.9681470143940824 -0.2503824245425877 -2.3620206806873595e-12
outer loop
vertex 108.14768744869819 -19.022889422153735 5.350000000000001
vertex 108.147687448698 -19.02288942215391 5.45
vertex 108.13015265784495 -18.95508811603821 5.45
endloop
endfacet
facet normal -0.9681470143940824 -0.2503824245425877 -2.3620206806873595e-12
outer loop
vertex 108.14768744869819 -19.022889422153735 5.350000000000001
vertex 108.13015265784495 -18.95508811603821 5.45
vertex 108.13015265784517 -18.95508811603821 5.350000000000001
endloop
endfacet
facet normal -0.9681470143940824 -0.2503824245425877 -2.3620206806873595e-12
outer loop
vertex 108.14768744869819 -19.022889422153735 5.350000000000001
vertex 108.13015265784517 -18.95508811603821 5.350000000000001
vertex 108.13015265784517 -18.95508811603821 2.000000000000001
endloop
endfacet
facet normal -0.9681470143940824 -0.2503824245425877 -2.3620206806873595e-12
outer loop
vertex 108.14768744869819 -19.022889422153735 5.350000000000001
vertex 108.13015265784517 -18.95508811603821 2.000000000000001
vertex 108.14768744869819 -19.022889422153735 2.000000000000001
endloop
endfacet
facet normal -0.9681470143940443 -0.25038242454273507 0
outer loop
vertex 108.13015265784517 -18.95508811603821 5.350000000000001
vertex 108.1205791060597 -18.918070319780423 5.350000000000001
vertex 108.12057910606183 -18.918070319788722 2
endloop
endfacet
facet normal -0.9681470143940443 -0.25038242454273507 0
outer loop
vertex 108.13015265784517 -18.95508811603821 5.350000000000001
vertex 108.12057910606183 -18.918070319788722 2
vertex 108.13015265784517 -18.95508811603821 2.000000000000001
endloop
endfacet
facet normal -0.9170583947167311 -0.3987529318758326 0
outer loop
vertex 108.1205791060597 -18.918070319780423 5.350000000000001
vertex 108.09664245976016 -18.863020436320646 5.350000000000001
vertex 108.09664245976016 -18.863020436320646 2.000000000000001
endloop
endfacet
facet normal -0.9170583947167311 -0.3987529318758326 0
outer loop
vertex 108.1205791060597 -18.918070319780423 5.350000000000001
vertex 108.09664245976016 -18.863020436320646 2.000000000000001
vertex 108.12057910606183 -18.918070319788722 2
endloop
endfacet
facet normal -0.9170583947167001 -0.39875293187590366 1.1800006470438474e-11
outer loop
vertex 108.09664245976016 -18.863020436320646 5.350000000000001
vertex 108.09664245976116 -18.863020436319974 5.45
vertex 108.06930551707778 -18.800150496641432 5.45
endloop
endfacet
facet normal -0.9170583947167001 -0.39875293187590366 1.1800006470438474e-11
outer loop
vertex 108.09664245976016 -18.863020436320646 5.350000000000001
vertex 108.06930551707778 -18.800150496641432 5.45
vertex 108.0693055170767 -18.800150496641898 5.350000000000001
endloop
endfacet
facet normal -0.9170583947167001 -0.39875293187590366 1.1800006470438474e-11
outer loop
vertex 108.09664245976016 -18.863020436320646 5.350000000000001
vertex 108.0693055170767 -18.800150496641898 5.350000000000001
vertex 108.0693055170767 -18.800150496641898 2.000000000000001
endloop
endfacet
facet normal -0.9170583947167001 -0.39875293187590366 1.1800006470438474e-11
outer loop
vertex 108.09664245976016 -18.863020436320646 5.350000000000001
vertex 108.0693055170767 -18.800150496641898 2.000000000000001
vertex 108.09664245976016 -18.863020436320646 2.000000000000001
endloop
endfacet
facet normal -0.9170583947167311 -0.3987529318758326 0
outer loop
vertex 108.0693055170767 -18.800150496641898 5.350000000000001
vertex 108.05800683651049 -18.77416560967511 5.350000000000001
vertex 108.0580068365056 -18.774165609663886 2
endloop
endfacet
facet normal -0.9170583947167311 -0.3987529318758326 0
outer loop
vertex 108.0693055170767 -18.800150496641898 5.350000000000001
vertex 108.0580068365056 -18.774165609663886 2
vertex 108.0693055170767 -18.800150496641898 2.000000000000001
endloop
endfacet
facet normal -0.8433882625536673 -0.5373046050302438 0
outer loop
vertex 108.05800683651049 -18.77416560967511 5.350000000000001
vertex 108.01850000441803 -18.712153115891482 5.35
vertex 108.01850000441803 -18.712153115891482 2
endloop
endfacet
facet normal -0.8433882625536673 -0.5373046050302438 0
outer loop
vertex 108.05800683651049 -18.77416560967511 5.350000000000001
vertex 108.01850000441803 -18.712153115891482 2
vertex 108.0580068365056 -18.774165609663886 2
endloop
endfacet
facet normal -0.8433882625536524 -0.5373046050302671 -7.883377139654443e-12
outer loop
vertex 108.01850000441803 -18.712153115891482 5.35
vertex 108.01850000441742 -18.71215311589199 5.45
vertex 107.98376098721883 -18.657624494540812 5.45
endloop
endfacet
facet normal -0.8433882625536524 -0.5373046050302671 -7.883377139654443e-12
outer loop
vertex 108.01850000441803 -18.712153115891482 5.35
vertex 107.98376098721883 -18.657624494540812 5.45
vertex 107.98376098721951 -18.657624494540407 5.35
endloop
endfacet
facet normal -0.8433882625536524 -0.5373046050302671 -7.883377139654443e-12
outer loop
vertex 108.01850000441803 -18.712153115891482 5.35
vertex 107.98376098721951 -18.657624494540407 5.35
vertex 107.98376098721951 -18.657624494540407 2
endloop
endfacet
facet normal -0.8433882625536524 -0.5373046050302671 -7.883377139654443e-12
outer loop
vertex 108.01850000441803 -18.712153115891482 5.35
vertex 107.98376098721951 -18.657624494540407 2
vertex 108.01850000441803 -18.712153115891482 2
endloop
endfacet
facet normal -0.8433882625536673 -0.5373046050302438 0
outer loop
vertex 107.98376098721951 -18.657624494540407 5.35
vertex 107.97369305249337 -18.641821209222023 5.35
vertex 107.97369305249615 -18.641821209226336 2
endloop
endfacet
facet normal -0.8433882625536673 -0.5373046050302438 0
outer loop
vertex 107.98376098721951 -18.657624494540407 5.35
vertex 107.97369305249615 -18.641821209226336 2
vertex 107.98376098721951 -18.657624494540407 2
endloop
endfacet
facet normal -0.7489506605207551 -0.6626257677645241 0
outer loop
vertex 107.97369305249337 -18.641821209222023 5.35
vertex 107.91180155315124 -18.571866671431344 5.350000000000001
vertex 107.91180155315124 -18.571866671431344 2.000000000000001
endloop
endfacet
facet normal -0.7489506605207551 -0.6626257677645241 0
outer loop
vertex 107.97369305249337 -18.641821209222023 5.35
vertex 107.91180155315124 -18.571866671431344 2.000000000000001
vertex 107.97369305249615 -18.641821209226336 2
endloop
endfacet
facet normal -0.748950660520749 -0.6626257677645309 3.183344580465635e-14
outer loop
vertex 107.91180155315124 -18.571866671431344 5.350000000000001
vertex 107.91180155315114 -18.571866671431227 5.45
vertex 107.87589804686019 -18.531285764289123 5.45
endloop
endfacet
facet normal -0.748950660520749 -0.6626257677645309 3.183344580465635e-14
outer loop
vertex 107.91180155315124 -18.571866671431344 5.350000000000001
vertex 107.87589804686019 -18.531285764289123 5.45
vertex 107.87589804686021 -18.53128576428916 5.350000000000001
endloop
endfacet
facet normal -0.748950660520749 -0.6626257677645309 3.183344580465635e-14
outer loop
vertex 107.91180155315124 -18.571866671431344 5.350000000000001
vertex 107.87589804686021 -18.53128576428916 5.350000000000001
vertex 107.87589804686021 -18.53128576428916 2.000000000000001
endloop
endfacet
facet normal -0.748950660520749 -0.6626257677645309 3.183344580465635e-14
outer loop
vertex 107.91180155315124 -18.571866671431344 5.350000000000001
vertex 107.87589804686021 -18.53128576428916 2.000000000000001
vertex 107.91180155315124 -18.571866671431344 2.000000000000001
endloop
endfacet
facet normal -0.7489506605207551 -0.6626257677645241 0
outer loop
vertex 107.87589804686021 -18.53128576428916 5.350000000000001
vertex 107.86971388435279 -18.52429594768374 5.350000000000001
vertex 107.86971388435306 -18.52429594768408 2
endloop
endfacet
facet normal -0.7489506605207551 -0.6626257677645241 0
outer loop
vertex 107.87589804686021 -18.53128576428916 5.350000000000001
vertex 107.86971388435306 -18.52429594768408 2
vertex 107.87589804686021 -18.53128576428916 2.000000000000001
endloop
endfacet
facet normal -0.6360558397116606 -0.7716430319575849 2.5818131669184612e-14
outer loop
vertex 107.74868404661382 -18.424532544530198 5.35
vertex 107.7486293999999 -18.424487499999938 5.35
vertex 107.74862939999815 -18.42448749999861 2
endloop
endfacet
facet normal -0.6360558397116606 -0.7716430319575849 2.5818131669184612e-14
outer loop
vertex 107.74868404661382 -18.424532544530198 5.35
vertex 107.74862939999815 -18.42448749999861 2
vertex 107.86971388435306 -18.52429594768408 2
endloop
endfacet
facet normal -0.6360558397116606 -0.7716430319575849 2.5818131669184612e-14
outer loop
vertex 107.74868404661382 -18.424532544530198 5.35
vertex 107.86971388435306 -18.52429594768408 2
vertex 107.86971388435279 -18.52429594768374 5.350000000000001
endloop
endfacet
facet normal -1.3461494309212076e-14 5.4508792812454614e-14 1
outer loop
vertex 96.12177877495864 -38.07361352889604 6.450000000000003
vertex 96.50852401757618 -37.97810290365575 6.450000000000003
vertex 96.87518849252635 -37.82237453427251 6.449999999999999
endloop
endfacet
facet normal -1.3461494309212076e-14 5.4508792812454614e-14 1
outer loop
vertex 96.12177877495864 -38.07361352889604 6.450000000000003
vertex 96.87518849252635 -37.82237453427251 6.449999999999999
vertex 97.21246219794179 -37.6103825300445 6.449999999999999
endloop
endfacet
facet normal -1.3461494309212076e-14 5.4508792812454614e-14 1
outer loop
vertex 96.12177877495864 -38.07361352889604 6.450000000000003
vertex 97.21246219794179 -37.6103825300445 6.449999999999999
vertex 97.51178139492384 -37.347509593934305 6.449999999999999
endloop
endfacet
facet normal -1.3461494309212076e-14 5.4508792812454614e-14 1
outer loop
vertex 96.12177877495864 -38.07361352889604 6.450000000000003
vertex 97.51178139492384 -37.347509593934305 6.449999999999999
vertex 97.76554210000002 -37.04043070000005 6.449999999999999
endloop
endfacet
facet normal -1.3461494309212076e-14 5.4508792812454614e-14 1
outer loop
vertex 96.12177877495864 -38.07361352889604 6.450000000000003
vertex 97.76554210000002 -37.04043070000005 6.449999999999999
vertex 98.06939353402512 -36.606485818347764 6.449999999999999
endloop
endfacet
facet normal -1.3461494309212076e-14 5.4508792812454614e-14 1
outer loop
vertex 96.12177877495864 -38.07361352889604 6.450000000000003
vertex 98.06939353402512 -36.606485818347764 6.449999999999999
vertex 95.72050312821773 -36.606485818347764 6.449999999999999
endloop
endfacet
facet normal -1.3461494309212076e-14 5.4508792812454614e-14 1
outer loop
vertex 96.12177877495864 -38.07361352889604 6.450000000000003
vertex 95.72050312821773 -36.606485818347764 6.449999999999999
vertex 92.86089673245567 -36.606485818347764 6.449999999999999
endloop
endfacet
facet normal -1.3461494309212076e-14 5.4508792812454614e-14 1
outer loop
vertex 96.12177877495864 -38.07361352889604 6.450000000000003
vertex 92.86089673245567 -36.606485818347764 6.449999999999999
vertex 94.2342860499998 -37.61885035000025 6.449999999999999
endloop
endfacet
facet normal -1.3461494309212076e-14 5.4508792812454614e-14 1
outer loop
vertex 96.12177877495864 -38.07361352889604 6.450000000000003
vertex 94.2342860499998 -37.61885035000025 6.449999999999999
vertex 94.57275980217423 -37.828921007899325 6.449999999999999
endloop
endfacet
facet normal -1.3461494309212076e-14 5.4508792812454614e-14 1
outer loop
vertex 96.12177877495864 -38.07361352889604 6.450000000000003
vertex 94.57275980217423 -37.828921007899325 6.449999999999999
vertex 94.94030390354843 -37.98256180901093 6.449999999999999
endloop
endfacet
facet normal -1.3461494309212076e-14 5.4508792812454614e-14 1
outer loop
vertex 96.12177877495864 -38.07361352889604 6.450000000000003
vertex 94.94030390354843 -37.98256180901093 6.449999999999999
vertex 95.32758601760315 -38.07587164962028 6.450000000000003
endloop
endfacet
facet normal -1.3461494309212076e-14 5.4508792812454614e-14 1
outer loop
vertex 96.12177877495864 -38.07361352889604 6.450000000000003
vertex 95.32758601760315 -38.07587164962028 6.450000000000003
vertex 95.7247726386369 -38.10648129340977 6.449999999999999
endloop
endfacet
facet normal 0 0 1
outer loop
vertex 95.72050312821773 -36.606485818347764 6.449999999999999
vertex 95.56162927374598 -36.59424139257309 6.449999999999999
vertex 92.84428575584336 -36.59424139257309 6.449999999999999
endloop
endfacet
facet normal 0 0 1
outer loop
vertex 95.72050312821773 -36.606485818347764 6.449999999999999
vertex 92.84428575584336 -36.59424139257309 6.449999999999999
vertex 92.86089673245567 -36.606485818347764 6.449999999999999
endloop
endfacet
facet normal 0 0 1
outer loop
vertex 98.06939353402512 -36.606485818347764 6.449999999999999
vertex 98.07859867072418 -36.59333951884689 6.449999999999999
vertex 95.8793048990099 -36.59333951884689 6.449999999999999
endloop
endfacet
facet normal 0 0 1
outer loop
vertex 98.06939353402512 -36.606485818347764 6.449999999999999
vertex 95.8793048990099 -36.59333951884689 6.449999999999999
vertex 95.72050312821773 -36.606485818347764 6.449999999999999
endloop
endfacet
facet normal 0 0 1
outer loop
vertex 95.56162927374598 -36.59424139257309 6.449999999999999
vertex 95.40671727424302 -36.55691713762673 6.449999999999999
vertex 92.7936510966609 -36.55691713762673 6.449999999999999
endloop
endfacet
facet normal 0 0 1
outer loop
vertex 95.56162927374598 -36.59424139257309 6.449999999999999
vertex 92.7936510966609 -36.55691713762673 6.449999999999999
vertex 92.84428575584336 -36.59424139257309 6.449999999999999
endloop
endfacet
facet normal 0 0 1
outer loop
vertex 98.07859867072418 -36.59333951884689 6.449999999999999
vertex 98.10534885609071 -36.55513628949467 6.449999999999999
vertex 96.03400247773797 -36.55513628949467 6.449999999999999
endloop
endfacet
facet normal 0 0 1
outer loop
vertex 98.07859867072418 -36.59333951884689 6.449999999999999
vertex 96.03400247773797 -36.55513628949467 6.449999999999999
vertex 95.8793048990099 -36.59333951884689 6.449999999999999
endloop
endfacet
facet normal 0 0 1
outer loop
vertex 95.40671727424302 -36.55691713762673 6.449999999999999
vertex 95.25970047358129 -36.49546074723131 6.449999999999999
vertex 92.71027841081013 -36.49546074723131 6.449999999999999
endloop
endfacet
facet normal 0 0 1
outer loop
vertex 95.40671727424302 -36.55691713762673 6.449999999999999
vertex 92.71027841081013 -36.49546074723131 6.449999999999999
vertex 92.7936510966609 -36.55691713762673 6.449999999999999
endloop
endfacet
facet normal 0 0 1
outer loop
vertex 98.10534885609071 -36.55513628949467 6.449999999999999
vertex 98.14896488077994 -36.49284614190121 6.449999999999999
vertex 96.18066796485084 -36.49284614190121 6.449999999999999
endloop
endfacet
facet normal 0 0 1
outer loop
vertex 98.10534885609071 -36.55513628949467 6.449999999999999
vertex 96.18066796485084 -36.49284614190121 6.449999999999999
vertex 96.03400247773797 -36.55513628949467 6.449999999999999
endloop
endfacet
facet normal 0 0 1
outer loop
vertex 95.25970047358129 -36.49546074723131 6.449999999999999
vertex 95.12431349999991 -36.411435299999944 6.449999999999999
vertex 92.5962881948144 -36.411435299999944 6.449999999999999
endloop
endfacet
facet normal 0 0 1
outer loop
vertex 95.25970047358129 -36.49546074723131 6.449999999999999
vertex 92.5962881948144 -36.411435299999944 6.449999999999999
vertex 92.71027841081013 -36.49546074723131 6.449999999999999
endloop
endfacet
facet normal 0 0 1
outer loop
vertex 98.14896488077994 -36.49284614190121 6.449999999999999
vertex 98.20833929782849 -36.408050674465066 6.449999999999999
vertex 96.3155774022508 -36.408050674465066 6.449999999999999
endloop
endfacet
facet normal 0 0 1
outer loop
vertex 98.14896488077994 -36.49284614190121 6.449999999999999
vertex 96.3155774022508 -36.408050674465066 6.449999999999999
vertex 96.18066796485084 -36.49284614190121 6.449999999999999
endloop
endfacet
facet normal 0 0 1
outer loop
vertex 98.20833929782849 -36.408050674465066 6.449999999999999
vertex 98.28196454164934 -36.30290291428098 6.449999999999999
vertex 96.43530532767149 -36.30290291428098 6.449999999999999
endloop
endfacet
facet normal 0 0 1
outer loop
vertex 98.20833929782849 -36.408050674465066 6.449999999999999
vertex 96.43530532767149 -36.30290291428098 6.449999999999999
vertex 96.3155774022508 -36.408050674465066 6.449999999999999
endloop
endfacet
facet normal 0 0 1
outer loop
vertex 98.28196454164934 -36.30290291428098 6.449999999999999
vertex 98.36797120636993 -36.180072649999936 6.449999999999999
vertex 96.53681175000004 -36.180072649999936 6.449999999999999
endloop
endfacet
facet normal 0 0 1
outer loop
vertex 98.28196454164934 -36.30290291428098 6.449999999999999
vertex 96.53681175000004 -36.180072649999936 6.449999999999999
vertex 96.43530532767149 -36.30290291428098 6.449999999999999
endloop
endfacet
facet normal 0 0 1
outer loop
vertex 95.12431349999991 -36.411435299999944 6.449999999999999
vertex 83.03492881734175 -27.5 6.449999999999999
vertex 80.5068978 -27.5 6.449999999999999
endloop
endfacet
facet normal 0 0 1
outer loop
vertex 95.12431349999991 -36.411435299999944 6.449999999999999
vertex 80.5068978 -27.5 6.449999999999999
vertex 92.5962881948144 -36.411435299999944 6.449999999999999
endloop
endfacet
facet normal 0 0 1
outer loop
vertex 80.5068978 -27.5 6.449999999999999
vertex 83.03492881734175 -27.5 6.449999999999999
vertex 81.26460759999995 -26.195044999999972 6.449999999999999
endloop
endfacet
facet normal 0 0 1
outer loop
vertex 80.5068978 -27.5 6.449999999999999
vertex 81.26460759999995 -26.195044999999972 6.449999999999999
vertex 81.15783898985188 -26.126358098673556 6.449999999999999
endloop
endfacet
facet normal 0 0 1
outer loop
vertex 80.5068978 -27.5 6.449999999999999
vertex 81.15783898985188 -26.126358098673556 6.449999999999999
vertex 81.04322827706218 -26.07175213708866 6.449999999999999
endloop
endfacet
facet normal 0 0 1
outer loop
vertex 80.5068978 -27.5 6.449999999999999
vertex 81.04322827706218 -26.07175213708866 6.449999999999999
vertex 80.92262269137349 -26.032107222819057 6.449999999999999
endloop
endfacet
facet normal 0 0 1
outer loop
vertex 80.5068978 -27.5 6.449999999999999
vertex 80.92262269137349 -26.032107222819057 6.449999999999999
vertex 80.79796608445162 -26.0080623298576 6.449999999999999
endloop
endfacet
facet normal 0 0 1
outer loop
vertex 80.5068978 -27.5 6.449999999999999
vertex 80.79796608445162 -26.0080623298576 6.449999999999999
vertex 80.67126519999957 -25.9999971500004 6.449999999999999
endloop
endfacet
facet normal 0 0 1
outer loop
vertex 80.5068978 -27.5 6.449999999999999
vertex 80.67126519999957 -25.9999971500004 6.449999999999999
vertex 62.000000000000064 -26.000000000000057 6.450000000000003
endloop
endfacet
facet normal 0 0 1
outer loop
vertex 80.5068978 -27.5 6.449999999999999
vertex 62.000000000000064 -26.000000000000057 6.450000000000003
vertex 59.71835957600015 -26 6.449999999999999
endloop
endfacet
facet normal 0 0 1
outer loop
vertex 80.5068978 -27.5 6.449999999999999
vertex 59.71835957600015 -26 6.449999999999999
vertex 59.834936490538894 -26.249999999999968 6.449999999999999
endloop
endfacet
facet normal 0 0 1
outer loop
vertex 80.5068978 -27.5 6.449999999999999
vertex 59.834936490538894 -26.249999999999968 6.449999999999999
vertex 60.084888892202414 -26.606969024216443 6.449999999999999
endloop
endfacet
facet normal 0 0 1
outer loop
vertex 80.5068978 -27.5 6.449999999999999
vertex 60.084888892202414 -26.606969024216443 6.449999999999999
vertex 60.393030975783574 -26.915111107797536 6.449999999999999
endloop
endfacet
facet normal 0 0 1
outer loop
vertex 80.5068978 -27.5 6.449999999999999
vertex 60.393030975783574 -26.915111107797536 6.449999999999999
vertex 60.75000000000002 -27.165063509461092 6.449999999999999
endloop
endfacet
facet normal 0 0 1
outer loop
vertex 80.5068978 -27.5 6.449999999999999
vertex 60.75000000000002 -27.165063509461092 6.449999999999999
vertex 61.144949641685855 -27.34923155196468 6.449999999999999
endloop
endfacet
facet normal 0 0 1
outer loop
vertex 80.5068978 -27.5 6.449999999999999
vertex 61.144949641685855 -27.34923155196468 6.449999999999999
vertex 61.565879555832744 -27.462019382530222 6.449999999999999
endloop
endfacet
facet normal 0 0 1
outer loop
vertex 80.5068978 -27.5 6.449999999999999
vertex 61.565879555832744 -27.462019382530222 6.449999999999999
vertex 62.000000000000036 -27.50000000000004 6.450000000000003
endloop
endfacet
facet normal 0 0 1
outer loop
vertex 62.000000000000064 -26.000000000000057 6.450000000000003
vertex 61.826351822333045 -25.984807753012106 6.449999999999999
vertex 59.71127531488516 -25.984807753012213 6.449999999999999
endloop
endfacet
facet normal 0 0 1
outer loop
vertex 62.000000000000064 -26.000000000000057 6.450000000000003
vertex 59.71127531488516 -25.984807753012213 6.449999999999999
vertex 59.71835957600015 -26 6.449999999999999
endloop
endfacet
facet normal 0 0 1
outer loop
vertex 61.826351822333045 -25.984807753012106 6.449999999999999
vertex 61.65797985667439 -25.93969262078591 6.449999999999999
vertex 59.690237783229364 -25.939692620785912 6.449999999999999
endloop
endfacet
facet normal 0 0 1
outer loop
vertex 61.826351822333045 -25.984807753012106 6.449999999999999
vertex 59.690237783229364 -25.939692620785912 6.449999999999999
vertex 59.71127531488516 -25.984807753012213 6.449999999999999
endloop
endfacet
facet normal 0 0 1
outer loop
vertex 61.65797985667439 -25.93969262078591 6.449999999999999
vertex 61.4999999999999 -25.86602540378459 6.449999999999999
vertex 59.655886195786614 -25.86602540378444 6.449999999999999
endloop
endfacet
facet normal 0 0 1
outer loop
vertex 61.65797985667439 -25.93969262078591 6.449999999999999
vertex 59.655886195786614 -25.86602540378444 6.449999999999999
vertex 59.690237783229364 -25.939692620785912 6.449999999999999
endloop
endfacet
facet normal 0 0 1
outer loop
vertex 61.4999999999999 -25.86602540378459 6.449999999999999
vertex 61.35721239031335 -25.766044443119135 6.449999999999999
vertex 59.62691938493709 -25.766044443118986 6.449999999999999
endloop
endfacet
facet normal 0 0 1
outer loop
vertex 61.4999999999999 -25.86602540378459 6.449999999999999
vertex 59.62691938493709 -25.766044443118986 6.449999999999999
vertex 59.650768448035095 -25.85505035831423 6.449999999999999
endloop
endfacet
facet normal 0 0 1
outer loop
vertex 61.4999999999999 -25.86602540378459 6.449999999999999
vertex 59.650768448035095 -25.85505035831423 6.449999999999999
vertex 59.655886195786614 -25.86602540378444 6.449999999999999
endloop
endfacet
facet normal 0 0 1
outer loop
vertex 61.35721239031335 -25.766044443119135 6.449999999999999
vertex 61.2339555568808 -25.64278760968664 6.449999999999999
vertex 59.59389281595725 -25.64278760968653 6.449999999999999
endloop
endfacet
facet normal 0 0 1
outer loop
vertex 61.35721239031335 -25.766044443119135 6.449999999999999
vertex 59.59389281595725 -25.64278760968653 6.449999999999999
vertex 59.62691938493709 -25.766044443118986 6.449999999999999
endloop
endfacet
facet normal 0 0 1
outer loop
vertex 61.2339555568808 -25.64278760968664 6.449999999999999
vertex 61.13397459621576 -25.499999999999968 6.450000000000003
vertex 59.555632991252565 -25.499999999999993 6.449999999999999
endloop
endfacet
facet normal 0 0 1
outer loop
vertex 61.2339555568808 -25.64278760968664 6.449999999999999
vertex 59.555632991252565 -25.499999999999993 6.449999999999999
vertex 59.59389281595725 -25.64278760968653 6.449999999999999
endloop
endfacet
facet normal 0 0 1
outer loop
vertex 61.13397459621576 -25.499999999999968 6.450000000000003
vertex 61.060307379214024 -25.342020143325684 6.449999999999999
vertex 59.529922885238506 -25.34202014332567 6.449999999999999
endloop
endfacet
facet normal 0 0 1
outer loop
vertex 61.13397459621576 -25.499999999999968 6.450000000000003
vertex 59.529922885238506 -25.34202014332567 6.449999999999999
vertex 59.53798061746944 -25.434120444167352 6.450000000000003
endloop
endfacet
facet normal 0 0 1
outer loop
vertex 61.13397459621576 -25.499999999999968 6.450000000000003
vertex 59.53798061746944 -25.434120444167352 6.450000000000003
vertex 59.555632991252565 -25.499999999999993 6.449999999999999
endloop
endfacet
facet normal 0 0 1
outer loop
vertex 61.060307379214024 -25.342020143325684 6.449999999999999
vertex 61.01519224698766 -25.173648177666973 6.450000000000003
vertex 59.515192246987795 -25.17364817766694 6.449999999999999
endloop
endfacet
facet normal 0 0 1
outer loop
vertex 61.060307379214024 -25.342020143325684 6.449999999999999
vertex 59.515192246987795 -25.17364817766694 6.449999999999999
vertex 59.529922885238506 -25.34202014332567 6.449999999999999
endloop
endfacet
facet normal 0 0 1
outer loop
vertex 61.01519224698766 -25.173648177666973 6.450000000000003
vertex 61 -25 6.449999999999999
vertex 59.5 -25 6.449999999999999
endloop
endfacet
facet normal 0 0 1
outer loop
vertex 61.01519224698766 -25.173648177666973 6.450000000000003
vertex 59.5 -25 6.449999999999999
vertex 59.515192246987795 -25.17364817766694 6.449999999999999
endloop
endfacet
facet normal 0 0 1
outer loop
vertex 98.36797120636993 -36.180072649999936 6.449999999999999
vertex 109.22293204999974 -20.677579699999825 6.449999999999999
vertex 109.44082110613358 -20.30018427297324 6.450000000000003
endloop
endfacet
facet normal 0 0 1
outer loop
vertex 98.36797120636993 -36.180072649999936 6.449999999999999
vertex 109.44082110613358 -20.30018427297324 6.450000000000003
vertex 109.58986593582411 -19.890686302445896 6.449999999999999
endloop
endfacet
facet normal 0 0 1
outer loop
vertex 98.36797120636993 -36.180072649999936 6.449999999999999
vertex 109.58986593582411 -19.890686302445896 6.449999999999999
vertex 109.6028207240738 -19.817215899999997 6.449999999999999
endloop
endfacet
facet normal 0 0 1
outer loop
vertex 98.36797120636993 -36.180072649999936 6.449999999999999
vertex 109.6028207240738 -19.817215899999997 6.449999999999999
vertex 107.994205 -19.817215899999997 6.449999999999999
endloop
endfacet
facet normal 0 0 1
outer loop
vertex 98.36797120636993 -36.180072649999936 6.449999999999999
vertex 107.994205 -19.817215899999997 6.449999999999999
vertex 96.53681175000004 -36.180072649999936 6.449999999999999
endloop
endfacet
facet normal 0 0 1
outer loop
vertex 109.6028207240738 -19.817215899999997 6.449999999999999
vertex 109.62943912677524 -19.666255031156663 6.449999999999999
vertex 108.08136130978875 -19.666255031156663 6.449999999999999
endloop
endfacet
facet normal 0 0 1
outer loop
vertex 109.6028207240738 -19.817215899999997 6.449999999999999
vertex 108.08136130978875 -19.666255031156663 6.449999999999999
vertex 108.0772731488926 -19.673336013846097 6.449999999999999
endloop
endfacet
facet normal 0 0 1
outer loop
vertex 109.6028207240738 -19.817215899999997 6.449999999999999
vertex 108.0772731488926 -19.673336013846097 6.449999999999999
vertex 107.994205 -19.817215899999997 6.449999999999999
endloop
endfacet
facet normal 0 0 1
outer loop
vertex 109.62943912677524 -19.666255031156663 6.449999999999999
vertex 109.65832115436562 -19.502456473147536 6.449999999999999
vertex 108.14097768519339 -19.502456473147536 6.449999999999999
endloop
endfacet
facet normal 0 0 1
outer loop
vertex 109.62943912677524 -19.666255031156663 6.449999999999999
vertex 108.14097768519339 -19.502456473147536 6.449999999999999
vertex 108.13542065777372 -19.5177246452225 6.449999999999999
endloop
endfacet
facet normal 0 0 1
outer loop
vertex 109.62943912677524 -19.666255031156663 6.449999999999999
vertex 108.13542065777372 -19.5177246452225 6.449999999999999
vertex 108.09714327021078 -19.62289341545733 6.449999999999999
endloop
endfacet
facet normal 0 0 1
outer loop
vertex 109.62943912677524 -19.666255031156663 6.449999999999999
vertex 108.09714327021078 -19.62289341545733 6.449999999999999
vertex 108.08136130978875 -19.666255031156663 6.449999999999999
endloop
endfacet
facet normal -6.464050950174204e-13 2.7174871098290547e-14 1
outer loop
vertex 109.65832115436562 -19.502456473147536 6.449999999999999
vertex 109.6655378906382 -19.46152816798021 6.450000000000003
vertex 109.66553783890474 -19.330794144434158 6.449999999999999
endloop
endfacet
facet normal -6.464050950174204e-13 2.7174871098290547e-14 1
outer loop
vertex 109.65832115436562 -19.502456473147536 6.449999999999999
vertex 109.66553783890474 -19.330794144434158 6.449999999999999
vertex 108.17124523750486 -19.330794144434158 6.449999999999999
endloop
endfacet
facet normal -6.464050950174204e-13 2.7174871098290547e-14 1
outer loop
vertex 109.65832115436562 -19.502456473147536 6.449999999999999
vertex 108.17124523750486 -19.330794144434158 6.449999999999999
vertex 108.16705924107336 -19.354535010165122 6.449999999999999
endloop
endfacet
facet normal -6.464050950174204e-13 2.7174871098290547e-14 1
outer loop
vertex 109.65832115436562 -19.502456473147536 6.449999999999999
vertex 108.16705924107336 -19.354535010165122 6.449999999999999
vertex 108.14941778604225 -19.45458846745728 6.449999999999999
endloop
endfacet
facet normal -6.464050950174204e-13 2.7174871098290547e-14 1
outer loop
vertex 109.65832115436562 -19.502456473147536 6.449999999999999
vertex 108.14941778604225 -19.45458846745728 6.449999999999999
vertex 108.14097768519339 -19.502456473147536 6.449999999999999
endloop
endfacet
facet normal 0 0 1
outer loop
vertex 109.66553783890474 -19.330794144434158 6.449999999999999
vertex 109.66553776992757 -19.156483846914657 6.449999999999999
vertex 108.17124431499772 -19.156483846914657 6.449999999999999
endloop
endfacet
facet normal 0 0 1
outer loop
vertex 109.66553783890474 -19.330794144434158 6.449999999999999
vertex 108.17124431499772 -19.156483846914657 6.449999999999999
vertex 108.17124448247345 -19.188128836000516 6.449999999999999
endloop
endfacet
facet normal 0 0 1
outer loop
vertex 109.66553783890474 -19.330794144434158 6.449999999999999
vertex 108.17124448247345 -19.188128836000516 6.449999999999999
vertex 108.17124500096615 -19.286099478912124 6.449999999999999
endloop
endfacet
facet normal 0 0 1
outer loop
vertex 109.66553783890474 -19.330794144434158 6.449999999999999
vertex 108.17124500096615 -19.286099478912124 6.449999999999999
vertex 108.17124523750486 -19.330794144434158 6.449999999999999
endloop
endfacet
facet normal -6.464095631262328e-13 -2.7175338919943032e-14 1
outer loop
vertex 109.66553776992757 -19.156483846914657 6.449999999999999
vertex 109.66553771819454 -19.02574961283615 6.450000000000003
vertex 109.65832102450452 -18.984821838582384 6.449999999999999
endloop
endfacet
facet normal -6.464095631262328e-13 -2.7175338919943032e-14 1
outer loop
vertex 109.66553776992757 -19.156483846914657 6.449999999999999
vertex 109.65832102450452 -18.984821838582384 6.449999999999999
vertex 108.14097494570149 -18.984821838582384 6.449999999999999
endloop
endfacet
facet normal -6.464095631262328e-13 -2.7175338919943032e-14 1
outer loop
vertex 109.66553776992757 -19.156483846914657 6.449999999999999
vertex 108.14097494570149 -18.984821838582384 6.449999999999999
vertex 108.14768744869785 -19.02288942215303 6.450000000000003
endloop
endfacet
facet normal -6.464095631262328e-13 -2.7175338919943032e-14 1
outer loop
vertex 109.66553776992757 -19.156483846914657 6.449999999999999
vertex 108.14768744869785 -19.02288942215303 6.450000000000003
vertex 108.16453193925997 -19.118416985047688 6.450000000000003
endloop
endfacet
facet normal -6.464095631262328e-13 -2.7175338919943032e-14 1
outer loop
vertex 109.66553776992757 -19.156483846914657 6.449999999999999
vertex 108.16453193925997 -19.118416985047688 6.450000000000003
vertex 108.17124431499772 -19.156483846914657 6.449999999999999
endloop
endfacet
facet normal 0 0 1
outer loop
vertex 109.65832102450452 -18.984821838582384 6.449999999999999
vertex 109.62943897451609 -18.821023911601383 6.449999999999999
vertex 108.08135683654912 -18.821023911601383 6.449999999999999
endloop
endfacet
facet normal 0 0 1
outer loop
vertex 109.65832102450452 -18.984821838582384 6.449999999999999
vertex 108.08135683654912 -18.821023911601383 6.449999999999999
vertex 108.09664245976623 -18.86302043633384 6.450000000000003
endloop
endfacet
facet normal 0 0 1
outer loop
vertex 109.65832102450452 -18.984821838582384 6.449999999999999
vertex 108.09664245976623 -18.86302043633384 6.450000000000003
vertex 108.13015265784676 -18.955088116043136 6.450000000000003
endloop
endfacet
facet normal 0 0 1
outer loop
vertex 109.65832102450452 -18.984821838582384 6.449999999999999
vertex 108.13015265784676 -18.955088116043136 6.450000000000003
vertex 108.14097494570149 -18.984821838582384 6.449999999999999
endloop
endfacet
facet normal 0 0 1
outer loop
vertex 109.62943897451609 -18.821023911601383 6.449999999999999
vertex 109.60282113145293 -18.670066915259383 6.449999999999999
vertex 107.99420142892782 -18.670066915259383 6.449999999999999
endloop
endfacet
facet normal 0 0 1
outer loop
vertex 109.62943897451609 -18.821023911601383 6.449999999999999
vertex 107.99420142892782 -18.670066915259383 6.449999999999999
vertex 108.01850000441283 -18.712153115884007 6.450000000000003
endloop
endfacet
facet normal 0 0 1
outer loop
vertex 109.62943897451609 -18.821023911601383 6.449999999999999
vertex 108.01850000441283 -18.712153115884007 6.450000000000003
vertex 108.0693055170708 -18.8001504966293 6.450000000000003
endloop
endfacet
facet normal 0 0 1
outer loop
vertex 109.62943897451609 -18.821023911601383 6.449999999999999
vertex 108.0693055170708 -18.8001504966293 6.450000000000003
vertex 108.08135683654912 -18.821023911601383 6.449999999999999
endloop
endfacet
facet normal 0 0 1
outer loop
vertex 109.60282113145293 -18.670066915259383 6.449999999999999
vertex 109.58986542373145 -18.596591538259617 6.449999999999999
vertex 109.5680075190971 -18.536537538983108 6.449999999999999
endloop
endfacet
facet normal 0 0 1
outer loop
vertex 109.60282113145293 -18.670066915259383 6.449999999999999
vertex 109.5680075190971 -18.536537538983108 6.449999999999999
vertex 107.88215685969973 -18.536537538983108 6.449999999999999
endloop
endfacet
facet normal 0 0 1
outer loop
vertex 109.60282113145293 -18.670066915259383 6.449999999999999
vertex 107.88215685969973 -18.536537538983108 6.449999999999999
vertex 107.91180155313583 -18.571866671412998 6.449999999999999
endloop
endfacet
facet normal 0 0 1
outer loop
vertex 109.60282113145293 -18.670066915259383 6.449999999999999
vertex 107.91180155313583 -18.571866671412998 6.449999999999999
vertex 107.98376098722595 -18.657624494549317 6.449999999999999
endloop
endfacet
facet normal 0 0 1
outer loop
vertex 109.60282113145293 -18.670066915259383 6.449999999999999
vertex 107.98376098722595 -18.657624494549317 6.449999999999999
vertex 107.99420142892782 -18.670066915259383 6.449999999999999
endloop
endfacet
facet normal 0 0 1
outer loop
vertex 109.5680075190971 -18.536537538983108 6.449999999999999
vertex 109.52722658974574 -18.424492950000012 6.449999999999999
vertex 107.74862750000003 -18.424492950000012 6.449999999999999
endloop
endfacet
facet normal 0 0 1
outer loop
vertex 109.5680075190971 -18.536537538983108 6.449999999999999
vertex 107.74862750000003 -18.424492950000012 6.449999999999999
vertex 107.87589804686144 -18.531285764290175 6.449999999999999
endloop
endfacet
facet normal 0 0 1
outer loop
vertex 109.5680075190971 -18.536537538983108 6.449999999999999
vertex 107.87589804686144 -18.531285764290175 6.449999999999999
vertex 107.88215685969973 -18.536537538983108 6.449999999999999
endloop
endfacet
facet normal 0 0 1
outer loop
vertex 109.52722658974574 -18.424492950000012 6.449999999999999
vertex 109.44082026995244 -18.187093685690847 6.449999999999999
vertex 109.22293091513721 -17.80969843110791 6.449999999999999
endloop
endfacet
facet normal 0 0 1
outer loop
vertex 109.52722658974574 -18.424492950000012 6.449999999999999
vertex 109.22293091513721 -17.80969843110791 6.449999999999999
vertex 108.94281781225573 -17.47587273000385 6.450000000000003
endloop
endfacet
facet normal 0 0 1
outer loop
vertex 109.52722658974574 -18.424492950000012 6.449999999999999
vertex 108.94281781225573 -17.47587273000385 6.450000000000003
vertex 108.60899410000027 -17.195759399999737 6.4499999999999975
endloop
endfacet
facet normal 0 0 1
outer loop
vertex 109.52722658974574 -18.424492950000012 6.449999999999999
vertex 108.60899410000027 -17.195759399999737 6.4499999999999975
vertex 106.50000000000018 -15.719025799999741 6.449999999999999
endloop
endfacet
facet normal 0 0 1
outer loop
vertex 109.52722658974574 -18.424492950000012 6.449999999999999
vertex 106.50000000000018 -15.719025799999741 6.449999999999999
vertex 105.0000000614961 -14.668714512174475 6.449999999999999
endloop
endfacet
facet normal 0 0 1
outer loop
vertex 109.52722658974574 -18.424492950000012 6.449999999999999
vertex 105.0000000614961 -14.668714512174475 6.449999999999999
vertex 105.0000018 -15.979305749999877 6.449999999999999
endloop
endfacet
facet normal 0 0 1
outer loop
vertex 109.52722658974574 -18.424492950000012 6.449999999999999
vertex 105.0000018 -15.979305749999877 6.449999999999999
vertex 105.01276938393788 -16.13861275531477 6.450000000000003
endloop
endfacet
facet normal 0 0 1
outer loop
vertex 109.52722658974574 -18.424492950000012 6.449999999999999
vertex 105.01276938393788 -16.13861275531477 6.450000000000003
vertex 105.05075470874561 -16.293851966929367 6.449999999999999
endloop
endfacet
facet normal 0 0 1
outer loop
vertex 109.52722658974574 -18.424492950000012 6.449999999999999
vertex 105.05075470874561 -16.293851966929367 6.449999999999999
vertex 105.11298670738279 -16.441058777668168 6.449999999999999
endloop
endfacet
facet normal 0 0 1
outer loop
vertex 109.52722658974574 -18.424492950000012 6.449999999999999
vertex 105.11298670738279 -16.441058777668168 6.449999999999999
vertex 105.1978742732473 -16.576470129567056 6.449999999999999
endloop
endfacet
facet normal 0 0 1
outer loop
vertex 109.52722658974574 -18.424492950000012 6.449999999999999
vertex 105.1978742732473 -16.576470129567056 6.449999999999999
vertex 105.30324952505889 -16.69662899952317 6.449999999999999
endloop
endfacet
facet normal 0 0 1
outer loop
vertex 109.52722658974574 -18.424492950000012 6.449999999999999
vertex 105.30324952505889 -16.69662899952317 6.449999999999999
vertex 105.42642359999986 -16.79846149999989 6.449999999999999
endloop
endfacet
facet normal 0 0 1
outer loop
vertex 109.52722658974574 -18.424492950000012 6.449999999999999
vertex 105.42642359999986 -16.79846149999989 6.449999999999999
vertex 107.74862750000003 -18.424492950000012 6.449999999999999
endloop
endfacet
facet normal -7.706060488950974e-16 2.8421837444267653e-9 1
outer loop
vertex 10.794740300000012 -12.50000125 6.450000000000003
vertex 10.794761066591013 -12.5 6.449999999999999
vertex 10.794740300000012 -12.50000125 6.450000000000003
endloop
endfacet
facet normal -7.706060488950974e-16 2.8421837444267653e-9 1
outer loop
vertex 10.794740300000012 -12.50000125 6.450000000000003
vertex 10.794740300000012 -12.50000125 6.450000000000003
vertex 6.914920710229339 -12.500001051947628 6.449999999999999
endloop
endfacet
facet normal -7.706060488950974e-16 2.8421837444267653e-9 1
outer loop
vertex 10.794740300000012 -12.50000125 6.450000000000003
vertex 6.914920710229339 -12.500001051947628 6.449999999999999
vertex 5.116679226251712 -12.5 6.449999999999999
endloop
endfacet
facet normal -7.706060488950974e-16 2.8421837444267653e-9 1
outer loop
vertex 10.794740300000012 -12.50000125 6.450000000000003
vertex 5.116679226251712 -12.5 6.449999999999999
vertex 6.914920710229339 -12.500001051947628 6.449999999999999
endloop
endfacet
facet normal 9.086760096067552e-10 -1.793825337283151e-8 -0.9999999999999999
outer loop
vertex 10.794740300000012 -12.50000125 6.450000000000003
vertex 10.794761066591013 -12.5 6.449999999999999
vertex 11.047366292376774 -12.487204088168335 6.449999999999999
endloop
endfacet
facet normal 9.086760096067552e-10 -1.793825337283151e-8 -0.9999999999999999
outer loop
vertex 10.794740300000012 -12.50000125 6.450000000000003
vertex 11.047366292376774 -12.487204088168335 6.449999999999999
vertex 11.297406011523481 -12.448944472065493 6.450000000000003
endloop
endfacet
facet normal 9.086760096067552e-10 -1.793825337283151e-8 -0.9999999999999999
outer loop
vertex 10.794740300000012 -12.50000125 6.450000000000003
vertex 11.297406011523481 -12.448944472065493 6.450000000000003
vertex 11.542299704444897 -12.385614080130718 6.450000000000003
endloop
endfacet
facet normal 9.086760096067552e-10 -1.793825337283151e-8 -0.9999999999999999
outer loop
vertex 10.794740300000012 -12.50000125 6.450000000000003
vertex 11.542299704444897 -12.385614080130718 6.450000000000003
vertex 11.779540599999997 -12.29786249999998 6.450000000000003
endloop
endfacet
facet normal 9.086760096067552e-10 -1.793825337283151e-8 -0.9999999999999999
outer loop
vertex 10.794740300000012 -12.50000125 6.450000000000003
vertex 11.779540599999997 -12.29786249999998 6.450000000000003
vertex 14.807886762603463 -11 6.449999999999999
endloop
endfacet
facet normal 9.086760096067552e-10 -1.793825337283151e-8 -0.9999999999999999
outer loop
vertex 10.794740300000012 -12.50000125 6.450000000000003
vertex 14.807886762603463 -11 6.449999999999999
vertex 10.79474085000003 -11.000002500000036 6.450000000000003
endloop
endfacet
facet normal 9.086760096067552e-10 -1.793825337283151e-8 -0.9999999999999999
outer loop
vertex 10.794740300000012 -12.50000125 6.450000000000003
vertex 10.79474085000003 -11.000002500000036 6.450000000000003
vertex -9.999999999999993 -11.00000000000002 6.449999999999999
endloop
endfacet
facet normal 9.086760096067552e-10 -1.793825337283151e-8 -0.9999999999999999
outer loop
vertex 10.794740300000012 -12.50000125 6.450000000000003
vertex -9.999999999999993 -11.00000000000002 6.449999999999999
vertex -12.281640423999846 -11 6.449999999999999
endloop
endfacet
facet normal 9.086760096067552e-10 -1.793825337283151e-8 -0.9999999999999999
outer loop
vertex 10.794740300000012 -12.50000125 6.450000000000003
vertex -12.281640423999846 -11 6.449999999999999
vertex -12.165063509461135 -11.250000000000025 6.450000000000003
endloop
endfacet
facet normal 9.086760096067552e-10 -1.793825337283151e-8 -0.9999999999999999
outer loop
vertex 10.794740300000012 -12.50000125 6.450000000000003
vertex -12.165063509461135 -11.250000000000025 6.450000000000003
vertex -11.915111107797436 -11.606969024216344 6.449999999999999
endloop
endfacet
facet normal 9.086760096067552e-10 -1.793825337283151e-8 -0.9999999999999999
outer loop
vertex 10.794740300000012 -12.50000125 6.450000000000003
vertex -11.915111107797436 -11.606969024216344 6.449999999999999
vertex -11.606969024216347 -11.915111107797443 6.450000000000003
endloop
endfacet
facet normal 9.086760096067552e-10 -1.793825337283151e-8 -0.9999999999999999
outer loop
vertex 10.794740300000012 -12.50000125 6.450000000000003
vertex -11.606969024216347 -11.915111107797443 6.450000000000003
vertex -11.250000000000082 -12.165063509461213 6.449999999999999
endloop
endfacet
facet normal 9.086760096067552e-10 -1.793825337283151e-8 -0.9999999999999999
outer loop
vertex 10.794740300000012 -12.50000125 6.450000000000003
vertex -11.250000000000082 -12.165063509461213 6.449999999999999
vertex -10.855050358314152 -12.349231551964714 6.450000000000003
endloop
endfacet
facet normal 9.086760096067552e-10 -1.793825337283151e-8 -0.9999999999999999
outer loop
vertex 10.794740300000012 -12.50000125 6.450000000000003
vertex -10.855050358314152 -12.349231551964714 6.450000000000003
vertex -10.434120444167302 -12.462019382530421 6.449999999999999
endloop
endfacet
facet normal 9.086760096067552e-10 -1.793825337283151e-8 -0.9999999999999999
outer loop
vertex 10.794740300000012 -12.50000125 6.450000000000003
vertex -10.434120444167302 -12.462019382530421 6.449999999999999
vertex -10 -12.499999999999991 6.449999999999999
endloop
endfacet
facet normal 0 0 1
outer loop
vertex 14.807886762603463 -11 6.449999999999999
vertex 14.819833030654005 -10.994880171392158 6.449999999999999
vertex 10.895791403384381 -10.994882671392162 6.450000000000003
endloop
endfacet
facet normal 0 0 1
outer loop
vertex 14.807886762603463 -11 6.449999999999999
vertex 10.895791403384381 -10.994882671392162 6.450000000000003
vertex 10.79474085000003 -11.000002500000036 6.450000000000003
endloop
endfacet
facet normal 0 0 1
outer loop
vertex -9.999999999999993 -11.00000000000002 6.449999999999999
vertex -10.17364817766692 -10.98480775301212 6.449999999999999
vertex -12.288724685114838 -10.984807753012205 6.449999999999999
endloop
endfacet
facet normal 0 0 1
outer loop
vertex -9.999999999999993 -11.00000000000002 6.449999999999999
vertex -12.288724685114838 -10.984807753012205 6.449999999999999
vertex -12.281640423999846 -11 6.449999999999999
endloop
endfacet
facet normal 0 0 1
outer loop
vertex 14.819833030654005 -10.994880171392158 6.449999999999999
vertex 14.855544331883403 -10.979575329672215 6.449999999999999
vertex 10.995807346134509 -10.979577829672245 6.450000000000003
endloop
endfacet
facet normal 0 0 1
outer loop
vertex 14.819833030654005 -10.994880171392158 6.449999999999999
vertex 10.995807346134509 -10.979577829672245 6.450000000000003
vertex 10.895791403384381 -10.994882671392162 6.450000000000003
endloop
endfacet
facet normal 0 0 1
outer loop
vertex 14.855544331883403 -10.979575329672215 6.449999999999999
vertex 14.914655074452744 -10.954242157039815 6.449999999999999
vertex 11.093764772339146 -10.9542446570398 6.450000000000003
endloop
endfacet
facet normal 0 0 1
outer loop
vertex 14.855544331883403 -10.979575329672215 6.449999999999999
vertex 11.093764772339146 -10.9542446570398 6.450000000000003
vertex 10.995807346134509 -10.979577829672245 6.450000000000003
endloop
endfacet
facet normal 0 0 1
outer loop
vertex -10.17364817766692 -10.98480775301212 6.449999999999999
vertex -10.34202014332578 -10.93969262078614 6.449999999999999
vertex -12.309762216770634 -10.939692620785912 6.449999999999999
endloop
endfacet
facet normal 0 0 1
outer loop
vertex -10.17364817766692 -10.98480775301212 6.449999999999999
vertex -12.309762216770634 -10.939692620785912 6.449999999999999
vertex -12.288724685114838 -10.984807753012205 6.449999999999999
endloop
endfacet
facet normal 0 0 1
outer loop
vertex 14.914655074452744 -10.954242157039815 6.449999999999999
vertex 14.996560116451196 -10.91913999999997 6.449999999999999
vertex 11.18866120000007 -10.91913999999997 6.449999999999999
endloop
endfacet
facet normal 0 0 1
outer loop
vertex 14.914655074452744 -10.954242157039815 6.449999999999999
vertex 11.18866120000007 -10.91913999999997 6.449999999999999
vertex 11.093764772339146 -10.9542446570398 6.450000000000003
endloop
endfacet
facet normal 0 0 1
outer loop
vertex -10.34202014332578 -10.93969262078614 6.449999999999999
vertex -10.500000000000018 -10.866025403784494 6.449999999999999
vertex -12.344113804213386 -10.866025403784445 6.449999999999999
endloop
endfacet
facet normal 0 0 1
outer loop
vertex -10.34202014332578 -10.93969262078614 6.449999999999999
vertex -12.344113804213386 -10.866025403784445 6.449999999999999
vertex -12.309762216770634 -10.939692620785912 6.449999999999999
endloop
endfacet
facet normal 0 0 1
outer loop
vertex -10.500000000000018 -10.866025403784494 6.449999999999999
vertex -10.642787609686579 -10.766044443119 6.450000000000003
vertex -12.37308061506292 -10.766044443118972 6.449999999999999
endloop
endfacet
facet normal 0 0 1
outer loop
vertex -10.500000000000018 -10.866025403784494 6.449999999999999
vertex -12.37308061506292 -10.766044443118972 6.449999999999999
vertex -12.349231551964799 -10.855050358314191 6.450000000000003
endloop
endfacet
facet normal 0 0 1
outer loop
vertex -10.500000000000018 -10.866025403784494 6.449999999999999
vertex -12.349231551964799 -10.855050358314191 6.450000000000003
vertex -12.344113804213386 -10.866025403784445 6.449999999999999
endloop
endfacet
facet normal 0 0 1
outer loop
vertex -10.642787609686579 -10.766044443119 6.450000000000003
vertex -10.766044443119057 -10.642787609686605 6.450000000000003
vertex -12.406107184042757 -10.64278760968654 6.449999999999999
endloop
endfacet
facet normal 0 0 1
outer loop
vertex -10.642787609686579 -10.766044443119 6.450000000000003
vertex -12.406107184042757 -10.64278760968654 6.449999999999999
vertex -12.37308061506292 -10.766044443118972 6.449999999999999
endloop
endfacet
facet normal 0 0 1
outer loop
vertex -10.766044443119057 -10.642787609686605 6.450000000000003
vertex -10.866025403784459 -10.500000000000007 6.450000000000003
vertex -12.444367008747443 -10.499999999999979 6.449999999999999
endloop
endfacet
facet normal 0 0 1
outer loop
vertex -10.766044443119057 -10.642787609686605 6.450000000000003
vertex -12.444367008747443 -10.499999999999979 6.449999999999999
vertex -12.406107184042757 -10.64278760968654 6.449999999999999
endloop
endfacet
facet normal 0 0 1
outer loop
vertex -10.866025403784459 -10.500000000000007 6.450000000000003
vertex -10.939692620785937 -10.342020143325684 6.450000000000003
vertex -12.470077114761493 -10.342020143325673 6.449999999999999
endloop
endfacet
facet normal 0 0 1
outer loop
vertex -10.866025403784459 -10.500000000000007 6.450000000000003
vertex -12.470077114761493 -10.342020143325673 6.449999999999999
vertex -12.462019382530611 -10.434120444167341 6.450000000000003
endloop
endfacet
facet normal 0 0 1
outer loop
vertex -10.866025403784459 -10.500000000000007 6.450000000000003
vertex -12.462019382530611 -10.434120444167341 6.450000000000003
vertex -12.444367008747443 -10.499999999999979 6.449999999999999
endloop
endfacet
facet normal 0 0 1
outer loop
vertex -10.939692620785937 -10.342020143325684 6.450000000000003
vertex -10.98480775301225 -10.173648177666932 6.450000000000003
vertex -12.484807753012209 -10.17364817766693 6.449999999999999
endloop
endfacet
facet normal 0 0 1
outer loop
vertex -10.939692620785937 -10.342020143325684 6.450000000000003
vertex -12.484807753012209 -10.17364817766693 6.449999999999999
vertex -12.470077114761493 -10.342020143325673 6.449999999999999
endloop
endfacet
facet normal 0 0 1
outer loop
vertex -10.98480775301225 -10.173648177666932 6.450000000000003
vertex -11.000000000000043 -9.999999999999998 6.450000000000003
vertex -12.500000000000089 -10.000000000000018 6.450000000000003
endloop
endfacet
facet normal 0 0 1
outer loop
vertex -10.98480775301225 -10.173648177666932 6.450000000000003
vertex -12.500000000000089 -10.000000000000018 6.450000000000003
vertex -12.484807753012209 -10.17364817766693 6.449999999999999
endloop
endfacet
facet normal 0 0 1
outer loop
vertex 14.996560116451196 -10.91913999999997 6.449999999999999
vertex 25.3078864 -6.500000000000032 6.449999999999999
vertex 21.49999702545114 -6.5 6.449999999999999
endloop
endfacet
facet normal 0 0 1
outer loop
vertex 14.996560116451196 -10.91913999999997 6.449999999999999
vertex 21.49999702545114 -6.5 6.449999999999999
vertex 11.18866120000007 -10.91913999999997 6.449999999999999
endloop
endfacet
facet normal 0 0 1
outer loop
vertex 61 -25 6.449999999999999
vertex 61 -6.5 6.449999999999999
vertex 59.5 -6.5 6.449999999999999
endloop
endfacet
facet normal 0 0 1
outer loop
vertex 61 -25 6.449999999999999
vertex 59.5 -6.5 6.449999999999999
vertex 59.5 -25 6.449999999999999
endloop
endfacet
facet normal 0 0 -1
outer loop
vertex 25.3078864 -6.500000000000032 6.449999999999999
vertex 59.5 -6.5 6.449999999999999
vertex 61 -6.5 6.449999999999999
endloop
endfacet
facet normal 0 0 -1
outer loop
vertex 25.3078864 -6.500000000000032 6.449999999999999
vertex 61 -6.5 6.449999999999999
vertex 61.00000000000003 -6.000000000000006 6.449999999999999
endloop
endfacet
facet normal 0 0 -1
outer loop
vertex 25.3078864 -6.500000000000032 6.449999999999999
vertex 61.00000000000003 -6.000000000000006 6.449999999999999
vertex 60.98480775301202 -5.826351822333116 6.449999999999999
endloop
endfacet
facet normal 0 0 -1
outer loop
vertex 25.3078864 -6.500000000000032 6.449999999999999
vertex 60.98480775301202 -5.826351822333116 6.449999999999999
vertex 60.93969262078591 -5.657979856674334 6.450000000000003
endloop
endfacet
facet normal 0 0 -1
outer loop
vertex 25.3078864 -6.500000000000032 6.449999999999999
vertex 60.93969262078591 -5.657979856674334 6.450000000000003
vertex 60.86602540378449 -5.499999999999947 6.449999999999999
endloop
endfacet
facet normal 0 0 -1
outer loop
vertex 25.3078864 -6.500000000000032 6.449999999999999
vertex 60.86602540378449 -5.499999999999947 6.449999999999999
vertex 60.766044443119 -5.357212390313524 6.449999999999999
endloop
endfacet
facet normal 0 0 -1
outer loop
vertex 25.3078864 -6.500000000000032 6.449999999999999
vertex 60.766044443119 -5.357212390313524 6.449999999999999
vertex 60.642787609686536 -5.233955556881028 6.449999999999999
endloop
endfacet
facet normal 0 0 -1
outer loop
vertex 25.3078864 -6.500000000000032 6.449999999999999
vertex 60.642787609686536 -5.233955556881028 6.449999999999999
vertex 60.50000000000006 -5.13397459621541 6.449999999999999
endloop
endfacet
facet normal 0 0 -1
outer loop
vertex 25.3078864 -6.500000000000032 6.449999999999999
vertex 60.50000000000006 -5.13397459621541 6.449999999999999
vertex 60.34202014332567 -5.060307379214079 6.449999999999999
endloop
endfacet
facet normal 0 0 -1
outer loop
vertex 25.3078864 -6.500000000000032 6.449999999999999
vertex 60.34202014332567 -5.060307379214079 6.449999999999999
vertex 60.173648177666934 -5.015192246987824 6.449999999999999
endloop
endfacet
facet normal 0 0 -1
outer loop
vertex 25.3078864 -6.500000000000032 6.449999999999999
vertex 60.173648177666934 -5.015192246987824 6.449999999999999
vertex 60 -5 6.449999999999999
endloop
endfacet
facet normal 0 0 -1
outer loop
vertex 25.3078864 -6.500000000000032 6.449999999999999
vertex 60 -5 6.449999999999999
vertex 25.20525915 -5 6.449999999999999
endloop
endfacet
facet normal 0 0 -1
outer loop
vertex 25.3078864 -6.500000000000032 6.449999999999999
vertex 25.20525915 -5 6.449999999999999
vertex 25.10420859661562 -5.005117328607842 6.449999999999999
endloop
endfacet
facet normal 0 0 -1
outer loop
vertex 25.3078864 -6.500000000000032 6.449999999999999
vertex 25.10420859661562 -5.005117328607842 6.449999999999999
vertex 25.004192653865523 -5.02042217032778 6.449999999999999
endloop
endfacet
facet normal 0 0 -1
outer loop
vertex 25.3078864 -6.500000000000032 6.449999999999999
vertex 25.004192653865523 -5.02042217032778 6.449999999999999
vertex 24.906235227660883 -5.045755342960199 6.449999999999999
endloop
endfacet
facet normal 0 0 -1
outer loop
vertex 25.3078864 -6.500000000000032 6.449999999999999
vertex 24.906235227660883 -5.045755342960199 6.449999999999999
vertex 24.811338299999953 -5.080855000000021 6.449999999999999
endloop
endfacet
facet normal 0 0 -1
outer loop
vertex 25.3078864 -6.500000000000032 6.449999999999999
vertex 24.811338299999953 -5.080855000000021 6.449999999999999
vertex 21.49999702545114 -6.5 6.449999999999999
endloop
endfacet
facet normal 0 0 1
outer loop
vertex -11.000000000000043 -9.999999999999998 6.450000000000003
vertex -11 44.27924205000001 6.449999999999999
vertex -12.50000000000055 44.27924080000006 6.450000000000003
endloop
endfacet
facet normal 0 0 1
outer loop
vertex -11.000000000000043 -9.999999999999998 6.450000000000003
vertex -12.50000000000055 44.27924080000006 6.450000000000003
vertex -12.500000000000089 -10.000000000000018 6.450000000000003
endloop
endfacet
facet normal 0 0 1
outer loop
vertex -11 44.27924205000001 6.449999999999999
vertex -10.98783994654657 44.4347395880602 6.449999999999999
vertex -12.487834134757621 44.43473942861639 6.449999999999999
endloop
endfacet
facet normal 0 0 1
outer loop
vertex -11 44.27924205000001 6.449999999999999
vertex -12.487834134757621 44.43473942861639 6.449999999999999
vertex -12.50000000000055 44.27924080000006 6.450000000000003
endloop
endfacet
facet normal 0 0 1
outer loop
vertex -10.98783994654657 44.4347395880602 6.449999999999999
vertex -10.95164353763405 44.5864539632902 6.449999999999999
vertex -12.47596434016313 44.58645381510917 6.449999999999999
endloop
endfacet
facet normal 0 0 1
outer loop
vertex -10.98783994654657 44.4347395880602 6.449999999999999
vertex -12.47596434016313 44.58645381510917 6.449999999999999
vertex -12.487834134757621 44.43473942861639 6.449999999999999
endloop
endfacet
facet normal 0 0 1
outer loop
vertex -10.95164353763405 44.5864539632902 6.449999999999999
vertex -10.892296225563648 44.73069443376784 6.450000000000003
vertex -12.454624862617356 44.730694390973525 6.449999999999999
endloop
endfacet
facet normal 0 0 1
outer loop
vertex -10.95164353763405 44.5864539632902 6.449999999999999
vertex -12.454624862617356 44.730694390973525 6.449999999999999
vertex -12.469585420869539 44.667986298205015 6.450000000000003
endloop
endfacet
facet normal 0 0 1
outer loop
vertex -10.95164353763405 44.5864539632902 6.449999999999999
vertex -12.469585420869539 44.667986298205015 6.450000000000003
vertex -12.47596434016313 44.58645381510917 6.449999999999999
endloop
endfacet
facet normal 0 0 1
outer loop
vertex -10.892296225563648 44.73069443376784 6.450000000000003
vertex -10.811241797871467 44.86395200965714 6.449999999999999
vertex -12.422832944367059 44.86395215618091 6.449999999999999
endloop
endfacet
facet normal 0 0 1
outer loop
vertex -10.892296225563648 44.73069443376784 6.450000000000003
vertex -12.422832944367059 44.86395215618091 6.449999999999999
vertex -12.454624862617356 44.730694390973525 6.449999999999999
endloop
endfacet
facet normal 0 0 1
outer loop
vertex -10.811241797871467 44.86395200965714 6.449999999999999
vertex -10.710452116698157 44.98298489260877 6.449999999999999
vertex -12.394434660912475 44.98298529407116 6.449999999999999
endloop
endfacet
facet normal 0 0 1
outer loop
vertex -10.811241797871467 44.86395200965714 6.449999999999999
vertex -12.394434660912475 44.98298529407116 6.449999999999999
vertex -12.422832944367059 44.86395215618091 6.449999999999999
endloop
endfacet
facet normal 0 0 1
outer loop
vertex -10.710452116698157 44.98298489260877 6.449999999999999
vertex -10.59237914677862 45.08489733899961 6.449999999999999
vertex -12.363616427395298 45.08489803636448 6.449999999999999
endloop
endfacet
facet normal 0 0 1
outer loop
vertex -10.710452116698157 44.98298489260877 6.449999999999999
vertex -12.363616427395298 45.08489803636448 6.449999999999999
vertex -12.379097926522732 45.04727015207567 6.449999999999999
endloop
endfacet
facet normal 0 0 1
outer loop
vertex -10.710452116698157 44.98298489260877 6.449999999999999
vertex -12.379097926522732 45.04727015207567 6.449999999999999
vertex -12.394434660912475 44.98298529407116 6.449999999999999
endloop
endfacet
facet normal 0 0 1
outer loop
vertex -10.59237914677862 45.08489733899961 6.449999999999999
vertex -10.459895295931894 45.1672104123467 6.449999999999999
vertex -12.32974979372061 45.167211109711495 6.449999999999999
endloop
endfacet
facet normal 0 0 1
outer loop
vertex -10.59237914677862 45.08489733899961 6.449999999999999
vertex -12.32974979372061 45.167211109711495 6.449999999999999
vertex -12.363616427395298 45.08489803636448 6.449999999999999
endloop
endfacet
facet normal 0 0 1
outer loop
vertex -10.459895295931894 45.1672104123467 6.449999999999999
vertex -10.31622500000007 45.227920400000045 6.450000000000003
vertex -12.304770230720594 45.22792410000004 6.449999999999999
endloop
endfacet
facet normal 0 0 1
outer loop
vertex -10.459895295931894 45.1672104123467 6.449999999999999
vertex -12.304770230720594 45.22792410000004 6.449999999999999
vertex -12.32974979372061 45.167211109711495 6.449999999999999
endloop
endfacet
facet normal 0 0 1
outer loop
vertex 84.5 39 6.449999999999999
vertex 84.5 50 6.449999999999999
vertex 83 50 6.449999999999999
endloop
endfacet
facet normal 0 0 1
outer loop
vertex 84.5 39 6.449999999999999
vertex 83 50 6.449999999999999
vertex 83.00000000000024 39.999999999999915 6.450000000000003
endloop
endfacet
facet normal 0 0 1
outer loop
vertex 84.5 39 6.449999999999999
vertex 83.00000000000024 39.999999999999915 6.450000000000003
vertex 83.01519224698787 39.82635182233314 6.449999999999999
endloop
endfacet
facet normal 0 0 1
outer loop
vertex 84.5 39 6.449999999999999
vertex 83.01519224698787 39.82635182233314 6.449999999999999
vertex 83.06030737921417 39.657979856674324 6.450000000000003
endloop
endfacet
facet normal 0 0 1
outer loop
vertex 84.5 39 6.449999999999999
vertex 83.06030737921417 39.657979856674324 6.450000000000003
vertex 83.13397459621557 39.49999999999999 6.449999999999999
endloop
endfacet
facet normal 0 0 1
outer loop
vertex 84.5 39 6.449999999999999
vertex 83.13397459621557 39.49999999999999 6.449999999999999
vertex 83.23395555688097 39.35721239031351 6.449999999999999
endloop
endfacet
facet normal 0 0 1
outer loop
vertex 84.5 39 6.449999999999999
vertex 83.23395555688097 39.35721239031351 6.449999999999999
vertex 83.35721239031346 39.2339555568811 6.449999999999999
endloop
endfacet
facet normal 0 0 1
outer loop
vertex 84.5 39 6.449999999999999
vertex 83.35721239031346 39.2339555568811 6.449999999999999
vertex 83.49999999999989 39.133974596215296 6.449999999999999
endloop
endfacet
facet normal 0 0 1
outer loop
vertex 84.5 39 6.449999999999999
vertex 83.49999999999989 39.133974596215296 6.449999999999999
vertex 83.65797985667439 39.06030737921412 6.450000000000003
endloop
endfacet
facet normal 0 0 1
outer loop
vertex 84.5 39 6.449999999999999
vertex 83.65797985667439 39.06030737921412 6.450000000000003
vertex 83.82635182233308 39.01519224698804 6.450000000000003
endloop
endfacet
facet normal 0 0 1
outer loop
vertex 84.5 39 6.449999999999999
vertex 83.82635182233308 39.01519224698804 6.450000000000003
vertex 84 39 6.449999999999999
endloop
endfacet
facet normal 0 0 1
outer loop
vertex 84.5 50 6.449999999999999
vertex 84.4848077530122 50.17364817766698 6.449999999999999
vertex 82.98480775301181 50.17364817766695 6.450000000000003
endloop
endfacet
facet normal 0 0 1
outer loop
vertex 84.5 50 6.449999999999999
vertex 82.98480775301181 50.17364817766695 6.450000000000003
vertex 83 50 6.449999999999999
endloop
endfacet
facet normal 0 0 1
outer loop
vertex 84.4848077530122 50.17364817766698 6.449999999999999
vertex 84.4700771147615 50.3420201433258 6.449999999999999
vertex 82.93969262078593 50.34202014332577 6.450000000000003
endloop
endfacet
facet normal 0 0 1
outer loop
vertex 84.4848077530122 50.17364817766698 6.449999999999999
vertex 82.93969262078593 50.34202014332577 6.450000000000003
vertex 82.98480775301181 50.17364817766695 6.450000000000003
endloop
endfacet
facet normal 0 0 1
outer loop
vertex 84.4700771147615 50.3420201433258 6.449999999999999
vertex 84.46201938253013 50.434120444167334 6.450000000000003
vertex 84.44436700874743 50.49999999999997 6.449999999999999
endloop
endfacet
facet normal 0 0 1
outer loop
vertex 84.4700771147615 50.3420201433258 6.449999999999999
vertex 84.44436700874743 50.49999999999997 6.449999999999999
vertex 82.86602540378422 50.49999999999983 6.450000000000003
endloop
endfacet
facet normal 0 0 1
outer loop
vertex 84.4700771147615 50.3420201433258 6.449999999999999
vertex 82.86602540378422 50.49999999999983 6.450000000000003
vertex 82.93969262078593 50.34202014332577 6.450000000000003
endloop
endfacet
facet normal 0 0 1
outer loop
vertex 84.44436700874743 50.49999999999997 6.449999999999999
vertex 84.40610718404275 50.642787609686565 6.449999999999999
vertex 82.76604444311894 50.64278760968648 6.449999999999999
endloop
endfacet
facet normal 0 0 1
outer loop
vertex 84.44436700874743 50.49999999999997 6.449999999999999
vertex 82.76604444311894 50.64278760968648 6.449999999999999
vertex 82.86602540378422 50.49999999999983 6.450000000000003
endloop
endfacet
facet normal 0 0 1
outer loop
vertex 84.40610718404275 50.642787609686565 6.449999999999999
vertex 84.37308061506292 50.76604444311898 6.449999999999999
vertex 82.64278764528757 50.76604440751796 6.449999999999999
endloop
endfacet
facet normal 0 0 1
outer loop
vertex 84.40610718404275 50.642787609686565 6.449999999999999
vertex 82.64278764528757 50.76604440751796 6.449999999999999
vertex 82.76604444311894 50.64278760968648 6.449999999999999
endloop
endfacet
facet normal 0 0 1
outer loop
vertex 84.37308061506292 50.76604444311898 6.449999999999999
vertex 84.34923155196503 50.855050358314244 6.449999999999999
vertex 84.34411380421336 50.86602540378448 6.449999999999999
endloop
endfacet
facet normal 0 0 1
outer loop
vertex 84.37308061506292 50.76604444311898 6.449999999999999
vertex 84.34411380421336 50.86602540378448 6.449999999999999
vertex 82.50000006330103 50.86602535946066 6.449999999999999
endloop
endfacet
facet normal 0 0 1
outer loop
vertex 84.37308061506292 50.76604444311898 6.449999999999999
vertex 82.50000006330103 50.86602535946066 6.449999999999999
vertex 82.64278764528757 50.76604440751796 6.449999999999999
endloop
endfacet
facet normal 0 0 1
outer loop
vertex 84.34411380421336 50.86602540378448 6.449999999999999
vertex 84.30976221677064 50.939692620785884 6.449999999999999
vertex 82.3420202291494 50.93969258076615 6.449999999999999
endloop
endfacet
facet normal 0 0 1
outer loop
vertex 84.34411380421336 50.86602540378448 6.449999999999999
vertex 82.3420202291494 50.93969258076615 6.449999999999999
vertex 82.50000006330103 50.86602535946066 6.449999999999999
endloop
endfacet
facet normal 0 0 1
outer loop
vertex -10.31622500000007 45.227920400000045 6.450000000000003
vertex 6.846052464998758 50.94868415500037 6.450000000000003
vertex 2.1026247432391925 50.94868 6.449999999999999
endloop
endfacet
facet normal 0 0 1
outer loop
vertex -10.31622500000007 45.227920400000045 6.450000000000003
vertex 2.1026247432391925 50.94868 6.449999999999999
vertex -10.790575000000025 46.650945400000055 6.449999999999999
endloop
endfacet
facet normal 0 0 1
outer loop
vertex -10.31622500000007 45.227920400000045 6.450000000000003
vertex -10.790575000000025 46.650945400000055 6.449999999999999
vertex -11.149750253091153 46.499164749036126 6.450000000000003
endloop
endfacet
facet normal 0 0 1
outer loop
vertex -10.31622500000007 45.227920400000045 6.450000000000003
vertex -11.149750253091153 46.499164749036126 6.450000000000003
vertex -11.480955322126217 46.293379835387 6.449999999999999
endloop
endfacet
facet normal 0 0 1
outer loop
vertex -10.31622500000007 45.227920400000045 6.450000000000003
vertex -11.480955322126217 46.293379835387 6.449999999999999
vertex -11.776132956036811 46.03859680439976 6.449999999999999
endloop
endfacet
facet normal 0 0 1
outer loop
vertex -10.31622500000007 45.227920400000045 6.450000000000003
vertex -11.776132956036811 46.03859680439976 6.449999999999999
vertex -12.028102345927234 45.7410137823734 6.449999999999999
endloop
endfacet
facet normal 0 0 1
outer loop
vertex -10.31622500000007 45.227920400000045 6.450000000000003
vertex -12.028102345927234 45.7410137823734 6.449999999999999
vertex -12.230733813160409 45.40787009426411 6.450000000000003
endloop
endfacet
facet normal 0 0 1
outer loop
vertex -10.31622500000007 45.227920400000045 6.450000000000003
vertex -12.230733813160409 45.40787009426411 6.450000000000003
vertex -12.304770230720594 45.22792410000004 6.449999999999999
endloop
endfacet
facet normal 0 0 1
outer loop
vertex 6.846052464998758 50.94868415500037 6.450000000000003
vertex 6.949419686544494 50.97708013409685 6.449999999999999
vertex 2.1878251187219986 50.97708013409685 6.449999999999999
endloop
endfacet
facet normal 0 0 1
outer loop
vertex 6.846052464998758 50.94868415500037 6.450000000000003
vertex 2.1878251187219986 50.97708013409685 6.449999999999999
vertex 2.1026247432391925 50.94868 6.449999999999999
endloop
endfacet
facet normal 0 0 1
outer loop
vertex 84.30976221677064 50.939692620785884 6.449999999999999
vertex 84.28872468511481 50.98480775301221 6.449999999999999
vertex 82.17364817766699 50.98480775301224 6.450000000000003
endloop
endfacet
facet normal 0 0 1
outer loop
vertex 84.30976221677064 50.939692620785884 6.449999999999999
vertex 82.17364817766699 50.98480775301224 6.450000000000003
vertex 82.3420202291494 50.93969258076615 6.449999999999999
endloop
endfacet
facet normal 0 0 1
outer loop
vertex 6.949419686544494 50.97708013409685 6.449999999999999
vertex 7.055231635624993 50.99425257731463 6.449999999999999
vertex 2.239342432165757 50.99425257731463 6.449999999999999
endloop
endfacet
facet normal 0 0 1
outer loop
vertex 6.949419686544494 50.97708013409685 6.449999999999999
vertex 2.239342432165757 50.99425257731463 6.449999999999999
vertex 2.1878251187219986 50.97708013409685 6.449999999999999
endloop
endfacet
facet normal 0 0 1
outer loop
vertex 7.055231635624993 50.99425257731463 6.449999999999999
vertex 7.162284950000012 51.00000165 6.449999999999999
vertex 2.256584694796694 51 6.449999999999999
endloop
endfacet
facet normal 0 0 1
outer loop
vertex 7.055231635624993 50.99425257731463 6.449999999999999
vertex 2.256584694796694 51 6.449999999999999
vertex 2.239342432165757 50.99425257731463 6.449999999999999
endloop
endfacet
facet normal 0 0 1
outer loop
vertex 84.28872468511481 50.98480775301221 6.449999999999999
vertex 84.28164042399983 51 6.449999999999999
vertex 82.00000000347468 50.99999999969626 6.450000000000003
endloop
endfacet
facet normal 0 0 1
outer loop
vertex 84.28872468511481 50.98480775301221 6.449999999999999
vertex 82.00000000347468 50.99999999969626 6.450000000000003
vertex 82.17364817766699 50.98480775301224 6.450000000000003
endloop
endfacet
facet normal 1.5474589838605816e-15 7.232669051390983e-8 0.9999999999999974
outer loop
vertex 7.162284950000012 51.00000165 6.449999999999999
vertex 82.00000000347468 50.99999999969626 6.450000000000003
vertex 84.28164042399983 51 6.449999999999999
endloop
endfacet
facet normal 1.5474589838605816e-15 7.232669051390983e-8 0.9999999999999974
outer loop
vertex 7.162284950000012 51.00000165 6.449999999999999
vertex 84.28164042399983 51 6.449999999999999
vertex 84.16506350946112 51.249999999999986 6.450000000000003
endloop
endfacet
facet normal 1.5474589838605816e-15 7.232669051390983e-8 0.9999999999999974
outer loop
vertex 7.162284950000012 51.00000165 6.449999999999999
vertex 84.16506350946112 51.249999999999986 6.450000000000003
vertex 83.91511110779763 51.606969024216454 6.450000000000003
endloop
endfacet
facet normal 1.5474589838605816e-15 7.232669051390983e-8 0.9999999999999974
outer loop
vertex 7.162284950000012 51.00000165 6.449999999999999
vertex 83.91511110779763 51.606969024216454 6.450000000000003
vertex 83.60696902421637 51.91511110779746 6.450000000000003
endloop
endfacet
facet normal 1.5474589838605816e-15 7.232669051390983e-8 0.9999999999999974
outer loop
vertex 7.162284950000012 51.00000165 6.449999999999999
vertex 83.60696902421637 51.91511110779746 6.450000000000003
vertex 83.24999999999959 52.16506350946048 6.449999999999999
endloop
endfacet
facet normal 1.5474589838605816e-15 7.232669051390983e-8 0.9999999999999974
outer loop
vertex 7.162284950000012 51.00000165 6.449999999999999
vertex 83.24999999999959 52.16506350946048 6.449999999999999
vertex 82.85505035831423 52.3492315519649 6.449999999999999
endloop
endfacet
facet normal 1.5474589838605816e-15 7.232669051390983e-8 0.9999999999999974
outer loop
vertex 7.162284950000012 51.00000165 6.449999999999999
vertex 82.85505035831423 52.3492315519649 6.449999999999999
vertex 82.43412044416743 52.46201938253091 6.449999999999999
endloop
endfacet
facet normal 1.5474589838605816e-15 7.232669051390983e-8 0.9999999999999974
outer loop
vertex 7.162284950000012 51.00000165 6.449999999999999
vertex 82.43412044416743 52.46201938253091 6.449999999999999
vertex 82.00000000000007 52.500000000000284 6.450000000000003
endloop
endfacet
facet normal 1.5474589838605816e-15 7.232669051390983e-8 0.9999999999999974
outer loop
vertex 7.162284950000012 51.00000165 6.449999999999999
vertex 82.00000000000007 52.500000000000284 6.450000000000003
vertex 35.09990397555683 52.50000390945761 6.449999999999999
endloop
endfacet
facet normal 1.5474589838605816e-15 7.232669051390983e-8 0.9999999999999974
outer loop
vertex 7.162284950000012 51.00000165 6.449999999999999
vertex 35.09990397555683 52.50000390945761 6.449999999999999
vertex 7.1622841500000005 52.500004150000024 6.450000000000003
endloop
endfacet
facet normal 1.5474589838605816e-15 7.232669051390983e-8 0.9999999999999974
outer loop
vertex 7.162284950000012 51.00000165 6.449999999999999
vertex 7.1622841500000005 52.500004150000024 6.450000000000003
vertex 6.894668545689706 52.485637734168705 6.449999999999999
endloop
endfacet
facet normal 1.5474589838605816e-15 7.232669051390983e-8 0.9999999999999974
outer loop
vertex 7.162284950000012 51.00000165 6.449999999999999
vertex 6.894668545689706 52.485637734168705 6.449999999999999
vertex 6.630128521345544 52.44270661382246 6.449999999999999
endloop
endfacet
facet normal 1.5474589838605816e-15 7.232669051390983e-8 0.9999999999999974
outer loop
vertex 7.162284950000012 51.00000165 6.449999999999999
vertex 6.630128521345544 52.44270661382246 6.449999999999999
vertex 6.371708300000028 52.371708299999895 6.449999999999999
endloop
endfacet
facet normal 1.5474589838605816e-15 7.232669051390983e-8 0.9999999999999974
outer loop
vertex 7.162284950000012 51.00000165 6.449999999999999
vertex 6.371708300000028 52.371708299999895 6.449999999999999
vertex 2.256584694796694 51 6.449999999999999
endloop
endfacet
facet normal -0.6427881231111043 -0.7660440123043217 0
outer loop
vertex 107.88215685969973 -18.536537538983108 6.449999999999999
vertex 107.87589804686144 -18.531285764290175 6.449999999999999
vertex 107.87589804686019 -18.531285764289123 5.45
endloop
endfacet
facet normal -0.6427881231111043 -0.7660440123043217 0
outer loop
vertex 107.88215685969973 -18.536537538983108 6.449999999999999
vertex 107.87589804686019 -18.531285764289123 5.45
vertex 107.88215685970167 -18.53653753898439 5.45
endloop
endfacet
facet normal -0.6427881231098903 -0.7660440123053405 -1.7323327046604405e-15
outer loop
vertex 107.87589804686019 -18.531285764289123 5.45
vertex 107.87589804686144 -18.531285764290175 6.449999999999999
vertex 107.74862750000003 -18.424492950000012 6.449999999999999
endloop
endfacet
facet normal -0.6427881231098903 -0.7660440123053405 -1.7323327046604405e-15
outer loop
vertex 107.87589804686019 -18.531285764289123 5.45
vertex 107.74862750000003 -18.424492950000012 6.449999999999999
vertex 107.74862939999996 -18.424487499999977 5.45
endloop
endfacet
facet normal -0.6427881231098903 -0.7660440123053405 -1.7323327046604405e-15
outer loop
vertex 107.87589804686019 -18.531285764289123 5.45
vertex 107.74862939999996 -18.424487499999977 5.45
vertex 107.7486293999999 -18.424487499999938 5.35
endloop
endfacet
facet normal -0.6427881231098903 -0.7660440123053405 -1.7323327046604405e-15
outer loop
vertex 107.87589804686019 -18.531285764289123 5.45
vertex 107.7486293999999 -18.424487499999938 5.35
vertex 107.87589804686021 -18.53128576428916 5.350000000000001
endloop
endfacet
facet normal -0.9999999999990569 -0.000001373426044892767 0
outer loop
vertex 105.0000018 -15.979305749999877 6.449999999999999
vertex 105.0000000614961 -14.668714512174475 6.449999999999999
vertex 105.0000000614961 -14.668714512174475 5.45
endloop
endfacet
facet normal -0.9999999999990569 -0.000001373426044892767 0
outer loop
vertex 105.0000018 -15.979305749999877 6.449999999999999
vertex 105.0000000614961 -14.668714512174475 5.45
vertex 105 -15.979309500000063 5.45
endloop
endfacet
facet normal -0.9968029596587255 -0.07989905891564325 0
outer loop
vertex 105.01276938393788 -16.13861275531477 6.450000000000003
vertex 105.0000018 -15.979305749999877 6.449999999999999
vertex 105 -15.979309500000063 5.45
endloop
endfacet
facet normal -0.9968029596587255 -0.07989905891564325 0
outer loop
vertex 105.01276938393788 -16.13861275531477 6.450000000000003
vertex 105 -15.979309500000063 5.45
vertex 105.01276938393795 -16.138612755314753 5.45
endloop
endfacet
facet normal -0.6371822474971198 -0.7707131654996683 0
outer loop
vertex 105.42642359999986 -16.79846149999989 6.449999999999999
vertex 105.30324952505889 -16.69662899952317 6.449999999999999
vertex 105.30324824682111 -16.696627541955426 5.45
endloop
endfacet
facet normal -0.6371822474971198 -0.7707131654996683 0
outer loop
vertex 105.42642359999986 -16.79846149999989 6.449999999999999
vertex 105.30324824682111 -16.696627541955426 5.45
vertex 105.42641999999996 -16.798464749999983 5.45
endloop
endfacet
facet normal -0.5735780397254399 -0.8191509215918161 0
outer loop
vertex 107.74862750000003 -18.424492950000012 6.449999999999999
vertex 105.42642359999986 -16.79846149999989 6.449999999999999
vertex 105.42641999999996 -16.798464749999983 5.45
endloop
endfacet
facet normal -0.5735780397254399 -0.8191509215918161 0
outer loop
vertex 107.74862750000003 -18.424492950000012 6.449999999999999
vertex 105.42641999999996 -16.798464749999983 5.45
vertex 107.74862939999996 -18.424487499999977 5.45
endloop
endfacet
facet normal -0.766044107401929 -0.6427880097783264 0
outer loop
vertex 107.99420142892782 -18.670066915259383 6.449999999999999
vertex 107.98376098722595 -18.657624494549317 6.449999999999999
vertex 107.98376098721883 -18.657624494540812 5.45
endloop
endfacet
facet normal -0.766044107401929 -0.6427880097783264 0
outer loop
vertex 107.99420142892782 -18.670066915259383 6.449999999999999
vertex 107.98376098721883 -18.657624494540812 5.45
vertex 107.99420142892446 -18.67006691525433 5.45
endloop
endfacet
facet normal -0.7660441074019508 -0.6427880097783003 -1.3081461871925721e-14
outer loop
vertex 107.98376098721883 -18.657624494540812 5.45
vertex 107.98376098722595 -18.657624494549317 6.449999999999999
vertex 107.91180155313583 -18.571866671412998 6.449999999999999
endloop
endfacet
facet normal -0.7660441074019508 -0.6427880097783003 -1.3081461871925721e-14
outer loop
vertex 107.98376098721883 -18.657624494540812 5.45
vertex 107.91180155313583 -18.571866671412998 6.449999999999999
vertex 107.91180155315114 -18.571866671431227 5.45
endloop
endfacet
facet normal -0.7660441074019508 -0.6427880097783003 -1.3081461871925721e-14
outer loop
vertex 107.98376098721883 -18.657624494540812 5.45
vertex 107.91180155315114 -18.571866671431227 5.45
vertex 107.91180155315124 -18.571866671431344 5.350000000000001
endloop
endfacet
facet normal -0.7660441074019508 -0.6427880097783003 -1.3081461871925721e-14
outer loop
vertex 107.98376098721883 -18.657624494540812 5.45
vertex 107.91180155315124 -18.571866671431344 5.350000000000001
vertex 107.98376098721951 -18.657624494540407 5.35
endloop
endfacet
facet normal -0.766044107401929 -0.6427880097783264 0
outer loop
vertex 107.91180155313583 -18.571866671412998 6.449999999999999
vertex 107.88215685969973 -18.536537538983108 6.449999999999999
vertex 107.88215685970167 -18.53653753898439 5.45
endloop
endfacet
facet normal -0.766044107401929 -0.6427880097783264 0
outer loop
vertex 107.91180155313583 -18.571866671412998 6.449999999999999
vertex 107.88215685970167 -18.53653753898439 5.45
vertex 107.91180155315114 -18.571866671431227 5.45
endloop
endfacet
facet normal -0.8660245463862264 -0.5000014850543256 0
outer loop
vertex 108.08135683654912 -18.821023911601383 6.449999999999999
vertex 108.0693055170708 -18.8001504966293 6.450000000000003
vertex 108.06930551707778 -18.800150496641432 5.45
endloop
endfacet
facet normal -0.8660245463862264 -0.5000014850543256 0
outer loop
vertex 108.08135683654912 -18.821023911601383 6.449999999999999
vertex 108.06930551707778 -18.800150496641432 5.45
vertex 108.08135683655075 -18.821023911604986 5.45
endloop
endfacet
facet normal -0.8660245463862075 -0.500001485054358 2.35646608292974e-14
outer loop
vertex 108.06930551707778 -18.800150496641432 5.45
vertex 108.0693055170708 -18.8001504966293 6.450000000000003
vertex 108.01850000441283 -18.712153115884007 6.450000000000003
endloop
endfacet
facet normal -0.8660245463862075 -0.500001485054358 2.35646608292974e-14
outer loop
vertex 108.06930551707778 -18.800150496641432 5.45
vertex 108.01850000441283 -18.712153115884007 6.450000000000003
vertex 108.01850000441742 -18.71215311589199 5.45
endloop
endfacet
facet normal -0.8660245463862075 -0.500001485054358 2.35646608292974e-14
outer loop
vertex 108.06930551707778 -18.800150496641432 5.45
vertex 108.01850000441742 -18.71215311589199 5.45
vertex 108.01850000441803 -18.712153115891482 5.35
endloop
endfacet
facet normal -0.8660245463862075 -0.500001485054358 2.35646608292974e-14
outer loop
vertex 108.06930551707778 -18.800150496641432 5.45
vertex 108.01850000441803 -18.712153115891482 5.35
vertex 108.0693055170767 -18.800150496641898 5.350000000000001
endloop
endfacet
facet normal -0.8660245463862264 -0.5000014850543256 0
outer loop
vertex 108.01850000441283 -18.712153115884007 6.450000000000003
vertex 107.99420142892782 -18.670066915259383 6.449999999999999
vertex 107.99420142892446 -18.67006691525433 5.45
endloop
endfacet
facet normal -0.8660245463862264 -0.5000014850543256 0
outer loop
vertex 108.01850000441283 -18.712153115884007 6.450000000000003
vertex 107.99420142892446 -18.67006691525433 5.45
vertex 108.01850000441742 -18.71215311589199 5.45
endloop
endfacet
facet normal -0.9396916264250657 -0.3420228752972745 0
outer loop
vertex 108.14097494570149 -18.984821838582384 6.449999999999999
vertex 108.13015265784676 -18.955088116043136 6.450000000000003
vertex 108.13015265784495 -18.95508811603821 5.45
endloop
endfacet
facet normal -0.9396916264250657 -0.3420228752972745 0
outer loop
vertex 108.14097494570149 -18.984821838582384 6.449999999999999
vertex 108.13015265784495 -18.95508811603821 5.45
vertex 108.14097494570092 -18.984821838579947 5.45
endloop
endfacet
facet normal -0.939691626425058 -0.3420228752972953 2.3932446041929276e-14
outer loop
vertex 108.13015265784495 -18.95508811603821 5.45
vertex 108.13015265784676 -18.955088116043136 6.450000000000003
vertex 108.09664245976623 -18.86302043633384 6.450000000000003
endloop
endfacet
facet normal -0.939691626425058 -0.3420228752972953 2.3932446041929276e-14
outer loop
vertex 108.13015265784495 -18.95508811603821 5.45
vertex 108.09664245976623 -18.86302043633384 6.450000000000003
vertex 108.09664245976116 -18.863020436319974 5.45
endloop
endfacet
facet normal -0.939691626425058 -0.3420228752972953 2.3932446041929276e-14
outer loop
vertex 108.13015265784495 -18.95508811603821 5.45
vertex 108.09664245976116 -18.863020436319974 5.45
vertex 108.09664245976016 -18.863020436320646 5.350000000000001
endloop
endfacet
facet normal -0.939691626425058 -0.3420228752972953 2.3932446041929276e-14
outer loop
vertex 108.13015265784495 -18.95508811603821 5.45
vertex 108.09664245976016 -18.863020436320646 5.350000000000001
vertex 108.13015265784517 -18.95508811603821 5.350000000000001
endloop
endfacet
facet normal -0.9396916264250657 -0.3420228752972745 0
outer loop
vertex 108.09664245976623 -18.86302043633384 6.450000000000003
vertex 108.08135683654912 -18.821023911601383 6.449999999999999
vertex 108.08135683655075 -18.821023911604986 5.45
endloop
endfacet
facet normal -0.9396916264250657 -0.3420228752972745 0
outer loop
vertex 108.09664245976623 -18.86302043633384 6.450000000000003
vertex 108.08135683655075 -18.821023911604986 5.45
vertex 108.09664245976116 -18.863020436319974 5.45
endloop
endfacet
facet normal -0.9848070410783337 -0.17365221519617083 0
outer loop
vertex 108.17124431499772 -19.156483846914657 6.449999999999999
vertex 108.16453193925997 -19.118416985047688 6.450000000000003
vertex 108.16453193925962 -19.118416985045737 5.45
endloop
endfacet
facet normal -0.9848070410783337 -0.17365221519617083 0
outer loop
vertex 108.17124431499772 -19.156483846914657 6.449999999999999
vertex 108.16453193925962 -19.118416985045737 5.45
vertex 108.1712443149978 -19.156483846915904 5.45
endloop
endfacet
facet normal -0.9848070410783237 -0.17365221519622764 1.117555102717701e-14
outer loop
vertex 108.16453193925962 -19.118416985045737 5.45
vertex 108.16453193925997 -19.118416985047688 6.450000000000003
vertex 108.14768744869785 -19.02288942215303 6.450000000000003
endloop
endfacet
facet normal -0.9848070410783237 -0.17365221519622764 1.117555102717701e-14
outer loop
vertex 108.16453193925962 -19.118416985045737 5.45
vertex 108.14768744869785 -19.02288942215303 6.450000000000003
vertex 108.147687448698 -19.02288942215391 5.45
endloop
endfacet
facet normal -0.9848070410783237 -0.17365221519622764 1.117555102717701e-14
outer loop
vertex 108.16453193925962 -19.118416985045737 5.45
vertex 108.147687448698 -19.02288942215391 5.45
vertex 108.14768744869819 -19.022889422153735 5.350000000000001
endloop
endfacet
facet normal -0.9848070410783237 -0.17365221519622764 1.117555102717701e-14
outer loop
vertex 108.16453193925962 -19.118416985045737 5.45
vertex 108.14768744869819 -19.022889422153735 5.350000000000001
vertex 108.16453193925992 -19.118416985045705 5.35
endloop
endfacet
facet normal -0.9848070410783337 -0.17365221519617083 0
outer loop
vertex 108.14768744869785 -19.02288942215303 6.450000000000003
vertex 108.14097494570149 -18.984821838582384 6.449999999999999
vertex 108.14097494570092 -18.984821838579947 5.45
endloop
endfacet
facet normal -0.9848070410783337 -0.17365221519617083 0
outer loop
vertex 108.14768744869785 -19.02288942215303 6.450000000000003
vertex 108.14097494570092 -18.984821838579947 5.45
vertex 108.147687448698 -19.02288942215391 5.45
endloop
endfacet
facet normal -0.9999999999859956 -0.000005292327273309638 0
outer loop
vertex 108.17124523750486 -19.330794144434158 6.449999999999999
vertex 108.17124500096615 -19.286099478912124 6.449999999999999
vertex 108.17124500096615 -19.286099478904102 5.45
endloop
endfacet
facet normal -0.9999999999859956 -0.000005292327273309638 0
outer loop
vertex 108.17124523750486 -19.330794144434158 6.449999999999999
vertex 108.17124500096615 -19.286099478904102 5.45
vertex 108.17124523750496 -19.330794144434066 5.45
endloop
endfacet
facet normal -0.9999999999859955 -0.000005292327193625614 -4.245519421604146e-17
outer loop
vertex 108.17124500096615 -19.286099478904102 5.45
vertex 108.17124500096615 -19.286099478912124 6.449999999999999
vertex 108.17124448247345 -19.188128836000516 6.449999999999999
endloop
endfacet
facet normal -0.9999999999859955 -0.000005292327193625614 -4.245519421604146e-17
outer loop
vertex 108.17124500096615 -19.286099478904102 5.45
vertex 108.17124448247345 -19.188128836000516 6.449999999999999
vertex 108.17124448247344 -19.188128836004605 5.45
endloop
endfacet
facet normal -0.9999999999859955 -0.000005292327193625614 -4.245519421604146e-17
outer loop
vertex 108.17124500096615 -19.286099478904102 5.45
vertex 108.17124448247344 -19.188128836004605 5.45
vertex 108.17124448247374 -19.188128836004534 5.35
endloop
endfacet
facet normal -0.9999999999859955 -0.000005292327193625614 -4.245519421604146e-17
outer loop
vertex 108.17124500096615 -19.286099478904102 5.45
vertex 108.17124448247374 -19.188128836004534 5.35
vertex 108.17124500096656 -19.286099478903868 5.350000000000001
endloop
endfacet
facet normal -0.9999999999859956 -0.000005292327273309638 0
outer loop
vertex 108.17124448247345 -19.188128836000516 6.449999999999999
vertex 108.17124431499772 -19.156483846914657 6.449999999999999
vertex 108.1712443149978 -19.156483846915904 5.45
endloop
endfacet
facet normal -0.9999999999859956 -0.000005292327273309638 0
outer loop
vertex 108.17124448247345 -19.188128836000516 6.449999999999999
vertex 108.1712443149978 -19.156483846915904 5.45
vertex 108.17124448247344 -19.188128836004605 5.45
endloop
endfacet
facet normal -0.9848088790718578 0.1736417913442241 0
outer loop
vertex 108.14097768519339 -19.502456473147536 6.449999999999999
vertex 108.14941778604225 -19.45458846745728 6.449999999999999
vertex 108.14941778604295 -19.454588467453334 5.45
endloop
endfacet
facet normal -0.9848088790718578 0.1736417913442241 0
outer loop
vertex 108.14097768519339 -19.502456473147536 6.449999999999999
vertex 108.14941778604295 -19.454588467453334 5.45
vertex 108.14097768519355 -19.502456473147173 5.45
endloop
endfacet
facet normal -0.9848088790718721 0.17364179134414218 -3.783999415849518e-16
outer loop
vertex 108.14941778604295 -19.454588467453334 5.45
vertex 108.14941778604225 -19.45458846745728 6.449999999999999
vertex 108.16705924107336 -19.354535010165122 6.449999999999999
endloop
endfacet
facet normal -0.9848088790718721 0.17364179134414218 -3.783999415849518e-16
outer loop
vertex 108.14941778604295 -19.454588467453334 5.45
vertex 108.16705924107336 -19.354535010165122 6.449999999999999
vertex 108.16705924107264 -19.354535010169272 5.45
endloop
endfacet
facet normal -0.9848088790718721 0.17364179134414218 -3.783999415849518e-16
outer loop
vertex 108.14941778604295 -19.454588467453334 5.45
vertex 108.16705924107264 -19.354535010169272 5.45
vertex 108.16705924107303 -19.354535010169304 5.350000000000001
endloop
endfacet
facet normal -0.9848088790718721 0.17364179134414218 -3.783999415849518e-16
outer loop
vertex 108.14941778604295 -19.454588467453334 5.45
vertex 108.16705924107303 -19.354535010169304 5.350000000000001
vertex 108.14941778604309 -19.45458846745321 5.350000000000001
endloop
endfacet
facet normal -0.9848088790718578 0.1736417913442241 0
outer loop
vertex 108.16705924107336 -19.354535010165122 6.449999999999999
vertex 108.17124523750486 -19.330794144434158 6.449999999999999
vertex 108.17124523750496 -19.330794144434066 5.45
endloop
endfacet
facet normal -0.9848088790718578 0.1736417913442241 0
outer loop
vertex 108.16705924107336 -19.354535010165122 6.449999999999999
vertex 108.17124523750496 -19.330794144434066 5.45
vertex 108.16705924107264 -19.354535010169272 5.45
endloop
endfacet
facet normal -0.9396952465663733 0.34201292896696606 0
outer loop
vertex 108.08136130978875 -19.666255031156663 6.449999999999999
vertex 108.09714327021078 -19.62289341545733 6.449999999999999
vertex 108.09714327021318 -19.622893415450765 5.45
endloop
endfacet
facet normal -0.9396952465663733 0.34201292896696606 0
outer loop
vertex 108.08136130978875 -19.666255031156663 6.449999999999999
vertex 108.09714327021318 -19.622893415450765 5.45
vertex 108.0813613097884 -19.666255031157664 5.45
endloop
endfacet
facet normal -0.9396952465663491 0.3420129289670328 -1.1347701259635455e-14
outer loop
vertex 108.09714327021318 -19.622893415450765 5.45
vertex 108.09714327021078 -19.62289341545733 6.449999999999999
vertex 108.13542065777372 -19.5177246452225 6.449999999999999
endloop
endfacet
facet normal -0.9396952465663491 0.3420129289670328 -1.1347701259635455e-14
outer loop
vertex 108.09714327021318 -19.622893415450765 5.45
vertex 108.13542065777372 -19.5177246452225 6.449999999999999
vertex 108.13542065777345 -19.517724645223204 5.45
endloop
endfacet
facet normal -0.9396952465663491 0.3420129289670328 -1.1347701259635455e-14
outer loop
vertex 108.09714327021318 -19.622893415450765 5.45
vertex 108.13542065777345 -19.517724645223204 5.45
vertex 108.13542065777354 -19.51772464522334 5.350000000000001
endloop
endfacet
facet normal -0.9396952465663491 0.3420129289670328 -1.1347701259635455e-14
outer loop
vertex 108.09714327021318 -19.622893415450765 5.45
vertex 108.13542065777354 -19.51772464522334 5.350000000000001
vertex 108.09714327021331 -19.622893415450875 5.35
endloop
endfacet
facet normal -0.9396952465663733 0.34201292896696606 0
outer loop
vertex 108.13542065777372 -19.5177246452225 6.449999999999999
vertex 108.14097768519339 -19.502456473147536 6.449999999999999
vertex 108.14097768519355 -19.502456473147173 5.45
endloop
endfacet
facet normal -0.9396952465663733 0.34201292896696606 0
outer loop
vertex 108.13542065777372 -19.5177246452225 6.449999999999999
vertex 108.14097768519355 -19.502456473147173 5.45
vertex 108.13542065777345 -19.517724645223204 5.45
endloop
endfacet
facet normal -0.8660278592111201 0.49999574698819144 -0.00000799529755289874
outer loop
vertex 107.99420969999998 -19.817223750000014 5.45
vertex 107.994205 -19.817215899999997 6.449999999999999
vertex 108.0772731488926 -19.673336013846097 6.449999999999999
endloop
endfacet
facet normal -0.8660278592111201 0.49999574698819144 -0.00000799529755289874
outer loop
vertex 107.99420969999998 -19.817223750000014 5.45
vertex 108.0772731488926 -19.673336013846097 6.449999999999999
vertex 108.07727314889135 -19.67333601384825 5.45
endloop
endfacet
facet normal -0.8660278592111201 0.49999574698819144 -0.00000799529755289874
outer loop
vertex 107.99420969999998 -19.817223750000014 5.45
vertex 108.07727314889135 -19.67333601384825 5.45
vertex 108.0772731488915 -19.67333601384831 5.35
endloop
endfacet
facet normal -0.8660278592111201 0.49999574698819144 -0.00000799529755289874
outer loop
vertex 107.99420969999998 -19.817223750000014 5.45
vertex 108.0772731488915 -19.67333601384831 5.35
vertex 107.99420969999994 -19.81722375000007 5.35
endloop
endfacet
facet normal -0.8660278592394532 0.4999957470030417 0
outer loop
vertex 108.0772731488926 -19.673336013846097 6.449999999999999
vertex 108.08136130978875 -19.666255031156663 6.449999999999999
vertex 108.0813613097884 -19.666255031157664 5.45
endloop
endfacet
facet normal -0.8660278592394532 0.4999957470030417 0
outer loop
vertex 108.0772731488926 -19.673336013846097 6.449999999999999
vertex 108.0813613097884 -19.666255031157664 5.45
vertex 108.07727314889135 -19.67333601384825 5.45
endloop
endfacet
facet normal -0.8191521005753407 0.5735763559658007 0
outer loop
vertex 96.53681175000004 -36.180072649999936 6.449999999999999
vertex 107.994205 -19.817215899999997 6.449999999999999
vertex 107.99420969999998 -19.817223750000014 5.45
endloop
endfacet
facet normal -0.8191521005753407 0.5735763559658007 0
outer loop
vertex 96.53681175000004 -36.180072649999936 6.449999999999999
vertex 107.99420969999998 -19.817223750000014 5.45
vertex 96.53681400000005 -36.180065999999954 5.45
endloop
endfacet
facet normal -0.7708448193188389 0.6370229701740016 0
outer loop
vertex 96.43530532767149 -36.30290291428098 6.449999999999999
vertex 96.53681175000004 -36.180072649999936 6.449999999999999
vertex 96.53681400000005 -36.180065999999954 5.45
endloop
endfacet
facet normal -0.7708448193188389 0.6370229701740016 0
outer loop
vertex 96.43530532767149 -36.30290291428098 6.449999999999999
vertex 96.53681400000005 -36.180065999999954 5.45
vertex 96.43530723335748 -36.30289523107855 5.45
endloop
endfacet
facet normal -0.6598748824269354 0.7513754983641923 0
outer loop
vertex 96.3155774022508 -36.408050674465066 6.449999999999999
vertex 96.43530532767149 -36.30290291428098 6.449999999999999
vertex 96.43530723335748 -36.30289523107855 5.45
endloop
endfacet
facet normal -0.6598748824269354 0.7513754983641923 0
outer loop
vertex 96.3155774022508 -36.408050674465066 6.449999999999999
vertex 96.43530723335748 -36.30289523107855 5.45
vertex 96.31558058152869 -36.408045140658714 5.45
endloop
endfacet
facet normal -0.5321501761595754 0.8466499808145824 0
outer loop
vertex 96.18066796485084 -36.49284614190121 6.449999999999999
vertex 96.3155774022508 -36.408050674465066 6.449999999999999
vertex 96.31558058152869 -36.408045140658714 5.45
endloop
endfacet
facet normal -0.5321501761595754 0.8466499808145824 0
outer loop
vertex 96.18066796485084 -36.49284614190121 6.449999999999999
vertex 96.31558058152869 -36.408045140658714 5.45
vertex 96.18067202089401 -36.492842870052826 5.45
endloop
endfacet
facet normal -0.390913736513511 0.9204273195668659 0
outer loop
vertex 96.03400247773797 -36.55513628949467 6.449999999999999
vertex 96.18066796485084 -36.49284614190121 6.449999999999999
vertex 96.18067202089401 -36.492842870052826 5.45
endloop
endfacet
facet normal -0.390913736513511 0.9204273195668659 0
outer loop
vertex 96.03400247773797 -36.55513628949467 6.449999999999999
vertex 96.18067202089401 -36.492842870052826 5.45
vertex 96.03400701129598 -36.55513532226384 5.45
endloop
endfacet
facet normal -0.23975167357814106 0.9708342469322354 0
outer loop
vertex 95.8793048990099 -36.59333951884689 6.449999999999999
vertex 96.03400247773797 -36.55513628949467 6.449999999999999
vertex 96.03400701129598 -36.55513532226384 5.45
endloop
endfacet
facet normal -0.23975167357814106 0.9708342469322354 0
outer loop
vertex 95.8793048990099 -36.59333951884689 6.449999999999999
vertex 96.03400701129598 -36.55513532226384 5.45
vertex 95.87930952027413 -36.59334083121736 5.45
endloop
endfacet
facet normal -0.0825021172328917 0.9965908893081906 0
outer loop
vertex 95.72050312821773 -36.606485818347764 6.449999999999999
vertex 95.8793048990099 -36.59333951884689 6.449999999999999
vertex 95.87930952027413 -36.59334083121736 5.45
endloop
endfacet
facet normal -0.0825021172328917 0.9965908893081906 0
outer loop
vertex 95.72050312821773 -36.606485818347764 6.449999999999999
vertex 95.87930952027413 -36.59334083121736 5.45
vertex 95.7205074679001 -36.60648932180432 5.45
endloop
endfacet
facet normal 0.07684223614751318 0.9970432642287144 0
outer loop
vertex 95.56162927374598 -36.59424139257309 6.449999999999999
vertex 95.72050312821773 -36.606485818347764 6.449999999999999
vertex 95.7205074679001 -36.60648932180432 5.45
endloop
endfacet
facet normal 0.07684223614751318 0.9970432642287144 0
outer loop
vertex 95.56162927374598 -36.59424139257309 6.449999999999999
vertex 95.7205074679001 -36.60648932180432 5.45
vertex 95.56163299305932 -36.5942469410336 5.45
endloop
endfacet
facet normal 0.23423550155764866 0.9721798855201833 0
outer loop
vertex 95.40671727424302 -36.55691713762673 6.449999999999999
vertex 95.56162927374598 -36.59424139257309 6.449999999999999
vertex 95.56163299305932 -36.5942469410336 5.45
endloop
endfacet
facet normal 0.23423550155764866 0.9721798855201833 0
outer loop
vertex 95.40671727424302 -36.55691713762673 6.449999999999999
vertex 95.56163299305932 -36.5942469410336 5.45
vertex 95.40672007351374 -36.556924534884956 5.45
endloop
endfacet
facet normal 0.38568133373056457 0.9226320549448805 0
outer loop
vertex 95.25970047358129 -36.49546074723131 6.449999999999999
vertex 95.40671727424302 -36.55691713762673 6.449999999999999
vertex 95.40672007351374 -36.556924534884956 5.45
endloop
endfacet
facet normal 0.38568133373056457 0.9226320549448805 0
outer loop
vertex 95.25970047358129 -36.49546074723131 6.449999999999999
vertex 95.40672007351374 -36.556924534884956 5.45
vertex 95.25970209927526 -36.49546975562645 5.45
endloop
endfacet
facet normal 0.5273273123139078 0.849662230352621 0
outer loop
vertex 95.12431349999991 -36.411435299999944 6.449999999999999
vertex 95.25970047358129 -36.49546074723131 6.449999999999999
vertex 95.25970209927526 -36.49546975562645 5.45
endloop
endfacet
facet normal 0.5273273123139078 0.849662230352621 0
outer loop
vertex 95.12431349999991 -36.411435299999944 6.449999999999999
vertex 95.25970209927526 -36.49546975562645 5.45
vertex 95.12431199999996 -36.41144299999996 5.45
endloop
endfacet
facet normal 0 0 -1
outer loop
vertex 81.26460759999995 -26.195044999999972 6.449999999999999
vertex 83.03492881734175 -27.5 6.449999999999999
vertex 95.12431349999991 -36.411435299999944 6.449999999999999
endloop
endfacet
facet normal 0 0 -1
outer loop
vertex 81.26460759999995 -26.195044999999972 6.449999999999999
vertex 95.12431349999991 -36.411435299999944 6.449999999999999
vertex 95.12431199999996 -36.41144299999996 5.45
endloop
endfacet
facet normal 0 0 -1
outer loop
vertex 81.26460759999995 -26.195044999999972 6.449999999999999
vertex 95.12431199999996 -36.41144299999996 5.45
vertex 81.26461369999993 -26.195054299999946 5.45
endloop
endfacet
facet normal 0.5410358895458206 0.8409995042943622 0
outer loop
vertex 81.15783898985188 -26.126358098673556 6.449999999999999
vertex 81.26460759999995 -26.195044999999972 6.449999999999999
vertex 81.26461369999993 -26.195054299999946 5.45
endloop
endfacet
facet normal 0.5410358895458206 0.8409995042943622 0
outer loop
vertex 81.15783898985188 -26.126358098673556 6.449999999999999
vertex 81.26461369999993 -26.195054299999946 5.45
vertex 81.1578444064118 -26.126366009984316 5.45
endloop
endfacet
facet normal 0.4301225478231121 0.9027705100711669 0
outer loop
vertex 81.04322827706218 -26.07175213708866 6.449999999999999
vertex 81.15783898985188 -26.126358098673556 6.449999999999999
vertex 81.1578444064118 -26.126366009984316 5.45
endloop
endfacet
facet normal 0.4301225478231121 0.9027705100711669 0
outer loop
vertex 81.04322827706218 -26.07175213708866 6.449999999999999
vertex 81.1578444064118 -26.126366009984316 5.45
vertex 81.04323424193744 -26.071755846771403 5.45
endloop
endfacet
facet normal 0.3122767375383591 0.9499911784813577 0
outer loop
vertex 80.92262269137349 -26.032107222819057 6.449999999999999
vertex 81.04322827706218 -26.07175213708866 6.449999999999999
vertex 81.04323424193744 -26.071755846771403 5.45
endloop
endfacet
facet normal 0.3122767375383591 0.9499911784813577 0
outer loop
vertex 80.92262269137349 -26.032107222819057 6.449999999999999
vertex 81.04323424193744 -26.071755846771403 5.45
vertex 80.92262861566995 -26.032106853850415 5.45
endloop
endfacet
facet normal 0.1893978298802921 0.9819004338712943 0
outer loop
vertex 80.79796608445162 -26.0080623298576 6.449999999999999
vertex 80.92262269137349 -26.032107222819057 6.449999999999999
vertex 80.92262861566995 -26.032106853850415 5.45
endloop
endfacet
facet normal 0.1893978298802921 0.9819004338712943 0
outer loop
vertex 80.79796608445162 -26.0080623298576 6.449999999999999
vertex 80.92262861566995 -26.032106853850415 5.45
vertex 80.7979714201154 -26.008058084162762 5.45
endloop
endfacet
facet normal 0.06350434395392668 0.9979815621037202 0
outer loop
vertex 80.67126519999957 -25.9999971500004 6.449999999999999
vertex 80.79796608445162 -26.0080623298576 6.449999999999999
vertex 80.7979714201154 -26.008058084162762 5.45
endloop
endfacet
facet normal 0.06350434395392668 0.9979815621037202 0
outer loop
vertex 80.67126519999957 -25.9999971500004 6.449999999999999
vertex 80.7979714201154 -26.008058084162762 5.45
vertex 80.67127185000008 -25.999997150000006 5.45
endloop
endfacet
facet normal -0.05060110654166293 0.9987189434554444 0
outer loop
vertex 25.10420859661562 -5.005117328607842 6.449999999999999
vertex 25.20525915 -5 6.449999999999999
vertex 25.205257599999996 -5 5.45
endloop
endfacet
facet normal -0.05060110654166293 0.9987189434554444 0
outer loop
vertex 25.10420859661562 -5.005117328607842 6.449999999999999
vertex 25.205257599999996 -5 5.45
vertex 25.10420902877582 -5.0051200092168955 5.45
endloop
endfacet
facet normal -0.15126325230646387 0.9884935146482607 0
outer loop
vertex 25.004192653865523 -5.02042217032778 6.449999999999999
vertex 25.10420859661562 -5.005117328607842 6.449999999999999
vertex 25.10420902877582 -5.0051200092168955 5.45
endloop
endfacet
facet normal -0.15126325230646387 0.9884935146482607 0
outer loop
vertex 25.004192653865523 -5.02042217032778 6.449999999999999
vertex 25.10420902877582 -5.0051200092168955 5.45
vertex 25.00419336147872 -5.02041987453851 5.45
endloop
endfacet
facet normal -0.25037685156985223 0.9681484556584202 0.0000020454948726689296
outer loop
vertex 24.906235227660883 -5.045755342960199 6.449999999999999
vertex 25.004192653865523 -5.02042217032778 6.449999999999999
vertex 25.00419336147872 -5.02041987453851 5.45
endloop
endfacet
facet normal -0.25037685156985223 0.9681484556584202 0.0000020454948726689296
outer loop
vertex 24.906235227660883 -5.045755342960199 6.449999999999999
vertex 25.00419336147872 -5.02041987453851 5.45
vertex 24.90623568045659 -5.045747967883951 5.45
endloop
endfacet
facet normal -0.25037685156985223 0.9681484556584202 0.0000020454948726689296
outer loop
vertex 24.906235227660883 -5.045755342960199 6.449999999999999
vertex 24.90623568045659 -5.045747967883951 5.45
vertex 24.906235227660865 -5.0457553429601685 5.450000000000002
endloop
endfacet
facet normal -0.3469027679572125 0.9379010979754872 0
outer loop
vertex 24.811338299999953 -5.080855000000021 6.449999999999999
vertex 24.906235227660883 -5.045755342960199 6.449999999999999
vertex 24.906235227660865 -5.0457553429601685 5.450000000000002
endloop
endfacet
facet normal -0.3469027679572125 0.9379010979754872 0
outer loop
vertex 24.811338299999953 -5.080855000000021 6.449999999999999
vertex 24.906235227660865 -5.0457553429601685 5.450000000000002
vertex 24.811338799999994 -5.080845 5.45
endloop
endfacet
facet normal -0.39391900298331123 0.9191451567019402 -3.4835501325192366e-14
outer loop
vertex 11.18866120000007 -10.91913999999997 6.449999999999999
vertex 21.49999702545114 -6.5 6.449999999999999
vertex 24.811338299999953 -5.080855000000021 6.449999999999999
endloop
endfacet
facet normal -0.39391900298331123 0.9191451567019402 -3.4835501325192366e-14
outer loop
vertex 11.18866120000007 -10.91913999999997 6.449999999999999
vertex 24.811338299999953 -5.080855000000021 6.449999999999999
vertex 24.811338300000017 -5.080855000000032 5.450000000000002
endloop
endfacet
facet normal -0.39391900298331123 0.9191451567019402 -3.4835501325192366e-14
outer loop
vertex 11.18866120000007 -10.91913999999997 6.449999999999999
vertex 24.811338300000017 -5.080855000000032 5.450000000000002
vertex 11.188661700000013 -10.919144999999993 5.45
endloop
endfacet
facet normal -0.34692723609777515 0.937892047547882 0
outer loop
vertex 11.093764772339146 -10.9542446570398 6.450000000000003
vertex 11.18866120000007 -10.91913999999997 6.449999999999999
vertex 11.188661700000013 -10.919144999999993 5.45
endloop
endfacet
facet normal -0.34692723609777515 0.937892047547882 0
outer loop
vertex 11.093764772339146 -10.9542446570398 6.450000000000003
vertex 11.188661700000013 -10.919144999999993 5.45
vertex 11.093764772339142 -10.954244657039794 5.45
endloop
endfacet
facet normal 0.9969539765732524 -0.07799210597733008 0
outer loop
vertex -10.98783994654657 44.4347395880602 6.449999999999999
vertex -11 44.27924205000001 6.449999999999999
vertex -11 44.279240799999975 5.45
endloop
endfacet
facet normal 0.9969539765732524 -0.07799210597733008 0
outer loop
vertex -10.98783994654657 44.4347395880602 6.449999999999999
vertex -11 44.279240799999975 5.45
vertex -10.98783994654657 44.4347395880602 5.45
endloop
endfacet
facet normal 0.3892614916970067 -0.9211272936363472 0
outer loop
vertex -10.31622500000007 45.227920400000045 6.450000000000003
vertex -10.459895295931894 45.1672104123467 6.449999999999999
vertex -10.459896829209185 45.16720945971152 5.45
endloop
endfacet
facet normal 0.3892614916970067 -0.9211272936363472 0
outer loop
vertex -10.31622500000007 45.227920400000045 6.450000000000003
vertex -10.459896829209185 45.16720945971152 5.45
vertex -10.316226409998903 45.227919930000056 5.450000000000002
endloop
endfacet
facet normal 0.26493556301581844 -0.9642661185842275 0
outer loop
vertex 6.949419686544494 50.97708013409685 6.449999999999999
vertex 6.846052464998758 50.94868415500037 6.450000000000003
vertex 6.846049900000125 50.948683300000035 5.45
endloop
endfacet
facet normal 0.26493556301581844 -0.9642661185842275 0
outer loop
vertex 6.949419686544494 50.97708013409685 6.449999999999999
vertex 6.846049900000125 50.948683300000035 5.45
vertex 6.949417304088676 50.97708320316875 5.45
endloop
endfacet
facet normal 0.16019610670637277 -0.9870852077688737 0
outer loop
vertex 7.055231635624993 50.99425257731463 6.449999999999999
vertex 6.949419686544494 50.97708013409685 6.449999999999999
vertex 6.949417304088676 50.97708320316875 5.45
endloop
endfacet
facet normal 0.16019610670637277 -0.9870852077688737 0
outer loop
vertex 7.055231635624993 50.99425257731463 6.449999999999999
vertex 6.949417304088676 50.97708320316875 5.45
vertex 7.055236010962815 50.99425565458787 5.45
endloop
endfacet
facet normal 0.053613903801213766 -0.9985617403642071 0
outer loop
vertex 7.162284950000012 51.00000165 6.449999999999999
vertex 7.055231635624993 50.99425257731463 6.449999999999999
vertex 7.055236010962815 50.99425565458787 5.45
endloop
endfacet
facet normal 0.053613903801213766 -0.9985617403642071 0
outer loop
vertex 7.162284950000012 51.00000165 6.449999999999999
vertex 7.055236010962815 50.99425565458787 5.45
vertex 7.1622777000000335 51.000001650000165 5.45
endloop
endfacet
facet normal 0 0 -1
outer loop
vertex 107.74868404661382 -18.424532544530198 5.35
vertex 107.86971388435279 -18.52429594768374 5.350000000000001
vertex 107.87589804686021 -18.53128576428916 5.350000000000001
endloop
endfacet
facet normal 0 0 -1
outer loop
vertex 107.74868404661382 -18.424532544530198 5.35
vertex 107.87589804686021 -18.53128576428916 5.350000000000001
vertex 107.7486293999999 -18.424487499999938 5.35
endloop
endfacet
facet normal 0 0 -1
outer loop
vertex 107.97369305249337 -18.641821209222023 5.35
vertex 107.98376098721951 -18.657624494540407 5.35
vertex 107.91180155315124 -18.571866671431344 5.350000000000001
endloop
endfacet
facet normal 0 0 -1
outer loop
vertex 108.05800683651049 -18.77416560967511 5.350000000000001
vertex 108.0693055170767 -18.800150496641898 5.350000000000001
vertex 108.01850000441803 -18.712153115891482 5.35
endloop
endfacet
facet normal 0 0 -1
outer loop
vertex 108.1205791060597 -18.918070319780423 5.350000000000001
vertex 108.13015265784517 -18.95508811603821 5.350000000000001
vertex 108.09664245976016 -18.863020436320646 5.350000000000001
endloop
endfacet
facet normal 0 0 -1
outer loop
vertex 108.15986909067446 -19.069991850893352 5.35
vertex 108.16453193925992 -19.118416985045705 5.35
vertex 108.14768744869819 -19.022889422153735 5.350000000000001
endloop
endfacet
facet normal 0 0 -1
outer loop
vertex 108.17490931949168 -19.226189309336007 5.350000000000001
vertex 108.17124500096656 -19.286099478903868 5.350000000000001
vertex 108.17124448247374 -19.188128836004534 5.35
endloop
endfacet
facet normal 0 0 -1
outer loop
vertex 108.16532944410473 -19.382816511616923 5.350000000000001
vertex 108.14941778604309 -19.45458846745321 5.350000000000001
vertex 108.16705924107303 -19.354535010169304 5.350000000000001
endloop
endfacet
facet normal 0 0 -1
outer loop
vertex 108.13136535797197 -19.536016692295814 5.35
vertex 108.09714327021331 -19.622893415450875 5.35
vertex 108.13542065777354 -19.51772464522334 5.350000000000001
endloop
endfacet
facet normal 0 0 -1
outer loop
vertex 108.07385338780847 -19.682017472412365 5.35
vertex 107.99420969999994 -19.81722375000007 5.35
vertex 107.9941570857086 -19.817298890928377 5.35
endloop
endfacet
facet normal 0 0 -1
outer loop
vertex 108.07385338780847 -19.682017472412365 5.35
vertex 107.9941570857086 -19.817298890928377 5.35
vertex 107.99420969999994 -19.81722375000007 5.35
endloop
endfacet
facet normal 0 0 -1
outer loop
vertex 108.07385338780847 -19.682017472412365 5.35
vertex 107.99420969999994 -19.81722375000007 5.35
vertex 108.0772731488915 -19.67333601384831 5.35
endloop
endfacet
endsolid csg.js
