solid csg.js
facet normal 0 0 1
outer loop
vertex 96.1217787749585 -38.07361352889606 0
vertex 96.50852401757595 -37.97810290365502 0
vertex 96.875188492526 -37.82237453427173 0
endloop
endfacet
facet normal 0 0 1
outer loop
vertex 96.1217787749585 -38.07361352889606 0
vertex 96.875188492526 -37.82237453427173 0
vertex 97.21246219794173 -37.61038253004432 0
endloop
endfacet
facet normal 0 0 1
outer loop
vertex 96.1217787749585 -38.07361352889606 0
vertex 97.21246219794173 -37.61038253004432 0
vertex 97.51178139492377 -37.34750959393425 0
endloop
endfacet
facet normal 0 0 1
outer loop
vertex 96.1217787749585 -38.07361352889606 0
vertex 97.51178139492377 -37.34750959393425 0
vertex 97.76554209999995 -37.040430700000094 0
endloop
endfacet
facet normal 0 0 1
outer loop
vertex 96.1217787749585 -38.07361352889606 0
vertex 97.76554209999995 -37.040430700000094 0
vertex 99.86722298263632 -34.0389189 0
endloop
endfacet
facet normal 0 0 1
outer loop
vertex 96.1217787749585 -38.07361352889606 0
vertex 99.86722298263632 -34.0389189 0
vertex 95.25358560000004 -34.0389189 0
endloop
endfacet
facet normal 0 0 1
outer loop
vertex 96.1217787749585 -38.07361352889606 0
vertex 95.25358560000004 -34.0389189 0
vertex 89.37769590164035 -34.0389189 0
endloop
endfacet
facet normal 0 0 1
outer loop
vertex 96.1217787749585 -38.07361352889606 0
vertex 89.37769590164035 -34.0389189 0
vertex 94.23428605000001 -37.61885035000001 0
endloop
endfacet
facet normal 0 0 1
outer loop
vertex 96.1217787749585 -38.07361352889606 0
vertex 94.23428605000001 -37.61885035000001 0
vertex 94.57275980217433 -37.82892100789929 0
endloop
endfacet
facet normal 0 0 1
outer loop
vertex 96.1217787749585 -38.07361352889606 0
vertex 94.57275980217433 -37.82892100789929 0
vertex 94.9403039035485 -37.982561809010775 0
endloop
endfacet
facet normal 0 0 1
outer loop
vertex 96.1217787749585 -38.07361352889606 0
vertex 94.9403039035485 -37.982561809010775 0
vertex 95.32758601760311 -38.075871649620055 0
endloop
endfacet
facet normal 0 0 1
outer loop
vertex 96.1217787749585 -38.07361352889606 0
vertex 95.32758601760311 -38.075871649620055 0
vertex 95.72477263863688 -38.106481293409935 0
endloop
endfacet
facet normal 0 0 1
outer loop
vertex 95.25358560000004 -34.0389189 0
vertex 94.66831463395158 -33.98127474120968 0
vertex 89.29949494790658 -33.98127474120968 0
endloop
endfacet
facet normal 0 0 1
outer loop
vertex 95.25358560000004 -34.0389189 0
vertex 89.29949494790658 -33.98127474120968 0
vertex 89.37769590164035 -34.0389189 0
endloop
endfacet
facet normal 0 0 1
outer loop
vertex 99.86722298263632 -34.0389189 0
vertex 99.90758585128313 -33.98127474120968 0
vertex 95.83885656604848 -33.98127474120968 0
endloop
endfacet
facet normal 0 0 1
outer loop
vertex 99.86722298263632 -34.0389189 0
vertex 95.83885656604848 -33.98127474120968 0
vertex 95.25358560000004 -34.0389189 0
endloop
endfacet
facet normal 0 0 1
outer loop
vertex 94.66831463395158 -33.98127474120968 0
vertex 94.10553530290474 -33.810557497533864 0
vertex 89.0678973055017 -33.810557497533864 0
endloop
endfacet
facet normal 0 0 1
outer loop
vertex 94.66831463395158 -33.98127474120968 0
vertex 89.0678973055017 -33.810557497533864 0
vertex 89.29949494790658 -33.98127474120968 0
endloop
endfacet
facet normal 0 0 1
outer loop
vertex 99.90758585128313 -33.98127474120968 0
vertex 100.0271233348172 -33.810557497533864 0
vertex 96.40163589709518 -33.810557497533864 0
endloop
endfacet
facet normal 0 0 1
outer loop
vertex 99.90758585128313 -33.98127474120968 0
vertex 96.40163589709518 -33.810557497533864 0
vertex 95.83885656604848 -33.98127474120968 0
endloop
endfacet
facet normal 0 0 1
outer loop
vertex 94.10553530290474 -33.810557497533864 0
vertex 93.58687490094118 -33.53332773690764 0
vertex 88.69180314194183 -33.53332773690764 0
endloop
endfacet
facet normal 0 0 1
outer loop
vertex 94.10553530290474 -33.810557497533864 0
vertex 88.69180314194183 -33.53332773690764 0
vertex 89.0678973055017 -33.810557497533864 0
endloop
endfacet
facet normal 0 0 1
outer loop
vertex 100.0271233348172 -33.810557497533864 0
vertex 100.22124167478374 -33.53332773690764 0
vertex 96.92029629905882 -33.53332773690764 0
endloop
endfacet
facet normal 0 0 1
outer loop
vertex 100.0271233348172 -33.810557497533864 0
vertex 96.92029629905882 -33.53332773690764 0
vertex 96.40163589709518 -33.810557497533864 0
endloop
endfacet
facet normal 0 0 1
outer loop
vertex 93.58687490094118 -33.53332773690764 0
vertex 93.13226525644039 -33.16023924355969 0
vertex 88.18566554501662 -33.16023924355969 0
endloop
endfacet
facet normal 0 0 1
outer loop
vertex 93.58687490094118 -33.53332773690764 0
vertex 88.18566554501662 -33.16023924355969 0
vertex 88.69180314194183 -33.53332773690764 0
endloop
endfacet
facet normal 0 0 1
outer loop
vertex 100.22124167478374 -33.53332773690764 0
vertex 100.48248101224061 -33.16023924355969 0
vertex 97.37490594355961 -33.16023924355969 0
endloop
endfacet
facet normal 0 0 1
outer loop
vertex 100.22124167478374 -33.53332773690764 0
vertex 97.37490594355961 -33.16023924355969 0
vertex 96.92029629905882 -33.53332773690764 0
endloop
endfacet
facet normal 0 0 1
outer loop
vertex 93.13226525644039 -33.16023924355969 0
vertex 92.75917676309236 -32.705629599058796 0
vertex 87.56893509873046 -32.705629599058796 0
endloop
endfacet
facet normal 0 0 1
outer loop
vertex 93.13226525644039 -33.16023924355969 0
vertex 87.56893509873046 -32.705629599058796 0
vertex 88.18566554501662 -33.16023924355969 0
endloop
endfacet
facet normal 0 0 1
outer loop
vertex 100.48248101224061 -33.16023924355969 0
vertex 100.80080206595414 -32.705629599058796 0
vertex 97.74799443690765 -32.705629599058796 0
endloop
endfacet
facet normal 0 0 1
outer loop
vertex 100.48248101224061 -33.16023924355969 0
vertex 97.74799443690765 -32.705629599058796 0
vertex 97.37490594355961 -33.16023924355969 0
endloop
endfacet
facet normal 0 0 1
outer loop
vertex 92.75917676309236 -32.705629599058796 0
vertex 92.48194700246614 -32.18696919709529 0
vertex 86.865312408268 -32.18696919709529 0
endloop
endfacet
facet normal 0 0 1
outer loop
vertex 92.75917676309236 -32.705629599058796 0
vertex 86.865312408268 -32.18696919709529 0
vertex 87.56893509873046 -32.705629599058796 0
endloop
endfacet
facet normal 0 0 1
outer loop
vertex 100.80080206595414 -32.705629599058796 0
vertex 101.16397193634651 -32.18696919709529 0
vertex 98.02522419753386 -32.18696919709529 0
endloop
endfacet
facet normal 0 0 1
outer loop
vertex 100.80080206595414 -32.705629599058796 0
vertex 98.02522419753386 -32.18696919709529 0
vertex 97.74799443690765 -32.705629599058796 0
endloop
endfacet
facet normal 0 0 1
outer loop
vertex 92.48194700246614 -32.18696919709529 0
vertex 92.31122975879029 -31.62418986604832 0
vertex 86.10183729902725 -31.62418986604832 0
endloop
endfacet
facet normal 0 0 1
outer loop
vertex 92.48194700246614 -32.18696919709529 0
vertex 86.10183729902725 -31.62418986604832 0
vertex 86.865312408268 -32.18696919709529 0
endloop
endfacet
facet normal 0 0 1
outer loop
vertex 101.16397193634651 -32.18696919709529 0
vertex 101.55803420896669 -31.62418986604832 0
vertex 98.19594144120967 -31.62418986604832 0
endloop
endfacet
facet normal 0 0 1
outer loop
vertex 101.16397193634651 -32.18696919709529 0
vertex 98.19594144120967 -31.62418986604832 0
vertex 98.02522419753386 -32.18696919709529 0
endloop
endfacet
facet normal 0 0 1
outer loop
vertex 92.31122975879029 -31.62418986604832 0
vertex 92.2535856 -31.038918899999885 0
vertex 85.30784969129478 -31.038918899999885 0
endloop
endfacet
facet normal 0 0 1
outer loop
vertex 92.31122975879029 -31.62418986604832 0
vertex 85.30784969129478 -31.038918899999885 0
vertex 86.10183729902725 -31.62418986604832 0
endloop
endfacet
facet normal 0 0 1
outer loop
vertex 101.55803420896669 -31.62418986604832 0
vertex 101.96784529167044 -31.038918899999885 0
vertex 98.2535856 -31.038918899999885 0
endloop
endfacet
facet normal 0 0 1
outer loop
vertex 101.55803420896669 -31.62418986604832 0
vertex 98.2535856 -31.038918899999885 0
vertex 98.19594144120967 -31.62418986604832 0
endloop
endfacet
facet normal 0 0 1
outer loop
vertex 92.2535856 -31.038918899999885 0
vertex 92.3112297587903 -30.45364793395172 0
vertex 84.51386208356267 -30.45364793395172 0
endloop
endfacet
facet normal 0 0 1
outer loop
vertex 92.2535856 -31.038918899999885 0
vertex 84.51386208356267 -30.45364793395172 0
vertex 85.30784969129478 -31.038918899999885 0
endloop
endfacet
facet normal 0 0 1
outer loop
vertex 101.96784529167044 -31.038918899999885 0
vertex 102.37765637437401 -30.45364793395172 0
vertex 98.19594144120971 -30.45364793395172 0
endloop
endfacet
facet normal 0 0 1
outer loop
vertex 101.96784529167044 -31.038918899999885 0
vertex 98.19594144120971 -30.45364793395172 0
vertex 98.2535856 -31.038918899999885 0
endloop
endfacet
facet normal 0 0 1
outer loop
vertex 92.3112297587903 -30.45364793395172 0
vertex 92.4819470024661 -29.890868602904682 0
vertex 83.75038697432183 -29.890868602904682 0
endloop
endfacet
facet normal 0 0 1
outer loop
vertex 92.3112297587903 -30.45364793395172 0
vertex 83.75038697432183 -29.890868602904682 0
vertex 84.51386208356267 -30.45364793395172 0
endloop
endfacet
facet normal 0 0 1
outer loop
vertex 102.37765637437401 -30.45364793395172 0
vertex 102.77171864699423 -29.890868602904682 0
vertex 98.02522419753384 -29.890868602904682 0
endloop
endfacet
facet normal 0 0 1
outer loop
vertex 102.37765637437401 -30.45364793395172 0
vertex 98.02522419753384 -29.890868602904682 0
vertex 98.19594144120971 -30.45364793395172 0
endloop
endfacet
facet normal 0 0 1
outer loop
vertex 92.4819470024661 -29.890868602904682 0
vertex 92.75917676309236 -29.37220820094125 0
vertex 83.04676428385946 -29.37220820094125 0
endloop
endfacet
facet normal 0 0 1
outer loop
vertex 92.4819470024661 -29.890868602904682 0
vertex 83.04676428385946 -29.37220820094125 0
vertex 83.75038697432183 -29.890868602904682 0
endloop
endfacet
facet normal 0 0 1
outer loop
vertex 102.77171864699423 -29.890868602904682 0
vertex 103.13488851738654 -29.37220820094125 0
vertex 97.74799443690767 -29.37220820094125 0
endloop
endfacet
facet normal 0 0 1
outer loop
vertex 102.77171864699423 -29.890868602904682 0
vertex 97.74799443690767 -29.37220820094125 0
vertex 98.02522419753384 -29.890868602904682 0
endloop
endfacet
facet normal 0 0 1
outer loop
vertex 92.75917676309236 -29.37220820094125 0
vertex 93.13226525644036 -28.917598556440346 0
vertex 82.4300338375733 -28.917598556440346 0
endloop
endfacet
facet normal 0 0 1
outer loop
vertex 92.75917676309236 -29.37220820094125 0
vertex 82.4300338375733 -28.917598556440346 0
vertex 83.04676428385946 -29.37220820094125 0
endloop
endfacet
facet normal 0 0 1
outer loop
vertex 103.13488851738654 -29.37220820094125 0
vertex 103.45320957110009 -28.917598556440346 0
vertex 97.37490594355963 -28.917598556440346 0
endloop
endfacet
facet normal 0 0 1
outer loop
vertex 103.13488851738654 -29.37220820094125 0
vertex 97.37490594355963 -28.917598556440346 0
vertex 97.74799443690767 -29.37220820094125 0
endloop
endfacet
facet normal 0 0 1
outer loop
vertex 93.13226525644036 -28.917598556440346 0
vertex 93.58687490094118 -28.544510063092346 0
vertex 81.92389624064803 -28.544510063092346 0
endloop
endfacet
facet normal 0 0 1
outer loop
vertex 93.13226525644036 -28.917598556440346 0
vertex 81.92389624064803 -28.544510063092346 0
vertex 82.4300338375733 -28.917598556440346 0
endloop
endfacet
facet normal 0 0 1
outer loop
vertex 103.45320957110009 -28.917598556440346 0
vertex 103.71444890855699 -28.544510063092346 0
vertex 96.92029629905879 -28.544510063092346 0
endloop
endfacet
facet normal 0 0 1
outer loop
vertex 103.45320957110009 -28.917598556440346 0
vertex 96.92029629905879 -28.544510063092346 0
vertex 97.37490594355963 -28.917598556440346 0
endloop
endfacet
facet normal 0 0 1
outer loop
vertex 93.58687490094118 -28.544510063092346 0
vertex 94.10553530290471 -28.267280302466148 0
vertex 81.54780207708819 -28.267280302466148 0
endloop
endfacet
facet normal 0 0 1
outer loop
vertex 93.58687490094118 -28.544510063092346 0
vertex 81.54780207708819 -28.267280302466148 0
vertex 81.92389624064803 -28.544510063092346 0
endloop
endfacet
facet normal 0 0 1
outer loop
vertex 103.71444890855699 -28.544510063092346 0
vertex 103.9085672485235 -28.267280302466148 0
vertex 96.40163589709528 -28.267280302466148 0
endloop
endfacet
facet normal 0 0 1
outer loop
vertex 103.71444890855699 -28.544510063092346 0
vertex 96.40163589709528 -28.267280302466148 0
vertex 96.92029629905879 -28.544510063092346 0
endloop
endfacet
facet normal 0 0 1
outer loop
vertex 94.10553530290471 -28.267280302466148 0
vertex 94.66831463395162 -28.096563058790316 0
vertex 81.3162044346833 -28.096563058790316 0
endloop
endfacet
facet normal 0 0 1
outer loop
vertex 94.10553530290471 -28.267280302466148 0
vertex 81.3162044346833 -28.096563058790316 0
vertex 81.54780207708819 -28.267280302466148 0
endloop
endfacet
facet normal 0 0 1
outer loop
vertex 103.9085672485235 -28.267280302466148 0
vertex 104.02810473205759 -28.096563058790316 0
vertex 95.83885656604839 -28.096563058790316 0
endloop
endfacet
facet normal 0 0 1
outer loop
vertex 103.9085672485235 -28.267280302466148 0
vertex 95.83885656604839 -28.096563058790316 0
vertex 96.40163589709528 -28.267280302466148 0
endloop
endfacet
facet normal 0 0 1
outer loop
vertex 94.66831463395162 -28.096563058790316 0
vertex 95.25358559999997 -28.0389189 0
vertex 81.23800348094952 -28.0389189 0
endloop
endfacet
facet normal 0 0 1
outer loop
vertex 94.66831463395162 -28.096563058790316 0
vertex 81.23800348094952 -28.0389189 0
vertex 81.3162044346833 -28.096563058790316 0
endloop
endfacet
facet normal 0 0 1
outer loop
vertex 104.02810473205759 -28.096563058790316 0
vertex 104.0684676007044 -28.0389189 0
vertex 95.25358559999997 -28.0389189 0
endloop
endfacet
facet normal 0 0 1
outer loop
vertex 104.02810473205759 -28.096563058790316 0
vertex 95.25358559999997 -28.0389189 0
vertex 95.83885656604839 -28.096563058790316 0
endloop
endfacet
facet normal 0 0 1
outer loop
vertex 95.25358559999997 -28.0389189 0
vertex 104.0684676007044 -28.0389189 0
vertex 104.44582262207109 -27.5 0
endloop
endfacet
facet normal 0 0 1
outer loop
vertex 95.25358559999997 -28.0389189 0
vertex 104.44582262207109 -27.5 0
vertex 80.50689780000002 -27.5 0
endloop
endfacet
facet normal 0 0 1
outer loop
vertex 95.25358559999997 -28.0389189 0
vertex 80.50689780000002 -27.5 0
vertex 81.23800348094952 -28.0389189 0
endloop
endfacet
facet normal 0 0 1
outer loop
vertex 80.50689780000002 -27.5 0
vertex 104.44582262207109 -27.5 0
vertex 106.54644493110513 -24.5 0
endloop
endfacet
facet normal 0 0 1
outer loop
vertex 80.50689780000002 -27.5 0
vertex 106.54644493110513 -24.5 0
vertex 64.99999999999999 -24.5 0
endloop
endfacet
facet normal 0 0 1
outer loop
vertex 80.50689780000002 -27.5 0
vertex 64.99999999999999 -24.5 0
vertex 59.5 -24.5 0
endloop
endfacet
facet normal 0 0 1
outer loop
vertex 80.50689780000002 -27.5 0
vertex 59.5 -24.5 0
vertex 59.5 -24.999999999999993 0
endloop
endfacet
facet normal 0 0 1
outer loop
vertex 80.50689780000002 -27.5 0
vertex 59.5 -24.999999999999993 0
vertex 59.53798061746948 -25.434120444167327 0
endloop
endfacet
facet normal 0 0 1
outer loop
vertex 80.50689780000002 -27.5 0
vertex 59.53798061746948 -25.434120444167327 0
vertex 59.65076844803524 -25.855050358314195 0
endloop
endfacet
facet normal 0 0 1
outer loop
vertex 80.50689780000002 -27.5 0
vertex 59.65076844803524 -25.855050358314195 0
vertex 59.83493649053889 -26.24999999999998 0
endloop
endfacet
facet normal 0 0 1
outer loop
vertex 80.50689780000002 -27.5 0
vertex 59.83493649053889 -26.24999999999998 0
vertex 60.08488889220254 -26.606969024216326 0
endloop
endfacet
facet normal 0 0 1
outer loop
vertex 80.50689780000002 -27.5 0
vertex 60.08488889220254 -26.606969024216326 0
vertex 60.393030975783674 -26.915111107797465 0
endloop
endfacet
facet normal 0 0 1
outer loop
vertex 80.50689780000002 -27.5 0
vertex 60.393030975783674 -26.915111107797465 0
vertex 60.749999999999986 -27.165063509461085 0
endloop
endfacet
facet normal 0 0 1
outer loop
vertex 80.50689780000002 -27.5 0
vertex 60.749999999999986 -27.165063509461085 0
vertex 61.1449496416858 -27.349231551964756 0
endloop
endfacet
facet normal 0 0 1
outer loop
vertex 80.50689780000002 -27.5 0
vertex 61.1449496416858 -27.349231551964756 0
vertex 61.565879555832694 -27.46201938253052 0
endloop
endfacet
facet normal 0 0 1
outer loop
vertex 80.50689780000002 -27.5 0
vertex 61.565879555832694 -27.46201938253052 0
vertex 61.99999999999998 -27.5 0
endloop
endfacet
facet normal 0 0 1
outer loop
vertex 64.99999999999999 -24.5 0
vertex 64.41472903395163 -24.442355841209693 0
vertex 59.5 -24.442355841209693 0
endloop
endfacet
facet normal 0 0 1
outer loop
vertex 64.99999999999999 -24.5 0
vertex 59.5 -24.442355841209693 0
vertex 59.5 -24.5 0
endloop
endfacet
facet normal 0 0 1
outer loop
vertex 106.54644493110513 -24.5 0
vertex 106.58680779975194 -24.442355841209693 0
vertex 65.58527096604836 -24.442355841209693 0
endloop
endfacet
facet normal 0 0 1
outer loop
vertex 106.54644493110513 -24.5 0
vertex 65.58527096604836 -24.442355841209693 0
vertex 64.99999999999999 -24.5 0
endloop
endfacet
facet normal 0 0 1
outer loop
vertex 64.41472903395163 -24.442355841209693 0
vertex 63.85194970290471 -24.27163859753385 0
vertex 59.5 -24.27163859753385 0
endloop
endfacet
facet normal 0 0 1
outer loop
vertex 64.41472903395163 -24.442355841209693 0
vertex 59.5 -24.27163859753385 0
vertex 59.5 -24.442355841209693 0
endloop
endfacet
facet normal 0 0 1
outer loop
vertex 106.58680779975194 -24.442355841209693 0
vertex 106.70634528328603 -24.27163859753385 0
vertex 66.1480502970953 -24.27163859753385 0
endloop
endfacet
facet normal 0 0 1
outer loop
vertex 106.58680779975194 -24.442355841209693 0
vertex 66.1480502970953 -24.27163859753385 0
vertex 65.58527096604836 -24.442355841209693 0
endloop
endfacet
facet normal 0 0 1
outer loop
vertex 63.85194970290471 -24.27163859753385 0
vertex 63.33328930094119 -23.99440883690763 0
vertex 59.5 -23.99440883690763 0
endloop
endfacet
facet normal 0 0 1
outer loop
vertex 63.85194970290471 -24.27163859753385 0
vertex 59.5 -23.99440883690763 0
vertex 59.5 -24.27163859753385 0
endloop
endfacet
facet normal 0 0 1
outer loop
vertex 106.70634528328603 -24.27163859753385 0
vertex 106.90046362325256 -23.99440883690763 0
vertex 66.66671069905883 -23.99440883690763 0
endloop
endfacet
facet normal 0 0 1
outer loop
vertex 106.70634528328603 -24.27163859753385 0
vertex 66.66671069905883 -23.99440883690763 0
vertex 66.1480502970953 -24.27163859753385 0
endloop
endfacet
facet normal 0 0 1
outer loop
vertex 63.33328930094119 -23.99440883690763 0
vertex 62.878679656440376 -23.621320343559663 0
vertex 59.5 -23.621320343559663 0
endloop
endfacet
facet normal 0 0 1
outer loop
vertex 63.33328930094119 -23.99440883690763 0
vertex 59.5 -23.621320343559663 0
vertex 59.5 -23.99440883690763 0
endloop
endfacet
facet normal 0 0 1
outer loop
vertex 106.90046362325256 -23.99440883690763 0
vertex 107.16170296070945 -23.621320343559663 0
vertex 67.1213203435596 -23.621320343559663 0
endloop
endfacet
facet normal 0 0 1
outer loop
vertex 106.90046362325256 -23.99440883690763 0
vertex 67.1213203435596 -23.621320343559663 0
vertex 66.66671069905883 -23.99440883690763 0
endloop
endfacet
facet normal 0 0 1
outer loop
vertex 62.878679656440376 -23.621320343559663 0
vertex 62.505591163092355 -23.166710699058797 0
vertex 59.5 -23.166710699058797 0
endloop
endfacet
facet normal 0 0 1
outer loop
vertex 62.878679656440376 -23.621320343559663 0
vertex 59.5 -23.166710699058797 0
vertex 59.5 -23.621320343559663 0
endloop
endfacet
facet normal 0 0 1
outer loop
vertex 107.16170296070945 -23.621320343559663 0
vertex 107.48002401442297 -23.166710699058797 0
vertex 67.49440883690764 -23.166710699058797 0
endloop
endfacet
facet normal 0 0 1
outer loop
vertex 107.16170296070945 -23.621320343559663 0
vertex 67.49440883690764 -23.166710699058797 0
vertex 67.1213203435596 -23.621320343559663 0
endloop
endfacet
facet normal 0 0 1
outer loop
vertex 62.505591163092355 -23.166710699058797 0
vertex 62.22836140246615 -22.64805029709529 0
vertex 59.5 -22.64805029709529 0
endloop
endfacet
facet normal 0 0 1
outer loop
vertex 62.505591163092355 -23.166710699058797 0
vertex 59.5 -22.64805029709529 0
vertex 59.5 -23.166710699058797 0
endloop
endfacet
facet normal 0 0 1
outer loop
vertex 107.48002401442297 -23.166710699058797 0
vertex 107.84319388481535 -22.64805029709529 0
vertex 67.77163859753385 -22.64805029709529 0
endloop
endfacet
facet normal 0 0 1
outer loop
vertex 107.48002401442297 -23.166710699058797 0
vertex 67.77163859753385 -22.64805029709529 0
vertex 67.49440883690764 -23.166710699058797 0
endloop
endfacet
facet normal 0 0 1
outer loop
vertex 62.22836140246615 -22.64805029709529 0
vertex 62.0576441587903 -22.085270966048345 0
vertex 59.5 -22.085270966048345 0
endloop
endfacet
facet normal 0 0 1
outer loop
vertex 62.22836140246615 -22.64805029709529 0
vertex 59.5 -22.085270966048345 0
vertex 59.5 -22.64805029709529 0
endloop
endfacet
facet normal 0 0 1
outer loop
vertex 107.84319388481535 -22.64805029709529 0
vertex 108.2372561574355 -22.085270966048345 0
vertex 67.94235584120969 -22.085270966048345 0
endloop
endfacet
facet normal 0 0 1
outer loop
vertex 107.84319388481535 -22.64805029709529 0
vertex 67.94235584120969 -22.085270966048345 0
vertex 67.77163859753385 -22.64805029709529 0
endloop
endfacet
facet normal 0 0 1
outer loop
vertex 62.0576441587903 -22.085270966048345 0
vertex 62 -21.49999999999999 0
vertex 59.5 -21.49999999999999 0
endloop
endfacet
facet normal 0 0 1
outer loop
vertex 62.0576441587903 -22.085270966048345 0
vertex 59.5 -21.49999999999999 0
vertex 59.5 -22.085270966048345 0
endloop
endfacet
facet normal 0 0 1
outer loop
vertex 108.2372561574355 -22.085270966048345 0
vertex 108.6470672401392 -21.49999999999999 0
vertex 68 -21.49999999999999 0
endloop
endfacet
facet normal 0 0 1
outer loop
vertex 108.2372561574355 -22.085270966048345 0
vertex 68 -21.49999999999999 0
vertex 67.94235584120969 -22.085270966048345 0
endloop
endfacet
facet normal 0 0 1
outer loop
vertex 62 -21.49999999999999 0
vertex 62.05764415879031 -20.914729033951637 0
vertex 59.5 -20.914729033951637 0
endloop
endfacet
facet normal 0 0 1
outer loop
vertex 62 -21.49999999999999 0
vertex 59.5 -20.914729033951637 0
vertex 59.5 -21.49999999999999 0
endloop
endfacet
facet normal 0 0 1
outer loop
vertex 108.6470672401392 -21.49999999999999 0
vertex 109.05687832284289 -20.914729033951637 0
vertex 67.94235584120969 -20.914729033951637 0
endloop
endfacet
facet normal 0 0 1
outer loop
vertex 108.6470672401392 -21.49999999999999 0
vertex 67.94235584120969 -20.914729033951637 0
vertex 68 -21.49999999999999 0
endloop
endfacet
facet normal 0 0 1
outer loop
vertex 62.05764415879031 -20.914729033951637 0
vertex 62.22836140246615 -20.351949702904697 0
vertex 59.5 -20.351949702904697 0
endloop
endfacet
facet normal 0 0 1
outer loop
vertex 62.05764415879031 -20.914729033951637 0
vertex 59.5 -20.351949702904697 0
vertex 59.5 -20.914729033951637 0
endloop
endfacet
facet normal 0 0 1
outer loop
vertex 109.05687832284289 -20.914729033951637 0
vertex 109.22293204999988 -20.67757970000018 0
vertex 109.41093436172598 -20.351949702904697 0
endloop
endfacet
facet normal 0 0 1
outer loop
vertex 109.05687832284289 -20.914729033951637 0
vertex 109.41093436172598 -20.351949702904697 0
vertex 67.77163859753385 -20.351949702904697 0
endloop
endfacet
facet normal 0 0 1
outer loop
vertex 109.05687832284289 -20.914729033951637 0
vertex 67.77163859753385 -20.351949702904697 0
vertex 67.94235584120969 -20.914729033951637 0
endloop
endfacet
facet normal 0 0 1
outer loop
vertex 62.22836140246615 -20.351949702904697 0
vertex 62.50559116309237 -19.833289300941182 0
vertex 59.5 -19.833289300941182 0
endloop
endfacet
facet normal 0 0 1
outer loop
vertex 62.22836140246615 -20.351949702904697 0
vertex 59.5 -19.833289300941182 0
vertex 59.5 -20.351949702904697 0
endloop
endfacet
facet normal 0 0 1
outer loop
vertex 109.41093436172598 -20.351949702904697 0
vertex 109.44082110613354 -20.300184272973127 0
vertex 109.58986593582402 -19.89068630244605 0
endloop
endfacet
facet normal 0 0 1
outer loop
vertex 109.41093436172598 -20.351949702904697 0
vertex 109.58986593582402 -19.89068630244605 0
vertex 109.5999865486134 -19.833289300941182 0
endloop
endfacet
facet normal 0 0 1
outer loop
vertex 109.41093436172598 -20.351949702904697 0
vertex 109.5999865486134 -19.833289300941182 0
vertex 67.49440883690764 -19.833289300941182 0
endloop
endfacet
facet normal 0 0 1
outer loop
vertex 109.41093436172598 -20.351949702904697 0
vertex 67.49440883690764 -19.833289300941182 0
vertex 67.77163859753385 -20.351949702904697 0
endloop
endfacet
facet normal 0 0 1
outer loop
vertex 62.50559116309237 -19.833289300941182 0
vertex 62.87867965644034 -19.378679656440344 0
vertex 59.5 -19.378679656440344 0
endloop
endfacet
facet normal 0 0 1
outer loop
vertex 62.50559116309237 -19.833289300941182 0
vertex 59.5 -19.378679656440344 0
vertex 59.5 -19.833289300941182 0
endloop
endfacet
facet normal 0 0 1
outer loop
vertex 109.5999865486134 -19.833289300941182 0
vertex 109.66553789063815 -19.461528167980134 0
vertex 109.66553785785376 -19.378679656440344 0
endloop
endfacet
facet normal 0 0 1
outer loop
vertex 109.5999865486134 -19.833289300941182 0
vertex 109.66553785785376 -19.378679656440344 0
vertex 67.12132034355963 -19.378679656440344 0
endloop
endfacet
facet normal 0 0 1
outer loop
vertex 109.5999865486134 -19.833289300941182 0
vertex 67.12132034355963 -19.378679656440344 0
vertex 67.49440883690764 -19.833289300941182 0
endloop
endfacet
facet normal 0 0 1
outer loop
vertex 62.87867965644034 -19.378679656440344 0
vertex 63.33328930094121 -19.00559116309238 0
vertex 59.5 -19.00559116309238 0
endloop
endfacet
facet normal 0 0 1
outer loop
vertex 62.87867965644034 -19.378679656440344 0
vertex 59.5 -19.00559116309238 0
vertex 59.5 -19.378679656440344 0
endloop
endfacet
facet normal 0 0 1
outer loop
vertex 109.66553785785376 -19.378679656440344 0
vertex 109.66553771819412 -19.025749612836087 0
vertex 109.66198323271364 -19.00559116309238 0
endloop
endfacet
facet normal 0 0 1
outer loop
vertex 109.66553785785376 -19.378679656440344 0
vertex 109.66198323271364 -19.00559116309238 0
vertex 66.66671069905883 -19.00559116309238 0
endloop
endfacet
facet normal 0 0 1
outer loop
vertex 109.66553785785376 -19.378679656440344 0
vertex 66.66671069905883 -19.00559116309238 0
vertex 67.12132034355963 -19.378679656440344 0
endloop
endfacet
facet normal 0 0 1
outer loop
vertex 63.33328930094121 -19.00559116309238 0
vertex 63.85194970290469 -18.728361402466135 0
vertex 59.5 -18.728361402466135 0
endloop
endfacet
facet normal 0 0 1
outer loop
vertex 63.33328930094121 -19.00559116309238 0
vertex 59.5 -18.728361402466135 0
vertex 59.5 -19.00559116309238 0
endloop
endfacet
facet normal 0 0 1
outer loop
vertex 109.66198323271364 -19.00559116309238 0
vertex 109.613100051148 -18.728361402466135 0
vertex 66.14805029709525 -18.728361402466135 0
endloop
endfacet
facet normal 0 0 1
outer loop
vertex 109.66198323271364 -19.00559116309238 0
vertex 66.14805029709525 -18.728361402466135 0
vertex 66.66671069905883 -19.00559116309238 0
endloop
endfacet
facet normal 0 0 1
outer loop
vertex 63.85194970290469 -18.728361402466135 0
vertex 64.41472903395166 -18.55764415879031 0
vertex 59.5 -18.55764415879031 0
endloop
endfacet
facet normal 0 0 1
outer loop
vertex 63.85194970290469 -18.728361402466135 0
vertex 59.5 -18.55764415879031 0
vertex 59.5 -18.728361402466135 0
endloop
endfacet
facet normal 0 0 1
outer loop
vertex 109.613100051148 -18.728361402466135 0
vertex 109.5898654237316 -18.596591538259545 0
vertex 109.57568972506581 -18.55764415879031 0
endloop
endfacet
facet normal 0 0 1
outer loop
vertex 109.613100051148 -18.728361402466135 0
vertex 109.57568972506581 -18.55764415879031 0
vertex 65.5852709660484 -18.55764415879031 0
endloop
endfacet
facet normal 0 0 1
outer loop
vertex 109.613100051148 -18.728361402466135 0
vertex 65.5852709660484 -18.55764415879031 0
vertex 66.14805029709525 -18.728361402466135 0
endloop
endfacet
facet normal 0 0 1
outer loop
vertex 64.41472903395166 -18.55764415879031 0
vertex 65.00000000000001 -18.5 0
vertex 59.5 -18.5 0
endloop
endfacet
facet normal 0 0 1
outer loop
vertex 64.41472903395166 -18.55764415879031 0
vertex 59.5 -18.5 0
vertex 59.5 -18.55764415879031 0
endloop
endfacet
facet normal 0 0 1
outer loop
vertex 109.57568972506581 -18.55764415879031 0
vertex 109.55470894956848 -18.5 0
vertex 65.00000000000001 -18.5 0
endloop
endfacet
facet normal 0 0 1
outer loop
vertex 109.57568972506581 -18.55764415879031 0
vertex 65.00000000000001 -18.5 0
vertex 65.5852709660484 -18.55764415879031 0
endloop
endfacet
facet normal 0 0 1
outer loop
vertex 65.00000000000001 -18.5 0
vertex 109.55470894956848 -18.5 0
vertex 109.44082026995228 -18.187093685691018 0
endloop
endfacet
facet normal 0 0 1
outer loop
vertex 65.00000000000001 -18.5 0
vertex 109.44082026995228 -18.187093685691018 0
vertex 109.22293091513684 -17.80969843110805 0
endloop
endfacet
facet normal 0 0 1
outer loop
vertex 65.00000000000001 -18.5 0
vertex 109.22293091513684 -17.80969843110805 0
vertex 108.94281781225548 -17.47587273000408 0
endloop
endfacet
facet normal 0 0 1
outer loop
vertex 65.00000000000001 -18.5 0
vertex 108.94281781225548 -17.47587273000408 0
vertex 108.60899410000003 -17.195759400000018 0
endloop
endfacet
facet normal 0 0 1
outer loop
vertex 65.00000000000001 -18.5 0
vertex 108.60899410000003 -17.195759400000018 0
vertex 106.49999987588524 -15.719025800000004 0
endloop
endfacet
facet normal 0 0 1
outer loop
vertex 65.00000000000001 -18.5 0
vertex 106.49999987588524 -15.719025800000004 0
vertex 59.5 -15.719025800000004 0
endloop
endfacet
facet normal 0 0 1
outer loop
vertex 65.00000000000001 -18.5 0
vertex 59.5 -15.719025800000004 0
vertex 59.5 -18.5 0
endloop
endfacet
facet normal 0 0 1
outer loop
vertex 10.79476497597857 -12.5 0
vertex 6.535761388159479 -12.5 0
vertex 10.794740299999972 -12.500001250000004 0
endloop
endfacet
facet normal 0 0 1
outer loop
vertex 6.535761388159479 -12.5 0
vertex 10.79476497597857 -12.5 0
vertex 11.047366292376765 -12.487204088168284 0
endloop
endfacet
facet normal 0 0 1
outer loop
vertex 6.535761388159479 -12.5 0
vertex 11.047366292376765 -12.487204088168284 0
vertex 11.297406011523464 -12.448944472065463 0
endloop
endfacet
facet normal 0 0 1
outer loop
vertex 6.535761388159479 -12.5 0
vertex 11.297406011523464 -12.448944472065463 0
vertex 11.5422997044449 -12.385614080130658 0
endloop
endfacet
facet normal 0 0 1
outer loop
vertex 6.535761388159479 -12.5 0
vertex 11.5422997044449 -12.385614080130658 0
vertex 11.779540599999962 -12.297862500000019 0
endloop
endfacet
facet normal 0 0 1
outer loop
vertex 6.535761388159479 -12.5 0
vertex 11.779540599999962 -12.297862500000019 0
vertex 18.30788641724774 -9.5 0
endloop
endfacet
facet normal 0 0 1
outer loop
vertex 6.535761388159479 -12.5 0
vertex 18.30788641724774 -9.5 0
vertex -6.999999999999982 -9.5 0
endloop
endfacet
facet normal 0 0 1
outer loop
vertex 6.535761388159479 -12.5 0
vertex -6.999999999999982 -9.5 0
vertex -12.5 -9.5 0
endloop
endfacet
facet normal 0 0 1
outer loop
vertex 6.535761388159479 -12.5 0
vertex -12.5 -9.5 0
vertex -12.5 -9.999999999999993 0
endloop
endfacet
facet normal 0 0 1
outer loop
vertex 6.535761388159479 -12.5 0
vertex -12.5 -9.999999999999993 0
vertex -12.46201938253052 -10.434120444167338 0
endloop
endfacet
facet normal 0 0 1
outer loop
vertex 6.535761388159479 -12.5 0
vertex -12.46201938253052 -10.434120444167338 0
vertex -12.34923155196477 -10.855050358314177 0
endloop
endfacet
facet normal 0 0 1
outer loop
vertex 6.535761388159479 -12.5 0
vertex -12.34923155196477 -10.855050358314177 0
vertex -12.165063509461106 -11.24999999999999 0
endloop
endfacet
facet normal 0 0 1
outer loop
vertex 6.535761388159479 -12.5 0
vertex -12.165063509461106 -11.24999999999999 0
vertex -11.915111107797458 -11.606969024216333 0
endloop
endfacet
facet normal 0 0 1
outer loop
vertex 6.535761388159479 -12.5 0
vertex -11.915111107797458 -11.606969024216333 0
vertex -11.60696902421634 -11.915111107797443 0
endloop
endfacet
facet normal 0 0 1
outer loop
vertex 6.535761388159479 -12.5 0
vertex -11.60696902421634 -11.915111107797443 0
vertex -11.249999999999972 -12.165063509461113 0
endloop
endfacet
facet normal 0 0 1
outer loop
vertex 6.535761388159479 -12.5 0
vertex -11.249999999999972 -12.165063509461113 0
vertex -10.855050358314188 -12.349231551964763 0
endloop
endfacet
facet normal 0 0 1
outer loop
vertex 6.535761388159479 -12.5 0
vertex -10.855050358314188 -12.349231551964763 0
vertex -10.434120444167263 -12.462019382530531 0
endloop
endfacet
facet normal 0 0 1
outer loop
vertex 6.535761388159479 -12.5 0
vertex -10.434120444167263 -12.462019382530531 0
vertex -10.000000000000043 -12.5 0
endloop
endfacet
facet normal 0 0 1
outer loop
vertex -6.999999999999982 -9.5 0
vertex -7.585270966048384 -9.44235584120969 0
vertex -12.5 -9.44235584120969 0
endloop
endfacet
facet normal 0 0 1
outer loop
vertex -6.999999999999982 -9.5 0
vertex -12.5 -9.44235584120969 0
vertex -12.5 -9.5 0
endloop
endfacet
facet normal 0 0 1
outer loop
vertex 18.30788641724774 -9.5 0
vertex 18.44238945409372 -9.44235584120969 0
vertex -6.414729033951595 -9.44235584120969 0
endloop
endfacet
facet normal 0 0 1
outer loop
vertex 18.30788641724774 -9.5 0
vertex -6.414729033951595 -9.44235584120969 0
vertex -6.999999999999982 -9.5 0
endloop
endfacet
facet normal 0 0 1
outer loop
vertex -7.585270966048384 -9.44235584120969 0
vertex -8.148050297095274 -9.271638597533858 0
vertex -12.5 -9.271638597533858 0
endloop
endfacet
facet normal 0 0 1
outer loop
vertex -7.585270966048384 -9.44235584120969 0
vertex -12.5 -9.271638597533858 0
vertex -12.5 -9.44235584120969 0
endloop
endfacet
facet normal 0 0 1
outer loop
vertex 18.44238945409372 -9.44235584120969 0
vertex 18.840729688355832 -9.271638597533858 0
vertex -5.8519497029047285 -9.271638597533858 0
endloop
endfacet
facet normal 0 0 1
outer loop
vertex 18.44238945409372 -9.44235584120969 0
vertex -5.8519497029047285 -9.271638597533858 0
vertex -6.414729033951595 -9.44235584120969 0
endloop
endfacet
facet normal 0 0 1
outer loop
vertex -8.148050297095274 -9.271638597533858 0
vertex -8.666710699058804 -8.994408836907638 0
vertex -12.5 -8.994408836907638 0
endloop
endfacet
facet normal 0 0 1
outer loop
vertex -8.148050297095274 -9.271638597533858 0
vertex -12.5 -8.994408836907638 0
vertex -12.5 -9.271638597533858 0
endloop
endfacet
facet normal 0 0 1
outer loop
vertex 18.840729688355832 -9.271638597533858 0
vertex 19.48759912822315 -8.994408836907638 0
vertex -5.3332893009412015 -8.994408836907638 0
endloop
endfacet
facet normal 0 0 1
outer loop
vertex 18.840729688355832 -9.271638597533858 0
vertex -5.3332893009412015 -8.994408836907638 0
vertex -5.8519497029047285 -9.271638597533858 0
endloop
endfacet
facet normal 0 0 1
outer loop
vertex -8.666710699058804 -8.994408836907638 0
vertex -9.121320343559638 -8.621320343559647 0
vertex -12.5 -8.621320343559647 0
endloop
endfacet
facet normal 0 0 1
outer loop
vertex -8.666710699058804 -8.994408836907638 0
vertex -12.5 -8.621320343559647 0
vertex -12.5 -8.994408836907638 0
endloop
endfacet
facet normal 0 0 1
outer loop
vertex 19.48759912822315 -8.994408836907638 0
vertex 20.35813894389015 -8.621320343559647 0
vertex -4.878679656440361 -8.621320343559647 0
endloop
endfacet
facet normal 0 0 1
outer loop
vertex 19.48759912822315 -8.994408836907638 0
vertex -4.878679656440361 -8.621320343559647 0
vertex -5.3332893009412015 -8.994408836907638 0
endloop
endfacet
facet normal 0 0 1
outer loop
vertex -9.121320343559638 -8.621320343559647 0
vertex -9.494408836907638 -8.166710699058807 0
vertex -12.5 -8.166710699058807 0
endloop
endfacet
facet normal 0 0 1
outer loop
vertex -9.121320343559638 -8.621320343559647 0
vertex -12.5 -8.166710699058807 0
vertex -12.5 -8.621320343559647 0
endloop
endfacet
facet normal 0 0 1
outer loop
vertex 20.35813894389015 -8.621320343559647 0
vertex 21.418894778445114 -8.166710699058807 0
vertex -4.505591163092363 -8.166710699058807 0
endloop
endfacet
facet normal 0 0 1
outer loop
vertex 20.35813894389015 -8.621320343559647 0
vertex -4.505591163092363 -8.166710699058807 0
vertex -4.878679656440361 -8.621320343559647 0
endloop
endfacet
facet normal 0 0 1
outer loop
vertex -9.494408836907638 -8.166710699058807 0
vertex -9.771638597533865 -7.648050297095256 0
vertex -12.5 -7.648050297095256 0
endloop
endfacet
facet normal 0 0 1
outer loop
vertex -9.494408836907638 -8.166710699058807 0
vertex -12.5 -7.648050297095256 0
vertex -12.5 -8.166710699058807 0
endloop
endfacet
facet normal 0 0 1
outer loop
vertex 21.418894778445114 -8.166710699058807 0
vertex 22.629102380044827 -7.648050297095256 0
vertex -4.228361402466133 -7.648050297095256 0
endloop
endfacet
facet normal 0 0 1
outer loop
vertex 21.418894778445114 -8.166710699058807 0
vertex -4.228361402466133 -7.648050297095256 0
vertex -4.505591163092363 -8.166710699058807 0
endloop
endfacet
facet normal 0 0 1
outer loop
vertex -9.771638597533865 -7.648050297095256 0
vertex -9.94235584120969 -7.085270966048398 0
vertex -12.5 -7.085270966048398 0
endloop
endfacet
facet normal 0 0 1
outer loop
vertex -9.771638597533865 -7.648050297095256 0
vertex -12.5 -7.085270966048398 0
vertex -12.5 -7.648050297095256 0
endloop
endfacet
facet normal 0 0 1
outer loop
vertex 22.629102380044827 -7.648050297095256 0
vertex 23.94225414925194 -7.085270966048398 0
vertex -4.0576441587903105 -7.085270966048398 0
endloop
endfacet
facet normal 0 0 1
outer loop
vertex 22.629102380044827 -7.648050297095256 0
vertex -4.0576441587903105 -7.085270966048398 0
vertex -4.228361402466133 -7.648050297095256 0
endloop
endfacet
facet normal 0 0 1
outer loop
vertex -9.94235584120969 -7.085270966048398 0
vertex -10 -6.5 0
vertex -12.5 -6.5 0
endloop
endfacet
facet normal 0 0 1
outer loop
vertex -9.94235584120969 -7.085270966048398 0
vertex -12.5 -6.5 0
vertex -12.5 -7.085270966048398 0
endloop
endfacet
facet normal 0 0 1
outer loop
vertex 23.94225414925194 -7.085270966048398 0
vertex 25.307886400000005 -6.5 0
vertex -4.000000021753808 -6.5 0
endloop
endfacet
facet normal 0 0 1
outer loop
vertex 23.94225414925194 -7.085270966048398 0
vertex -4.000000021753808 -6.5 0
vertex -4.0576441587903105 -7.085270966048398 0
endloop
endfacet
facet normal 0 0 1
outer loop
vertex 106.49999987588524 -15.719025800000004 0
vertex 106.5 -6.5 0
vertex 59.5 -6.5 0
endloop
endfacet
facet normal 0 0 1
outer loop
vertex 106.49999987588524 -15.719025800000004 0
vertex 59.5 -6.5 0
vertex 59.5 -15.719025800000004 0
endloop
endfacet
facet normal 0 0 1
outer loop
vertex -10 -6.5 0
vertex -9.94235584120969 -5.91472903395162 0
vertex -12.5 -5.91472903395162 0
endloop
endfacet
facet normal 0 0 1
outer loop
vertex -10 -6.5 0
vertex -12.5 -5.91472903395162 0
vertex -12.5 -6.5 0
endloop
endfacet
facet normal 0 0 1
outer loop
vertex 25.307886400000005 -6.5 0
vertex 59.5 -6.5 0
vertex 106.5 -6.5 0
endloop
endfacet
facet normal 0 0 1
outer loop
vertex 25.307886400000005 -6.5 0
vertex 106.5 -6.5 0
vertex 106.5 -5.91472903395162 0
endloop
endfacet
facet normal 0 0 1
outer loop
vertex 25.307886400000005 -6.5 0
vertex 106.5 -5.91472903395162 0
vertex -4.057644158790309 -5.91472903395162 0
endloop
endfacet
facet normal 0 0 1
outer loop
vertex 25.307886400000005 -6.5 0
vertex -4.057644158790309 -5.91472903395162 0
vertex -4.000000021753808 -6.5 0
endloop
endfacet
facet normal 0 0 1
outer loop
vertex -9.94235584120969 -5.91472903395162 0
vertex -9.771638597533851 -5.351949702904729 0
vertex -12.5 -5.351949702904729 0
endloop
endfacet
facet normal 0 0 1
outer loop
vertex -9.94235584120969 -5.91472903395162 0
vertex -12.5 -5.351949702904729 0
vertex -12.5 -5.91472903395162 0
endloop
endfacet
facet normal 0 0 1
outer loop
vertex 106.5 -5.91472903395162 0
vertex 106.5 -5.351949702904729 0
vertex -4.228361402466144 -5.351949702904729 0
endloop
endfacet
facet normal 0 0 1
outer loop
vertex 106.5 -5.91472903395162 0
vertex -4.228361402466144 -5.351949702904729 0
vertex -4.057644158790309 -5.91472903395162 0
endloop
endfacet
facet normal 0 0 1
outer loop
vertex -9.771638597533851 -5.351949702904729 0
vertex -9.494408836907638 -4.833289300941194 0
vertex -12.5 -4.833289300941194 0
endloop
endfacet
facet normal 0 0 1
outer loop
vertex -9.771638597533851 -5.351949702904729 0
vertex -12.5 -4.833289300941194 0
vertex -12.5 -5.351949702904729 0
endloop
endfacet
facet normal 0 0 1
outer loop
vertex 106.5 -5.351949702904729 0
vertex 106.5 -4.833289300941194 0
vertex -4.505591163092364 -4.833289300941194 0
endloop
endfacet
facet normal 0 0 1
outer loop
vertex 106.5 -5.351949702904729 0
vertex -4.505591163092364 -4.833289300941194 0
vertex -4.228361402466144 -5.351949702904729 0
endloop
endfacet
facet normal 0 0 1
outer loop
vertex -9.494408836907638 -4.833289300941194 0
vertex -9.121320343559645 -4.37867965644036 0
vertex -12.5 -4.37867965644036 0
endloop
endfacet
facet normal 0 0 1
outer loop
vertex -9.494408836907638 -4.833289300941194 0
vertex -12.5 -4.37867965644036 0
vertex -12.5 -4.833289300941194 0
endloop
endfacet
facet normal 0 0 1
outer loop
vertex 106.5 -4.833289300941194 0
vertex 106.5 -4.37867965644036 0
vertex -4.8786796564403545 -4.37867965644036 0
endloop
endfacet
facet normal 0 0 1
outer loop
vertex 106.5 -4.833289300941194 0
vertex -4.8786796564403545 -4.37867965644036 0
vertex -4.505591163092364 -4.833289300941194 0
endloop
endfacet
facet normal 0 0 1
outer loop
vertex -9.121320343559645 -4.37867965644036 0
vertex -8.666710699058804 -4.005591163092362 0
vertex -12.5 -4.005591163092362 0
endloop
endfacet
facet normal 0 0 1
outer loop
vertex -9.121320343559645 -4.37867965644036 0
vertex -12.5 -4.005591163092362 0
vertex -12.5 -4.37867965644036 0
endloop
endfacet
facet normal 0 0 1
outer loop
vertex 106.5 -4.37867965644036 0
vertex 106.5 -4.005591163092362 0
vertex -5.333289300941195 -4.005591163092362 0
endloop
endfacet
facet normal 0 0 1
outer loop
vertex 106.5 -4.37867965644036 0
vertex -5.333289300941195 -4.005591163092362 0
vertex -4.8786796564403545 -4.37867965644036 0
endloop
endfacet
facet normal 0 0 1
outer loop
vertex -8.666710699058804 -4.005591163092362 0
vertex -8.148050297095267 -3.7283614024661382 0
vertex -12.5 -3.7283614024661382 0
endloop
endfacet
facet normal 0 0 1
outer loop
vertex -8.666710699058804 -4.005591163092362 0
vertex -12.5 -3.7283614024661382 0
vertex -12.5 -4.005591163092362 0
endloop
endfacet
facet normal 0 0 1
outer loop
vertex 106.5 -4.005591163092362 0
vertex 106.5 -3.7283614024661382 0
vertex -5.851949702904728 -3.7283614024661382 0
endloop
endfacet
facet normal 0 0 1
outer loop
vertex 106.5 -4.005591163092362 0
vertex -5.851949702904728 -3.7283614024661382 0
vertex -5.333289300941195 -4.005591163092362 0
endloop
endfacet
facet normal 0 0 1
outer loop
vertex -8.148050297095267 -3.7283614024661382 0
vertex -7.585270966048391 -3.5576441587903105 0
vertex -12.5 -3.5576441587903105 0
endloop
endfacet
facet normal 0 0 1
outer loop
vertex -8.148050297095267 -3.7283614024661382 0
vertex -12.5 -3.5576441587903105 0
vertex -12.5 -3.7283614024661382 0
endloop
endfacet
facet normal 0 0 1
outer loop
vertex 106.5 -3.7283614024661382 0
vertex 106.5 -3.5576441587903105 0
vertex -6.414729033951606 -3.5576441587903105 0
endloop
endfacet
facet normal 0 0 1
outer loop
vertex 106.5 -3.7283614024661382 0
vertex -6.414729033951606 -3.5576441587903105 0
vertex -5.851949702904728 -3.7283614024661382 0
endloop
endfacet
facet normal 0 0 1
outer loop
vertex -7.585270966048391 -3.5576441587903105 0
vertex -7 -3.5 0
vertex -12.5 -3.5 0
endloop
endfacet
facet normal 0 0 1
outer loop
vertex -7.585270966048391 -3.5576441587903105 0
vertex -12.5 -3.5 0
vertex -12.5 -3.5576441587903105 0
endloop
endfacet
facet normal 0 0 1
outer loop
vertex 106.5 -3.5576441587903105 0
vertex 106.5 -3.5 0
vertex -7 -3.5 0
endloop
endfacet
facet normal 0 0 1
outer loop
vertex 106.5 -3.5576441587903105 0
vertex -7 -3.5 0
vertex -6.414729033951606 -3.5576441587903105 0
endloop
endfacet
facet normal 0 0 1
outer loop
vertex -7 -3.5 0
vertex 106.5 -3.5 0
vertex 106.5 31.5 0
endloop
endfacet
facet normal 0 0 1
outer loop
vertex -7 -3.5 0
vertex 106.5 31.5 0
vertex 100.79999999999998 31.5 0
endloop
endfacet
facet normal 0 0 1
outer loop
vertex -7 -3.5 0
vertex 100.79999999999998 31.5 0
vertex -12.5 31.5 0
endloop
endfacet
facet normal 0 0 1
outer loop
vertex -7 -3.5 0
vertex -12.5 31.5 0
vertex -12.5 -3.5 0
endloop
endfacet
facet normal 0 0 1
outer loop
vertex 100.79999999999998 31.5 0
vertex 100.2147290339516 31.55764415879031 0
vertex -12.5 31.55764415879031 0
endloop
endfacet
facet normal 0 0 1
outer loop
vertex 100.79999999999998 31.5 0
vertex -12.5 31.55764415879031 0
vertex -12.5 31.5 0
endloop
endfacet
facet normal 0 0 1
outer loop
vertex 106.5 31.5 0
vertex 106.5 31.55764415879031 0
vertex 101.38527096604837 31.55764415879031 0
endloop
endfacet
facet normal 0 0 1
outer loop
vertex 106.5 31.5 0
vertex 101.38527096604837 31.55764415879031 0
vertex 100.79999999999998 31.5 0
endloop
endfacet
facet normal 0 0 1
outer loop
vertex 100.2147290339516 31.55764415879031 0
vertex 99.65194970290473 31.72836140246614 0
vertex -12.5 31.72836140246614 0
endloop
endfacet
facet normal 0 0 1
outer loop
vertex 100.2147290339516 31.55764415879031 0
vertex -12.5 31.72836140246614 0
vertex -12.5 31.55764415879031 0
endloop
endfacet
facet normal 0 0 1
outer loop
vertex 106.5 31.55764415879031 0
vertex 106.5 31.72836140246614 0
vertex 101.94805029709526 31.72836140246614 0
endloop
endfacet
facet normal 0 0 1
outer loop
vertex 106.5 31.55764415879031 0
vertex 101.94805029709526 31.72836140246614 0
vertex 101.38527096604837 31.55764415879031 0
endloop
endfacet
facet normal 0 0 1
outer loop
vertex 99.65194970290473 31.72836140246614 0
vertex 99.1332893009412 32.00559116309235 0
vertex -12.5 32.00559116309235 0
endloop
endfacet
facet normal 0 0 1
outer loop
vertex 99.65194970290473 31.72836140246614 0
vertex -12.5 32.00559116309235 0
vertex -12.5 31.72836140246614 0
endloop
endfacet
facet normal 0 0 1
outer loop
vertex 106.5 31.72836140246614 0
vertex 106.5 32.00559116309235 0
vertex 102.46671069905878 32.00559116309235 0
endloop
endfacet
facet normal 0 0 1
outer loop
vertex 106.5 31.72836140246614 0
vertex 102.46671069905878 32.00559116309235 0
vertex 101.94805029709526 31.72836140246614 0
endloop
endfacet
facet normal 0 0 1
outer loop
vertex 99.1332893009412 32.00559116309235 0
vertex 98.67867965644038 32.378679656440326 0
vertex -12.5 32.378679656440326 0
endloop
endfacet
facet normal 0 0 1
outer loop
vertex 99.1332893009412 32.00559116309235 0
vertex -12.5 32.378679656440326 0
vertex -12.5 32.00559116309235 0
endloop
endfacet
facet normal 0 0 1
outer loop
vertex 106.5 32.00559116309235 0
vertex 106.5 32.378679656440326 0
vertex 102.9213203435596 32.378679656440326 0
endloop
endfacet
facet normal 0 0 1
outer loop
vertex 106.5 32.00559116309235 0
vertex 102.9213203435596 32.378679656440326 0
vertex 102.46671069905878 32.00559116309235 0
endloop
endfacet
facet normal 0 0 1
outer loop
vertex 98.67867965644038 32.378679656440326 0
vertex 98.30559116309236 32.833289300941196 0
vertex -12.5 32.833289300941196 0
endloop
endfacet
facet normal 0 0 1
outer loop
vertex 98.67867965644038 32.378679656440326 0
vertex -12.5 32.833289300941196 0
vertex -12.5 32.378679656440326 0
endloop
endfacet
facet normal 0 0 1
outer loop
vertex 106.5 32.378679656440326 0
vertex 106.5 32.833289300941196 0
vertex 103.29440883690768 32.833289300941196 0
endloop
endfacet
facet normal 0 0 1
outer loop
vertex 106.5 32.378679656440326 0
vertex 103.29440883690768 32.833289300941196 0
vertex 102.9213203435596 32.378679656440326 0
endloop
endfacet
facet normal 0 0 1
outer loop
vertex 98.30559116309236 32.833289300941196 0
vertex 98.02836140246616 33.35194970290467 0
vertex -12.5 33.35194970290467 0
endloop
endfacet
facet normal 0 0 1
outer loop
vertex 98.30559116309236 32.833289300941196 0
vertex -12.5 33.35194970290467 0
vertex -12.5 32.833289300941196 0
endloop
endfacet
facet normal 0 0 1
outer loop
vertex 106.5 32.833289300941196 0
vertex 106.5 33.35194970290467 0
vertex 103.57163859753385 33.35194970290467 0
endloop
endfacet
facet normal 0 0 1
outer loop
vertex 106.5 32.833289300941196 0
vertex 103.57163859753385 33.35194970290467 0
vertex 103.29440883690768 32.833289300941196 0
endloop
endfacet
facet normal 0 0 1
outer loop
vertex 98.02836140246616 33.35194970290467 0
vertex 97.85764415879031 33.91472903395164 0
vertex -12.5 33.91472903395164 0
endloop
endfacet
facet normal 0 0 1
outer loop
vertex 98.02836140246616 33.35194970290467 0
vertex -12.5 33.91472903395164 0
vertex -12.5 33.35194970290467 0
endloop
endfacet
facet normal 0 0 1
outer loop
vertex 106.5 33.35194970290467 0
vertex 106.5 33.91472903395164 0
vertex 103.74235584120967 33.91472903395164 0
endloop
endfacet
facet normal 0 0 1
outer loop
vertex 106.5 33.35194970290467 0
vertex 103.74235584120967 33.91472903395164 0
vertex 103.57163859753385 33.35194970290467 0
endloop
endfacet
facet normal 0 0 1
outer loop
vertex 97.85764415879031 33.91472903395164 0
vertex 97.8 34.50000000000005 0
vertex -12.5 34.50000000000005 0
endloop
endfacet
facet normal 0 0 1
outer loop
vertex 97.85764415879031 33.91472903395164 0
vertex -12.5 34.50000000000005 0
vertex -12.5 33.91472903395164 0
endloop
endfacet
facet normal 0 0 1
outer loop
vertex 106.5 33.91472903395164 0
vertex 106.5 34.50000000000005 0
vertex 103.8 34.50000000000005 0
endloop
endfacet
facet normal 0 0 1
outer loop
vertex 106.5 33.91472903395164 0
vertex 103.8 34.50000000000005 0
vertex 103.74235584120967 33.91472903395164 0
endloop
endfacet
facet normal 0 0 1
outer loop
vertex 97.8 34.50000000000005 0
vertex 97.85764415879032 35.08527096604831 0
vertex -12.5 35.08527096604831 0
endloop
endfacet
facet normal 0 0 1
outer loop
vertex 97.8 34.50000000000005 0
vertex -12.5 35.08527096604831 0
vertex -12.5 34.50000000000005 0
endloop
endfacet
facet normal 0 0 1
outer loop
vertex 106.5 34.50000000000005 0
vertex 106.5 35.08527096604831 0
vertex 103.7423558412097 35.08527096604831 0
endloop
endfacet
facet normal 0 0 1
outer loop
vertex 106.5 34.50000000000005 0
vertex 103.7423558412097 35.08527096604831 0
vertex 103.8 34.50000000000005 0
endloop
endfacet
facet normal 0 0 1
outer loop
vertex 97.85764415879032 35.08527096604831 0
vertex 98.0283614024661 35.64805029709529 0
vertex -12.5 35.64805029709529 0
endloop
endfacet
facet normal 0 0 1
outer loop
vertex 97.85764415879032 35.08527096604831 0
vertex -12.5 35.64805029709529 0
vertex -12.5 35.08527096604831 0
endloop
endfacet
facet normal 0 0 1
outer loop
vertex 106.5 35.08527096604831 0
vertex 106.5 35.64805029709529 0
vertex 103.57163859753385 35.64805029709529 0
endloop
endfacet
facet normal 0 0 1
outer loop
vertex 106.5 35.08527096604831 0
vertex 103.57163859753385 35.64805029709529 0
vertex 103.7423558412097 35.08527096604831 0
endloop
endfacet
facet normal 0 0 1
outer loop
vertex 98.0283614024661 35.64805029709529 0
vertex 98.30559116309237 36.166710699058825 0
vertex -12.5 36.166710699058825 0
endloop
endfacet
facet normal 0 0 1
outer loop
vertex 98.0283614024661 35.64805029709529 0
vertex -12.5 36.166710699058825 0
vertex -12.5 35.64805029709529 0
endloop
endfacet
facet normal 0 0 1
outer loop
vertex 106.5 35.64805029709529 0
vertex 106.5 36.166710699058825 0
vertex 103.29440883690762 36.166710699058825 0
endloop
endfacet
facet normal 0 0 1
outer loop
vertex 106.5 35.64805029709529 0
vertex 103.29440883690762 36.166710699058825 0
vertex 103.57163859753385 35.64805029709529 0
endloop
endfacet
facet normal 0 0 1
outer loop
vertex 98.30559116309237 36.166710699058825 0
vertex 98.6786796564404 36.62132034355968 0
vertex -12.5 36.62132034355968 0
endloop
endfacet
facet normal 0 0 1
outer loop
vertex 98.30559116309237 36.166710699058825 0
vertex -12.5 36.62132034355968 0
vertex -12.5 36.166710699058825 0
endloop
endfacet
facet normal 0 0 1
outer loop
vertex 106.5 36.166710699058825 0
vertex 106.5 36.62132034355968 0
vertex 102.92132034355961 36.62132034355968 0
endloop
endfacet
facet normal 0 0 1
outer loop
vertex 106.5 36.166710699058825 0
vertex 102.92132034355961 36.62132034355968 0
vertex 103.29440883690762 36.166710699058825 0
endloop
endfacet
facet normal 0 0 1
outer loop
vertex 98.6786796564404 36.62132034355968 0
vertex 99.13328930094114 36.994408836907596 0
vertex -12.5 36.994408836907596 0
endloop
endfacet
facet normal 0 0 1
outer loop
vertex 98.6786796564404 36.62132034355968 0
vertex -12.5 36.994408836907596 0
vertex -12.5 36.62132034355968 0
endloop
endfacet
facet normal 0 0 1
outer loop
vertex 106.5 36.62132034355968 0
vertex 106.5 36.994408836907596 0
vertex 102.46671069905888 36.994408836907596 0
endloop
endfacet
facet normal 0 0 1
outer loop
vertex 106.5 36.62132034355968 0
vertex 102.46671069905888 36.994408836907596 0
vertex 102.92132034355961 36.62132034355968 0
endloop
endfacet
facet normal 0 0 1
outer loop
vertex 99.13328930094114 36.994408836907596 0
vertex 99.6519497029048 37.271638597533865 0
vertex -12.5 37.271638597533865 0
endloop
endfacet
facet normal 0 0 1
outer loop
vertex 99.13328930094114 36.994408836907596 0
vertex -12.5 37.271638597533865 0
vertex -12.5 36.994408836907596 0
endloop
endfacet
facet normal 0 0 1
outer loop
vertex 106.5 36.994408836907596 0
vertex 106.5 37.271638597533865 0
vertex 101.94805029709524 37.271638597533865 0
endloop
endfacet
facet normal 0 0 1
outer loop
vertex 106.5 36.994408836907596 0
vertex 101.94805029709524 37.271638597533865 0
vertex 102.46671069905888 36.994408836907596 0
endloop
endfacet
facet normal 0 0 1
outer loop
vertex 99.6519497029048 37.271638597533865 0
vertex 100.21472903395158 37.4423558412097 0
vertex -12.5 37.4423558412097 0
endloop
endfacet
facet normal 0 0 1
outer loop
vertex 99.6519497029048 37.271638597533865 0
vertex -12.5 37.4423558412097 0
vertex -12.5 37.271638597533865 0
endloop
endfacet
facet normal 0 0 1
outer loop
vertex 106.5 37.271638597533865 0
vertex 106.5 37.4423558412097 0
vertex 101.38527096604837 37.4423558412097 0
endloop
endfacet
facet normal 0 0 1
outer loop
vertex 106.5 37.271638597533865 0
vertex 101.38527096604837 37.4423558412097 0
vertex 101.94805029709524 37.271638597533865 0
endloop
endfacet
facet normal 0 0 1
outer loop
vertex 100.21472903395158 37.4423558412097 0
vertex 100.80000000000003 37.5 0
vertex -7.000000000000007 37.5 0
endloop
endfacet
facet normal 0 0 1
outer loop
vertex 100.21472903395158 37.4423558412097 0
vertex -7.000000000000007 37.5 0
vertex -12.5 37.5 0
endloop
endfacet
facet normal 0 0 1
outer loop
vertex 100.21472903395158 37.4423558412097 0
vertex -12.5 37.5 0
vertex -12.5 37.4423558412097 0
endloop
endfacet
facet normal 0 0 1
outer loop
vertex 106.5 37.4423558412097 0
vertex 106.5 37.5 0
vertex 100.80000000000003 37.5 0
endloop
endfacet
facet normal 0 0 1
outer loop
vertex 106.5 37.4423558412097 0
vertex 100.80000000000003 37.5 0
vertex 101.38527096604837 37.4423558412097 0
endloop
endfacet
facet normal 0 0 1
outer loop
vertex -7.000000000000007 37.5 0
vertex -7.585270966048384 37.55764415879031 0
vertex -12.5 37.55764415879031 0
endloop
endfacet
facet normal 0 0 1
outer loop
vertex -7.000000000000007 37.5 0
vertex -12.5 37.55764415879031 0
vertex -12.5 37.5 0
endloop
endfacet
facet normal 0 0 1
outer loop
vertex 100.80000000000003 37.5 0
vertex 106.5 37.5 0
vertex 106.5 37.55764415879031 0
endloop
endfacet
facet normal 0 0 1
outer loop
vertex 100.80000000000003 37.5 0
vertex 106.5 37.55764415879031 0
vertex -6.4147290339515886 37.55764415879031 0
endloop
endfacet
facet normal 0 0 1
outer loop
vertex 100.80000000000003 37.5 0
vertex -6.4147290339515886 37.55764415879031 0
vertex -7.000000000000007 37.5 0
endloop
endfacet
facet normal 0 0 1
outer loop
vertex -7.585270966048384 37.55764415879031 0
vertex -8.148050297095267 37.72836140246614 0
vertex -12.5 37.72836140246614 0
endloop
endfacet
facet normal 0 0 1
outer loop
vertex -7.585270966048384 37.55764415879031 0
vertex -12.5 37.72836140246614 0
vertex -12.5 37.55764415879031 0
endloop
endfacet
facet normal 0 0 1
outer loop
vertex 106.5 37.55764415879031 0
vertex 106.5 37.72836140246614 0
vertex -5.851949702904762 37.72836140246614 0
endloop
endfacet
facet normal 0 0 1
outer loop
vertex 106.5 37.55764415879031 0
vertex -5.851949702904762 37.72836140246614 0
vertex -6.4147290339515886 37.55764415879031 0
endloop
endfacet
facet normal 0 0 1
outer loop
vertex -8.148050297095267 37.72836140246614 0
vertex -8.666710699058797 38.005591163092355 0
vertex -12.5 38.005591163092355 0
endloop
endfacet
facet normal 0 0 1
outer loop
vertex -8.148050297095267 37.72836140246614 0
vertex -12.5 38.005591163092355 0
vertex -12.5 37.72836140246614 0
endloop
endfacet
facet normal 0 0 1
outer loop
vertex 106.5 37.72836140246614 0
vertex 106.5 37.99999999999991 0
vertex 106.49951083661348 38.005591163092355 0
endloop
endfacet
facet normal 0 0 1
outer loop
vertex 106.5 37.72836140246614 0
vertex 106.49951083661348 38.005591163092355 0
vertex -5.333289300941156 38.005591163092355 0
endloop
endfacet
facet normal 0 0 1
outer loop
vertex 106.5 37.72836140246614 0
vertex -5.333289300941156 38.005591163092355 0
vertex -5.851949702904762 37.72836140246614 0
endloop
endfacet
facet normal 0 0 1
outer loop
vertex -8.666710699058797 38.005591163092355 0
vertex -9.121320343559631 38.37867965644035 0
vertex -12.5 38.37867965644035 0
endloop
endfacet
facet normal 0 0 1
outer loop
vertex -8.666710699058797 38.005591163092355 0
vertex -12.5 38.37867965644035 0
vertex -12.5 38.005591163092355 0
endloop
endfacet
facet normal 0 0 1
outer loop
vertex 106.49951083661348 38.005591163092355 0
vertex 106.46686982295357 38.37867965644035 0
vertex -4.878679656440382 38.37867965644035 0
endloop
endfacet
facet normal 0 0 1
outer loop
vertex 106.49951083661348 38.005591163092355 0
vertex -4.878679656440382 38.37867965644035 0
vertex -5.333289300941156 38.005591163092355 0
endloop
endfacet
facet normal 0 0 1
outer loop
vertex -9.121320343559631 38.37867965644035 0
vertex -9.494408836907645 38.83328930094121 0
vertex -12.5 38.83328930094121 0
endloop
endfacet
facet normal 0 0 1
outer loop
vertex -9.121320343559631 38.37867965644035 0
vertex -12.5 38.83328930094121 0
vertex -12.5 38.37867965644035 0
endloop
endfacet
facet normal 0 0 1
outer loop
vertex 106.46686982295357 38.37867965644035 0
vertex 106.46201938253051 38.43412044416731 0
vertex 106.35506240971431 38.83328930094121 0
endloop
endfacet
facet normal 0 0 1
outer loop
vertex 106.46686982295357 38.37867965644035 0
vertex 106.35506240971431 38.83328930094121 0
vertex -4.505591163092359 38.83328930094121 0
endloop
endfacet
facet normal 0 0 1
outer loop
vertex 106.46686982295357 38.37867965644035 0
vertex -4.505591163092359 38.83328930094121 0
vertex -4.878679656440382 38.37867965644035 0
endloop
endfacet
facet normal 0 0 1
outer loop
vertex -9.494408836907645 38.83328930094121 0
vertex -9.771638597533865 39.35194970290474 0
vertex -12.5 39.35194970290474 0
endloop
endfacet
facet normal 0 0 1
outer loop
vertex -9.494408836907645 38.83328930094121 0
vertex -12.5 39.35194970290474 0
vertex -12.5 38.83328930094121 0
endloop
endfacet
facet normal 0 0 1
outer loop
vertex 106.35506240971431 38.83328930094121 0
vertex 106.34923155196475 38.85505035831425 0
vertex 106.16506350946112 39.24999999999996 0
endloop
endfacet
facet normal 0 0 1
outer loop
vertex 106.35506240971431 38.83328930094121 0
vertex 106.16506350946112 39.24999999999996 0
vertex 106.09367755896895 39.35194970290474 0
endloop
endfacet
facet normal 0 0 1
outer loop
vertex 106.35506240971431 38.83328930094121 0
vertex 106.09367755896895 39.35194970290474 0
vertex -4.228361402466139 39.35194970290474 0
endloop
endfacet
facet normal 0 0 1
outer loop
vertex 106.35506240971431 38.83328930094121 0
vertex -4.228361402466139 39.35194970290474 0
vertex -4.505591163092359 38.83328930094121 0
endloop
endfacet
facet normal 0 0 1
outer loop
vertex -9.771638597533865 39.35194970290474 0
vertex -9.94235584120969 39.9147290339516 0
vertex -12.5 39.9147290339516 0
endloop
endfacet
facet normal 0 0 1
outer loop
vertex -9.771638597533865 39.35194970290474 0
vertex -12.5 39.9147290339516 0
vertex -12.5 39.35194970290474 0
endloop
endfacet
facet normal 0 0 1
outer loop
vertex 106.09367755896895 39.35194970290474 0
vertex 105.91511110779744 39.60696902421635 0
vertex 105.6073510980622 39.9147290339516 0
endloop
endfacet
facet normal 0 0 1
outer loop
vertex 106.09367755896895 39.35194970290474 0
vertex 105.6073510980622 39.9147290339516 0
vertex -4.0576441587903105 39.9147290339516 0
endloop
endfacet
facet normal 0 0 1
outer loop
vertex 106.09367755896895 39.35194970290474 0
vertex -4.0576441587903105 39.9147290339516 0
vertex -4.228361402466139 39.35194970290474 0
endloop
endfacet
facet normal 0 0 1
outer loop
vertex -9.94235584120969 39.9147290339516 0
vertex -10 40.5 0
vertex -12.5 40.5 0
endloop
endfacet
facet normal 0 0 1
outer loop
vertex -9.94235584120969 39.9147290339516 0
vertex -12.5 40.5 0
vertex -12.5 39.9147290339516 0
endloop
endfacet
facet normal 0 0 1
outer loop
vertex 105.6073510980622 39.9147290339516 0
vertex 105.60696902421635 39.91511110779744 0
vertex 105.25 40.1650635094611 0
endloop
endfacet
facet normal 0 0 1
outer loop
vertex 105.6073510980622 39.9147290339516 0
vertex 105.25 40.1650635094611 0
vertex 104.85505035831419 40.34923155196476 0
endloop
endfacet
facet normal 0 0 1
outer loop
vertex 105.6073510980622 39.9147290339516 0
vertex 104.85505035831419 40.34923155196476 0
vertex 104.43412044416729 40.46201938253053 0
endloop
endfacet
facet normal 0 0 1
outer loop
vertex 105.6073510980622 39.9147290339516 0
vertex 104.43412044416729 40.46201938253053 0
vertex 104.00000000000004 40.5 0
endloop
endfacet
facet normal 0 0 1
outer loop
vertex 105.6073510980622 39.9147290339516 0
vertex 104.00000000000004 40.5 0
vertex 84.5 40.5 0
endloop
endfacet
facet normal 0 0 1
outer loop
vertex 105.6073510980622 39.9147290339516 0
vertex 84.5 40.5 0
vertex -4 40.5 0
endloop
endfacet
facet normal 0 0 1
outer loop
vertex 105.6073510980622 39.9147290339516 0
vertex -4 40.5 0
vertex -4.0576441587903105 39.9147290339516 0
endloop
endfacet
facet normal 0 0 1
outer loop
vertex -10 40.5 0
vertex -9.94235584120969 41.08527096604832 0
vertex -12.5 41.08527096604832 0
endloop
endfacet
facet normal 0 0 1
outer loop
vertex -10 40.5 0
vertex -12.5 41.08527096604832 0
vertex -12.5 40.5 0
endloop
endfacet
facet normal 0 0 1
outer loop
vertex 84.5 40.5 0
vertex 84.5 41.08527096604832 0
vertex -4.057644158790289 41.08527096604832 0
endloop
endfacet
facet normal 0 0 1
outer loop
vertex 84.5 40.5 0
vertex -4.057644158790289 41.08527096604832 0
vertex -4 40.5 0
endloop
endfacet
facet normal 0 0 1
outer loop
vertex -9.94235584120969 41.08527096604832 0
vertex -9.771638597533858 41.648050297095246 0
vertex -12.5 41.648050297095246 0
endloop
endfacet
facet normal 0 0 1
outer loop
vertex -9.94235584120969 41.08527096604832 0
vertex -12.5 41.648050297095246 0
vertex -12.5 41.08527096604832 0
endloop
endfacet
facet normal 0 0 1
outer loop
vertex 84.5 41.08527096604832 0
vertex 84.5 41.648050297095246 0
vertex -4.228361402466134 41.648050297095246 0
endloop
endfacet
facet normal 0 0 1
outer loop
vertex 84.5 41.08527096604832 0
vertex -4.228361402466134 41.648050297095246 0
vertex -4.057644158790289 41.08527096604832 0
endloop
endfacet
facet normal 0 0 1
outer loop
vertex -9.771638597533858 41.648050297095246 0
vertex -9.494408836907638 42.16671069905882 0
vertex -12.5 42.16671069905882 0
endloop
endfacet
facet normal 0 0 1
outer loop
vertex -9.771638597533858 41.648050297095246 0
vertex -12.5 42.16671069905882 0
vertex -12.5 41.648050297095246 0
endloop
endfacet
facet normal 0 0 1
outer loop
vertex 84.5 41.648050297095246 0
vertex 84.5 42.16671069905882 0
vertex -4.505591163092378 42.16671069905882 0
endloop
endfacet
facet normal 0 0 1
outer loop
vertex 84.5 41.648050297095246 0
vertex -4.505591163092378 42.16671069905882 0
vertex -4.228361402466134 41.648050297095246 0
endloop
endfacet
facet normal 0 0 1
outer loop
vertex -9.494408836907638 42.16671069905882 0
vertex -9.121320343559631 42.62132034355963 0
vertex -12.5 42.62132034355963 0
endloop
endfacet
facet normal 0 0 1
outer loop
vertex -9.494408836907638 42.16671069905882 0
vertex -12.5 42.62132034355963 0
vertex -12.5 42.16671069905882 0
endloop
endfacet
facet normal 0 0 1
outer loop
vertex 84.5 42.16671069905882 0
vertex 84.5 42.62132034355963 0
vertex -4.878679656440346 42.62132034355963 0
endloop
endfacet
facet normal 0 0 1
outer loop
vertex 84.5 42.16671069905882 0
vertex -4.878679656440346 42.62132034355963 0
vertex -4.505591163092378 42.16671069905882 0
endloop
endfacet
facet normal 0 0 1
outer loop
vertex -9.121320343559631 42.62132034355963 0
vertex -8.666710699058825 42.99440883690766 0
vertex -12.5 42.99440883690766 0
endloop
endfacet
facet normal 0 0 1
outer loop
vertex -9.121320343559631 42.62132034355963 0
vertex -12.5 42.99440883690766 0
vertex -12.5 42.62132034355963 0
endloop
endfacet
facet normal 0 0 1
outer loop
vertex 84.5 42.62132034355963 0
vertex 84.5 42.99440883690766 0
vertex -5.333289300941226 42.99440883690766 0
endloop
endfacet
facet normal 0 0 1
outer loop
vertex 84.5 42.62132034355963 0
vertex -5.333289300941226 42.99440883690766 0
vertex -4.878679656440346 42.62132034355963 0
endloop
endfacet
facet normal 0 0 1
outer loop
vertex -8.666710699058825 42.99440883690766 0
vertex -8.148050297095224 43.27163859753385 0
vertex -12.5 43.27163859753385 0
endloop
endfacet
facet normal 0 0 1
outer loop
vertex -8.666710699058825 42.99440883690766 0
vertex -12.5 43.27163859753385 0
vertex -12.5 42.99440883690766 0
endloop
endfacet
facet normal 0 0 1
outer loop
vertex 84.5 42.99440883690766 0
vertex 84.5 43.27163859753385 0
vertex -5.85194970290471 43.27163859753385 0
endloop
endfacet
facet normal 0 0 1
outer loop
vertex 84.5 42.99440883690766 0
vertex -5.85194970290471 43.27163859753385 0
vertex -5.333289300941226 42.99440883690766 0
endloop
endfacet
facet normal 0 0 1
outer loop
vertex -8.148050297095224 43.27163859753385 0
vertex -7.585270966048405 43.44235584120968 0
vertex -12.5 43.44235584120968 0
endloop
endfacet
facet normal 0 0 1
outer loop
vertex -8.148050297095224 43.27163859753385 0
vertex -12.5 43.44235584120968 0
vertex -12.5 43.27163859753385 0
endloop
endfacet
facet normal 0 0 1
outer loop
vertex 84.5 43.27163859753385 0
vertex 84.5 43.44235584120968 0
vertex -6.414729033951602 43.44235584120968 0
endloop
endfacet
facet normal 0 0 1
outer loop
vertex 84.5 43.27163859753385 0
vertex -6.414729033951602 43.44235584120968 0
vertex -5.85194970290471 43.27163859753385 0
endloop
endfacet
facet normal 0 0 1
outer loop
vertex -7.585270966048405 43.44235584120968 0
vertex -7.000000000000021 43.5 0
vertex -12.5 43.5 0
endloop
endfacet
facet normal 0 0 1
outer loop
vertex -7.585270966048405 43.44235584120968 0
vertex -12.5 43.5 0
vertex -12.5 43.44235584120968 0
endloop
endfacet
facet normal 0 0 1
outer loop
vertex 84.5 43.44235584120968 0
vertex 84.5 43.5 0
vertex 79.00000000000006 43.5 0
endloop
endfacet
facet normal 0 0 1
outer loop
vertex 84.5 43.44235584120968 0
vertex 79.00000000000006 43.5 0
vertex -7.000000000000021 43.5 0
endloop
endfacet
facet normal 0 0 1
outer loop
vertex 84.5 43.44235584120968 0
vertex -7.000000000000021 43.5 0
vertex -6.414729033951602 43.44235584120968 0
endloop
endfacet
facet normal 0 0 1
outer loop
vertex -7.000000000000021 43.5 0
vertex 79.00000000000006 43.5 0
vertex 78.41472903395162 43.55764415879032 0
endloop
endfacet
facet normal 0 0 1
outer loop
vertex -7.000000000000021 43.5 0
vertex 78.41472903395162 43.55764415879032 0
vertex -12.5 43.55764415879032 0
endloop
endfacet
facet normal 0 0 1
outer loop
vertex -7.000000000000021 43.5 0
vertex -12.5 43.55764415879032 0
vertex -12.5 43.5 0
endloop
endfacet
facet normal 0 0 1
outer loop
vertex 84.5 43.5 0
vertex 84.5 43.55764415879032 0
vertex 79.5852709660485 43.55764415879032 0
endloop
endfacet
facet normal 0 0 1
outer loop
vertex 84.5 43.5 0
vertex 79.5852709660485 43.55764415879032 0
vertex 79.00000000000006 43.5 0
endloop
endfacet
facet normal 0 0 1
outer loop
vertex 78.41472903395162 43.55764415879032 0
vertex 77.85194970290465 43.72836140246618 0
vertex -12.5 43.72836140246618 0
endloop
endfacet
facet normal 0 0 1
outer loop
vertex 78.41472903395162 43.55764415879032 0
vertex -12.5 43.72836140246618 0
vertex -12.5 43.55764415879032 0
endloop
endfacet
facet normal 0 0 1
outer loop
vertex 84.5 43.55764415879032 0
vertex 84.5 43.72836140246618 0
vertex 80.14805029709537 43.72836140246618 0
endloop
endfacet
facet normal 0 0 1
outer loop
vertex 84.5 43.55764415879032 0
vertex 80.14805029709537 43.72836140246618 0
vertex 79.5852709660485 43.55764415879032 0
endloop
endfacet
facet normal 0 0 1
outer loop
vertex 77.85194970290465 43.72836140246618 0
vertex 77.33328930094126 44.00559116309232 0
vertex -12.5 44.00559116309232 0
endloop
endfacet
facet normal 0 0 1
outer loop
vertex 77.85194970290465 43.72836140246618 0
vertex -12.5 44.00559116309232 0
vertex -12.5 43.72836140246618 0
endloop
endfacet
facet normal 0 0 1
outer loop
vertex 84.5 43.72836140246618 0
vertex 84.5 44.00559116309232 0
vertex 80.66671069905868 44.00559116309232 0
endloop
endfacet
facet normal 0 0 1
outer loop
vertex 84.5 43.72836140246618 0
vertex 80.66671069905868 44.00559116309232 0
vertex 80.14805029709537 43.72836140246618 0
endloop
endfacet
facet normal 0 0 1
outer loop
vertex 77.33328930094126 44.00559116309232 0
vertex 76.87867965644035 44.37867965644037 0
vertex -12.492220126067513 44.37867965644037 0
endloop
endfacet
facet normal 0 0 1
outer loop
vertex 77.33328930094126 44.00559116309232 0
vertex -12.492220126067513 44.37867965644037 0
vertex -12.5 44.279240799999975 0
endloop
endfacet
facet normal 0 0 1
outer loop
vertex 77.33328930094126 44.00559116309232 0
vertex -12.5 44.279240799999975 0
vertex -12.5 44.00559116309232 0
endloop
endfacet
facet normal 0 0 1
outer loop
vertex 84.5 44.00559116309232 0
vertex 84.5 44.37867965644037 0
vertex 81.12132034355967 44.37867965644037 0
endloop
endfacet
facet normal 0 0 1
outer loop
vertex 84.5 44.00559116309232 0
vertex 81.12132034355967 44.37867965644037 0
vertex 80.66671069905868 44.00559116309232 0
endloop
endfacet
facet normal 0 0 1
outer loop
vertex 76.87867965644035 44.37867965644037 0
vertex 76.50559116309243 44.83328930094112 0
vertex -12.430148322841157 44.83328930094112 0
endloop
endfacet
facet normal 0 0 1
outer loop
vertex 76.87867965644035 44.37867965644037 0
vertex -12.430148322841157 44.83328930094112 0
vertex -12.469585420869464 44.66798629820497 0
endloop
endfacet
facet normal 0 0 1
outer loop
vertex 76.87867965644035 44.37867965644037 0
vertex -12.469585420869464 44.66798629820497 0
vertex -12.492220126067513 44.37867965644037 0
endloop
endfacet
facet normal 0 0 1
outer loop
vertex 84.5 44.37867965644037 0
vertex 84.5 44.83328930094112 0
vertex 81.49440883690758 44.83328930094112 0
endloop
endfacet
facet normal 0 0 1
outer loop
vertex 84.5 44.37867965644037 0
vertex 81.49440883690758 44.83328930094112 0
vertex 81.12132034355967 44.37867965644037 0
endloop
endfacet
facet normal 0 0 1
outer loop
vertex 76.50559116309243 44.83328930094112 0
vertex 76.22836140246612 45.351949702904804 0
vertex -12.253741524233714 45.351949702904804 0
endloop
endfacet
facet normal 0 0 1
outer loop
vertex 76.50559116309243 44.83328930094112 0
vertex -12.253741524233714 45.351949702904804 0
vertex -12.379097926522356 45.047270152075534 0
endloop
endfacet
facet normal 0 0 1
outer loop
vertex 76.50559116309243 44.83328930094112 0
vertex -12.379097926522356 45.047270152075534 0
vertex -12.430148322841157 44.83328930094112 0
endloop
endfacet
facet normal 0 0 1
outer loop
vertex 84.5 44.83328930094112 0
vertex 84.5 45.351949702904804 0
vertex 81.77163859753392 45.351949702904804 0
endloop
endfacet
facet normal 0 0 1
outer loop
vertex 84.5 44.83328930094112 0
vertex 81.77163859753392 45.351949702904804 0
vertex 81.49440883690758 44.83328930094112 0
endloop
endfacet
facet normal 0 0 1
outer loop
vertex 76.22836140246612 45.351949702904804 0
vertex 76.05764415879031 45.91472903395164 0
vertex -11.881014230292216 45.91472903395164 0
endloop
endfacet
facet normal 0 0 1
outer loop
vertex 76.22836140246612 45.351949702904804 0
vertex -11.881014230292216 45.91472903395164 0
vertex -12.028102345927095 45.74101378237325 0
endloop
endfacet
facet normal 0 0 1
outer loop
vertex 76.22836140246612 45.351949702904804 0
vertex -12.028102345927095 45.74101378237325 0
vertex -12.230733813160533 45.4078700942642 0
endloop
endfacet
facet normal 0 0 1
outer loop
vertex 76.22836140246612 45.351949702904804 0
vertex -12.230733813160533 45.4078700942642 0
vertex -12.253741524233714 45.351949702904804 0
endloop
endfacet
facet normal 0 0 1
outer loop
vertex 84.5 45.351949702904804 0
vertex 84.5 45.91472903395164 0
vertex 81.94235584120969 45.91472903395164 0
endloop
endfacet
facet normal 0 0 1
outer loop
vertex 84.5 45.351949702904804 0
vertex 81.94235584120969 45.91472903395164 0
vertex 81.77163859753392 45.351949702904804 0
endloop
endfacet
facet normal 0 0 1
outer loop
vertex 76.05764415879031 45.91472903395164 0
vertex 76 46.49999999999998 0
vertex -11.14777370684213 46.49999999999998 0
endloop
endfacet
facet normal 0 0 1
outer loop
vertex 76.05764415879031 45.91472903395164 0
vertex -11.14777370684213 46.49999999999998 0
vertex -11.149750253091185 46.49916474903611 0
endloop
endfacet
facet normal 0 0 1
outer loop
vertex 76.05764415879031 45.91472903395164 0
vertex -11.149750253091185 46.49916474903611 0
vertex -11.480955322126228 46.29337983538699 0
endloop
endfacet
facet normal 0 0 1
outer loop
vertex 76.05764415879031 45.91472903395164 0
vertex -11.480955322126228 46.29337983538699 0
vertex -11.776132956036918 46.038596804399845 0
endloop
endfacet
facet normal 0 0 1
outer loop
vertex 76.05764415879031 45.91472903395164 0
vertex -11.776132956036918 46.038596804399845 0
vertex -11.881014230292216 45.91472903395164 0
endloop
endfacet
facet normal 0 0 1
outer loop
vertex 84.5 45.91472903395164 0
vertex 84.5 46.49999999999998 0
vertex 82.00000000000001 46.49999999999998 0
endloop
endfacet
facet normal 0 0 1
outer loop
vertex 84.5 45.91472903395164 0
vertex 82.00000000000001 46.49999999999998 0
vertex 81.94235584120969 45.91472903395164 0
endloop
endfacet
facet normal 0 0 1
outer loop
vertex 76 46.49999999999998 0
vertex 76.0576441587903 47.08527096604829 0
vertex -9.487598711828076 47.08527096604829 0
endloop
endfacet
facet normal 0 0 1
outer loop
vertex 76 46.49999999999998 0
vertex -9.487598711828076 47.08527096604829 0
vertex -10.790574999999862 46.65094540000004 0
endloop
endfacet
facet normal 0 0 1
outer loop
vertex 76 46.49999999999998 0
vertex -10.790574999999862 46.65094540000004 0
vertex -11.14777370684213 46.49999999999998 0
endloop
endfacet
facet normal 0 0 1
outer loop
vertex 84.5 46.49999999999998 0
vertex 84.5 47.08527096604829 0
vertex 81.9423558412097 47.08527096604829 0
endloop
endfacet
facet normal 0 0 1
outer loop
vertex 84.5 46.49999999999998 0
vertex 81.9423558412097 47.08527096604829 0
vertex 82.00000000000001 46.49999999999998 0
endloop
endfacet
facet normal 0 0 1
outer loop
vertex 76.0576441587903 47.08527096604829 0
vertex 76.22836140246615 47.64805029709532 0
vertex -7.799261249911316 47.64805029709532 0
endloop
endfacet
facet normal 0 0 1
outer loop
vertex 76.0576441587903 47.08527096604829 0
vertex -7.799261249911316 47.64805029709532 0
vertex -9.487598711828076 47.08527096604829 0
endloop
endfacet
facet normal 0 0 1
outer loop
vertex 84.5 47.08527096604829 0
vertex 84.5 47.64805029709532 0
vertex 81.77163859753384 47.64805029709532 0
endloop
endfacet
facet normal 0 0 1
outer loop
vertex 84.5 47.08527096604829 0
vertex 81.77163859753384 47.64805029709532 0
vertex 81.9423558412097 47.08527096604829 0
endloop
endfacet
facet normal 0 0 1
outer loop
vertex 76.22836140246615 47.64805029709532 0
vertex 76.50559116309235 48.16671069905881 0
vertex -6.243280533599969 48.16671069905881 0
endloop
endfacet
facet normal 0 0 1
outer loop
vertex 76.22836140246615 47.64805029709532 0
vertex -6.243280533599969 48.16671069905881 0
vertex -7.799261249911316 47.64805029709532 0
endloop
endfacet
facet normal 0 0 1
outer loop
vertex 84.5 47.64805029709532 0
vertex 84.5 48.16671069905881 0
vertex 81.49440883690764 48.16671069905881 0
endloop
endfacet
facet normal 0 0 1
outer loop
vertex 84.5 47.64805029709532 0
vertex 81.49440883690764 48.16671069905881 0
vertex 81.77163859753384 47.64805029709532 0
endloop
endfacet
facet normal 0 0 1
outer loop
vertex 76.50559116309235 48.16671069905881 0
vertex 76.87867965644034 48.62132034355964 0
vertex -4.879452029217193 48.62132034355964 0
endloop
endfacet
facet normal 0 0 1
outer loop
vertex 76.50559116309235 48.16671069905881 0
vertex -4.879452029217193 48.62132034355964 0
vertex -6.243280533599969 48.16671069905881 0
endloop
endfacet
facet normal 0 0 1
outer loop
vertex 84.5 48.16671069905881 0
vertex 84.5 48.62132034355964 0
vertex 81.12132034355966 48.62132034355964 0
endloop
endfacet
facet normal 0 0 1
outer loop
vertex 84.5 48.16671069905881 0
vertex 81.12132034355966 48.62132034355964 0
vertex 81.49440883690764 48.16671069905881 0
endloop
endfacet
facet normal 0 0 1
outer loop
vertex 76.87867965644034 48.62132034355964 0
vertex 77.3332893009412 48.99440883690761 0
vertex -3.7601869013427147 48.99440883690761 0
endloop
endfacet
facet normal 0 0 1
outer loop
vertex 76.87867965644034 48.62132034355964 0
vertex -3.7601869013427147 48.99440883690761 0
vertex -4.879452029217193 48.62132034355964 0
endloop
endfacet
facet normal 0 0 1
outer loop
vertex 84.5 48.62132034355964 0
vertex 84.5 48.99440883690761 0
vertex 80.66671068902984 48.99440883690761 0
endloop
endfacet
facet normal 0 0 1
outer loop
vertex 84.5 48.62132034355964 0
vertex 80.66671068902984 48.99440883690761 0
vertex 81.12132034355966 48.62132034355964 0
endloop
endfacet
facet normal 0 0 1
outer loop
vertex 77.3332893009412 48.99440883690761 0
vertex 77.85194970290475 49.27163859753389 0
vertex -2.928497881149383 49.27163859753389 0
endloop
endfacet
facet normal 0 0 1
outer loop
vertex 77.3332893009412 48.99440883690761 0
vertex -2.928497881149383 49.27163859753389 0
vertex -3.7601869013427147 48.99440883690761 0
endloop
endfacet
facet normal 0 0 1
outer loop
vertex 84.5 48.99440883690761 0
vertex 84.5 49.27163859753389 0
vertex 80.1480502656725 49.27163859753389 0
endloop
endfacet
facet normal 0 0 1
outer loop
vertex 84.5 48.99440883690761 0
vertex 80.1480502656725 49.27163859753389 0
vertex 80.66671068902984 48.99440883690761 0
endloop
endfacet
facet normal 0 0 1
outer loop
vertex 77.85194970290475 49.27163859753389 0
vertex 78.41472903395159 49.44235584120969 0
vertex -2.416346311267109 49.44235584120969 0
endloop
endfacet
facet normal 0 0 1
outer loop
vertex 77.85194970290475 49.27163859753389 0
vertex -2.416346311267109 49.44235584120969 0
vertex -2.928497881149383 49.27163859753389 0
endloop
endfacet
facet normal 0 0 1
outer loop
vertex 84.5 49.27163859753389 0
vertex 84.5 49.44235584120969 0
vertex 79.58527088453198 49.44235584120969 0
endloop
endfacet
facet normal 0 0 1
outer loop
vertex 84.5 49.27163859753389 0
vertex 79.58527088453198 49.44235584120969 0
vertex 80.1480502656725 49.27163859753389 0
endloop
endfacet
facet normal 0 0 1
outer loop
vertex 78.41472903395159 49.44235584120969 0
vertex 79.00000000000006 49.5 0
vertex -2.243413889308231 49.5 0
endloop
endfacet
facet normal 0 0 1
outer loop
vertex 78.41472903395159 49.44235584120969 0
vertex -2.243413889308231 49.5 0
vertex -2.416346311267109 49.44235584120969 0
endloop
endfacet
facet normal 0 0 1
outer loop
vertex 84.5 49.44235584120969 0
vertex 84.5 49.5 0
vertex 79.00000000000006 49.5 0
endloop
endfacet
facet normal 0 0 1
outer loop
vertex 84.5 49.44235584120969 0
vertex 79.00000000000006 49.5 0
vertex 79.58527088453198 49.44235584120969 0
endloop
endfacet
facet normal 0 0 1
outer loop
vertex 79.00000000000006 49.5 0
vertex 84.5 49.5 0
vertex 84.5 50.00000000000002 0
endloop
endfacet
facet normal 0 0 1
outer loop
vertex 79.00000000000006 49.5 0
vertex 84.5 50.00000000000002 0
vertex 84.46201938253053 50.43412044416726 0
endloop
endfacet
facet normal 0 0 1
outer loop
vertex 79.00000000000006 49.5 0
vertex 84.46201938253053 50.43412044416726 0
vertex 84.34923155196479 50.85505035831411 0
endloop
endfacet
facet normal 0 0 1
outer loop
vertex 79.00000000000006 49.5 0
vertex 84.34923155196479 50.85505035831411 0
vertex 84.16506350946108 51.250000000000014 0
endloop
endfacet
facet normal 0 0 1
outer loop
vertex 79.00000000000006 49.5 0
vertex 84.16506350946108 51.250000000000014 0
vertex 83.91511110779737 51.60696902421645 0
endloop
endfacet
facet normal 0 0 1
outer loop
vertex 79.00000000000006 49.5 0
vertex 83.91511110779737 51.60696902421645 0
vertex 83.60696902421647 51.91511110779736 0
endloop
endfacet
facet normal 0 0 1
outer loop
vertex 79.00000000000006 49.5 0
vertex 83.60696902421647 51.91511110779736 0
vertex 83.24999999999993 52.16506350946115 0
endloop
endfacet
facet normal 0 0 1
outer loop
vertex 79.00000000000006 49.5 0
vertex 83.24999999999993 52.16506350946115 0
vertex 82.85505035831427 52.349231551964735 0
endloop
endfacet
facet normal 0 0 1
outer loop
vertex 79.00000000000006 49.5 0
vertex 82.85505035831427 52.349231551964735 0
vertex 82.43412044416729 52.46201938253052 0
endloop
endfacet
facet normal 0 0 1
outer loop
vertex 79.00000000000006 49.5 0
vertex 82.43412044416729 52.46201938253052 0
vertex 81.99999999999997 52.50000022524196 0
endloop
endfacet
facet normal 0 0 1
outer loop
vertex 79.00000000000006 49.5 0
vertex 81.99999999999997 52.50000022524196 0
vertex 7.162284149999991 52.500004149999995 0
endloop
endfacet
facet normal 0 0 1
outer loop
vertex 79.00000000000006 49.5 0
vertex 7.162284149999991 52.500004149999995 0
vertex 7.16221104015094 52.50000022524196 0
endloop
endfacet
facet normal 0 0 1
outer loop
vertex 79.00000000000006 49.5 0
vertex 7.16221104015094 52.50000022524196 0
vertex 6.8946685456897185 52.48563773416871 0
endloop
endfacet
facet normal 0 0 1
outer loop
vertex 79.00000000000006 49.5 0
vertex 6.8946685456897185 52.48563773416871 0
vertex 6.630128521345519 52.44270661382243 0
endloop
endfacet
facet normal 0 0 1
outer loop
vertex 79.00000000000006 49.5 0
vertex 6.630128521345519 52.44270661382243 0
vertex 6.3717082999999874 52.3717083 0
endloop
endfacet
facet normal 0 0 1
outer loop
vertex 79.00000000000006 49.5 0
vertex 6.3717082999999874 52.3717083 0
vertex -2.243413889308231 49.5 0
endloop
endfacet
facet normal 0 0 -1
outer loop
vertex 7.162284149999991 52.500004149999995 0
vertex 59.50776050436874 52.50000022524196 0
vertex 7.162284149999991 52.500004149999995 0
endloop
endfacet
facet normal 0 0 -1
outer loop
vertex 7.162284149999991 52.500004149999995 0
vertex 7.162284149999991 52.500004149999995 0
vertex 7.16221104015094 52.50000022524196 0
endloop
endfacet
facet normal -0.996194698091746 -0.087155742747653 1.4135652606385932e-14
outer loop
vertex -12.46201938253052 -10.434120444167338 0
vertex -12.5 -9.999999999999993 0
vertex -12.50000000000009 -10.000000000000004 -6.450000000000004
endloop
endfacet
facet normal -0.996194698091746 -0.087155742747653 1.4135652606385932e-14
outer loop
vertex -12.46201938253052 -10.434120444167338 0
vertex -12.50000000000009 -10.000000000000004 -6.450000000000004
vertex -12.484807753012204 -10.173648177666937 -6.45
endloop
endfacet
facet normal -0.996194698091746 -0.087155742747653 1.4135652606385932e-14
outer loop
vertex -12.46201938253052 -10.434120444167338 0
vertex -12.484807753012204 -10.173648177666937 -6.45
vertex -12.470077114761487 -10.34202014332568 -6.45
endloop
endfacet
facet normal -0.996194698091746 -0.087155742747653 1.4135652606385932e-14
outer loop
vertex -12.46201938253052 -10.434120444167338 0
vertex -12.470077114761487 -10.34202014332568 -6.45
vertex -12.46201938253061 -10.434120444167348 -6.450000000000004
endloop
endfacet
facet normal -0.9659258262890666 -0.2588190451025272 1.3728320667851321e-14
outer loop
vertex -12.34923155196477 -10.855050358314177 0
vertex -12.46201938253052 -10.434120444167338 0
vertex -12.46201938253061 -10.434120444167348 -6.450000000000004
endloop
endfacet
facet normal -0.9659258262890666 -0.2588190451025272 1.3728320667851321e-14
outer loop
vertex -12.34923155196477 -10.855050358314177 0
vertex -12.46201938253061 -10.434120444167348 -6.450000000000004
vertex -12.444367008747435 -10.499999999999993 -6.45
endloop
endfacet
facet normal -0.9659258262890666 -0.2588190451025272 1.3728320667851321e-14
outer loop
vertex -12.34923155196477 -10.855050358314177 0
vertex -12.444367008747435 -10.499999999999993 -6.45
vertex -12.40610718404275 -10.642787609686557 -6.45
endloop
endfacet
facet normal -0.9659258262890666 -0.2588190451025272 1.3728320667851321e-14
outer loop
vertex -12.34923155196477 -10.855050358314177 0
vertex -12.40610718404275 -10.642787609686557 -6.45
vertex -12.373080615062921 -10.766044443118965 -6.45
endloop
endfacet
facet normal -0.9659258262890666 -0.2588190451025272 1.3728320667851321e-14
outer loop
vertex -12.34923155196477 -10.855050358314177 0
vertex -12.373080615062921 -10.766044443118965 -6.45
vertex -12.3492315519648 -10.855050358314188 -6.450000000000004
endloop
endfacet
facet normal -0.9063077870366524 -0.42261826174069417 4.942294187563229e-15
outer loop
vertex -12.165063509461106 -11.24999999999999 0
vertex -12.34923155196477 -10.855050358314177 0
vertex -12.3492315519648 -10.855050358314188 -6.450000000000004
endloop
endfacet
facet normal -0.9063077870366524 -0.42261826174069417 4.942294187563229e-15
outer loop
vertex -12.165063509461106 -11.24999999999999 0
vertex -12.3492315519648 -10.855050358314188 -6.450000000000004
vertex -12.344113804213386 -10.866025403784441 -6.45
endloop
endfacet
facet normal -0.9063077870366524 -0.42261826174069417 4.942294187563229e-15
outer loop
vertex -12.165063509461106 -11.24999999999999 0
vertex -12.344113804213386 -10.866025403784441 -6.45
vertex -12.309762216770634 -10.939692620785909 -6.45
endloop
endfacet
facet normal -0.9063077870366524 -0.42261826174069417 4.942294187563229e-15
outer loop
vertex -12.165063509461106 -11.24999999999999 0
vertex -12.309762216770634 -10.939692620785909 -6.45
vertex -12.288724685114836 -10.984807753012205 -6.45
endloop
endfacet
facet normal -0.9063077870366524 -0.42261826174069417 4.942294187563229e-15
outer loop
vertex -12.165063509461106 -11.24999999999999 0
vertex -12.288724685114836 -10.984807753012205 -6.45
vertex -12.281640423999846 -11 -6.45
endloop
endfacet
facet normal -0.9063077870366524 -0.42261826174069417 4.942294187563229e-15
outer loop
vertex -12.165063509461106 -11.24999999999999 0
vertex -12.281640423999846 -11 -6.45
vertex -12.165063509461142 -11.250000000000007 -6.450000000000004
endloop
endfacet
facet normal -0.8191520442889961 -0.5735764363510397 0
outer loop
vertex -11.915111107797458 -11.606969024216333 0
vertex -12.165063509461106 -11.24999999999999 0
vertex -12.165063509461142 -11.250000000000007 -6.450000000000004
endloop
endfacet
facet normal -0.8191520442889961 -0.5735764363510397 0
outer loop
vertex -11.915111107797458 -11.606969024216333 0
vertex -12.165063509461142 -11.250000000000007 -6.450000000000004
vertex -11.915111107797447 -11.606969024216326 -6.45
endloop
endfacet
facet normal -0.7071067811865476 -0.7071067811865476 0
outer loop
vertex -11.60696902421634 -11.915111107797443 0
vertex -11.915111107797458 -11.606969024216333 0
vertex -11.915111107797447 -11.606969024216326 -6.45
endloop
endfacet
facet normal -0.7071067811865476 -0.7071067811865476 0
outer loop
vertex -11.60696902421634 -11.915111107797443 0
vertex -11.915111107797447 -11.606969024216326 -6.45
vertex -11.606969024216344 -11.915111107797447 -6.450000000000004
endloop
endfacet
facet normal -0.573576436351047 -0.8191520442889911 0
outer loop
vertex -11.249999999999972 -12.165063509461113 0
vertex -11.60696902421634 -11.915111107797443 0
vertex -11.606969024216344 -11.915111107797447 -6.450000000000004
endloop
endfacet
facet normal -0.573576436351047 -0.8191520442889911 0
outer loop
vertex -11.249999999999972 -12.165063509461113 0
vertex -11.606969024216344 -11.915111107797447 -6.450000000000004
vertex -11.250000000000055 -12.16506350946123 -6.45
endloop
endfacet
facet normal -0.42261826174070183 -0.9063077870366489 0
outer loop
vertex -10.855050358314188 -12.349231551964763 0
vertex -11.249999999999972 -12.165063509461113 0
vertex -11.250000000000055 -12.16506350946123 -6.45
endloop
endfacet
facet normal -0.42261826174070183 -0.9063077870366489 0
outer loop
vertex -10.855050358314188 -12.349231551964763 0
vertex -11.250000000000055 -12.16506350946123 -6.45
vertex -10.855050358314163 -12.349231551964708 -6.450000000000004
endloop
endfacet
facet normal -0.258819045102527 -0.9659258262890666 0
outer loop
vertex -10.434120444167263 -12.462019382530531 0
vertex -10.855050358314188 -12.349231551964763 0
vertex -10.855050358314163 -12.349231551964708 -6.450000000000004
endloop
endfacet
facet normal -0.258819045102527 -0.9659258262890666 0
outer loop
vertex -10.434120444167263 -12.462019382530531 0
vertex -10.855050358314163 -12.349231551964708 -6.450000000000004
vertex -10.434120444167238 -12.462019382530437 -6.45
endloop
endfacet
facet normal -0.08715574274765815 -0.9961946980917455 0
outer loop
vertex -10.000000000000043 -12.5 0
vertex -10.434120444167263 -12.462019382530531 0
vertex -10.434120444167238 -12.462019382530437 -6.45
endloop
endfacet
facet normal -0.08715574274765815 -0.9961946980917455 0
outer loop
vertex -10.000000000000043 -12.5 0
vertex -10.434120444167238 -12.462019382530437 -6.45
vertex -10.000000000000043 -12.499999999999988 -6.45
endloop
endfacet
facet normal 0 0 1
outer loop
vertex 10.794740299999972 -12.500001250000004 0
vertex 6.535761388159479 -12.5 0
vertex -10.000000000000043 -12.5 0
endloop
endfacet
facet normal 0 0 1
outer loop
vertex 10.794740299999972 -12.500001250000004 0
vertex -10.000000000000043 -12.5 0
vertex -10.000000000000043 -12.499999999999988 -6.45
endloop
endfacet
facet normal 0 0 1
outer loop
vertex 10.794740299999972 -12.500001250000004 0
vertex -10.000000000000043 -12.499999999999988 -6.45
vertex 10.794740299999976 -12.50000125 -6.450000000000004
endloop
endfacet
facet normal 0 0 1
outer loop
vertex 11.047366292376765 -12.487204088168284 0
vertex 10.79476497597857 -12.5 0
vertex 10.794740299999972 -12.500001250000004 0
endloop
endfacet
facet normal 0 0 1
outer loop
vertex 11.047366292376765 -12.487204088168284 0
vertex 10.794740299999972 -12.500001250000004 0
vertex 10.794740299999976 -12.50000125 -6.450000000000004
endloop
endfacet
facet normal 0 0 1
outer loop
vertex 11.047366292376765 -12.487204088168284 0
vertex 10.794740299999976 -12.50000125 -6.450000000000004
vertex 11.047366292376767 -12.487204088168335 -6.45
endloop
endfacet
facet normal 0.1512537220645349 -0.9884949729571844 0
outer loop
vertex 11.297406011523464 -12.448944472065463 0
vertex 11.047366292376765 -12.487204088168284 0
vertex 11.047366292376767 -12.487204088168335 -6.45
endloop
endfacet
facet normal 0.1512537220645349 -0.9884949729571844 0
outer loop
vertex 11.297406011523464 -12.448944472065463 0
vertex 11.047366292376767 -12.487204088168335 -6.45
vertex 11.29740601152347 -12.448944472065495 -6.450000000000004
endloop
endfacet
facet normal 0.2503673187467666 -0.9681509209330718 0
outer loop
vertex 11.5422997044449 -12.385614080130658 0
vertex 11.297406011523464 -12.448944472065463 0
vertex 11.29740601152347 -12.448944472065495 -6.450000000000004
endloop
endfacet
facet normal 0.2503673187467666 -0.9681509209330718 0
outer loop
vertex 11.5422997044449 -12.385614080130658 0
vertex 11.29740601152347 -12.448944472065495 -6.450000000000004
vertex 11.542299704444915 -12.38561408013071 -6.45
endloop
endfacet
facet normal 0.34691307582165193 -0.9378972853271091 0
outer loop
vertex 11.779540599999962 -12.297862500000019 0
vertex 11.5422997044449 -12.385614080130658 0
vertex 11.542299704444915 -12.38561408013071 -6.45
endloop
endfacet
facet normal 0.34691307582165193 -0.9378972853271091 0
outer loop
vertex 11.779540599999962 -12.297862500000019 0
vertex 11.542299704444915 -12.38561408013071 -6.45
vertex 11.779540599999951 -12.297862499999992 -6.45
endloop
endfacet
facet normal 0 0 1
outer loop
vertex 25.307886400000005 -6.5 0
vertex 23.94225414925194 -7.085270966048398 0
vertex 22.629102380044827 -7.648050297095256 0
endloop
endfacet
facet normal 0 0 1
outer loop
vertex 25.307886400000005 -6.5 0
vertex 22.629102380044827 -7.648050297095256 0
vertex 21.418894778445114 -8.166710699058807 0
endloop
endfacet
facet normal 0 0 1
outer loop
vertex 25.307886400000005 -6.5 0
vertex 21.418894778445114 -8.166710699058807 0
vertex 20.35813894389015 -8.621320343559647 0
endloop
endfacet
facet normal 0 0 1
outer loop
vertex 25.307886400000005 -6.5 0
vertex 20.35813894389015 -8.621320343559647 0
vertex 19.48759912822315 -8.994408836907638 0
endloop
endfacet
facet normal 0 0 1
outer loop
vertex 25.307886400000005 -6.5 0
vertex 19.48759912822315 -8.994408836907638 0
vertex 18.840729688355832 -9.271638597533858 0
endloop
endfacet
facet normal 0 0 1
outer loop
vertex 25.307886400000005 -6.5 0
vertex 18.840729688355832 -9.271638597533858 0
vertex 18.44238945409372 -9.44235584120969 0
endloop
endfacet
facet normal 0 0 1
outer loop
vertex 25.307886400000005 -6.5 0
vertex 18.44238945409372 -9.44235584120969 0
vertex 18.30788641724774 -9.5 0
endloop
endfacet
facet normal 0 0 1
outer loop
vertex 25.307886400000005 -6.5 0
vertex 18.30788641724774 -9.5 0
vertex 11.779540599999962 -12.297862500000019 0
endloop
endfacet
facet normal 0 0 1
outer loop
vertex 25.307886400000005 -6.5 0
vertex 11.779540599999962 -12.297862500000019 0
vertex 11.779540599999951 -12.297862499999992 -6.45
endloop
endfacet
facet normal 0 0 1
outer loop
vertex 25.307886400000005 -6.5 0
vertex 11.779540599999951 -12.297862499999992 -6.45
vertex 14.807886506426001 -11 -6.45
endloop
endfacet
facet normal 0 0 1
outer loop
vertex 25.307886400000005 -6.5 0
vertex 14.807886506426001 -11 -6.45
vertex 14.819832773465963 -10.994880171392161 -6.45
endloop
endfacet
facet normal 0 0 1
outer loop
vertex 25.307886400000005 -6.5 0
vertex 14.819832773465963 -10.994880171392161 -6.45
vertex 14.85554407167442 -10.979575329672222 -6.45
endloop
endfacet
facet normal 0 0 1
outer loop
vertex 25.307886400000005 -6.5 0
vertex 14.85554407167442 -10.979575329672222 -6.45
vertex 14.914654809243444 -10.9542421570398 -6.45
endloop
endfacet
facet normal 0 0 1
outer loop
vertex 25.307886400000005 -6.5 0
vertex 14.914654809243444 -10.9542421570398 -6.45
vertex 14.996559844313223 -10.919139999999985 -6.45
endloop
endfacet
facet normal 0 0 1
outer loop
vertex 25.307886400000005 -6.5 0
vertex 14.996559844313223 -10.919139999999985 -6.45
vertex 25.30788640000001 -6.500000000000027 -6.45
endloop
endfacet
facet normal 0 -1 0
outer loop
vertex 59.5 -6.5 -6.45
vertex 59.5 -6.5 0
vertex 25.307886400000005 -6.5 0
endloop
endfacet
facet normal 0 -1 0
outer loop
vertex 59.5 -6.5 -6.45
vertex 25.307886400000005 -6.5 0
vertex 25.30788640000001 -6.500000000000027 -6.45
endloop
endfacet
facet normal -1 0 0
outer loop
vertex 59.5 -24.5 0
vertex 59.5 -24.442355841209693 0
vertex 59.5 -24.27163859753385 0
endloop
endfacet
facet normal -1 0 0
outer loop
vertex 59.5 -24.5 0
vertex 59.5 -24.27163859753385 0
vertex 59.5 -23.99440883690763 0
endloop
endfacet
facet normal -1 0 0
outer loop
vertex 59.5 -24.5 0
vertex 59.5 -23.99440883690763 0
vertex 59.5 -23.621320343559663 0
endloop
endfacet
facet normal -1 0 0
outer loop
vertex 59.5 -24.5 0
vertex 59.5 -23.621320343559663 0
vertex 59.5 -23.166710699058797 0
endloop
endfacet
facet normal -1 0 0
outer loop
vertex 59.5 -24.5 0
vertex 59.5 -23.166710699058797 0
vertex 59.5 -22.64805029709529 0
endloop
endfacet
facet normal -1 0 0
outer loop
vertex 59.5 -24.5 0
vertex 59.5 -22.64805029709529 0
vertex 59.5 -22.085270966048345 0
endloop
endfacet
facet normal -1 0 0
outer loop
vertex 59.5 -24.5 0
vertex 59.5 -22.085270966048345 0
vertex 59.5 -21.49999999999999 0
endloop
endfacet
facet normal -1 0 0
outer loop
vertex 59.5 -24.5 0
vertex 59.5 -21.49999999999999 0
vertex 59.5 -20.914729033951637 0
endloop
endfacet
facet normal -1 0 0
outer loop
vertex 59.5 -24.5 0
vertex 59.5 -20.914729033951637 0
vertex 59.5 -20.351949702904697 0
endloop
endfacet
facet normal -1 0 0
outer loop
vertex 59.5 -24.5 0
vertex 59.5 -20.351949702904697 0
vertex 59.5 -19.833289300941182 0
endloop
endfacet
facet normal -1 0 0
outer loop
vertex 59.5 -24.5 0
vertex 59.5 -19.833289300941182 0
vertex 59.5 -19.378679656440344 0
endloop
endfacet
facet normal -1 0 0
outer loop
vertex 59.5 -24.5 0
vertex 59.5 -19.378679656440344 0
vertex 59.5 -19.00559116309238 0
endloop
endfacet
facet normal -1 0 0
outer loop
vertex 59.5 -24.5 0
vertex 59.5 -19.00559116309238 0
vertex 59.5 -18.728361402466135 0
endloop
endfacet
facet normal -1 0 0
outer loop
vertex 59.5 -24.5 0
vertex 59.5 -18.728361402466135 0
vertex 59.5 -18.55764415879031 0
endloop
endfacet
facet normal -1 0 0
outer loop
vertex 59.5 -24.5 0
vertex 59.5 -18.55764415879031 0
vertex 59.5 -18.5 0
endloop
endfacet
facet normal -1 0 0
outer loop
vertex 59.5 -24.5 0
vertex 59.5 -18.5 0
vertex 59.5 -15.719025800000004 0
endloop
endfacet
facet normal -1 0 0
outer loop
vertex 59.5 -24.5 0
vertex 59.5 -15.719025800000004 0
vertex 59.5 -6.5 0
endloop
endfacet
facet normal -1 0 0
outer loop
vertex 59.5 -24.5 0
vertex 59.5 -6.5 0
vertex 59.5 -6.5 -6.45
endloop
endfacet
facet normal -1 0 0
outer loop
vertex 59.5 -24.5 0
vertex 59.5 -6.5 -6.45
vertex 59.5 -25 -6.45
endloop
endfacet
facet normal -1 0 0
outer loop
vertex 59.5 -24.5 0
vertex 59.5 -25 -6.45
vertex 59.5 -24.999999999999993 0
endloop
endfacet
facet normal -0.9961946980917458 -0.08715574274765511 9.627845819927785e-17
outer loop
vertex 59.53798061746948 -25.434120444167327 0
vertex 59.5 -24.999999999999993 0
vertex 59.5 -25 -6.45
endloop
endfacet
facet normal -0.9961946980917458 -0.08715574274765511 9.627845819927785e-17
outer loop
vertex 59.53798061746948 -25.434120444167327 0
vertex 59.5 -25 -6.45
vertex 59.515192246987795 -25.173648177666955 -6.45
endloop
endfacet
facet normal -0.9961946980917458 -0.08715574274765511 9.627845819927785e-17
outer loop
vertex 59.53798061746948 -25.434120444167327 0
vertex 59.515192246987795 -25.173648177666955 -6.45
vertex 59.529922885238506 -25.34202014332564 -6.45
endloop
endfacet
facet normal -0.9961946980917458 -0.08715574274765511 9.627845819927785e-17
outer loop
vertex 59.53798061746948 -25.434120444167327 0
vertex 59.529922885238506 -25.34202014332564 -6.45
vertex 59.53798061746943 -25.43412044416734 -6.450000000000004
endloop
endfacet
facet normal -0.9659258262890669 -0.2588190451025261 8.01826749310881e-15
outer loop
vertex 59.65076844803524 -25.855050358314195 0
vertex 59.53798061746948 -25.434120444167327 0
vertex 59.53798061746943 -25.43412044416734 -6.450000000000004
endloop
endfacet
facet normal -0.9659258262890669 -0.2588190451025261 8.01826749310881e-15
outer loop
vertex 59.65076844803524 -25.855050358314195 0
vertex 59.53798061746943 -25.43412044416734 -6.450000000000004
vertex 59.55563299125258 -25.500000000000036 -6.45
endloop
endfacet
facet normal -0.9659258262890669 -0.2588190451025261 8.01826749310881e-15
outer loop
vertex 59.65076844803524 -25.855050358314195 0
vertex 59.55563299125258 -25.500000000000036 -6.45
vertex 59.59389281595723 -25.642787609686472 -6.45
endloop
endfacet
facet normal -0.9659258262890669 -0.2588190451025261 8.01826749310881e-15
outer loop
vertex 59.65076844803524 -25.855050358314195 0
vertex 59.59389281595723 -25.642787609686472 -6.45
vertex 59.626919384937096 -25.766044443118993 -6.45
endloop
endfacet
facet normal -0.9659258262890669 -0.2588190451025261 8.01826749310881e-15
outer loop
vertex 59.65076844803524 -25.855050358314195 0
vertex 59.626919384937096 -25.766044443118993 -6.45
vertex 59.650768448035095 -25.855050358314237 -6.45
endloop
endfacet
facet normal -0.9063077870366533 -0.42261826174069245 2.2761214989678482e-14
outer loop
vertex 59.83493649053889 -26.24999999999998 0
vertex 59.65076844803524 -25.855050358314195 0
vertex 59.650768448035095 -25.855050358314237 -6.45
endloop
endfacet
facet normal -0.9063077870366533 -0.42261826174069245 2.2761214989678482e-14
outer loop
vertex 59.83493649053889 -26.24999999999998 0
vertex 59.650768448035095 -25.855050358314237 -6.45
vertex 59.65588619578659 -25.866025403784427 -6.45
endloop
endfacet
facet normal -0.9063077870366533 -0.42261826174069245 2.2761214989678482e-14
outer loop
vertex 59.83493649053889 -26.24999999999998 0
vertex 59.65588619578659 -25.866025403784427 -6.45
vertex 59.69023778322936 -25.939692620785927 -6.45
endloop
endfacet
facet normal -0.9063077870366533 -0.42261826174069245 2.2761214989678482e-14
outer loop
vertex 59.83493649053889 -26.24999999999998 0
vertex 59.69023778322936 -25.939692620785927 -6.45
vertex 59.71127531488515 -25.984807753012205 -6.45
endloop
endfacet
facet normal -0.9063077870366533 -0.42261826174069245 2.2761214989678482e-14
outer loop
vertex 59.83493649053889 -26.24999999999998 0
vertex 59.71127531488515 -25.984807753012205 -6.45
vertex 59.71835957600014 -26 -6.45
endloop
endfacet
facet normal -0.9063077870366533 -0.42261826174069245 2.2761214989678482e-14
outer loop
vertex 59.83493649053889 -26.24999999999998 0
vertex 59.71835957600014 -26 -6.45
vertex 59.834936490538894 -26.249999999999982 -6.450000000000004
endloop
endfacet
facet normal -0.8191520442889896 -0.5735764363510495 0
outer loop
vertex 60.08488889220254 -26.606969024216326 0
vertex 59.83493649053889 -26.24999999999998 0
vertex 59.834936490538894 -26.249999999999982 -6.450000000000004
endloop
endfacet
facet normal -0.8191520442889896 -0.5735764363510495 0
outer loop
vertex 60.08488889220254 -26.606969024216326 0
vertex 59.834936490538894 -26.249999999999982 -6.450000000000004
vertex 60.08488889220243 -26.606969024216433 -6.450000000000004
endloop
endfacet
facet normal -0.7071067811865493 -0.7071067811865458 0
outer loop
vertex 60.393030975783674 -26.915111107797465 0
vertex 60.08488889220254 -26.606969024216326 0
vertex 60.08488889220243 -26.606969024216433 -6.450000000000004
endloop
endfacet
facet normal -0.7071067811865493 -0.7071067811865458 0
outer loop
vertex 60.393030975783674 -26.915111107797465 0
vertex 60.08488889220243 -26.606969024216433 -6.450000000000004
vertex 60.393030975783596 -26.915111107797557 -6.45
endloop
endfacet
facet normal -0.573576436351047 -0.8191520442889911 0
outer loop
vertex 60.749999999999986 -27.165063509461085 0
vertex 60.393030975783674 -26.915111107797465 0
vertex 60.393030975783596 -26.915111107797557 -6.45
endloop
endfacet
facet normal -0.573576436351047 -0.8191520442889911 0
outer loop
vertex 60.749999999999986 -27.165063509461085 0
vertex 60.393030975783596 -26.915111107797557 -6.45
vertex 60.74999999999999 -27.16506350946107 -6.45
endloop
endfacet
facet normal -0.4226182617407004 -0.9063077870366495 0
outer loop
vertex 61.1449496416858 -27.349231551964756 0
vertex 60.749999999999986 -27.165063509461085 0
vertex 60.74999999999999 -27.16506350946107 -6.45
endloop
endfacet
facet normal -0.4226182617407004 -0.9063077870366495 0
outer loop
vertex 61.1449496416858 -27.349231551964756 0
vertex 60.74999999999999 -27.16506350946107 -6.45
vertex 61.144949641685834 -27.34923155196467 -6.45
endloop
endfacet
facet normal -0.25881904510251996 -0.9659258262890685 0
outer loop
vertex 61.565879555832694 -27.46201938253052 0
vertex 61.1449496416858 -27.349231551964756 0
vertex 61.144949641685834 -27.34923155196467 -6.45
endloop
endfacet
facet normal -0.25881904510251996 -0.9659258262890685 0
outer loop
vertex 61.565879555832694 -27.46201938253052 0
vertex 61.144949641685834 -27.34923155196467 -6.45
vertex 61.56587955583277 -27.462019382530237 -6.45
endloop
endfacet
facet normal -0.08715574274765459 -0.996194698091746 0
outer loop
vertex 61.99999999999998 -27.5 0
vertex 61.565879555832694 -27.46201938253052 0
vertex 61.56587955583277 -27.462019382530237 -6.45
endloop
endfacet
facet normal -0.08715574274765459 -0.996194698091746 0
outer loop
vertex 61.99999999999998 -27.5 0
vertex 61.56587955583277 -27.462019382530237 -6.45
vertex 61.99999999999999 -27.500000000000036 -6.450000000000004
endloop
endfacet
facet normal 0 -1 0
outer loop
vertex 80.5068978 -27.5 -6.45
vertex 80.50689780000002 -27.5 0
vertex 61.99999999999998 -27.5 0
endloop
endfacet
facet normal 0 -1 0
outer loop
vertex 80.5068978 -27.5 -6.45
vertex 61.99999999999998 -27.5 0
vertex 61.99999999999999 -27.500000000000036 -6.450000000000004
endloop
endfacet
facet normal 0 0 -1
outer loop
vertex 94.23428605000001 -37.61885035000001 0
vertex 89.37769590164035 -34.0389189 0
vertex 89.29949494790658 -33.98127474120968 0
endloop
endfacet
facet normal 0 0 -1
outer loop
vertex 94.23428605000001 -37.61885035000001 0
vertex 89.29949494790658 -33.98127474120968 0
vertex 89.0678973055017 -33.810557497533864 0
endloop
endfacet
facet normal 0 0 -1
outer loop
vertex 94.23428605000001 -37.61885035000001 0
vertex 89.0678973055017 -33.810557497533864 0
vertex 88.69180314194183 -33.53332773690764 0
endloop
endfacet
facet normal 0 0 -1
outer loop
vertex 94.23428605000001 -37.61885035000001 0
vertex 88.69180314194183 -33.53332773690764 0
vertex 88.18566554501662 -33.16023924355969 0
endloop
endfacet
facet normal 0 0 -1
outer loop
vertex 94.23428605000001 -37.61885035000001 0
vertex 88.18566554501662 -33.16023924355969 0
vertex 87.56893509873046 -32.705629599058796 0
endloop
endfacet
facet normal 0 0 -1
outer loop
vertex 94.23428605000001 -37.61885035000001 0
vertex 87.56893509873046 -32.705629599058796 0
vertex 86.865312408268 -32.18696919709529 0
endloop
endfacet
facet normal 0 0 -1
outer loop
vertex 94.23428605000001 -37.61885035000001 0
vertex 86.865312408268 -32.18696919709529 0
vertex 86.10183729902725 -31.62418986604832 0
endloop
endfacet
facet normal 0 0 -1
outer loop
vertex 94.23428605000001 -37.61885035000001 0
vertex 86.10183729902725 -31.62418986604832 0
vertex 85.30784969129478 -31.038918899999885 0
endloop
endfacet
facet normal 0 0 -1
outer loop
vertex 94.23428605000001 -37.61885035000001 0
vertex 85.30784969129478 -31.038918899999885 0
vertex 84.51386208356267 -30.45364793395172 0
endloop
endfacet
facet normal 0 0 -1
outer loop
vertex 94.23428605000001 -37.61885035000001 0
vertex 84.51386208356267 -30.45364793395172 0
vertex 83.75038697432183 -29.890868602904682 0
endloop
endfacet
facet normal 0 0 -1
outer loop
vertex 94.23428605000001 -37.61885035000001 0
vertex 83.75038697432183 -29.890868602904682 0
vertex 83.04676428385946 -29.37220820094125 0
endloop
endfacet
facet normal 0 0 -1
outer loop
vertex 94.23428605000001 -37.61885035000001 0
vertex 83.04676428385946 -29.37220820094125 0
vertex 82.4300338375733 -28.917598556440346 0
endloop
endfacet
facet normal 0 0 -1
outer loop
vertex 94.23428605000001 -37.61885035000001 0
vertex 82.4300338375733 -28.917598556440346 0
vertex 81.92389624064803 -28.544510063092346 0
endloop
endfacet
facet normal 0 0 -1
outer loop
vertex 94.23428605000001 -37.61885035000001 0
vertex 81.92389624064803 -28.544510063092346 0
vertex 81.54780207708819 -28.267280302466148 0
endloop
endfacet
facet normal 0 0 -1
outer loop
vertex 94.23428605000001 -37.61885035000001 0
vertex 81.54780207708819 -28.267280302466148 0
vertex 81.3162044346833 -28.096563058790316 0
endloop
endfacet
facet normal 0 0 -1
outer loop
vertex 94.23428605000001 -37.61885035000001 0
vertex 81.3162044346833 -28.096563058790316 0
vertex 81.23800348094952 -28.0389189 0
endloop
endfacet
facet normal 0 0 -1
outer loop
vertex 94.23428605000001 -37.61885035000001 0
vertex 81.23800348094952 -28.0389189 0
vertex 80.50689780000002 -27.5 0
endloop
endfacet
facet normal 0 0 -1
outer loop
vertex 94.23428605000001 -37.61885035000001 0
vertex 80.50689780000002 -27.5 0
vertex 80.5068978 -27.5 -6.45
endloop
endfacet
facet normal 0 0 -1
outer loop
vertex 94.23428605000001 -37.61885035000001 0
vertex 80.5068978 -27.5 -6.45
vertex 92.59628819481448 -36.4114353 -6.45
endloop
endfacet
facet normal 0 0 -1
outer loop
vertex 94.23428605000001 -37.61885035000001 0
vertex 92.59628819481448 -36.4114353 -6.45
vertex 92.71027841081015 -36.49546074723133 -6.45
endloop
endfacet
facet normal 0 0 -1
outer loop
vertex 94.23428605000001 -37.61885035000001 0
vertex 92.71027841081015 -36.49546074723133 -6.45
vertex 92.7936510966609 -36.55691713762674 -6.45
endloop
endfacet
facet normal 0 0 -1
outer loop
vertex 94.23428605000001 -37.61885035000001 0
vertex 92.7936510966609 -36.55691713762674 -6.45
vertex 92.84428575584336 -36.59424139257309 -6.45
endloop
endfacet
facet normal 0 0 -1
outer loop
vertex 94.23428605000001 -37.61885035000001 0
vertex 92.84428575584336 -36.59424139257309 -6.45
vertex 92.86089673245566 -36.606485818347764 -6.45
endloop
endfacet
facet normal 0 0 -1
outer loop
vertex 94.23428605000001 -37.61885035000001 0
vertex 92.86089673245566 -36.606485818347764 -6.45
vertex 94.23428604999981 -37.618850350000265 -6.45
endloop
endfacet
facet normal -0.5273329637856129 -0.8496587228441085 0
outer loop
vertex 94.57275980217433 -37.82892100789929 0
vertex 94.23428605000001 -37.61885035000001 0
vertex 94.23428604999981 -37.618850350000265 -6.45
endloop
endfacet
facet normal -0.5273329637856129 -0.8496587228441085 0
outer loop
vertex 94.57275980217433 -37.82892100789929 0
vertex 94.23428604999981 -37.618850350000265 -6.45
vertex 94.57275980217429 -37.82892100789935 -6.45
endloop
endfacet
facet normal -0.3856790844506297 -0.9226329951921967 0
outer loop
vertex 94.9403039035485 -37.982561809010775 0
vertex 94.57275980217433 -37.82892100789929 0
vertex 94.57275980217429 -37.82892100789935 -6.45
endloop
endfacet
facet normal -0.3856790844506297 -0.9226329951921967 0
outer loop
vertex 94.9403039035485 -37.982561809010775 0
vertex 94.57275980217429 -37.82892100789935 -6.45
vertex 94.94030390354843 -37.98256180901093 -6.45
endloop
endfacet
facet normal -0.23423240204472864 -0.9721806323067522 0
outer loop
vertex 95.32758601760311 -38.075871649620055 0
vertex 94.9403039035485 -37.982561809010775 0
vertex 94.94030390354843 -37.98256180901093 -6.45
endloop
endfacet
facet normal -0.23423240204472864 -0.9721806323067522 0
outer loop
vertex 95.32758601760311 -38.075871649620055 0
vertex 94.94030390354843 -37.98256180901093 -6.45
vertex 95.32758601760305 -38.075871649620254 -6.45
endloop
endfacet
facet normal -0.07683830926963965 -0.9970435668658533 0
outer loop
vertex 95.72477263863688 -38.106481293409935 0
vertex 95.32758601760311 -38.075871649620055 0
vertex 95.32758601760305 -38.075871649620254 -6.45
endloop
endfacet
facet normal -0.07683830926963965 -0.9970435668658533 0
outer loop
vertex 95.72477263863688 -38.106481293409935 0
vertex 95.32758601760305 -38.075871649620254 -6.45
vertex 95.72477263863689 -38.10648129340977 -6.45
endloop
endfacet
facet normal 0.08250679008403239 -0.9965905024582713 0
outer loop
vertex 96.1217787749585 -38.07361352889606 0
vertex 95.72477263863688 -38.106481293409935 0
vertex 95.72477263863689 -38.10648129340977 -6.45
endloop
endfacet
facet normal 0.08250679008403239 -0.9965905024582713 0
outer loop
vertex 96.1217787749585 -38.07361352889606 0
vertex 95.72477263863689 -38.10648129340977 -6.45
vertex 96.12177877495853 -38.07361352889605 -6.450000000000004
endloop
endfacet
facet normal 0.23975695408888936 -0.9708329428722628 0
outer loop
vertex 96.50852401757595 -37.97810290365502 0
vertex 96.1217787749585 -38.07361352889606 0
vertex 96.12177877495853 -38.07361352889605 -6.450000000000004
endloop
endfacet
facet normal 0.23975695408888936 -0.9708329428722628 0
outer loop
vertex 96.50852401757595 -37.97810290365502 0
vertex 96.12177877495853 -38.07361352889605 -6.450000000000004
vertex 96.50852401757615 -37.97810290365576 -6.450000000000004
endloop
endfacet
facet normal 0.3909194334592311 -0.9204249000021206 0
outer loop
vertex 96.875188492526 -37.82237453427173 0
vertex 96.50852401757595 -37.97810290365502 0
vertex 96.50852401757615 -37.97810290365576 -6.450000000000004
endloop
endfacet
facet normal 0.3909194334592311 -0.9204249000021206 0
outer loop
vertex 96.875188492526 -37.82237453427173 0
vertex 96.50852401757615 -37.97810290365576 -6.450000000000004
vertex 96.87518849252632 -37.82237453427253 -6.45
endloop
endfacet
facet normal 0.5321560517113522 -0.8466462877890535 0
outer loop
vertex 97.21246219794173 -37.61038253004432 0
vertex 96.875188492526 -37.82237453427173 0
vertex 96.87518849252632 -37.82237453427253 -6.45
endloop
endfacet
facet normal 0.5321560517113522 -0.8466462877890535 0
outer loop
vertex 97.21246219794173 -37.61038253004432 0
vertex 96.87518849252632 -37.82237453427253 -6.45
vertex 97.21246219794183 -37.610382530044475 -6.45
endloop
endfacet
facet normal 0.6598806605559556 -0.7513704238418196 0
outer loop
vertex 97.51178139492377 -37.34750959393425 0
vertex 97.21246219794173 -37.61038253004432 0
vertex 97.21246219794183 -37.610382530044475 -6.45
endloop
endfacet
facet normal 0.6598806605559556 -0.7513704238418196 0
outer loop
vertex 97.51178139492377 -37.34750959393425 0
vertex 97.21246219794183 -37.610382530044475 -6.45
vertex 97.51178139492382 -37.34750959393431 -6.45
endloop
endfacet
facet normal 0.7708547084856262 -0.6370110033630033 0
outer loop
vertex 97.76554209999995 -37.040430700000094 0
vertex 97.51178139492377 -37.34750959393425 0
vertex 97.51178139492382 -37.34750959393431 -6.45
endloop
endfacet
facet normal 0.7708547084856262 -0.6370110033630033 0
outer loop
vertex 97.76554209999995 -37.040430700000094 0
vertex 97.51178139492382 -37.34750959393431 -6.45
vertex 97.76554209999998 -37.040430700000115 -6.45
endloop
endfacet
facet normal 0 0 -1
outer loop
vertex 109.22293204999988 -20.67757970000018 0
vertex 109.05687832284289 -20.914729033951637 0
vertex 108.6470672401392 -21.49999999999999 0
endloop
endfacet
facet normal 0 0 -1
outer loop
vertex 109.22293204999988 -20.67757970000018 0
vertex 108.6470672401392 -21.49999999999999 0
vertex 108.2372561574355 -22.085270966048345 0
endloop
endfacet
facet normal 0 0 -1
outer loop
vertex 109.22293204999988 -20.67757970000018 0
vertex 108.2372561574355 -22.085270966048345 0
vertex 107.84319388481535 -22.64805029709529 0
endloop
endfacet
facet normal 0 0 -1
outer loop
vertex 109.22293204999988 -20.67757970000018 0
vertex 107.84319388481535 -22.64805029709529 0
vertex 107.48002401442297 -23.166710699058797 0
endloop
endfacet
facet normal 0 0 -1
outer loop
vertex 109.22293204999988 -20.67757970000018 0
vertex 107.48002401442297 -23.166710699058797 0
vertex 107.16170296070945 -23.621320343559663 0
endloop
endfacet
facet normal 0 0 -1
outer loop
vertex 109.22293204999988 -20.67757970000018 0
vertex 107.16170296070945 -23.621320343559663 0
vertex 106.90046362325256 -23.99440883690763 0
endloop
endfacet
facet normal 0 0 -1
outer loop
vertex 109.22293204999988 -20.67757970000018 0
vertex 106.90046362325256 -23.99440883690763 0
vertex 106.70634528328603 -24.27163859753385 0
endloop
endfacet
facet normal 0 0 -1
outer loop
vertex 109.22293204999988 -20.67757970000018 0
vertex 106.70634528328603 -24.27163859753385 0
vertex 106.58680779975194 -24.442355841209693 0
endloop
endfacet
facet normal 0 0 -1
outer loop
vertex 109.22293204999988 -20.67757970000018 0
vertex 106.58680779975194 -24.442355841209693 0
vertex 106.54644493110513 -24.5 0
endloop
endfacet
facet normal 0 0 -1
outer loop
vertex 109.22293204999988 -20.67757970000018 0
vertex 106.54644493110513 -24.5 0
vertex 104.44582262207109 -27.5 0
endloop
endfacet
facet normal 0 0 -1
outer loop
vertex 109.22293204999988 -20.67757970000018 0
vertex 104.44582262207109 -27.5 0
vertex 104.0684676007044 -28.0389189 0
endloop
endfacet
facet normal 0 0 -1
outer loop
vertex 109.22293204999988 -20.67757970000018 0
vertex 104.0684676007044 -28.0389189 0
vertex 104.02810473205759 -28.096563058790316 0
endloop
endfacet
facet normal 0 0 -1
outer loop
vertex 109.22293204999988 -20.67757970000018 0
vertex 104.02810473205759 -28.096563058790316 0
vertex 103.9085672485235 -28.267280302466148 0
endloop
endfacet
facet normal 0 0 -1
outer loop
vertex 109.22293204999988 -20.67757970000018 0
vertex 103.9085672485235 -28.267280302466148 0
vertex 103.71444890855699 -28.544510063092346 0
endloop
endfacet
facet normal 0 0 -1
outer loop
vertex 109.22293204999988 -20.67757970000018 0
vertex 103.71444890855699 -28.544510063092346 0
vertex 103.45320957110009 -28.917598556440346 0
endloop
endfacet
facet normal 0 0 -1
outer loop
vertex 109.22293204999988 -20.67757970000018 0
vertex 103.45320957110009 -28.917598556440346 0
vertex 103.13488851738654 -29.37220820094125 0
endloop
endfacet
facet normal 0 0 -1
outer loop
vertex 109.22293204999988 -20.67757970000018 0
vertex 103.13488851738654 -29.37220820094125 0
vertex 102.77171864699423 -29.890868602904682 0
endloop
endfacet
facet normal 0 0 -1
outer loop
vertex 109.22293204999988 -20.67757970000018 0
vertex 102.77171864699423 -29.890868602904682 0
vertex 102.37765637437401 -30.45364793395172 0
endloop
endfacet
facet normal 0 0 -1
outer loop
vertex 109.22293204999988 -20.67757970000018 0
vertex 102.37765637437401 -30.45364793395172 0
vertex 101.96784529167044 -31.038918899999885 0
endloop
endfacet
facet normal 0 0 -1
outer loop
vertex 109.22293204999988 -20.67757970000018 0
vertex 101.96784529167044 -31.038918899999885 0
vertex 101.55803420896669 -31.62418986604832 0
endloop
endfacet
facet normal 0 0 -1
outer loop
vertex 109.22293204999988 -20.67757970000018 0
vertex 101.55803420896669 -31.62418986604832 0
vertex 101.16397193634651 -32.18696919709529 0
endloop
endfacet
facet normal 0 0 -1
outer loop
vertex 109.22293204999988 -20.67757970000018 0
vertex 101.16397193634651 -32.18696919709529 0
vertex 100.80080206595414 -32.705629599058796 0
endloop
endfacet
facet normal 0 0 -1
outer loop
vertex 109.22293204999988 -20.67757970000018 0
vertex 100.80080206595414 -32.705629599058796 0
vertex 100.48248101224061 -33.16023924355969 0
endloop
endfacet
facet normal 0 0 -1
outer loop
vertex 109.22293204999988 -20.67757970000018 0
vertex 100.48248101224061 -33.16023924355969 0
vertex 100.22124167478374 -33.53332773690764 0
endloop
endfacet
facet normal 0 0 -1
outer loop
vertex 109.22293204999988 -20.67757970000018 0
vertex 100.22124167478374 -33.53332773690764 0
vertex 100.0271233348172 -33.810557497533864 0
endloop
endfacet
facet normal 0 0 -1
outer loop
vertex 109.22293204999988 -20.67757970000018 0
vertex 100.0271233348172 -33.810557497533864 0
vertex 99.90758585128313 -33.98127474120968 0
endloop
endfacet
facet normal 0 0 -1
outer loop
vertex 109.22293204999988 -20.67757970000018 0
vertex 99.90758585128313 -33.98127474120968 0
vertex 99.86722298263632 -34.0389189 0
endloop
endfacet
facet normal 0 0 -1
outer loop
vertex 109.22293204999988 -20.67757970000018 0
vertex 99.86722298263632 -34.0389189 0
vertex 97.76554209999995 -37.040430700000094 0
endloop
endfacet
facet normal 0 0 -1
outer loop
vertex 109.22293204999988 -20.67757970000018 0
vertex 97.76554209999995 -37.040430700000094 0
vertex 97.76554209999998 -37.040430700000115 -6.45
endloop
endfacet
facet normal 0 0 -1
outer loop
vertex 109.22293204999988 -20.67757970000018 0
vertex 97.76554209999998 -37.040430700000115 -6.45
vertex 98.06939353402512 -36.606485818347764 -6.45
endloop
endfacet
facet normal 0 0 -1
outer loop
vertex 109.22293204999988 -20.67757970000018 0
vertex 98.06939353402512 -36.606485818347764 -6.45
vertex 98.07859867072418 -36.593339518846896 -6.45
endloop
endfacet
facet normal 0 0 -1
outer loop
vertex 109.22293204999988 -20.67757970000018 0
vertex 98.07859867072418 -36.593339518846896 -6.45
vertex 98.10534885609073 -36.55513628949467 -6.45
endloop
endfacet
facet normal 0 0 -1
outer loop
vertex 109.22293204999988 -20.67757970000018 0
vertex 98.10534885609073 -36.55513628949467 -6.45
vertex 98.14896488077994 -36.49284614190122 -6.45
endloop
endfacet
facet normal 0 0 -1
outer loop
vertex 109.22293204999988 -20.67757970000018 0
vertex 98.14896488077994 -36.49284614190122 -6.45
vertex 98.20833929782847 -36.408050674465095 -6.45
endloop
endfacet
facet normal 0 0 -1
outer loop
vertex 109.22293204999988 -20.67757970000018 0
vertex 98.20833929782847 -36.408050674465095 -6.45
vertex 98.28196454164936 -36.302902914280985 -6.45
endloop
endfacet
facet normal 0 0 -1
outer loop
vertex 109.22293204999988 -20.67757970000018 0
vertex 98.28196454164936 -36.302902914280985 -6.45
vertex 98.3679712063699 -36.180072649999985 -6.45
endloop
endfacet
facet normal 0 0 -1
outer loop
vertex 109.22293204999988 -20.67757970000018 0
vertex 98.3679712063699 -36.180072649999985 -6.45
vertex 109.22293204999963 -20.67757969999998 -6.45
endloop
endfacet
facet normal 0 0 -1
outer loop
vertex 109.44082110613354 -20.300184272973127 0
vertex 109.41093436172598 -20.351949702904697 0
vertex 109.22293204999988 -20.67757970000018 0
endloop
endfacet
facet normal 0 0 -1
outer loop
vertex 109.44082110613354 -20.300184272973127 0
vertex 109.22293204999988 -20.67757970000018 0
vertex 109.22293204999963 -20.67757969999998 -6.45
endloop
endfacet
facet normal 0 0 -1
outer loop
vertex 109.44082110613354 -20.300184272973127 0
vertex 109.22293204999963 -20.67757969999998 -6.45
vertex 109.44082110613361 -20.300184272973162 -6.45
endloop
endfacet
facet normal 0.9396927996879129 -0.3420196517960511 0
outer loop
vertex 109.58986593582402 -19.89068630244605 0
vertex 109.44082110613354 -20.300184272973127 0
vertex 109.44082110613361 -20.300184272973162 -6.45
endloop
endfacet
facet normal 0.9396927996879129 -0.3420196517960511 0
outer loop
vertex 109.58986593582402 -19.89068630244605 0
vertex 109.44082110613361 -20.300184272973162 -6.45
vertex 109.58986593582405 -19.890686302446056 -6.45
endloop
endfacet
facet normal 0 0 1
outer loop
vertex 109.66553789063815 -19.461528167980134 0
vertex 109.5999865486134 -19.833289300941182 0
vertex 109.58986593582402 -19.89068630244605 0
endloop
endfacet
facet normal 0 0 1
outer loop
vertex 109.66553789063815 -19.461528167980134 0
vertex 109.58986593582402 -19.89068630244605 0
vertex 109.58986593582405 -19.890686302446056 -6.45
endloop
endfacet
facet normal 0 0 1
outer loop
vertex 109.66553789063815 -19.461528167980134 0
vertex 109.58986593582405 -19.890686302446056 -6.45
vertex 109.60282072407382 -19.817215899999802 -6.45
endloop
endfacet
facet normal 0 0 1
outer loop
vertex 109.66553789063815 -19.461528167980134 0
vertex 109.60282072407382 -19.817215899999802 -6.45
vertex 109.62943912677524 -19.66625503115659 -6.45
endloop
endfacet
facet normal 0 0 1
outer loop
vertex 109.66553789063815 -19.461528167980134 0
vertex 109.62943912677524 -19.66625503115659 -6.45
vertex 109.6583211543656 -19.502456473147678 -6.45
endloop
endfacet
facet normal 0 0 1
outer loop
vertex 109.66553789063815 -19.461528167980134 0
vertex 109.6583211543656 -19.502456473147678 -6.45
vertex 109.66553789063818 -19.46152816798014 -6.45
endloop
endfacet
facet normal 0 0 1
outer loop
vertex 109.66553771819412 -19.025749612836087 0
vertex 109.66553785785376 -19.378679656440344 0
vertex 109.66553789063815 -19.461528167980134 0
endloop
endfacet
facet normal 0 0 1
outer loop
vertex 109.66553771819412 -19.025749612836087 0
vertex 109.66553789063815 -19.461528167980134 0
vertex 109.66553789063818 -19.46152816798014 -6.45
endloop
endfacet
facet normal 0 0 1
outer loop
vertex 109.66553771819412 -19.025749612836087 0
vertex 109.66553789063818 -19.46152816798014 -6.45
vertex 109.66553783890473 -19.330794144434112 -6.45
endloop
endfacet
facet normal 0 0 1
outer loop
vertex 109.66553771819412 -19.025749612836087 0
vertex 109.66553783890473 -19.330794144434112 -6.45
vertex 109.66553776992755 -19.156483846914703 -6.45
endloop
endfacet
facet normal 0 0 1
outer loop
vertex 109.66553771819412 -19.025749612836087 0
vertex 109.66553776992755 -19.156483846914703 -6.45
vertex 109.66553771819454 -19.02574961283609 -6.450000000000004
endloop
endfacet
facet normal 0 0 1
outer loop
vertex 109.5898654237316 -18.596591538259545 0
vertex 109.613100051148 -18.728361402466135 0
vertex 109.66198323271364 -19.00559116309238 0
endloop
endfacet
facet normal 0 0 1
outer loop
vertex 109.5898654237316 -18.596591538259545 0
vertex 109.66198323271364 -19.00559116309238 0
vertex 109.66553771819412 -19.025749612836087 0
endloop
endfacet
facet normal 0 0 1
outer loop
vertex 109.5898654237316 -18.596591538259545 0
vertex 109.66553771819412 -19.025749612836087 0
vertex 109.66553771819454 -19.02574961283609 -6.450000000000004
endloop
endfacet
facet normal 0 0 1
outer loop
vertex 109.5898654237316 -18.596591538259545 0
vertex 109.66553771819454 -19.02574961283609 -6.450000000000004
vertex 109.65832102450453 -18.984821838582405 -6.45
endloop
endfacet
facet normal 0 0 1
outer loop
vertex 109.5898654237316 -18.596591538259545 0
vertex 109.65832102450453 -18.984821838582405 -6.45
vertex 109.62943897451609 -18.82102391160139 -6.45
endloop
endfacet
facet normal 0 0 1
outer loop
vertex 109.5898654237316 -18.596591538259545 0
vertex 109.62943897451609 -18.82102391160139 -6.45
vertex 109.60282113145293 -18.67006691525938 -6.45
endloop
endfacet
facet normal 0 0 1
outer loop
vertex 109.5898654237316 -18.596591538259545 0
vertex 109.60282113145293 -18.67006691525938 -6.45
vertex 109.58986542373144 -18.596591538259574 -6.45
endloop
endfacet
facet normal 0 0 1
outer loop
vertex 109.44082026995228 -18.187093685691018 0
vertex 109.55470894956848 -18.5 0
vertex 109.57568972506581 -18.55764415879031 0
endloop
endfacet
facet normal 0 0 1
outer loop
vertex 109.44082026995228 -18.187093685691018 0
vertex 109.57568972506581 -18.55764415879031 0
vertex 109.5898654237316 -18.596591538259545 0
endloop
endfacet
facet normal 0 0 1
outer loop
vertex 109.44082026995228 -18.187093685691018 0
vertex 109.5898654237316 -18.596591538259545 0
vertex 109.58986542373144 -18.596591538259574 -6.45
endloop
endfacet
facet normal 0 0 1
outer loop
vertex 109.44082026995228 -18.187093685691018 0
vertex 109.58986542373144 -18.596591538259574 -6.45
vertex 109.56800751909708 -18.536537538983083 -6.45
endloop
endfacet
facet normal 0 0 1
outer loop
vertex 109.44082026995228 -18.187093685691018 0
vertex 109.56800751909708 -18.536537538983083 -6.45
vertex 109.52722658974577 -18.42449295000006 -6.45
endloop
endfacet
facet normal 0 0 1
outer loop
vertex 109.44082026995228 -18.187093685691018 0
vertex 109.52722658974577 -18.42449295000006 -6.45
vertex 109.44082026995248 -18.187093685690954 -6.45
endloop
endfacet
facet normal 0.8660253014470107 0.5000001772535829 0
outer loop
vertex 109.22293091513684 -17.80969843110805 0
vertex 109.44082026995228 -18.187093685691018 0
vertex 109.44082026995248 -18.187093685690954 -6.45
endloop
endfacet
facet normal 0.8660253014470107 0.5000001772535829 0
outer loop
vertex 109.22293091513684 -17.80969843110805 0
vertex 109.44082026995248 -18.187093685690954 -6.45
vertex 109.22293091513718 -17.80969843110786 -6.45
endloop
endfacet
facet normal 0.7660443524892373 0.6427877176948431 0
outer loop
vertex 108.94281781225548 -17.47587273000408 0
vertex 109.22293091513684 -17.80969843110805 0
vertex 109.22293091513718 -17.80969843110786 -6.45
endloop
endfacet
facet normal 0.7660443524892373 0.6427877176948431 0
outer loop
vertex 108.94281781225548 -17.47587273000408 0
vertex 109.22293091513718 -17.80969843110786 -6.45
vertex 108.94281781225575 -17.47587273000387 -6.450000000000004
endloop
endfacet
facet normal 0.64279027082591 0.766042210150037 0
outer loop
vertex 108.60899410000003 -17.195759400000018 0
vertex 108.94281781225548 -17.47587273000408 0
vertex 108.94281781225575 -17.47587273000387 -6.450000000000004
endloop
endfacet
facet normal 0.64279027082591 0.766042210150037 0
outer loop
vertex 108.60899410000003 -17.195759400000018 0
vertex 108.94281781225575 -17.47587273000387 -6.450000000000004
vertex 108.6089941000003 -17.19575939999973 -6.450000000000004
endloop
endfacet
facet normal 0.5735764449882486 0.8191520382411575 0
outer loop
vertex 105.0000000614961 -14.668714512174475 -5.45
vertex 106.49999991671793 -15.71902574168488 -5.45
vertex 106.49999991671793 -15.71902574168488 -6.45
endloop
endfacet
facet normal 0.5735764449882486 0.8191520382411575 0
outer loop
vertex 105.0000000614961 -14.668714512174475 -5.45
vertex 106.49999991671793 -15.71902574168488 -6.45
vertex 105.0000000614961 -14.668714512174475 -6.45
endloop
endfacet
facet normal 0.5735764223382395 0.8191520541008643 1.3062315671396461e-8
outer loop
vertex 106.49999991671793 -15.71902574168488 -5.45
vertex 106.49999987588524 -15.719025800000004 0
vertex 108.60899410000003 -17.195759400000018 0
endloop
endfacet
facet normal 0.5735764223382395 0.8191520541008643 1.3062315671396461e-8
outer loop
vertex 106.49999991671793 -15.71902574168488 -5.45
vertex 108.60899410000003 -17.195759400000018 0
vertex 108.6089941000003 -17.19575939999973 -6.450000000000004
endloop
endfacet
facet normal 0.5735764223382395 0.8191520541008643 1.3062315671396461e-8
outer loop
vertex 106.49999991671793 -15.71902574168488 -5.45
vertex 108.6089941000003 -17.19575939999973 -6.450000000000004
vertex 106.49999991671793 -15.71902574168488 -6.45
endloop
endfacet
facet normal 1 0 0
outer loop
vertex 106.5 38 -5.45
vertex 106.5 37.99999999999991 0
vertex 106.5 37.72836140246614 0
endloop
endfacet
facet normal 1 0 0
outer loop
vertex 106.5 38 -5.45
vertex 106.5 37.72836140246614 0
vertex 106.5 37.55764415879031 0
endloop
endfacet
facet normal 1 0 0
outer loop
vertex 106.5 38 -5.45
vertex 106.5 37.55764415879031 0
vertex 106.5 37.5 0
endloop
endfacet
facet normal 1 0 0
outer loop
vertex 106.5 38 -5.45
vertex 106.5 37.5 0
vertex 106.5 37.4423558412097 0
endloop
endfacet
facet normal 1 0 0
outer loop
vertex 106.5 38 -5.45
vertex 106.5 37.4423558412097 0
vertex 106.5 37.271638597533865 0
endloop
endfacet
facet normal 1 0 0
outer loop
vertex 106.5 38 -5.45
vertex 106.5 37.271638597533865 0
vertex 106.5 36.994408836907596 0
endloop
endfacet
facet normal 1 0 0
outer loop
vertex 106.5 38 -5.45
vertex 106.5 36.994408836907596 0
vertex 106.5 36.62132034355968 0
endloop
endfacet
facet normal 1 0 0
outer loop
vertex 106.5 38 -5.45
vertex 106.5 36.62132034355968 0
vertex 106.5 36.166710699058825 0
endloop
endfacet
facet normal 1 0 0
outer loop
vertex 106.5 38 -5.45
vertex 106.5 36.166710699058825 0
vertex 106.5 35.64805029709529 0
endloop
endfacet
facet normal 1 0 0
outer loop
vertex 106.5 38 -5.45
vertex 106.5 35.64805029709529 0
vertex 106.5 35.08527096604831 0
endloop
endfacet
facet normal 1 0 0
outer loop
vertex 106.5 38 -5.45
vertex 106.5 35.08527096604831 0
vertex 106.5 34.50000000000005 0
endloop
endfacet
facet normal 1 0 0
outer loop
vertex 106.5 38 -5.45
vertex 106.5 34.50000000000005 0
vertex 106.5 33.91472903395164 0
endloop
endfacet
facet normal 1 0 0
outer loop
vertex 106.5 38 -5.45
vertex 106.5 33.91472903395164 0
vertex 106.5 33.35194970290467 0
endloop
endfacet
facet normal 1 0 0
outer loop
vertex 106.5 38 -5.45
vertex 106.5 33.35194970290467 0
vertex 106.5 32.833289300941196 0
endloop
endfacet
facet normal 1 0 0
outer loop
vertex 106.5 38 -5.45
vertex 106.5 32.833289300941196 0
vertex 106.5 32.378679656440326 0
endloop
endfacet
facet normal 1 0 0
outer loop
vertex 106.5 38 -5.45
vertex 106.5 32.378679656440326 0
vertex 106.5 32.00559116309235 0
endloop
endfacet
facet normal 1 0 0
outer loop
vertex 106.5 38 -5.45
vertex 106.5 32.00559116309235 0
vertex 106.5 31.72836140246614 0
endloop
endfacet
facet normal 1 0 0
outer loop
vertex 106.5 38 -5.45
vertex 106.5 31.72836140246614 0
vertex 106.5 31.55764415879031 0
endloop
endfacet
facet normal 1 0 0
outer loop
vertex 106.5 38 -5.45
vertex 106.5 31.55764415879031 0
vertex 106.5 31.5 0
endloop
endfacet
facet normal 1 0 0
outer loop
vertex 106.5 38 -5.45
vertex 106.5 31.5 0
vertex 106.5 -3.5 0
endloop
endfacet
facet normal 1 0 0
outer loop
vertex 106.5 38 -5.45
vertex 106.5 -3.5 0
vertex 106.5 -3.5576441587903105 0
endloop
endfacet
facet normal 1 0 0
outer loop
vertex 106.5 38 -5.45
vertex 106.5 -3.5576441587903105 0
vertex 106.5 -3.7283614024661382 0
endloop
endfacet
facet normal 1 0 0
outer loop
vertex 106.5 38 -5.45
vertex 106.5 -3.7283614024661382 0
vertex 106.5 -4.005591163092362 0
endloop
endfacet
facet normal 1 0 0
outer loop
vertex 106.5 38 -5.45
vertex 106.5 -4.005591163092362 0
vertex 106.5 -4.37867965644036 0
endloop
endfacet
facet normal 1 0 0
outer loop
vertex 106.5 38 -5.45
vertex 106.5 -4.37867965644036 0
vertex 106.5 -4.833289300941194 0
endloop
endfacet
facet normal 1 0 0
outer loop
vertex 106.5 38 -5.45
vertex 106.5 -4.833289300941194 0
vertex 106.5 -5.351949702904729 0
endloop
endfacet
facet normal 1 0 0
outer loop
vertex 106.5 38 -5.45
vertex 106.5 -5.351949702904729 0
vertex 106.5 -5.91472903395162 0
endloop
endfacet
facet normal 1 0 0
outer loop
vertex 106.5 38 -5.45
vertex 106.5 -5.91472903395162 0
vertex 106.5 -6.5 0
endloop
endfacet
facet normal 1 0 0
outer loop
vertex 106.5 38 -5.45
vertex 106.5 -6.5 0
vertex 106.49999987588524 -15.719025800000004 0
endloop
endfacet
facet normal 1 0 0
outer loop
vertex 106.5 38 -5.45
vertex 106.49999987588524 -15.719025800000004 0
vertex 106.49999991671793 -15.71902574168488 -5.45
endloop
endfacet
facet normal 0 0 1
outer loop
vertex 106.46201938253051 38.43412044416731 0
vertex 106.46686982295357 38.37867965644035 0
vertex 106.49951083661348 38.005591163092355 0
endloop
endfacet
facet normal 0 0 1
outer loop
vertex 106.46201938253051 38.43412044416731 0
vertex 106.49951083661348 38.005591163092355 0
vertex 106.5 37.99999999999991 0
endloop
endfacet
facet normal 0 0 1
outer loop
vertex 106.46201938253051 38.43412044416731 0
vertex 106.5 37.99999999999991 0
vertex 106.5 38 -5.45
endloop
endfacet
facet normal 0 0 1
outer loop
vertex 106.46201938253051 38.43412044416731 0
vertex 106.5 38 -5.45
vertex 106.4848077530122 38.17364817766693 -5.45
endloop
endfacet
facet normal 0 0 1
outer loop
vertex 106.46201938253051 38.43412044416731 0
vertex 106.4848077530122 38.17364817766693 -5.45
vertex 106.4700771147615 38.342020143325655 -5.45
endloop
endfacet
facet normal 0 0 1
outer loop
vertex 106.46201938253051 38.43412044416731 0
vertex 106.4700771147615 38.342020143325655 -5.45
vertex 106.46201938253024 38.4341204441673 -5.45
endloop
endfacet
facet normal 0 0 -1
outer loop
vertex 106.34923155196475 38.85505035831425 0
vertex 106.35506240971431 38.83328930094121 0
vertex 106.46201938253051 38.43412044416731 0
endloop
endfacet
facet normal 0 0 -1
outer loop
vertex 106.34923155196475 38.85505035831425 0
vertex 106.46201938253051 38.43412044416731 0
vertex 106.46201938253024 38.4341204441673 -5.45
endloop
endfacet
facet normal 0 0 -1
outer loop
vertex 106.34923155196475 38.85505035831425 0
vertex 106.46201938253024 38.4341204441673 -5.45
vertex 106.44436700874743 38.49999999999997 -5.45
endloop
endfacet
facet normal 0 0 -1
outer loop
vertex 106.34923155196475 38.85505035831425 0
vertex 106.44436700874743 38.49999999999997 -5.45
vertex 106.40610718404274 38.64278760968661 -5.45
endloop
endfacet
facet normal 0 0 -1
outer loop
vertex 106.34923155196475 38.85505035831425 0
vertex 106.40610718404274 38.64278760968661 -5.45
vertex 106.37308061506292 38.76604444311898 -5.45
endloop
endfacet
facet normal 0 0 -1
outer loop
vertex 106.34923155196475 38.85505035831425 0
vertex 106.37308061506292 38.76604444311898 -5.45
vertex 106.34923155196466 38.85505035831423 -5.45
endloop
endfacet
facet normal 0.90630778703664 0.42261826174072087 -1.583532637115795e-14
outer loop
vertex 106.16506350946112 39.24999999999996 0
vertex 106.34923155196475 38.85505035831425 0
vertex 106.34923155196466 38.85505035831423 -5.45
endloop
endfacet
facet normal 0.90630778703664 0.42261826174072087 -1.583532637115795e-14
outer loop
vertex 106.16506350946112 39.24999999999996 0
vertex 106.34923155196466 38.85505035831423 -5.45
vertex 106.34411380421339 38.86602540378441 -5.45
endloop
endfacet
facet normal 0.90630778703664 0.42261826174072087 -1.583532637115795e-14
outer loop
vertex 106.16506350946112 39.24999999999996 0
vertex 106.34411380421339 38.86602540378441 -5.45
vertex 106.30976221677064 38.93969262078589 -5.45
endloop
endfacet
facet normal 0.90630778703664 0.42261826174072087 -1.583532637115795e-14
outer loop
vertex 106.16506350946112 39.24999999999996 0
vertex 106.30976221677064 38.93969262078589 -5.45
vertex 106.28872468511483 38.984807753012205 -5.45
endloop
endfacet
facet normal 0.90630778703664 0.42261826174072087 -1.583532637115795e-14
outer loop
vertex 106.16506350946112 39.24999999999996 0
vertex 106.28872468511483 38.984807753012205 -5.45
vertex 106.28164042399985 39 -5.45
endloop
endfacet
facet normal 0.90630778703664 0.42261826174072087 -1.583532637115795e-14
outer loop
vertex 106.16506350946112 39.24999999999996 0
vertex 106.28164042399985 39 -5.45
vertex 106.16506350946113 39.24999999999996 -5.450000000000002
endloop
endfacet
facet normal 0 0 1
outer loop
vertex 105.91511110779744 39.60696902421635 0
vertex 106.09367755896895 39.35194970290474 0
vertex 106.16506350946112 39.24999999999996 0
endloop
endfacet
facet normal 0 0 1
outer loop
vertex 105.91511110779744 39.60696902421635 0
vertex 106.16506350946112 39.24999999999996 0
vertex 106.16506350946113 39.24999999999996 -5.450000000000002
endloop
endfacet
facet normal 0 0 1
outer loop
vertex 105.91511110779744 39.60696902421635 0
vertex 106.16506350946113 39.24999999999996 -5.450000000000002
vertex 105.91511110779763 39.606969024216475 -5.45
endloop
endfacet
facet normal 0 0 -1
outer loop
vertex 105.60696902421635 39.91511110779744 0
vertex 105.6073510980622 39.9147290339516 0
vertex 105.91511110779744 39.60696902421635 0
endloop
endfacet
facet normal 0 0 -1
outer loop
vertex 105.60696902421635 39.91511110779744 0
vertex 105.91511110779744 39.60696902421635 0
vertex 105.91511110779763 39.606969024216475 -5.45
endloop
endfacet
facet normal 0 0 -1
outer loop
vertex 105.60696902421635 39.91511110779744 0
vertex 105.91511110779763 39.606969024216475 -5.45
vertex 105.60696902421657 39.91511110779765 -5.450000000000002
endloop
endfacet
facet normal 0.5735764363510599 0.8191520442889821 0
outer loop
vertex 105.25 40.1650635094611 0
vertex 105.60696902421635 39.91511110779744 0
vertex 105.60696902421657 39.91511110779765 -5.450000000000002
endloop
endfacet
facet normal 0.5735764363510599 0.8191520442889821 0
outer loop
vertex 105.25 40.1650635094611 0
vertex 105.60696902421657 39.91511110779765 -5.450000000000002
vertex 105.24999999999933 40.165063509460154 -5.45
endloop
endfacet
facet normal 0.4226182617406946 0.9063077870366524 0
outer loop
vertex 104.85505035831419 40.34923155196476 0
vertex 105.25 40.1650635094611 0
vertex 105.24999999999933 40.165063509460154 -5.45
endloop
endfacet
facet normal 0.4226182617406946 0.9063077870366524 0
outer loop
vertex 104.85505035831419 40.34923155196476 0
vertex 105.24999999999933 40.165063509460154 -5.45
vertex 104.85505035831423 40.34923155196491 -5.45
endloop
endfacet
facet normal 0.25881904510251963 0.9659258262890686 0
outer loop
vertex 104.43412044416729 40.46201938253053 0
vertex 104.85505035831419 40.34923155196476 0
vertex 104.85505035831423 40.34923155196491 -5.45
endloop
endfacet
facet normal 0.25881904510251963 0.9659258262890686 0
outer loop
vertex 104.43412044416729 40.46201938253053 0
vertex 104.85505035831423 40.34923155196491 -5.45
vertex 104.4341204441673 40.462019382530535 -5.45
endloop
endfacet
facet normal 0.08715574274765457 0.996194698091746 0
outer loop
vertex 104.00000000000004 40.5 0
vertex 104.43412044416729 40.46201938253053 0
vertex 104.4341204441673 40.462019382530535 -5.45
endloop
endfacet
facet normal 0.08715574274765457 0.996194698091746 0
outer loop
vertex 104.00000000000004 40.5 0
vertex 104.4341204441673 40.462019382530535 -5.45
vertex 104.00000000000011 40.50000000000037 -5.450000000000002
endloop
endfacet
facet normal 0 1 0
outer loop
vertex 104.00000000000004 40.5 0
vertex 104.00000000000011 40.50000000000037 -5.450000000000002
vertex 84.5 40.5 -5.45
endloop
endfacet
facet normal 0 1 0
outer loop
vertex 104.00000000000004 40.5 0
vertex 84.5 40.5 -5.45
vertex 84.5 40.5 0
endloop
endfacet
facet normal 1 0 0
outer loop
vertex 84.5 50 -6.45
vertex 84.5 50 -5.45
vertex 84.5 40.5 -5.45
endloop
endfacet
facet normal 1 0 0
outer loop
vertex 84.5 50 -6.45
vertex 84.5 40.5 -5.45
vertex 84.5 39 -5.45
endloop
endfacet
facet normal 1 0 0
outer loop
vertex 84.5 50 -6.45
vertex 84.5 39 -5.45
vertex 84.5 39 -6.45
endloop
endfacet
facet normal 1 0 0
outer loop
vertex 84.5 50 -5.45
vertex 84.5 50.00000000000002 0
vertex 84.5 49.5 0
endloop
endfacet
facet normal 1 0 0
outer loop
vertex 84.5 50 -5.45
vertex 84.5 49.5 0
vertex 84.5 49.44235584120969 0
endloop
endfacet
facet normal 1 0 0
outer loop
vertex 84.5 50 -5.45
vertex 84.5 49.44235584120969 0
vertex 84.5 49.27163859753389 0
endloop
endfacet
facet normal 1 0 0
outer loop
vertex 84.5 50 -5.45
vertex 84.5 49.27163859753389 0
vertex 84.5 48.99440883690761 0
endloop
endfacet
facet normal 1 0 0
outer loop
vertex 84.5 50 -5.45
vertex 84.5 48.99440883690761 0
vertex 84.5 48.62132034355964 0
endloop
endfacet
facet normal 1 0 0
outer loop
vertex 84.5 50 -5.45
vertex 84.5 48.62132034355964 0
vertex 84.5 48.16671069905881 0
endloop
endfacet
facet normal 1 0 0
outer loop
vertex 84.5 50 -5.45
vertex 84.5 48.16671069905881 0
vertex 84.5 47.64805029709532 0
endloop
endfacet
facet normal 1 0 0
outer loop
vertex 84.5 50 -5.45
vertex 84.5 47.64805029709532 0
vertex 84.5 47.08527096604829 0
endloop
endfacet
facet normal 1 0 0
outer loop
vertex 84.5 50 -5.45
vertex 84.5 47.08527096604829 0
vertex 84.5 46.49999999999998 0
endloop
endfacet
facet normal 1 0 0
outer loop
vertex 84.5 50 -5.45
vertex 84.5 46.49999999999998 0
vertex 84.5 45.91472903395164 0
endloop
endfacet
facet normal 1 0 0
outer loop
vertex 84.5 50 -5.45
vertex 84.5 45.91472903395164 0
vertex 84.5 45.351949702904804 0
endloop
endfacet
facet normal 1 0 0
outer loop
vertex 84.5 50 -5.45
vertex 84.5 45.351949702904804 0
vertex 84.5 44.83328930094112 0
endloop
endfacet
facet normal 1 0 0
outer loop
vertex 84.5 50 -5.45
vertex 84.5 44.83328930094112 0
vertex 84.5 44.37867965644037 0
endloop
endfacet
facet normal 1 0 0
outer loop
vertex 84.5 50 -5.45
vertex 84.5 44.37867965644037 0
vertex 84.5 44.00559116309232 0
endloop
endfacet
facet normal 1 0 0
outer loop
vertex 84.5 50 -5.45
vertex 84.5 44.00559116309232 0
vertex 84.5 43.72836140246618 0
endloop
endfacet
facet normal 1 0 0
outer loop
vertex 84.5 50 -5.45
vertex 84.5 43.72836140246618 0
vertex 84.5 43.55764415879032 0
endloop
endfacet
facet normal 1 0 0
outer loop
vertex 84.5 50 -5.45
vertex 84.5 43.55764415879032 0
vertex 84.5 43.5 0
endloop
endfacet
facet normal 1 0 0
outer loop
vertex 84.5 50 -5.45
vertex 84.5 43.5 0
vertex 84.5 43.44235584120968 0
endloop
endfacet
facet normal 1 0 0
outer loop
vertex 84.5 50 -5.45
vertex 84.5 43.44235584120968 0
vertex 84.5 43.27163859753385 0
endloop
endfacet
facet normal 1 0 0
outer loop
vertex 84.5 50 -5.45
vertex 84.5 43.27163859753385 0
vertex 84.5 42.99440883690766 0
endloop
endfacet
facet normal 1 0 0
outer loop
vertex 84.5 50 -5.45
vertex 84.5 42.99440883690766 0
vertex 84.5 42.62132034355963 0
endloop
endfacet
facet normal 1 0 0
outer loop
vertex 84.5 50 -5.45
vertex 84.5 42.62132034355963 0
vertex 84.5 42.16671069905882 0
endloop
endfacet
facet normal 1 0 0
outer loop
vertex 84.5 50 -5.45
vertex 84.5 42.16671069905882 0
vertex 84.5 41.648050297095246 0
endloop
endfacet
facet normal 1 0 0
outer loop
vertex 84.5 50 -5.45
vertex 84.5 41.648050297095246 0
vertex 84.5 41.08527096604832 0
endloop
endfacet
facet normal 1 0 0
outer loop
vertex 84.5 50 -5.45
vertex 84.5 41.08527096604832 0
vertex 84.5 40.5 0
endloop
endfacet
facet normal 1 0 0
outer loop
vertex 84.5 50 -5.45
vertex 84.5 40.5 0
vertex 84.5 40.5 -5.45
endloop
endfacet
facet normal 0.9961946980917458 0.08715574274765735 -3.4183269103787573e-16
outer loop
vertex 84.46201938253053 50.43412044416726 0
vertex 84.5 50.00000000000002 0
vertex 84.5 50 -5.45
endloop
endfacet
facet normal 0.9961946980917458 0.08715574274765735 -3.4183269103787573e-16
outer loop
vertex 84.46201938253053 50.43412044416726 0
vertex 84.5 50 -5.45
vertex 84.5 50 -6.45
endloop
endfacet
facet normal 0.9961946980917458 0.08715574274765735 -3.4183269103787573e-16
outer loop
vertex 84.46201938253053 50.43412044416726 0
vertex 84.5 50 -6.45
vertex 84.4848077530122 50.17364817766688 -6.45
endloop
endfacet
facet normal 0.9961946980917458 0.08715574274765735 -3.4183269103787573e-16
outer loop
vertex 84.46201938253053 50.43412044416726 0
vertex 84.4848077530122 50.17364817766688 -6.45
vertex 84.47007711476147 50.3420201433258 -6.45
endloop
endfacet
facet normal 0.9961946980917458 0.08715574274765735 -3.4183269103787573e-16
outer loop
vertex 84.46201938253053 50.43412044416726 0
vertex 84.47007711476147 50.3420201433258 -6.45
vertex 84.46201938253013 50.43412044416724 -6.45
endloop
endfacet
facet normal 0.9659258262890758 0.25881904510249265 -6.044312232182511e-14
outer loop
vertex 84.34923155196479 50.85505035831411 0
vertex 84.46201938253053 50.43412044416726 0
vertex 84.46201938253013 50.43412044416724 -6.45
endloop
endfacet
facet normal 0.9659258262890758 0.25881904510249265 -6.044312232182511e-14
outer loop
vertex 84.34923155196479 50.85505035831411 0
vertex 84.46201938253013 50.43412044416724 -6.45
vertex 84.44436700874742 50.500000000000014 -6.45
endloop
endfacet
facet normal 0.9659258262890758 0.25881904510249265 -6.044312232182511e-14
outer loop
vertex 84.34923155196479 50.85505035831411 0
vertex 84.44436700874742 50.500000000000014 -6.45
vertex 84.40610718404277 50.64278760968651 -6.45
endloop
endfacet
facet normal 0.9659258262890758 0.25881904510249265 -6.044312232182511e-14
outer loop
vertex 84.34923155196479 50.85505035831411 0
vertex 84.40610718404277 50.64278760968651 -6.45
vertex 84.37308061506293 50.76604444311897 -6.45
endloop
endfacet
facet normal 0.9659258262890758 0.25881904510249265 -6.044312232182511e-14
outer loop
vertex 84.34923155196479 50.85505035831411 0
vertex 84.37308061506293 50.76604444311897 -6.45
vertex 84.34923155196505 50.85505035831417 -6.45
endloop
endfacet
facet normal 0.9063077870366466 0.42261826174070677 4.013083632018411e-14
outer loop
vertex 84.16506350946108 51.250000000000014 0
vertex 84.34923155196479 50.85505035831411 0
vertex 84.34923155196505 50.85505035831417 -6.45
endloop
endfacet
facet normal 0.9063077870366466 0.42261826174070677 4.013083632018411e-14
outer loop
vertex 84.16506350946108 51.250000000000014 0
vertex 84.34923155196505 50.85505035831417 -6.45
vertex 84.34411380421335 50.86602540378451 -6.45
endloop
endfacet
facet normal 0.9063077870366466 0.42261826174070677 4.013083632018411e-14
outer loop
vertex 84.16506350946108 51.250000000000014 0
vertex 84.34411380421335 50.86602540378451 -6.45
vertex 84.30976221677064 50.9396926207859 -6.45
endloop
endfacet
facet normal 0.9063077870366466 0.42261826174070677 4.013083632018411e-14
outer loop
vertex 84.16506350946108 51.250000000000014 0
vertex 84.30976221677064 50.9396926207859 -6.45
vertex 84.28872468511483 50.98480775301221 -6.45
endloop
endfacet
facet normal 0.9063077870366466 0.42261826174070677 4.013083632018411e-14
outer loop
vertex 84.16506350946108 51.250000000000014 0
vertex 84.28872468511483 50.98480775301221 -6.45
vertex 84.28164042399985 51 -6.45
endloop
endfacet
facet normal 0.9063077870366466 0.42261826174070677 4.013083632018411e-14
outer loop
vertex 84.16506350946108 51.250000000000014 0
vertex 84.28164042399985 51 -6.45
vertex 84.1650635094611 51.25000000000002 -6.450000000000004
endloop
endfacet
facet normal 0.8191520442889936 0.5735764363510437 0
outer loop
vertex 83.91511110779737 51.60696902421645 0
vertex 84.16506350946108 51.250000000000014 0
vertex 84.1650635094611 51.25000000000002 -6.450000000000004
endloop
endfacet
facet normal 0.8191520442889936 0.5735764363510437 0
outer loop
vertex 83.91511110779737 51.60696902421645 0
vertex 84.1650635094611 51.25000000000002 -6.450000000000004
vertex 83.91511110779754 51.60696902421657 -6.450000000000004
endloop
endfacet
facet normal 0.7071067811865476 0.7071067811865476 0
outer loop
vertex 83.60696902421647 51.91511110779736 0
vertex 83.91511110779737 51.60696902421645 0
vertex 83.91511110779754 51.60696902421657 -6.450000000000004
endloop
endfacet
facet normal 0.7071067811865476 0.7071067811865476 0
outer loop
vertex 83.60696902421647 51.91511110779736 0
vertex 83.91511110779754 51.60696902421657 -6.450000000000004
vertex 83.60696902421647 51.91511110779736 -6.450000000000004
endloop
endfacet
facet normal 0.5735764363510599 0.8191520442889821 0
outer loop
vertex 83.24999999999993 52.16506350946115 0
vertex 83.60696902421647 51.91511110779736 0
vertex 83.60696902421647 51.91511110779736 -6.450000000000004
endloop
endfacet
facet normal 0.5735764363510599 0.8191520442889821 0
outer loop
vertex 83.24999999999993 52.16506350946115 0
vertex 83.60696902421647 51.91511110779736 -6.450000000000004
vertex 83.2499999999995 52.16506350946054 -6.45
endloop
endfacet
facet normal 0.4226182617406946 0.9063077870366524 0
outer loop
vertex 82.85505035831427 52.349231551964735 0
vertex 83.24999999999993 52.16506350946115 0
vertex 83.2499999999995 52.16506350946054 -6.45
endloop
endfacet
facet normal 0.4226182617406946 0.9063077870366524 0
outer loop
vertex 82.85505035831427 52.349231551964735 0
vertex 83.2499999999995 52.16506350946054 -6.45
vertex 82.85505035831432 52.34923155196485 -6.45
endloop
endfacet
facet normal 0.25881904510251297 0.9659258262890704 0
outer loop
vertex 82.43412044416729 52.46201938253052 0
vertex 82.85505035831427 52.349231551964735 0
vertex 82.85505035831432 52.34923155196485 -6.45
endloop
endfacet
facet normal 0.25881904510251297 0.9659258262890704 0
outer loop
vertex 82.43412044416729 52.46201938253052 0
vertex 82.85505035831432 52.34923155196485 -6.45
vertex 82.4341204441674 52.46201938253092 -6.45
endloop
endfacet
facet normal 0.08715574274765457 0.996194698091746 0
outer loop
vertex 81.99999999999997 52.50000022524196 0
vertex 82.43412044416729 52.46201938253052 0
vertex 82.4341204441674 52.46201938253092 -6.45
endloop
endfacet
facet normal 0.08715574274765457 0.996194698091746 0
outer loop
vertex 81.99999999999997 52.50000022524196 0
vertex 82.4341204441674 52.46201938253092 -6.45
vertex 81.99999998044359 52.50000000171126 -6.450000000000004
endloop
endfacet
facet normal 5.2443583942384166e-8 0.999999999999998 -3.4655923423640314e-8
outer loop
vertex 7.162284149999991 52.500004149999995 0
vertex 81.99999999999997 52.50000022524196 0
vertex 81.99999998044359 52.50000000171126 -6.450000000000004
endloop
endfacet
facet normal 5.2443583942384166e-8 0.999999999999998 -3.4655923423640314e-8
outer loop
vertex 7.162284149999991 52.500004149999995 0
vertex 81.99999998044359 52.50000000171126 -6.450000000000004
vertex 35.09990397555698 52.5000038544334 -6.45
endloop
endfacet
facet normal 5.2443583942384166e-8 0.999999999999998 -3.4655923423640314e-8
outer loop
vertex 7.162284149999991 52.500004149999995 0
vertex 35.09990397555698 52.5000038544334 -6.45
vertex 7.162284149999992 52.500004150000024 -6.450000000000004
endloop
endfacet
facet normal 0 0 1
outer loop
vertex 6.8946685456897185 52.48563773416871 0
vertex 7.16221104015094 52.50000022524196 0
vertex 7.162284149999991 52.500004149999995 0
endloop
endfacet
facet normal 0 0 1
outer loop
vertex 6.8946685456897185 52.48563773416871 0
vertex 7.162284149999991 52.500004149999995 0
vertex 7.162284149999992 52.500004150000024 -6.450000000000004
endloop
endfacet
facet normal 0 0 1
outer loop
vertex 6.8946685456897185 52.48563773416871 0
vertex 7.162284149999992 52.500004150000024 -6.450000000000004
vertex 6.894668545689717 52.485637734168705 -6.45
endloop
endfacet
facet normal -0.1601901837667228 0.9870861689968022 0
outer loop
vertex 6.630128521345519 52.44270661382243 0
vertex 6.8946685456897185 52.48563773416871 0
vertex 6.894668545689717 52.485637734168705 -6.45
endloop
endfacet
facet normal -0.1601901837667228 0.9870861689968022 0
outer loop
vertex 6.630128521345519 52.44270661382243 0
vertex 6.894668545689717 52.485637734168705 -6.45
vertex 6.630128521345515 52.44270661382245 -6.45
endloop
endfacet
facet normal -0.26492319162300515 0.9642695175832743 0
outer loop
vertex 6.3717082999999874 52.3717083 0
vertex 6.630128521345519 52.44270661382243 0
vertex 6.630128521345515 52.44270661382245 -6.45
endloop
endfacet
facet normal -0.26492319162300515 0.9642695175832743 0
outer loop
vertex 6.3717082999999874 52.3717083 0
vertex 6.630128521345515 52.44270661382245 -6.45
vertex 6.371708300000018 52.371708299999895 -6.45
endloop
endfacet
facet normal 0 0 -1
outer loop
vertex -10.790574999999862 46.65094540000004 0
vertex -9.487598711828076 47.08527096604829 0
vertex -7.799261249911316 47.64805029709532 0
endloop
endfacet
facet normal 0 0 -1
outer loop
vertex -10.790574999999862 46.65094540000004 0
vertex -7.799261249911316 47.64805029709532 0
vertex -6.243280533599969 48.16671069905881 0
endloop
endfacet
facet normal 0 0 -1
outer loop
vertex -10.790574999999862 46.65094540000004 0
vertex -6.243280533599969 48.16671069905881 0
vertex -4.879452029217193 48.62132034355964 0
endloop
endfacet
facet normal 0 0 -1
outer loop
vertex -10.790574999999862 46.65094540000004 0
vertex -4.879452029217193 48.62132034355964 0
vertex -3.7601869013427147 48.99440883690761 0
endloop
endfacet
facet normal 0 0 -1
outer loop
vertex -10.790574999999862 46.65094540000004 0
vertex -3.7601869013427147 48.99440883690761 0
vertex -2.928497881149383 49.27163859753389 0
endloop
endfacet
facet normal 0 0 -1
outer loop
vertex -10.790574999999862 46.65094540000004 0
vertex -2.928497881149383 49.27163859753389 0
vertex -2.416346311267109 49.44235584120969 0
endloop
endfacet
facet normal 0 0 -1
outer loop
vertex -10.790574999999862 46.65094540000004 0
vertex -2.416346311267109 49.44235584120969 0
vertex -2.243413889308231 49.5 0
endloop
endfacet
facet normal 0 0 -1
outer loop
vertex -10.790574999999862 46.65094540000004 0
vertex -2.243413889308231 49.5 0
vertex 6.3717082999999874 52.3717083 0
endloop
endfacet
facet normal 0 0 -1
outer loop
vertex -10.790574999999862 46.65094540000004 0
vertex 6.3717082999999874 52.3717083 0
vertex 6.371708300000018 52.371708299999895 -6.45
endloop
endfacet
facet normal 0 0 -1
outer loop
vertex -10.790574999999862 46.65094540000004 0
vertex 6.371708300000018 52.371708299999895 -6.45
vertex 2.25658469479667 51 -6.45
endloop
endfacet
facet normal 0 0 -1
outer loop
vertex -10.790574999999862 46.65094540000004 0
vertex 2.25658469479667 51 -6.45
vertex 2.2393424321656905 50.99425257731462 -6.45
endloop
endfacet
facet normal 0 0 -1
outer loop
vertex -10.790574999999862 46.65094540000004 0
vertex 2.2393424321656905 50.99425257731462 -6.45
vertex 2.1878251187219755 50.97708013409685 -6.45
endloop
endfacet
facet normal 0 0 -1
outer loop
vertex -10.790574999999862 46.65094540000004 0
vertex 2.1878251187219755 50.97708013409685 -6.45
vertex 2.1026247432391694 50.94868 -6.45
endloop
endfacet
facet normal 0 0 -1
outer loop
vertex -10.790574999999862 46.65094540000004 0
vertex 2.1026247432391694 50.94868 -6.45
vertex -10.790574999999883 46.650945400000104 -6.45
endloop
endfacet
facet normal 0 0 1
outer loop
vertex -11.149750253091185 46.49916474903611 0
vertex -11.14777370684213 46.49999999999998 0
vertex -10.790574999999862 46.65094540000004 0
endloop
endfacet
facet normal 0 0 1
outer loop
vertex -11.149750253091185 46.49916474903611 0
vertex -10.790574999999862 46.65094540000004 0
vertex -10.790574999999883 46.650945400000104 -6.45
endloop
endfacet
facet normal 0 0 1
outer loop
vertex -11.149750253091185 46.49916474903611 0
vertex -10.790574999999883 46.650945400000104 -6.45
vertex -11.149750253091185 46.49916474903611 -6.450000000000004
endloop
endfacet
facet normal -0.5277503905571244 0.8493995086334831 0
outer loop
vertex -11.480955322126228 46.29337983538699 0
vertex -11.149750253091185 46.49916474903611 0
vertex -11.149750253091185 46.49916474903611 -6.450000000000004
endloop
endfacet
facet normal -0.5277503905571244 0.8493995086334831 0
outer loop
vertex -11.480955322126228 46.29337983538699 0
vertex -11.149750253091185 46.49916474903611 -6.450000000000004
vertex -11.480955322126219 46.293379835386986 -6.45
endloop
endfacet
facet normal -0.653409629143439 0.757004528746449 0
outer loop
vertex -11.776132956036918 46.038596804399845 0
vertex -11.480955322126228 46.29337983538699 0
vertex -11.480955322126219 46.293379835386986 -6.45
endloop
endfacet
facet normal -0.653409629143439 0.757004528746449 0
outer loop
vertex -11.776132956036918 46.038596804399845 0
vertex -11.480955322126219 46.293379835386986 -6.45
vertex -11.776132956036825 46.038596804399745 -6.45
endloop
endfacet
facet normal 0 0 -1
outer loop
vertex -12.028102345927095 45.74101378237325 0
vertex -11.881014230292216 45.91472903395164 0
vertex -11.776132956036918 46.038596804399845 0
endloop
endfacet
facet normal 0 0 -1
outer loop
vertex -12.028102345927095 45.74101378237325 0
vertex -11.776132956036918 46.038596804399845 0
vertex -11.776132956036825 46.038596804399745 -6.45
endloop
endfacet
facet normal 0 0 -1
outer loop
vertex -12.028102345927095 45.74101378237325 0
vertex -11.776132956036825 46.038596804399745 -6.45
vertex -12.028102345927245 45.741013782373386 -6.45
endloop
endfacet
facet normal -0.8543712383648281 0.5196631476783302 0
outer loop
vertex -12.230733813160533 45.4078700942642 0
vertex -12.028102345927095 45.74101378237325 0
vertex -12.028102345927245 45.741013782373386 -6.45
endloop
endfacet
facet normal -0.8543712383648281 0.5196631476783302 0
outer loop
vertex -12.230733813160533 45.4078700942642 0
vertex -12.028102345927245 45.741013782373386 -6.45
vertex -12.230733813160395 45.40787009426411 -6.45
endloop
endfacet
facet normal 0 0 1
outer loop
vertex -12.379097926522356 45.047270152075534 0
vertex -12.253741524233714 45.351949702904804 0
vertex -12.230733813160533 45.4078700942642 0
endloop
endfacet
facet normal 0 0 1
outer loop
vertex -12.379097926522356 45.047270152075534 0
vertex -12.230733813160533 45.4078700942642 0
vertex -12.230733813160395 45.40787009426411 -6.45
endloop
endfacet
facet normal 0 0 1
outer loop
vertex -12.379097926522356 45.047270152075534 0
vertex -12.230733813160395 45.40787009426411 -6.45
vertex -12.304770230720596 45.22792410000004 -6.45
endloop
endfacet
facet normal 0 0 1
outer loop
vertex -12.379097926522356 45.047270152075534 0
vertex -12.304770230720596 45.22792410000004 -6.45
vertex -12.329749793720612 45.1672111097115 -6.45
endloop
endfacet
facet normal 0 0 1
outer loop
vertex -12.379097926522356 45.047270152075534 0
vertex -12.329749793720612 45.1672111097115 -6.45
vertex -12.363616427395314 45.08489803636445 -6.45
endloop
endfacet
facet normal 0 0 1
outer loop
vertex -12.379097926522356 45.047270152075534 0
vertex -12.363616427395314 45.08489803636445 -6.45
vertex -12.379097926522727 45.04727015207568 -6.45
endloop
endfacet
facet normal 0 0 1
outer loop
vertex -12.469585420869464 44.66798629820497 0
vertex -12.430148322841157 44.83328930094112 0
vertex -12.379097926522356 45.047270152075534 0
endloop
endfacet
facet normal 0 0 1
outer loop
vertex -12.469585420869464 44.66798629820497 0
vertex -12.379097926522356 45.047270152075534 0
vertex -12.379097926522727 45.04727015207568 -6.45
endloop
endfacet
facet normal 0 0 1
outer loop
vertex -12.469585420869464 44.66798629820497 0
vertex -12.379097926522727 45.04727015207568 -6.45
vertex -12.394434660912474 44.982985294071185 -6.45
endloop
endfacet
facet normal 0 0 1
outer loop
vertex -12.469585420869464 44.66798629820497 0
vertex -12.394434660912474 44.982985294071185 -6.45
vertex -12.422832944367057 44.86395215618092 -6.45
endloop
endfacet
facet normal 0 0 1
outer loop
vertex -12.469585420869464 44.66798629820497 0
vertex -12.422832944367057 44.86395215618092 -6.45
vertex -12.454624862617365 44.7306943909735 -6.45
endloop
endfacet
facet normal 0 0 1
outer loop
vertex -12.469585420869464 44.66798629820497 0
vertex -12.454624862617365 44.7306943909735 -6.45
vertex -12.46958542086954 44.66798629820501 -6.450000000000004
endloop
endfacet
facet normal 0 0 1
outer loop
vertex -12.5 44.279240799999975 0
vertex -12.492220126067513 44.37867965644037 0
vertex -12.469585420869464 44.66798629820497 0
endloop
endfacet
facet normal 0 0 1
outer loop
vertex -12.5 44.279240799999975 0
vertex -12.469585420869464 44.66798629820497 0
vertex -12.46958542086954 44.66798629820501 -6.450000000000004
endloop
endfacet
facet normal 0 0 1
outer loop
vertex -12.5 44.279240799999975 0
vertex -12.46958542086954 44.66798629820501 -6.450000000000004
vertex -12.475964340163133 44.58645381510915 -6.45
endloop
endfacet
facet normal 0 0 1
outer loop
vertex -12.5 44.279240799999975 0
vertex -12.475964340163133 44.58645381510915 -6.45
vertex -12.487834134757618 44.434739428616425 -6.45
endloop
endfacet
facet normal 0 0 1
outer loop
vertex -12.5 44.279240799999975 0
vertex -12.487834134757618 44.434739428616425 -6.45
vertex -12.500000000000554 44.279240800000025 -6.450000000000004
endloop
endfacet
facet normal -1 0 8.592609827796555e-14
outer loop
vertex -12.5 -9.5 0
vertex -12.5 -9.44235584120969 0
vertex -12.5 -9.271638597533858 0
endloop
endfacet
facet normal -1 0 8.592609827796555e-14
outer loop
vertex -12.5 -9.5 0
vertex -12.5 -9.271638597533858 0
vertex -12.5 -8.994408836907638 0
endloop
endfacet
facet normal -1 0 8.592609827796555e-14
outer loop
vertex -12.5 -9.5 0
vertex -12.5 -8.994408836907638 0
vertex -12.5 -8.621320343559647 0
endloop
endfacet
facet normal -1 0 8.592609827796555e-14
outer loop
vertex -12.5 -9.5 0
vertex -12.5 -8.621320343559647 0
vertex -12.5 -8.166710699058807 0
endloop
endfacet
facet normal -1 0 8.592609827796555e-14
outer loop
vertex -12.5 -9.5 0
vertex -12.5 -8.166710699058807 0
vertex -12.5 -7.648050297095256 0
endloop
endfacet
facet normal -1 0 8.592609827796555e-14
outer loop
vertex -12.5 -9.5 0
vertex -12.5 -7.648050297095256 0
vertex -12.5 -7.085270966048398 0
endloop
endfacet
facet normal -1 0 8.592609827796555e-14
outer loop
vertex -12.5 -9.5 0
vertex -12.5 -7.085270966048398 0
vertex -12.5 -6.5 0
endloop
endfacet
facet normal -1 0 8.592609827796555e-14
outer loop
vertex -12.5 -9.5 0
vertex -12.5 -6.5 0
vertex -12.5 -5.91472903395162 0
endloop
endfacet
facet normal -1 0 8.592609827796555e-14
outer loop
vertex -12.5 -9.5 0
vertex -12.5 -5.91472903395162 0
vertex -12.5 -5.351949702904729 0
endloop
endfacet
facet normal -1 0 8.592609827796555e-14
outer loop
vertex -12.5 -9.5 0
vertex -12.5 -5.351949702904729 0
vertex -12.5 -4.833289300941194 0
endloop
endfacet
facet normal -1 0 8.592609827796555e-14
outer loop
vertex -12.5 -9.5 0
vertex -12.5 -4.833289300941194 0
vertex -12.5 -4.37867965644036 0
endloop
endfacet
facet normal -1 0 8.592609827796555e-14
outer loop
vertex -12.5 -9.5 0
vertex -12.5 -4.37867965644036 0
vertex -12.5 -4.005591163092362 0
endloop
endfacet
facet normal -1 0 8.592609827796555e-14
outer loop
vertex -12.5 -9.5 0
vertex -12.5 -4.005591163092362 0
vertex -12.5 -3.7283614024661382 0
endloop
endfacet
facet normal -1 0 8.592609827796555e-14
outer loop
vertex -12.5 -9.5 0
vertex -12.5 -3.7283614024661382 0
vertex -12.5 -3.5576441587903105 0
endloop
endfacet
facet normal -1 0 8.592609827796555e-14
outer loop
vertex -12.5 -9.5 0
vertex -12.5 -3.5576441587903105 0
vertex -12.5 -3.5 0
endloop
endfacet
facet normal -1 0 8.592609827796555e-14
outer loop
vertex -12.5 -9.5 0
vertex -12.5 -3.5 0
vertex -12.5 31.5 0
endloop
endfacet
facet normal -1 0 8.592609827796555e-14
outer loop
vertex -12.5 -9.5 0
vertex -12.5 31.5 0
vertex -12.5 31.55764415879031 0
endloop
endfacet
facet normal -1 0 8.592609827796555e-14
outer loop
vertex -12.5 -9.5 0
vertex -12.5 31.55764415879031 0
vertex -12.5 31.72836140246614 0
endloop
endfacet
facet normal -1 0 8.592609827796555e-14
outer loop
vertex -12.5 -9.5 0
vertex -12.5 31.72836140246614 0
vertex -12.5 32.00559116309235 0
endloop
endfacet
facet normal -1 0 8.592609827796555e-14
outer loop
vertex -12.5 -9.5 0
vertex -12.5 32.00559116309235 0
vertex -12.5 32.378679656440326 0
endloop
endfacet
facet normal -1 0 8.592609827796555e-14
outer loop
vertex -12.5 -9.5 0
vertex -12.5 32.378679656440326 0
vertex -12.5 32.833289300941196 0
endloop
endfacet
facet normal -1 0 8.592609827796555e-14
outer loop
vertex -12.5 -9.5 0
vertex -12.5 32.833289300941196 0
vertex -12.5 33.35194970290467 0
endloop
endfacet
facet normal -1 0 8.592609827796555e-14
outer loop
vertex -12.5 -9.5 0
vertex -12.5 33.35194970290467 0
vertex -12.5 33.91472903395164 0
endloop
endfacet
facet normal -1 0 8.592609827796555e-14
outer loop
vertex -12.5 -9.5 0
vertex -12.5 33.91472903395164 0
vertex -12.5 34.50000000000005 0
endloop
endfacet
facet normal -1 0 8.592609827796555e-14
outer loop
vertex -12.5 -9.5 0
vertex -12.5 34.50000000000005 0
vertex -12.5 35.08527096604831 0
endloop
endfacet
facet normal -1 0 8.592609827796555e-14
outer loop
vertex -12.5 -9.5 0
vertex -12.5 35.08527096604831 0
vertex -12.5 35.64805029709529 0
endloop
endfacet
facet normal -1 0 8.592609827796555e-14
outer loop
vertex -12.5 -9.5 0
vertex -12.5 35.64805029709529 0
vertex -12.5 36.166710699058825 0
endloop
endfacet
facet normal -1 0 8.592609827796555e-14
outer loop
vertex -12.5 -9.5 0
vertex -12.5 36.166710699058825 0
vertex -12.5 36.62132034355968 0
endloop
endfacet
facet normal -1 0 8.592609827796555e-14
outer loop
vertex -12.5 -9.5 0
vertex -12.5 36.62132034355968 0
vertex -12.5 36.994408836907596 0
endloop
endfacet
facet normal -1 0 8.592609827796555e-14
outer loop
vertex -12.5 -9.5 0
vertex -12.5 36.994408836907596 0
vertex -12.5 37.271638597533865 0
endloop
endfacet
facet normal -1 0 8.592609827796555e-14
outer loop
vertex -12.5 -9.5 0
vertex -12.5 37.271638597533865 0
vertex -12.5 37.4423558412097 0
endloop
endfacet
facet normal -1 0 8.592609827796555e-14
outer loop
vertex -12.5 -9.5 0
vertex -12.5 37.4423558412097 0
vertex -12.5 37.5 0
endloop
endfacet
facet normal -1 0 8.592609827796555e-14
outer loop
vertex -12.5 -9.5 0
vertex -12.5 37.5 0
vertex -12.5 37.55764415879031 0
endloop
endfacet
facet normal -1 0 8.592609827796555e-14
outer loop
vertex -12.5 -9.5 0
vertex -12.5 37.55764415879031 0
vertex -12.5 37.72836140246614 0
endloop
endfacet
facet normal -1 0 8.592609827796555e-14
outer loop
vertex -12.5 -9.5 0
vertex -12.5 37.72836140246614 0
vertex -12.5 38.005591163092355 0
endloop
endfacet
facet normal -1 0 8.592609827796555e-14
outer loop
vertex -12.5 -9.5 0
vertex -12.5 38.005591163092355 0
vertex -12.5 38.37867965644035 0
endloop
endfacet
facet normal -1 0 8.592609827796555e-14
outer loop
vertex -12.5 -9.5 0
vertex -12.5 38.37867965644035 0
vertex -12.5 38.83328930094121 0
endloop
endfacet
facet normal -1 0 8.592609827796555e-14
outer loop
vertex -12.5 -9.5 0
vertex -12.5 38.83328930094121 0
vertex -12.5 39.35194970290474 0
endloop
endfacet
facet normal -1 0 8.592609827796555e-14
outer loop
vertex -12.5 -9.5 0
vertex -12.5 39.35194970290474 0
vertex -12.5 39.9147290339516 0
endloop
endfacet
facet normal -1 0 8.592609827796555e-14
outer loop
vertex -12.5 -9.5 0
vertex -12.5 39.9147290339516 0
vertex -12.5 40.5 0
endloop
endfacet
facet normal -1 0 8.592609827796555e-14
outer loop
vertex -12.5 -9.5 0
vertex -12.5 40.5 0
vertex -12.5 41.08527096604832 0
endloop
endfacet
facet normal -1 0 8.592609827796555e-14
outer loop
vertex -12.5 -9.5 0
vertex -12.5 41.08527096604832 0
vertex -12.5 41.648050297095246 0
endloop
endfacet
facet normal -1 0 8.592609827796555e-14
outer loop
vertex -12.5 -9.5 0
vertex -12.5 41.648050297095246 0
vertex -12.5 42.16671069905882 0
endloop
endfacet
facet normal -1 0 8.592609827796555e-14
outer loop
vertex -12.5 -9.5 0
vertex -12.5 42.16671069905882 0
vertex -12.5 42.62132034355963 0
endloop
endfacet
facet normal -1 0 8.592609827796555e-14
outer loop
vertex -12.5 -9.5 0
vertex -12.5 42.62132034355963 0
vertex -12.5 42.99440883690766 0
endloop
endfacet
facet normal -1 0 8.592609827796555e-14
outer loop
vertex -12.5 -9.5 0
vertex -12.5 42.99440883690766 0
vertex -12.5 43.27163859753385 0
endloop
endfacet
facet normal -1 0 8.592609827796555e-14
outer loop
vertex -12.5 -9.5 0
vertex -12.5 43.27163859753385 0
vertex -12.5 43.44235584120968 0
endloop
endfacet
facet normal -1 0 8.592609827796555e-14
outer loop
vertex -12.5 -9.5 0
vertex -12.5 43.44235584120968 0
vertex -12.5 43.5 0
endloop
endfacet
facet normal -1 0 8.592609827796555e-14
outer loop
vertex -12.5 -9.5 0
vertex -12.5 43.5 0
vertex -12.5 43.55764415879032 0
endloop
endfacet
facet normal -1 0 8.592609827796555e-14
outer loop
vertex -12.5 -9.5 0
vertex -12.5 43.55764415879032 0
vertex -12.5 43.72836140246618 0
endloop
endfacet
facet normal -1 0 8.592609827796555e-14
outer loop
vertex -12.5 -9.5 0
vertex -12.5 43.72836140246618 0
vertex -12.5 44.00559116309232 0
endloop
endfacet
facet normal -1 0 8.592609827796555e-14
outer loop
vertex -12.5 -9.5 0
vertex -12.5 44.00559116309232 0
vertex -12.5 44.279240799999975 0
endloop
endfacet
facet normal -1 0 8.592609827796555e-14
outer loop
vertex -12.5 -9.5 0
vertex -12.5 44.279240799999975 0
vertex -12.500000000000554 44.279240800000025 -6.450000000000004
endloop
endfacet
facet normal -1 0 8.592609827796555e-14
outer loop
vertex -12.5 -9.5 0
vertex -12.500000000000554 44.279240800000025 -6.450000000000004
vertex -12.50000000000009 -10.000000000000004 -6.450000000000004
endloop
endfacet
facet normal -1 0 8.592609827796555e-14
outer loop
vertex -12.5 -9.5 0
vertex -12.50000000000009 -10.000000000000004 -6.450000000000004
vertex -12.5 -9.999999999999993 0
endloop
endfacet
facet normal -0.9951847266721969 0.09801714032955997 0
outer loop
vertex 81.94235584120969 45.91472903395164 0
vertex 82.00000000000001 46.49999999999998 0
vertex 81.99999999999977 46.50000000000003 -1
endloop
endfacet
facet normal -0.9951847266721969 0.09801714032955997 0
outer loop
vertex 81.94235584120969 45.91472903395164 0
vertex 81.99999999999977 46.50000000000003 -1
vertex 81.94235584120946 45.91472903395164 -1
endloop
endfacet
facet normal -0.9951847266721984 -0.09801714032954581 0
outer loop
vertex 82.00000000000001 46.49999999999998 0
vertex 81.9423558412097 47.08527096604829 0
vertex 81.94235584121036 47.085270966048455 -1
endloop
endfacet
facet normal -0.9951847266721984 -0.09801714032954581 0
outer loop
vertex 82.00000000000001 46.49999999999998 0
vertex 81.94235584121036 47.085270966048455 -1
vertex 81.99999999999977 46.50000000000003 -1
endloop
endfacet
facet normal -0.9569403357322133 -0.2902846772544479 0
outer loop
vertex 81.9423558412097 47.08527096604829 0
vertex 81.77163859753384 47.64805029709532 0
vertex 81.77163859753396 47.648050297095295 -1
endloop
endfacet
facet normal -0.9569403357322133 -0.2902846772544479 0
outer loop
vertex 81.9423558412097 47.08527096604829 0
vertex 81.77163859753396 47.648050297095295 -1
vertex 81.94235584121036 47.085270966048455 -1
endloop
endfacet
facet normal -0.8819212643483568 -0.4713967368259944 0
outer loop
vertex 81.77163859753384 47.64805029709532 0
vertex 81.49440883690764 48.16671069905881 0
vertex 81.49440883690774 48.16671069905886 -1.0000000000000004
endloop
endfacet
facet normal -0.8819212643483568 -0.4713967368259944 0
outer loop
vertex 81.77163859753384 47.64805029709532 0
vertex 81.49440883690774 48.16671069905886 -1.0000000000000004
vertex 81.77163859753396 47.648050297095295 -1
endloop
endfacet
facet normal -0.7730104533627347 -0.6343932841636484 0
outer loop
vertex 81.49440883690764 48.16671069905881 0
vertex 81.12132034355966 48.62132034355964 0
vertex 81.12132034355956 48.621320343559574 -1
endloop
endfacet
facet normal -0.7730104533627347 -0.6343932841636484 0
outer loop
vertex 81.49440883690764 48.16671069905881 0
vertex 81.12132034355956 48.621320343559574 -1
vertex 81.49440883690774 48.16671069905886 -1.0000000000000004
endloop
endfacet
facet normal -0.6343932841636484 -0.7730104533627347 0
outer loop
vertex 81.12132034355966 48.62132034355964 0
vertex 80.66671068902984 48.99440883690761 0
vertex 80.66671069905868 48.99440883690747 -1
endloop
endfacet
facet normal -0.6343932841636484 -0.7730104533627347 0
outer loop
vertex 81.12132034355966 48.62132034355964 0
vertex 80.66671069905868 48.99440883690747 -1
vertex 81.12132034355956 48.621320343559574 -1
endloop
endfacet
facet normal -0.4713967368259664 -0.8819212643483717 0
outer loop
vertex 80.66671068902984 48.99440883690761 0
vertex 80.1480502656725 49.27163859753389 0
vertex 80.1480502970957 49.27163859753463 -1
endloop
endfacet
facet normal -0.4713967368259664 -0.8819212643483717 0
outer loop
vertex 80.66671068902984 48.99440883690761 0
vertex 80.1480502970957 49.27163859753463 -1
vertex 80.66671069905868 48.99440883690747 -1
endloop
endfacet
facet normal -0.2902846772544619 -0.956940335732209 0
outer loop
vertex 80.1480502656725 49.27163859753389 0
vertex 79.58527088453198 49.44235584120969 0
vertex 79.58527096604843 49.44235584120978 -1
endloop
endfacet
facet normal -0.2902846772544619 -0.956940335732209 0
outer loop
vertex 80.1480502656725 49.27163859753389 0
vertex 79.58527096604843 49.44235584120978 -1
vertex 80.1480502970957 49.27163859753463 -1
endloop
endfacet
facet normal -0.0980171403295671 -0.9951847266721963 0
outer loop
vertex 79.58527088453198 49.44235584120969 0
vertex 79.00000000000006 49.5 0
vertex 78.99999999999999 49.4999999999998 -1
endloop
endfacet
facet normal -0.0980171403295671 -0.9951847266721963 0
outer loop
vertex 79.58527088453198 49.44235584120969 0
vertex 78.99999999999999 49.4999999999998 -1
vertex 79.58527096604843 49.44235584120978 -1
endloop
endfacet
facet normal 0.0980171403295671 -0.9951847266721963 0
outer loop
vertex 79.00000000000006 49.5 0
vertex 78.41472903395159 49.44235584120969 0
vertex 78.4147290339516 49.442355841209945 -1
endloop
endfacet
facet normal 0.0980171403295671 -0.9951847266721963 0
outer loop
vertex 79.00000000000006 49.5 0
vertex 78.4147290339516 49.442355841209945 -1
vertex 78.99999999999999 49.4999999999998 -1
endloop
endfacet
facet normal 0.29028467725446194 -0.956940335732209 0
outer loop
vertex 78.41472903395159 49.44235584120969 0
vertex 77.85194970290475 49.27163859753389 0
vertex 77.8519497029048 49.27163859753365 -1.0000000000000004
endloop
endfacet
facet normal 0.29028467725446194 -0.956940335732209 0
outer loop
vertex 78.41472903395159 49.44235584120969 0
vertex 77.8519497029048 49.27163859753365 -1.0000000000000004
vertex 78.4147290339516 49.442355841209945 -1
endloop
endfacet
facet normal 0.47139673682598904 -0.8819212643483598 0
outer loop
vertex 77.85194970290475 49.27163859753389 0
vertex 77.3332893009412 48.99440883690761 0
vertex 77.33328930094119 48.9944088369077 -1.0000000000000004
endloop
endfacet
facet normal 0.47139673682598904 -0.8819212643483598 0
outer loop
vertex 77.85194970290475 49.27163859753389 0
vertex 77.33328930094119 48.9944088369077 -1.0000000000000004
vertex 77.8519497029048 49.27163859753365 -1.0000000000000004
endloop
endfacet
facet normal 0.6343932841636486 -0.7730104533627344 0
outer loop
vertex 77.3332893009412 48.99440883690761 0
vertex 76.87867965644034 48.62132034355964 0
vertex 76.87867965644013 48.62132034355991 -1
endloop
endfacet
facet normal 0.6343932841636486 -0.7730104533627344 0
outer loop
vertex 77.3332893009412 48.99440883690761 0
vertex 76.87867965644013 48.62132034355991 -1
vertex 77.33328930094119 48.9944088369077 -1.0000000000000004
endloop
endfacet
facet normal 0.7730104533627445 -0.6343932841636364 0
outer loop
vertex 76.87867965644034 48.62132034355964 0
vertex 76.50559116309235 48.16671069905881 0
vertex 76.50559116309212 48.16671069905901 -1.0000000000000004
endloop
endfacet
facet normal 0.7730104533627445 -0.6343932841636364 0
outer loop
vertex 76.87867965644034 48.62132034355964 0
vertex 76.50559116309212 48.16671069905901 -1.0000000000000004
vertex 76.87867965644013 48.62132034355991 -1
endloop
endfacet
facet normal 0.881921264348353 -0.4713967368260014 0
outer loop
vertex 76.50559116309235 48.16671069905881 0
vertex 76.22836140246615 47.64805029709532 0
vertex 76.22836140246615 47.64805029709528 -1
endloop
endfacet
facet normal 0.881921264348353 -0.4713967368260014 0
outer loop
vertex 76.50559116309235 48.16671069905881 0
vertex 76.22836140246615 47.64805029709528 -1
vertex 76.50559116309212 48.16671069905901 -1.0000000000000004
endloop
endfacet
facet normal 0.956940335732211 -0.29028467725445545 0
outer loop
vertex 76.22836140246615 47.64805029709532 0
vertex 76.0576441587903 47.08527096604829 0
vertex 76.05764415879052 47.08527096604833 -1.0000000000000004
endloop
endfacet
facet normal 0.956940335732211 -0.29028467725445545 0
outer loop
vertex 76.22836140246615 47.64805029709532 0
vertex 76.05764415879052 47.08527096604833 -1.0000000000000004
vertex 76.22836140246615 47.64805029709528 -1
endloop
endfacet
facet normal 0.9951847266721969 -0.09801714032955997 0
outer loop
vertex 76.0576441587903 47.08527096604829 0
vertex 76 46.49999999999998 0
vertex 75.99999999999976 46.50000000000003 -1
endloop
endfacet
facet normal 0.9951847266721969 -0.09801714032955997 0
outer loop
vertex 76.0576441587903 47.08527096604829 0
vertex 75.99999999999976 46.50000000000003 -1
vertex 76.05764415879052 47.08527096604833 -1.0000000000000004
endloop
endfacet
facet normal 0.9951847266721956 0.09801714032957423 0
outer loop
vertex 76 46.49999999999998 0
vertex 76.05764415879031 45.91472903395164 0
vertex 76.0576441587899 45.91472903395158 -1
endloop
endfacet
facet normal 0.9951847266721956 0.09801714032957423 0
outer loop
vertex 76 46.49999999999998 0
vertex 76.0576441587899 45.91472903395158 -1
vertex 75.99999999999976 46.50000000000003 -1
endloop
endfacet
facet normal 0.9569403357322133 0.2902846772544479 0
outer loop
vertex 76.05764415879031 45.91472903395164 0
vertex 76.22836140246612 45.351949702904804 0
vertex 76.22836140246628 45.351949702904776 -1
endloop
endfacet
facet normal 0.9569403357322133 0.2902846772544479 0
outer loop
vertex 76.05764415879031 45.91472903395164 0
vertex 76.22836140246628 45.351949702904776 -1
vertex 76.0576441587899 45.91472903395158 -1
endloop
endfacet
facet normal 0.8819212643483568 0.4713967368259944 0
outer loop
vertex 76.22836140246612 45.351949702904804 0
vertex 76.50559116309243 44.83328930094112 0
vertex 76.50559116309245 44.83328930094123 -1.0000000000000004
endloop
endfacet
facet normal 0.8819212643483568 0.4713967368259944 0
outer loop
vertex 76.22836140246612 45.351949702904804 0
vertex 76.50559116309245 44.83328930094123 -1.0000000000000004
vertex 76.22836140246628 45.351949702904776 -1
endloop
endfacet
facet normal 0.7730104533627543 0.6343932841636244 0
outer loop
vertex 76.50559116309243 44.83328930094112 0
vertex 76.87867965644035 44.37867965644037 0
vertex 76.87867965644034 44.37867965644034 -1
endloop
endfacet
facet normal 0.7730104533627543 0.6343932841636244 0
outer loop
vertex 76.50559116309243 44.83328930094112 0
vertex 76.87867965644034 44.37867965644034 -1
vertex 76.50559116309245 44.83328930094123 -1.0000000000000004
endloop
endfacet
facet normal 0.6343932841636406 0.7730104533627411 0
outer loop
vertex 76.87867965644035 44.37867965644037 0
vertex 77.33328930094126 44.00559116309232 0
vertex 77.33328930094129 44.005591163092475 -1.0000000000000004
endloop
endfacet
facet normal 0.6343932841636406 0.7730104533627411 0
outer loop
vertex 76.87867965644035 44.37867965644037 0
vertex 77.33328930094129 44.005591163092475 -1.0000000000000004
vertex 76.87867965644034 44.37867965644034 -1
endloop
endfacet
facet normal 0.47139673682598043 0.8819212643483643 0
outer loop
vertex 77.33328930094126 44.00559116309232 0
vertex 77.85194970290465 43.72836140246618 0
vertex 77.85194970290496 43.728361402466525 -1
endloop
endfacet
facet normal 0.47139673682598043 0.8819212643483643 0
outer loop
vertex 77.33328930094126 44.00559116309232 0
vertex 77.85194970290496 43.728361402466525 -1
vertex 77.33328930094129 44.005591163092475 -1.0000000000000004
endloop
endfacet
facet normal 0.2902846772544619 0.956940335732209 0
outer loop
vertex 77.85194970290465 43.72836140246618 0
vertex 78.41472903395162 43.55764415879032 0
vertex 78.41472903395166 43.557644158790396 -1
endloop
endfacet
facet normal 0.2902846772544619 0.956940335732209 0
outer loop
vertex 77.85194970290465 43.72836140246618 0
vertex 78.41472903395166 43.557644158790396 -1
vertex 77.85194970290496 43.728361402466525 -1
endloop
endfacet
facet normal 0.0980171403295671 0.9951847266721963 0
outer loop
vertex 78.41472903395162 43.55764415879032 0
vertex 79.00000000000006 43.5 0
vertex 78.99999999999999 43.49999999999978 -1
endloop
endfacet
facet normal 0.0980171403295671 0.9951847266721963 0
outer loop
vertex 78.41472903395162 43.55764415879032 0
vertex 78.99999999999999 43.49999999999978 -1
vertex 78.41472903395166 43.557644158790396 -1
endloop
endfacet
facet normal -0.0980171403295671 0.9951847266721963 0
outer loop
vertex 79.00000000000006 43.5 0
vertex 79.5852709660485 43.55764415879032 0
vertex 79.58527096604837 43.55764415879057 -1
endloop
endfacet
facet normal -0.0980171403295671 0.9951847266721963 0
outer loop
vertex 79.00000000000006 43.5 0
vertex 79.58527096604837 43.55764415879057 -1
vertex 78.99999999999999 43.49999999999978 -1
endloop
endfacet
facet normal -0.29028467725446194 0.956940335732209 0
outer loop
vertex 79.5852709660485 43.55764415879032 0
vertex 80.14805029709537 43.72836140246618 0
vertex 80.14805029709528 43.72836140246612 -1.0000000000000004
endloop
endfacet
facet normal -0.29028467725446194 0.956940335732209 0
outer loop
vertex 79.5852709660485 43.55764415879032 0
vertex 80.14805029709528 43.72836140246612 -1.0000000000000004
vertex 79.58527096604837 43.55764415879057 -1
endloop
endfacet
facet normal -0.4713967368259887 0.8819212643483599 0
outer loop
vertex 80.14805029709537 43.72836140246618 0
vertex 80.66671069905868 44.00559116309232 0
vertex 80.66671069905874 44.00559116309253 -1.0000000000000004
endloop
endfacet
facet normal -0.4713967368259887 0.8819212643483599 0
outer loop
vertex 80.14805029709537 43.72836140246618 0
vertex 80.66671069905874 44.00559116309253 -1.0000000000000004
vertex 80.14805029709528 43.72836140246612 -1.0000000000000004
endloop
endfacet
facet normal -0.6343932841636413 0.7730104533627404 0
outer loop
vertex 80.66671069905868 44.00559116309232 0
vertex 81.12132034355967 44.37867965644037 0
vertex 81.12132034355992 44.378679656440006 -1
endloop
endfacet
facet normal -0.6343932841636413 0.7730104533627404 0
outer loop
vertex 80.66671069905868 44.00559116309232 0
vertex 81.12132034355992 44.378679656440006 -1
vertex 80.66671069905874 44.00559116309253 -1.0000000000000004
endloop
endfacet
facet normal -0.7730104533627395 0.6343932841636424 0
outer loop
vertex 81.12132034355967 44.37867965644037 0
vertex 81.49440883690758 44.83328930094112 0
vertex 81.49440883690775 44.833289300941104 -1
endloop
endfacet
facet normal -0.7730104533627395 0.6343932841636424 0
outer loop
vertex 81.12132034355967 44.37867965644037 0
vertex 81.49440883690775 44.833289300941104 -1
vertex 81.12132034355992 44.378679656440006 -1
endloop
endfacet
facet normal -0.8819212643483494 0.47139673682600847 0
outer loop
vertex 81.49440883690758 44.83328930094112 0
vertex 81.77163859753392 45.351949702904804 0
vertex 81.77163859753404 45.35194970290465 -1.0000000000000004
endloop
endfacet
facet normal -0.8819212643483494 0.47139673682600847 0
outer loop
vertex 81.49440883690758 44.83328930094112 0
vertex 81.77163859753404 45.35194970290465 -1.0000000000000004
vertex 81.49440883690775 44.833289300941104 -1
endloop
endfacet
facet normal -0.9569403357322133 0.2902846772544479 0
outer loop
vertex 81.77163859753392 45.351949702904804 0
vertex 81.94235584120969 45.91472903395164 0
vertex 81.94235584120946 45.91472903395164 -1
endloop
endfacet
facet normal -0.9569403357322133 0.2902846772544479 0
outer loop
vertex 81.77163859753392 45.351949702904804 0
vertex 81.94235584120946 45.91472903395164 -1
vertex 81.77163859753404 45.35194970290465 -1.0000000000000004
endloop
endfacet
facet normal -0.995184726672197 0.09801714032955999 0
outer loop
vertex -4.0576441587903105 39.9147290339516 0
vertex -4 40.5 0
vertex -4.000000000000005 40.50000000000001 -1.0000000000000004
endloop
endfacet
facet normal -0.995184726672197 0.09801714032955999 0
outer loop
vertex -4.0576441587903105 39.9147290339516 0
vertex -4.000000000000005 40.50000000000001 -1.0000000000000004
vertex -4.057644158790314 39.91472903395162 -1.0000000000000004
endloop
endfacet
facet normal -0.9951847266721969 -0.09801714032955997 0
outer loop
vertex -4 40.5 0
vertex -4.057644158790289 41.08527096604832 0
vertex -4.057644158790285 41.085270966048384 -1
endloop
endfacet
facet normal -0.9951847266721969 -0.09801714032955997 0
outer loop
vertex -4 40.5 0
vertex -4.057644158790285 41.085270966048384 -1
vertex -4.000000000000005 40.50000000000001 -1.0000000000000004
endloop
endfacet
facet normal -0.956940335732209 -0.29028467725446205 0
outer loop
vertex -4.057644158790289 41.08527096604832 0
vertex -4.228361402466134 41.648050297095246 0
vertex -4.228361402466091 41.64805029709529 -1.0000000000000004
endloop
endfacet
facet normal -0.956940335732209 -0.29028467725446205 0
outer loop
vertex -4.057644158790289 41.08527096604832 0
vertex -4.228361402466091 41.64805029709529 -1.0000000000000004
vertex -4.057644158790285 41.085270966048384 -1
endloop
endfacet
facet normal -0.8819212643483528 -0.4713967368260018 0
outer loop
vertex -4.228361402466134 41.648050297095246 0
vertex -4.505591163092378 42.16671069905882 0
vertex -4.505591163092529 42.166710699058726 -1
endloop
endfacet
facet normal -0.8819212643483528 -0.4713967368260018 0
outer loop
vertex -4.228361402466134 41.648050297095246 0
vertex -4.505591163092529 42.166710699058726 -1
vertex -4.228361402466091 41.64805029709529 -1.0000000000000004
endloop
endfacet
facet normal -0.7730104533627389 -0.6343932841636432 0
outer loop
vertex -4.505591163092378 42.16671069905882 0
vertex -4.878679656440346 42.62132034355963 0
vertex -4.878679656440518 42.62132034355952 -1
endloop
endfacet
facet normal -0.7730104533627389 -0.6343932841636432 0
outer loop
vertex -4.505591163092378 42.16671069905882 0
vertex -4.878679656440518 42.62132034355952 -1
vertex -4.505591163092529 42.166710699058726 -1
endloop
endfacet
facet normal -0.6343932841636462 -0.7730104533627363 0
outer loop
vertex -4.878679656440346 42.62132034355963 0
vertex -5.333289300941226 42.99440883690766 0
vertex -5.333289300941182 42.99440883690766 -1
endloop
endfacet
facet normal -0.6343932841636462 -0.7730104533627363 0
outer loop
vertex -4.878679656440346 42.62132034355963 0
vertex -5.333289300941182 42.99440883690766 -1
vertex -4.878679656440518 42.62132034355952 -1
endloop
endfacet
facet normal -0.4713967368259909 -0.8819212643483587 0
outer loop
vertex -5.333289300941226 42.99440883690766 0
vertex -5.85194970290471 43.27163859753385 0
vertex -5.851949702904776 43.271638597533794 -1.0000000000000004
endloop
endfacet
facet normal -0.4713967368259909 -0.8819212643483587 0
outer loop
vertex -5.333289300941226 42.99440883690766 0
vertex -5.851949702904776 43.271638597533794 -1.0000000000000004
vertex -5.333289300941182 42.99440883690766 -1
endloop
endfacet
facet normal -0.29028467725446194 -0.956940335732209 0
outer loop
vertex -5.85194970290471 43.27163859753385 0
vertex -6.414729033951602 43.44235584120968 0
vertex -6.414729033951591 43.442355841209775 -1.0000000000000004
endloop
endfacet
facet normal -0.29028467725446194 -0.956940335732209 0
outer loop
vertex -5.85194970290471 43.27163859753385 0
vertex -6.414729033951591 43.442355841209775 -1.0000000000000004
vertex -5.851949702904776 43.271638597533794 -1.0000000000000004
endloop
endfacet
facet normal -0.0980171403295671 -0.9951847266721963 0
outer loop
vertex -6.414729033951602 43.44235584120968 0
vertex -7.000000000000021 43.5 0
vertex -6.999999999999998 43.500000000000014 -1
endloop
endfacet
facet normal -0.0980171403295671 -0.9951847266721963 0
outer loop
vertex -6.414729033951602 43.44235584120968 0
vertex -6.999999999999998 43.500000000000014 -1
vertex -6.414729033951591 43.442355841209775 -1.0000000000000004
endloop
endfacet
facet normal 0.0980171403295671 -0.9951847266721963 0
outer loop
vertex -7.000000000000021 43.5 0
vertex -7.585270966048405 43.44235584120968 0
vertex -7.585270966048384 43.44235584120969 -1
endloop
endfacet
facet normal 0.0980171403295671 -0.9951847266721963 0
outer loop
vertex -7.000000000000021 43.5 0
vertex -7.585270966048384 43.44235584120969 -1
vertex -6.999999999999998 43.500000000000014 -1
endloop
endfacet
facet normal 0.2902846772544619 -0.956940335732209 0
outer loop
vertex -7.585270966048405 43.44235584120968 0
vertex -8.148050297095224 43.27163859753385 0
vertex -8.148050297095274 43.27163859753389 -1
endloop
endfacet
facet normal 0.2902846772544619 -0.956940335732209 0
outer loop
vertex -7.585270966048405 43.44235584120968 0
vertex -8.148050297095274 43.27163859753389 -1
vertex -7.585270966048384 43.44235584120969 -1
endloop
endfacet
facet normal 0.4713967368259944 -0.8819212643483568 0
outer loop
vertex -8.148050297095224 43.27163859753385 0
vertex -8.666710699058825 42.99440883690766 0
vertex -8.666710699058745 42.99440883690753 -1.0000000000000004
endloop
endfacet
facet normal 0.4713967368259944 -0.8819212643483568 0
outer loop
vertex -8.148050297095224 43.27163859753385 0
vertex -8.666710699058745 42.99440883690753 -1.0000000000000004
vertex -8.148050297095274 43.27163859753389 -1
endloop
endfacet
facet normal 0.6343932841636402 -0.7730104533627413 0
outer loop
vertex -8.666710699058825 42.99440883690766 0
vertex -9.121320343559631 42.62132034355963 0
vertex -9.12132034355959 42.621320343559574 -1
endloop
endfacet
facet normal 0.6343932841636402 -0.7730104533627413 0
outer loop
vertex -8.666710699058825 42.99440883690766 0
vertex -9.12132034355959 42.621320343559574 -1
vertex -8.666710699058745 42.99440883690753 -1.0000000000000004
endloop
endfacet
facet normal 0.7730104533627331 -0.63439328416365 0
outer loop
vertex -9.121320343559631 42.62132034355963 0
vertex -9.494408836907638 42.16671069905882 0
vertex -9.494408836907525 42.16671069905871 -0.9999999999999998
endloop
endfacet
facet normal 0.7730104533627331 -0.63439328416365 0
outer loop
vertex -9.121320343559631 42.62132034355963 0
vertex -9.494408836907525 42.16671069905871 -0.9999999999999998
vertex -9.12132034355959 42.621320343559574 -1
endloop
endfacet
facet normal 0.8819212643483568 -0.4713967368259944 0
outer loop
vertex -9.494408836907638 42.16671069905882 0
vertex -9.771638597533858 41.648050297095246 0
vertex -9.771638597533908 41.64805029709531 -1.0000000000000004
endloop
endfacet
facet normal 0.8819212643483568 -0.4713967368259944 0
outer loop
vertex -9.494408836907638 42.16671069905882 0
vertex -9.771638597533908 41.64805029709531 -1.0000000000000004
vertex -9.494408836907525 42.16671069905871 -0.9999999999999998
endloop
endfacet
facet normal 0.956940335732209 -0.29028467725446194 0
outer loop
vertex -9.771638597533858 41.648050297095246 0
vertex -9.94235584120969 41.08527096604832 0
vertex -9.942355841209762 41.08527096604842 -1.0000000000000004
endloop
endfacet
facet normal 0.956940335732209 -0.29028467725446194 0
outer loop
vertex -9.771638597533858 41.648050297095246 0
vertex -9.942355841209762 41.08527096604842 -1.0000000000000004
vertex -9.771638597533908 41.64805029709531 -1.0000000000000004
endloop
endfacet
facet normal 0.9951847266721969 -0.09801714032955999 0
outer loop
vertex -9.94235584120969 41.08527096604832 0
vertex -10 40.5 0
vertex -10.000000000000007 40.5 -1
endloop
endfacet
facet normal 0.9951847266721969 -0.09801714032955999 0
outer loop
vertex -9.94235584120969 41.08527096604832 0
vertex -10.000000000000007 40.5 -1
vertex -9.942355841209762 41.08527096604842 -1.0000000000000004
endloop
endfacet
facet normal 0.9951847266721969 0.09801714032955999 0
outer loop
vertex -10 40.5 0
vertex -9.94235584120969 39.9147290339516 0
vertex -9.942355841209658 39.91472903395162 -1
endloop
endfacet
facet normal 0.9951847266721969 0.09801714032955999 0
outer loop
vertex -10 40.5 0
vertex -9.942355841209658 39.91472903395162 -1
vertex -10.000000000000007 40.5 -1
endloop
endfacet
facet normal 0.956940335732209 0.29028467725446183 0
outer loop
vertex -9.94235584120969 39.9147290339516 0
vertex -9.771638597533865 39.35194970290474 0
vertex -9.771638597533814 39.35194970290474 -1
endloop
endfacet
facet normal 0.956940335732209 0.29028467725446183 0
outer loop
vertex -9.94235584120969 39.9147290339516 0
vertex -9.771638597533814 39.35194970290474 -1
vertex -9.942355841209658 39.91472903395162 -1
endloop
endfacet
facet normal 0.8819212643483568 0.4713967368259944 0
outer loop
vertex -9.771638597533865 39.35194970290474 0
vertex -9.494408836907645 38.83328930094121 0
vertex -9.494408836907551 38.833289300941246 -1.0000000000000004
endloop
endfacet
facet normal 0.8819212643483568 0.4713967368259944 0
outer loop
vertex -9.771638597533865 39.35194970290474 0
vertex -9.494408836907551 38.833289300941246 -1.0000000000000004
vertex -9.771638597533814 39.35194970290474 -1
endloop
endfacet
facet normal 0.7730104533627413 0.6343932841636402 0
outer loop
vertex -9.494408836907645 38.83328930094121 0
vertex -9.121320343559631 38.37867965644035 0
vertex -9.12132034355962 38.37867965644037 -1
endloop
endfacet
facet normal 0.7730104533627413 0.6343932841636402 0
outer loop
vertex -9.494408836907645 38.83328930094121 0
vertex -9.12132034355962 38.37867965644037 -1
vertex -9.494408836907551 38.833289300941246 -1.0000000000000004
endloop
endfacet
facet normal 0.6343932841636462 0.7730104533627363 0
outer loop
vertex -9.121320343559631 38.37867965644035 0
vertex -8.666710699058797 38.005591163092355 0
vertex -8.666710699058818 38.00559116309236 -1
endloop
endfacet
facet normal 0.6343932841636462 0.7730104533627363 0
outer loop
vertex -9.121320343559631 38.37867965644035 0
vertex -8.666710699058818 38.00559116309236 -1
vertex -9.12132034355962 38.37867965644037 -1
endloop
endfacet
facet normal 0.4713967368259902 0.881921264348359 0
outer loop
vertex -8.666710699058797 38.005591163092355 0
vertex -8.148050297095267 37.72836140246614 0
vertex -8.148050297095336 37.72836140246601 -1
endloop
endfacet
facet normal 0.4713967368259902 0.881921264348359 0
outer loop
vertex -8.666710699058797 38.005591163092355 0
vertex -8.148050297095336 37.72836140246601 -1
vertex -8.666710699058818 38.00559116309236 -1
endloop
endfacet
facet normal 0.2902846772544619 0.956940335732209 0
outer loop
vertex -8.148050297095267 37.72836140246614 0
vertex -7.585270966048384 37.55764415879031 0
vertex -7.585270966048409 37.55764415879023 -1
endloop
endfacet
facet normal 0.2902846772544619 0.956940335732209 0
outer loop
vertex -8.148050297095267 37.72836140246614 0
vertex -7.585270966048409 37.55764415879023 -1
vertex -8.148050297095336 37.72836140246601 -1
endloop
endfacet
facet normal 0.09801714032956706 0.9951847266721963 0
outer loop
vertex -7.585270966048384 37.55764415879031 0
vertex -7.000000000000007 37.5 0
vertex -6.9999999999999964 37.500000000000036 -1
endloop
endfacet
facet normal 0.09801714032956706 0.9951847266721963 0
outer loop
vertex -7.585270966048384 37.55764415879031 0
vertex -6.9999999999999964 37.500000000000036 -1
vertex -7.585270966048409 37.55764415879023 -1
endloop
endfacet
facet normal -0.09801714032956002 0.9951847266721969 0
outer loop
vertex -7.000000000000007 37.5 0
vertex -6.4147290339515886 37.55764415879031 0
vertex -6.414729033951614 37.557644158790296 -1
endloop
endfacet
facet normal -0.09801714032956002 0.9951847266721969 0
outer loop
vertex -7.000000000000007 37.5 0
vertex -6.414729033951614 37.557644158790296 -1
vertex -6.9999999999999964 37.500000000000036 -1
endloop
endfacet
facet normal -0.2902846772544619 0.956940335732209 0
outer loop
vertex -6.4147290339515886 37.55764415879031 0
vertex -5.851949702904762 37.72836140246614 0
vertex -5.851949702904744 37.728361402466184 -1
endloop
endfacet
facet normal -0.2902846772544619 0.956940335732209 0
outer loop
vertex -6.4147290339515886 37.55764415879031 0
vertex -5.851949702904744 37.728361402466184 -1
vertex -6.414729033951614 37.557644158790296 -1
endloop
endfacet
facet normal -0.4713967368259944 0.8819212643483568 0
outer loop
vertex -5.851949702904762 37.72836140246614 0
vertex -5.333289300941156 38.005591163092355 0
vertex -5.333289300941283 38.00559116309253 -1.0000000000000004
endloop
endfacet
facet normal -0.4713967368259944 0.8819212643483568 0
outer loop
vertex -5.851949702904762 37.72836140246614 0
vertex -5.333289300941283 38.00559116309253 -1.0000000000000004
vertex -5.851949702904744 37.728361402466184 -1
endloop
endfacet
facet normal -0.6343932841636402 0.7730104533627413 0
outer loop
vertex -5.333289300941156 38.005591163092355 0
vertex -4.878679656440382 38.37867965644035 0
vertex -4.87867965644031 38.3786796564403 -1
endloop
endfacet
facet normal -0.6343932841636402 0.7730104533627413 0
outer loop
vertex -5.333289300941156 38.005591163092355 0
vertex -4.87867965644031 38.3786796564403 -1
vertex -5.333289300941283 38.00559116309253 -1.0000000000000004
endloop
endfacet
facet normal -0.7730104533627382 0.6343932841636442 0
outer loop
vertex -4.878679656440382 38.37867965644035 0
vertex -4.505591163092359 38.83328930094121 0
vertex -4.505591163092227 38.83328930094109 -1.0000000000000004
endloop
endfacet
facet normal -0.7730104533627382 0.6343932841636442 0
outer loop
vertex -4.878679656440382 38.37867965644035 0
vertex -4.505591163092227 38.83328930094109 -1.0000000000000004
vertex -4.87867965644031 38.3786796564403 -1
endloop
endfacet
facet normal -0.8819212643483568 0.4713967368259944 0
outer loop
vertex -4.505591163092359 38.83328930094121 0
vertex -4.228361402466139 39.35194970290474 0
vertex -4.228361402466353 39.35194970290485 -1.0000000000000004
endloop
endfacet
facet normal -0.8819212643483568 0.4713967368259944 0
outer loop
vertex -4.505591163092359 38.83328930094121 0
vertex -4.228361402466353 39.35194970290485 -1.0000000000000004
vertex -4.505591163092227 38.83328930094109 -1.0000000000000004
endloop
endfacet
facet normal -0.9569403357322089 0.29028467725446216 0
outer loop
vertex -4.228361402466139 39.35194970290474 0
vertex -4.0576441587903105 39.9147290339516 0
vertex -4.057644158790314 39.91472903395162 -1.0000000000000004
endloop
endfacet
facet normal -0.9569403357322089 0.29028467725446216 0
outer loop
vertex -4.228361402466139 39.35194970290474 0
vertex -4.057644158790314 39.91472903395162 -1.0000000000000004
vertex -4.228361402466353 39.35194970290485 -1.0000000000000004
endloop
endfacet
facet normal -0.9951847266721969 0.09801714032955999 0
outer loop
vertex -4.0576441587903105 -7.085270966048398 0
vertex -4.000000021753808 -6.5 0
vertex -3.9999999999999853 -6.500000000000001 -1
endloop
endfacet
facet normal -0.9951847266721969 0.09801714032955999 0
outer loop
vertex -4.0576441587903105 -7.085270966048398 0
vertex -3.9999999999999853 -6.500000000000001 -1
vertex -4.057644158790294 -7.085270966048387 -1
endloop
endfacet
facet normal -0.9951847266721969 -0.09801714032955999 0
outer loop
vertex -4.000000021753808 -6.5 0
vertex -4.057644158790309 -5.91472903395162 0
vertex -4.057644158790322 -5.914729033951616 -1
endloop
endfacet
facet normal -0.9951847266721969 -0.09801714032955999 0
outer loop
vertex -4.000000021753808 -6.5 0
vertex -4.057644158790322 -5.914729033951616 -1
vertex -3.9999999999999853 -6.500000000000001 -1
endloop
endfacet
facet normal -0.9569403357322068 -0.29028467725446916 0
outer loop
vertex -4.057644158790309 -5.91472903395162 0
vertex -4.228361402466144 -5.351949702904729 0
vertex -4.228361402466126 -5.351949702904727 -1
endloop
endfacet
facet normal -0.9569403357322068 -0.29028467725446916 0
outer loop
vertex -4.057644158790309 -5.91472903395162 0
vertex -4.228361402466126 -5.351949702904727 -1
vertex -4.057644158790322 -5.914729033951616 -1
endloop
endfacet
facet normal -0.8819212643483568 -0.4713967368259944 0
outer loop
vertex -4.228361402466144 -5.351949702904729 0
vertex -4.505591163092364 -4.833289300941194 0
vertex -4.505591163092371 -4.833289300941198 -1.0000000000000004
endloop
endfacet
facet normal -0.8819212643483568 -0.4713967368259944 0
outer loop
vertex -4.228361402466144 -5.351949702904729 0
vertex -4.505591163092371 -4.833289300941198 -1.0000000000000004
vertex -4.228361402466126 -5.351949702904727 -1
endloop
endfacet
facet normal -0.7730104533627382 -0.6343932841636439 0
outer loop
vertex -4.505591163092364 -4.833289300941194 0
vertex -4.8786796564403545 -4.37867965644036 0
vertex -4.878679656440377 -4.378679656440376 -1
endloop
endfacet
facet normal -0.7730104533627382 -0.6343932841636439 0
outer loop
vertex -4.505591163092364 -4.833289300941194 0
vertex -4.878679656440377 -4.378679656440376 -1
vertex -4.505591163092371 -4.833289300941198 -1.0000000000000004
endloop
endfacet
facet normal -0.6343932841636442 -0.773010453362738 0
outer loop
vertex -4.8786796564403545 -4.37867965644036 0
vertex -5.333289300941195 -4.005591163092362 0
vertex -5.333289300941238 -4.005591163092425 -1
endloop
endfacet
facet normal -0.6343932841636442 -0.773010453362738 0
outer loop
vertex -4.8786796564403545 -4.37867965644036 0
vertex -5.333289300941238 -4.005591163092425 -1
vertex -4.878679656440377 -4.378679656440376 -1
endloop
endfacet
facet normal -0.4713967368259944 -0.8819212643483568 0
outer loop
vertex -5.333289300941195 -4.005591163092362 0
vertex -5.851949702904728 -3.7283614024661382 0
vertex -5.851949702904766 -3.7283614024662004 -1.0000000000000004
endloop
endfacet
facet normal -0.4713967368259944 -0.8819212643483568 0
outer loop
vertex -5.333289300941195 -4.005591163092362 0
vertex -5.851949702904766 -3.7283614024662004 -1.0000000000000004
vertex -5.333289300941238 -4.005591163092425 -1
endloop
endfacet
facet normal -0.29028467725446294 -0.9569403357322088 0
outer loop
vertex -5.851949702904728 -3.7283614024661382 0
vertex -6.414729033951606 -3.5576441587903105 0
vertex -6.414729033951593 -3.5576441587902274 -1.0000000000000004
endloop
endfacet
facet normal -0.29028467725446294 -0.9569403357322088 0
outer loop
vertex -5.851949702904728 -3.7283614024661382 0
vertex -6.414729033951593 -3.5576441587902274 -1.0000000000000004
vertex -5.851949702904766 -3.7283614024662004 -1.0000000000000004
endloop
endfacet
facet normal -0.09801714032955999 -0.9951847266721969 0
outer loop
vertex -6.414729033951606 -3.5576441587903105 0
vertex -7 -3.5 0
vertex -6.999999999999997 -3.4999999999999836 -1
endloop
endfacet
facet normal -0.09801714032955999 -0.9951847266721969 0
outer loop
vertex -6.414729033951606 -3.5576441587903105 0
vertex -6.999999999999997 -3.4999999999999836 -1
vertex -6.414729033951593 -3.5576441587902274 -1.0000000000000004
endloop
endfacet
facet normal 0.09801714032956044 -0.9951847266721969 0
outer loop
vertex -7 -3.5 0
vertex -7.585270966048391 -3.5576441587903105 0
vertex -7.585270966048385 -3.557644158790306 -1
endloop
endfacet
facet normal 0.09801714032956044 -0.9951847266721969 0
outer loop
vertex -7 -3.5 0
vertex -7.585270966048385 -3.557644158790306 -1
vertex -6.999999999999997 -3.4999999999999836 -1
endloop
endfacet
facet normal 0.29028467725446455 -0.9569403357322083 0
outer loop
vertex -7.585270966048391 -3.5576441587903105 0
vertex -8.148050297095267 -3.7283614024661382 0
vertex -8.148050297095235 -3.728361402466245 -1
endloop
endfacet
facet normal 0.29028467725446455 -0.9569403357322083 0
outer loop
vertex -7.585270966048391 -3.5576441587903105 0
vertex -8.148050297095235 -3.728361402466245 -1
vertex -7.585270966048385 -3.557644158790306 -1
endloop
endfacet
facet normal 0.47139673682599725 -0.8819212643483554 0
outer loop
vertex -8.148050297095267 -3.7283614024661382 0
vertex -8.666710699058804 -4.005591163092362 0
vertex -8.666710699058788 -4.005591163092401 -1.0000000000000004
endloop
endfacet
facet normal 0.47139673682599725 -0.8819212643483554 0
outer loop
vertex -8.148050297095267 -3.7283614024661382 0
vertex -8.666710699058788 -4.005591163092401 -1.0000000000000004
vertex -8.148050297095235 -3.728361402466245 -1
endloop
endfacet
facet normal 0.6343932841636463 -0.7730104533627364 0
outer loop
vertex -8.666710699058804 -4.005591163092362 0
vertex -9.121320343559645 -4.37867965644036 0
vertex -9.121320343559624 -4.3786796564403865 -1.0000000000000004
endloop
endfacet
facet normal 0.6343932841636463 -0.7730104533627364 0
outer loop
vertex -8.666710699058804 -4.005591163092362 0
vertex -9.121320343559624 -4.3786796564403865 -1.0000000000000004
vertex -8.666710699058788 -4.005591163092401 -1.0000000000000004
endloop
endfacet
facet normal 0.7730104533627382 -0.6343932841636439 0
outer loop
vertex -9.121320343559645 -4.37867965644036 0
vertex -9.494408836907638 -4.833289300941194 0
vertex -9.494408836907608 -4.833289300941215 -1
endloop
endfacet
facet normal 0.7730104533627382 -0.6343932841636439 0
outer loop
vertex -9.121320343559645 -4.37867965644036 0
vertex -9.494408836907608 -4.833289300941215 -1
vertex -9.121320343559624 -4.3786796564403865 -1.0000000000000004
endloop
endfacet
facet normal 0.8819212643483568 -0.4713967368259944 0
outer loop
vertex -9.494408836907638 -4.833289300941194 0
vertex -9.771638597533851 -5.351949702904729 0
vertex -9.77163859753383 -5.351949702904746 -1.0000000000000004
endloop
endfacet
facet normal 0.8819212643483568 -0.4713967368259944 0
outer loop
vertex -9.494408836907638 -4.833289300941194 0
vertex -9.77163859753383 -5.351949702904746 -1.0000000000000004
vertex -9.494408836907608 -4.833289300941215 -1
endloop
endfacet
facet normal 0.956940335732209 -0.29028467725446205 0
outer loop
vertex -9.771638597533851 -5.351949702904729 0
vertex -9.94235584120969 -5.91472903395162 0
vertex -9.942355841209682 -5.914729033951617 -1.0000000000000004
endloop
endfacet
facet normal 0.956940335732209 -0.29028467725446205 0
outer loop
vertex -9.771638597533851 -5.351949702904729 0
vertex -9.942355841209682 -5.914729033951617 -1.0000000000000004
vertex -9.77163859753383 -5.351949702904746 -1.0000000000000004
endloop
endfacet
facet normal 0.9951847266721969 -0.09801714032955999 0
outer loop
vertex -9.94235584120969 -5.91472903395162 0
vertex -10 -6.5 0
vertex -10.000000000000004 -6.499999999999999 -1
endloop
endfacet
facet normal 0.9951847266721969 -0.09801714032955999 0
outer loop
vertex -9.94235584120969 -5.91472903395162 0
vertex -10.000000000000004 -6.499999999999999 -1
vertex -9.942355841209682 -5.914729033951617 -1.0000000000000004
endloop
endfacet
facet normal 0.9951847266721969 0.09801714032955999 0
outer loop
vertex -10 -6.5 0
vertex -9.94235584120969 -7.085270966048398 0
vertex -9.942355841209686 -7.085270966048383 -1
endloop
endfacet
facet normal 0.9951847266721969 0.09801714032955999 0
outer loop
vertex -10 -6.5 0
vertex -9.942355841209686 -7.085270966048383 -1
vertex -10.000000000000004 -6.499999999999999 -1
endloop
endfacet
facet normal 0.956940335732209 0.29028467725446205 0
outer loop
vertex -9.94235584120969 -7.085270966048398 0
vertex -9.771638597533865 -7.648050297095256 0
vertex -9.771638597533858 -7.648050297095269 -1.0000000000000004
endloop
endfacet
facet normal 0.956940335732209 0.29028467725446205 0
outer loop
vertex -9.94235584120969 -7.085270966048398 0
vertex -9.771638597533858 -7.648050297095269 -1.0000000000000004
vertex -9.942355841209686 -7.085270966048383 -1
endloop
endfacet
facet normal 0.8819212643483568 0.4713967368259944 0
outer loop
vertex -9.771638597533865 -7.648050297095256 0
vertex -9.494408836907638 -8.166710699058807 0
vertex -9.494408836907624 -8.166710699058799 -1.0000000000000004
endloop
endfacet
facet normal 0.8819212643483568 0.4713967368259944 0
outer loop
vertex -9.771638597533865 -7.648050297095256 0
vertex -9.494408836907624 -8.166710699058799 -1.0000000000000004
vertex -9.771638597533858 -7.648050297095269 -1.0000000000000004
endloop
endfacet
facet normal 0.773010453362738 0.6343932841636443 0
outer loop
vertex -9.494408836907638 -8.166710699058807 0
vertex -9.121320343559638 -8.621320343559647 0
vertex -9.121320343559647 -8.621320343559644 -1
endloop
endfacet
facet normal 0.773010453362738 0.6343932841636443 0
outer loop
vertex -9.494408836907638 -8.166710699058807 0
vertex -9.121320343559647 -8.621320343559644 -1
vertex -9.494408836907624 -8.166710699058799 -1.0000000000000004
endloop
endfacet
facet normal 0.6343932841636447 0.7730104533627375 0
outer loop
vertex -9.121320343559638 -8.621320343559647 0
vertex -8.666710699058804 -8.994408836907638 0
vertex -8.666710699058862 -8.994408836907699 -1
endloop
endfacet
facet normal 0.6343932841636447 0.7730104533627375 0
outer loop
vertex -9.121320343559638 -8.621320343559647 0
vertex -8.666710699058862 -8.994408836907699 -1
vertex -9.121320343559647 -8.621320343559644 -1
endloop
endfacet
facet normal 0.47139673682600136 0.8819212643483529 0
outer loop
vertex -8.666710699058804 -8.994408836907638 0
vertex -8.148050297095274 -9.271638597533858 0
vertex -8.148050297095228 -9.271638597533785 -1
endloop
endfacet
facet normal 0.47139673682600136 0.8819212643483529 0
outer loop
vertex -8.666710699058804 -8.994408836907638 0
vertex -8.148050297095228 -9.271638597533785 -1
vertex -8.666710699058862 -8.994408836907699 -1
endloop
endfacet
facet normal 0.2902846772544603 0.9569403357322095 0
outer loop
vertex -8.148050297095274 -9.271638597533858 0
vertex -7.585270966048384 -9.44235584120969 0
vertex -7.585270966048391 -9.442355841209714 -1
endloop
endfacet
facet normal 0.2902846772544603 0.9569403357322095 0
outer loop
vertex -8.148050297095274 -9.271638597533858 0
vertex -7.585270966048391 -9.442355841209714 -1
vertex -8.148050297095228 -9.271638597533785 -1
endloop
endfacet
facet normal 0.09801714032955999 0.9951847266721969 0
outer loop
vertex -7.585270966048384 -9.44235584120969 0
vertex -6.999999999999982 -9.5 0
vertex -7.000000000000003 -9.500000000000032 -1
endloop
endfacet
facet normal 0.09801714032955999 0.9951847266721969 0
outer loop
vertex -7.585270966048384 -9.44235584120969 0
vertex -7.000000000000003 -9.500000000000032 -1
vertex -7.585270966048391 -9.442355841209714 -1
endloop
endfacet
facet normal -0.09801714032955999 0.995184726672197 0
outer loop
vertex -6.999999999999982 -9.5 0
vertex -6.414729033951595 -9.44235584120969 0
vertex -6.414729033951617 -9.442355841209691 -1.0000000000000004
endloop
endfacet
facet normal -0.09801714032955999 0.995184726672197 0
outer loop
vertex -6.999999999999982 -9.5 0
vertex -6.414729033951617 -9.442355841209691 -1.0000000000000004
vertex -7.000000000000003 -9.500000000000032 -1
endloop
endfacet
facet normal -0.290284677254463 0.9569403357322087 0
outer loop
vertex -6.414729033951595 -9.44235584120969 0
vertex -5.8519497029047285 -9.271638597533858 0
vertex -5.851949702904726 -9.271638597533883 -1
endloop
endfacet
facet normal -0.290284677254463 0.9569403357322087 0
outer loop
vertex -6.414729033951595 -9.44235584120969 0
vertex -5.851949702904726 -9.271638597533883 -1
vertex -6.414729033951617 -9.442355841209691 -1.0000000000000004
endloop
endfacet
facet normal -0.47139673682599703 0.8819212643483554 0
outer loop
vertex -5.8519497029047285 -9.271638597533858 0
vertex -5.3332893009412015 -8.994408836907638 0
vertex -5.333289300941164 -8.994408836907699 -1
endloop
endfacet
facet normal -0.47139673682599703 0.8819212643483554 0
outer loop
vertex -5.8519497029047285 -9.271638597533858 0
vertex -5.333289300941164 -8.994408836907699 -1
vertex -5.851949702904726 -9.271638597533883 -1
endloop
endfacet
facet normal -0.6343932841636462 0.7730104533627364 0
outer loop
vertex -5.3332893009412015 -8.994408836907638 0
vertex -4.878679656440361 -8.621320343559647 0
vertex -4.8786796564403545 -8.621320343559642 -1
endloop
endfacet
facet normal -0.6343932841636462 0.7730104533627364 0
outer loop
vertex -5.3332893009412015 -8.994408836907638 0
vertex -4.8786796564403545 -8.621320343559642 -1
vertex -5.333289300941164 -8.994408836907699 -1
endloop
endfacet
facet normal -0.7730104533627332 0.6343932841636502 0
outer loop
vertex -4.878679656440361 -8.621320343559647 0
vertex -4.505591163092363 -8.166710699058807 0
vertex -4.505591163092436 -8.166710699058747 -1
endloop
endfacet
facet normal -0.7730104533627332 0.6343932841636502 0
outer loop
vertex -4.878679656440361 -8.621320343559647 0
vertex -4.505591163092436 -8.166710699058747 -1
vertex -4.8786796564403545 -8.621320343559642 -1
endloop
endfacet
facet normal -0.8819212643483568 0.4713967368259944 0
outer loop
vertex -4.505591163092363 -8.166710699058807 0
vertex -4.228361402466133 -7.648050297095256 0
vertex -4.228361402466099 -7.648050297095294 -1.0000000000000004
endloop
endfacet
facet normal -0.8819212643483568 0.4713967368259944 0
outer loop
vertex -4.505591163092363 -8.166710699058807 0
vertex -4.228361402466099 -7.648050297095294 -1.0000000000000004
vertex -4.505591163092436 -8.166710699058747 -1
endloop
endfacet
facet normal -0.9569403357322087 0.29028467725446294 0
outer loop
vertex -4.228361402466133 -7.648050297095256 0
vertex -4.0576441587903105 -7.085270966048398 0
vertex -4.057644158790294 -7.085270966048387 -1
endloop
endfacet
facet normal -0.9569403357322087 0.29028467725446294 0
outer loop
vertex -4.228361402466133 -7.648050297095256 0
vertex -4.057644158790294 -7.085270966048387 -1
vertex -4.228361402466099 -7.648050297095294 -1.0000000000000004
endloop
endfacet
facet normal -0.9951847266721969 0.09801714032955997 0
outer loop
vertex 67.94235584120969 -22.085270966048345 0
vertex 68 -21.49999999999999 0
vertex 68.00000000000006 -21.500000000000007 -1
endloop
endfacet
facet normal -0.9951847266721969 0.09801714032955997 0
outer loop
vertex 67.94235584120969 -22.085270966048345 0
vertex 68.00000000000006 -21.500000000000007 -1
vertex 67.94235584120975 -22.08527096604839 -1
endloop
endfacet
facet normal -0.9951847266721969 -0.09801714032955997 0
outer loop
vertex 68 -21.49999999999999 0
vertex 67.94235584120969 -20.914729033951637 0
vertex 67.94235584120956 -20.914729033951627 -1
endloop
endfacet
facet normal -0.9951847266721969 -0.09801714032955997 0
outer loop
vertex 68 -21.49999999999999 0
vertex 67.94235584120956 -20.914729033951627 -1
vertex 68.00000000000006 -21.500000000000007 -1
endloop
endfacet
facet normal -0.9569403357322133 -0.2902846772544479 0
outer loop
vertex 67.94235584120969 -20.914729033951637 0
vertex 67.77163859753385 -20.351949702904697 0
vertex 67.77163859753375 -20.35194970290476 -1
endloop
endfacet
facet normal -0.9569403357322133 -0.2902846772544479 0
outer loop
vertex 67.94235584120969 -20.914729033951637 0
vertex 67.77163859753375 -20.35194970290476 -1
vertex 67.94235584120956 -20.914729033951627 -1
endloop
endfacet
facet normal -0.8819212643483529 -0.47139673682600136 0
outer loop
vertex 67.77163859753385 -20.351949702904697 0
vertex 67.49440883690764 -19.833289300941182 0
vertex 67.49440883690764 -19.8332893009412 -1
endloop
endfacet
facet normal -0.8819212643483529 -0.47139673682600136 0
outer loop
vertex 67.77163859753385 -20.351949702904697 0
vertex 67.49440883690764 -19.8332893009412 -1
vertex 67.77163859753375 -20.35194970290476 -1
endloop
endfacet
facet normal -0.773010453362735 -0.6343932841636479 0
outer loop
vertex 67.49440883690764 -19.833289300941182 0
vertex 67.12132034355963 -19.378679656440344 0
vertex 67.12132034355969 -19.378679656440323 -1
endloop
endfacet
facet normal -0.773010453362735 -0.6343932841636479 0
outer loop
vertex 67.49440883690764 -19.833289300941182 0
vertex 67.12132034355969 -19.378679656440323 -1
vertex 67.49440883690764 -19.8332893009412 -1
endloop
endfacet
facet normal -0.63439328416365 -0.7730104533627331 0
outer loop
vertex 67.12132034355963 -19.378679656440344 0
vertex 66.66671069905883 -19.00559116309238 0
vertex 66.66671069905871 -19.005591163092504 -0.9999999999999998
endloop
endfacet
facet normal -0.63439328416365 -0.7730104533627331 0
outer loop
vertex 67.12132034355963 -19.378679656440344 0
vertex 66.66671069905871 -19.005591163092504 -0.9999999999999998
vertex 67.12132034355969 -19.378679656440323 -1
endloop
endfacet
facet normal -0.4713967368259888 -0.8819212643483598 0
outer loop
vertex 66.66671069905883 -19.00559116309238 0
vertex 66.14805029709525 -18.728361402466135 0
vertex 66.14805029709531 -18.728361402466074 -1
endloop
endfacet
facet normal -0.4713967368259888 -0.8819212643483598 0
outer loop
vertex 66.66671069905883 -19.00559116309238 0
vertex 66.14805029709531 -18.728361402466074 -1
vertex 66.66671069905871 -19.005591163092504 -0.9999999999999998
endloop
endfacet
facet normal -0.29028467725446094 -0.9569403357322094 0
outer loop
vertex 66.14805029709525 -18.728361402466135 0
vertex 65.5852709660484 -18.55764415879031 0
vertex 65.58527096604843 -18.55764415879018 -1
endloop
endfacet
facet normal -0.29028467725446094 -0.9569403357322094 0
outer loop
vertex 66.14805029709525 -18.728361402466135 0
vertex 65.58527096604843 -18.55764415879018 -1
vertex 66.14805029709531 -18.728361402466074 -1
endloop
endfacet
facet normal -0.09801714032955997 -0.9951847266721969 0
outer loop
vertex 65.5852709660484 -18.55764415879031 0
vertex 65.00000000000001 -18.5 0
vertex 65 -18.499999999999737 -1
endloop
endfacet
facet normal -0.09801714032955997 -0.9951847266721969 0
outer loop
vertex 65.5852709660484 -18.55764415879031 0
vertex 65 -18.499999999999737 -1
vertex 65.58527096604843 -18.55764415879018 -1
endloop
endfacet
facet normal 0.09801714032956355 -0.9951847266721967 0
outer loop
vertex 65.00000000000001 -18.5 0
vertex 64.41472903395166 -18.55764415879031 0
vertex 64.41472903395163 -18.55764415879032 -1.0000000000000004
endloop
endfacet
facet normal 0.09801714032956355 -0.9951847266721967 0
outer loop
vertex 65.00000000000001 -18.5 0
vertex 64.41472903395163 -18.55764415879032 -1.0000000000000004
vertex 65 -18.499999999999737 -1
endloop
endfacet
facet normal 0.29028467725446194 -0.956940335732209 0
outer loop
vertex 64.41472903395166 -18.55764415879031 0
vertex 63.85194970290469 -18.728361402466135 0
vertex 63.85194970290474 -18.728361402466124 -1.0000000000000004
endloop
endfacet
facet normal 0.29028467725446194 -0.956940335732209 0
outer loop
vertex 64.41472903395166 -18.55764415879031 0
vertex 63.85194970290474 -18.728361402466124 -1.0000000000000004
vertex 64.41472903395163 -18.55764415879032 -1.0000000000000004
endloop
endfacet
facet normal 0.4713967368259944 -0.8819212643483568 0
outer loop
vertex 63.85194970290469 -18.728361402466135 0
vertex 63.33328930094121 -19.00559116309238 0
vertex 63.333289300941274 -19.005591163092486 -1.0000000000000004
endloop
endfacet
facet normal 0.4713967368259944 -0.8819212643483568 0
outer loop
vertex 63.85194970290469 -18.728361402466135 0
vertex 63.333289300941274 -19.005591163092486 -1.0000000000000004
vertex 63.85194970290474 -18.728361402466124 -1.0000000000000004
endloop
endfacet
facet normal 0.6343932841636364 -0.7730104533627445 0
outer loop
vertex 63.33328930094121 -19.00559116309238 0
vertex 62.87867965644034 -19.378679656440344 0
vertex 62.878679656440404 -19.37867965644041 -1.0000000000000004
endloop
endfacet
facet normal 0.6343932841636364 -0.7730104533627445 0
outer loop
vertex 63.33328930094121 -19.00559116309238 0
vertex 62.878679656440404 -19.37867965644041 -1.0000000000000004
vertex 63.333289300941274 -19.005591163092486 -1.0000000000000004
endloop
endfacet
facet normal 0.7730104533627411 -0.6343932841636406 0
outer loop
vertex 62.87867965644034 -19.378679656440344 0
vertex 62.50559116309237 -19.833289300941182 0
vertex 62.50559116309241 -19.83328930094122 -1.0000000000000004
endloop
endfacet
facet normal 0.7730104533627411 -0.6343932841636406 0
outer loop
vertex 62.87867965644034 -19.378679656440344 0
vertex 62.50559116309241 -19.83328930094122 -1.0000000000000004
vertex 62.878679656440404 -19.37867965644041 -1.0000000000000004
endloop
endfacet
facet normal 0.8819212643483568 -0.4713967368259944 0
outer loop
vertex 62.50559116309237 -19.833289300941182 0
vertex 62.22836140246615 -20.351949702904697 0
vertex 62.22836140246612 -20.351949702904715 -1.0000000000000004
endloop
endfacet
facet normal 0.8819212643483568 -0.4713967368259944 0
outer loop
vertex 62.50559116309237 -19.833289300941182 0
vertex 62.22836140246612 -20.351949702904715 -1.0000000000000004
vertex 62.50559116309241 -19.83328930094122 -1.0000000000000004
endloop
endfacet
facet normal 0.956940335732209 -0.29028467725446194 0
outer loop
vertex 62.22836140246615 -20.351949702904697 0
vertex 62.05764415879031 -20.914729033951637 0
vertex 62.05764415879031 -20.914729033951616 -1.0000000000000004
endloop
endfacet
facet normal 0.956940335732209 -0.29028467725446194 0
outer loop
vertex 62.22836140246615 -20.351949702904697 0
vertex 62.05764415879031 -20.914729033951616 -1.0000000000000004
vertex 62.22836140246612 -20.351949702904715 -1.0000000000000004
endloop
endfacet
facet normal 0.9951847266721984 -0.09801714032954581 0
outer loop
vertex 62.05764415879031 -20.914729033951637 0
vertex 62 -21.49999999999999 0
vertex 62.000000000000455 -21.500000000000043 -1
endloop
endfacet
facet normal 0.9951847266721984 -0.09801714032954581 0
outer loop
vertex 62.05764415879031 -20.914729033951637 0
vertex 62.000000000000455 -21.500000000000043 -1
vertex 62.05764415879031 -20.914729033951616 -1.0000000000000004
endloop
endfacet
facet normal 0.9951847266721963 0.0980171403295671 0
outer loop
vertex 62 -21.49999999999999 0
vertex 62.0576441587903 -22.085270966048345 0
vertex 62.057644158790396 -22.08527096604838 -1
endloop
endfacet
facet normal 0.9951847266721963 0.0980171403295671 0
outer loop
vertex 62 -21.49999999999999 0
vertex 62.057644158790396 -22.08527096604838 -1
vertex 62.000000000000455 -21.500000000000043 -1
endloop
endfacet
facet normal 0.956940335732209 0.29028467725446194 0
outer loop
vertex 62.0576441587903 -22.085270966048345 0
vertex 62.22836140246615 -22.64805029709529 0
vertex 62.22836140246616 -22.64805029709527 -1.0000000000000004
endloop
endfacet
facet normal 0.956940335732209 0.29028467725446194 0
outer loop
vertex 62.0576441587903 -22.085270966048345 0
vertex 62.22836140246616 -22.64805029709527 -1.0000000000000004
vertex 62.057644158790396 -22.08527096604838 -1
endloop
endfacet
facet normal 0.8819212643483568 0.4713967368259944 0
outer loop
vertex 62.22836140246615 -22.64805029709529 0
vertex 62.505591163092355 -23.166710699058797 0
vertex 62.505591163092504 -23.166710699058743 -1.0000000000000004
endloop
endfacet
facet normal 0.8819212643483568 0.4713967368259944 0
outer loop
vertex 62.22836140246615 -22.64805029709529 0
vertex 62.505591163092504 -23.166710699058743 -1.0000000000000004
vertex 62.22836140246616 -22.64805029709527 -1.0000000000000004
endloop
endfacet
facet normal 0.7730104533627331 0.63439328416365 0
outer loop
vertex 62.505591163092355 -23.166710699058797 0
vertex 62.878679656440376 -23.621320343559663 0
vertex 62.87867965644052 -23.621320343559514 -0.9999999999999998
endloop
endfacet
facet normal 0.7730104533627331 0.63439328416365 0
outer loop
vertex 62.505591163092355 -23.166710699058797 0
vertex 62.87867965644052 -23.621320343559514 -0.9999999999999998
vertex 62.505591163092504 -23.166710699058743 -1.0000000000000004
endloop
endfacet
facet normal 0.6343932841636402 0.7730104533627413 0
outer loop
vertex 62.878679656440376 -23.621320343559663 0
vertex 63.33328930094119 -23.99440883690763 0
vertex 63.33328930094128 -23.994408836907542 -1
endloop
endfacet
facet normal 0.6343932841636402 0.7730104533627413 0
outer loop
vertex 62.878679656440376 -23.621320343559663 0
vertex 63.33328930094128 -23.994408836907542 -1
vertex 62.87867965644052 -23.621320343559514 -0.9999999999999998
endloop
endfacet
facet normal 0.47139673682600314 0.881921264348352 0
outer loop
vertex 63.33328930094119 -23.99440883690763 0
vertex 63.85194970290471 -24.27163859753385 0
vertex 63.85194970290473 -24.271638597533837 -1
endloop
endfacet
facet normal 0.47139673682600314 0.881921264348352 0
outer loop
vertex 63.33328930094119 -23.99440883690763 0
vertex 63.85194970290473 -24.271638597533837 -1
vertex 63.33328930094128 -23.994408836907542 -1
endloop
endfacet
facet normal 0.29028467725446294 0.9569403357322087 0
outer loop
vertex 63.85194970290471 -24.27163859753385 0
vertex 64.41472903395163 -24.442355841209693 0
vertex 64.41472903395157 -24.44235584120981 -1
endloop
endfacet
facet normal 0.29028467725446294 0.9569403357322087 0
outer loop
vertex 63.85194970290471 -24.27163859753385 0
vertex 64.41472903395157 -24.44235584120981 -1
vertex 63.85194970290473 -24.271638597533837 -1
endloop
endfacet
facet normal 0.09801714032956355 0.9951847266721966 0
outer loop
vertex 64.41472903395163 -24.442355841209693 0
vertex 64.99999999999999 -24.5 0
vertex 65.00000000000001 -24.49999999999995 -1
endloop
endfacet
facet normal 0.09801714032956355 0.9951847266721966 0
outer loop
vertex 64.41472903395163 -24.442355841209693 0
vertex 65.00000000000001 -24.49999999999995 -1
vertex 64.41472903395157 -24.44235584120981 -1
endloop
endfacet
facet normal -0.09801714032956706 0.9951847266721963 0
outer loop
vertex 64.99999999999999 -24.5 0
vertex 65.58527096604836 -24.442355841209693 0
vertex 65.58527096604837 -24.44235584120952 -1
endloop
endfacet
facet normal -0.09801714032956706 0.9951847266721963 0
outer loop
vertex 64.99999999999999 -24.5 0
vertex 65.58527096604837 -24.44235584120952 -1
vertex 65.00000000000001 -24.49999999999995 -1
endloop
endfacet
facet normal -0.2902846772544619 0.956940335732209 0
outer loop
vertex 65.58527096604836 -24.442355841209693 0
vertex 66.1480502970953 -24.27163859753385 0
vertex 66.1480502970953 -24.271638597533954 -1
endloop
endfacet
facet normal -0.2902846772544619 0.956940335732209 0
outer loop
vertex 65.58527096604836 -24.442355841209693 0
vertex 66.1480502970953 -24.271638597533954 -1
vertex 65.58527096604837 -24.44235584120952 -1
endloop
endfacet
facet normal -0.47139673682598743 0.8819212643483606 0
outer loop
vertex 66.1480502970953 -24.27163859753385 0
vertex 66.66671069905883 -23.99440883690763 0
vertex 66.6667106990588 -23.994408836907564 -1.0000000000000004
endloop
endfacet
facet normal -0.47139673682598743 0.8819212643483606 0
outer loop
vertex 66.1480502970953 -24.27163859753385 0
vertex 66.6667106990588 -23.994408836907564 -1.0000000000000004
vertex 66.1480502970953 -24.271638597533954 -1
endloop
endfacet
facet normal -0.6343932841636484 0.7730104533627347 0
outer loop
vertex 66.66671069905883 -23.99440883690763 0
vertex 67.1213203435596 -23.621320343559663 0
vertex 67.12132034355974 -23.62132034355977 -1
endloop
endfacet
facet normal -0.6343932841636484 0.7730104533627347 0
outer loop
vertex 66.66671069905883 -23.99440883690763 0
vertex 67.12132034355974 -23.62132034355977 -1
vertex 66.6667106990588 -23.994408836907564 -1.0000000000000004
endloop
endfacet
facet normal -0.7730104533627347 0.6343932841636484 0
outer loop
vertex 67.1213203435596 -23.621320343559663 0
vertex 67.49440883690764 -23.166710699058797 0
vertex 67.49440883690757 -23.166710699058754 -1
endloop
endfacet
facet normal -0.7730104533627347 0.6343932841636484 0
outer loop
vertex 67.1213203435596 -23.621320343559663 0
vertex 67.49440883690757 -23.166710699058754 -1
vertex 67.12132034355974 -23.62132034355977 -1
endloop
endfacet
facet normal -0.8819212643483568 0.4713967368259944 0
outer loop
vertex 67.49440883690764 -23.166710699058797 0
vertex 67.77163859753385 -22.64805029709529 0
vertex 67.771638597534 -22.64805029709534 -1.0000000000000004
endloop
endfacet
facet normal -0.8819212643483568 0.4713967368259944 0
outer loop
vertex 67.49440883690764 -23.166710699058797 0
vertex 67.771638597534 -22.64805029709534 -1.0000000000000004
vertex 67.49440883690757 -23.166710699058754 -1
endloop
endfacet
facet normal -0.9569403357322133 0.2902846772544479 0
outer loop
vertex 67.77163859753385 -22.64805029709529 0
vertex 67.94235584120969 -22.085270966048345 0
vertex 67.94235584120975 -22.08527096604839 -1
endloop
endfacet
facet normal -0.9569403357322133 0.2902846772544479 0
outer loop
vertex 67.77163859753385 -22.64805029709529 0
vertex 67.94235584120975 -22.08527096604839 -1
vertex 67.771638597534 -22.64805029709534 -1.0000000000000004
endloop
endfacet
facet normal -0.9951847266721969 0.09801714032956006 0
outer loop
vertex 98.19594144120967 -31.62418986604832 0
vertex 98.2535856 -31.038918899999885 0
vertex 98.25358560000005 -31.038918900000002 -1
endloop
endfacet
facet normal -0.9951847266721969 0.09801714032956006 0
outer loop
vertex 98.19594144120967 -31.62418986604832 0
vertex 98.25358560000005 -31.038918900000002 -1
vertex 98.19594144120974 -31.62418986604839 -1
endloop
endfacet
facet normal -0.9951847266721984 -0.09801714032954581 0
outer loop
vertex 98.2535856 -31.038918899999885 0
vertex 98.19594144120971 -30.45364793395172 0
vertex 98.19594144120892 -30.453647933951693 -1
endloop
endfacet
facet normal -0.9951847266721984 -0.09801714032954581 0
outer loop
vertex 98.2535856 -31.038918899999885 0
vertex 98.19594144120892 -30.453647933951693 -1
vertex 98.25358560000005 -31.038918900000002 -1
endloop
endfacet
facet normal -0.9569403357322133 -0.2902846772544479 0
outer loop
vertex 98.19594144120971 -30.45364793395172 0
vertex 98.02522419753384 -29.890868602904682 0
vertex 98.0252241975337 -29.89086860290477 -1
endloop
endfacet
facet normal -0.9569403357322133 -0.2902846772544479 0
outer loop
vertex 98.19594144120971 -30.45364793395172 0
vertex 98.0252241975337 -29.89086860290477 -1
vertex 98.19594144120892 -30.453647933951693 -1
endloop
endfacet
facet normal -0.8819212643483568 -0.4713967368259944 0
outer loop
vertex 98.02522419753384 -29.890868602904682 0
vertex 97.74799443690767 -29.37220820094125 0
vertex 97.7479944369073 -29.37220820094138 -1.0000000000000004
endloop
endfacet
facet normal -0.8819212643483568 -0.4713967368259944 0
outer loop
vertex 98.02522419753384 -29.890868602904682 0
vertex 97.7479944369073 -29.37220820094138 -1.0000000000000004
vertex 98.0252241975337 -29.89086860290477 -1
endloop
endfacet
facet normal -0.7730104533627382 -0.6343932841636442 0
outer loop
vertex 97.74799443690767 -29.37220820094125 0
vertex 97.37490594355963 -28.917598556440346 0
vertex 97.3749059435595 -28.917598556440517 -1.0000000000000004
endloop
endfacet
facet normal -0.7730104533627382 -0.6343932841636442 0
outer loop
vertex 97.74799443690767 -29.37220820094125 0
vertex 97.3749059435595 -28.917598556440517 -1.0000000000000004
vertex 97.7479944369073 -29.37220820094138 -1.0000000000000004
endloop
endfacet
facet normal -0.6343932841636462 -0.7730104533627363 0
outer loop
vertex 97.37490594355963 -28.917598556440346 0
vertex 96.92029629905879 -28.544510063092346 0
vertex 96.92029629905882 -28.544510063092375 -1
endloop
endfacet
facet normal -0.6343932841636462 -0.7730104533627363 0
outer loop
vertex 97.37490594355963 -28.917598556440346 0
vertex 96.92029629905882 -28.544510063092375 -1
vertex 97.3749059435595 -28.917598556440517 -1.0000000000000004
endloop
endfacet
facet normal -0.4713967368259909 -0.8819212643483587 0
outer loop
vertex 96.92029629905879 -28.544510063092346 0
vertex 96.40163589709528 -28.267280302466148 0
vertex 96.40163589709533 -28.267280302466048 -1.0000000000000004
endloop
endfacet
facet normal -0.4713967368259909 -0.8819212643483587 0
outer loop
vertex 96.92029629905879 -28.544510063092346 0
vertex 96.40163589709533 -28.267280302466048 -1.0000000000000004
vertex 96.92029629905882 -28.544510063092375 -1
endloop
endfacet
facet normal -0.29028467725446105 -0.9569403357322093 0
outer loop
vertex 96.40163589709528 -28.267280302466148 0
vertex 95.83885656604839 -28.096563058790316 0
vertex 95.8388565660484 -28.096563058790203 -1
endloop
endfacet
facet normal -0.29028467725446105 -0.9569403357322093 0
outer loop
vertex 96.40163589709528 -28.267280302466148 0
vertex 95.8388565660484 -28.096563058790203 -1
vertex 96.40163589709533 -28.267280302466048 -1.0000000000000004
endloop
endfacet
facet normal -0.09801714032956355 -0.9951847266721967 0
outer loop
vertex 95.83885656604839 -28.096563058790316 0
vertex 95.25358559999997 -28.0389189 0
vertex 95.25358560000001 -28.038918900000027 -1.0000000000000004
endloop
endfacet
facet normal -0.09801714032956355 -0.9951847266721967 0
outer loop
vertex 95.83885656604839 -28.096563058790316 0
vertex 95.25358560000001 -28.038918900000027 -1.0000000000000004
vertex 95.8388565660484 -28.096563058790203 -1
endloop
endfacet
facet normal 0.0980171403295671 -0.9951847266721963 0
outer loop
vertex 95.25358559999997 -28.0389189 0
vertex 94.66831463395162 -28.096563058790316 0
vertex 94.66831463395158 -28.096563058790053 -1
endloop
endfacet
facet normal 0.0980171403295671 -0.9951847266721963 0
outer loop
vertex 95.25358559999997 -28.0389189 0
vertex 94.66831463395158 -28.096563058790053 -1
vertex 95.25358560000001 -28.038918900000027 -1.0000000000000004
endloop
endfacet
facet normal 0.29028467725446194 -0.956940335732209 0
outer loop
vertex 94.66831463395162 -28.096563058790316 0
vertex 94.10553530290471 -28.267280302466148 0
vertex 94.1055353029048 -28.267280302466386 -1.0000000000000004
endloop
endfacet
facet normal 0.29028467725446194 -0.956940335732209 0
outer loop
vertex 94.66831463395162 -28.096563058790316 0
vertex 94.1055353029048 -28.267280302466386 -1.0000000000000004
vertex 94.66831463395158 -28.096563058790053 -1
endloop
endfacet
facet normal 0.4713967368259944 -0.8819212643483568 0
outer loop
vertex 94.10553530290471 -28.267280302466148 0
vertex 93.58687490094118 -28.544510063092346 0
vertex 93.58687490094115 -28.544510063092297 -1.0000000000000004
endloop
endfacet
facet normal 0.4713967368259944 -0.8819212643483568 0
outer loop
vertex 94.10553530290471 -28.267280302466148 0
vertex 93.58687490094115 -28.544510063092297 -1.0000000000000004
vertex 94.1055353029048 -28.267280302466386 -1.0000000000000004
endloop
endfacet
facet normal 0.6343932841636518 -0.7730104533627319 0
outer loop
vertex 93.58687490094118 -28.544510063092346 0
vertex 93.13226525644036 -28.917598556440346 0
vertex 93.13226525644025 -28.917598556440225 -1.0000000000000004
endloop
endfacet
facet normal 0.6343932841636518 -0.7730104533627319 0
outer loop
vertex 93.58687490094118 -28.544510063092346 0
vertex 93.13226525644025 -28.917598556440225 -1.0000000000000004
vertex 93.58687490094115 -28.544510063092297 -1.0000000000000004
endloop
endfacet
facet normal 0.7730104533627319 -0.6343932841636518 0
outer loop
vertex 93.13226525644036 -28.917598556440346 0
vertex 92.75917676309236 -29.37220820094125 0
vertex 92.75917676309261 -29.372208200941397 -1.0000000000000004
endloop
endfacet
facet normal 0.7730104533627319 -0.6343932841636518 0
outer loop
vertex 93.13226525644036 -28.917598556440346 0
vertex 92.75917676309261 -29.372208200941397 -1.0000000000000004
vertex 93.13226525644025 -28.917598556440225 -1.0000000000000004
endloop
endfacet
facet normal 0.8819212643483568 -0.4713967368259944 0
outer loop
vertex 92.75917676309236 -29.37220820094125 0
vertex 92.4819470024661 -29.890868602904682 0
vertex 92.48194700246611 -29.890868602904717 -1.0000000000000004
endloop
endfacet
facet normal 0.8819212643483568 -0.4713967368259944 0
outer loop
vertex 92.75917676309236 -29.37220820094125 0
vertex 92.48194700246611 -29.890868602904717 -1.0000000000000004
vertex 92.75917676309261 -29.372208200941397 -1.0000000000000004
endloop
endfacet
facet normal 0.9569403357322133 -0.2902846772544479 0
outer loop
vertex 92.4819470024661 -29.890868602904682 0
vertex 92.3112297587903 -30.45364793395172 0
vertex 92.31122975879036 -30.453647933951626 -1
endloop
endfacet
facet normal 0.9569403357322133 -0.2902846772544479 0
outer loop
vertex 92.4819470024661 -29.890868602904682 0
vertex 92.31122975879036 -30.453647933951626 -1
vertex 92.48194700246611 -29.890868602904717 -1.0000000000000004
endloop
endfacet
facet normal 0.9951847266721984 -0.09801714032954581 0
outer loop
vertex 92.3112297587903 -30.45364793395172 0
vertex 92.2535856 -31.038918899999885 0
vertex 92.25358560000058 -31.038918900000056 -1
endloop
endfacet
facet normal 0.9951847266721984 -0.09801714032954581 0
outer loop
vertex 92.3112297587903 -30.45364793395172 0
vertex 92.25358560000058 -31.038918900000056 -1
vertex 92.31122975879036 -30.453647933951626 -1
endloop
endfacet
facet normal 0.9951847266721956 0.09801714032957423 0
outer loop
vertex 92.2535856 -31.038918899999885 0
vertex 92.31122975879029 -31.62418986604832 0
vertex 92.31122975879077 -31.62418986604834 -1
endloop
endfacet
facet normal 0.9951847266721956 0.09801714032957423 0
outer loop
vertex 92.2535856 -31.038918899999885 0
vertex 92.31122975879077 -31.62418986604834 -1
vertex 92.25358560000058 -31.038918900000056 -1
endloop
endfacet
facet normal 0.9569403357322133 0.2902846772544479 0
outer loop
vertex 92.31122975879029 -31.62418986604832 0
vertex 92.48194700246614 -32.18696919709529 0
vertex 92.48194700246592 -32.18696919709533 -1
endloop
endfacet
facet normal 0.9569403357322133 0.2902846772544479 0
outer loop
vertex 92.31122975879029 -31.62418986604832 0
vertex 92.48194700246592 -32.18696919709533 -1
vertex 92.31122975879077 -31.62418986604834 -1
endloop
endfacet
facet normal 0.8819212643483568 0.4713967368259944 0
outer loop
vertex 92.48194700246614 -32.18696919709529 0
vertex 92.75917676309236 -32.705629599058796 0
vertex 92.75917676309194 -32.70562959905904 -1.0000000000000004
endloop
endfacet
facet normal 0.8819212643483568 0.4713967368259944 0
outer loop
vertex 92.48194700246614 -32.18696919709529 0
vertex 92.75917676309194 -32.70562959905904 -1.0000000000000004
vertex 92.48194700246592 -32.18696919709533 -1
endloop
endfacet
facet normal 0.7730104533627395 0.6343932841636424 0
outer loop
vertex 92.75917676309236 -32.705629599058796 0
vertex 93.13226525644039 -33.16023924355969 0
vertex 93.13226525644052 -33.16023924355951 -1
endloop
endfacet
facet normal 0.7730104533627395 0.6343932841636424 0
outer loop
vertex 92.75917676309236 -32.705629599058796 0
vertex 93.13226525644052 -33.16023924355951 -1
vertex 92.75917676309194 -32.70562959905904 -1.0000000000000004
endloop
endfacet
facet normal 0.6343932841636462 0.7730104533627363 0
outer loop
vertex 93.13226525644039 -33.16023924355969 0
vertex 93.58687490094118 -33.53332773690764 0
vertex 93.58687490094118 -33.533327736907665 -1
endloop
endfacet
facet normal 0.6343932841636462 0.7730104533627363 0
outer loop
vertex 93.13226525644039 -33.16023924355969 0
vertex 93.58687490094118 -33.533327736907665 -1
vertex 93.13226525644052 -33.16023924355951 -1
endloop
endfacet
facet normal 0.4713967368259839 0.8819212643483624 0
outer loop
vertex 93.58687490094118 -33.53332773690764 0
vertex 94.10553530290474 -33.810557497533864 0
vertex 94.10553530290487 -33.81055749753361 -1
endloop
endfacet
facet normal 0.4713967368259839 0.8819212643483624 0
outer loop
vertex 93.58687490094118 -33.53332773690764 0
vertex 94.10553530290487 -33.81055749753361 -1
vertex 93.58687490094118 -33.533327736907665 -1
endloop
endfacet
facet normal 0.29028467725446294 0.9569403357322087 0
outer loop
vertex 94.10553530290474 -33.810557497533864 0
vertex 94.66831463395158 -33.98127474120968 0
vertex 94.66831463395162 -33.98127474120965 -1
endloop
endfacet
facet normal 0.29028467725446294 0.9569403357322087 0
outer loop
vertex 94.10553530290474 -33.810557497533864 0
vertex 94.66831463395162 -33.98127474120965 -1
vertex 94.10553530290487 -33.81055749753361 -1
endloop
endfacet
facet normal 0.09801714032955999 0.9951847266721969 0
outer loop
vertex 94.66831463395158 -33.98127474120968 0
vertex 95.25358560000004 -34.0389189 0
vertex 95.25358560000001 -34.03891889999977 -1
endloop
endfacet
facet normal 0.09801714032955999 0.9951847266721969 0
outer loop
vertex 94.66831463395158 -33.98127474120968 0
vertex 95.25358560000001 -34.03891889999977 -1
vertex 94.66831463395162 -33.98127474120965 -1
endloop
endfacet
facet normal -0.0980171403295671 0.9951847266721963 0
outer loop
vertex 95.25358560000004 -34.0389189 0
vertex 95.83885656604848 -33.98127474120968 0
vertex 95.83885656604836 -33.981274741209425 -1
endloop
endfacet
facet normal -0.0980171403295671 0.9951847266721963 0
outer loop
vertex 95.25358560000004 -34.0389189 0
vertex 95.83885656604836 -33.981274741209425 -1
vertex 95.25358560000001 -34.03891889999977 -1
endloop
endfacet
facet normal -0.29028467725446194 0.956940335732209 0
outer loop
vertex 95.83885656604848 -33.98127474120968 0
vertex 96.40163589709518 -33.810557497533864 0
vertex 96.40163589709536 -33.81055749753414 -1.0000000000000004
endloop
endfacet
facet normal -0.29028467725446194 0.956940335732209 0
outer loop
vertex 95.83885656604848 -33.98127474120968 0
vertex 96.40163589709536 -33.81055749753414 -1.0000000000000004
vertex 95.83885656604836 -33.981274741209425 -1
endloop
endfacet
facet normal -0.4713967368259664 0.8819212643483717 0
outer loop
vertex 96.40163589709518 -33.810557497533864 0
vertex 96.92029629905882 -33.53332773690764 0
vertex 96.92029629905943 -33.5333277369088 -1
endloop
endfacet
facet normal -0.4713967368259664 0.8819212643483717 0
outer loop
vertex 96.40163589709518 -33.810557497533864 0
vertex 96.92029629905943 -33.5333277369088 -1
vertex 96.40163589709536 -33.81055749753414 -1.0000000000000004
endloop
endfacet
facet normal -0.6343932841636518 0.7730104533627319 0
outer loop
vertex 96.92029629905882 -33.53332773690764 0
vertex 97.37490594355961 -33.16023924355969 0
vertex 97.37490594355953 -33.16023924355948 -1.0000000000000004
endloop
endfacet
facet normal -0.6343932841636518 0.7730104533627319 0
outer loop
vertex 96.92029629905882 -33.53332773690764 0
vertex 97.37490594355953 -33.16023924355948 -1.0000000000000004
vertex 96.92029629905943 -33.5333277369088 -1
endloop
endfacet
facet normal -0.7730104533627445 0.6343932841636364 0
outer loop
vertex 97.37490594355961 -33.16023924355969 0
vertex 97.74799443690765 -32.705629599058796 0
vertex 97.74799443690752 -32.705629599058696 -1.0000000000000004
endloop
endfacet
facet normal -0.7730104533627445 0.6343932841636364 0
outer loop
vertex 97.37490594355961 -33.16023924355969 0
vertex 97.74799443690752 -32.705629599058696 -1.0000000000000004
vertex 97.37490594355953 -33.16023924355948 -1.0000000000000004
endloop
endfacet
facet normal -0.8819212643483494 0.47139673682600847 0
outer loop
vertex 97.74799443690765 -32.705629599058796 0
vertex 98.02522419753386 -32.18696919709529 0
vertex 98.02522419753394 -32.18696919709531 -1.0000000000000004
endloop
endfacet
facet normal -0.8819212643483494 0.47139673682600847 0
outer loop
vertex 97.74799443690765 -32.705629599058796 0
vertex 98.02522419753394 -32.18696919709531 -1.0000000000000004
vertex 97.74799443690752 -32.705629599058696 -1.0000000000000004
endloop
endfacet
facet normal -0.9569403357322133 0.2902846772544479 0
outer loop
vertex 98.02522419753386 -32.18696919709529 0
vertex 98.19594144120967 -31.62418986604832 0
vertex 98.19594144120974 -31.62418986604839 -1
endloop
endfacet
facet normal -0.9569403357322133 0.2902846772544479 0
outer loop
vertex 98.02522419753386 -32.18696919709529 0
vertex 98.19594144120974 -31.62418986604839 -1
vertex 98.02522419753394 -32.18696919709531 -1.0000000000000004
endloop
endfacet
facet normal -0.9951847266721969 0.09801714032956006 0
outer loop
vertex 103.74235584120967 33.91472903395164 0
vertex 103.8 34.50000000000005 0
vertex 103.79999999999976 34.500000000000014 -1
endloop
endfacet
facet normal -0.9951847266721969 0.09801714032956006 0
outer loop
vertex 103.74235584120967 33.91472903395164 0
vertex 103.79999999999976 34.500000000000014 -1
vertex 103.74235584120946 33.91472903395164 -1
endloop
endfacet
facet normal -0.9951847266721969 -0.09801714032956006 0
outer loop
vertex 103.8 34.50000000000005 0
vertex 103.7423558412097 35.08527096604831 0
vertex 103.74235584120976 35.08527096604839 -1
endloop
endfacet
facet normal -0.9951847266721969 -0.09801714032956006 0
outer loop
vertex 103.8 34.50000000000005 0
vertex 103.74235584120976 35.08527096604839 -1
vertex 103.79999999999976 34.500000000000014 -1
endloop
endfacet
facet normal -0.9569403357322136 -0.29028467725444695 0
outer loop
vertex 103.7423558412097 35.08527096604831 0
vertex 103.57163859753385 35.64805029709529 0
vertex 103.57163859753392 35.64805029709528 -1
endloop
endfacet
facet normal -0.9569403357322136 -0.29028467725444695 0
outer loop
vertex 103.7423558412097 35.08527096604831 0
vertex 103.57163859753392 35.64805029709528 -1
vertex 103.74235584120976 35.08527096604839 -1
endloop
endfacet
facet normal -0.8819212643483568 -0.4713967368259944 0
outer loop
vertex 103.57163859753385 35.64805029709529 0
vertex 103.29440883690762 36.166710699058825 0
vertex 103.29440883690755 36.16671069905876 -1.0000000000000004
endloop
endfacet
facet normal -0.8819212643483568 -0.4713967368259944 0
outer loop
vertex 103.57163859753385 35.64805029709529 0
vertex 103.29440883690755 36.16671069905876 -1.0000000000000004
vertex 103.57163859753392 35.64805029709528 -1
endloop
endfacet
facet normal -0.7730104533627572 -0.6343932841636208 0
outer loop
vertex 103.29440883690762 36.166710699058825 0
vertex 102.92132034355961 36.62132034355968 0
vertex 102.92132034355915 36.62132034355923 -1
endloop
endfacet
facet normal -0.7730104533627572 -0.6343932841636208 0
outer loop
vertex 103.29440883690762 36.166710699058825 0
vertex 102.92132034355915 36.62132034355923 -1
vertex 103.29440883690755 36.16671069905876 -1.0000000000000004
endloop
endfacet
facet normal -0.6343932841636484 -0.7730104533627347 0
outer loop
vertex 102.92132034355961 36.62132034355968 0
vertex 102.46671069905888 36.994408836907596 0
vertex 102.46671069905862 36.99440883690742 -1
endloop
endfacet
facet normal -0.6343932841636484 -0.7730104533627347 0
outer loop
vertex 102.92132034355961 36.62132034355968 0
vertex 102.46671069905862 36.99440883690742 -1
vertex 102.92132034355915 36.62132034355923 -1
endloop
endfacet
facet normal -0.4713967368259944 -0.8819212643483568 0
outer loop
vertex 102.46671069905888 36.994408836907596 0
vertex 101.94805029709524 37.271638597533865 0
vertex 101.94805029709512 37.27163859753357 -1.0000000000000004
endloop
endfacet
facet normal -0.4713967368259944 -0.8819212643483568 0
outer loop
vertex 102.46671069905888 36.994408836907596 0
vertex 101.94805029709512 37.27163859753357 -1.0000000000000004
vertex 102.46671069905862 36.99440883690742 -1
endloop
endfacet
facet normal -0.2902846772544619 -0.956940335732209 0
outer loop
vertex 101.94805029709524 37.271638597533865 0
vertex 101.38527096604837 37.4423558412097 0
vertex 101.38527096604842 37.44235584120979 -1
endloop
endfacet
facet normal -0.2902846772544619 -0.956940335732209 0
outer loop
vertex 101.94805029709524 37.271638597533865 0
vertex 101.38527096604842 37.44235584120979 -1
vertex 101.94805029709512 37.27163859753357 -1.0000000000000004
endloop
endfacet
facet normal -0.0980171403295671 -0.9951847266721963 0
outer loop
vertex 101.38527096604837 37.4423558412097 0
vertex 100.80000000000003 37.5 0
vertex 100.79999999999997 37.499999999999744 -1
endloop
endfacet
facet normal -0.0980171403295671 -0.9951847266721963 0
outer loop
vertex 101.38527096604837 37.4423558412097 0
vertex 100.79999999999997 37.499999999999744 -1
vertex 101.38527096604842 37.44235584120979 -1
endloop
endfacet
facet normal 0.09801714032956002 -0.9951847266721969 0
outer loop
vertex 100.80000000000003 37.5 0
vertex 100.21472903395158 37.4423558412097 0
vertex 100.21472903395163 37.44235584120944 -1
endloop
endfacet
facet normal 0.09801714032956002 -0.9951847266721969 0
outer loop
vertex 100.80000000000003 37.5 0
vertex 100.21472903395163 37.44235584120944 -1
vertex 100.79999999999997 37.499999999999744 -1
endloop
endfacet
facet normal 0.290284677254463 -0.9569403357322087 0
outer loop
vertex 100.21472903395158 37.4423558412097 0
vertex 99.6519497029048 37.271638597533865 0
vertex 99.65194970290477 37.27163859753377 -1
endloop
endfacet
facet normal 0.290284677254463 -0.9569403357322087 0
outer loop
vertex 100.21472903395158 37.4423558412097 0
vertex 99.65194970290477 37.27163859753377 -1
vertex 100.21472903395163 37.44235584120944 -1
endloop
endfacet
facet normal 0.4713967368259839 -0.8819212643483624 0
outer loop
vertex 99.6519497029048 37.271638597533865 0
vertex 99.13328930094114 36.994408836907596 0
vertex 99.13328930094131 36.99440883690738 -1
endloop
endfacet
facet normal 0.4713967368259839 -0.8819212643483624 0
outer loop
vertex 99.6519497029048 37.271638597533865 0
vertex 99.13328930094131 36.99440883690738 -1
vertex 99.65194970290477 37.27163859753377 -1
endloop
endfacet
facet normal 0.6343932841636442 -0.7730104533627382 0
outer loop
vertex 99.13328930094114 36.994408836907596 0
vertex 98.6786796564404 36.62132034355968 0
vertex 98.67867965644056 36.62132034355941 -1.0000000000000004
endloop
endfacet
facet normal 0.6343932841636442 -0.7730104533627382 0
outer loop
vertex 99.13328930094114 36.994408836907596 0
vertex 98.67867965644056 36.62132034355941 -1.0000000000000004
vertex 99.13328930094131 36.99440883690738 -1
endloop
endfacet
facet normal 0.7730104533627444 -0.6343932841636364 0
outer loop
vertex 98.6786796564404 36.62132034355968 0
vertex 98.30559116309237 36.166710699058825 0
vertex 98.30559116309209 36.166710699059024 -1
endloop
endfacet
facet normal 0.7730104533627444 -0.6343932841636364 0
outer loop
vertex 98.6786796564404 36.62132034355968 0
vertex 98.30559116309209 36.166710699059024 -1
vertex 98.67867965644056 36.62132034355941 -1.0000000000000004
endloop
endfacet
facet normal 0.8819212643483494 -0.47139673682600847 0
outer loop
vertex 98.30559116309237 36.166710699058825 0
vertex 98.0283614024661 35.64805029709529 0
vertex 98.0283614024666 35.64805029709504 -1.0000000000000004
endloop
endfacet
facet normal 0.8819212643483494 -0.47139673682600847 0
outer loop
vertex 98.30559116309237 36.166710699058825 0
vertex 98.0283614024666 35.64805029709504 -1.0000000000000004
vertex 98.30559116309209 36.166710699059024 -1
endloop
endfacet
facet normal 0.9569403357322133 -0.2902846772544479 0
outer loop
vertex 98.0283614024661 35.64805029709529 0
vertex 97.85764415879032 35.08527096604831 0
vertex 97.85764415879004 35.08527096604847 -1
endloop
endfacet
facet normal 0.9569403357322133 -0.2902846772544479 0
outer loop
vertex 98.0283614024661 35.64805029709529 0
vertex 97.85764415879004 35.08527096604847 -1
vertex 98.0283614024666 35.64805029709504 -1.0000000000000004
endloop
endfacet
facet normal 0.9951847266721956 -0.09801714032957413 0
outer loop
vertex 97.85764415879032 35.08527096604831 0
vertex 97.8 34.50000000000005 0
vertex 97.8000000000003 34.49999999999998 -1
endloop
endfacet
facet normal 0.9951847266721956 -0.09801714032957413 0
outer loop
vertex 97.85764415879032 35.08527096604831 0
vertex 97.8000000000003 34.49999999999998 -1
vertex 97.85764415879004 35.08527096604847 -1
endloop
endfacet
facet normal 0.9951847266721956 0.09801714032957413 0
outer loop
vertex 97.8 34.50000000000005 0
vertex 97.85764415879031 33.91472903395164 0
vertex 97.85764415879011 33.9147290339516 -1
endloop
endfacet
facet normal 0.9951847266721956 0.09801714032957413 0
outer loop
vertex 97.8 34.50000000000005 0
vertex 97.85764415879011 33.9147290339516 -1
vertex 97.8000000000003 34.49999999999998 -1
endloop
endfacet
facet normal 0.9569403357322133 0.2902846772544479 0
outer loop
vertex 97.85764415879031 33.91472903395164 0
vertex 98.02836140246616 33.35194970290467 0
vertex 98.02836140246613 33.35194970290473 -1
endloop
endfacet
facet normal 0.9569403357322133 0.2902846772544479 0
outer loop
vertex 97.85764415879031 33.91472903395164 0
vertex 98.02836140246613 33.35194970290473 -1
vertex 97.85764415879011 33.9147290339516 -1
endloop
endfacet
facet normal 0.8819212643483568 0.4713967368259944 0
outer loop
vertex 98.02836140246616 33.35194970290467 0
vertex 98.30559116309236 32.833289300941196 0
vertex 98.30559116309229 32.833289300941146 -1.0000000000000004
endloop
endfacet
facet normal 0.8819212643483568 0.4713967368259944 0
outer loop
vertex 98.02836140246616 33.35194970290467 0
vertex 98.30559116309229 32.833289300941146 -1.0000000000000004
vertex 98.02836140246613 33.35194970290473 -1
endloop
endfacet
facet normal 0.7730104533627347 0.6343932841636484 0
outer loop
vertex 98.30559116309236 32.833289300941196 0
vertex 98.67867965644038 32.378679656440326 0
vertex 98.67867965644047 32.37867965644044 -1
endloop
endfacet
facet normal 0.7730104533627347 0.6343932841636484 0
outer loop
vertex 98.30559116309236 32.833289300941196 0
vertex 98.67867965644047 32.37867965644044 -1
vertex 98.30559116309229 32.833289300941146 -1.0000000000000004
endloop
endfacet
facet normal 0.6343932841636518 0.7730104533627319 0
outer loop
vertex 98.67867965644038 32.378679656440326 0
vertex 99.1332893009412 32.00559116309235 0
vertex 99.13328930094107 32.005591163092205 -1.0000000000000004
endloop
endfacet
facet normal 0.6343932841636518 0.7730104533627319 0
outer loop
vertex 98.67867965644038 32.378679656440326 0
vertex 99.13328930094107 32.005591163092205 -1.0000000000000004
vertex 98.67867965644047 32.37867965644044 -1
endloop
endfacet
facet normal 0.47139673682598043 0.8819212643483643 0
outer loop
vertex 99.1332893009412 32.00559116309235 0
vertex 99.65194970290473 31.72836140246614 0
vertex 99.65194970290503 31.728361402466675 -1
endloop
endfacet
facet normal 0.47139673682598043 0.8819212643483643 0
outer loop
vertex 99.1332893009412 32.00559116309235 0
vertex 99.65194970290503 31.728361402466675 -1
vertex 99.13328930094107 32.005591163092205 -1.0000000000000004
endloop
endfacet
facet normal 0.29028467725446194 0.956940335732209 0
outer loop
vertex 99.65194970290473 31.72836140246614 0
vertex 100.2147290339516 31.55764415879031 0
vertex 100.21472903395167 31.55764415879047 -1.0000000000000004
endloop
endfacet
facet normal 0.29028467725446194 0.956940335732209 0
outer loop
vertex 99.65194970290473 31.72836140246614 0
vertex 100.21472903395167 31.55764415879047 -1.0000000000000004
vertex 99.65194970290503 31.728361402466675 -1
endloop
endfacet
facet normal 0.09801714032955997 0.9951847266721969 0
outer loop
vertex 100.2147290339516 31.55764415879031 0
vertex 100.79999999999998 31.5 0
vertex 100.8 31.50000000000003 -1
endloop
endfacet
facet normal 0.09801714032955997 0.9951847266721969 0
outer loop
vertex 100.2147290339516 31.55764415879031 0
vertex 100.8 31.50000000000003 -1
vertex 100.21472903395167 31.55764415879047 -1.0000000000000004
endloop
endfacet
facet normal -0.09801714032956355 0.9951847266721967 0
outer loop
vertex 100.79999999999998 31.5 0
vertex 101.38527096604837 31.55764415879031 0
vertex 101.3852709660484 31.55764415879034 -1.0000000000000004
endloop
endfacet
facet normal -0.09801714032956355 0.9951847266721967 0
outer loop
vertex 100.79999999999998 31.5 0
vertex 101.3852709660484 31.55764415879034 -1.0000000000000004
vertex 100.8 31.50000000000003 -1
endloop
endfacet
facet normal -0.2902846772544625 0.9569403357322088 0
outer loop
vertex 101.38527096604837 31.55764415879031 0
vertex 101.94805029709526 31.72836140246614 0
vertex 101.94805029709528 31.728361402466106 -1
endloop
endfacet
facet normal -0.2902846772544625 0.9569403357322088 0
outer loop
vertex 101.38527096604837 31.55764415879031 0
vertex 101.94805029709528 31.728361402466106 -1
vertex 101.3852709660484 31.55764415879034 -1.0000000000000004
endloop
endfacet
facet normal -0.4713967368259839 0.8819212643483624 0
outer loop
vertex 101.94805029709526 31.72836140246614 0
vertex 102.46671069905878 32.00559116309235 0
vertex 102.46671069905895 32.0055911630921 -1
endloop
endfacet
facet normal -0.4713967368259839 0.8819212643483624 0
outer loop
vertex 101.94805029709526 31.72836140246614 0
vertex 102.46671069905895 32.0055911630921 -1
vertex 101.94805029709528 31.728361402466106 -1
endloop
endfacet
facet normal -0.6343932841636462 0.7730104533627363 0
outer loop
vertex 102.46671069905878 32.00559116309235 0
vertex 102.9213203435596 32.378679656440326 0
vertex 102.92132034355961 32.378679656440404 -1
endloop
endfacet
facet normal -0.6343932841636462 0.7730104533627363 0
outer loop
vertex 102.46671069905878 32.00559116309235 0
vertex 102.92132034355961 32.378679656440404 -1
vertex 102.46671069905895 32.0055911630921 -1
endloop
endfacet
facet normal -0.7730104533627444 0.6343932841636364 0
outer loop
vertex 102.9213203435596 32.378679656440326 0
vertex 103.29440883690768 32.833289300941196 0
vertex 103.29440883690737 32.83328930094143 -1
endloop
endfacet
facet normal -0.7730104533627444 0.6343932841636364 0
outer loop
vertex 102.9213203435596 32.378679656440326 0
vertex 103.29440883690737 32.83328930094143 -1
vertex 102.92132034355961 32.378679656440404 -1
endloop
endfacet
facet normal -0.8819212643483494 0.47139673682600847 0
outer loop
vertex 103.29440883690768 32.833289300941196 0
vertex 103.57163859753385 33.35194970290467 0
vertex 103.57163859753405 33.35194970290466 -1.0000000000000004
endloop
endfacet
facet normal -0.8819212643483494 0.47139673682600847 0
outer loop
vertex 103.29440883690768 32.833289300941196 0
vertex 103.57163859753405 33.35194970290466 -1.0000000000000004
vertex 103.29440883690737 32.83328930094143 -1
endloop
endfacet
facet normal -0.9569403357322133 0.2902846772544479 0
outer loop
vertex 103.57163859753385 33.35194970290467 0
vertex 103.74235584120967 33.91472903395164 0
vertex 103.74235584120946 33.91472903395164 -1
endloop
endfacet
facet normal -0.9569403357322133 0.2902846772544479 0
outer loop
vertex 103.57163859753385 33.35194970290467 0
vertex 103.74235584120946 33.91472903395164 -1
vertex 103.57163859753405 33.35194970290466 -1.0000000000000004
endloop
endfacet
facet normal 0 0 -1
outer loop
vertex 6.15607225761357 46.2846282243225 -1
vertex 6.306146745891893 46.239103626009204 -1
vertex 6.444456186415286 46.16517568984233 -1
endloop
endfacet
facet normal 0 0 -1
outer loop
vertex 6.15607225761357 46.2846282243225 -1
vertex 6.444456186415286 46.16517568984233 -1
vertex 6.565685424950114 46.065685424948484 -1
endloop
endfacet
facet normal 0 0 -1
outer loop
vertex 6.15607225761357 46.2846282243225 -1
vertex 6.565685424950114 46.065685424948484 -1
vertex 6.6651756898411865 45.94445618641703 -1
endloop
endfacet
facet normal 0 0 -1
outer loop
vertex 6.15607225761357 46.2846282243225 -1
vertex 6.6651756898411865 45.94445618641703 -1
vertex 6.739103626009134 45.80614674589164 -1
endloop
endfacet
facet normal 0 0 -1
outer loop
vertex 6.15607225761357 46.2846282243225 -1
vertex 6.739103626009134 45.80614674589164 -1
vertex 6.784628224322539 45.65607225761297 -1
endloop
endfacet
facet normal 0 0 -1
outer loop
vertex 6.15607225761357 46.2846282243225 -1
vertex 6.784628224322539 45.65607225761297 -1
vertex 6.799999999999842 45.500000000001215 -1
endloop
endfacet
facet normal 0 0 -1
outer loop
vertex 6.15607225761357 46.2846282243225 -1
vertex 6.799999999999842 45.500000000001215 -1
vertex 6.784628224322253 45.34392774238654 -1
endloop
endfacet
facet normal 0 0 -1
outer loop
vertex 6.15607225761357 46.2846282243225 -1
vertex 6.784628224322253 45.34392774238654 -1
vertex 6.739103626008976 45.19385325410829 -1
endloop
endfacet
facet normal 0 0 -1
outer loop
vertex 6.15607225761357 46.2846282243225 -1
vertex 6.739103626008976 45.19385325410829 -1
vertex 6.665175689841689 45.05554381358414 -1
endloop
endfacet
facet normal 0 0 -1
outer loop
vertex 6.15607225761357 46.2846282243225 -1
vertex 6.665175689841689 45.05554381358414 -1
vertex 6.565685424948554 44.934314575050166 -1
endloop
endfacet
facet normal 0 0 -1
outer loop
vertex 6.15607225761357 46.2846282243225 -1
vertex 6.565685424948554 44.934314575050166 -1
vertex 6.44445618641605 44.834824310158226 -1
endloop
endfacet
facet normal 0 0 -1
outer loop
vertex 6.15607225761357 46.2846282243225 -1
vertex 6.44445618641605 44.834824310158226 -1
vertex 6.306146745891586 44.76089637399078 -1
endloop
endfacet
facet normal 0 0 -1
outer loop
vertex 6.15607225761357 46.2846282243225 -1
vertex 6.306146745891586 44.76089637399078 -1
vertex 6.156072257612851 44.71537177567736 -1
endloop
endfacet
facet normal 0 0 -1
outer loop
vertex 6.15607225761357 46.2846282243225 -1
vertex 6.156072257612851 44.71537177567736 -1
vertex 6.000000000000248 44.699999999999974 -1
endloop
endfacet
facet normal 0 0 -1
outer loop
vertex 6.15607225761357 46.2846282243225 -1
vertex 6.000000000000248 44.699999999999974 -1
vertex 5.843927742386991 44.71537177567736 -1
endloop
endfacet
facet normal 0 0 -1
outer loop
vertex 6.15607225761357 46.2846282243225 -1
vertex 5.843927742386991 44.71537177567736 -1
vertex 5.693853254107974 44.76089637399078 -1
endloop
endfacet
facet normal 0 0 -1
outer loop
vertex 6.15607225761357 46.2846282243225 -1
vertex 5.693853254107974 44.76089637399078 -1
vertex 5.555543813584368 44.834824310158226 -1
endloop
endfacet
facet normal 0 0 -1
outer loop
vertex 6.15607225761357 46.2846282243225 -1
vertex 5.555543813584368 44.834824310158226 -1
vertex 5.434314575051583 44.934314575050166 -1
endloop
endfacet
facet normal 0 0 -1
outer loop
vertex 6.15607225761357 46.2846282243225 -1
vertex 5.434314575051583 44.934314575050166 -1
vertex 5.334824310157717 45.05554381358414 -1
endloop
endfacet
facet normal 0 0 -1
outer loop
vertex 6.15607225761357 46.2846282243225 -1
vertex 5.334824310157717 45.05554381358414 -1
vertex 5.260896373990791 45.19385325410829 -1
endloop
endfacet
facet normal 0 0 -1
outer loop
vertex 6.15607225761357 46.2846282243225 -1
vertex 5.260896373990791 45.19385325410829 -1
vertex 5.215371775677399 45.34392774238654 -1
endloop
endfacet
facet normal 0 0 -1
outer loop
vertex 6.15607225761357 46.2846282243225 -1
vertex 5.215371775677399 45.34392774238654 -1
vertex 5.200000000000028 45.500000000001215 -1
endloop
endfacet
facet normal 0 0 -1
outer loop
vertex 6.15607225761357 46.2846282243225 -1
vertex 5.200000000000028 45.500000000001215 -1
vertex 5.21537177567742 45.65607225761297 -1
endloop
endfacet
facet normal 0 0 -1
outer loop
vertex 6.15607225761357 46.2846282243225 -1
vertex 5.21537177567742 45.65607225761297 -1
vertex 5.260896373991407 45.80614674589164 -1
endloop
endfacet
facet normal 0 0 -1
outer loop
vertex 6.15607225761357 46.2846282243225 -1
vertex 5.260896373991407 45.80614674589164 -1
vertex 5.334824310157637 45.94445618641703 -1
endloop
endfacet
facet normal 0 0 -1
outer loop
vertex 6.15607225761357 46.2846282243225 -1
vertex 5.334824310157637 45.94445618641703 -1
vertex 5.434314575051499 46.065685424948484 -1
endloop
endfacet
facet normal 0 0 -1
outer loop
vertex 6.15607225761357 46.2846282243225 -1
vertex 5.434314575051499 46.065685424948484 -1
vertex 5.555543813584036 46.16517568984233 -1
endloop
endfacet
facet normal 0 0 -1
outer loop
vertex 6.15607225761357 46.2846282243225 -1
vertex 5.555543813584036 46.16517568984233 -1
vertex 5.693853254108753 46.239103626009204 -1
endloop
endfacet
facet normal 0 0 -1
outer loop
vertex 6.15607225761357 46.2846282243225 -1
vertex 5.693853254108753 46.239103626009204 -1
vertex 5.843927742386556 46.2846282243225 -1
endloop
endfacet
facet normal 0 0 -1
outer loop
vertex 6.15607225761357 46.2846282243225 -1
vertex 5.843927742386556 46.2846282243225 -1
vertex 6.000000000000133 46.29999999999997 -1
endloop
endfacet
facet normal 0 0 -1
outer loop
vertex 63.156072257614014 32.28462822432242 -1
vertex 63.30614674589111 32.239103626009495 -1
vertex 63.444456186415444 32.16517568984212 -1
endloop
endfacet
facet normal 0 0 -1
outer loop
vertex 63.156072257614014 32.28462822432242 -1
vertex 63.444456186415444 32.16517568984212 -1
vertex 63.56568542494932 32.06568542494905 -1
endloop
endfacet
facet normal 0 0 -1
outer loop
vertex 63.156072257614014 32.28462822432242 -1
vertex 63.56568542494932 32.06568542494905 -1
vertex 63.66517568984205 31.944456186415582 -1
endloop
endfacet
facet normal 0 0 -1
outer loop
vertex 63.156072257614014 32.28462822432242 -1
vertex 63.66517568984205 31.944456186415582 -1
vertex 63.739103626009154 31.806146745891766 -1
endloop
endfacet
facet normal 0 0 -1
outer loop
vertex 63.156072257614014 32.28462822432242 -1
vertex 63.739103626009154 31.806146745891766 -1
vertex 63.78462822432259 31.656072257612983 -1
endloop
endfacet
facet normal 0 0 -1
outer loop
vertex 63.156072257614014 32.28462822432242 -1
vertex 63.78462822432259 31.656072257612983 -1
vertex 63.799999999999976 31.500000000000384 -1
endloop
endfacet
facet normal 0 0 -1
outer loop
vertex 63.156072257614014 32.28462822432242 -1
vertex 63.799999999999976 31.500000000000384 -1
vertex 63.78462822432255 31.343927742387393 -1
endloop
endfacet
facet normal 0 0 -1
outer loop
vertex 63.156072257614014 32.28462822432242 -1
vertex 63.78462822432255 31.343927742387393 -1
vertex 63.73910362600885 31.19385325410773 -1
endloop
endfacet
facet normal 0 0 -1
outer loop
vertex 63.156072257614014 32.28462822432242 -1
vertex 63.73910362600885 31.19385325410773 -1
vertex 63.66517568984177 31.055543813583945 -1
endloop
endfacet
facet normal 0 0 -1
outer loop
vertex 63.156072257614014 32.28462822432242 -1
vertex 63.66517568984177 31.055543813583945 -1
vertex 63.56568542494977 30.93431457505137 -1
endloop
endfacet
facet normal 0 0 -1
outer loop
vertex 63.156072257614014 32.28462822432242 -1
vertex 63.56568542494977 30.93431457505137 -1
vertex 63.444456186414506 30.834824310157167 -1
endloop
endfacet
facet normal 0 0 -1
outer loop
vertex 63.156072257614014 32.28462822432242 -1
vertex 63.444456186414506 30.834824310157167 -1
vertex 63.3061467458932 30.760896373991407 -1
endloop
endfacet
facet normal 0 0 -1
outer loop
vertex 63.156072257614014 32.28462822432242 -1
vertex 63.3061467458932 30.760896373991407 -1
vertex 63.15607225761284 30.71537177567749 -1
endloop
endfacet
facet normal 0 0 -1
outer loop
vertex 63.156072257614014 32.28462822432242 -1
vertex 63.15607225761284 30.71537177567749 -1
vertex 62.999999999999346 30.700000000000014 -1
endloop
endfacet
facet normal 0 0 -1
outer loop
vertex 63.156072257614014 32.28462822432242 -1
vertex 62.999999999999346 30.700000000000014 -1
vertex 62.843927742386875 30.71537177567749 -1
endloop
endfacet
facet normal 0 0 -1
outer loop
vertex 63.156072257614014 32.28462822432242 -1
vertex 62.843927742386875 30.71537177567749 -1
vertex 62.693853254108156 30.760896373991407 -1
endloop
endfacet
facet normal 0 0 -1
outer loop
vertex 63.156072257614014 32.28462822432242 -1
vertex 62.693853254108156 30.760896373991407 -1
vertex 62.555543813584976 30.834824310157167 -1
endloop
endfacet
facet normal 0 0 -1
outer loop
vertex 63.156072257614014 32.28462822432242 -1
vertex 62.555543813584976 30.834824310157167 -1
vertex 62.43431457505033 30.93431457505137 -1
endloop
endfacet
facet normal 0 0 -1
outer loop
vertex 63.156072257614014 32.28462822432242 -1
vertex 62.43431457505033 30.93431457505137 -1
vertex 62.33482431015837 31.055543813583945 -1
endloop
endfacet
facet normal 0 0 -1
outer loop
vertex 63.156072257614014 32.28462822432242 -1
vertex 62.33482431015837 31.055543813583945 -1
vertex 62.26089637399085 31.19385325410773 -1
endloop
endfacet
facet normal 0 0 -1
outer loop
vertex 63.156072257614014 32.28462822432242 -1
vertex 62.26089637399085 31.19385325410773 -1
vertex 62.21537177567745 31.343927742387393 -1
endloop
endfacet
facet normal 0 0 -1
outer loop
vertex 63.156072257614014 32.28462822432242 -1
vertex 62.21537177567745 31.343927742387393 -1
vertex 62.19999999999998 31.500000000000384 -1
endloop
endfacet
facet normal 0 0 -1
outer loop
vertex 63.156072257614014 32.28462822432242 -1
vertex 62.19999999999998 31.500000000000384 -1
vertex 62.21537177567737 31.656072257612983 -1
endloop
endfacet
facet normal 0 0 -1
outer loop
vertex 63.156072257614014 32.28462822432242 -1
vertex 62.21537177567737 31.656072257612983 -1
vertex 62.260896373990846 31.806146745891766 -1
endloop
endfacet
facet normal 0 0 -1
outer loop
vertex 63.156072257614014 32.28462822432242 -1
vertex 62.260896373990846 31.806146745891766 -1
vertex 62.334824310157614 31.944456186415582 -1
endloop
endfacet
facet normal 0 0 -1
outer loop
vertex 63.156072257614014 32.28462822432242 -1
vertex 62.334824310157614 31.944456186415582 -1
vertex 62.43431457505027 32.06568542494905 -1
endloop
endfacet
facet normal 0 0 -1
outer loop
vertex 63.156072257614014 32.28462822432242 -1
vertex 62.43431457505027 32.06568542494905 -1
vertex 62.55554381358503 32.16517568984212 -1
endloop
endfacet
facet normal 0 0 -1
outer loop
vertex 63.156072257614014 32.28462822432242 -1
vertex 62.55554381358503 32.16517568984212 -1
vertex 62.693853254107594 32.239103626009495 -1
endloop
endfacet
facet normal 0 0 -1
outer loop
vertex 63.156072257614014 32.28462822432242 -1
vertex 62.693853254107594 32.239103626009495 -1
vertex 62.84392774238795 32.28462822432242 -1
endloop
endfacet
facet normal 0 0 -1
outer loop
vertex 63.156072257614014 32.28462822432242 -1
vertex 62.84392774238795 32.28462822432242 -1
vertex 62.999999999999375 32.300000000000004 -1
endloop
endfacet
facet normal 0 0 -1
outer loop
vertex 13.156072257612978 -4.7153717756775135 -1
vertex 13.306146745891684 -4.760896373990812 -1
vertex 13.444456186416149 -4.83482431015831 -1
endloop
endfacet
facet normal 0 0 -1
outer loop
vertex 13.156072257612978 -4.7153717756775135 -1
vertex 13.444456186416149 -4.83482431015831 -1
vertex 13.56568542494885 -4.934314575050406 -1
endloop
endfacet
facet normal 0 0 -1
outer loop
vertex 13.156072257612978 -4.7153717756775135 -1
vertex 13.56568542494885 -4.934314575050406 -1
vertex 13.665175689842261 -5.055543813584713 -1
endloop
endfacet
facet normal 0 0 -1
outer loop
vertex 13.156072257612978 -4.7153717756775135 -1
vertex 13.665175689842261 -5.055543813584713 -1
vertex 13.739103626008893 -5.193853254107644 -1
endloop
endfacet
facet normal 0 0 -1
outer loop
vertex 13.156072257612978 -4.7153717756775135 -1
vertex 13.739103626008893 -5.193853254107644 -1
vertex 13.78462822432259 -5.343927742387283 -1
endloop
endfacet
facet normal 0 0 -1
outer loop
vertex 13.156072257612978 -4.7153717756775135 -1
vertex 13.78462822432259 -5.343927742387283 -1
vertex 13.799999999999995 -5.500000000000069 -1
endloop
endfacet
facet normal 0 0 -1
outer loop
vertex 13.156072257612978 -4.7153717756775135 -1
vertex 13.799999999999995 -5.500000000000069 -1
vertex 13.784628224322578 -5.656072257612997 -1
endloop
endfacet
facet normal 0 0 -1
outer loop
vertex 13.156072257612978 -4.7153717756775135 -1
vertex 13.784628224322578 -5.656072257612997 -1
vertex 13.739103626009076 -5.806146745891989 -1
endloop
endfacet
facet normal 0 0 -1
outer loop
vertex 13.156072257612978 -4.7153717756775135 -1
vertex 13.739103626009076 -5.806146745891989 -1
vertex 13.665175689842002 -5.944456186415749 -1
endloop
endfacet
facet normal 0 0 -1
outer loop
vertex 13.156072257612978 -4.7153717756775135 -1
vertex 13.665175689842002 -5.944456186415749 -1
vertex 13.565685424949283 -6.065685424949212 -1
endloop
endfacet
facet normal 0 0 -1
outer loop
vertex 13.156072257612978 -4.7153717756775135 -1
vertex 13.565685424949283 -6.065685424949212 -1
vertex 13.444456186415984 -6.165175689841798 -1
endloop
endfacet
facet normal 0 0 -1
outer loop
vertex 13.156072257612978 -4.7153717756775135 -1
vertex 13.444456186415984 -6.165175689841798 -1
vertex 13.30614674589181 -6.239103626009093 -1
endloop
endfacet
facet normal 0 0 -1
outer loop
vertex 13.156072257612978 -4.7153717756775135 -1
vertex 13.30614674589181 -6.239103626009093 -1
vertex 13.15607225761285 -6.284628224322584 -1
endloop
endfacet
facet normal 0 0 -1
outer loop
vertex 13.156072257612978 -4.7153717756775135 -1
vertex 13.15607225761285 -6.284628224322584 -1
vertex 12.999999999999826 -6.300000000000011 -1
endloop
endfacet
facet normal 0 0 -1
outer loop
vertex 13.156072257612978 -4.7153717756775135 -1
vertex 12.999999999999826 -6.300000000000011 -1
vertex 12.843927742387253 -6.284628224322584 -1
endloop
endfacet
facet normal 0 0 -1
outer loop
vertex 13.156072257612978 -4.7153717756775135 -1
vertex 12.843927742387253 -6.284628224322584 -1
vertex 12.69385325410802 -6.239103626009093 -1
endloop
endfacet
facet normal 0 0 -1
outer loop
vertex 13.156072257612978 -4.7153717756775135 -1
vertex 12.69385325410802 -6.239103626009093 -1
vertex 12.555543813584261 -6.165175689841798 -1
endloop
endfacet
facet normal 0 0 -1
outer loop
vertex 13.156072257612978 -4.7153717756775135 -1
vertex 12.555543813584261 -6.165175689841798 -1
vertex 12.434314575050783 -6.065685424949212 -1
endloop
endfacet
facet normal 0 0 -1
outer loop
vertex 13.156072257612978 -4.7153717756775135 -1
vertex 12.434314575050783 -6.065685424949212 -1
vertex 12.334824310157986 -5.944456186415749 -1
endloop
endfacet
facet normal 0 0 -1
outer loop
vertex 13.156072257612978 -4.7153717756775135 -1
vertex 12.334824310157986 -5.944456186415749 -1
vertex 12.260896373991018 -5.806146745891989 -1
endloop
endfacet
facet normal 0 0 -1
outer loop
vertex 13.156072257612978 -4.7153717756775135 -1
vertex 12.260896373991018 -5.806146745891989 -1
vertex 12.215371775677385 -5.656072257612997 -1
endloop
endfacet
facet normal 0 0 -1
outer loop
vertex 13.156072257612978 -4.7153717756775135 -1
vertex 12.215371775677385 -5.656072257612997 -1
vertex 12.199999999999987 -5.500000000000069 -1
endloop
endfacet
facet normal 0 0 -1
outer loop
vertex 13.156072257612978 -4.7153717756775135 -1
vertex 12.199999999999987 -5.500000000000069 -1
vertex 12.2153717756774 -5.343927742387283 -1
endloop
endfacet
facet normal 0 0 -1
outer loop
vertex 13.156072257612978 -4.7153717756775135 -1
vertex 12.2153717756774 -5.343927742387283 -1
vertex 12.26089637399085 -5.193853254107644 -1
endloop
endfacet
facet normal 0 0 -1
outer loop
vertex 13.156072257612978 -4.7153717756775135 -1
vertex 12.26089637399085 -5.193853254107644 -1
vertex 12.334824310157735 -5.055543813584713 -1
endloop
endfacet
facet normal 0 0 -1
outer loop
vertex 13.156072257612978 -4.7153717756775135 -1
vertex 12.334824310157735 -5.055543813584713 -1
vertex 12.434314575051289 -4.934314575050406 -1
endloop
endfacet
facet normal 0 0 -1
outer loop
vertex 13.156072257612978 -4.7153717756775135 -1
vertex 12.434314575051289 -4.934314575050406 -1
vertex 12.55554381358448 -4.83482431015831 -1
endloop
endfacet
facet normal 0 0 -1
outer loop
vertex 13.156072257612978 -4.7153717756775135 -1
vertex 12.55554381358448 -4.83482431015831 -1
vertex 12.69385325410828 -4.760896373990812 -1
endloop
endfacet
facet normal 0 0 -1
outer loop
vertex 13.156072257612978 -4.7153717756775135 -1
vertex 12.69385325410828 -4.760896373990812 -1
vertex 12.843927742386606 -4.7153717756775135 -1
endloop
endfacet
facet normal 0 0 -1
outer loop
vertex 13.156072257612978 -4.7153717756775135 -1
vertex 12.843927742386606 -4.7153717756775135 -1
vertex 13.000000000000131 -4.700000000000037 -1
endloop
endfacet
facet normal 0 0 -1
outer loop
vertex 85.6560722576115 -8.215371775677411 -1
vertex 85.80614674589397 -8.260896373990203 -1
vertex 85.94445618641423 -8.334824310157934 -1
endloop
endfacet
facet normal 0 0 -1
outer loop
vertex 85.6560722576115 -8.215371775677411 -1
vertex 85.94445618641423 -8.334824310157934 -1
vertex 86.0656854249489 -8.434314575051264 -1
endloop
endfacet
facet normal 0 0 -1
outer loop
vertex 85.6560722576115 -8.215371775677411 -1
vertex 86.0656854249489 -8.434314575051264 -1
vertex 86.16517568984236 -8.555543813583654 -1
endloop
endfacet
facet normal 0 0 -1
outer loop
vertex 85.6560722576115 -8.215371775677411 -1
vertex 86.16517568984236 -8.555543813583654 -1
vertex 86.23910362600893 -8.693853254107928 -1
endloop
endfacet
facet normal 0 0 -1
outer loop
vertex 85.6560722576115 -8.215371775677411 -1
vertex 86.23910362600893 -8.693853254107928 -1
vertex 86.28462822432274 -8.843927742386755 -1
endloop
endfacet
facet normal 0 0 -1
outer loop
vertex 85.6560722576115 -8.215371775677411 -1
vertex 86.28462822432274 -8.843927742386755 -1
vertex 86.30000000000004 -8.999999999999893 -1
endloop
endfacet
facet normal 0 0 -1
outer loop
vertex 85.6560722576115 -8.215371775677411 -1
vertex 86.30000000000004 -8.999999999999893 -1
vertex 86.28462822432263 -9.156072257613662 -1
endloop
endfacet
facet normal 0 0 -1
outer loop
vertex 85.6560722576115 -8.215371775677411 -1
vertex 86.28462822432263 -9.156072257613662 -1
vertex 86.23910362600884 -9.306146745889347 -1
endloop
endfacet
facet normal 0 0 -1
outer loop
vertex 85.6560722576115 -8.215371775677411 -1
vertex 86.23910362600884 -9.306146745889347 -1
vertex 86.16517568984278 -9.444456186414465 -1
endloop
endfacet
facet normal 0 0 -1
outer loop
vertex 85.6560722576115 -8.215371775677411 -1
vertex 86.16517568984278 -9.444456186414465 -1
vertex 86.06568542494799 -9.565685424950452 -1
endloop
endfacet
facet normal 0 0 -1
outer loop
vertex 85.6560722576115 -8.215371775677411 -1
vertex 86.06568542494799 -9.565685424950452 -1
vertex 85.94445618641684 -9.665175689841266 -1
endloop
endfacet
facet normal 0 0 -1
outer loop
vertex 85.6560722576115 -8.215371775677411 -1
vertex 85.94445618641684 -9.665175689841266 -1
vertex 85.80614674588995 -9.739103626010023 -1
endloop
endfacet
facet normal 0 0 -1
outer loop
vertex 85.6560722576115 -8.215371775677411 -1
vertex 85.80614674588995 -9.739103626010023 -1
vertex 85.65607225761516 -9.784628224322246 -1
endloop
endfacet
facet normal 0 0 -1
outer loop
vertex 85.6560722576115 -8.215371775677411 -1
vertex 85.65607225761516 -9.784628224322246 -1
vertex 85.49999999999893 -9.799999999999988 -1
endloop
endfacet
facet normal 0 0 -1
outer loop
vertex 85.6560722576115 -8.215371775677411 -1
vertex 85.49999999999893 -9.799999999999988 -1
vertex 85.34392774238658 -9.784628224322246 -1
endloop
endfacet
facet normal 0 0 -1
outer loop
vertex 85.6560722576115 -8.215371775677411 -1
vertex 85.34392774238658 -9.784628224322246 -1
vertex 85.19385325410849 -9.739103626010023 -1
endloop
endfacet
facet normal 0 0 -1
outer loop
vertex 85.6560722576115 -8.215371775677411 -1
vertex 85.19385325410849 -9.739103626010023 -1
vertex 85.05554381358348 -9.665175689841266 -1
endloop
endfacet
facet normal 0 0 -1
outer loop
vertex 85.6560722576115 -8.215371775677411 -1
vertex 85.05554381358348 -9.665175689841266 -1
vertex 84.93431457505042 -9.565685424950452 -1
endloop
endfacet
facet normal 0 0 -1
outer loop
vertex 85.6560722576115 -8.215371775677411 -1
vertex 84.93431457505042 -9.565685424950452 -1
vertex 84.83482431016013 -9.444456186414465 -1
endloop
endfacet
facet normal 0 0 -1
outer loop
vertex 85.6560722576115 -8.215371775677411 -1
vertex 84.83482431016013 -9.444456186414465 -1
vertex 84.76089637399004 -9.306146745889347 -1
endloop
endfacet
facet normal 0 0 -1
outer loop
vertex 85.6560722576115 -8.215371775677411 -1
vertex 84.76089637399004 -9.306146745889347 -1
vertex 84.71537177567753 -9.156072257613662 -1
endloop
endfacet
facet normal 0 0 -1
outer loop
vertex 85.6560722576115 -8.215371775677411 -1
vertex 84.71537177567753 -9.156072257613662 -1
vertex 84.70000000000003 -8.999999999999893 -1
endloop
endfacet
facet normal 0 0 -1
outer loop
vertex 85.6560722576115 -8.215371775677411 -1
vertex 84.70000000000003 -8.999999999999893 -1
vertex 84.71537177567747 -8.843927742386755 -1
endloop
endfacet
facet normal 0 0 -1
outer loop
vertex 85.6560722576115 -8.215371775677411 -1
vertex 84.71537177567747 -8.843927742386755 -1
vertex 84.76089637399093 -8.693853254107928 -1
endloop
endfacet
facet normal 0 0 -1
outer loop
vertex 85.6560722576115 -8.215371775677411 -1
vertex 84.76089637399093 -8.693853254107928 -1
vertex 84.83482431015828 -8.555543813583654 -1
endloop
endfacet
facet normal 0 0 -1
outer loop
vertex 85.6560722576115 -8.215371775677411 -1
vertex 84.83482431015828 -8.555543813583654 -1
vertex 84.93431457505011 -8.434314575051264 -1
endloop
endfacet
facet normal 0 0 -1
outer loop
vertex 85.6560722576115 -8.215371775677411 -1
vertex 84.93431457505011 -8.434314575051264 -1
vertex 85.05554381358432 -8.334824310157934 -1
endloop
endfacet
facet normal 0 0 -1
outer loop
vertex 85.6560722576115 -8.215371775677411 -1
vertex 85.05554381358432 -8.334824310157934 -1
vertex 85.1938532541093 -8.260896373990203 -1
endloop
endfacet
facet normal 0 0 -1
outer loop
vertex 85.6560722576115 -8.215371775677411 -1
vertex 85.1938532541093 -8.260896373990203 -1
vertex 85.34392774238596 -8.215371775677411 -1
endloop
endfacet
facet normal 0 0 -1
outer loop
vertex 85.6560722576115 -8.215371775677411 -1
vertex 85.34392774238596 -8.215371775677411 -1
vertex 85.49999999999918 -8.199999999999966 -1
endloop
endfacet
facet normal 0 0 1
outer loop
vertex 59.507760504368726 52.500000177581335 -2
vertex 7.162284149999999 52.500004150000024 -2
vertex 7.162210152335465 52.500000177581335 -2
endloop
endfacet
facet normal 0 0 1
outer loop
vertex 59.507760504368726 52.500000177581335 -2
vertex 7.162210152335465 52.500000177581335 -2
vertex 7.162284149999999 52.500004150000024 -2
endloop
endfacet
facet normal 0 0 -1
outer loop
vertex 82.00000000000362 51.000000009771725 -2
vertex 82.17364817766574 50.98480775301257 -2
vertex 82.3420201433279 50.93969262078535 -2
endloop
endfacet
facet normal 0 0 -1
outer loop
vertex 82.00000000000362 51.000000009771725 -2
vertex 82.3420201433279 50.93969262078535 -2
vertex 82.49999999999824 50.86602540378575 -2
endloop
endfacet
facet normal 0 0 -1
outer loop
vertex 82.00000000000362 51.000000009771725 -2
vertex 82.49999999999824 50.86602540378575 -2
vertex 82.64278760968627 50.76604444311924 -2
endloop
endfacet
facet normal 0 0 -1
outer loop
vertex 82.00000000000362 51.000000009771725 -2
vertex 82.64278760968627 50.76604444311924 -2
vertex 82.76604444311874 50.642787609686756 -2
endloop
endfacet
facet normal 0 0 -1
outer loop
vertex 82.00000000000362 51.000000009771725 -2
vertex 82.76604444311874 50.642787609686756 -2
vertex 82.86602540378362 50.500000000001044 -2
endloop
endfacet
facet normal 0 0 -1
outer loop
vertex 82.00000000000362 51.000000009771725 -2
vertex 82.86602540378362 50.500000000001044 -2
vertex 82.9396926207864 50.34202014332392 -2
endloop
endfacet
facet normal 0 0 -1
outer loop
vertex 82.00000000000362 51.000000009771725 -2
vertex 82.9396926207864 50.34202014332392 -2
vertex 82.98480775301157 50.17364817766945 -2
endloop
endfacet
facet normal 0 0 -1
outer loop
vertex 82.00000000000362 51.000000009771725 -2
vertex 82.98480775301157 50.17364817766945 -2
vertex 83 49.999999999995275 -2
endloop
endfacet
facet normal 0 0 -1
outer loop
vertex 82.00000000000362 51.000000009771725 -2
vertex 83 49.999999999995275 -2
vertex 83 47.000000000000014 -2
endloop
endfacet
facet normal 0 0 -1
outer loop
vertex 82.00000000000362 51.000000009771725 -2
vertex 83 47.000000000000014 -2
vertex 5.999999999999793 47.000000000000014 -2
endloop
endfacet
facet normal 0 0 -1
outer loop
vertex 82.00000000000362 51.000000009771725 -2
vertex 5.999999999999793 47.000000000000014 -2
vertex -4.999990474726974 47.000000000000014 -2
endloop
endfacet
facet normal 0 0 -1
outer loop
vertex 82.00000000000362 51.000000009771725 -2
vertex -4.999990474726974 47.000000000000014 -2
vertex 6.846049900000168 50.94868330000014 -2
endloop
endfacet
facet normal 0 0 -1
outer loop
vertex 82.00000000000362 51.000000009771725 -2
vertex 6.846049900000168 50.94868330000014 -2
vertex 6.949417304087703 50.97708320316858 -2
endloop
endfacet
facet normal 0 0 -1
outer loop
vertex 82.00000000000362 51.000000009771725 -2
vertex 6.949417304087703 50.97708320316858 -2
vertex 7.055236010963625 50.99425565458798 -2
endloop
endfacet
facet normal 0 0 -1
outer loop
vertex 82.00000000000362 51.000000009771725 -2
vertex 7.055236010963625 50.99425565458798 -2
vertex 7.1622849499990755 51.000000009771725 -2
endloop
endfacet
facet normal 0 0 -1
outer loop
vertex 5.999999999999793 47.000000000000014 -2
vertex 5.707364516974741 46.971177920604774 -2
vertex -5.086456643386191 46.971177920604774 -2
endloop
endfacet
facet normal 0 0 -1
outer loop
vertex 5.999999999999793 47.000000000000014 -2
vertex -5.086456643386191 46.971177920604774 -2
vertex -4.999990474726974 47.000000000000014 -2
endloop
endfacet
facet normal 0 0 -1
outer loop
vertex 83 47.000000000000014 -2
vertex 83 46.971177920604774 -2
vertex 6.2926354830248785 46.971177920604774 -2
endloop
endfacet
facet normal 0 0 -1
outer loop
vertex 83 47.000000000000014 -2
vertex 6.2926354830248785 46.971177920604774 -2
vertex 5.999999999999793 47.000000000000014 -2
endloop
endfacet
facet normal 0 0 -1
outer loop
vertex 5.707364516974741 46.971177920604774 -2
vertex 5.425974851453406 46.885819298767274 -2
vertex -5.34253230299101 46.885819298767274 -2
endloop
endfacet
facet normal 0 0 -1
outer loop
vertex 5.707364516974741 46.971177920604774 -2
vertex -5.34253230299101 46.885819298767274 -2
vertex -5.086456643386191 46.971177920604774 -2
endloop
endfacet
facet normal 0 0 -1
outer loop
vertex 83 46.971177920604774 -2
vertex 83 46.885819298767274 -2
vertex 6.574025148546948 46.885819298767274 -2
endloop
endfacet
facet normal 0 0 -1
outer loop
vertex 83 46.971177920604774 -2
vertex 6.574025148546948 46.885819298767274 -2
vertex 6.2926354830248785 46.971177920604774 -2
endloop
endfacet
facet normal 0 0 -1
outer loop
vertex 5.425974851453406 46.885819298767274 -2
vertex 5.1666446504706505 46.74720441845375 -2
vertex -5.758376609555661 46.74720441845375 -2
endloop
endfacet
facet normal 0 0 -1
outer loop
vertex 5.425974851453406 46.885819298767274 -2
vertex -5.758376609555661 46.74720441845375 -2
vertex -5.34253230299101 46.885819298767274 -2
endloop
endfacet
facet normal 0 0 -1
outer loop
vertex 83 46.885819298767274 -2
vertex 83 46.74720441845375 -2
vertex 6.833355349529485 46.74720441845375 -2
endloop
endfacet
facet normal 0 0 -1
outer loop
vertex 83 46.885819298767274 -2
vertex 6.833355349529485 46.74720441845375 -2
vertex 6.574025148546948 46.885819298767274 -2
endloop
endfacet
facet normal 0 0 -1
outer loop
vertex 5.1666446504706505 46.74720441845375 -2
vertex 4.939339828221054 46.56066017178046 -2
vertex -6.318008899581231 46.56066017178046 -2
endloop
endfacet
facet normal 0 0 -1
outer loop
vertex 5.1666446504706505 46.74720441845375 -2
vertex -6.318008899581231 46.56066017178046 -2
vertex -5.758376609555661 46.74720441845375 -2
endloop
endfacet
facet normal 0 0 -1
outer loop
vertex 83 46.74720441845375 -2
vertex 83 46.56066017178046 -2
vertex 7.060660171779037 46.56066017178046 -2
endloop
endfacet
facet normal 0 0 -1
outer loop
vertex 83 46.74720441845375 -2
vertex 7.060660171779037 46.56066017178046 -2
vertex 6.833355349529485 46.74720441845375 -2
endloop
endfacet
facet normal 0 0 -1
outer loop
vertex 4.939339828221054 46.56066017178046 -2
vertex 4.752795581545384 46.33335534952853 -2
vertex -6.999922818017402 46.33335534952853 -2
endloop
endfacet
facet normal 0 0 -1
outer loop
vertex 4.939339828221054 46.56066017178046 -2
vertex -6.999922818017402 46.33335534952853 -2
vertex -6.318008899581231 46.56066017178046 -2
endloop
endfacet
facet normal 0 0 -1
outer loop
vertex 83 46.56066017178046 -2
vertex 83 46.33335534952853 -2
vertex 7.247204418454276 46.33335534952853 -2
endloop
endfacet
facet normal 0 0 -1
outer loop
vertex 83 46.56066017178046 -2
vertex 7.247204418454276 46.33335534952853 -2
vertex 7.060660171779037 46.56066017178046 -2
endloop
endfacet
facet normal 0 0 -1
outer loop
vertex 4.752795581545384 46.33335534952853 -2
vertex 4.6141807012330815 46.07402514854743 -2
vertex -7.777912795387373 46.07402514854743 -2
endloop
endfacet
facet normal 0 0 -1
outer loop
vertex 4.752795581545384 46.33335534952853 -2
vertex -7.777912795387373 46.07402514854743 -2
vertex -6.999922818017402 46.33335534952853 -2
endloop
endfacet
facet normal 0 0 -1
outer loop
vertex 83 46.33335534952853 -2
vertex 83 46.07402514854743 -2
vertex 7.3858192987670295 46.07402514854743 -2
endloop
endfacet
facet normal 0 0 -1
outer loop
vertex 83 46.33335534952853 -2
vertex 7.3858192987670295 46.07402514854743 -2
vertex 7.247204418454276 46.33335534952853 -2
endloop
endfacet
facet normal 0 0 -1
outer loop
vertex 4.6141807012330815 46.07402514854743 -2
vertex 4.528822079395047 45.792635483024235 -2
vertex -8.62208111317032 45.792635483024235 -2
endloop
endfacet
facet normal 0 0 -1
outer loop
vertex 4.6141807012330815 46.07402514854743 -2
vertex -8.62208111317032 45.792635483024235 -2
vertex -7.777912795387373 46.07402514854743 -2
endloop
endfacet
facet normal 0 0 -1
outer loop
vertex 83 46.07402514854743 -2
vertex 83 45.792635483024235 -2
vertex 7.4711779206048705 45.792635483024235 -2
endloop
endfacet
facet normal 0 0 -1
outer loop
vertex 83 46.07402514854743 -2
vertex 7.4711779206048705 45.792635483024235 -2
vertex 7.3858192987670295 46.07402514854743 -2
endloop
endfacet
facet normal 0 0 -1
outer loop
vertex 4.528822079395047 45.792635483024235 -2
vertex 4.499999999999965 45.50000000000002 -2
vertex -9.49998685632841 45.50000000000002 -2
endloop
endfacet
facet normal 0 0 -1
outer loop
vertex 4.528822079395047 45.792635483024235 -2
vertex -9.49998685632841 45.50000000000002 -2
vertex -8.62208111317032 45.792635483024235 -2
endloop
endfacet
facet normal 0 0 -1
outer loop
vertex 83 45.792635483024235 -2
vertex 83 45.50000000000002 -2
vertex 7.499999999999985 45.50000000000002 -2
endloop
endfacet
facet normal 0 0 -1
outer loop
vertex 83 45.792635483024235 -2
vertex 7.499999999999985 45.50000000000002 -2
vertex 7.4711779206048705 45.792635483024235 -2
endloop
endfacet
facet normal 0 0 -1
outer loop
vertex 4.499999999999965 45.50000000000002 -2
vertex 4.528822079395193 45.20736451697591 -2
vertex -10.364870290306197 45.20736451697591 -2
endloop
endfacet
facet normal 0 0 -1
outer loop
vertex 4.499999999999965 45.50000000000002 -2
vertex -10.364870290306197 45.20736451697591 -2
vertex -10.316225000000326 45.22792039999995 -2
endloop
endfacet
facet normal 0 0 -1
outer loop
vertex 4.499999999999965 45.50000000000002 -2
vertex -10.316225000000326 45.22792039999995 -2
vertex -9.49998685632841 45.50000000000002 -2
endloop
endfacet
facet normal 0 0 -1
outer loop
vertex 83 45.50000000000002 -2
vertex 83 45.20736451697591 -2
vertex 7.4711779206048 45.20736451697591 -2
endloop
endfacet
facet normal 0 0 -1
outer loop
vertex 83 45.50000000000002 -2
vertex 7.4711779206048 45.20736451697591 -2
vertex 7.499999999999985 45.50000000000002 -2
endloop
endfacet
facet normal 0 0 -1
outer loop
vertex 4.528822079395193 45.20736451697591 -2
vertex 4.614180701233245 44.925974851451954 -2
vertex -10.758724895421953 44.925974851451954 -2
endloop
endfacet
facet normal 0 0 -1
outer loop
vertex 4.528822079395193 45.20736451697591 -2
vertex -10.758724895421953 44.925974851451954 -2
vertex -10.710453563213667 44.98298364407177 -2
endloop
endfacet
facet normal 0 0 -1
outer loop
vertex 4.528822079395193 45.20736451697591 -2
vertex -10.710453563213667 44.98298364407177 -2
vertex -10.592380680056618 45.08489638636408 -2
endloop
endfacet
facet normal 0 0 -1
outer loop
vertex 4.528822079395193 45.20736451697591 -2
vertex -10.592380680056618 45.08489638636408 -2
vertex -10.459896829209084 45.167209459711664 -2
endloop
endfacet
facet normal 0 0 -1
outer loop
vertex 4.528822079395193 45.20736451697591 -2
vertex -10.459896829209084 45.167209459711664 -2
vertex -10.364870290306197 45.20736451697591 -2
endloop
endfacet
facet normal 0 0 -1
outer loop
vertex 83 45.20736451697591 -2
vertex 83 44.925974851451954 -2
vertex 7.385819298766729 44.925974851451954 -2
endloop
endfacet
facet normal 0 0 -1
outer loop
vertex 83 45.20736451697591 -2
vertex 7.385819298766729 44.925974851451954 -2
vertex 7.4711779206048 45.20736451697591 -2
endloop
endfacet
facet normal 0 0 -1
outer loop
vertex 4.614180701233245 44.925974851451954 -2
vertex 4.752795581546457 44.66664465047011 -2
vertex -10.918649503395834 44.66664465047011 -2
endloop
endfacet
facet normal 0 0 -1
outer loop
vertex 4.614180701233245 44.925974851451954 -2
vertex -10.918649503395834 44.66664465047011 -2
vertex -10.89229725520702 44.7306927409746 -2
endloop
endfacet
facet normal 0 0 -1
outer loop
vertex 4.614180701233245 44.925974851451954 -2
vertex -10.89229725520702 44.7306927409746 -2
vertex -10.811243070918223 44.8639505061797 -2
endloop
endfacet
facet normal 0 0 -1
outer loop
vertex 4.614180701233245 44.925974851451954 -2
vertex -10.811243070918223 44.8639505061797 -2
vertex -10.758724895421953 44.925974851451954 -2
endloop
endfacet
facet normal 0 0 -1
outer loop
vertex 83 44.925974851451954 -2
vertex 83 44.66664465047011 -2
vertex 7.247204418453744 44.66664465047011 -2
endloop
endfacet
facet normal 0 0 -1
outer loop
vertex 83 44.925974851451954 -2
vertex 7.247204418453744 44.66664465047011 -2
vertex 7.385819298766729 44.925974851451954 -2
endloop
endfacet
facet normal 0 0 -1
outer loop
vertex 4.752795581546457 44.66664465047011 -2
vertex 4.93933982821983 44.439339828220454 -2
vertex -10.986742418749731 44.439339828220454 -2
endloop
endfacet
facet normal 0 0 -1
outer loop
vertex 4.752795581546457 44.66664465047011 -2
vertex -10.986742418749731 44.439339828220454 -2
vertex -10.951644277485096 44.58645216511166 -2
endloop
endfacet
facet normal 0 0 -1
outer loop
vertex 4.752795581546457 44.66664465047011 -2
vertex -10.951644277485096 44.58645216511166 -2
vertex -10.918649503395834 44.66664465047011 -2
endloop
endfacet
facet normal 0 0 -1
outer loop
vertex 83 44.66664465047011 -2
vertex 83 44.439339828220454 -2
vertex 7.0606601717802535 44.439339828220454 -2
endloop
endfacet
facet normal 0 0 -1
outer loop
vertex 83 44.66664465047011 -2
vertex 7.0606601717802535 44.439339828220454 -2
vertex 7.247204418453744 44.66664465047011 -2
endloop
endfacet
facet normal 0 0 -1
outer loop
vertex 4.93933982821983 44.439339828220454 -2
vertex 5.166644650470759 44.25279558154604 -2
vertex -11 44.25279558154604 -2
endloop
endfacet
facet normal 0 0 -1
outer loop
vertex 4.93933982821983 44.439339828220454 -2
vertex -11 44.25279558154604 -2
vertex -11 44.2792408000021 -2
endloop
endfacet
facet normal 0 0 -1
outer loop
vertex 4.93933982821983 44.439339828220454 -2
vertex -11 44.2792408000021 -2
vertex -10.987840378245279 44.43473777861377 -2
endloop
endfacet
facet normal 0 0 -1
outer loop
vertex 4.93933982821983 44.439339828220454 -2
vertex -10.987840378245279 44.43473777861377 -2
vertex -10.986742418749731 44.439339828220454 -2
endloop
endfacet
facet normal 0 0 -1
outer loop
vertex 83 44.439339828220454 -2
vertex 83 44.25279558154604 -2
vertex 6.833355349528621 44.25279558154604 -2
endloop
endfacet
facet normal 0 0 -1
outer loop
vertex 83 44.439339828220454 -2
vertex 6.833355349528621 44.25279558154604 -2
vertex 7.0606601717802535 44.439339828220454 -2
endloop
endfacet
facet normal 0 0 -1
outer loop
vertex 5.166644650470759 44.25279558154604 -2
vertex 5.425974851451661 44.11418070123339 -2
vertex -11 44.11418070123339 -2
endloop
endfacet
facet normal 0 0 -1
outer loop
vertex 5.166644650470759 44.25279558154604 -2
vertex -11 44.11418070123339 -2
vertex -11 44.25279558154604 -2
endloop
endfacet
facet normal 0 0 -1
outer loop
vertex 83 44.25279558154604 -2
vertex 83 44.11418070123339 -2
vertex 6.574025148548191 44.11418070123339 -2
endloop
endfacet
facet normal 0 0 -1
outer loop
vertex 83 44.25279558154604 -2
vertex 6.574025148548191 44.11418070123339 -2
vertex 6.833355349528621 44.25279558154604 -2
endloop
endfacet
facet normal 0 0 -1
outer loop
vertex 5.425974851451661 44.11418070123339 -2
vertex 5.707364516976134 44.02882207939516 -2
vertex -11 44.02882207939516 -2
endloop
endfacet
facet normal 0 0 -1
outer loop
vertex 5.425974851451661 44.11418070123339 -2
vertex -11 44.02882207939516 -2
vertex -11 44.11418070123339 -2
endloop
endfacet
facet normal 0 0 -1
outer loop
vertex 83 44.11418070123339 -2
vertex 83 44.02882207939516 -2
vertex 6.292635483024036 44.02882207939516 -2
endloop
endfacet
facet normal 0 0 -1
outer loop
vertex 83 44.11418070123339 -2
vertex 6.292635483024036 44.02882207939516 -2
vertex 6.574025148548191 44.11418070123339 -2
endloop
endfacet
facet normal 0 0 -1
outer loop
vertex 5.707364516976134 44.02882207939516 -2
vertex 6.000000000000399 44 -2
vertex -11 44 -2
endloop
endfacet
facet normal 0 0 -1
outer loop
vertex 5.707364516976134 44.02882207939516 -2
vertex -11 44 -2
vertex -11 44.02882207939516 -2
endloop
endfacet
facet normal 0 0 -1
outer loop
vertex 83 44.02882207939516 -2
vertex 83 44 -2
vertex 6.000000000000399 44 -2
endloop
endfacet
facet normal 0 0 -1
outer loop
vertex 83 44.02882207939516 -2
vertex 6.000000000000399 44 -2
vertex 6.292635483024036 44.02882207939516 -2
endloop
endfacet
facet normal 0 0 -1
outer loop
vertex 6.000000000000399 44 -2
vertex 83 44 -2
vertex 83 40.00000000000258 -2
endloop
endfacet
facet normal 0 0 -1
outer loop
vertex 6.000000000000399 44 -2
vertex 83 40.00000000000258 -2
vertex -11 40.00000000000258 -2
endloop
endfacet
facet normal 0 0 -1
outer loop
vertex 6.000000000000399 44 -2
vertex -11 40.00000000000258 -2
vertex -11 44 -2
endloop
endfacet
facet normal 0 0 -1
outer loop
vertex 83 40.00000000000258 -2
vertex 83.01519224698808 39.826351822332335 -2
vertex -11 39.826351822332335 -2
endloop
endfacet
facet normal 0 0 -1
outer loop
vertex 83 40.00000000000258 -2
vertex -11 39.826351822332335 -2
vertex -11 40.00000000000258 -2
endloop
endfacet
facet normal 0 0 -1
outer loop
vertex 83.01519224698808 39.826351822332335 -2
vertex 83.06030737921424 39.65797985667413 -2
vertex -11 39.65797985667413 -2
endloop
endfacet
facet normal 0 0 -1
outer loop
vertex 83.01519224698808 39.826351822332335 -2
vertex -11 39.65797985667413 -2
vertex -11 39.826351822332335 -2
endloop
endfacet
facet normal 0 0 -1
outer loop
vertex 83.06030737921424 39.65797985667413 -2
vertex 83.13397459621574 39.499999999999744 -2
vertex -11 39.499999999999744 -2
endloop
endfacet
facet normal 0 0 -1
outer loop
vertex 83.06030737921424 39.65797985667413 -2
vertex -11 39.499999999999744 -2
vertex -11 39.65797985667413 -2
endloop
endfacet
facet normal 0 0 -1
outer loop
vertex 83.13397459621574 39.499999999999744 -2
vertex 83.23395555688106 39.357212390313414 -2
vertex -11 39.357212390313414 -2
endloop
endfacet
facet normal 0 0 -1
outer loop
vertex 83.13397459621574 39.499999999999744 -2
vertex -11 39.357212390313414 -2
vertex -11 39.499999999999744 -2
endloop
endfacet
facet normal 0 0 -1
outer loop
vertex 83.23395555688106 39.357212390313414 -2
vertex 83.35721239031317 39.23395555688129 -2
vertex -11 39.23395555688129 -2
endloop
endfacet
facet normal 0 0 -1
outer loop
vertex 83.23395555688106 39.357212390313414 -2
vertex -11 39.23395555688129 -2
vertex -11 39.357212390313414 -2
endloop
endfacet
facet normal 0 0 -1
outer loop
vertex 83.35721239031317 39.23395555688129 -2
vertex 83.50000000000155 39.13397459621453 -2
vertex -11 39.13397459621453 -2
endloop
endfacet
facet normal 0 0 -1
outer loop
vertex 83.35721239031317 39.23395555688129 -2
vertex -11 39.13397459621453 -2
vertex -11 39.23395555688129 -2
endloop
endfacet
facet normal 0 0 -1
outer loop
vertex 83.50000000000155 39.13397459621453 -2
vertex 83.65797985667258 39.0603073792146 -2
vertex -11 39.0603073792146 -2
endloop
endfacet
facet normal 0 0 -1
outer loop
vertex 83.50000000000155 39.13397459621453 -2
vertex -11 39.0603073792146 -2
vertex -11 39.13397459621453 -2
endloop
endfacet
facet normal 0 0 -1
outer loop
vertex 83.65797985667258 39.0603073792146 -2
vertex 83.82635182233187 39.01519224698815 -2
vertex -11 39.01519224698815 -2
endloop
endfacet
facet normal 0 0 -1
outer loop
vertex 83.65797985667258 39.0603073792146 -2
vertex -11 39.01519224698815 -2
vertex -11 39.0603073792146 -2
endloop
endfacet
facet normal 0 0 -1
outer loop
vertex 83.82635182233187 39.01519224698815 -2
vertex 84.00000000000283 39 -2
vertex -11 39 -2
endloop
endfacet
facet normal 0 0 -1
outer loop
vertex 83.82635182233187 39.01519224698815 -2
vertex -11 39 -2
vertex -11 39.01519224698815 -2
endloop
endfacet
facet normal 0 0 -1
outer loop
vertex 84.00000000000283 39 -2
vertex 104.00000000000337 39 -2
vertex 104.17364817766519 38.98480775301265 -2
endloop
endfacet
facet normal 0 0 -1
outer loop
vertex 84.00000000000283 39 -2
vertex 104.17364817766519 38.98480775301265 -2
vertex 104.34202014331858 38.93969262078778 -2
endloop
endfacet
facet normal 0 0 -1
outer loop
vertex 84.00000000000283 39 -2
vertex 104.34202014331858 38.93969262078778 -2
vertex 104.50000000000662 38.86602540377992 -2
endloop
endfacet
facet normal 0 0 -1
outer loop
vertex 84.00000000000283 39 -2
vertex 104.50000000000662 38.86602540377992 -2
vertex 104.64278760968953 38.76604444311699 -2
endloop
endfacet
facet normal 0 0 -1
outer loop
vertex 84.00000000000283 39 -2
vertex 104.64278760968953 38.76604444311699 -2
vertex 104.76604444311643 38.642787609690096 -2
endloop
endfacet
facet normal 0 0 -1
outer loop
vertex 84.00000000000283 39 -2
vertex 104.76604444311643 38.642787609690096 -2
vertex 104.86602540378486 38.49999999999932 -2
endloop
endfacet
facet normal 0 0 -1
outer loop
vertex 84.00000000000283 39 -2
vertex 104.86602540378486 38.49999999999932 -2
vertex 104.93969262078531 38.34202014332718 -2
endloop
endfacet
facet normal 0 0 -1
outer loop
vertex 84.00000000000283 39 -2
vertex 104.93969262078531 38.34202014332718 -2
vertex 104.98480775301253 38.17364817766499 -2
endloop
endfacet
facet normal 0 0 -1
outer loop
vertex 84.00000000000283 39 -2
vertex 104.98480775301253 38.17364817766499 -2
vertex 105 38.00000000000172 -2
endloop
endfacet
facet normal 0 0 -1
outer loop
vertex 84.00000000000283 39 -2
vertex 105 38.00000000000172 -2
vertex 105 32.99999999999992 -2
endloop
endfacet
facet normal 0 0 -1
outer loop
vertex 84.00000000000283 39 -2
vertex 105 32.99999999999992 -2
vertex 62.999999999999226 32.99999999999992 -2
endloop
endfacet
facet normal 0 0 -1
outer loop
vertex 84.00000000000283 39 -2
vertex 62.999999999999226 32.99999999999992 -2
vertex -11 32.99999999999992 -2
endloop
endfacet
facet normal 0 0 -1
outer loop
vertex 84.00000000000283 39 -2
vertex -11 32.99999999999992 -2
vertex -11 39 -2
endloop
endfacet
facet normal 0 0 -1
outer loop
vertex 62.999999999999226 32.99999999999992 -2
vertex 62.7073645169746 32.971177920604724 -2
vertex -11 32.971177920604724 -2
endloop
endfacet
facet normal 0 0 -1
outer loop
vertex 62.999999999999226 32.99999999999992 -2
vertex -11 32.971177920604724 -2
vertex -11 32.99999999999992 -2
endloop
endfacet
facet normal 0 0 -1
outer loop
vertex 105 32.99999999999992 -2
vertex 105 32.971177920604724 -2
vertex 63.29263548302384 32.971177920604724 -2
endloop
endfacet
facet normal 0 0 -1
outer loop
vertex 105 32.99999999999992 -2
vertex 63.29263548302384 32.971177920604724 -2
vertex 62.999999999999226 32.99999999999992 -2
endloop
endfacet
facet normal 0 0 -1
outer loop
vertex 62.7073645169746 32.971177920604724 -2
vertex 62.42597485145129 32.8858192987664 -2
vertex -11 32.8858192987664 -2
endloop
endfacet
facet normal 0 0 -1
outer loop
vertex 62.7073645169746 32.971177920604724 -2
vertex -11 32.8858192987664 -2
vertex -11 32.971177920604724 -2
endloop
endfacet
facet normal 0 0 -1
outer loop
vertex 105 32.971177920604724 -2
vertex 105 32.8858192987664 -2
vertex 63.57402514854862 32.8858192987664 -2
endloop
endfacet
facet normal 0 0 -1
outer loop
vertex 105 32.971177920604724 -2
vertex 63.57402514854862 32.8858192987664 -2
vertex 63.29263548302384 32.971177920604724 -2
endloop
endfacet
facet normal 0 0 -1
outer loop
vertex 62.42597485145129 32.8858192987664 -2
vertex 62.16664465046948 32.74720441845361 -2
vertex -11 32.74720441845361 -2
endloop
endfacet
facet normal 0 0 -1
outer loop
vertex 62.42597485145129 32.8858192987664 -2
vertex -11 32.74720441845361 -2
vertex -11 32.8858192987664 -2
endloop
endfacet
facet normal 0 0 -1
outer loop
vertex 105 32.8858192987664 -2
vertex 105 32.74720441845361 -2
vertex 63.83335534952978 32.74720441845361 -2
endloop
endfacet
facet normal 0 0 -1
outer loop
vertex 105 32.8858192987664 -2
vertex 63.83335534952978 32.74720441845361 -2
vertex 63.57402514854862 32.8858192987664 -2
endloop
endfacet
facet normal 0 0 -1
outer loop
vertex 62.16664465046948 32.74720441845361 -2
vertex 61.93933982822163 32.560660171780206 -2
vertex -11 32.560660171780206 -2
endloop
endfacet
facet normal 0 0 -1
outer loop
vertex 62.16664465046948 32.74720441845361 -2
vertex -11 32.560660171780206 -2
vertex -11 32.74720441845361 -2
endloop
endfacet
facet normal 0 0 -1
outer loop
vertex 105 32.74720441845361 -2
vertex 105 32.560660171780206 -2
vertex 64.06066017177947 32.560660171780206 -2
endloop
endfacet
facet normal 0 0 -1
outer loop
vertex 105 32.74720441845361 -2
vertex 64.06066017177947 32.560660171780206 -2
vertex 63.83335534952978 32.74720441845361 -2
endloop
endfacet
facet normal 0 0 -1
outer loop
vertex 61.93933982822163 32.560660171780206 -2
vertex 61.75279558154604 32.33335534952926 -2
vertex -11 32.33335534952926 -2
endloop
endfacet
facet normal 0 0 -1
outer loop
vertex 61.93933982822163 32.560660171780206 -2
vertex -11 32.33335534952926 -2
vertex -11 32.560660171780206 -2
endloop
endfacet
facet normal 0 0 -1
outer loop
vertex 105 32.560660171780206 -2
vertex 105 32.33335534952926 -2
vertex 64.2472044184539 32.33335534952926 -2
endloop
endfacet
facet normal 0 0 -1
outer loop
vertex 105 32.560660171780206 -2
vertex 64.2472044184539 32.33335534952926 -2
vertex 64.06066017177947 32.560660171780206 -2
endloop
endfacet
facet normal 0 0 -1
outer loop
vertex 61.75279558154604 32.33335534952926 -2
vertex 61.614180701232414 32.074025148547406 -2
vertex -11 32.074025148547406 -2
endloop
endfacet
facet normal 0 0 -1
outer loop
vertex 61.75279558154604 32.33335534952926 -2
vertex -11 32.074025148547406 -2
vertex -11 32.33335534952926 -2
endloop
endfacet
facet normal 0 0 -1
outer loop
vertex 105 32.33335534952926 -2
vertex 105 32.074025148547406 -2
vertex 64.38581929876706 32.074025148547406 -2
endloop
endfacet
facet normal 0 0 -1
outer loop
vertex 105 32.33335534952926 -2
vertex 64.38581929876706 32.074025148547406 -2
vertex 64.2472044184539 32.33335534952926 -2
endloop
endfacet
facet normal 0 0 -1
outer loop
vertex 61.614180701232414 32.074025148547406 -2
vertex 61.52882207939522 31.79263548302401 -2
vertex -11 31.79263548302401 -2
endloop
endfacet
facet normal 0 0 -1
outer loop
vertex 61.614180701232414 32.074025148547406 -2
vertex -11 31.79263548302401 -2
vertex -11 32.074025148547406 -2
endloop
endfacet
facet normal 0 0 -1
outer loop
vertex 105 32.074025148547406 -2
vertex 105 31.79263548302401 -2
vertex 64.47117792060497 31.79263548302401 -2
endloop
endfacet
facet normal 0 0 -1
outer loop
vertex 105 32.074025148547406 -2
vertex 64.47117792060497 31.79263548302401 -2
vertex 64.38581929876706 32.074025148547406 -2
endloop
endfacet
facet normal 0 0 -1
outer loop
vertex 61.52882207939522 31.79263548302401 -2
vertex 61.50000000000013 31.500000000000043 -2
vertex -11 31.500000000000043 -2
endloop
endfacet
facet normal 0 0 -1
outer loop
vertex 61.52882207939522 31.79263548302401 -2
vertex -11 31.500000000000043 -2
vertex -11 31.79263548302401 -2
endloop
endfacet
facet normal 0 0 -1
outer loop
vertex 105 31.79263548302401 -2
vertex 105 31.500000000000043 -2
vertex 64.50000000000026 31.500000000000043 -2
endloop
endfacet
facet normal 0 0 -1
outer loop
vertex 105 31.79263548302401 -2
vertex 64.50000000000026 31.500000000000043 -2
vertex 64.47117792060497 31.79263548302401 -2
endloop
endfacet
facet normal 0 0 -1
outer loop
vertex 61.50000000000013 31.500000000000043 -2
vertex 61.528822079395 31.207364516977414 -2
vertex -11 31.207364516977414 -2
endloop
endfacet
facet normal 0 0 -1
outer loop
vertex 61.50000000000013 31.500000000000043 -2
vertex -11 31.207364516977414 -2
vertex -11 31.500000000000043 -2
endloop
endfacet
facet normal 0 0 -1
outer loop
vertex 105 31.500000000000043 -2
vertex 105 31.207364516977414 -2
vertex 64.47117792060524 31.207364516977414 -2
endloop
endfacet
facet normal 0 0 -1
outer loop
vertex 105 31.500000000000043 -2
vertex 64.47117792060524 31.207364516977414 -2
vertex 64.50000000000026 31.500000000000043 -2
endloop
endfacet
facet normal 0 0 -1
outer loop
vertex 61.528822079395 31.207364516977414 -2
vertex 61.61418070123345 30.92597485145127 -2
vertex -11 30.92597485145127 -2
endloop
endfacet
facet normal 0 0 -1
outer loop
vertex 61.528822079395 31.207364516977414 -2
vertex -11 30.92597485145127 -2
vertex -11 31.207364516977414 -2
endloop
endfacet
facet normal 0 0 -1
outer loop
vertex 105 31.207364516977414 -2
vertex 105 30.92597485145127 -2
vertex 64.38581929876652 30.92597485145127 -2
endloop
endfacet
facet normal 0 0 -1
outer loop
vertex 105 31.207364516977414 -2
vertex 64.38581929876652 30.92597485145127 -2
vertex 64.47117792060524 31.207364516977414 -2
endloop
endfacet
facet normal 0 0 -1
outer loop
vertex 61.61418070123345 30.92597485145127 -2
vertex 61.752795581546195 30.666644650470527 -2
vertex -11 30.666644650470527 -2
endloop
endfacet
facet normal 0 0 -1
outer loop
vertex 61.61418070123345 30.92597485145127 -2
vertex -11 30.666644650470527 -2
vertex -11 30.92597485145127 -2
endloop
endfacet
facet normal 0 0 -1
outer loop
vertex 105 30.92597485145127 -2
vertex 105 30.666644650470527 -2
vertex 64.24720441845433 30.666644650470527 -2
endloop
endfacet
facet normal 0 0 -1
outer loop
vertex 105 30.92597485145127 -2
vertex 64.24720441845433 30.666644650470527 -2
vertex 64.38581929876652 30.92597485145127 -2
endloop
endfacet
facet normal 0 0 -1
outer loop
vertex 61.752795581546195 30.666644650470527 -2
vertex 61.9393398282197 30.439339828220703 -2
vertex -11 30.439339828220703 -2
endloop
endfacet
facet normal 0 0 -1
outer loop
vertex 61.752795581546195 30.666644650470527 -2
vertex -11 30.439339828220703 -2
vertex -11 30.666644650470527 -2
endloop
endfacet
facet normal 0 0 -1
outer loop
vertex 105 30.666644650470527 -2
vertex 105 30.439339828220703 -2
vertex 64.06066017177913 30.439339828220703 -2
endloop
endfacet
facet normal 0 0 -1
outer loop
vertex 105 30.666644650470527 -2
vertex 64.06066017177913 30.439339828220703 -2
vertex 64.24720441845433 30.666644650470527 -2
endloop
endfacet
facet normal 0 0 -1
outer loop
vertex 61.9393398282197 30.439339828220703 -2
vertex 62.166644650471326 30.25279558154572 -2
vertex -11 30.25279558154572 -2
endloop
endfacet
facet normal 0 0 -1
outer loop
vertex 61.9393398282197 30.439339828220703 -2
vertex -11 30.25279558154572 -2
vertex -11 30.439339828220703 -2
endloop
endfacet
facet normal 0 0 -1
outer loop
vertex 105 30.439339828220703 -2
vertex 105 30.25279558154572 -2
vertex 63.833355349529974 30.25279558154572 -2
endloop
endfacet
facet normal 0 0 -1
outer loop
vertex 105 30.439339828220703 -2
vertex 63.833355349529974 30.25279558154572 -2
vertex 64.06066017177913 30.439339828220703 -2
endloop
endfacet
facet normal 0 0 -1
outer loop
vertex 62.166644650471326 30.25279558154572 -2
vertex 62.42597485145173 30.11418070123334 -2
vertex -11 30.11418070123334 -2
endloop
endfacet
facet normal 0 0 -1
outer loop
vertex 62.166644650471326 30.25279558154572 -2
vertex -11 30.11418070123334 -2
vertex -11 30.25279558154572 -2
endloop
endfacet
facet normal 0 0 -1
outer loop
vertex 105 30.25279558154572 -2
vertex 105 30.11418070123334 -2
vertex 63.57402514854786 30.11418070123334 -2
endloop
endfacet
facet normal 0 0 -1
outer loop
vertex 105 30.25279558154572 -2
vertex 63.57402514854786 30.11418070123334 -2
vertex 63.833355349529974 30.25279558154572 -2
endloop
endfacet
facet normal 0 0 -1
outer loop
vertex 62.42597485145173 30.11418070123334 -2
vertex 62.707364516977165 30.02882207939482 -2
vertex -11 30.02882207939482 -2
endloop
endfacet
facet normal 0 0 -1
outer loop
vertex 62.42597485145173 30.11418070123334 -2
vertex -11 30.02882207939482 -2
vertex -11 30.11418070123334 -2
endloop
endfacet
facet normal 0 0 -1
outer loop
vertex 105 30.11418070123334 -2
vertex 105 30.02882207939482 -2
vertex 63.29263548302435 30.02882207939482 -2
endloop
endfacet
facet normal 0 0 -1
outer loop
vertex 105 30.11418070123334 -2
vertex 63.29263548302435 30.02882207939482 -2
vertex 63.57402514854786 30.11418070123334 -2
endloop
endfacet
facet normal 0 0 -1
outer loop
vertex 62.707364516977165 30.02882207939482 -2
vertex 62.999999999999005 29.999999999999897 -2
vertex -11 29.999999999999897 -2
endloop
endfacet
facet normal 0 0 -1
outer loop
vertex 62.707364516977165 30.02882207939482 -2
vertex -11 29.999999999999897 -2
vertex -11 30.02882207939482 -2
endloop
endfacet
facet normal 0 0 -1
outer loop
vertex 105 30.02882207939482 -2
vertex 105 29.999999999999897 -2
vertex 62.999999999999005 29.999999999999897 -2
endloop
endfacet
facet normal 0 0 -1
outer loop
vertex 105 30.02882207939482 -2
vertex 62.999999999999005 29.999999999999897 -2
vertex 63.29263548302435 30.02882207939482 -2
endloop
endfacet
facet normal 0 0 -1
outer loop
vertex 62.999999999999005 29.999999999999897 -2
vertex 105 29.999999999999897 -2
vertex 105 -3.9999999999999867 -2
endloop
endfacet
facet normal 0 0 -1
outer loop
vertex 62.999999999999005 29.999999999999897 -2
vertex 105 -3.9999999999999867 -2
vertex 13.000000000000224 -3.9999999999999867 -2
endloop
endfacet
facet normal 0 0 -1
outer loop
vertex 62.999999999999005 29.999999999999897 -2
vertex 13.000000000000224 -3.9999999999999867 -2
vertex -11 -3.9999999999999867 -2
endloop
endfacet
facet normal 0 0 -1
outer loop
vertex 62.999999999999005 29.999999999999897 -2
vertex -11 -3.9999999999999867 -2
vertex -11 29.999999999999897 -2
endloop
endfacet
facet normal 0 0 -1
outer loop
vertex 13.000000000000224 -3.9999999999999867 -2
vertex 12.707364516976769 -4.028822079395068 -2
vertex -11 -4.028822079395068 -2
endloop
endfacet
facet normal 0 0 -1
outer loop
vertex 13.000000000000224 -3.9999999999999867 -2
vertex -11 -4.028822079395068 -2
vertex -11 -3.9999999999999867 -2
endloop
endfacet
facet normal 0 0 -1
outer loop
vertex 105 -3.9999999999999867 -2
vertex 105 -4.028822079395068 -2
vertex 13.29263548302368 -4.028822079395068 -2
endloop
endfacet
facet normal 0 0 -1
outer loop
vertex 105 -3.9999999999999867 -2
vertex 13.29263548302368 -4.028822079395068 -2
vertex 13.000000000000224 -3.9999999999999867 -2
endloop
endfacet
facet normal 0 0 -1
outer loop
vertex 12.707364516976769 -4.028822079395068 -2
vertex 12.425974851451606 -4.1141807012332485 -2
vertex -11 -4.1141807012332485 -2
endloop
endfacet
facet normal 0 0 -1
outer loop
vertex 12.707364516976769 -4.028822079395068 -2
vertex -11 -4.1141807012332485 -2
vertex -11 -4.028822079395068 -2
endloop
endfacet
facet normal 0 0 -1
outer loop
vertex 105 -4.028822079395068 -2
vertex 105 -4.1141807012332485 -2
vertex 13.574025148547996 -4.1141807012332485 -2
endloop
endfacet
facet normal 0 0 -1
outer loop
vertex 105 -4.028822079395068 -2
vertex 13.574025148547996 -4.1141807012332485 -2
vertex 13.29263548302368 -4.028822079395068 -2
endloop
endfacet
facet normal 0 0 -1
outer loop
vertex 12.425974851451606 -4.1141807012332485 -2
vertex 12.166644650470367 -4.252795581546225 -2
vertex -11 -4.252795581546225 -2
endloop
endfacet
facet normal 0 0 -1
outer loop
vertex 12.425974851451606 -4.1141807012332485 -2
vertex -11 -4.252795581546225 -2
vertex -11 -4.1141807012332485 -2
endloop
endfacet
facet normal 0 0 -1
outer loop
vertex 105 -4.1141807012332485 -2
vertex 105 -4.252795581546225 -2
vertex 13.833355349529509 -4.252795581546225 -2
endloop
endfacet
facet normal 0 0 -1
outer loop
vertex 105 -4.1141807012332485 -2
vertex 13.833355349529509 -4.252795581546225 -2
vertex 13.574025148547996 -4.1141807012332485 -2
endloop
endfacet
facet normal 0 0 -1
outer loop
vertex 12.166644650470367 -4.252795581546225 -2
vertex 11.939339828220739 -4.439339828219904 -2
vertex -11 -4.439339828219904 -2
endloop
endfacet
facet normal 0 0 -1
outer loop
vertex 12.166644650470367 -4.252795581546225 -2
vertex -11 -4.439339828219904 -2
vertex -11 -4.252795581546225 -2
endloop
endfacet
facet normal 0 0 -1
outer loop
vertex 105 -4.252795581546225 -2
vertex 105 -4.439339828219904 -2
vertex 14.060660171779539 -4.439339828219904 -2
endloop
endfacet
facet normal 0 0 -1
outer loop
vertex 105 -4.252795581546225 -2
vertex 14.060660171779539 -4.439339828219904 -2
vertex 13.833355349529509 -4.252795581546225 -2
endloop
endfacet
facet normal 0 0 -1
outer loop
vertex 11.939339828220739 -4.439339828219904 -2
vertex 11.752795581545913 -4.666644650470754 -2
vertex -11 -4.666644650470754 -2
endloop
endfacet
facet normal 0 0 -1
outer loop
vertex 11.939339828220739 -4.439339828219904 -2
vertex -11 -4.666644650470754 -2
vertex -11 -4.439339828219904 -2
endloop
endfacet
facet normal 0 0 -1
outer loop
vertex 105 -4.439339828219904 -2
vertex 105 -4.666644650470754 -2
vertex 14.24720441845389 -4.666644650470754 -2
endloop
endfacet
facet normal 0 0 -1
outer loop
vertex 105 -4.439339828219904 -2
vertex 14.24720441845389 -4.666644650470754 -2
vertex 14.060660171779539 -4.439339828219904 -2
endloop
endfacet
facet normal 0 0 -1
outer loop
vertex 11.752795581545913 -4.666644650470754 -2
vertex 11.614180701233073 -4.925974851452384 -2
vertex -11 -4.925974851452384 -2
endloop
endfacet
facet normal 0 0 -1
outer loop
vertex 11.752795581545913 -4.666644650470754 -2
vertex -11 -4.925974851452384 -2
vertex -11 -4.666644650470754 -2
endloop
endfacet
facet normal 0 0 -1
outer loop
vertex 105 -4.666644650470754 -2
vertex 105 -4.925974851452384 -2
vertex 14.385819298766926 -4.925974851452384 -2
endloop
endfacet
facet normal 0 0 -1
outer loop
vertex 105 -4.666644650470754 -2
vertex 14.385819298766926 -4.925974851452384 -2
vertex 14.24720441845389 -4.666644650470754 -2
endloop
endfacet
facet normal 0 0 -1
outer loop
vertex 105 -4.925974851452384 -2
vertex 105 -5 -2
vertex 59.99999999999963 -5 -2
endloop
endfacet
facet normal 0 0 -1
outer loop
vertex 105 -4.925974851452384 -2
vertex 59.99999999999963 -5 -2
vertex 25.205257600000646 -5 -2
endloop
endfacet
facet normal 0 0 -1
outer loop
vertex 105 -4.925974851452384 -2
vertex 25.205257600000646 -5 -2
vertex 14.408274582082386 -5 -2
endloop
endfacet
facet normal 0 0 -1
outer loop
vertex 105 -4.925974851452384 -2
vertex 14.408274582082386 -5 -2
vertex 14.385819298766926 -4.925974851452384 -2
endloop
endfacet
facet normal 0 0 -1
outer loop
vertex 25.205257600000646 -5 -2
vertex 25.104209028775436 -5.005120009216948 -2
vertex 14.409827719898386 -5.005120009216948 -2
endloop
endfacet
facet normal 0 0 -1
outer loop
vertex 25.205257600000646 -5 -2
vertex 14.409827719898386 -5.005120009216948 -2
vertex 14.408274582082386 -5 -2
endloop
endfacet
facet normal 0 0 -1
outer loop
vertex 105 -5 -2
vertex 105 -5.015192246987847 -2
vertex 60.1736481776672 -5.015192246987847 -2
endloop
endfacet
facet normal 0 0 -1
outer loop
vertex 105 -5 -2
vertex 60.1736481776672 -5.015192246987847 -2
vertex 59.99999999999963 -5 -2
endloop
endfacet
facet normal 0 0 -1
outer loop
vertex 25.104209028775436 -5.005120009216948 -2
vertex 25.004193361478233 -5.020419874538578 -2
vertex 14.414468883303341 -5.020419874538578 -2
endloop
endfacet
facet normal 0 0 -1
outer loop
vertex 25.104209028775436 -5.005120009216948 -2
vertex 14.414468883303341 -5.020419874538578 -2
vertex 14.409827719898386 -5.005120009216948 -2
endloop
endfacet
facet normal 0 0 -1
outer loop
vertex 25.004193361478233 -5.020419874538578 -2
vertex 24.90623568045721 -5.0457479678837345 -2
vertex 14.422152076421693 -5.0457479678837345 -2
endloop
endfacet
facet normal 0 0 -1
outer loop
vertex 25.004193361478233 -5.020419874538578 -2
vertex 14.422152076421693 -5.0457479678837345 -2
vertex 14.414468883303341 -5.020419874538578 -2
endloop
endfacet
facet normal 0 0 -1
outer loop
vertex 105 -5.015192246987847 -2
vertex 105 -5.060307379214301 -2
vertex 60.34202014332651 -5.060307379214301 -2
endloop
endfacet
facet normal 0 0 -1
outer loop
vertex 105 -5.015192246987847 -2
vertex 60.34202014332651 -5.060307379214301 -2
vertex 60.1736481776672 -5.015192246987847 -2
endloop
endfacet
facet normal 0 0 -1
outer loop
vertex 24.90623568045721 -5.0457479678837345 -2
vertex 24.81133880000104 -5.080844999999628 -2
vertex 14.432798644718508 -5.080844999999628 -2
endloop
endfacet
facet normal 0 0 -1
outer loop
vertex 24.90623568045721 -5.0457479678837345 -2
vertex 14.432798644718508 -5.080844999999628 -2
vertex 14.422152076421693 -5.0457479678837345 -2
endloop
endfacet
facet normal 0 0 -1
outer loop
vertex 105 -5.060307379214301 -2
vertex 105 -5.133974596214999 -2
vertex 60.49999999999918 -5.133974596214999 -2
endloop
endfacet
facet normal 0 0 -1
outer loop
vertex 105 -5.060307379214301 -2
vertex 60.49999999999918 -5.133974596214999 -2
vertex 60.34202014332651 -5.060307379214301 -2
endloop
endfacet
facet normal 0 0 -1
outer loop
vertex 11.614180701233073 -4.925974851452384 -2
vertex 11.528822079395178 -5.2073645169757325 -2
vertex -11 -5.2073645169757325 -2
endloop
endfacet
facet normal 0 0 -1
outer loop
vertex 11.614180701233073 -4.925974851452384 -2
vertex -11 -5.2073645169757325 -2
vertex -11 -4.925974851452384 -2
endloop
endfacet
facet normal 0 0 -1
outer loop
vertex 24.81133880000104 -5.080844999999628 -2
vertex 24.516127089980408 -5.2073645169757325 -2
vertex 14.471177920604813 -5.2073645169757325 -2
endloop
endfacet
facet normal 0 0 -1
outer loop
vertex 24.81133880000104 -5.080844999999628 -2
vertex 14.471177920604813 -5.2073645169757325 -2
vertex 14.432798644718508 -5.080844999999628 -2
endloop
endfacet
facet normal 0 0 -1
outer loop
vertex 105 -5.133974596214999 -2
vertex 105 -5.23395555688095 -2
vertex 60.64278760968642 -5.23395555688095 -2
endloop
endfacet
facet normal 0 0 -1
outer loop
vertex 105 -5.133974596214999 -2
vertex 60.64278760968642 -5.23395555688095 -2
vertex 60.49999999999918 -5.133974596214999 -2
endloop
endfacet
facet normal 0 0 -1
outer loop
vertex 105 -5.23395555688095 -2
vertex 105 -5.357212390313922 -2
vertex 60.7660444431194 -5.357212390313922 -2
endloop
endfacet
facet normal 0 0 -1
outer loop
vertex 105 -5.23395555688095 -2
vertex 60.7660444431194 -5.357212390313922 -2
vertex 60.64278760968642 -5.23395555688095 -2
endloop
endfacet
facet normal 0 0 -1
outer loop
vertex 11.528822079395178 -5.2073645169757325 -2
vertex 11.500000000000016 -5.5000000000000036 -2
vertex -11 -5.5000000000000036 -2
endloop
endfacet
facet normal 0 0 -1
outer loop
vertex 11.528822079395178 -5.2073645169757325 -2
vertex -11 -5.5000000000000036 -2
vertex -11 -5.2073645169757325 -2
endloop
endfacet
facet normal 0 0 -1
outer loop
vertex 24.516127089980408 -5.2073645169757325 -2
vertex 23.833312110749773 -5.5000000000000036 -2
vertex 14.499999999999986 -5.5000000000000036 -2
endloop
endfacet
facet normal 0 0 -1
outer loop
vertex 24.516127089980408 -5.2073645169757325 -2
vertex 14.499999999999986 -5.5000000000000036 -2
vertex 14.471177920604813 -5.2073645169757325 -2
endloop
endfacet
facet normal 0 0 -1
outer loop
vertex 105 -5.357212390313922 -2
vertex 105 -5.5000000000000036 -2
vertex 60.86602540378454 -5.5000000000000036 -2
endloop
endfacet
facet normal 0 0 -1
outer loop
vertex 105 -5.357212390313922 -2
vertex 60.86602540378454 -5.5000000000000036 -2
vertex 60.7660444431194 -5.357212390313922 -2
endloop
endfacet
facet normal 0 0 -1
outer loop
vertex 105 -5.5000000000000036 -2
vertex 105 -5.657979856673329 -2
vertex 60.93969262078543 -5.657979856673329 -2
endloop
endfacet
facet normal 0 0 -1
outer loop
vertex 105 -5.5000000000000036 -2
vertex 60.93969262078543 -5.657979856673329 -2
vertex 60.86602540378454 -5.5000000000000036 -2
endloop
endfacet
facet normal 0 0 -1
outer loop
vertex 11.500000000000016 -5.5000000000000036 -2
vertex 11.528822079395148 -5.792635483024239 -2
vertex -11 -5.792635483024239 -2
endloop
endfacet
facet normal 0 0 -1
outer loop
vertex 11.500000000000016 -5.5000000000000036 -2
vertex -11 -5.792635483024239 -2
vertex -11 -5.5000000000000036 -2
endloop
endfacet
facet normal 0 0 -1
outer loop
vertex 23.833312110749773 -5.5000000000000036 -2
vertex 23.150497131519224 -5.792635483024239 -2
vertex 14.471177920604827 -5.792635483024239 -2
endloop
endfacet
facet normal 0 0 -1
outer loop
vertex 23.833312110749773 -5.5000000000000036 -2
vertex 14.471177920604827 -5.792635483024239 -2
vertex 14.499999999999986 -5.5000000000000036 -2
endloop
endfacet
facet normal 0 0 -1
outer loop
vertex 105 -5.657979856673329 -2
vertex 105 -5.826351822334354 -2
vertex 60.98480775301235 -5.826351822334354 -2
endloop
endfacet
facet normal 0 0 -1
outer loop
vertex 105 -5.657979856673329 -2
vertex 60.98480775301235 -5.826351822334354 -2
vertex 60.93969262078543 -5.657979856673329 -2
endloop
endfacet
facet normal 0 0 -1
outer loop
vertex 105 -5.826351822334354 -2
vertex 105 -5.9999999999997 -2
vertex 61 -5.9999999999997 -2
endloop
endfacet
facet normal 0 0 -1
outer loop
vertex 105 -5.826351822334354 -2
vertex 61 -5.9999999999997 -2
vertex 60.98480775301235 -5.826351822334354 -2
endloop
endfacet
facet normal 0 0 -1
outer loop
vertex 11.528822079395148 -5.792635483024239 -2
vertex 11.614180701233096 -6.074025148547626 -2
vertex -11 -6.074025148547626 -2
endloop
endfacet
facet normal 0 0 -1
outer loop
vertex 11.528822079395148 -5.792635483024239 -2
vertex -11 -6.074025148547626 -2
vertex -11 -5.792635483024239 -2
endloop
endfacet
facet normal 0 0 -1
outer loop
vertex 23.150497131519224 -5.792635483024239 -2
vertex 22.493922349013676 -6.074025148547626 -2
vertex 14.385819298766929 -6.074025148547626 -2
endloop
endfacet
facet normal 0 0 -1
outer loop
vertex 23.150497131519224 -5.792635483024239 -2
vertex 14.385819298766929 -6.074025148547626 -2
vertex 14.471177920604827 -5.792635483024239 -2
endloop
endfacet
facet normal 0 0 -1
outer loop
vertex 11.614180701233096 -6.074025148547626 -2
vertex 11.752795581546032 -6.333355349529178 -2
vertex -11 -6.333355349529178 -2
endloop
endfacet
facet normal 0 0 -1
outer loop
vertex 11.614180701233096 -6.074025148547626 -2
vertex -11 -6.333355349529178 -2
vertex -11 -6.074025148547626 -2
endloop
endfacet
facet normal 0 0 -1
outer loop
vertex 22.493922349013676 -6.074025148547626 -2
vertex 21.88881956391359 -6.333355349529178 -2
vertex 14.247204418454347 -6.333355349529178 -2
endloop
endfacet
facet normal 0 0 -1
outer loop
vertex 22.493922349013676 -6.074025148547626 -2
vertex 14.247204418454347 -6.333355349529178 -2
vertex 14.385819298766929 -6.074025148547626 -2
endloop
endfacet
facet normal 0 0 -1
outer loop
vertex 11.752795581546032 -6.333355349529178 -2
vertex 11.939339828220403 -6.560660171780031 -2
vertex -11 -6.560660171780031 -2
endloop
endfacet
facet normal 0 0 -1
outer loop
vertex 11.752795581546032 -6.333355349529178 -2
vertex -11 -6.560660171780031 -2
vertex -11 -6.333355349529178 -2
endloop
endfacet
facet normal 0 0 -1
outer loop
vertex 21.88881956391359 -6.333355349529178 -2
vertex 21.35844253690294 -6.560660171780031 -2
vertex 14.06066017177896 -6.560660171780031 -2
endloop
endfacet
facet normal 0 0 -1
outer loop
vertex 21.88881956391359 -6.333355349529178 -2
vertex 14.06066017177896 -6.560660171780031 -2
vertex 14.247204418454347 -6.333355349529178 -2
endloop
endfacet
facet normal 0 0 -1
outer loop
vertex 11.939339828220403 -6.560660171780031 -2
vertex 12.166644650470555 -6.747204418453821 -2
vertex -11 -6.747204418453821 -2
endloop
endfacet
facet normal 0 0 -1
outer loop
vertex 11.939339828220403 -6.560660171780031 -2
vertex -11 -6.747204418453821 -2
vertex -11 -6.560660171780031 -2
endloop
endfacet
facet normal 0 0 -1
outer loop
vertex 21.35844253690294 -6.560660171780031 -2
vertex 20.923173359693852 -6.747204418453821 -2
vertex 13.83335534952908 -6.747204418453821 -2
endloop
endfacet
facet normal 0 0 -1
outer loop
vertex 21.35844253690294 -6.560660171780031 -2
vertex 13.83335534952908 -6.747204418453821 -2
vertex 14.06066017177896 -6.560660171780031 -2
endloop
endfacet
facet normal 0 0 -1
outer loop
vertex 12.166644650470555 -6.747204418453821 -2
vertex 12.425974851452548 -6.885819298767052 -2
vertex -11 -6.885819298767052 -2
endloop
endfacet
facet normal 0 0 -1
outer loop
vertex 12.166644650470555 -6.747204418453821 -2
vertex -11 -6.885819298767052 -2
vertex -11 -6.747204418453821 -2
endloop
endfacet
facet normal 0 0 -1
outer loop
vertex 20.923173359693852 -6.747204418453821 -2
vertex 20.599739182662475 -6.885819298767052 -2
vertex 13.574025148547962 -6.885819298767052 -2
endloop
endfacet
facet normal 0 0 -1
outer loop
vertex 20.923173359693852 -6.747204418453821 -2
vertex 13.574025148547962 -6.885819298767052 -2
vertex 13.83335534952908 -6.747204418453821 -2
endloop
endfacet
facet normal 0 0 -1
outer loop
vertex 12.425974851452548 -6.885819298767052 -2
vertex 12.707364516975538 -6.971177920604831 -2
vertex -11 -6.971177920604831 -2
endloop
endfacet
facet normal 0 0 -1
outer loop
vertex 12.425974851452548 -6.885819298767052 -2
vertex -11 -6.971177920604831 -2
vertex -11 -6.885819298767052 -2
endloop
endfacet
facet normal 0 0 -1
outer loop
vertex 20.599739182662475 -6.885819298767052 -2
vertex 20.40056939984948 -6.971177920604831 -2
vertex 13.292635483023954 -6.971177920604831 -2
endloop
endfacet
facet normal 0 0 -1
outer loop
vertex 20.599739182662475 -6.885819298767052 -2
vertex 13.292635483023954 -6.971177920604831 -2
vertex 13.574025148547962 -6.885819298767052 -2
endloop
endfacet
facet normal 0 0 -1
outer loop
vertex 12.707364516975538 -6.971177920604831 -2
vertex 13.000000000000165 -7.000000000000028 -2
vertex -11 -7.000000000000028 -2
endloop
endfacet
facet normal 0 0 -1
outer loop
vertex 12.707364516975538 -6.971177920604831 -2
vertex -11 -7.000000000000028 -2
vertex -11 -6.971177920604831 -2
endloop
endfacet
facet normal 0 0 -1
outer loop
vertex 20.40056939984948 -6.971177920604831 -2
vertex 20.333317994311685 -7.000000000000028 -2
vertex 13.000000000000165 -7.000000000000028 -2
endloop
endfacet
facet normal 0 0 -1
outer loop
vertex 20.40056939984948 -6.971177920604831 -2
vertex 13.000000000000165 -7.000000000000028 -2
vertex 13.292635483023954 -6.971177920604831 -2
endloop
endfacet
facet normal 0 0 -1
outer loop
vertex 105 -5.9999999999997 -2
vertex 105 -7.499999999999823 -2
vertex 85.5000000000002 -7.499999999999823 -2
endloop
endfacet
facet normal 0 0 -1
outer loop
vertex 105 -5.9999999999997 -2
vertex 85.5000000000002 -7.499999999999823 -2
vertex 61 -7.499999999999823 -2
endloop
endfacet
facet normal 0 0 -1
outer loop
vertex 105 -5.9999999999997 -2
vertex 61 -7.499999999999823 -2
vertex 61 -5.9999999999997 -2
endloop
endfacet
facet normal 0 0 -1
outer loop
vertex 85.5000000000002 -7.499999999999823 -2
vertex 85.20736451697675 -7.528822079394904 -2
vertex 61 -7.528822079394904 -2
endloop
endfacet
facet normal 0 0 -1
outer loop
vertex 85.5000000000002 -7.499999999999823 -2
vertex 61 -7.528822079394904 -2
vertex 61 -7.499999999999823 -2
endloop
endfacet
facet normal 0 0 -1
outer loop
vertex 105 -7.499999999999823 -2
vertex 105 -7.528822079394904 -2
vertex 85.79263548302366 -7.528822079394904 -2
endloop
endfacet
facet normal 0 0 -1
outer loop
vertex 105 -7.499999999999823 -2
vertex 85.79263548302366 -7.528822079394904 -2
vertex 85.5000000000002 -7.499999999999823 -2
endloop
endfacet
facet normal 0 0 -1
outer loop
vertex 85.20736451697675 -7.528822079394904 -2
vertex 84.9259748514553 -7.614180701233163 -2
vertex 61 -7.614180701233163 -2
endloop
endfacet
facet normal 0 0 -1
outer loop
vertex 85.20736451697675 -7.528822079394904 -2
vertex 61 -7.614180701233163 -2
vertex 61 -7.528822079394904 -2
endloop
endfacet
facet normal 0 0 -1
outer loop
vertex 105 -7.528822079394904 -2
vertex 105 -7.614180701233163 -2
vertex 86.07402514854823 -7.614180701233163 -2
endloop
endfacet
facet normal 0 0 -1
outer loop
vertex 105 -7.528822079394904 -2
vertex 86.07402514854823 -7.614180701233163 -2
vertex 85.79263548302366 -7.528822079394904 -2
endloop
endfacet
facet normal 0 0 -1
outer loop
vertex 84.9259748514553 -7.614180701233163 -2
vertex 84.66664465046894 -7.752795581546074 -2
vertex 61 -7.752795581546074 -2
endloop
endfacet
facet normal 0 0 -1
outer loop
vertex 84.9259748514553 -7.614180701233163 -2
vertex 61 -7.752795581546074 -2
vertex 61 -7.614180701233163 -2
endloop
endfacet
facet normal 0 0 -1
outer loop
vertex 105 -7.614180701233163 -2
vertex 105 -7.752795581546074 -2
vertex 86.33335534952961 -7.752795581546074 -2
endloop
endfacet
facet normal 0 0 -1
outer loop
vertex 105 -7.614180701233163 -2
vertex 86.33335534952961 -7.752795581546074 -2
vertex 86.07402514854823 -7.614180701233163 -2
endloop
endfacet
facet normal 0 0 -1
outer loop
vertex 84.66664465046894 -7.752795581546074 -2
vertex 84.43933982822294 -7.939339828218257 -2
vertex 61 -7.939339828218257 -2
endloop
endfacet
facet normal 0 0 -1
outer loop
vertex 84.66664465046894 -7.752795581546074 -2
vertex 61 -7.939339828218257 -2
vertex 61 -7.752795581546074 -2
endloop
endfacet
facet normal 0 0 -1
outer loop
vertex 105 -7.752795581546074 -2
vertex 105 -7.939339828218257 -2
vertex 86.56066017177783 -7.939339828218257 -2
endloop
endfacet
facet normal 0 0 -1
outer loop
vertex 105 -7.752795581546074 -2
vertex 86.56066017177783 -7.939339828218257 -2
vertex 86.33335534952961 -7.752795581546074 -2
endloop
endfacet
facet normal 0 0 -1
outer loop
vertex 84.43933982822294 -7.939339828218257 -2
vertex 84.25279558154332 -8.166644650473323 -2
vertex 61 -8.166644650473323 -2
endloop
endfacet
facet normal 0 0 -1
outer loop
vertex 84.43933982822294 -7.939339828218257 -2
vertex 61 -8.166644650473323 -2
vertex 61 -7.939339828218257 -2
endloop
endfacet
facet normal 0 0 -1
outer loop
vertex 105 -7.939339828218257 -2
vertex 105 -8.166644650473323 -2
vertex 86.74720441845564 -8.166644650473323 -2
endloop
endfacet
facet normal 0 0 -1
outer loop
vertex 105 -7.939339828218257 -2
vertex 86.74720441845564 -8.166644650473323 -2
vertex 86.56066017177783 -7.939339828218257 -2
endloop
endfacet
facet normal 0 0 -1
outer loop
vertex 84.25279558154332 -8.166644650473323 -2
vertex 84.11418070123395 -8.425974851450336 -2
vertex 61 -8.425974851450336 -2
endloop
endfacet
facet normal 0 0 -1
outer loop
vertex 84.25279558154332 -8.166644650473323 -2
vertex 61 -8.425974851450336 -2
vertex 61 -8.166644650473323 -2
endloop
endfacet
facet normal 0 0 -1
outer loop
vertex 105 -8.166644650473323 -2
vertex 105 -8.425974851450336 -2
vertex 86.88581929876622 -8.425974851450336 -2
endloop
endfacet
facet normal 0 0 -1
outer loop
vertex 105 -8.166644650473323 -2
vertex 86.88581929876622 -8.425974851450336 -2
vertex 86.74720441845564 -8.166644650473323 -2
endloop
endfacet
facet normal 0 0 -1
outer loop
vertex 84.11418070123395 -8.425974851450336 -2
vertex 84.02882207939568 -8.70736451697388 -2
vertex 61 -8.70736451697388 -2
endloop
endfacet
facet normal 0 0 -1
outer loop
vertex 84.11418070123395 -8.425974851450336 -2
vertex 61 -8.70736451697388 -2
vertex 61 -8.425974851450336 -2
endloop
endfacet
facet normal 0 0 -1
outer loop
vertex 105 -8.425974851450336 -2
vertex 105 -8.70736451697388 -2
vertex 86.97117792060415 -8.70736451697388 -2
endloop
endfacet
facet normal 0 0 -1
outer loop
vertex 105 -8.425974851450336 -2
vertex 86.97117792060415 -8.70736451697388 -2
vertex 86.88581929876622 -8.425974851450336 -2
endloop
endfacet
facet normal 0 0 -1
outer loop
vertex 84.02882207939568 -8.70736451697388 -2
vertex 83.99999999999967 -9.000000000000131 -2
vertex 61 -9.000000000000131 -2
endloop
endfacet
facet normal 0 0 -1
outer loop
vertex 84.02882207939568 -8.70736451697388 -2
vertex 61 -9.000000000000131 -2
vertex 61 -8.70736451697388 -2
endloop
endfacet
facet normal 0 0 -1
outer loop
vertex 105 -8.70736451697388 -2
vertex 105 -9.000000000000131 -2
vertex 86.99999999999967 -9.000000000000131 -2
endloop
endfacet
facet normal 0 0 -1
outer loop
vertex 105 -8.70736451697388 -2
vertex 86.99999999999967 -9.000000000000131 -2
vertex 86.97117792060415 -8.70736451697388 -2
endloop
endfacet
facet normal 0 0 -1
outer loop
vertex 83.99999999999967 -9.000000000000131 -2
vertex 84.02882207939565 -9.292635483025391 -2
vertex 61 -9.292635483025391 -2
endloop
endfacet
facet normal 0 0 -1
outer loop
vertex 83.99999999999967 -9.000000000000131 -2
vertex 61 -9.292635483025391 -2
vertex 61 -9.000000000000131 -2
endloop
endfacet
facet normal 0 0 -1
outer loop
vertex 105 -9.000000000000131 -2
vertex 105 -9.292635483025391 -2
vertex 86.97117792060442 -9.292635483025391 -2
endloop
endfacet
facet normal 0 0 -1
outer loop
vertex 105 -9.000000000000131 -2
vertex 86.97117792060442 -9.292635483025391 -2
vertex 86.99999999999967 -9.000000000000131 -2
endloop
endfacet
facet normal 0 0 -1
outer loop
vertex 84.02882207939565 -9.292635483025391 -2
vertex 84.11418070123285 -9.574025148547149 -2
vertex 61 -9.574025148547149 -2
endloop
endfacet
facet normal 0 0 -1
outer loop
vertex 84.02882207939565 -9.292635483025391 -2
vertex 61 -9.574025148547149 -2
vertex 61 -9.292635483025391 -2
endloop
endfacet
facet normal 0 0 -1
outer loop
vertex 105 -9.292635483025391 -2
vertex 105 -9.574025148547149 -2
vertex 86.88581929876702 -9.574025148547149 -2
endloop
endfacet
facet normal 0 0 -1
outer loop
vertex 105 -9.292635483025391 -2
vertex 86.88581929876702 -9.574025148547149 -2
vertex 86.97117792060442 -9.292635483025391 -2
endloop
endfacet
facet normal 0 0 -1
outer loop
vertex 84.11418070123285 -9.574025148547149 -2
vertex 84.25279558154577 -9.833355349529402 -2
vertex 61 -9.833355349529402 -2
endloop
endfacet
facet normal 0 0 -1
outer loop
vertex 84.11418070123285 -9.574025148547149 -2
vertex 61 -9.833355349529402 -2
vertex 61 -9.574025148547149 -2
endloop
endfacet
facet normal 0 0 -1
outer loop
vertex 105 -9.574025148547149 -2
vertex 105 -9.833355349529402 -2
vertex 86.74720441845314 -9.833355349529402 -2
endloop
endfacet
facet normal 0 0 -1
outer loop
vertex 105 -9.574025148547149 -2
vertex 86.74720441845314 -9.833355349529402 -2
vertex 86.88581929876702 -9.574025148547149 -2
endloop
endfacet
facet normal 0 0 -1
outer loop
vertex 84.25279558154577 -9.833355349529402 -2
vertex 84.43933982821821 -10.060660171777922 -2
vertex 61 -10.060660171777922 -2
endloop
endfacet
facet normal 0 0 -1
outer loop
vertex 84.25279558154577 -9.833355349529402 -2
vertex 61 -10.060660171777922 -2
vertex 61 -9.833355349529402 -2
endloop
endfacet
facet normal 0 0 -1
outer loop
vertex 105 -9.833355349529402 -2
vertex 105 -10.060660171777922 -2
vertex 86.56066017178001 -10.060660171777922 -2
endloop
endfacet
facet normal 0 0 -1
outer loop
vertex 105 -9.833355349529402 -2
vertex 86.56066017178001 -10.060660171777922 -2
vertex 86.74720441845314 -9.833355349529402 -2
endloop
endfacet
facet normal 0 0 -1
outer loop
vertex 84.43933982821821 -10.060660171777922 -2
vertex 84.66664465047128 -10.247204418454098 -2
vertex 61 -10.247204418454098 -2
endloop
endfacet
facet normal 0 0 -1
outer loop
vertex 84.43933982821821 -10.060660171777922 -2
vertex 61 -10.247204418454098 -2
vertex 61 -10.060660171777922 -2
endloop
endfacet
facet normal 0 0 -1
outer loop
vertex 105 -10.060660171777922 -2
vertex 105 -10.247204418454098 -2
vertex 86.3333553495295 -10.247204418454098 -2
endloop
endfacet
facet normal 0 0 -1
outer loop
vertex 105 -10.060660171777922 -2
vertex 86.3333553495295 -10.247204418454098 -2
vertex 86.56066017178001 -10.060660171777922 -2
endloop
endfacet
facet normal 0 0 -1
outer loop
vertex 84.66664465047128 -10.247204418454098 -2
vertex 84.92597485145308 -10.385819298767228 -2
vertex 61 -10.385819298767228 -2
endloop
endfacet
facet normal 0 0 -1
outer loop
vertex 84.66664465047128 -10.247204418454098 -2
vertex 61 -10.385819298767228 -2
vertex 61 -10.247204418454098 -2
endloop
endfacet
facet normal 0 0 -1
outer loop
vertex 105 -10.247204418454098 -2
vertex 105 -10.385819298767228 -2
vertex 86.07402514854823 -10.385819298767228 -2
endloop
endfacet
facet normal 0 0 -1
outer loop
vertex 105 -10.247204418454098 -2
vertex 86.07402514854823 -10.385819298767228 -2
vertex 86.3333553495295 -10.247204418454098 -2
endloop
endfacet
facet normal 0 0 -1
outer loop
vertex 84.92597485145308 -10.385819298767228 -2
vertex 85.20736451697476 -10.471177920604612 -2
vertex 61 -10.471177920604612 -2
endloop
endfacet
facet normal 0 0 -1
outer loop
vertex 84.92597485145308 -10.385819298767228 -2
vertex 61 -10.471177920604612 -2
vertex 61 -10.385819298767228 -2
endloop
endfacet
facet normal 0 0 -1
outer loop
vertex 105 -10.385819298767228 -2
vertex 105 -10.471177920604612 -2
vertex 85.79263548302315 -10.471177920604612 -2
endloop
endfacet
facet normal 0 0 -1
outer loop
vertex 105 -10.385819298767228 -2
vertex 85.79263548302315 -10.471177920604612 -2
vertex 86.07402514854823 -10.385819298767228 -2
endloop
endfacet
facet normal 0 0 -1
outer loop
vertex 85.20736451697476 -10.471177920604612 -2
vertex 85.50000000000126 -10.499999999999993 -2
vertex 61 -10.499999999999993 -2
endloop
endfacet
facet normal 0 0 -1
outer loop
vertex 85.20736451697476 -10.471177920604612 -2
vertex 61 -10.499999999999993 -2
vertex 61 -10.471177920604612 -2
endloop
endfacet
facet normal 0 0 -1
outer loop
vertex 105 -10.471177920604612 -2
vertex 105 -10.499999999999993 -2
vertex 85.50000000000126 -10.499999999999993 -2
endloop
endfacet
facet normal 0 0 -1
outer loop
vertex 105 -10.471177920604612 -2
vertex 85.50000000000126 -10.499999999999993 -2
vertex 85.79263548302315 -10.471177920604612 -2
endloop
endfacet
facet normal 0 0 -1
outer loop
vertex 13.000000000000165 -7.000000000000028 -2
vertex 20.333317994311685 -7.000000000000028 -2
vertex 11.188661700000361 -10.91914499999987 -2
endloop
endfacet
facet normal 0 0 -1
outer loop
vertex 13.000000000000165 -7.000000000000028 -2
vertex 11.188661700000361 -10.91914499999987 -2
vertex 11.093764772339188 -10.954244657039784 -2
endloop
endfacet
facet normal 0 0 -1
outer loop
vertex 13.000000000000165 -7.000000000000028 -2
vertex 11.093764772339188 -10.954244657039784 -2
vertex 10.995807346134239 -10.979577829672282 -2
endloop
endfacet
facet normal 0 0 -1
outer loop
vertex 13.000000000000165 -7.000000000000028 -2
vertex 10.995807346134239 -10.979577829672282 -2
vertex 10.895791403384635 -10.994882671392144 -2
endloop
endfacet
facet normal 0 0 -1
outer loop
vertex 13.000000000000165 -7.000000000000028 -2
vertex 10.895791403384635 -10.994882671392144 -2
vertex 10.794773561461982 -11.000000668052149 -2
endloop
endfacet
facet normal 0 0 -1
outer loop
vertex 13.000000000000165 -7.000000000000028 -2
vertex 10.794773561461982 -11.000000668052149 -2
vertex -4.443211380904615 -11.000000668052149 -2
endloop
endfacet
facet normal 0 0 -1
outer loop
vertex 13.000000000000165 -7.000000000000028 -2
vertex -4.443211380904615 -11.000000668052149 -2
vertex -10.000000000000536 -11.000000668052149 -2
endloop
endfacet
facet normal 0 0 -1
outer loop
vertex 13.000000000000165 -7.000000000000028 -2
vertex -10.000000000000536 -11.000000668052149 -2
vertex -10.173648177666315 -10.98480775301228 -2
endloop
endfacet
facet normal 0 0 -1
outer loop
vertex 13.000000000000165 -7.000000000000028 -2
vertex -10.173648177666315 -10.98480775301228 -2
vertex -10.342020143327543 -10.939692620785314 -2
endloop
endfacet
facet normal 0 0 -1
outer loop
vertex 13.000000000000165 -7.000000000000028 -2
vertex -10.342020143327543 -10.939692620785314 -2
vertex -10.49999999999909 -10.866025403785144 -2
endloop
endfacet
facet normal 0 0 -1
outer loop
vertex 13.000000000000165 -7.000000000000028 -2
vertex -10.49999999999909 -10.866025403785144 -2
vertex -10.642787609686478 -10.76604444311909 -2
endloop
endfacet
facet normal 0 0 -1
outer loop
vertex 13.000000000000165 -7.000000000000028 -2
vertex -10.642787609686478 -10.76604444311909 -2
vertex -10.766044443119252 -10.642787609686316 -2
endloop
endfacet
facet normal 0 0 -1
outer loop
vertex 13.000000000000165 -7.000000000000028 -2
vertex -10.766044443119252 -10.642787609686316 -2
vertex -10.86602540378427 -10.499999999999993 -2
endloop
endfacet
facet normal 0 0 -1
outer loop
vertex 13.000000000000165 -7.000000000000028 -2
vertex -10.86602540378427 -10.499999999999993 -2
vertex -10.939692620785948 -10.342020143325637 -2
endloop
endfacet
facet normal 0 0 -1
outer loop
vertex 13.000000000000165 -7.000000000000028 -2
vertex -10.939692620785948 -10.342020143325637 -2
vertex -10.98480775301225 -10.173648177666884 -2
endloop
endfacet
facet normal 0 0 -1
outer loop
vertex 13.000000000000165 -7.000000000000028 -2
vertex -10.98480775301225 -10.173648177666884 -2
vertex -11 -10.000000000000439 -2
endloop
endfacet
facet normal 0 0 -1
outer loop
vertex 13.000000000000165 -7.000000000000028 -2
vertex -11 -10.000000000000439 -2
vertex -11 -7.000000000000028 -2
endloop
endfacet
facet normal 0 0 -1
outer loop
vertex 10.794773561461982 -11.000000668052149 -2
vertex 10.794740849999336 -11.000002325354991 -2
vertex 9.342061515029211 -11.000002325354991 -2
endloop
endfacet
facet normal 0 0 -1
outer loop
vertex 10.794773561461982 -11.000000668052149 -2
vertex 9.342061515029211 -11.000002325354991 -2
vertex -4.443211380904615 -11.000000668052149 -2
endloop
endfacet
facet normal 0 0 -1
outer loop
vertex 85.50000000000126 -10.499999999999993 -2
vertex 105 -10.499999999999993 -2
vertex 105 -15.979309500001163 -2
endloop
endfacet
facet normal 0 0 -1
outer loop
vertex 85.50000000000126 -10.499999999999993 -2
vertex 105 -15.979309500001163 -2
vertex 61 -15.979309500001163 -2
endloop
endfacet
facet normal 0 0 -1
outer loop
vertex 85.50000000000126 -10.499999999999993 -2
vertex 61 -15.979309500001163 -2
vertex 61 -10.499999999999993 -2
endloop
endfacet
facet normal 0 0 -1
outer loop
vertex 105 -15.979309500001163 -2
vertex 105.01276938393787 -16.138612755314785 -2
vertex 61 -16.138612755314785 -2
endloop
endfacet
facet normal 0 0 -1
outer loop
vertex 105 -15.979309500001163 -2
vertex 61 -16.138612755314785 -2
vertex 61 -15.979309500001163 -2
endloop
endfacet
facet normal 0 0 -1
outer loop
vertex 105.01276938393787 -16.138612755314785 -2
vertex 105.0507547087453 -16.293851966928642 -2
vertex 61 -16.293851966928642 -2
endloop
endfacet
facet normal 0 0 -1
outer loop
vertex 105.01276938393787 -16.138612755314785 -2
vertex 61 -16.293851966928642 -2
vertex 61 -16.138612755314785 -2
endloop
endfacet
facet normal 0 0 -1
outer loop
vertex 105.0507547087453 -16.293851966928642 -2
vertex 105.11298574954758 -16.44105724973747 -2
vertex 61 -16.44105724973747 -2
endloop
endfacet
facet normal 0 0 -1
outer loop
vertex 105.0507547087453 -16.293851966928642 -2
vertex 61 -16.44105724973747 -2
vertex 61 -16.293851966928642 -2
endloop
endfacet
facet normal 0 0 -1
outer loop
vertex 105.11298574954758 -16.44105724973747 -2
vertex 105.1978729950037 -16.576468671992338 -2
vertex 61 -16.576468671992338 -2
endloop
endfacet
facet normal 0 0 -1
outer loop
vertex 105.11298574954758 -16.44105724973747 -2
vertex 61 -16.576468671992338 -2
vertex 61 -16.44105724973747 -2
endloop
endfacet
facet normal 0 0 -1
outer loop
vertex 105.1978729950037 -16.576468671992338 -2
vertex 105.30324824682145 -16.69662754195546 -2
vertex 61 -16.69662754195546 -2
endloop
endfacet
facet normal 0 0 -1
outer loop
vertex 105.1978729950037 -16.576468671992338 -2
vertex 61 -16.69662754195546 -2
vertex 61 -16.576468671992338 -2
endloop
endfacet
facet normal 0 0 -1
outer loop
vertex 105.30324824682145 -16.69662754195546 -2
vertex 105.42642000000106 -16.798464750000644 -2
vertex 61 -16.798464750000644 -2
endloop
endfacet
facet normal 0 0 -1
outer loop
vertex 105.30324824682145 -16.69662754195546 -2
vertex 61 -16.798464750000644 -2
vertex 61 -16.69662754195546 -2
endloop
endfacet
facet normal 0 0 -1
outer loop
vertex 105.42642000000106 -16.798464750000644 -2
vertex 107.7486293999982 -18.424487499998634 -2
vertex 107.86971388435292 -18.524295947683953 -2
endloop
endfacet
facet normal 0 0 -1
outer loop
vertex 105.42642000000106 -16.798464750000644 -2
vertex 107.86971388435292 -18.524295947683953 -2
vertex 107.87589804686016 -18.531285764289137 -2.000000000000001
endloop
endfacet
facet normal 0 0 -1
outer loop
vertex 105.42642000000106 -16.798464750000644 -2
vertex 107.87589804686016 -18.531285764289137 -2.000000000000001
vertex 107.91180155315145 -18.57186667143163 -2.000000000000001
endloop
endfacet
facet normal 0 0 -1
outer loop
vertex 105.42642000000106 -16.798464750000644 -2
vertex 107.91180155315145 -18.57186667143163 -2.000000000000001
vertex 107.97369305249616 -18.64182120922638 -2
endloop
endfacet
facet normal 0 0 -1
outer loop
vertex 105.42642000000106 -16.798464750000644 -2
vertex 107.97369305249616 -18.64182120922638 -2
vertex 107.98376098721954 -18.65762449454045 -2
endloop
endfacet
facet normal 0 0 -1
outer loop
vertex 105.42642000000106 -16.798464750000644 -2
vertex 107.98376098721954 -18.65762449454045 -2
vertex 108.01850000441807 -18.712153115891553 -2
endloop
endfacet
facet normal 0 0 -1
outer loop
vertex 105.42642000000106 -16.798464750000644 -2
vertex 108.01850000441807 -18.712153115891553 -2
vertex 108.05800683650558 -18.77416560966388 -2
endloop
endfacet
facet normal 0 0 -1
outer loop
vertex 105.42642000000106 -16.798464750000644 -2
vertex 108.05800683650558 -18.77416560966388 -2
vertex 108.0693055170767 -18.800150496641898 -2.000000000000001
endloop
endfacet
facet normal 0 0 -1
outer loop
vertex 105.42642000000106 -16.798464750000644 -2
vertex 108.0693055170767 -18.800150496641898 -2.000000000000001
vertex 108.09664245976018 -18.863020436320667 -2.000000000000001
endloop
endfacet
facet normal 0 0 -1
outer loop
vertex 105.42642000000106 -16.798464750000644 -2
vertex 108.09664245976018 -18.863020436320667 -2.000000000000001
vertex 108.12057910606184 -18.91807031978876 -2
endloop
endfacet
facet normal 0 0 -1
outer loop
vertex 105.42642000000106 -16.798464750000644 -2
vertex 108.12057910606184 -18.91807031978876 -2
vertex 108.13015265784517 -18.95508811603818 -2.000000000000001
endloop
endfacet
facet normal 0 0 -1
outer loop
vertex 105.42642000000106 -16.798464750000644 -2
vertex 108.13015265784517 -18.95508811603818 -2.000000000000001
vertex 108.1476874486982 -19.022889422153828 -2.000000000000001
endloop
endfacet
facet normal 0 0 -1
outer loop
vertex 105.42642000000106 -16.798464750000644 -2
vertex 108.1476874486982 -19.022889422153828 -2.000000000000001
vertex 108.1598690906745 -19.069991850893874 -2
endloop
endfacet
facet normal 0 0 -1
outer loop
vertex 105.42642000000106 -16.798464750000644 -2
vertex 108.1598690906745 -19.069991850893874 -2
vertex 108.16453193925994 -19.118416985045975 -2
endloop
endfacet
facet normal 0 0 -1
outer loop
vertex 105.42642000000106 -16.798464750000644 -2
vertex 108.16453193925994 -19.118416985045975 -2
vertex 108.17124448247372 -19.188128836004424 -2
endloop
endfacet
facet normal 0 0 -1
outer loop
vertex 105.42642000000106 -16.798464750000644 -2
vertex 108.17124448247372 -19.188128836004424 -2
vertex 108.17490931949163 -19.2261893093366 -2
endloop
endfacet
facet normal 0 0 -1
outer loop
vertex 105.42642000000106 -16.798464750000644 -2
vertex 108.17490931949163 -19.2261893093366 -2
vertex 108.17124500096654 -19.286099478904354 -2.000000000000001
endloop
endfacet
facet normal 0 0 -1
outer loop
vertex 105.42642000000106 -16.798464750000644 -2
vertex 108.17124500096654 -19.286099478904354 -2.000000000000001
vertex 108.16705924107305 -19.354535010169155 -2.000000000000001
endloop
endfacet
facet normal 0 0 -1
outer loop
vertex 105.42642000000106 -16.798464750000644 -2
vertex 108.16705924107305 -19.354535010169155 -2.000000000000001
vertex 108.16532944410511 -19.382816511615047 -2
endloop
endfacet
facet normal 0 0 -1
outer loop
vertex 105.42642000000106 -16.798464750000644 -2
vertex 108.16532944410511 -19.382816511615047 -2
vertex 108.14941778604299 -19.454588467453636 -2.000000000000001
endloop
endfacet
facet normal 0 0 -1
outer loop
vertex 105.42642000000106 -16.798464750000644 -2
vertex 108.14941778604299 -19.454588467453636 -2.000000000000001
vertex 108.13542065777357 -19.517724645223176 -2.000000000000001
endloop
endfacet
facet normal 0 0 -1
outer loop
vertex 105.42642000000106 -16.798464750000644 -2
vertex 108.13542065777357 -19.517724645223176 -2.000000000000001
vertex 108.13136535797177 -19.536016692296293 -2
endloop
endfacet
facet normal 0 0 -1
outer loop
vertex 105.42642000000106 -16.798464750000644 -2
vertex 108.13136535797177 -19.536016692296293 -2
vertex 108.09714327021364 -19.62289341545004 -2
endloop
endfacet
facet normal 0 0 -1
outer loop
vertex 105.42642000000106 -16.798464750000644 -2
vertex 108.09714327021364 -19.62289341545004 -2
vertex 108.07727314889146 -19.67333601384841 -2
endloop
endfacet
facet normal 0 0 -1
outer loop
vertex 105.42642000000106 -16.798464750000644 -2
vertex 108.07727314889146 -19.67333601384841 -2
vertex 108.07385338780952 -19.682017472410134 -2
endloop
endfacet
facet normal 0 0 -1
outer loop
vertex 105.42642000000106 -16.798464750000644 -2
vertex 108.07385338780952 -19.682017472410134 -2
vertex 107.99420969999846 -19.817223750002125 -2
endloop
endfacet
facet normal 0 0 -1
outer loop
vertex 105.42642000000106 -16.798464750000644 -2
vertex 107.99420969999846 -19.817223750002125 -2
vertex 103.6649813003785 -25.999997149999384 -2
endloop
endfacet
facet normal 0 0 -1
outer loop
vertex 105.42642000000106 -16.798464750000644 -2
vertex 103.6649813003785 -25.999997149999384 -2
vertex 80.6712718434643 -25.999997149999384 -2
endloop
endfacet
facet normal 0 0 -1
outer loop
vertex 105.42642000000106 -16.798464750000644 -2
vertex 80.6712718434643 -25.999997149999384 -2
vertex 61.99999999999413 -25.999999151806172 -2
endloop
endfacet
facet normal 0 0 -1
outer loop
vertex 105.42642000000106 -16.798464750000644 -2
vertex 61.99999999999413 -25.999999151806172 -2
vertex 61.99997711796033 -25.999997149999384 -2
endloop
endfacet
facet normal 0 0 -1
outer loop
vertex 105.42642000000106 -16.798464750000644 -2
vertex 61.99997711796033 -25.999997149999384 -2
vertex 61.826351822333855 -25.984807753012326 -2
endloop
endfacet
facet normal 0 0 -1
outer loop
vertex 105.42642000000106 -16.798464750000644 -2
vertex 61.826351822333855 -25.984807753012326 -2
vertex 61.65797985667392 -25.939692620785706 -2
endloop
endfacet
facet normal 0 0 -1
outer loop
vertex 105.42642000000106 -16.798464750000644 -2
vertex 61.65797985667392 -25.939692620785706 -2
vertex 61.499999999999 -25.866025403783958 -2
endloop
endfacet
facet normal 0 0 -1
outer loop
vertex 105.42642000000106 -16.798464750000644 -2
vertex 61.499999999999 -25.866025403783958 -2
vertex 61.3572123903133 -25.766044443119085 -2
endloop
endfacet
facet normal 0 0 -1
outer loop
vertex 105.42642000000106 -16.798464750000644 -2
vertex 61.3572123903133 -25.766044443119085 -2
vertex 61.233955556880694 -25.64278760968648 -2
endloop
endfacet
facet normal 0 0 -1
outer loop
vertex 105.42642000000106 -16.798464750000644 -2
vertex 61.233955556880694 -25.64278760968648 -2
vertex 61.133974596216746 -25.500000000002103 -2
endloop
endfacet
facet normal 0 0 -1
outer loop
vertex 105.42642000000106 -16.798464750000644 -2
vertex 61.133974596216746 -25.500000000002103 -2
vertex 61.060307379213626 -25.342020143324216 -2
endloop
endfacet
facet normal 0 0 -1
outer loop
vertex 105.42642000000106 -16.798464750000644 -2
vertex 61.060307379213626 -25.342020143324216 -2
vertex 61.015192246987624 -25.17364817766659 -2
endloop
endfacet
facet normal 0 0 -1
outer loop
vertex 105.42642000000106 -16.798464750000644 -2
vertex 61.015192246987624 -25.17364817766659 -2
vertex 61 -25.0000000000016 -2
endloop
endfacet
facet normal 0 0 -1
outer loop
vertex 105.42642000000106 -16.798464750000644 -2
vertex 61 -25.0000000000016 -2
vertex 61 -16.798464750000644 -2
endloop
endfacet
facet normal 0 0 1
outer loop
vertex 61.99999999999413 -25.999999151806172 -2
vertex 67.55678876843263 -25.999999151806172 -2
vertex 80.6712718434643 -25.999997149999384 -2
endloop
endfacet
facet normal 0 0 1
outer loop
vertex 61.99999999999413 -25.999999151806172 -2
vertex 80.6712718434643 -25.999997149999384 -2
vertex 67.55678876843263 -25.999999151806172 -2
endloop
endfacet
facet normal 0 0 1
outer loop
vertex 61.99999999999413 -25.999999151806172 -2
vertex 67.55678876843263 -25.999999151806172 -2
vertex 61.99999999999413 -25.999999151806172 -2
endloop
endfacet
facet normal 0 0 1
outer loop
vertex 61.99999999999413 -25.999999151806172 -2
vertex 61.99999999999413 -25.999999151806172 -2
vertex 61.99997711796033 -25.999997149999384 -2
endloop
endfacet
facet normal 0 0 -1
outer loop
vertex 103.6649813003785 -25.999997149999384 -2
vertex 103.6593369684824 -26.008058084162855 -2
vertex 80.79797142011675 -26.008058084162855 -2
endloop
endfacet
facet normal 0 0 -1
outer loop
vertex 103.6649813003785 -25.999997149999384 -2
vertex 80.79797142011675 -26.008058084162855 -2
vertex 80.6712718434643 -25.999997149999384 -2
endloop
endfacet
facet normal 0 0 -1
outer loop
vertex 103.6593369684824 -26.008058084162855 -2
vertex 103.64249782365685 -26.03210685385015 -2
vertex 80.92262861566945 -26.03210685385015 -2
endloop
endfacet
facet normal 0 0 -1
outer loop
vertex 103.6593369684824 -26.008058084162855 -2
vertex 80.92262861566945 -26.03210685385015 -2
vertex 80.79797142011675 -26.008058084162855 -2
endloop
endfacet
facet normal 0 0 -1
outer loop
vertex 103.64249782365685 -26.03210685385015 -2
vertex 103.61473527519117 -26.071755846771115 -2
vertex 81.04323424193689 -26.071755846771115 -2
endloop
endfacet
facet normal 0 0 -1
outer loop
vertex 103.64249782365685 -26.03210685385015 -2
vertex 81.04323424193689 -26.071755846771115 -2
vertex 80.92262861566945 -26.03210685385015 -2
endloop
endfacet
facet normal 0 0 -1
outer loop
vertex 103.61473527519117 -26.071755846771115 -2
vertex 103.57649679317176 -26.126366009983258 -2
vertex 81.15784440640961 -26.126366009983258 -2
endloop
endfacet
facet normal 0 0 -1
outer loop
vertex 103.61473527519117 -26.071755846771115 -2
vertex 81.15784440640961 -26.126366009983258 -2
vertex 81.04323424193689 -26.071755846771115 -2
endloop
endfacet
facet normal 0 0 -1
outer loop
vertex 103.57649679317176 -26.126366009983258 -2
vertex 103.5284006918523 -26.195054300004553 -2
vertex 81.26461370000655 -26.195054300004553 -2
endloop
endfacet
facet normal 0 0 -1
outer loop
vertex 103.57649679317176 -26.126366009983258 -2
vertex 81.26461370000655 -26.195054300004553 -2
vertex 81.15784440640961 -26.126366009983258 -2
endloop
endfacet
facet normal 0 0 -1
outer loop
vertex 103.5284006918523 -26.195054300004553 -2
vertex 96.53681400000067 -36.180065999999336 -2
vertex 96.43530723335985 -36.30289523107584 -2
endloop
endfacet
facet normal 0 0 -1
outer loop
vertex 103.5284006918523 -26.195054300004553 -2
vertex 96.43530723335985 -36.30289523107584 -2
vertex 96.3155805815262 -36.40804514066026 -2
endloop
endfacet
facet normal 0 0 -1
outer loop
vertex 103.5284006918523 -26.195054300004553 -2
vertex 96.3155805815262 -36.40804514066026 -2
vertex 96.18067202089883 -36.49284287004979 -2
endloop
endfacet
facet normal 0 0 -1
outer loop
vertex 103.5284006918523 -26.195054300004553 -2
vertex 96.18067202089883 -36.49284287004979 -2
vertex 96.0340070112944 -36.555135322263524 -2
endloop
endfacet
facet normal 0 0 -1
outer loop
vertex 103.5284006918523 -26.195054300004553 -2
vertex 96.0340070112944 -36.555135322263524 -2
vertex 95.87930952026835 -36.593340831218086 -2
endloop
endfacet
facet normal 0 0 -1
outer loop
vertex 103.5284006918523 -26.195054300004553 -2
vertex 95.87930952026835 -36.593340831218086 -2
vertex 95.72050746790347 -36.60648932180429 -2
endloop
endfacet
facet normal 0 0 -1
outer loop
vertex 103.5284006918523 -26.195054300004553 -2
vertex 95.72050746790347 -36.60648932180429 -2
vertex 95.56163299305905 -36.59424694103329 -2
endloop
endfacet
facet normal 0 0 -1
outer loop
vertex 103.5284006918523 -26.195054300004553 -2
vertex 95.56163299305905 -36.59424694103329 -2
vertex 95.40672007351327 -36.556924534884594 -2
endloop
endfacet
facet normal 0 0 -1
outer loop
vertex 103.5284006918523 -26.195054300004553 -2
vertex 95.40672007351327 -36.556924534884594 -2
vertex 95.25970209927299 -36.49546975562534 -2
endloop
endfacet
facet normal 0 0 -1
outer loop
vertex 103.5284006918523 -26.195054300004553 -2
vertex 95.25970209927299 -36.49546975562534 -2
vertex 95.1243120000055 -36.41144300000371 -2
endloop
endfacet
facet normal 0 0 -1
outer loop
vertex 103.5284006918523 -26.195054300004553 -2
vertex 95.1243120000055 -36.41144300000371 -2
vertex 81.26461370000655 -26.195054300004553 -2
endloop
endfacet
facet normal -0.9951847266721977 0.09801714032955289 0
outer loop
vertex 6.784628224322253 45.34392774238654 -1
vertex 6.799999999999842 45.500000000001215 -1
vertex 6.799999999999844 45.50000000000122 -3.450000000000002
endloop
endfacet
facet normal -0.9951847266721977 0.09801714032955289 0
outer loop
vertex 6.784628224322253 45.34392774238654 -1
vertex 6.799999999999844 45.50000000000122 -3.450000000000002
vertex 6.7846282243222555 45.34392774238655 -3.450000000000002
endloop
endfacet
facet normal -0.9951847266721969 -0.09801714032955997 0
outer loop
vertex 6.799999999999842 45.500000000001215 -1
vertex 6.784628224322539 45.65607225761297 -1
vertex 6.784628224322541 45.65607225761296 -3.45
endloop
endfacet
facet normal -0.9951847266721969 -0.09801714032955997 0
outer loop
vertex 6.799999999999842 45.500000000001215 -1
vertex 6.784628224322541 45.65607225761296 -3.45
vertex 6.799999999999844 45.50000000000122 -3.450000000000002
endloop
endfacet
facet normal -0.9569403357322079 -0.29028467725446566 0
outer loop
vertex 6.784628224322539 45.65607225761297 -1
vertex 6.739103626009134 45.80614674589164 -1
vertex 6.739103626009138 45.806146745891645 -3.45
endloop
endfacet
facet normal -0.9569403357322079 -0.29028467725446566 0
outer loop
vertex 6.784628224322539 45.65607225761297 -1
vertex 6.739103626009138 45.806146745891645 -3.45
vertex 6.784628224322541 45.65607225761296 -3.45
endloop
endfacet
facet normal -0.8819212643483493 -0.47139673682600836 0
outer loop
vertex 6.739103626009134 45.80614674589164 -1
vertex 6.6651756898411865 45.94445618641703 -1
vertex 6.665175689841188 45.94445618641702 -3.45
endloop
endfacet
facet normal -0.8819212643483493 -0.47139673682600836 0
outer loop
vertex 6.739103626009134 45.80614674589164 -1
vertex 6.665175689841188 45.94445618641702 -3.45
vertex 6.739103626009138 45.806146745891645 -3.45
endloop
endfacet
facet normal -0.7730104533627445 -0.6343932841636364 0
outer loop
vertex 6.6651756898411865 45.94445618641703 -1
vertex 6.565685424950114 46.065685424948484 -1
vertex 6.565685424950114 46.06568542494849 -3.450000000000002
endloop
endfacet
facet normal -0.7730104533627445 -0.6343932841636364 0
outer loop
vertex 6.6651756898411865 45.94445618641703 -1
vertex 6.565685424950114 46.06568542494849 -3.450000000000002
vertex 6.665175689841188 45.94445618641702 -3.45
endloop
endfacet
facet normal -0.6343932841636539 -0.77301045336273 0
outer loop
vertex 6.565685424950114 46.065685424948484 -1
vertex 6.444456186415286 46.16517568984233 -1
vertex 6.44445618641528 46.16517568984233 -3.45
endloop
endfacet
facet normal -0.6343932841636539 -0.77301045336273 0
outer loop
vertex 6.565685424950114 46.065685424948484 -1
vertex 6.44445618641528 46.16517568984233 -3.45
vertex 6.565685424950114 46.06568542494849 -3.450000000000002
endloop
endfacet
facet normal -0.47139673682597344 -0.881921264348368 0
outer loop
vertex 6.444456186415286 46.16517568984233 -1
vertex 6.306146745891893 46.239103626009204 -1
vertex 6.306146745891892 46.239103626009204 -3.450000000000002
endloop
endfacet
facet normal -0.47139673682597344 -0.881921264348368 0
outer loop
vertex 6.444456186415286 46.16517568984233 -1
vertex 6.306146745891892 46.239103626009204 -3.450000000000002
vertex 6.44445618641528 46.16517568984233 -3.45
endloop
endfacet
facet normal -0.2902846772544689 -0.9569403357322068 0
outer loop
vertex 6.306146745891893 46.239103626009204 -1
vertex 6.15607225761357 46.2846282243225 -1
vertex 6.156072257613567 46.284628224322496 -3.45
endloop
endfacet
facet normal -0.2902846772544689 -0.9569403357322068 0
outer loop
vertex 6.306146745891893 46.239103626009204 -1
vertex 6.156072257613567 46.284628224322496 -3.45
vertex 6.306146745891892 46.239103626009204 -3.450000000000002
endloop
endfacet
facet normal -0.09801714032955997 -0.9951847266721969 0
outer loop
vertex 6.15607225761357 46.2846282243225 -1
vertex 6.000000000000133 46.29999999999997 -1
vertex 6.000000000000133 46.299999999999976 -3.45
endloop
endfacet
facet normal -0.09801714032955997 -0.9951847266721969 0
outer loop
vertex 6.15607225761357 46.2846282243225 -1
vertex 6.000000000000133 46.299999999999976 -3.45
vertex 6.156072257613567 46.284628224322496 -3.45
endloop
endfacet
facet normal 0.09801714032955997 -0.9951847266721969 0
outer loop
vertex 6.000000000000133 46.29999999999997 -1
vertex 5.843927742386556 46.2846282243225 -1
vertex 5.8439277423865565 46.284628224322496 -3.45
endloop
endfacet
facet normal 0.09801714032955997 -0.9951847266721969 0
outer loop
vertex 6.000000000000133 46.29999999999997 -1
vertex 5.8439277423865565 46.284628224322496 -3.45
vertex 6.000000000000133 46.299999999999976 -3.45
endloop
endfacet
facet normal 0.2902846772544619 -0.956940335732209 0
outer loop
vertex 5.843927742386556 46.2846282243225 -1
vertex 5.693853254108753 46.239103626009204 -1
vertex 5.693853254108715 46.23910362600933 -3.45
endloop
endfacet
facet normal 0.2902846772544619 -0.956940335732209 0
outer loop
vertex 5.843927742386556 46.2846282243225 -1
vertex 5.693853254108715 46.23910362600933 -3.45
vertex 5.8439277423865565 46.284628224322496 -3.45
endloop
endfacet
facet normal 0.4713967368259664 -0.8819212643483717 0
outer loop
vertex 5.693853254108753 46.239103626009204 -1
vertex 5.555543813584036 46.16517568984233 -1
vertex 5.555543813584276 46.165175689841895 -3.45
endloop
endfacet
facet normal 0.4713967368259664 -0.8819212643483717 0
outer loop
vertex 5.693853254108753 46.239103626009204 -1
vertex 5.555543813584276 46.165175689841895 -3.45
vertex 5.693853254108715 46.23910362600933 -3.45
endloop
endfacet
facet normal 0.634393284163656 -0.7730104533627282 0
outer loop
vertex 5.555543813584036 46.16517568984233 -1
vertex 5.434314575051499 46.065685424948484 -1
vertex 5.434314575050863 46.065685424949265 -3.45
endloop
endfacet
facet normal 0.634393284163656 -0.7730104533627282 0
outer loop
vertex 5.555543813584036 46.16517568984233 -1
vertex 5.434314575050863 46.065685424949265 -3.45
vertex 5.555543813584276 46.165175689841895 -3.45
endloop
endfacet
facet normal 0.7730104533627389 -0.6343932841636432 0
outer loop
vertex 5.434314575051499 46.065685424948484 -1
vertex 5.334824310157637 45.94445618641703 -1
vertex 5.334824310158652 45.94445618641618 -3.45
endloop
endfacet
facet normal 0.7730104533627389 -0.6343932841636432 0
outer loop
vertex 5.434314575051499 46.065685424948484 -1
vertex 5.334824310158652 45.94445618641618 -3.45
vertex 5.434314575050863 46.065685424949265 -3.45
endloop
endfacet
facet normal 0.8819212643483494 -0.47139673682600847 0
outer loop
vertex 5.334824310157637 45.94445618641703 -1
vertex 5.260896373991407 45.80614674589164 -1
vertex 5.260896373990935 45.8061467458919 -3.450000000000002
endloop
endfacet
facet normal 0.8819212643483494 -0.47139673682600847 0
outer loop
vertex 5.334824310157637 45.94445618641703 -1
vertex 5.260896373990935 45.8061467458919 -3.450000000000002
vertex 5.334824310158652 45.94445618641618 -3.45
endloop
endfacet
facet normal 0.9569403357322066 -0.29028467725447 0
outer loop
vertex 5.260896373991407 45.80614674589164 -1
vertex 5.21537177567742 45.65607225761297 -1
vertex 5.215371775677636 45.656072257612905 -3.450000000000002
endloop
endfacet
facet normal 0.9569403357322066 -0.29028467725447 0
outer loop
vertex 5.260896373991407 45.80614674589164 -1
vertex 5.215371775677636 45.656072257612905 -3.450000000000002
vertex 5.260896373990935 45.8061467458919 -3.450000000000002
endloop
endfacet
facet normal 0.9951847266721969 -0.0980171403295601 0
outer loop
vertex 5.21537177567742 45.65607225761297 -1
vertex 5.200000000000028 45.500000000001215 -1
vertex 5.200000000000193 45.500000000001194 -3.45
endloop
endfacet
facet normal 0.9951847266721969 -0.0980171403295601 0
outer loop
vertex 5.21537177567742 45.65607225761297 -1
vertex 5.200000000000193 45.500000000001194 -3.45
vertex 5.215371775677636 45.656072257612905 -3.450000000000002
endloop
endfacet
facet normal 0.9951847266721969 0.09801714032955999 0
outer loop
vertex 5.200000000000028 45.500000000001215 -1
vertex 5.215371775677399 45.34392774238654 -1
vertex 5.215371775677448 45.34392774238654 -3.45
endloop
endfacet
facet normal 0.9951847266721969 0.09801714032955999 0
outer loop
vertex 5.200000000000028 45.500000000001215 -1
vertex 5.215371775677448 45.34392774238654 -3.45
vertex 5.200000000000193 45.500000000001194 -3.45
endloop
endfacet
facet normal 0.9569403357322079 0.29028467725446566 0
outer loop
vertex 5.215371775677399 45.34392774238654 -1
vertex 5.260896373990791 45.19385325410829 -1
vertex 5.26089637399083 45.19385325410831 -3.45
endloop
endfacet
facet normal 0.9569403357322079 0.29028467725446566 0
outer loop
vertex 5.215371775677399 45.34392774238654 -1
vertex 5.26089637399083 45.19385325410831 -3.45
vertex 5.215371775677448 45.34392774238654 -3.45
endloop
endfacet
facet normal 0.8819212643483512 0.4713967368260049 0
outer loop
vertex 5.260896373990791 45.19385325410829 -1
vertex 5.334824310157717 45.05554381358414 -1
vertex 5.334824310158048 45.05554381358432 -3.45
endloop
endfacet
facet normal 0.8819212643483512 0.4713967368260049 0
outer loop
vertex 5.260896373990791 45.19385325410829 -1
vertex 5.334824310158048 45.05554381358432 -3.45
vertex 5.26089637399083 45.19385325410831 -3.45
endloop
endfacet
facet normal 0.7730104533627445 0.6343932841636364 0
outer loop
vertex 5.334824310157717 45.05554381358414 -1
vertex 5.434314575051583 44.934314575050166 -1
vertex 5.434314575051548 44.934314575050145 -3.450000000000002
endloop
endfacet
facet normal 0.7730104533627445 0.6343932841636364 0
outer loop
vertex 5.334824310157717 45.05554381358414 -1
vertex 5.434314575051548 44.934314575050145 -3.450000000000002
vertex 5.334824310158048 45.05554381358432 -3.45
endloop
endfacet
facet normal 0.6343932841636539 0.77301045336273 0
outer loop
vertex 5.434314575051583 44.934314575050166 -1
vertex 5.555543813584368 44.834824310158226 -1
vertex 5.555543813584215 44.83482431015805 -3.45
endloop
endfacet
facet normal 0.6343932841636539 0.77301045336273 0
outer loop
vertex 5.434314575051583 44.934314575050166 -1
vertex 5.555543813584215 44.83482431015805 -3.45
vertex 5.434314575051548 44.934314575050145 -3.450000000000002
endloop
endfacet
facet normal 0.4713967368259789 0.881921264348365 0
outer loop
vertex 5.555543813584368 44.834824310158226 -1
vertex 5.693853254107974 44.76089637399078 -1
vertex 5.693853254108038 44.7608963739909 -3.45
endloop
endfacet
facet normal 0.4713967368259789 0.881921264348365 0
outer loop
vertex 5.555543813584368 44.834824310158226 -1
vertex 5.693853254108038 44.7608963739909 -3.45
vertex 5.555543813584215 44.83482431015805 -3.45
endloop
endfacet
facet normal 0.29028467725446194 0.956940335732209 0
outer loop
vertex 5.693853254107974 44.76089637399078 -1
vertex 5.843927742386991 44.71537177567736 -1
vertex 5.843927742387009 44.71537177567742 -3.450000000000002
endloop
endfacet
facet normal 0.29028467725446194 0.956940335732209 0
outer loop
vertex 5.693853254107974 44.76089637399078 -1
vertex 5.843927742387009 44.71537177567742 -3.450000000000002
vertex 5.693853254108038 44.7608963739909 -3.45
endloop
endfacet
facet normal 0.09801714032955997 0.9951847266721969 0
outer loop
vertex 5.843927742386991 44.71537177567736 -1
vertex 6.000000000000248 44.699999999999974 -1
vertex 6.000000000000247 44.699999999999974 -3.45
endloop
endfacet
facet normal 0.09801714032955997 0.9951847266721969 0
outer loop
vertex 5.843927742386991 44.71537177567736 -1
vertex 6.000000000000247 44.699999999999974 -3.45
vertex 5.843927742387009 44.71537177567742 -3.450000000000002
endloop
endfacet
facet normal -0.09801714032955997 0.9951847266721969 0
outer loop
vertex 6.000000000000248 44.699999999999974 -1
vertex 6.156072257612851 44.71537177567736 -1
vertex 6.156072257612851 44.71537177567737 -3.45
endloop
endfacet
facet normal -0.09801714032955997 0.9951847266721969 0
outer loop
vertex 6.000000000000248 44.699999999999974 -1
vertex 6.156072257612851 44.71537177567737 -3.45
vertex 6.000000000000247 44.699999999999974 -3.45
endloop
endfacet
facet normal -0.29028467725446194 0.956940335732209 0
outer loop
vertex 6.156072257612851 44.71537177567736 -1
vertex 6.306146745891586 44.76089637399078 -1
vertex 6.306146745891585 44.76089637399079 -3.450000000000002
endloop
endfacet
facet normal -0.29028467725446194 0.956940335732209 0
outer loop
vertex 6.156072257612851 44.71537177567736 -1
vertex 6.306146745891585 44.76089637399079 -3.450000000000002
vertex 6.156072257612851 44.71537177567737 -3.45
endloop
endfacet
facet normal -0.47139673682597344 0.881921264348368 0
outer loop
vertex 6.306146745891586 44.76089637399078 -1
vertex 6.44445618641605 44.834824310158226 -1
vertex 6.444456186416051 44.834824310158226 -3.450000000000002
endloop
endfacet
facet normal -0.47139673682597344 0.881921264348368 0
outer loop
vertex 6.306146745891586 44.76089637399078 -1
vertex 6.444456186416051 44.834824310158226 -3.450000000000002
vertex 6.306146745891585 44.76089637399079 -3.450000000000002
endloop
endfacet
facet normal -0.634393284163656 0.7730104533627282 0
outer loop
vertex 6.44445618641605 44.834824310158226 -1
vertex 6.565685424948554 44.934314575050166 -1
vertex 6.565685424948562 44.934314575050166 -3.45
endloop
endfacet
facet normal -0.634393284163656 0.7730104533627282 0
outer loop
vertex 6.44445618641605 44.834824310158226 -1
vertex 6.565685424948562 44.934314575050166 -3.45
vertex 6.444456186416051 44.834824310158226 -3.450000000000002
endloop
endfacet
facet normal -0.7730104533627445 0.6343932841636364 0
outer loop
vertex 6.565685424948554 44.934314575050166 -1
vertex 6.665175689841689 45.05554381358414 -1
vertex 6.665175689841689 45.055543813584144 -3.450000000000002
endloop
endfacet
facet normal -0.7730104533627445 0.6343932841636364 0
outer loop
vertex 6.565685424948554 44.934314575050166 -1
vertex 6.665175689841689 45.055543813584144 -3.450000000000002
vertex 6.565685424948562 44.934314575050166 -3.45
endloop
endfacet
facet normal -0.8819212643483537 0.47139673682600003 0
outer loop
vertex 6.665175689841689 45.05554381358414 -1
vertex 6.739103626008976 45.19385325410829 -1
vertex 6.739103626008978 45.1938532541083 -3.45
endloop
endfacet
facet normal -0.8819212643483537 0.47139673682600003 0
outer loop
vertex 6.665175689841689 45.05554381358414 -1
vertex 6.739103626008978 45.1938532541083 -3.45
vertex 6.665175689841689 45.055543813584144 -3.450000000000002
endloop
endfacet
facet normal -0.956940335732209 0.29028467725446205 0
outer loop
vertex 6.739103626008976 45.19385325410829 -1
vertex 6.784628224322253 45.34392774238654 -1
vertex 6.7846282243222555 45.34392774238655 -3.450000000000002
endloop
endfacet
facet normal -0.956940335732209 0.29028467725446205 0
outer loop
vertex 6.739103626008976 45.19385325410829 -1
vertex 6.7846282243222555 45.34392774238655 -3.450000000000002
vertex 6.739103626008978 45.1938532541083 -3.45
endloop
endfacet
facet normal -0.9951847266721969 0.09801714032955999 0
outer loop
vertex 13.784628224322578 -5.656072257612997 -1
vertex 13.799999999999995 -5.500000000000069 -1
vertex 13.799999999999995 -5.500000000000069 -3.45
endloop
endfacet
facet normal -0.9951847266721969 0.09801714032955999 0
outer loop
vertex 13.784628224322578 -5.656072257612997 -1
vertex 13.799999999999995 -5.500000000000069 -3.45
vertex 13.784628224322578 -5.656072257612996 -3.45
endloop
endfacet
facet normal -0.9951847266721969 -0.09801714032955999 0
outer loop
vertex 13.799999999999995 -5.500000000000069 -1
vertex 13.78462822432259 -5.343927742387283 -1
vertex 13.78462822432259 -5.343927742387283 -3.45
endloop
endfacet
facet normal -0.9951847266721969 -0.09801714032955999 0
outer loop
vertex 13.799999999999995 -5.500000000000069 -1
vertex 13.78462822432259 -5.343927742387283 -3.45
vertex 13.799999999999995 -5.500000000000069 -3.45
endloop
endfacet
facet normal -0.956940335732209 -0.29028467725446205 0
outer loop
vertex 13.78462822432259 -5.343927742387283 -1
vertex 13.739103626008893 -5.193853254107644 -1
vertex 13.739103626008896 -5.193853254107644 -3.450000000000002
endloop
endfacet
facet normal -0.956940335732209 -0.29028467725446205 0
outer loop
vertex 13.78462822432259 -5.343927742387283 -1
vertex 13.739103626008896 -5.193853254107644 -3.450000000000002
vertex 13.78462822432259 -5.343927742387283 -3.45
endloop
endfacet
facet normal -0.8819212643483529 -0.47139673682600136 0
outer loop
vertex 13.739103626008893 -5.193853254107644 -1
vertex 13.665175689842261 -5.055543813584713 -1
vertex 13.665175689842261 -5.055543813584713 -3.45
endloop
endfacet
facet normal -0.8819212643483529 -0.47139673682600136 0
outer loop
vertex 13.739103626008893 -5.193853254107644 -1
vertex 13.665175689842261 -5.055543813584713 -3.45
vertex 13.739103626008896 -5.193853254107644 -3.450000000000002
endloop
endfacet
facet normal -0.7730104533627428 -0.6343932841636383 0
outer loop
vertex 13.665175689842261 -5.055543813584713 -1
vertex 13.56568542494885 -4.934314575050406 -1
vertex 13.56568542494885 -4.934314575050409 -3.45
endloop
endfacet
facet normal -0.7730104533627428 -0.6343932841636383 0
outer loop
vertex 13.665175689842261 -5.055543813584713 -1
vertex 13.56568542494885 -4.934314575050409 -3.45
vertex 13.665175689842261 -5.055543813584713 -3.45
endloop
endfacet
facet normal -0.6343932841636462 -0.7730104533627364 0
outer loop
vertex 13.56568542494885 -4.934314575050406 -1
vertex 13.444456186416149 -4.83482431015831 -1
vertex 13.444456186416149 -4.834824310158311 -3.45
endloop
endfacet
facet normal -0.6343932841636462 -0.7730104533627364 0
outer loop
vertex 13.56568542494885 -4.934314575050406 -1
vertex 13.444456186416149 -4.834824310158311 -3.45
vertex 13.56568542494885 -4.934314575050409 -3.45
endloop
endfacet
facet normal -0.47139673682599703 -0.8819212643483554 0
outer loop
vertex 13.444456186416149 -4.83482431015831 -1
vertex 13.306146745891684 -4.760896373990812 -1
vertex 13.306146745891665 -4.76089637399085 -3.45
endloop
endfacet
facet normal -0.47139673682599703 -0.8819212643483554 0
outer loop
vertex 13.444456186416149 -4.83482431015831 -1
vertex 13.306146745891665 -4.76089637399085 -3.45
vertex 13.444456186416149 -4.834824310158311 -3.45
endloop
endfacet
facet normal -0.2902846772544629 -0.9569403357322088 0
outer loop
vertex 13.306146745891684 -4.760896373990812 -1
vertex 13.156072257612978 -4.7153717756775135 -1
vertex 13.156072257613 -4.715371775677454 -3.450000000000002
endloop
endfacet
facet normal -0.2902846772544629 -0.9569403357322088 0
outer loop
vertex 13.306146745891684 -4.760896373990812 -1
vertex 13.156072257613 -4.715371775677454 -3.450000000000002
vertex 13.306146745891665 -4.76089637399085 -3.45
endloop
endfacet
facet normal -0.09801714032955956 -0.995184726672197 0
outer loop
vertex 13.156072257612978 -4.7153717756775135 -1
vertex 13.000000000000131 -4.700000000000037 -1
vertex 13.000000000000131 -4.7000000000000375 -3.450000000000002
endloop
endfacet
facet normal -0.09801714032955956 -0.995184726672197 0
outer loop
vertex 13.156072257612978 -4.7153717756775135 -1
vertex 13.000000000000131 -4.7000000000000375 -3.450000000000002
vertex 13.156072257613 -4.715371775677454 -3.450000000000002
endloop
endfacet
facet normal 0.09801714032955999 -0.9951847266721969 0
outer loop
vertex 13.000000000000131 -4.700000000000037 -1
vertex 12.843927742386606 -4.7153717756775135 -1
vertex 12.843927742386606 -4.7153717756775135 -3.45
endloop
endfacet
facet normal 0.09801714032955999 -0.9951847266721969 0
outer loop
vertex 13.000000000000131 -4.700000000000037 -1
vertex 12.843927742386606 -4.7153717756775135 -3.45
vertex 13.000000000000131 -4.7000000000000375 -3.450000000000002
endloop
endfacet
facet normal 0.2902846772544559 -0.9569403357322109 0
outer loop
vertex 12.843927742386606 -4.7153717756775135 -1
vertex 12.69385325410828 -4.760896373990812 -1
vertex 12.693853254108284 -4.760896373990812 -3.450000000000002
endloop
endfacet
facet normal 0.2902846772544559 -0.9569403357322109 0
outer loop
vertex 12.843927742386606 -4.7153717756775135 -1
vertex 12.693853254108284 -4.760896373990812 -3.450000000000002
vertex 12.843927742386606 -4.7153717756775135 -3.45
endloop
endfacet
facet normal 0.4713967368259944 -0.8819212643483568 0
outer loop
vertex 12.69385325410828 -4.760896373990812 -1
vertex 12.55554381358448 -4.83482431015831 -1
vertex 12.555543813584315 -4.8348243101579955 -3.450000000000002
endloop
endfacet
facet normal 0.4713967368259944 -0.8819212643483568 0
outer loop
vertex 12.69385325410828 -4.760896373990812 -1
vertex 12.555543813584315 -4.8348243101579955 -3.450000000000002
vertex 12.693853254108284 -4.760896373990812 -3.450000000000002
endloop
endfacet
facet normal 0.634393284163652 -0.7730104533627317 0
outer loop
vertex 12.55554381358448 -4.83482431015831 -1
vertex 12.434314575051289 -4.934314575050406 -1
vertex 12.434314575051292 -4.934314575050408 -3.450000000000002
endloop
endfacet
facet normal 0.634393284163652 -0.7730104533627317 0
outer loop
vertex 12.55554381358448 -4.83482431015831 -1
vertex 12.434314575051292 -4.934314575050408 -3.450000000000002
vertex 12.555543813584315 -4.8348243101579955 -3.450000000000002
endloop
endfacet
facet normal 0.7730104533627429 -0.6343932841636383 0
outer loop
vertex 12.434314575051289 -4.934314575050406 -1
vertex 12.334824310157735 -5.055543813584713 -1
vertex 12.334824310157819 -5.055543813584781 -3.45
endloop
endfacet
facet normal 0.7730104533627429 -0.6343932841636383 0
outer loop
vertex 12.434314575051289 -4.934314575050406 -1
vertex 12.334824310157819 -5.055543813584781 -3.45
vertex 12.434314575051292 -4.934314575050408 -3.450000000000002
endloop
endfacet
facet normal 0.881921264348354 -0.4713967368259997 0
outer loop
vertex 12.334824310157735 -5.055543813584713 -1
vertex 12.26089637399085 -5.193853254107644 -1
vertex 12.260896373991123 -5.193853254107791 -3.450000000000002
endloop
endfacet
facet normal 0.881921264348354 -0.4713967368259997 0
outer loop
vertex 12.334824310157735 -5.055543813584713 -1
vertex 12.260896373991123 -5.193853254107791 -3.450000000000002
vertex 12.334824310157819 -5.055543813584781 -3.45
endloop
endfacet
facet normal 0.9569403357322068 -0.29028467725446916 0
outer loop
vertex 12.26089637399085 -5.193853254107644 -1
vertex 12.2153717756774 -5.343927742387283 -1
vertex 12.215371775677353 -5.343927742387269 -3.45
endloop
endfacet
facet normal 0.9569403357322068 -0.29028467725446916 0
outer loop
vertex 12.26089637399085 -5.193853254107644 -1
vertex 12.215371775677353 -5.343927742387269 -3.45
vertex 12.260896373991123 -5.193853254107791 -3.450000000000002
endloop
endfacet
facet normal 0.9951847266721969 -0.09801714032956002 0
outer loop
vertex 12.2153717756774 -5.343927742387283 -1
vertex 12.199999999999987 -5.500000000000069 -1
vertex 12.19999999999998 -5.500000000000069 -3.45
endloop
endfacet
facet normal 0.9951847266721969 -0.09801714032956002 0
outer loop
vertex 12.2153717756774 -5.343927742387283 -1
vertex 12.19999999999998 -5.500000000000069 -3.45
vertex 12.215371775677353 -5.343927742387269 -3.45
endloop
endfacet
facet normal 0.9951847266721969 0.09801714032955999 0
outer loop
vertex 12.199999999999987 -5.500000000000069 -1
vertex 12.215371775677385 -5.656072257612997 -1
vertex 12.215371775677413 -5.656072257612994 -3.45
endloop
endfacet
facet normal 0.9951847266721969 0.09801714032955999 0
outer loop
vertex 12.199999999999987 -5.500000000000069 -1
vertex 12.215371775677413 -5.656072257612994 -3.45
vertex 12.19999999999998 -5.500000000000069 -3.45
endloop
endfacet
facet normal 0.9569403357322068 0.29028467725446916 0
outer loop
vertex 12.215371775677385 -5.656072257612997 -1
vertex 12.260896373991018 -5.806146745891989 -1
vertex 12.26089637399098 -5.806146745892001 -3.45
endloop
endfacet
facet normal 0.9569403357322068 0.29028467725446916 0
outer loop
vertex 12.215371775677385 -5.656072257612997 -1
vertex 12.26089637399098 -5.806146745892001 -3.45
vertex 12.215371775677413 -5.656072257612994 -3.45
endloop
endfacet
facet normal 0.8819212643483568 0.4713967368259944 0
outer loop
vertex 12.260896373991018 -5.806146745891989 -1
vertex 12.334824310157986 -5.944456186415749 -1
vertex 12.334824310158009 -5.944456186415736 -3.450000000000002
endloop
endfacet
facet normal 0.8819212643483568 0.4713967368259944 0
outer loop
vertex 12.260896373991018 -5.806146745891989 -1
vertex 12.334824310158009 -5.944456186415736 -3.450000000000002
vertex 12.26089637399098 -5.806146745892001 -3.45
endloop
endfacet
facet normal 0.7730104533627331 0.63439328416365 0
outer loop
vertex 12.334824310157986 -5.944456186415749 -1
vertex 12.434314575050783 -6.065685424949212 -1
vertex 12.434314575050767 -6.065685424949228 -3.4499999999999993
endloop
endfacet
facet normal 0.7730104533627331 0.63439328416365 0
outer loop
vertex 12.334824310157986 -5.944456186415749 -1
vertex 12.434314575050767 -6.065685424949228 -3.4499999999999993
vertex 12.334824310158009 -5.944456186415736 -3.450000000000002
endloop
endfacet
facet normal 0.6343932841636462 0.7730104533627364 0
outer loop
vertex 12.434314575050783 -6.065685424949212 -1
vertex 12.555543813584261 -6.165175689841798 -1
vertex 12.555543813584173 -6.165175689841908 -3.45
endloop
endfacet
facet normal 0.6343932841636462 0.7730104533627364 0
outer loop
vertex 12.434314575050783 -6.065685424949212 -1
vertex 12.555543813584173 -6.165175689841908 -3.45
vertex 12.434314575050767 -6.065685424949228 -3.4499999999999993
endloop
endfacet
facet normal 0.4713967368259972 0.8819212643483554 0
outer loop
vertex 12.555543813584261 -6.165175689841798 -1
vertex 12.69385325410802 -6.239103626009093 -1
vertex 12.69385325410804 -6.239103626009063 -3.450000000000002
endloop
endfacet
facet normal 0.4713967368259972 0.8819212643483554 0
outer loop
vertex 12.555543813584261 -6.165175689841798 -1
vertex 12.69385325410804 -6.239103626009063 -3.450000000000002
vertex 12.555543813584173 -6.165175689841908 -3.45
endloop
endfacet
facet normal 0.2902846772544611 0.9569403357322093 0
outer loop
vertex 12.69385325410802 -6.239103626009093 -1
vertex 12.843927742387253 -6.284628224322584 -1
vertex 12.843927742387242 -6.284628224322625 -3.45
endloop
endfacet
facet normal 0.2902846772544611 0.9569403357322093 0
outer loop
vertex 12.69385325410802 -6.239103626009093 -1
vertex 12.843927742387242 -6.284628224322625 -3.45
vertex 12.69385325410804 -6.239103626009063 -3.450000000000002
endloop
endfacet
facet normal 0.09801714032955999 0.9951847266721969 0
outer loop
vertex 12.843927742387253 -6.284628224322584 -1
vertex 12.999999999999826 -6.300000000000011 -1
vertex 12.999999999999824 -6.300000000000011 -3.45
endloop
endfacet
facet normal 0.09801714032955999 0.9951847266721969 0
outer loop
vertex 12.843927742387253 -6.284628224322584 -1
vertex 12.999999999999824 -6.300000000000011 -3.45
vertex 12.843927742387242 -6.284628224322625 -3.45
endloop
endfacet
facet normal -0.09801714032956 0.9951847266721969 0
outer loop
vertex 12.999999999999826 -6.300000000000011 -1
vertex 13.15607225761285 -6.284628224322584 -1
vertex 13.15607225761285 -6.284628224322584 -3.45
endloop
endfacet
facet normal -0.09801714032956 0.9951847266721969 0
outer loop
vertex 12.999999999999826 -6.300000000000011 -1
vertex 13.15607225761285 -6.284628224322584 -3.45
vertex 12.999999999999824 -6.300000000000011 -3.45
endloop
endfacet
facet normal -0.29028467725446216 0.9569403357322089 0
outer loop
vertex 13.15607225761285 -6.284628224322584 -1
vertex 13.30614674589181 -6.239103626009093 -1
vertex 13.306146745891812 -6.239103626009092 -3.45
endloop
endfacet
facet normal -0.29028467725446216 0.9569403357322089 0
outer loop
vertex 13.15607225761285 -6.284628224322584 -1
vertex 13.306146745891812 -6.239103626009092 -3.45
vertex 13.15607225761285 -6.284628224322584 -3.45
endloop
endfacet
facet normal -0.47139673682599614 0.8819212643483558 0
outer loop
vertex 13.30614674589181 -6.239103626009093 -1
vertex 13.444456186415984 -6.165175689841798 -1
vertex 13.444456186415984 -6.165175689841799 -3.45
endloop
endfacet
facet normal -0.47139673682599614 0.8819212643483558 0
outer loop
vertex 13.30614674589181 -6.239103626009093 -1
vertex 13.444456186415984 -6.165175689841799 -3.45
vertex 13.306146745891812 -6.239103626009092 -3.45
endloop
endfacet
facet normal -0.6343932841636443 0.773010453362738 0
outer loop
vertex 13.444456186415984 -6.165175689841798 -1
vertex 13.565685424949283 -6.065685424949212 -1
vertex 13.565685424949283 -6.06568542494921 -3.45
endloop
endfacet
facet normal -0.6343932841636443 0.773010453362738 0
outer loop
vertex 13.444456186415984 -6.165175689841798 -1
vertex 13.565685424949283 -6.06568542494921 -3.45
vertex 13.444456186415984 -6.165175689841799 -3.45
endloop
endfacet
facet normal -0.7730104533627445 0.6343932841636364 0
outer loop
vertex 13.565685424949283 -6.065685424949212 -1
vertex 13.665175689842002 -5.944456186415749 -1
vertex 13.665175689842004 -5.944456186415749 -3.450000000000002
endloop
endfacet
facet normal -0.7730104533627445 0.6343932841636364 0
outer loop
vertex 13.565685424949283 -6.065685424949212 -1
vertex 13.665175689842004 -5.944456186415749 -3.450000000000002
vertex 13.565685424949283 -6.06568542494921 -3.45
endloop
endfacet
facet normal -0.881921264348352 0.47139673682600314 0
outer loop
vertex 13.665175689842002 -5.944456186415749 -1
vertex 13.739103626009076 -5.806146745891989 -1
vertex 13.739103626009074 -5.806146745891988 -3.45
endloop
endfacet
facet normal -0.881921264348352 0.47139673682600314 0
outer loop
vertex 13.665175689842002 -5.944456186415749 -1
vertex 13.739103626009074 -5.806146745891988 -3.45
vertex 13.665175689842004 -5.944456186415749 -3.450000000000002
endloop
endfacet
facet normal -0.956940335732209 0.29028467725446205 0
outer loop
vertex 13.739103626009076 -5.806146745891989 -1
vertex 13.784628224322578 -5.656072257612997 -1
vertex 13.784628224322578 -5.656072257612996 -3.45
endloop
endfacet
facet normal -0.956940335732209 0.29028467725446205 0
outer loop
vertex 13.739103626009076 -5.806146745891989 -1
vertex 13.784628224322578 -5.656072257612996 -3.45
vertex 13.739103626009074 -5.806146745891988 -3.45
endloop
endfacet
facet normal -0.9951847266722011 0.09801714032951732 0
outer loop
vertex 86.28462822432263 -9.156072257613662 -1
vertex 86.30000000000004 -8.999999999999893 -1
vertex 86.30000000000001 -8.999999999999893 -3.45
endloop
endfacet
facet normal -0.9951847266722011 0.09801714032951732 0
outer loop
vertex 86.28462822432263 -9.156072257613662 -1
vertex 86.30000000000001 -8.999999999999893 -3.45
vertex 86.28462822432252 -9.156072257613651 -3.45
endloop
endfacet
facet normal -0.9951847266722011 -0.09801714032951732 0
outer loop
vertex 86.30000000000004 -8.999999999999893 -1
vertex 86.28462822432274 -8.843927742386755 -1
vertex 86.28462822432262 -8.843927742386775 -3.45
endloop
endfacet
facet normal -0.9951847266722011 -0.09801714032951732 0
outer loop
vertex 86.30000000000004 -8.999999999999893 -1
vertex 86.28462822432262 -8.843927742386775 -3.45
vertex 86.30000000000001 -8.999999999999893 -3.45
endloop
endfacet
facet normal -0.9569403357321961 -0.2902846772545049 0
outer loop
vertex 86.28462822432274 -8.843927742386755 -1
vertex 86.23910362600893 -8.693853254107928 -1
vertex 86.23910362600891 -8.693853254107939 -3.450000000000002
endloop
endfacet
facet normal -0.9569403357321961 -0.2902846772545049 0
outer loop
vertex 86.28462822432274 -8.843927742386755 -1
vertex 86.23910362600891 -8.693853254107939 -3.450000000000002
vertex 86.28462822432262 -8.843927742386775 -3.45
endloop
endfacet
facet normal -0.8819212643483494 -0.47139673682600847 0
outer loop
vertex 86.23910362600893 -8.693853254107928 -1
vertex 86.16517568984236 -8.555543813583654 -1
vertex 86.16517568984176 -8.55554381358398 -3.450000000000002
endloop
endfacet
facet normal -0.8819212643483494 -0.47139673682600847 0
outer loop
vertex 86.23910362600893 -8.693853254107928 -1
vertex 86.16517568984176 -8.55554381358398 -3.450000000000002
vertex 86.23910362600891 -8.693853254107939 -3.450000000000002
endloop
endfacet
facet normal -0.7730104533627572 -0.6343932841636208 0
outer loop
vertex 86.16517568984236 -8.555543813583654 -1
vertex 86.0656854249489 -8.434314575051264 -1
vertex 86.06568542494912 -8.434314575051076 -3.45
endloop
endfacet
facet normal -0.7730104533627572 -0.6343932841636208 0
outer loop
vertex 86.16517568984236 -8.555543813583654 -1
vertex 86.06568542494912 -8.434314575051076 -3.45
vertex 86.16517568984176 -8.55554381358398 -3.450000000000002
endloop
endfacet
facet normal -0.6343932841636364 -0.7730104533627445 0
outer loop
vertex 86.0656854249489 -8.434314575051264 -1
vertex 85.94445618641423 -8.334824310157934 -1
vertex 85.94445618641466 -8.334824310157437 -3.450000000000002
endloop
endfacet
facet normal -0.6343932841636364 -0.7730104533627445 0
outer loop
vertex 86.0656854249489 -8.434314575051264 -1
vertex 85.94445618641466 -8.334824310157437 -3.450000000000002
vertex 86.06568542494912 -8.434314575051076 -3.45
endloop
endfacet
facet normal -0.47139673682602945 -0.8819212643483382 0
outer loop
vertex 85.94445618641423 -8.334824310157934 -1
vertex 85.80614674589397 -8.260896373990203 -1
vertex 85.80614674589329 -8.260896373991507 -3.450000000000002
endloop
endfacet
facet normal -0.47139673682602945 -0.8819212643483382 0
outer loop
vertex 85.94445618641423 -8.334824310157934 -1
vertex 85.80614674589329 -8.260896373991507 -3.450000000000002
vertex 85.94445618641466 -8.334824310157437 -3.450000000000002
endloop
endfacet
facet normal -0.29028467725446194 -0.956940335732209 0
outer loop
vertex 85.80614674589397 -8.260896373990203 -1
vertex 85.6560722576115 -8.215371775677411 -1
vertex 85.65607225761151 -8.21537177567733 -3.450000000000002
endloop
endfacet
facet normal -0.29028467725446194 -0.956940335732209 0
outer loop
vertex 85.80614674589397 -8.260896373990203 -1
vertex 85.65607225761151 -8.21537177567733 -3.450000000000002
vertex 85.80614674589329 -8.260896373991507 -3.450000000000002
endloop
endfacet
facet normal -0.0980171403295597 -0.995184726672197 0
outer loop
vertex 85.6560722576115 -8.215371775677411 -1
vertex 85.49999999999918 -8.199999999999966 -1
vertex 85.49999999999918 -8.199999999999967 -3.450000000000002
endloop
endfacet
facet normal -0.0980171403295597 -0.995184726672197 0
outer loop
vertex 85.6560722576115 -8.215371775677411 -1
vertex 85.49999999999918 -8.199999999999967 -3.450000000000002
vertex 85.65607225761151 -8.21537177567733 -3.450000000000002
endloop
endfacet
facet normal 0.09801714032955999 -0.9951847266721969 0
outer loop
vertex 85.49999999999918 -8.199999999999966 -1
vertex 85.34392774238596 -8.215371775677411 -1
vertex 85.34392774238594 -8.215371775677411 -3.45
endloop
endfacet
facet normal 0.09801714032955999 -0.9951847266721969 0
outer loop
vertex 85.49999999999918 -8.199999999999966 -1
vertex 85.34392774238594 -8.215371775677411 -3.45
vertex 85.49999999999918 -8.199999999999967 -3.450000000000002
endloop
endfacet
facet normal 0.29028467725446194 -0.956940335732209 0
outer loop
vertex 85.34392774238596 -8.215371775677411 -1
vertex 85.1938532541093 -8.260896373990203 -1
vertex 85.19385325410931 -8.260896373990207 -3.450000000000002
endloop
endfacet
facet normal 0.29028467725446194 -0.956940335732209 0
outer loop
vertex 85.34392774238596 -8.215371775677411 -1
vertex 85.19385325410931 -8.260896373990207 -3.450000000000002
vertex 85.34392774238594 -8.215371775677411 -3.45
endloop
endfacet
facet normal 0.47139673682602945 -0.8819212643483382 0
outer loop
vertex 85.1938532541093 -8.260896373990203 -1
vertex 85.05554381358432 -8.334824310157934 -1
vertex 85.05554381358434 -8.334824310157934 -3.450000000000002
endloop
endfacet
facet normal 0.47139673682602945 -0.8819212643483382 0
outer loop
vertex 85.1938532541093 -8.260896373990203 -1
vertex 85.05554381358434 -8.334824310157934 -3.450000000000002
vertex 85.19385325410931 -8.260896373990207 -3.450000000000002
endloop
endfacet
facet normal 0.6343932841636287 -0.7730104533627509 0
outer loop
vertex 85.05554381358432 -8.334824310157934 -1
vertex 84.93431457505011 -8.434314575051264 -1
vertex 84.93431457505012 -8.434314575051268 -3.450000000000002
endloop
endfacet
facet normal 0.6343932841636287 -0.7730104533627509 0
outer loop
vertex 85.05554381358432 -8.334824310157934 -1
vertex 84.93431457505012 -8.434314575051268 -3.450000000000002
vertex 85.05554381358434 -8.334824310157934 -3.450000000000002
endloop
endfacet
facet normal 0.7730104533627572 -0.6343932841636208 0
outer loop
vertex 84.93431457505011 -8.434314575051264 -1
vertex 84.83482431015828 -8.555543813583654 -1
vertex 84.83482431015827 -8.555543813583654 -3.45
endloop
endfacet
facet normal 0.7730104533627572 -0.6343932841636208 0
outer loop
vertex 84.93431457505011 -8.434314575051264 -1
vertex 84.83482431015827 -8.555543813583654 -3.45
vertex 84.93431457505012 -8.434314575051268 -3.450000000000002
endloop
endfacet
facet normal 0.8819212643483494 -0.47139673682600847 0
outer loop
vertex 84.83482431015828 -8.555543813583654 -1
vertex 84.76089637399093 -8.693853254107928 -1
vertex 84.76089637399095 -8.693853254107932 -3.450000000000002
endloop
endfacet
facet normal 0.8819212643483494 -0.47139673682600847 0
outer loop
vertex 84.83482431015828 -8.555543813583654 -1
vertex 84.76089637399095 -8.693853254107932 -3.450000000000002
vertex 84.83482431015827 -8.555543813583654 -3.45
endloop
endfacet
facet normal 0.9569403357321961 -0.2902846772545049 0
outer loop
vertex 84.76089637399093 -8.693853254107928 -1
vertex 84.71537177567747 -8.843927742386755 -1
vertex 84.71537177567748 -8.843927742386763 -3.450000000000002
endloop
endfacet
facet normal 0.9569403357321961 -0.2902846772545049 0
outer loop
vertex 84.76089637399093 -8.693853254107928 -1
vertex 84.71537177567748 -8.843927742386763 -3.450000000000002
vertex 84.76089637399095 -8.693853254107932 -3.450000000000002
endloop
endfacet
facet normal 0.9951847266722011 -0.09801714032951732 0
outer loop
vertex 84.71537177567747 -8.843927742386755 -1
vertex 84.70000000000003 -8.999999999999893 -1
vertex 84.70000000000005 -8.999999999999895 -3.45
endloop
endfacet
facet normal 0.9951847266722011 -0.09801714032951732 0
outer loop
vertex 84.71537177567747 -8.843927742386755 -1
vertex 84.70000000000005 -8.999999999999895 -3.45
vertex 84.71537177567748 -8.843927742386763 -3.450000000000002
endloop
endfacet
facet normal 0.9951847266722011 0.09801714032951732 0
outer loop
vertex 84.70000000000003 -8.999999999999893 -1
vertex 84.71537177567753 -9.156072257613662 -1
vertex 84.71537177567754 -9.156072257613665 -3.45
endloop
endfacet
facet normal 0.9951847266722011 0.09801714032951732 0
outer loop
vertex 84.70000000000003 -8.999999999999893 -1
vertex 84.71537177567754 -9.156072257613665 -3.45
vertex 84.70000000000005 -8.999999999999895 -3.45
endloop
endfacet
facet normal 0.9569403357321961 0.2902846772545049 0
outer loop
vertex 84.71537177567753 -9.156072257613662 -1
vertex 84.76089637399004 -9.306146745889347 -1
vertex 84.76089637399005 -9.306146745889347 -3.450000000000002
endloop
endfacet
facet normal 0.9569403357321961 0.2902846772545049 0
outer loop
vertex 84.71537177567753 -9.156072257613662 -1
vertex 84.76089637399005 -9.306146745889347 -3.450000000000002
vertex 84.71537177567754 -9.156072257613665 -3.45
endloop
endfacet
facet normal 0.881921264348342 0.47139673682602246 0
outer loop
vertex 84.76089637399004 -9.306146745889347 -1
vertex 84.83482431016013 -9.444456186414465 -1
vertex 84.83482431015837 -9.444456186415422 -3.450000000000002
endloop
endfacet
facet normal 0.881921264348342 0.47139673682602246 0
outer loop
vertex 84.76089637399004 -9.306146745889347 -1
vertex 84.83482431015837 -9.444456186415422 -3.450000000000002
vertex 84.76089637399005 -9.306146745889347 -3.450000000000002
endloop
endfacet
facet normal 0.7730104533627572 0.6343932841636208 0
outer loop
vertex 84.83482431016013 -9.444456186414465 -1
vertex 84.93431457505042 -9.565685424950452 -1
vertex 84.934314575051 -9.565685424949969 -3.45
endloop
endfacet
facet normal 0.7730104533627572 0.6343932841636208 0
outer loop
vertex 84.83482431016013 -9.444456186414465 -1
vertex 84.934314575051 -9.565685424949969 -3.45
vertex 84.83482431015837 -9.444456186415422 -3.450000000000002
endloop
endfacet
facet normal 0.6343932841636347 0.773010453362746 0
outer loop
vertex 84.93431457505042 -9.565685424950452 -1
vertex 85.05554381358348 -9.665175689841266 -1
vertex 85.05554381358331 -9.665175689841504 -3.450000000000002
endloop
endfacet
facet normal 0.6343932841636347 0.773010453362746 0
outer loop
vertex 84.93431457505042 -9.565685424950452 -1
vertex 85.05554381358331 -9.665175689841504 -3.450000000000002
vertex 84.934314575051 -9.565685424949969 -3.45
endloop
endfacet
facet normal 0.47139673682603017 0.8819212643483376 0
outer loop
vertex 85.05554381358348 -9.665175689841266 -1
vertex 85.19385325410849 -9.739103626010023 -1
vertex 85.19385325410875 -9.739103626009538 -3.45
endloop
endfacet
facet normal 0.47139673682603017 0.8819212643483376 0
outer loop
vertex 85.05554381358348 -9.665175689841266 -1
vertex 85.19385325410875 -9.739103626009538 -3.45
vertex 85.05554381358331 -9.665175689841504 -3.450000000000002
endloop
endfacet
facet normal 0.2902846772544603 0.9569403357322095 0
outer loop
vertex 85.19385325410849 -9.739103626010023 -1
vertex 85.34392774238658 -9.784628224322246 -1
vertex 85.34392774238647 -9.78462822432259 -3.45
endloop
endfacet
facet normal 0.2902846772544603 0.9569403357322095 0
outer loop
vertex 85.19385325410849 -9.739103626010023 -1
vertex 85.34392774238647 -9.78462822432259 -3.45
vertex 85.19385325410875 -9.739103626009538 -3.45
endloop
endfacet
facet normal 0.09801714032955978 0.995184726672197 0
outer loop
vertex 85.34392774238658 -9.784628224322246 -1
vertex 85.49999999999893 -9.799999999999988 -1
vertex 85.49999999999893 -9.799999999999988 -3.450000000000002
endloop
endfacet
facet normal 0.09801714032955978 0.995184726672197 0
outer loop
vertex 85.34392774238658 -9.784628224322246 -1
vertex 85.49999999999893 -9.799999999999988 -3.450000000000002
vertex 85.34392774238647 -9.78462822432259 -3.45
endloop
endfacet
facet normal -0.09801714032955999 0.9951847266721969 0
outer loop
vertex 85.49999999999893 -9.799999999999988 -1
vertex 85.65607225761516 -9.784628224322246 -1
vertex 85.65607225761516 -9.784628224322246 -3.45
endloop
endfacet
facet normal -0.09801714032955999 0.9951847266721969 0
outer loop
vertex 85.49999999999893 -9.799999999999988 -1
vertex 85.65607225761516 -9.784628224322246 -3.45
vertex 85.49999999999893 -9.799999999999988 -3.450000000000002
endloop
endfacet
facet normal -0.29028467725445495 0.9569403357322113 0
outer loop
vertex 85.65607225761516 -9.784628224322246 -1
vertex 85.80614674588995 -9.739103626010023 -1
vertex 85.80614674588999 -9.739103626010028 -3.450000000000002
endloop
endfacet
facet normal -0.29028467725445495 0.9569403357322113 0
outer loop
vertex 85.65607225761516 -9.784628224322246 -1
vertex 85.80614674588999 -9.739103626010028 -3.450000000000002
vertex 85.65607225761516 -9.784628224322246 -3.45
endloop
endfacet
facet normal -0.47139673682602246 0.881921264348342 0
outer loop
vertex 85.80614674588995 -9.739103626010023 -1
vertex 85.94445618641684 -9.665175689841266 -1
vertex 85.94445618641687 -9.665175689841277 -3.450000000000002
endloop
endfacet
facet normal -0.47139673682602246 0.881921264348342 0
outer loop
vertex 85.80614674588995 -9.739103626010023 -1
vertex 85.94445618641687 -9.665175689841277 -3.450000000000002
vertex 85.80614674588999 -9.739103626010028 -3.450000000000002
endloop
endfacet
facet normal -0.6343932841636364 0.7730104533627445 0
outer loop
vertex 85.94445618641684 -9.665175689841266 -1
vertex 86.06568542494799 -9.565685424950452 -1
vertex 86.06568542494801 -9.565685424950452 -3.450000000000002
endloop
endfacet
facet normal -0.6343932841636364 0.7730104533627445 0
outer loop
vertex 85.94445618641684 -9.665175689841266 -1
vertex 86.06568542494801 -9.565685424950452 -3.450000000000002
vertex 85.94445618641687 -9.665175689841277 -3.450000000000002
endloop
endfacet
facet normal -0.7730104533627572 0.6343932841636208 0
outer loop
vertex 86.06568542494799 -9.565685424950452 -1
vertex 86.16517568984278 -9.444456186414465 -1
vertex 86.16517568984278 -9.444456186414456 -3.45
endloop
endfacet
facet normal -0.7730104533627572 0.6343932841636208 0
outer loop
vertex 86.06568542494799 -9.565685424950452 -1
vertex 86.16517568984278 -9.444456186414456 -3.45
vertex 86.06568542494801 -9.565685424950452 -3.450000000000002
endloop
endfacet
facet normal -0.881921264348342 0.47139673682602246 0
outer loop
vertex 86.16517568984278 -9.444456186414465 -1
vertex 86.23910362600884 -9.306146745889347 -1
vertex 86.23910362601022 -9.306146745890068 -3.450000000000002
endloop
endfacet
facet normal -0.881921264348342 0.47139673682602246 0
outer loop
vertex 86.16517568984278 -9.444456186414465 -1
vertex 86.23910362601022 -9.306146745890068 -3.450000000000002
vertex 86.16517568984278 -9.444456186414456 -3.45
endloop
endfacet
facet normal -0.9569403357321961 0.2902846772545049 0
outer loop
vertex 86.23910362600884 -9.306146745889347 -1
vertex 86.28462822432263 -9.156072257613662 -1
vertex 86.28462822432252 -9.156072257613651 -3.45
endloop
endfacet
facet normal -0.9569403357321961 0.2902846772545049 0
outer loop
vertex 86.23910362600884 -9.306146745889347 -1
vertex 86.28462822432252 -9.156072257613651 -3.45
vertex 86.23910362601022 -9.306146745890068 -3.450000000000002
endloop
endfacet
facet normal -0.9951847266721969 0.09801714032955997 0
outer loop
vertex 63.78462822432255 31.343927742387393 -1
vertex 63.799999999999976 31.500000000000384 -1
vertex 63.799999999999976 31.50000000000038 -3.45
endloop
endfacet
facet normal -0.9951847266721969 0.09801714032955997 0
outer loop
vertex 63.78462822432255 31.343927742387393 -1
vertex 63.799999999999976 31.50000000000038 -3.45
vertex 63.78462822432255 31.34392774238739 -3.45
endloop
endfacet
facet normal -0.9951847266721969 -0.09801714032955997 0
outer loop
vertex 63.799999999999976 31.500000000000384 -1
vertex 63.78462822432259 31.656072257612983 -1
vertex 63.784628224322574 31.65607225761298 -3.45
endloop
endfacet
facet normal -0.9951847266721969 -0.09801714032955997 0
outer loop
vertex 63.799999999999976 31.500000000000384 -1
vertex 63.784628224322574 31.65607225761298 -3.45
vertex 63.799999999999976 31.50000000000038 -3.45
endloop
endfacet
facet normal -0.956940335732209 -0.29028467725446194 0
outer loop
vertex 63.78462822432259 31.656072257612983 -1
vertex 63.739103626009154 31.806146745891766 -1
vertex 63.739103626009154 31.806146745891773 -3.450000000000002
endloop
endfacet
facet normal -0.956940335732209 -0.29028467725446194 0
outer loop
vertex 63.78462822432259 31.656072257612983 -1
vertex 63.739103626009154 31.806146745891773 -3.450000000000002
vertex 63.784628224322574 31.65607225761298 -3.45
endloop
endfacet
facet normal -0.8819212643483643 -0.47139673682598043 0
outer loop
vertex 63.739103626009154 31.806146745891766 -1
vertex 63.66517568984205 31.944456186415582 -1
vertex 63.66517568984205 31.94445618641558 -3.45
endloop
endfacet
facet normal -0.8819212643483643 -0.47139673682598043 0
outer loop
vertex 63.739103626009154 31.806146745891766 -1
vertex 63.66517568984205 31.94445618641558 -3.45
vertex 63.739103626009154 31.806146745891773 -3.450000000000002
endloop
endfacet
facet normal -0.7730104533627256 -0.6343932841636596 0
outer loop
vertex 63.66517568984205 31.944456186415582 -1
vertex 63.56568542494932 32.06568542494905 -1
vertex 63.565685424949336 32.065685424949066 -3.450000000000002
endloop
endfacet
facet normal -0.7730104533627256 -0.6343932841636596 0
outer loop
vertex 63.66517568984205 31.944456186415582 -1
vertex 63.565685424949336 32.065685424949066 -3.450000000000002
vertex 63.66517568984205 31.94445618641558 -3.45
endloop
endfacet
facet normal -0.6343932841636716 -0.7730104533627157 0
outer loop
vertex 63.56568542494932 32.06568542494905 -1
vertex 63.444456186415444 32.16517568984212 -1
vertex 63.44445618641545 32.16517568984213 -3.450000000000002
endloop
endfacet
facet normal -0.6343932841636716 -0.7730104533627157 0
outer loop
vertex 63.56568542494932 32.06568542494905 -1
vertex 63.44445618641545 32.16517568984213 -3.450000000000002
vertex 63.565685424949336 32.065685424949066 -3.450000000000002
endloop
endfacet
facet normal -0.4713967368259664 -0.8819212643483717 0
outer loop
vertex 63.444456186415444 32.16517568984212 -1
vertex 63.30614674589111 32.239103626009495 -1
vertex 63.30614674589113 32.23910362600949 -3.45
endloop
endfacet
facet normal -0.4713967368259664 -0.8819212643483717 0
outer loop
vertex 63.444456186415444 32.16517568984212 -1
vertex 63.30614674589113 32.23910362600949 -3.45
vertex 63.44445618641545 32.16517568984213 -3.450000000000002
endloop
endfacet
facet normal -0.29028467725446194 -0.956940335732209 0
outer loop
vertex 63.30614674589111 32.239103626009495 -1
vertex 63.156072257614014 32.28462822432242 -1
vertex 63.156072257614014 32.28462822432242 -3.450000000000002
endloop
endfacet
facet normal -0.29028467725446194 -0.956940335732209 0
outer loop
vertex 63.30614674589111 32.239103626009495 -1
vertex 63.156072257614014 32.28462822432242 -3.450000000000002
vertex 63.30614674589113 32.23910362600949 -3.45
endloop
endfacet
facet normal -0.09801714032956002 -0.9951847266721969 0
outer loop
vertex 63.156072257614014 32.28462822432242 -1
vertex 62.999999999999375 32.300000000000004 -1
vertex 62.999999999999375 32.30000000000001 -3.45
endloop
endfacet
facet normal -0.09801714032956002 -0.9951847266721969 0
outer loop
vertex 63.156072257614014 32.28462822432242 -1
vertex 62.999999999999375 32.30000000000001 -3.45
vertex 63.156072257614014 32.28462822432242 -3.450000000000002
endloop
endfacet
facet normal 0.09801714032956002 -0.9951847266721969 0
outer loop
vertex 62.999999999999375 32.300000000000004 -1
vertex 62.84392774238795 32.28462822432242 -1
vertex 62.84392774238792 32.28462822432273 -3.45
endloop
endfacet
facet normal 0.09801714032956002 -0.9951847266721969 0
outer loop
vertex 62.999999999999375 32.300000000000004 -1
vertex 62.84392774238792 32.28462822432273 -3.45
vertex 62.999999999999375 32.30000000000001 -3.45
endloop
endfacet
facet normal 0.29028467725446916 -0.9569403357322068 0
outer loop
vertex 62.84392774238795 32.28462822432242 -1
vertex 62.693853254107594 32.239103626009495 -1
vertex 62.69385325410779 32.239103626008884 -3.45
endloop
endfacet
facet normal 0.29028467725446916 -0.9569403357322068 0
outer loop
vertex 62.84392774238795 32.28462822432242 -1
vertex 62.69385325410779 32.239103626008884 -3.45
vertex 62.84392774238792 32.28462822432273 -3.45
endloop
endfacet
facet normal 0.47139673682598315 -0.8819212643483628 0
outer loop
vertex 62.693853254107594 32.239103626009495 -1
vertex 62.55554381358503 32.16517568984212 -1
vertex 62.55554381358493 32.16517568984233 -3.45
endloop
endfacet
facet normal 0.47139673682598315 -0.8819212643483628 0
outer loop
vertex 62.693853254107594 32.239103626009495 -1
vertex 62.55554381358493 32.16517568984233 -3.45
vertex 62.69385325410779 32.239103626008884 -3.45
endloop
endfacet
facet normal 0.6343932841636452 -0.7730104533627373 0
outer loop
vertex 62.55554381358503 32.16517568984212 -1
vertex 62.43431457505027 32.06568542494905 -1
vertex 62.43431457505051 32.06568542494879 -3.45
endloop
endfacet
facet normal 0.6343932841636452 -0.7730104533627373 0
outer loop
vertex 62.55554381358503 32.16517568984212 -1
vertex 62.43431457505051 32.06568542494879 -3.45
vertex 62.55554381358493 32.16517568984233 -3.45
endloop
endfacet
facet normal 0.7730104533627269 -0.6343932841636578 0
outer loop
vertex 62.43431457505027 32.06568542494905 -1
vertex 62.334824310157614 31.944456186415582 -1
vertex 62.3348243101578 31.944456186415437 -3.45
endloop
endfacet
facet normal 0.7730104533627269 -0.6343932841636578 0
outer loop
vertex 62.43431457505027 32.06568542494905 -1
vertex 62.3348243101578 31.944456186415437 -3.45
vertex 62.43431457505051 32.06568542494879 -3.45
endloop
endfacet
facet normal 0.881921264348368 -0.47139673682597344 0
outer loop
vertex 62.334824310157614 31.944456186415582 -1
vertex 62.260896373990846 31.806146745891766 -1
vertex 62.26089637399075 31.806146745891823 -3.450000000000002
endloop
endfacet
facet normal 0.881921264348368 -0.47139673682597344 0
outer loop
vertex 62.334824310157614 31.944456186415582 -1
vertex 62.26089637399075 31.806146745891823 -3.450000000000002
vertex 62.3348243101578 31.944456186415437 -3.45
endloop
endfacet
facet normal 0.956940335732209 -0.29028467725446194 0
outer loop
vertex 62.260896373990846 31.806146745891766 -1
vertex 62.21537177567737 31.656072257612983 -1
vertex 62.21537177567734 31.656072257612998 -3.450000000000002
endloop
endfacet
facet normal 0.956940335732209 -0.29028467725446194 0
outer loop
vertex 62.260896373990846 31.806146745891766 -1
vertex 62.21537177567734 31.656072257612998 -3.450000000000002
vertex 62.26089637399075 31.806146745891823 -3.450000000000002
endloop
endfacet
facet normal 0.9951847266721969 -0.09801714032955997 0
outer loop
vertex 62.21537177567737 31.656072257612983 -1
vertex 62.19999999999998 31.500000000000384 -1
vertex 62.199999999999974 31.500000000000384 -3.45
endloop
endfacet
facet normal 0.9951847266721969 -0.09801714032955997 0
outer loop
vertex 62.21537177567737 31.656072257612983 -1
vertex 62.199999999999974 31.500000000000384 -3.45
vertex 62.21537177567734 31.656072257612998 -3.450000000000002
endloop
endfacet
facet normal 0.9951847266721969 0.09801714032955997 0
outer loop
vertex 62.19999999999998 31.500000000000384 -1
vertex 62.21537177567745 31.343927742387393 -1
vertex 62.2153717756774 31.34392774238739 -3.45
endloop
endfacet
facet normal 0.9951847266721969 0.09801714032955997 0
outer loop
vertex 62.19999999999998 31.500000000000384 -1
vertex 62.2153717756774 31.34392774238739 -3.45
vertex 62.199999999999974 31.500000000000384 -3.45
endloop
endfacet
facet normal 0.956940335732209 0.29028467725446194 0
outer loop
vertex 62.21537177567745 31.343927742387393 -1
vertex 62.26089637399085 31.19385325410773 -1
vertex 62.260896373991045 31.19385325410779 -3.450000000000002
endloop
endfacet
facet normal 0.956940335732209 0.29028467725446194 0
outer loop
vertex 62.21537177567745 31.343927742387393 -1
vertex 62.260896373991045 31.19385325410779 -3.450000000000002
vertex 62.2153717756774 31.34392774238739 -3.45
endloop
endfacet
facet normal 0.8819212643483717 0.4713967368259664 0
outer loop
vertex 62.26089637399085 31.19385325410773 -1
vertex 62.33482431015837 31.055543813583945 -1
vertex 62.3348243101583 31.055543813583906 -3.45
endloop
endfacet
facet normal 0.8819212643483717 0.4713967368259664 0
outer loop
vertex 62.26089637399085 31.19385325410773 -1
vertex 62.3348243101583 31.055543813583906 -3.45
vertex 62.260896373991045 31.19385325410779 -3.450000000000002
endloop
endfacet
facet normal 0.773010453362722 0.6343932841636638 0
outer loop
vertex 62.33482431015837 31.055543813583945 -1
vertex 62.43431457505033 30.93431457505137 -1
vertex 62.43431457505028 30.93431457505133 -3.45
endloop
endfacet
facet normal 0.773010453362722 0.6343932841636638 0
outer loop
vertex 62.33482431015837 31.055543813583945 -1
vertex 62.43431457505028 30.93431457505133 -3.45
vertex 62.3348243101583 31.055543813583906 -3.45
endloop
endfacet
facet normal 0.6343932841636406 0.7730104533627411 0
outer loop
vertex 62.43431457505033 30.93431457505137 -1
vertex 62.555543813584976 30.834824310157167 -1
vertex 62.55554381358519 30.834824310157412 -3.450000000000002
endloop
endfacet
facet normal 0.6343932841636406 0.7730104533627411 0
outer loop
vertex 62.43431457505033 30.93431457505137 -1
vertex 62.55554381358519 30.834824310157412 -3.450000000000002
vertex 62.43431457505028 30.93431457505133 -3.45
endloop
endfacet
facet normal 0.47139673682600136 0.8819212643483529 0
outer loop
vertex 62.555543813584976 30.834824310157167 -1
vertex 62.693853254108156 30.760896373991407 -1
vertex 62.6938532541079 30.760896373990935 -3.45
endloop
endfacet
facet normal 0.47139673682600136 0.8819212643483529 0
outer loop
vertex 62.555543813584976 30.834824310157167 -1
vertex 62.6938532541079 30.760896373990935 -3.45
vertex 62.55554381358519 30.834824310157412 -3.450000000000002
endloop
endfacet
facet normal 0.29028467725447643 0.9569403357322047 0
outer loop
vertex 62.693853254108156 30.760896373991407 -1
vertex 62.843927742386875 30.71537177567749 -1
vertex 62.84392774238686 30.715371775677404 -3.450000000000002
endloop
endfacet
facet normal 0.29028467725447643 0.9569403357322047 0
outer loop
vertex 62.693853254108156 30.760896373991407 -1
vertex 62.84392774238686 30.715371775677404 -3.450000000000002
vertex 62.6938532541079 30.760896373990935 -3.45
endloop
endfacet
facet normal 0.09801714032955997 0.9951847266721969 0
outer loop
vertex 62.843927742386875 30.71537177567749 -1
vertex 62.999999999999346 30.700000000000014 -1
vertex 62.999999999999346 30.70000000000001 -3.45
endloop
endfacet
facet normal 0.09801714032955997 0.9951847266721969 0
outer loop
vertex 62.843927742386875 30.71537177567749 -1
vertex 62.999999999999346 30.70000000000001 -3.45
vertex 62.84392774238686 30.715371775677404 -3.450000000000002
endloop
endfacet
facet normal -0.09801714032955999 0.9951847266721969 0
outer loop
vertex 62.999999999999346 30.700000000000014 -1
vertex 63.15607225761284 30.71537177567749 -1
vertex 63.15607225761284 30.71537177567749 -3.45
endloop
endfacet
facet normal -0.09801714032955999 0.9951847266721969 0
outer loop
vertex 62.999999999999346 30.700000000000014 -1
vertex 63.15607225761284 30.71537177567749 -3.45
vertex 62.999999999999346 30.70000000000001 -3.45
endloop
endfacet
facet normal -0.29028467725447266 0.9569403357322057 0
outer loop
vertex 63.15607225761284 30.71537177567749 -1
vertex 63.3061467458932 30.760896373991407 -1
vertex 63.306146745893216 30.76089637399141 -3.45
endloop
endfacet
facet normal -0.29028467725447266 0.9569403357322057 0
outer loop
vertex 63.15607225761284 30.71537177567749 -1
vertex 63.306146745893216 30.76089637399141 -3.45
vertex 63.15607225761284 30.71537177567749 -3.45
endloop
endfacet
facet normal -0.4713967368259999 0.8819212643483538 0
outer loop
vertex 63.3061467458932 30.760896373991407 -1
vertex 63.444456186414506 30.834824310157167 -1
vertex 63.444456186414506 30.834824310157167 -3.45
endloop
endfacet
facet normal -0.4713967368259999 0.8819212643483538 0
outer loop
vertex 63.3061467458932 30.760896373991407 -1
vertex 63.444456186414506 30.834824310157167 -3.45
vertex 63.306146745893216 30.76089637399141 -3.45
endloop
endfacet
facet normal -0.634393284163648 0.7730104533627348 0
outer loop
vertex 63.444456186414506 30.834824310157167 -1
vertex 63.56568542494977 30.93431457505137 -1
vertex 63.56568542494978 30.93431457505139 -3.45
endloop
endfacet
facet normal -0.634393284163648 0.7730104533627348 0
outer loop
vertex 63.444456186414506 30.834824310157167 -1
vertex 63.56568542494978 30.93431457505139 -3.45
vertex 63.444456186414506 30.834824310157167 -3.45
endloop
endfacet
facet normal -0.7730104533627269 0.6343932841636578 0
outer loop
vertex 63.56568542494977 30.93431457505137 -1
vertex 63.66517568984177 31.055543813583945 -1
vertex 63.665175689841774 31.05554381358395 -3.45
endloop
endfacet
facet normal -0.7730104533627269 0.6343932841636578 0
outer loop
vertex 63.56568542494977 30.93431457505137 -1
vertex 63.665175689841774 31.05554381358395 -3.45
vertex 63.56568542494978 30.93431457505139 -3.45
endloop
endfacet
facet normal -0.881921264348368 0.47139673682597344 0
outer loop
vertex 63.66517568984177 31.055543813583945 -1
vertex 63.73910362600885 31.19385325410773 -1
vertex 63.739103626008855 31.193853254107733 -3.450000000000002
endloop
endfacet
facet normal -0.881921264348368 0.47139673682597344 0
outer loop
vertex 63.66517568984177 31.055543813583945 -1
vertex 63.739103626008855 31.193853254107733 -3.450000000000002
vertex 63.665175689841774 31.05554381358395 -3.45
endloop
endfacet
facet normal -0.956940335732209 0.29028467725446194 0
outer loop
vertex 63.73910362600885 31.19385325410773 -1
vertex 63.78462822432255 31.343927742387393 -1
vertex 63.78462822432255 31.34392774238739 -3.45
endloop
endfacet
facet normal -0.956940335732209 0.29028467725446194 0
outer loop
vertex 63.73910362600885 31.19385325410773 -1
vertex 63.78462822432255 31.34392774238739 -3.45
vertex 63.739103626008855 31.193853254107733 -3.450000000000002
endloop
endfacet
facet normal 0 0 1
outer loop
vertex 95.83885656604836 -33.981274741209425 -1
vertex 96.40163589709536 -33.81055749753414 -1.0000000000000004
vertex 96.92029629905943 -33.5333277369088 -1
endloop
endfacet
facet normal 0 0 1
outer loop
vertex 95.83885656604836 -33.981274741209425 -1
vertex 96.92029629905943 -33.5333277369088 -1
vertex 97.37490594355953 -33.16023924355948 -1.0000000000000004
endloop
endfacet
facet normal 0 0 1
outer loop
vertex 95.83885656604836 -33.981274741209425 -1
vertex 97.37490594355953 -33.16023924355948 -1.0000000000000004
vertex 97.74799443690752 -32.705629599058696 -1.0000000000000004
endloop
endfacet
facet normal 0 0 1
outer loop
vertex 95.83885656604836 -33.981274741209425 -1
vertex 97.74799443690752 -32.705629599058696 -1.0000000000000004
vertex 98.02522419753394 -32.18696919709531 -1.0000000000000004
endloop
endfacet
facet normal 0 0 1
outer loop
vertex 95.83885656604836 -33.981274741209425 -1
vertex 98.02522419753394 -32.18696919709531 -1.0000000000000004
vertex 98.19594144120974 -31.62418986604839 -1
endloop
endfacet
facet normal 0 0 1
outer loop
vertex 95.83885656604836 -33.981274741209425 -1
vertex 98.19594144120974 -31.62418986604839 -1
vertex 98.25358560000005 -31.038918900000002 -1
endloop
endfacet
facet normal 0 0 1
outer loop
vertex 95.83885656604836 -33.981274741209425 -1
vertex 98.25358560000005 -31.038918900000002 -1
vertex 98.19594144120892 -30.453647933951693 -1
endloop
endfacet
facet normal 0 0 1
outer loop
vertex 95.83885656604836 -33.981274741209425 -1
vertex 98.19594144120892 -30.453647933951693 -1
vertex 98.0252241975337 -29.89086860290477 -1
endloop
endfacet
facet normal 0 0 1
outer loop
vertex 95.83885656604836 -33.981274741209425 -1
vertex 98.0252241975337 -29.89086860290477 -1
vertex 97.7479944369073 -29.37220820094138 -1.0000000000000004
endloop
endfacet
facet normal 0 0 1
outer loop
vertex 95.83885656604836 -33.981274741209425 -1
vertex 97.7479944369073 -29.37220820094138 -1.0000000000000004
vertex 97.3749059435595 -28.917598556440517 -1.0000000000000004
endloop
endfacet
facet normal 0 0 1
outer loop
vertex 95.83885656604836 -33.981274741209425 -1
vertex 97.3749059435595 -28.917598556440517 -1.0000000000000004
vertex 96.92029629905882 -28.544510063092375 -1
endloop
endfacet
facet normal 0 0 1
outer loop
vertex 95.83885656604836 -33.981274741209425 -1
vertex 96.92029629905882 -28.544510063092375 -1
vertex 96.40163589709533 -28.267280302466048 -1.0000000000000004
endloop
endfacet
facet normal 0 0 1
outer loop
vertex 95.83885656604836 -33.981274741209425 -1
vertex 96.40163589709533 -28.267280302466048 -1.0000000000000004
vertex 95.8388565660484 -28.096563058790203 -1
endloop
endfacet
facet normal 0 0 1
outer loop
vertex 95.83885656604836 -33.981274741209425 -1
vertex 95.8388565660484 -28.096563058790203 -1
vertex 95.25358560000001 -28.038918900000027 -1.0000000000000004
endloop
endfacet
facet normal 0 0 1
outer loop
vertex 95.83885656604836 -33.981274741209425 -1
vertex 95.25358560000001 -28.038918900000027 -1.0000000000000004
vertex 94.66831463395158 -28.096563058790053 -1
endloop
endfacet
facet normal 0 0 1
outer loop
vertex 95.83885656604836 -33.981274741209425 -1
vertex 94.66831463395158 -28.096563058790053 -1
vertex 94.1055353029048 -28.267280302466386 -1.0000000000000004
endloop
endfacet
facet normal 0 0 1
outer loop
vertex 95.83885656604836 -33.981274741209425 -1
vertex 94.1055353029048 -28.267280302466386 -1.0000000000000004
vertex 93.58687490094115 -28.544510063092297 -1.0000000000000004
endloop
endfacet
facet normal 0 0 1
outer loop
vertex 95.83885656604836 -33.981274741209425 -1
vertex 93.58687490094115 -28.544510063092297 -1.0000000000000004
vertex 93.13226525644025 -28.917598556440225 -1.0000000000000004
endloop
endfacet
facet normal 0 0 1
outer loop
vertex 95.83885656604836 -33.981274741209425 -1
vertex 93.13226525644025 -28.917598556440225 -1.0000000000000004
vertex 92.75917676309261 -29.372208200941397 -1.0000000000000004
endloop
endfacet
facet normal 0 0 1
outer loop
vertex 95.83885656604836 -33.981274741209425 -1
vertex 92.75917676309261 -29.372208200941397 -1.0000000000000004
vertex 92.48194700246611 -29.890868602904717 -1.0000000000000004
endloop
endfacet
facet normal 0 0 1
outer loop
vertex 95.83885656604836 -33.981274741209425 -1
vertex 92.48194700246611 -29.890868602904717 -1.0000000000000004
vertex 92.31122975879036 -30.453647933951626 -1
endloop
endfacet
facet normal 0 0 1
outer loop
vertex 95.83885656604836 -33.981274741209425 -1
vertex 92.31122975879036 -30.453647933951626 -1
vertex 92.25358560000058 -31.038918900000056 -1
endloop
endfacet
facet normal 0 0 1
outer loop
vertex 95.83885656604836 -33.981274741209425 -1
vertex 92.25358560000058 -31.038918900000056 -1
vertex 92.31122975879077 -31.62418986604834 -1
endloop
endfacet
facet normal 0 0 1
outer loop
vertex 95.83885656604836 -33.981274741209425 -1
vertex 92.31122975879077 -31.62418986604834 -1
vertex 92.48194700246592 -32.18696919709533 -1
endloop
endfacet
facet normal 0 0 1
outer loop
vertex 95.83885656604836 -33.981274741209425 -1
vertex 92.48194700246592 -32.18696919709533 -1
vertex 92.75917676309194 -32.70562959905904 -1.0000000000000004
endloop
endfacet
facet normal 0 0 1
outer loop
vertex 95.83885656604836 -33.981274741209425 -1
vertex 92.75917676309194 -32.70562959905904 -1.0000000000000004
vertex 93.13226525644052 -33.16023924355951 -1
endloop
endfacet
facet normal 0 0 1
outer loop
vertex 95.83885656604836 -33.981274741209425 -1
vertex 93.13226525644052 -33.16023924355951 -1
vertex 93.58687490094118 -33.533327736907665 -1
endloop
endfacet
facet normal 0 0 1
outer loop
vertex 95.83885656604836 -33.981274741209425 -1
vertex 93.58687490094118 -33.533327736907665 -1
vertex 94.10553530290487 -33.81055749753361 -1
endloop
endfacet
facet normal 0 0 1
outer loop
vertex 95.83885656604836 -33.981274741209425 -1
vertex 94.10553530290487 -33.81055749753361 -1
vertex 94.66831463395162 -33.98127474120965 -1
endloop
endfacet
facet normal 0 0 1
outer loop
vertex 95.83885656604836 -33.981274741209425 -1
vertex 94.66831463395162 -33.98127474120965 -1
vertex 95.25358560000001 -34.03891889999977 -1
endloop
endfacet
facet normal 0 0 1
outer loop
vertex 65.58527096604837 -24.44235584120952 -1
vertex 66.1480502970953 -24.271638597533954 -1
vertex 66.6667106990588 -23.994408836907564 -1.0000000000000004
endloop
endfacet
facet normal 0 0 1
outer loop
vertex 65.58527096604837 -24.44235584120952 -1
vertex 66.6667106990588 -23.994408836907564 -1.0000000000000004
vertex 67.12132034355974 -23.62132034355977 -1
endloop
endfacet
facet normal 0 0 1
outer loop
vertex 65.58527096604837 -24.44235584120952 -1
vertex 67.12132034355974 -23.62132034355977 -1
vertex 67.49440883690757 -23.166710699058754 -1
endloop
endfacet
facet normal 0 0 1
outer loop
vertex 65.58527096604837 -24.44235584120952 -1
vertex 67.49440883690757 -23.166710699058754 -1
vertex 67.771638597534 -22.64805029709534 -1.0000000000000004
endloop
endfacet
facet normal 0 0 1
outer loop
vertex 65.58527096604837 -24.44235584120952 -1
vertex 67.771638597534 -22.64805029709534 -1.0000000000000004
vertex 67.94235584120975 -22.08527096604839 -1
endloop
endfacet
facet normal 0 0 1
outer loop
vertex 65.58527096604837 -24.44235584120952 -1
vertex 67.94235584120975 -22.08527096604839 -1
vertex 68.00000000000006 -21.500000000000007 -1
endloop
endfacet
facet normal 0 0 1
outer loop
vertex 65.58527096604837 -24.44235584120952 -1
vertex 68.00000000000006 -21.500000000000007 -1
vertex 67.94235584120956 -20.914729033951627 -1
endloop
endfacet
facet normal 0 0 1
outer loop
vertex 65.58527096604837 -24.44235584120952 -1
vertex 67.94235584120956 -20.914729033951627 -1
vertex 67.77163859753375 -20.35194970290476 -1
endloop
endfacet
facet normal 0 0 1
outer loop
vertex 65.58527096604837 -24.44235584120952 -1
vertex 67.77163859753375 -20.35194970290476 -1
vertex 67.49440883690764 -19.8332893009412 -1
endloop
endfacet
facet normal 0 0 1
outer loop
vertex 65.58527096604837 -24.44235584120952 -1
vertex 67.49440883690764 -19.8332893009412 -1
vertex 67.12132034355969 -19.378679656440323 -1
endloop
endfacet
facet normal 0 0 1
outer loop
vertex 65.58527096604837 -24.44235584120952 -1
vertex 67.12132034355969 -19.378679656440323 -1
vertex 66.66671069905871 -19.005591163092504 -0.9999999999999998
endloop
endfacet
facet normal 0 0 1
outer loop
vertex 65.58527096604837 -24.44235584120952 -1
vertex 66.66671069905871 -19.005591163092504 -0.9999999999999998
vertex 66.14805029709531 -18.728361402466074 -1
endloop
endfacet
facet normal 0 0 1
outer loop
vertex 65.58527096604837 -24.44235584120952 -1
vertex 66.14805029709531 -18.728361402466074 -1
vertex 65.58527096604843 -18.55764415879018 -1
endloop
endfacet
facet normal 0 0 1
outer loop
vertex 65.58527096604837 -24.44235584120952 -1
vertex 65.58527096604843 -18.55764415879018 -1
vertex 65 -18.499999999999737 -1
endloop
endfacet
facet normal 0 0 1
outer loop
vertex 65.58527096604837 -24.44235584120952 -1
vertex 65 -18.499999999999737 -1
vertex 64.41472903395163 -18.55764415879032 -1.0000000000000004
endloop
endfacet
facet normal 0 0 1
outer loop
vertex 65.58527096604837 -24.44235584120952 -1
vertex 64.41472903395163 -18.55764415879032 -1.0000000000000004
vertex 63.85194970290474 -18.728361402466124 -1.0000000000000004
endloop
endfacet
facet normal 0 0 1
outer loop
vertex 65.58527096604837 -24.44235584120952 -1
vertex 63.85194970290474 -18.728361402466124 -1.0000000000000004
vertex 63.333289300941274 -19.005591163092486 -1.0000000000000004
endloop
endfacet
facet normal 0 0 1
outer loop
vertex 65.58527096604837 -24.44235584120952 -1
vertex 63.333289300941274 -19.005591163092486 -1.0000000000000004
vertex 62.878679656440404 -19.37867965644041 -1.0000000000000004
endloop
endfacet
facet normal 0 0 1
outer loop
vertex 65.58527096604837 -24.44235584120952 -1
vertex 62.878679656440404 -19.37867965644041 -1.0000000000000004
vertex 62.50559116309241 -19.83328930094122 -1.0000000000000004
endloop
endfacet
facet normal 0 0 1
outer loop
vertex 65.58527096604837 -24.44235584120952 -1
vertex 62.50559116309241 -19.83328930094122 -1.0000000000000004
vertex 62.22836140246612 -20.351949702904715 -1.0000000000000004
endloop
endfacet
facet normal 0 0 1
outer loop
vertex 65.58527096604837 -24.44235584120952 -1
vertex 62.22836140246612 -20.351949702904715 -1.0000000000000004
vertex 62.05764415879031 -20.914729033951616 -1.0000000000000004
endloop
endfacet
facet normal 0 0 1
outer loop
vertex 65.58527096604837 -24.44235584120952 -1
vertex 62.05764415879031 -20.914729033951616 -1.0000000000000004
vertex 62.000000000000455 -21.500000000000043 -1
endloop
endfacet
facet normal 0 0 1
outer loop
vertex 65.58527096604837 -24.44235584120952 -1
vertex 62.000000000000455 -21.500000000000043 -1
vertex 62.057644158790396 -22.08527096604838 -1
endloop
endfacet
facet normal 0 0 1
outer loop
vertex 65.58527096604837 -24.44235584120952 -1
vertex 62.057644158790396 -22.08527096604838 -1
vertex 62.22836140246616 -22.64805029709527 -1.0000000000000004
endloop
endfacet
facet normal 0 0 1
outer loop
vertex 65.58527096604837 -24.44235584120952 -1
vertex 62.22836140246616 -22.64805029709527 -1.0000000000000004
vertex 62.505591163092504 -23.166710699058743 -1.0000000000000004
endloop
endfacet
facet normal 0 0 1
outer loop
vertex 65.58527096604837 -24.44235584120952 -1
vertex 62.505591163092504 -23.166710699058743 -1.0000000000000004
vertex 62.87867965644052 -23.621320343559514 -0.9999999999999998
endloop
endfacet
facet normal 0 0 1
outer loop
vertex 65.58527096604837 -24.44235584120952 -1
vertex 62.87867965644052 -23.621320343559514 -0.9999999999999998
vertex 63.33328930094128 -23.994408836907542 -1
endloop
endfacet
facet normal 0 0 1
outer loop
vertex 65.58527096604837 -24.44235584120952 -1
vertex 63.33328930094128 -23.994408836907542 -1
vertex 63.85194970290473 -24.271638597533837 -1
endloop
endfacet
facet normal 0 0 1
outer loop
vertex 65.58527096604837 -24.44235584120952 -1
vertex 63.85194970290473 -24.271638597533837 -1
vertex 64.41472903395157 -24.44235584120981 -1
endloop
endfacet
facet normal 0 0 1
outer loop
vertex 65.58527096604837 -24.44235584120952 -1
vertex 64.41472903395157 -24.44235584120981 -1
vertex 65.00000000000001 -24.49999999999995 -1
endloop
endfacet
facet normal 0 0 1
outer loop
vertex -6.414729033951617 -9.442355841209691 -1.0000000000000004
vertex -5.851949702904726 -9.271638597533883 -1
vertex -5.333289300941164 -8.994408836907699 -1
endloop
endfacet
facet normal 0 0 1
outer loop
vertex -6.414729033951617 -9.442355841209691 -1.0000000000000004
vertex -5.333289300941164 -8.994408836907699 -1
vertex -4.8786796564403545 -8.621320343559642 -1
endloop
endfacet
facet normal 0 0 1
outer loop
vertex -6.414729033951617 -9.442355841209691 -1.0000000000000004
vertex -4.8786796564403545 -8.621320343559642 -1
vertex -4.505591163092436 -8.166710699058747 -1
endloop
endfacet
facet normal 0 0 1
outer loop
vertex -6.414729033951617 -9.442355841209691 -1.0000000000000004
vertex -4.505591163092436 -8.166710699058747 -1
vertex -4.228361402466099 -7.648050297095294 -1.0000000000000004
endloop
endfacet
facet normal 0 0 1
outer loop
vertex -6.414729033951617 -9.442355841209691 -1.0000000000000004
vertex -4.228361402466099 -7.648050297095294 -1.0000000000000004
vertex -4.057644158790294 -7.085270966048387 -1
endloop
endfacet
facet normal 0 0 1
outer loop
vertex -6.414729033951617 -9.442355841209691 -1.0000000000000004
vertex -4.057644158790294 -7.085270966048387 -1
vertex -3.9999999999999853 -6.500000000000001 -1
endloop
endfacet
facet normal 0 0 1
outer loop
vertex -6.414729033951617 -9.442355841209691 -1.0000000000000004
vertex -3.9999999999999853 -6.500000000000001 -1
vertex -4.057644158790322 -5.914729033951616 -1
endloop
endfacet
facet normal 0 0 1
outer loop
vertex -6.414729033951617 -9.442355841209691 -1.0000000000000004
vertex -4.057644158790322 -5.914729033951616 -1
vertex -4.228361402466126 -5.351949702904727 -1
endloop
endfacet
facet normal 0 0 1
outer loop
vertex -6.414729033951617 -9.442355841209691 -1.0000000000000004
vertex -4.228361402466126 -5.351949702904727 -1
vertex -4.505591163092371 -4.833289300941198 -1.0000000000000004
endloop
endfacet
facet normal 0 0 1
outer loop
vertex -6.414729033951617 -9.442355841209691 -1.0000000000000004
vertex -4.505591163092371 -4.833289300941198 -1.0000000000000004
vertex -4.878679656440377 -4.378679656440376 -1
endloop
endfacet
facet normal 0 0 1
outer loop
vertex -6.414729033951617 -9.442355841209691 -1.0000000000000004
vertex -4.878679656440377 -4.378679656440376 -1
vertex -5.333289300941238 -4.005591163092425 -1
endloop
endfacet
facet normal 0 0 1
outer loop
vertex -6.414729033951617 -9.442355841209691 -1.0000000000000004
vertex -5.333289300941238 -4.005591163092425 -1
vertex -5.851949702904766 -3.7283614024662004 -1.0000000000000004
endloop
endfacet
facet normal 0 0 1
outer loop
vertex -6.414729033951617 -9.442355841209691 -1.0000000000000004
vertex -5.851949702904766 -3.7283614024662004 -1.0000000000000004
vertex -6.414729033951593 -3.5576441587902274 -1.0000000000000004
endloop
endfacet
facet normal 0 0 1
outer loop
vertex -6.414729033951617 -9.442355841209691 -1.0000000000000004
vertex -6.414729033951593 -3.5576441587902274 -1.0000000000000004
vertex -6.999999999999997 -3.4999999999999836 -1
endloop
endfacet
facet normal 0 0 1
outer loop
vertex -6.414729033951617 -9.442355841209691 -1.0000000000000004
vertex -6.999999999999997 -3.4999999999999836 -1
vertex -7.585270966048385 -3.557644158790306 -1
endloop
endfacet
facet normal 0 0 1
outer loop
vertex -6.414729033951617 -9.442355841209691 -1.0000000000000004
vertex -7.585270966048385 -3.557644158790306 -1
vertex -8.148050297095235 -3.728361402466245 -1
endloop
endfacet
facet normal 0 0 1
outer loop
vertex -6.414729033951617 -9.442355841209691 -1.0000000000000004
vertex -8.148050297095235 -3.728361402466245 -1
vertex -8.666710699058788 -4.005591163092401 -1.0000000000000004
endloop
endfacet
facet normal 0 0 1
outer loop
vertex -6.414729033951617 -9.442355841209691 -1.0000000000000004
vertex -8.666710699058788 -4.005591163092401 -1.0000000000000004
vertex -9.121320343559624 -4.3786796564403865 -1.0000000000000004
endloop
endfacet
facet normal 0 0 1
outer loop
vertex -6.414729033951617 -9.442355841209691 -1.0000000000000004
vertex -9.121320343559624 -4.3786796564403865 -1.0000000000000004
vertex -9.494408836907608 -4.833289300941215 -1
endloop
endfacet
facet normal 0 0 1
outer loop
vertex -6.414729033951617 -9.442355841209691 -1.0000000000000004
vertex -9.494408836907608 -4.833289300941215 -1
vertex -9.77163859753383 -5.351949702904746 -1.0000000000000004
endloop
endfacet
facet normal 0 0 1
outer loop
vertex -6.414729033951617 -9.442355841209691 -1.0000000000000004
vertex -9.77163859753383 -5.351949702904746 -1.0000000000000004
vertex -9.942355841209682 -5.914729033951617 -1.0000000000000004
endloop
endfacet
facet normal 0 0 1
outer loop
vertex -6.414729033951617 -9.442355841209691 -1.0000000000000004
vertex -9.942355841209682 -5.914729033951617 -1.0000000000000004
vertex -10.000000000000004 -6.499999999999999 -1
endloop
endfacet
facet normal 0 0 1
outer loop
vertex -6.414729033951617 -9.442355841209691 -1.0000000000000004
vertex -10.000000000000004 -6.499999999999999 -1
vertex -9.942355841209686 -7.085270966048383 -1
endloop
endfacet
facet normal 0 0 1
outer loop
vertex -6.414729033951617 -9.442355841209691 -1.0000000000000004
vertex -9.942355841209686 -7.085270966048383 -1
vertex -9.771638597533858 -7.648050297095269 -1.0000000000000004
endloop
endfacet
facet normal 0 0 1
outer loop
vertex -6.414729033951617 -9.442355841209691 -1.0000000000000004
vertex -9.771638597533858 -7.648050297095269 -1.0000000000000004
vertex -9.494408836907624 -8.166710699058799 -1.0000000000000004
endloop
endfacet
facet normal 0 0 1
outer loop
vertex -6.414729033951617 -9.442355841209691 -1.0000000000000004
vertex -9.494408836907624 -8.166710699058799 -1.0000000000000004
vertex -9.121320343559647 -8.621320343559644 -1
endloop
endfacet
facet normal 0 0 1
outer loop
vertex -6.414729033951617 -9.442355841209691 -1.0000000000000004
vertex -9.121320343559647 -8.621320343559644 -1
vertex -8.666710699058862 -8.994408836907699 -1
endloop
endfacet
facet normal 0 0 1
outer loop
vertex -6.414729033951617 -9.442355841209691 -1.0000000000000004
vertex -8.666710699058862 -8.994408836907699 -1
vertex -8.148050297095228 -9.271638597533785 -1
endloop
endfacet
facet normal 0 0 1
outer loop
vertex -6.414729033951617 -9.442355841209691 -1.0000000000000004
vertex -8.148050297095228 -9.271638597533785 -1
vertex -7.585270966048391 -9.442355841209714 -1
endloop
endfacet
facet normal 0 0 1
outer loop
vertex -6.414729033951617 -9.442355841209691 -1.0000000000000004
vertex -7.585270966048391 -9.442355841209714 -1
vertex -7.000000000000003 -9.500000000000032 -1
endloop
endfacet
facet normal 0 0 1
outer loop
vertex 101.3852709660484 31.55764415879034 -1.0000000000000004
vertex 101.94805029709528 31.728361402466106 -1
vertex 102.46671069905895 32.0055911630921 -1
endloop
endfacet
facet normal 0 0 1
outer loop
vertex 101.3852709660484 31.55764415879034 -1.0000000000000004
vertex 102.46671069905895 32.0055911630921 -1
vertex 102.92132034355961 32.378679656440404 -1
endloop
endfacet
facet normal 0 0 1
outer loop
vertex 101.3852709660484 31.55764415879034 -1.0000000000000004
vertex 102.92132034355961 32.378679656440404 -1
vertex 103.29440883690737 32.83328930094143 -1
endloop
endfacet
facet normal 0 0 1
outer loop
vertex 101.3852709660484 31.55764415879034 -1.0000000000000004
vertex 103.29440883690737 32.83328930094143 -1
vertex 103.57163859753405 33.35194970290466 -1.0000000000000004
endloop
endfacet
facet normal 0 0 1
outer loop
vertex 101.3852709660484 31.55764415879034 -1.0000000000000004
vertex 103.57163859753405 33.35194970290466 -1.0000000000000004
vertex 103.74235584120946 33.91472903395164 -1
endloop
endfacet
facet normal 0 0 1
outer loop
vertex 101.3852709660484 31.55764415879034 -1.0000000000000004
vertex 103.74235584120946 33.91472903395164 -1
vertex 103.79999999999976 34.500000000000014 -1
endloop
endfacet
facet normal 0 0 1
outer loop
vertex 101.3852709660484 31.55764415879034 -1.0000000000000004
vertex 103.79999999999976 34.500000000000014 -1
vertex 103.74235584120976 35.08527096604839 -1
endloop
endfacet
facet normal 0 0 1
outer loop
vertex 101.3852709660484 31.55764415879034 -1.0000000000000004
vertex 103.74235584120976 35.08527096604839 -1
vertex 103.57163859753392 35.64805029709528 -1
endloop
endfacet
facet normal 0 0 1
outer loop
vertex 101.3852709660484 31.55764415879034 -1.0000000000000004
vertex 103.57163859753392 35.64805029709528 -1
vertex 103.29440883690755 36.16671069905876 -1.0000000000000004
endloop
endfacet
facet normal 0 0 1
outer loop
vertex 101.3852709660484 31.55764415879034 -1.0000000000000004
vertex 103.29440883690755 36.16671069905876 -1.0000000000000004
vertex 102.92132034355915 36.62132034355923 -1
endloop
endfacet
facet normal 0 0 1
outer loop
vertex 101.3852709660484 31.55764415879034 -1.0000000000000004
vertex 102.92132034355915 36.62132034355923 -1
vertex 102.46671069905862 36.99440883690742 -1
endloop
endfacet
facet normal 0 0 1
outer loop
vertex 101.3852709660484 31.55764415879034 -1.0000000000000004
vertex 102.46671069905862 36.99440883690742 -1
vertex 101.94805029709512 37.27163859753357 -1.0000000000000004
endloop
endfacet
facet normal 0 0 1
outer loop
vertex 101.3852709660484 31.55764415879034 -1.0000000000000004
vertex 101.94805029709512 37.27163859753357 -1.0000000000000004
vertex 101.38527096604842 37.44235584120979 -1
endloop
endfacet
facet normal 0 0 1
outer loop
vertex 101.3852709660484 31.55764415879034 -1.0000000000000004
vertex 101.38527096604842 37.44235584120979 -1
vertex 100.79999999999997 37.499999999999744 -1
endloop
endfacet
facet normal 0 0 1
outer loop
vertex 101.3852709660484 31.55764415879034 -1.0000000000000004
vertex 100.79999999999997 37.499999999999744 -1
vertex 100.21472903395163 37.44235584120944 -1
endloop
endfacet
facet normal 0 0 1
outer loop
vertex 101.3852709660484 31.55764415879034 -1.0000000000000004
vertex 100.21472903395163 37.44235584120944 -1
vertex 99.65194970290477 37.27163859753377 -1
endloop
endfacet
facet normal 0 0 1
outer loop
vertex 101.3852709660484 31.55764415879034 -1.0000000000000004
vertex 99.65194970290477 37.27163859753377 -1
vertex 99.13328930094131 36.99440883690738 -1
endloop
endfacet
facet normal 0 0 1
outer loop
vertex 101.3852709660484 31.55764415879034 -1.0000000000000004
vertex 99.13328930094131 36.99440883690738 -1
vertex 98.67867965644056 36.62132034355941 -1.0000000000000004
endloop
endfacet
facet normal 0 0 1
outer loop
vertex 101.3852709660484 31.55764415879034 -1.0000000000000004
vertex 98.67867965644056 36.62132034355941 -1.0000000000000004
vertex 98.30559116309209 36.166710699059024 -1
endloop
endfacet
facet normal 0 0 1
outer loop
vertex 101.3852709660484 31.55764415879034 -1.0000000000000004
vertex 98.30559116309209 36.166710699059024 -1
vertex 98.0283614024666 35.64805029709504 -1.0000000000000004
endloop
endfacet
facet normal 0 0 1
outer loop
vertex 101.3852709660484 31.55764415879034 -1.0000000000000004
vertex 98.0283614024666 35.64805029709504 -1.0000000000000004
vertex 97.85764415879004 35.08527096604847 -1
endloop
endfacet
facet normal 0 0 1
outer loop
vertex 101.3852709660484 31.55764415879034 -1.0000000000000004
vertex 97.85764415879004 35.08527096604847 -1
vertex 97.8000000000003 34.49999999999998 -1
endloop
endfacet
facet normal 0 0 1
outer loop
vertex 101.3852709660484 31.55764415879034 -1.0000000000000004
vertex 97.8000000000003 34.49999999999998 -1
vertex 97.85764415879011 33.9147290339516 -1
endloop
endfacet
facet normal 0 0 1
outer loop
vertex 101.3852709660484 31.55764415879034 -1.0000000000000004
vertex 97.85764415879011 33.9147290339516 -1
vertex 98.02836140246613 33.35194970290473 -1
endloop
endfacet
facet normal 0 0 1
outer loop
vertex 101.3852709660484 31.55764415879034 -1.0000000000000004
vertex 98.02836140246613 33.35194970290473 -1
vertex 98.30559116309229 32.833289300941146 -1.0000000000000004
endloop
endfacet
facet normal 0 0 1
outer loop
vertex 101.3852709660484 31.55764415879034 -1.0000000000000004
vertex 98.30559116309229 32.833289300941146 -1.0000000000000004
vertex 98.67867965644047 32.37867965644044 -1
endloop
endfacet
facet normal 0 0 1
outer loop
vertex 101.3852709660484 31.55764415879034 -1.0000000000000004
vertex 98.67867965644047 32.37867965644044 -1
vertex 99.13328930094107 32.005591163092205 -1.0000000000000004
endloop
endfacet
facet normal 0 0 1
outer loop
vertex 101.3852709660484 31.55764415879034 -1.0000000000000004
vertex 99.13328930094107 32.005591163092205 -1.0000000000000004
vertex 99.65194970290503 31.728361402466675 -1
endloop
endfacet
facet normal 0 0 1
outer loop
vertex 101.3852709660484 31.55764415879034 -1.0000000000000004
vertex 99.65194970290503 31.728361402466675 -1
vertex 100.21472903395167 31.55764415879047 -1.0000000000000004
endloop
endfacet
facet normal 0 0 1
outer loop
vertex 101.3852709660484 31.55764415879034 -1.0000000000000004
vertex 100.21472903395167 31.55764415879047 -1.0000000000000004
vertex 100.8 31.50000000000003 -1
endloop
endfacet
facet normal 0 0 1
outer loop
vertex -6.414729033951614 37.557644158790296 -1
vertex -5.851949702904744 37.728361402466184 -1
vertex -5.333289300941283 38.00559116309253 -1.0000000000000004
endloop
endfacet
facet normal 0 0 1
outer loop
vertex -6.414729033951614 37.557644158790296 -1
vertex -5.333289300941283 38.00559116309253 -1.0000000000000004
vertex -4.87867965644031 38.3786796564403 -1
endloop
endfacet
facet normal 0 0 1
outer loop
vertex -6.414729033951614 37.557644158790296 -1
vertex -4.87867965644031 38.3786796564403 -1
vertex -4.505591163092227 38.83328930094109 -1.0000000000000004
endloop
endfacet
facet normal 0 0 1
outer loop
vertex -6.414729033951614 37.557644158790296 -1
vertex -4.505591163092227 38.83328930094109 -1.0000000000000004
vertex -4.228361402466353 39.35194970290485 -1.0000000000000004
endloop
endfacet
facet normal 0 0 1
outer loop
vertex -6.414729033951614 37.557644158790296 -1
vertex -4.228361402466353 39.35194970290485 -1.0000000000000004
vertex -4.057644158790314 39.91472903395162 -1.0000000000000004
endloop
endfacet
facet normal 0 0 1
outer loop
vertex -6.414729033951614 37.557644158790296 -1
vertex -4.057644158790314 39.91472903395162 -1.0000000000000004
vertex -4.000000000000005 40.50000000000001 -1.0000000000000004
endloop
endfacet
facet normal 0 0 1
outer loop
vertex -6.414729033951614 37.557644158790296 -1
vertex -4.000000000000005 40.50000000000001 -1.0000000000000004
vertex -4.057644158790285 41.085270966048384 -1
endloop
endfacet
facet normal 0 0 1
outer loop
vertex -6.414729033951614 37.557644158790296 -1
vertex -4.057644158790285 41.085270966048384 -1
vertex -4.228361402466091 41.64805029709529 -1.0000000000000004
endloop
endfacet
facet normal 0 0 1
outer loop
vertex -6.414729033951614 37.557644158790296 -1
vertex -4.228361402466091 41.64805029709529 -1.0000000000000004
vertex -4.505591163092529 42.166710699058726 -1
endloop
endfacet
facet normal 0 0 1
outer loop
vertex -6.414729033951614 37.557644158790296 -1
vertex -4.505591163092529 42.166710699058726 -1
vertex -4.878679656440518 42.62132034355952 -1
endloop
endfacet
facet normal 0 0 1
outer loop
vertex -6.414729033951614 37.557644158790296 -1
vertex -4.878679656440518 42.62132034355952 -1
vertex -5.333289300941182 42.99440883690766 -1
endloop
endfacet
facet normal 0 0 1
outer loop
vertex -6.414729033951614 37.557644158790296 -1
vertex -5.333289300941182 42.99440883690766 -1
vertex -5.851949702904776 43.271638597533794 -1.0000000000000004
endloop
endfacet
facet normal 0 0 1
outer loop
vertex -6.414729033951614 37.557644158790296 -1
vertex -5.851949702904776 43.271638597533794 -1.0000000000000004
vertex -6.414729033951591 43.442355841209775 -1.0000000000000004
endloop
endfacet
facet normal 0 0 1
outer loop
vertex -6.414729033951614 37.557644158790296 -1
vertex -6.414729033951591 43.442355841209775 -1.0000000000000004
vertex -6.999999999999998 43.500000000000014 -1
endloop
endfacet
facet normal 0 0 1
outer loop
vertex -6.414729033951614 37.557644158790296 -1
vertex -6.999999999999998 43.500000000000014 -1
vertex -7.585270966048384 43.44235584120969 -1
endloop
endfacet
facet normal 0 0 1
outer loop
vertex -6.414729033951614 37.557644158790296 -1
vertex -7.585270966048384 43.44235584120969 -1
vertex -8.148050297095274 43.27163859753389 -1
endloop
endfacet
facet normal 0 0 1
outer loop
vertex -6.414729033951614 37.557644158790296 -1
vertex -8.148050297095274 43.27163859753389 -1
vertex -8.666710699058745 42.99440883690753 -1.0000000000000004
endloop
endfacet
facet normal 0 0 1
outer loop
vertex -6.414729033951614 37.557644158790296 -1
vertex -8.666710699058745 42.99440883690753 -1.0000000000000004
vertex -9.12132034355959 42.621320343559574 -1
endloop
endfacet
facet normal 0 0 1
outer loop
vertex -6.414729033951614 37.557644158790296 -1
vertex -9.12132034355959 42.621320343559574 -1
vertex -9.494408836907525 42.16671069905871 -0.9999999999999998
endloop
endfacet
facet normal 0 0 1
outer loop
vertex -6.414729033951614 37.557644158790296 -1
vertex -9.494408836907525 42.16671069905871 -0.9999999999999998
vertex -9.771638597533908 41.64805029709531 -1.0000000000000004
endloop
endfacet
facet normal 0 0 1
outer loop
vertex -6.414729033951614 37.557644158790296 -1
vertex -9.771638597533908 41.64805029709531 -1.0000000000000004
vertex -9.942355841209762 41.08527096604842 -1.0000000000000004
endloop
endfacet
facet normal 0 0 1
outer loop
vertex -6.414729033951614 37.557644158790296 -1
vertex -9.942355841209762 41.08527096604842 -1.0000000000000004
vertex -10.000000000000007 40.5 -1
endloop
endfacet
facet normal 0 0 1
outer loop
vertex -6.414729033951614 37.557644158790296 -1
vertex -10.000000000000007 40.5 -1
vertex -9.942355841209658 39.91472903395162 -1
endloop
endfacet
facet normal 0 0 1
outer loop
vertex -6.414729033951614 37.557644158790296 -1
vertex -9.942355841209658 39.91472903395162 -1
vertex -9.771638597533814 39.35194970290474 -1
endloop
endfacet
facet normal 0 0 1
outer loop
vertex -6.414729033951614 37.557644158790296 -1
vertex -9.771638597533814 39.35194970290474 -1
vertex -9.494408836907551 38.833289300941246 -1.0000000000000004
endloop
endfacet
facet normal 0 0 1
outer loop
vertex -6.414729033951614 37.557644158790296 -1
vertex -9.494408836907551 38.833289300941246 -1.0000000000000004
vertex -9.12132034355962 38.37867965644037 -1
endloop
endfacet
facet normal 0 0 1
outer loop
vertex -6.414729033951614 37.557644158790296 -1
vertex -9.12132034355962 38.37867965644037 -1
vertex -8.666710699058818 38.00559116309236 -1
endloop
endfacet
facet normal 0 0 1
outer loop
vertex -6.414729033951614 37.557644158790296 -1
vertex -8.666710699058818 38.00559116309236 -1
vertex -8.148050297095336 37.72836140246601 -1
endloop
endfacet
facet normal 0 0 1
outer loop
vertex -6.414729033951614 37.557644158790296 -1
vertex -8.148050297095336 37.72836140246601 -1
vertex -7.585270966048409 37.55764415879023 -1
endloop
endfacet
facet normal 0 0 1
outer loop
vertex -6.414729033951614 37.557644158790296 -1
vertex -7.585270966048409 37.55764415879023 -1
vertex -6.9999999999999964 37.500000000000036 -1
endloop
endfacet
facet normal 0 0 1
outer loop
vertex 79.58527096604837 43.55764415879057 -1
vertex 80.14805029709528 43.72836140246612 -1.0000000000000004
vertex 80.66671069905874 44.00559116309253 -1.0000000000000004
endloop
endfacet
facet normal 0 0 1
outer loop
vertex 79.58527096604837 43.55764415879057 -1
vertex 80.66671069905874 44.00559116309253 -1.0000000000000004
vertex 81.12132034355992 44.378679656440006 -1
endloop
endfacet
facet normal 0 0 1
outer loop
vertex 79.58527096604837 43.55764415879057 -1
vertex 81.12132034355992 44.378679656440006 -1
vertex 81.49440883690775 44.833289300941104 -1
endloop
endfacet
facet normal 0 0 1
outer loop
vertex 79.58527096604837 43.55764415879057 -1
vertex 81.49440883690775 44.833289300941104 -1
vertex 81.77163859753404 45.35194970290465 -1.0000000000000004
endloop
endfacet
facet normal 0 0 1
outer loop
vertex 79.58527096604837 43.55764415879057 -1
vertex 81.77163859753404 45.35194970290465 -1.0000000000000004
vertex 81.94235584120946 45.91472903395164 -1
endloop
endfacet
facet normal 0 0 1
outer loop
vertex 79.58527096604837 43.55764415879057 -1
vertex 81.94235584120946 45.91472903395164 -1
vertex 81.99999999999977 46.50000000000003 -1
endloop
endfacet
facet normal 0 0 1
outer loop
vertex 79.58527096604837 43.55764415879057 -1
vertex 81.99999999999977 46.50000000000003 -1
vertex 81.94235584121036 47.085270966048455 -1
endloop
endfacet
facet normal 0 0 1
outer loop
vertex 79.58527096604837 43.55764415879057 -1
vertex 81.94235584121036 47.085270966048455 -1
vertex 81.77163859753396 47.648050297095295 -1
endloop
endfacet
facet normal 0 0 1
outer loop
vertex 79.58527096604837 43.55764415879057 -1
vertex 81.77163859753396 47.648050297095295 -1
vertex 81.49440883690774 48.16671069905886 -1.0000000000000004
endloop
endfacet
facet normal 0 0 1
outer loop
vertex 79.58527096604837 43.55764415879057 -1
vertex 81.49440883690774 48.16671069905886 -1.0000000000000004
vertex 81.12132034355956 48.621320343559574 -1
endloop
endfacet
facet normal 0 0 1
outer loop
vertex 79.58527096604837 43.55764415879057 -1
vertex 81.12132034355956 48.621320343559574 -1
vertex 80.66671069905868 48.99440883690747 -1
endloop
endfacet
facet normal 0 0 1
outer loop
vertex 79.58527096604837 43.55764415879057 -1
vertex 80.66671069905868 48.99440883690747 -1
vertex 80.1480502970957 49.27163859753463 -1
endloop
endfacet
facet normal 0 0 1
outer loop
vertex 79.58527096604837 43.55764415879057 -1
vertex 80.1480502970957 49.27163859753463 -1
vertex 79.58527096604843 49.44235584120978 -1
endloop
endfacet
facet normal 0 0 1
outer loop
vertex 79.58527096604837 43.55764415879057 -1
vertex 79.58527096604843 49.44235584120978 -1
vertex 78.99999999999999 49.4999999999998 -1
endloop
endfacet
facet normal 0 0 1
outer loop
vertex 79.58527096604837 43.55764415879057 -1
vertex 78.99999999999999 49.4999999999998 -1
vertex 78.4147290339516 49.442355841209945 -1
endloop
endfacet
facet normal 0 0 1
outer loop
vertex 79.58527096604837 43.55764415879057 -1
vertex 78.4147290339516 49.442355841209945 -1
vertex 77.8519497029048 49.27163859753365 -1.0000000000000004
endloop
endfacet
facet normal 0 0 1
outer loop
vertex 79.58527096604837 43.55764415879057 -1
vertex 77.8519497029048 49.27163859753365 -1.0000000000000004
vertex 77.33328930094119 48.9944088369077 -1.0000000000000004
endloop
endfacet
facet normal 0 0 1
outer loop
vertex 79.58527096604837 43.55764415879057 -1
vertex 77.33328930094119 48.9944088369077 -1.0000000000000004
vertex 76.87867965644013 48.62132034355991 -1
endloop
endfacet
facet normal 0 0 1
outer loop
vertex 79.58527096604837 43.55764415879057 -1
vertex 76.87867965644013 48.62132034355991 -1
vertex 76.50559116309212 48.16671069905901 -1.0000000000000004
endloop
endfacet
facet normal 0 0 1
outer loop
vertex 79.58527096604837 43.55764415879057 -1
vertex 76.50559116309212 48.16671069905901 -1.0000000000000004
vertex 76.22836140246615 47.64805029709528 -1
endloop
endfacet
facet normal 0 0 1
outer loop
vertex 79.58527096604837 43.55764415879057 -1
vertex 76.22836140246615 47.64805029709528 -1
vertex 76.05764415879052 47.08527096604833 -1.0000000000000004
endloop
endfacet
facet normal 0 0 1
outer loop
vertex 79.58527096604837 43.55764415879057 -1
vertex 76.05764415879052 47.08527096604833 -1.0000000000000004
vertex 75.99999999999976 46.50000000000003 -1
endloop
endfacet
facet normal 0 0 1
outer loop
vertex 79.58527096604837 43.55764415879057 -1
vertex 75.99999999999976 46.50000000000003 -1
vertex 76.0576441587899 45.91472903395158 -1
endloop
endfacet
facet normal 0 0 1
outer loop
vertex 79.58527096604837 43.55764415879057 -1
vertex 76.0576441587899 45.91472903395158 -1
vertex 76.22836140246628 45.351949702904776 -1
endloop
endfacet
facet normal 0 0 1
outer loop
vertex 79.58527096604837 43.55764415879057 -1
vertex 76.22836140246628 45.351949702904776 -1
vertex 76.50559116309245 44.83328930094123 -1.0000000000000004
endloop
endfacet
facet normal 0 0 1
outer loop
vertex 79.58527096604837 43.55764415879057 -1
vertex 76.50559116309245 44.83328930094123 -1.0000000000000004
vertex 76.87867965644034 44.37867965644034 -1
endloop
endfacet
facet normal 0 0 1
outer loop
vertex 79.58527096604837 43.55764415879057 -1
vertex 76.87867965644034 44.37867965644034 -1
vertex 77.33328930094129 44.005591163092475 -1.0000000000000004
endloop
endfacet
facet normal 0 0 1
outer loop
vertex 79.58527096604837 43.55764415879057 -1
vertex 77.33328930094129 44.005591163092475 -1.0000000000000004
vertex 77.85194970290496 43.728361402466525 -1
endloop
endfacet
facet normal 0 0 1
outer loop
vertex 79.58527096604837 43.55764415879057 -1
vertex 77.85194970290496 43.728361402466525 -1
vertex 78.41472903395166 43.557644158790396 -1
endloop
endfacet
facet normal 0 0 1
outer loop
vertex 79.58527096604837 43.55764415879057 -1
vertex 78.41472903395166 43.557644158790396 -1
vertex 78.99999999999999 43.49999999999978 -1
endloop
endfacet
facet normal 0 0 -1
outer loop
vertex 6.292635483024256 46.97117792060483 -3.45
vertex 6.574025148547619 46.88581929876694 -3.45
vertex 6.833355349529413 46.74720441845381 -3.45
endloop
endfacet
facet normal 0 0 -1
outer loop
vertex 6.292635483024256 46.97117792060483 -3.45
vertex 6.833355349529413 46.74720441845381 -3.45
vertex 7.060660171779837 46.56066017177981 -3.45
endloop
endfacet
facet normal 0 0 -1
outer loop
vertex 6.292635483024256 46.97117792060483 -3.45
vertex 7.060660171779837 46.56066017177981 -3.45
vertex 7.247204418453812 46.33335534952941 -3.45
endloop
endfacet
facet normal 0 0 -1
outer loop
vertex 6.292635483024256 46.97117792060483 -3.45
vertex 7.247204418453812 46.33335534952941 -3.45
vertex 7.2650332242208115 46.300000000000004 -3.45
endloop
endfacet
facet normal 0 0 -1
outer loop
vertex 6.292635483024256 46.97117792060483 -3.45
vertex 7.2650332242208115 46.300000000000004 -3.45
vertex 6.000000000000133 46.299999999999976 -3.45
endloop
endfacet
facet normal 0 0 -1
outer loop
vertex 6.292635483024256 46.97117792060483 -3.45
vertex 6.000000000000133 46.299999999999976 -3.45
vertex 4.734966775779188 46.300000000000004 -3.45
endloop
endfacet
facet normal 0 0 -1
outer loop
vertex 6.292635483024256 46.97117792060483 -3.45
vertex 4.734966775779188 46.300000000000004 -3.45
vertex 4.752795581546188 46.33335534952941 -3.45
endloop
endfacet
facet normal 0 0 -1
outer loop
vertex 6.292635483024256 46.97117792060483 -3.45
vertex 4.752795581546188 46.33335534952941 -3.45
vertex 4.93933982822017 46.56066017177981 -3.45
endloop
endfacet
facet normal 0 0 -1
outer loop
vertex 6.292635483024256 46.97117792060483 -3.45
vertex 4.93933982822017 46.56066017177981 -3.45
vertex 5.166644650470573 46.74720441845381 -3.45
endloop
endfacet
facet normal 0 0 -1
outer loop
vertex 6.292635483024256 46.97117792060483 -3.45
vertex 5.166644650470573 46.74720441845381 -3.45
vertex 5.425974851452381 46.88581929876694 -3.45
endloop
endfacet
facet normal 0 0 -1
outer loop
vertex 6.292635483024256 46.97117792060483 -3.45
vertex 5.425974851452381 46.88581929876694 -3.45
vertex 5.707364516975844 46.97117792060483 -3.45
endloop
endfacet
facet normal 0 0 -1
outer loop
vertex 6.292635483024256 46.97117792060483 -3.45
vertex 5.707364516975844 46.97117792060483 -3.45
vertex 5.999999999999957 47 -3.45
endloop
endfacet
facet normal 0 0 -1
outer loop
vertex 6.000000000000133 46.299999999999976 -3.45
vertex 5.8439277423865565 46.284628224322496 -3.45
vertex 4.726750390500275 46.284628224322496 -3.45
endloop
endfacet
facet normal 0 0 -1
outer loop
vertex 6.000000000000133 46.299999999999976 -3.45
vertex 4.726750390500275 46.284628224322496 -3.45
vertex 4.734966775779188 46.300000000000004 -3.45
endloop
endfacet
facet normal 0 0 -1
outer loop
vertex 7.2650332242208115 46.300000000000004 -3.45
vertex 7.273249609499724 46.284628224322496 -3.45
vertex 6.156072257613567 46.284628224322496 -3.45
endloop
endfacet
facet normal 0 0 -1
outer loop
vertex 7.2650332242208115 46.300000000000004 -3.45
vertex 6.156072257613567 46.284628224322496 -3.45
vertex 6.000000000000133 46.299999999999976 -3.45
endloop
endfacet
facet normal 0 0 -1
outer loop
vertex 5.8439277423865565 46.284628224322496 -3.45
vertex 5.693853254108715 46.23910362600933 -3.45
vertex 4.702416985741976 46.23910362600933 -3.45
endloop
endfacet
facet normal 0 0 -1
outer loop
vertex 5.8439277423865565 46.284628224322496 -3.45
vertex 4.702416985741976 46.23910362600933 -3.45
vertex 4.726750390500275 46.284628224322496 -3.45
endloop
endfacet
facet normal 0 0 -1
outer loop
vertex 7.273249609499724 46.284628224322496 -3.45
vertex 7.297583014258021 46.23910362600933 -3.45
vertex 6.306146745891892 46.239103626009204 -3.450000000000002
endloop
endfacet
facet normal 0 0 -1
outer loop
vertex 7.273249609499724 46.284628224322496 -3.45
vertex 6.306146745891892 46.239103626009204 -3.450000000000002
vertex 6.156072257613567 46.284628224322496 -3.45
endloop
endfacet
facet normal 0 0 -1
outer loop
vertex 5.693853254108715 46.23910362600933 -3.45
vertex 5.555543813584276 46.165175689841895 -3.45
vertex 4.662901680602867 46.165175689841895 -3.45
endloop
endfacet
facet normal 0 0 -1
outer loop
vertex 5.693853254108715 46.23910362600933 -3.45
vertex 4.662901680602867 46.165175689841895 -3.45
vertex 4.702416985741976 46.23910362600933 -3.45
endloop
endfacet
facet normal 0 0 -1
outer loop
vertex 7.297583014258021 46.23910362600933 -3.45
vertex 7.337098319397128 46.165175689841895 -3.45
vertex 6.44445618641528 46.16517568984233 -3.45
endloop
endfacet
facet normal 0 0 -1
outer loop
vertex 7.297583014258021 46.23910362600933 -3.45
vertex 6.44445618641528 46.16517568984233 -3.45
vertex 6.306146745891892 46.239103626009204 -3.450000000000002
endloop
endfacet
facet normal 0 0 -1
outer loop
vertex 5.555543813584276 46.165175689841895 -3.45
vertex 5.434314575050863 46.065685424949265 -3.45
vertex 4.611650873737292 46.065685424949265 -3.45
endloop
endfacet
facet normal 0 0 -1
outer loop
vertex 5.555543813584276 46.165175689841895 -3.45
vertex 4.611650873737292 46.065685424949265 -3.45
vertex 4.614180701233067 46.07402514854764 -3.45
endloop
endfacet
facet normal 0 0 -1
outer loop
vertex 5.555543813584276 46.165175689841895 -3.45
vertex 4.614180701233067 46.07402514854764 -3.45
vertex 4.662901680602867 46.165175689841895 -3.45
endloop
endfacet
facet normal 0 0 -1
outer loop
vertex 7.337098319397128 46.165175689841895 -3.45
vertex 7.3858192987669256 46.07402514854764 -3.45
vertex 7.3883491262627015 46.065685424949265 -3.45
endloop
endfacet
facet normal 0 0 -1
outer loop
vertex 7.337098319397128 46.165175689841895 -3.45
vertex 7.3883491262627015 46.065685424949265 -3.45
vertex 6.565685424950114 46.06568542494849 -3.450000000000002
endloop
endfacet
facet normal 0 0 -1
outer loop
vertex 7.337098319397128 46.165175689841895 -3.45
vertex 6.565685424950114 46.06568542494849 -3.450000000000002
vertex 6.44445618641528 46.16517568984233 -3.45
endloop
endfacet
facet normal 0 0 -1
outer loop
vertex 5.434314575050863 46.065685424949265 -3.45
vertex 5.334824310158652 45.94445618641618 -3.45
vertex 4.57487638627189 45.94445618641618 -3.45
endloop
endfacet
facet normal 0 0 -1
outer loop
vertex 5.434314575050863 46.065685424949265 -3.45
vertex 4.57487638627189 45.94445618641618 -3.45
vertex 4.611650873737292 46.065685424949265 -3.45
endloop
endfacet
facet normal 0 0 -1
outer loop
vertex 7.3883491262627015 46.065685424949265 -3.45
vertex 7.425123613728106 45.94445618641618 -3.45
vertex 6.665175689841188 45.94445618641702 -3.45
endloop
endfacet
facet normal 0 0 -1
outer loop
vertex 7.3883491262627015 46.065685424949265 -3.45
vertex 6.665175689841188 45.94445618641702 -3.45
vertex 6.565685424950114 46.06568542494849 -3.450000000000002
endloop
endfacet
facet normal 0 0 -1
outer loop
vertex 5.334824310158652 45.94445618641618 -3.45
vertex 5.260896373990935 45.8061467458919 -3.450000000000002
vertex 4.532920676177469 45.8061467458919 -3.45
endloop
endfacet
facet normal 0 0 -1
outer loop
vertex 5.334824310158652 45.94445618641618 -3.45
vertex 4.532920676177469 45.8061467458919 -3.45
vertex 4.57487638627189 45.94445618641618 -3.45
endloop
endfacet
facet normal 0 0 -1
outer loop
vertex 7.425123613728106 45.94445618641618 -3.45
vertex 7.467079323822531 45.8061467458919 -3.45
vertex 6.739103626009138 45.806146745891645 -3.45
endloop
endfacet
facet normal 0 0 -1
outer loop
vertex 7.425123613728106 45.94445618641618 -3.45
vertex 6.739103626009138 45.806146745891645 -3.45
vertex 6.665175689841188 45.94445618641702 -3.45
endloop
endfacet
facet normal 0 0 -1
outer loop
vertex 5.260896373990935 45.8061467458919 -3.450000000000002
vertex 5.215371775677636 45.656072257612905 -3.450000000000002
vertex 4.515371775677417 45.656072257612905 -3.45
endloop
endfacet
facet normal 0 0 -1
outer loop
vertex 5.260896373990935 45.8061467458919 -3.450000000000002
vertex 4.515371775677417 45.656072257612905 -3.45
vertex 4.528822079395155 45.7926354830242 -3.45
endloop
endfacet
facet normal 0 0 -1
outer loop
vertex 5.260896373990935 45.8061467458919 -3.450000000000002
vertex 4.528822079395155 45.7926354830242 -3.45
vertex 4.532920676177469 45.8061467458919 -3.45
endloop
endfacet
facet normal 0 0 -1
outer loop
vertex 7.467079323822531 45.8061467458919 -3.45
vertex 7.471177920604845 45.7926354830242 -3.45
vertex 7.484628224322581 45.656072257612905 -3.45
endloop
endfacet
facet normal 0 0 -1
outer loop
vertex 7.467079323822531 45.8061467458919 -3.45
vertex 7.484628224322581 45.656072257612905 -3.45
vertex 6.784628224322541 45.65607225761296 -3.45
endloop
endfacet
facet normal 0 0 -1
outer loop
vertex 7.467079323822531 45.8061467458919 -3.45
vertex 6.784628224322541 45.65607225761296 -3.45
vertex 6.739103626009138 45.806146745891645 -3.45
endloop
endfacet
facet normal 0 0 -1
outer loop
vertex 5.215371775677636 45.656072257612905 -3.450000000000002
vertex 5.200000000000193 45.500000000001194 -3.45
vertex 4.5 45.500000000001194 -3.45
endloop
endfacet
facet normal 0 0 -1
outer loop
vertex 5.215371775677636 45.656072257612905 -3.450000000000002
vertex 4.5 45.500000000001194 -3.45
vertex 4.515371775677417 45.656072257612905 -3.45
endloop
endfacet
facet normal 0 0 -1
outer loop
vertex 7.484628224322581 45.656072257612905 -3.45
vertex 7.5 45.500000000001194 -3.45
vertex 6.799999999999844 45.50000000000122 -3.450000000000002
endloop
endfacet
facet normal 0 0 -1
outer loop
vertex 7.484628224322581 45.656072257612905 -3.45
vertex 6.799999999999844 45.50000000000122 -3.450000000000002
vertex 6.784628224322541 45.65607225761296 -3.45
endloop
endfacet
facet normal 0 0 -1
outer loop
vertex 5.200000000000193 45.500000000001194 -3.45
vertex 5.215371775677448 45.34392774238654 -3.45
vertex 4.5153717756774165 45.34392774238654 -3.45
endloop
endfacet
facet normal 0 0 -1
outer loop
vertex 5.200000000000193 45.500000000001194 -3.45
vertex 4.5153717756774165 45.34392774238654 -3.45
vertex 4.5 45.500000000001194 -3.45
endloop
endfacet
facet normal 0 0 -1
outer loop
vertex 7.5 45.500000000001194 -3.45
vertex 7.4846282243225914 45.34392774238654 -3.45
vertex 6.7846282243222555 45.34392774238655 -3.450000000000002
endloop
endfacet
facet normal 0 0 -1
outer loop
vertex 7.5 45.500000000001194 -3.45
vertex 6.7846282243222555 45.34392774238655 -3.450000000000002
vertex 6.799999999999844 45.50000000000122 -3.450000000000002
endloop
endfacet
facet normal 0 0 -1
outer loop
vertex 5.215371775677448 45.34392774238654 -3.45
vertex 5.26089637399083 45.19385325410831 -3.45
vertex 4.532920676177485 45.19385325410831 -3.45
endloop
endfacet
facet normal 0 0 -1
outer loop
vertex 5.215371775677448 45.34392774238654 -3.45
vertex 4.532920676177485 45.19385325410831 -3.45
vertex 4.528822079395155 45.207364516975844 -3.45
endloop
endfacet
facet normal 0 0 -1
outer loop
vertex 5.215371775677448 45.34392774238654 -3.45
vertex 4.528822079395155 45.207364516975844 -3.45
vertex 4.5153717756774165 45.34392774238654 -3.45
endloop
endfacet
facet normal 0 0 -1
outer loop
vertex 7.4846282243225914 45.34392774238654 -3.45
vertex 7.471177920604859 45.207364516975844 -3.45
vertex 7.467079323822527 45.19385325410831 -3.45
endloop
endfacet
facet normal 0 0 -1
outer loop
vertex 7.4846282243225914 45.34392774238654 -3.45
vertex 7.467079323822527 45.19385325410831 -3.45
vertex 6.739103626008978 45.1938532541083 -3.45
endloop
endfacet
facet normal 0 0 -1
outer loop
vertex 7.4846282243225914 45.34392774238654 -3.45
vertex 6.739103626008978 45.1938532541083 -3.45
vertex 6.7846282243222555 45.34392774238655 -3.450000000000002
endloop
endfacet
facet normal 0 0 -1
outer loop
vertex 5.26089637399083 45.19385325410831 -3.45
vertex 5.334824310158048 45.05554381358432 -3.45
vertex 4.5748763862718995 45.05554381358432 -3.45
endloop
endfacet
facet normal 0 0 -1
outer loop
vertex 5.26089637399083 45.19385325410831 -3.45
vertex 4.5748763862718995 45.05554381358432 -3.45
vertex 4.532920676177485 45.19385325410831 -3.45
endloop
endfacet
facet normal 0 0 -1
outer loop
vertex 7.467079323822527 45.19385325410831 -3.45
vertex 7.425123613728102 45.05554381358432 -3.45
vertex 6.665175689841689 45.055543813584144 -3.450000000000002
endloop
endfacet
facet normal 0 0 -1
outer loop
vertex 7.467079323822527 45.19385325410831 -3.45
vertex 6.665175689841689 45.055543813584144 -3.450000000000002
vertex 6.739103626008978 45.1938532541083 -3.45
endloop
endfacet
facet normal 0 0 -1
outer loop
vertex 5.334824310158048 45.05554381358432 -3.45
vertex 5.434314575051548 44.934314575050145 -3.450000000000002
vertex 4.611650873737288 44.934314575050145 -3.45
endloop
endfacet
facet normal 0 0 -1
outer loop
vertex 5.334824310158048 45.05554381358432 -3.45
vertex 4.611650873737288 44.934314575050145 -3.45
vertex 4.5748763862718995 45.05554381358432 -3.45
endloop
endfacet
facet normal 0 0 -1
outer loop
vertex 7.425123613728102 45.05554381358432 -3.45
vertex 7.388349126262706 44.934314575050145 -3.45
vertex 6.565685424948562 44.934314575050166 -3.45
endloop
endfacet
facet normal 0 0 -1
outer loop
vertex 7.425123613728102 45.05554381358432 -3.45
vertex 6.565685424948562 44.934314575050166 -3.45
vertex 6.665175689841689 45.055543813584144 -3.450000000000002
endloop
endfacet
facet normal 0 0 -1
outer loop
vertex 5.434314575051548 44.934314575050145 -3.450000000000002
vertex 5.555543813584215 44.83482431015805 -3.45
vertex 4.6629016806028485 44.83482431015805 -3.45
endloop
endfacet
facet normal 0 0 -1
outer loop
vertex 5.434314575051548 44.934314575050145 -3.450000000000002
vertex 4.6629016806028485 44.83482431015805 -3.45
vertex 4.614180701233067 44.92597485145236 -3.45
endloop
endfacet
facet normal 0 0 -1
outer loop
vertex 5.434314575051548 44.934314575050145 -3.450000000000002
vertex 4.614180701233067 44.92597485145236 -3.45
vertex 4.611650873737288 44.934314575050145 -3.45
endloop
endfacet
facet normal 0 0 -1
outer loop
vertex 7.388349126262706 44.934314575050145 -3.45
vertex 7.3858192987669256 44.92597485145236 -3.45
vertex 7.337098319397148 44.83482431015805 -3.45
endloop
endfacet
facet normal 0 0 -1
outer loop
vertex 7.388349126262706 44.934314575050145 -3.45
vertex 7.337098319397148 44.83482431015805 -3.45
vertex 6.444456186416051 44.834824310158226 -3.450000000000002
endloop
endfacet
facet normal 0 0 -1
outer loop
vertex 7.388349126262706 44.934314575050145 -3.45
vertex 6.444456186416051 44.834824310158226 -3.450000000000002
vertex 6.565685424948562 44.934314575050166 -3.45
endloop
endfacet
facet normal 0 0 -1
outer loop
vertex 5.555543813584215 44.83482431015805 -3.45
vertex 5.693853254108038 44.7608963739909 -3.45
vertex 4.702416985741992 44.7608963739909 -3.45
endloop
endfacet
facet normal 0 0 -1
outer loop
vertex 5.555543813584215 44.83482431015805 -3.45
vertex 4.702416985741992 44.7608963739909 -3.45
vertex 4.6629016806028485 44.83482431015805 -3.45
endloop
endfacet
facet normal 0 0 -1
outer loop
vertex 7.337098319397148 44.83482431015805 -3.45
vertex 7.2975830142580085 44.7608963739909 -3.45
vertex 6.306146745891585 44.76089637399079 -3.450000000000002
endloop
endfacet
facet normal 0 0 -1
outer loop
vertex 7.337098319397148 44.83482431015805 -3.45
vertex 6.306146745891585 44.76089637399079 -3.450000000000002
vertex 6.444456186416051 44.834824310158226 -3.450000000000002
endloop
endfacet
facet normal 0 0 -1
outer loop
vertex 5.693853254108038 44.7608963739909 -3.45
vertex 5.843927742387009 44.71537177567742 -3.450000000000002
vertex 4.726750390500262 44.71537177567742 -3.45
endloop
endfacet
facet normal 0 0 -1
outer loop
vertex 5.693853254108038 44.7608963739909 -3.45
vertex 4.726750390500262 44.71537177567742 -3.45
vertex 4.702416985741992 44.7608963739909 -3.45
endloop
endfacet
facet normal 0 0 -1
outer loop
vertex 7.2975830142580085 44.7608963739909 -3.45
vertex 7.273249609499734 44.71537177567742 -3.45
vertex 6.156072257612851 44.71537177567737 -3.45
endloop
endfacet
facet normal 0 0 -1
outer loop
vertex 7.2975830142580085 44.7608963739909 -3.45
vertex 6.156072257612851 44.71537177567737 -3.45
vertex 6.306146745891585 44.76089637399079 -3.450000000000002
endloop
endfacet
facet normal 0 0 -1
outer loop
vertex 5.843927742387009 44.71537177567742 -3.450000000000002
vertex 6.000000000000247 44.699999999999974 -3.45
vertex 4.734966775779177 44.699999999999974 -3.45
endloop
endfacet
facet normal 0 0 -1
outer loop
vertex 5.843927742387009 44.71537177567742 -3.450000000000002
vertex 4.734966775779177 44.699999999999974 -3.45
vertex 4.726750390500262 44.71537177567742 -3.45
endloop
endfacet
facet normal 0 0 -1
outer loop
vertex 7.273249609499734 44.71537177567742 -3.45
vertex 7.265033224220819 44.699999999999974 -3.45
vertex 6.000000000000247 44.699999999999974 -3.45
endloop
endfacet
facet normal 0 0 -1
outer loop
vertex 7.273249609499734 44.71537177567742 -3.45
vertex 6.000000000000247 44.699999999999974 -3.45
vertex 6.156072257612851 44.71537177567737 -3.45
endloop
endfacet
facet normal 0 0 -1
outer loop
vertex 6.000000000000247 44.699999999999974 -3.45
vertex 7.265033224220819 44.699999999999974 -3.45
vertex 7.247204418453819 44.666644650470595 -3.45
endloop
endfacet
facet normal 0 0 -1
outer loop
vertex 6.000000000000247 44.699999999999974 -3.45
vertex 7.247204418453819 44.666644650470595 -3.45
vertex 7.06066017177983 44.439339828220184 -3.45
endloop
endfacet
facet normal 0 0 -1
outer loop
vertex 6.000000000000247 44.699999999999974 -3.45
vertex 7.06066017177983 44.439339828220184 -3.45
vertex 6.833355349529413 44.25279558154619 -3.45
endloop
endfacet
facet normal 0 0 -1
outer loop
vertex 6.000000000000247 44.699999999999974 -3.45
vertex 6.833355349529413 44.25279558154619 -3.45
vertex 6.574025148547648 44.11418070123308 -3.45
endloop
endfacet
facet normal 0 0 -1
outer loop
vertex 6.000000000000247 44.699999999999974 -3.45
vertex 6.574025148547648 44.11418070123308 -3.45
vertex 6.292635483024185 44.02882207939515 -3.45
endloop
endfacet
facet normal 0 0 -1
outer loop
vertex 6.000000000000247 44.699999999999974 -3.45
vertex 6.292635483024185 44.02882207939515 -3.45
vertex 5.999999999999993 44 -3.45
endloop
endfacet
facet normal 0 0 -1
outer loop
vertex 6.000000000000247 44.699999999999974 -3.45
vertex 5.999999999999993 44 -3.45
vertex 5.707364516975829 44.02882207939515 -3.45
endloop
endfacet
facet normal 0 0 -1
outer loop
vertex 6.000000000000247 44.699999999999974 -3.45
vertex 5.707364516975829 44.02882207939515 -3.45
vertex 5.425974851452324 44.11418070123308 -3.45
endloop
endfacet
facet normal 0 0 -1
outer loop
vertex 6.000000000000247 44.699999999999974 -3.45
vertex 5.425974851452324 44.11418070123308 -3.45
vertex 5.166644650470637 44.25279558154619 -3.45
endloop
endfacet
facet normal 0 0 -1
outer loop
vertex 6.000000000000247 44.699999999999974 -3.45
vertex 5.166644650470637 44.25279558154619 -3.45
vertex 4.939339828220184 44.439339828220184 -3.45
endloop
endfacet
facet normal 0 0 -1
outer loop
vertex 6.000000000000247 44.699999999999974 -3.45
vertex 4.939339828220184 44.439339828220184 -3.45
vertex 4.752795581546174 44.666644650470595 -3.45
endloop
endfacet
facet normal 0 0 -1
outer loop
vertex 6.000000000000247 44.699999999999974 -3.45
vertex 4.752795581546174 44.666644650470595 -3.45
vertex 4.734966775779177 44.699999999999974 -3.45
endloop
endfacet
facet normal 0 0 -1
outer loop
vertex 63.29263548302415 32.97117792060485 -3.45
vertex 63.574025148547655 32.88581929876692 -3.45
vertex 63.833355349529384 32.747204418453826 -3.45
endloop
endfacet
facet normal 0 0 -1
outer loop
vertex 63.29263548302415 32.97117792060485 -3.45
vertex 63.833355349529384 32.747204418453826 -3.45
vertex 64.06066017177984 32.560660171779794 -3.45
endloop
endfacet
facet normal 0 0 -1
outer loop
vertex 63.29263548302415 32.97117792060485 -3.45
vertex 64.06066017177984 32.560660171779794 -3.45
vertex 64.24720441845383 32.33335534952939 -3.45
endloop
endfacet
facet normal 0 0 -1
outer loop
vertex 63.29263548302415 32.97117792060485 -3.45
vertex 64.24720441845383 32.33335534952939 -3.45
vertex 64.26503322422083 32.3 -3.45
endloop
endfacet
facet normal 0 0 -1
outer loop
vertex 63.29263548302415 32.97117792060485 -3.45
vertex 64.26503322422083 32.3 -3.45
vertex 62.999999999999375 32.30000000000001 -3.45
endloop
endfacet
facet normal 0 0 -1
outer loop
vertex 63.29263548302415 32.97117792060485 -3.45
vertex 62.999999999999375 32.30000000000001 -3.45
vertex 61.734966775779185 32.3 -3.45
endloop
endfacet
facet normal 0 0 -1
outer loop
vertex 63.29263548302415 32.97117792060485 -3.45
vertex 61.734966775779185 32.3 -3.45
vertex 61.752795581546174 32.33335534952939 -3.45
endloop
endfacet
facet normal 0 0 -1
outer loop
vertex 63.29263548302415 32.97117792060485 -3.45
vertex 61.752795581546174 32.33335534952939 -3.45
vertex 61.93933982822018 32.560660171779794 -3.45
endloop
endfacet
facet normal 0 0 -1
outer loop
vertex 63.29263548302415 32.97117792060485 -3.45
vertex 61.93933982822018 32.560660171779794 -3.45
vertex 62.16664465047057 32.747204418453826 -3.45
endloop
endfacet
facet normal 0 0 -1
outer loop
vertex 63.29263548302415 32.97117792060485 -3.45
vertex 62.16664465047057 32.747204418453826 -3.45
vertex 62.42597485145236 32.88581929876692 -3.45
endloop
endfacet
facet normal 0 0 -1
outer loop
vertex 63.29263548302415 32.97117792060485 -3.45
vertex 62.42597485145236 32.88581929876692 -3.45
vertex 62.707364516975815 32.97117792060485 -3.45
endloop
endfacet
facet normal 0 0 -1
outer loop
vertex 63.29263548302415 32.97117792060485 -3.45
vertex 62.707364516975815 32.97117792060485 -3.45
vertex 63.000000000000014 33 -3.45
endloop
endfacet
facet normal 0 0 -1
outer loop
vertex 62.999999999999375 32.30000000000001 -3.45
vertex 62.84392774238792 32.28462822432273 -3.45
vertex 61.72675039050027 32.28462822432273 -3.45
endloop
endfacet
facet normal 0 0 -1
outer loop
vertex 62.999999999999375 32.30000000000001 -3.45
vertex 61.72675039050027 32.28462822432273 -3.45
vertex 61.734966775779185 32.3 -3.45
endloop
endfacet
facet normal 0 0 -1
outer loop
vertex 64.26503322422083 32.3 -3.45
vertex 64.27324960949974 32.28462822432273 -3.45
vertex 63.156072257614014 32.28462822432242 -3.450000000000002
endloop
endfacet
facet normal 0 0 -1
outer loop
vertex 64.26503322422083 32.3 -3.45
vertex 63.156072257614014 32.28462822432242 -3.450000000000002
vertex 62.999999999999375 32.30000000000001 -3.45
endloop
endfacet
facet normal 0 0 -1
outer loop
vertex 62.84392774238792 32.28462822432273 -3.45
vertex 62.69385325410779 32.239103626008884 -3.45
vertex 61.702416985741976 32.239103626008884 -3.45
endloop
endfacet
facet normal 0 0 -1
outer loop
vertex 62.84392774238792 32.28462822432273 -3.45
vertex 61.702416985741976 32.239103626008884 -3.45
vertex 61.72675039050027 32.28462822432273 -3.45
endloop
endfacet
facet normal 0 0 -1
outer loop
vertex 64.27324960949974 32.28462822432273 -3.45
vertex 64.29758301425802 32.239103626008884 -3.45
vertex 63.30614674589113 32.23910362600949 -3.45
endloop
endfacet
facet normal 0 0 -1
outer loop
vertex 64.27324960949974 32.28462822432273 -3.45
vertex 63.30614674589113 32.23910362600949 -3.45
vertex 63.156072257614014 32.28462822432242 -3.450000000000002
endloop
endfacet
facet normal 0 0 -1
outer loop
vertex 62.69385325410779 32.239103626008884 -3.45
vertex 62.55554381358493 32.16517568984233 -3.45
vertex 61.66290168060285 32.16517568984233 -3.45
endloop
endfacet
facet normal 0 0 -1
outer loop
vertex 62.69385325410779 32.239103626008884 -3.45
vertex 61.66290168060285 32.16517568984233 -3.45
vertex 61.702416985741976 32.239103626008884 -3.45
endloop
endfacet
facet normal 0 0 -1
outer loop
vertex 64.29758301425802 32.239103626008884 -3.45
vertex 64.33709831939716 32.16517568984233 -3.45
vertex 63.44445618641545 32.16517568984213 -3.450000000000002
endloop
endfacet
facet normal 0 0 -1
outer loop
vertex 64.29758301425802 32.239103626008884 -3.45
vertex 63.44445618641545 32.16517568984213 -3.450000000000002
vertex 63.30614674589113 32.23910362600949 -3.45
endloop
endfacet
facet normal 0 0 -1
outer loop
vertex 62.55554381358493 32.16517568984233 -3.45
vertex 62.43431457505051 32.06568542494879 -3.45
vertex 61.61165087373732 32.06568542494879 -3.45
endloop
endfacet
facet normal 0 0 -1
outer loop
vertex 62.55554381358493 32.16517568984233 -3.45
vertex 61.61165087373732 32.06568542494879 -3.45
vertex 61.61418070123308 32.07402514854764 -3.45
endloop
endfacet
facet normal 0 0 -1
outer loop
vertex 62.55554381358493 32.16517568984233 -3.45
vertex 61.61418070123308 32.07402514854764 -3.45
vertex 61.66290168060285 32.16517568984233 -3.45
endloop
endfacet
facet normal 0 0 -1
outer loop
vertex 64.33709831939716 32.16517568984233 -3.45
vertex 64.38581929876693 32.07402514854764 -3.45
vertex 64.3883491262627 32.06568542494879 -3.45
endloop
endfacet
facet normal 0 0 -1
outer loop
vertex 64.33709831939716 32.16517568984233 -3.45
vertex 64.3883491262627 32.06568542494879 -3.45
vertex 63.565685424949336 32.065685424949066 -3.450000000000002
endloop
endfacet
facet normal 0 0 -1
outer loop
vertex 64.33709831939716 32.16517568984233 -3.45
vertex 63.565685424949336 32.065685424949066 -3.450000000000002
vertex 63.44445618641545 32.16517568984213 -3.450000000000002
endloop
endfacet
facet normal 0 0 -1
outer loop
vertex 62.43431457505051 32.06568542494879 -3.45
vertex 62.3348243101578 31.944456186415437 -3.45
vertex 61.57487638627188 31.944456186415437 -3.45
endloop
endfacet
facet normal 0 0 -1
outer loop
vertex 62.43431457505051 32.06568542494879 -3.45
vertex 61.57487638627188 31.944456186415437 -3.45
vertex 61.61165087373732 32.06568542494879 -3.45
endloop
endfacet
facet normal 0 0 -1
outer loop
vertex 64.3883491262627 32.06568542494879 -3.45
vertex 64.42512361372813 31.944456186415437 -3.45
vertex 63.66517568984205 31.94445618641558 -3.45
endloop
endfacet
facet normal 0 0 -1
outer loop
vertex 64.3883491262627 32.06568542494879 -3.45
vertex 63.66517568984205 31.94445618641558 -3.45
vertex 63.565685424949336 32.065685424949066 -3.450000000000002
endloop
endfacet
facet normal 0 0 -1
outer loop
vertex 62.3348243101578 31.944456186415437 -3.45
vertex 62.26089637399075 31.806146745891823 -3.450000000000002
vertex 61.5329206761775 31.806146745891823 -3.45
endloop
endfacet
facet normal 0 0 -1
outer loop
vertex 62.3348243101578 31.944456186415437 -3.45
vertex 61.5329206761775 31.806146745891823 -3.45
vertex 61.57487638627188 31.944456186415437 -3.45
endloop
endfacet
facet normal 0 0 -1
outer loop
vertex 64.42512361372813 31.944456186415437 -3.45
vertex 64.4670793238225 31.806146745891823 -3.45
vertex 63.739103626009154 31.806146745891773 -3.450000000000002
endloop
endfacet
facet normal 0 0 -1
outer loop
vertex 64.42512361372813 31.944456186415437 -3.45
vertex 63.739103626009154 31.806146745891773 -3.450000000000002
vertex 63.66517568984205 31.94445618641558 -3.45
endloop
endfacet
facet normal 0 0 -1
outer loop
vertex 62.26089637399075 31.806146745891823 -3.450000000000002
vertex 62.21537177567734 31.656072257612998 -3.450000000000002
vertex 61.5153717756774 31.656072257612998 -3.45
endloop
endfacet
facet normal 0 0 -1
outer loop
vertex 62.26089637399075 31.806146745891823 -3.450000000000002
vertex 61.5153717756774 31.656072257612998 -3.45
vertex 61.52882207939515 31.792635483024203 -3.45
endloop
endfacet
facet normal 0 0 -1
outer loop
vertex 62.26089637399075 31.806146745891823 -3.450000000000002
vertex 61.52882207939515 31.792635483024203 -3.45
vertex 61.5329206761775 31.806146745891823 -3.45
endloop
endfacet
facet normal 0 0 -1
outer loop
vertex 64.4670793238225 31.806146745891823 -3.45
vertex 64.47117792060484 31.792635483024203 -3.45
vertex 64.48462822432259 31.656072257612998 -3.45
endloop
endfacet
facet normal 0 0 -1
outer loop
vertex 64.4670793238225 31.806146745891823 -3.45
vertex 64.48462822432259 31.656072257612998 -3.45
vertex 63.784628224322574 31.65607225761298 -3.45
endloop
endfacet
facet normal 0 0 -1
outer loop
vertex 64.4670793238225 31.806146745891823 -3.45
vertex 63.784628224322574 31.65607225761298 -3.45
vertex 63.739103626009154 31.806146745891773 -3.450000000000002
endloop
endfacet
facet normal 0 0 -1
outer loop
vertex 62.21537177567734 31.656072257612998 -3.450000000000002
vertex 62.199999999999974 31.500000000000384 -3.45
vertex 61.5 31.500000000000384 -3.45
endloop
endfacet
facet normal 0 0 -1
outer loop
vertex 62.21537177567734 31.656072257612998 -3.450000000000002
vertex 61.5 31.500000000000384 -3.45
vertex 61.5153717756774 31.656072257612998 -3.45
endloop
endfacet
facet normal 0 0 -1
outer loop
vertex 64.48462822432259 31.656072257612998 -3.45
vertex 64.5 31.500000000000384 -3.45
vertex 63.799999999999976 31.50000000000038 -3.45
endloop
endfacet
facet normal 0 0 -1
outer loop
vertex 64.48462822432259 31.656072257612998 -3.45
vertex 63.799999999999976 31.50000000000038 -3.45
vertex 63.784628224322574 31.65607225761298 -3.45
endloop
endfacet
facet normal 0 0 -1
outer loop
vertex 62.199999999999974 31.500000000000384 -3.45
vertex 62.2153717756774 31.34392774238739 -3.45
vertex 61.51537177567742 31.34392774238739 -3.45
endloop
endfacet
facet normal 0 0 -1
outer loop
vertex 62.199999999999974 31.500000000000384 -3.45
vertex 61.51537177567742 31.34392774238739 -3.45
vertex 61.5 31.500000000000384 -3.45
endloop
endfacet
facet normal 0 0 -1
outer loop
vertex 64.5 31.500000000000384 -3.45
vertex 64.48462822432258 31.34392774238739 -3.45
vertex 63.78462822432255 31.34392774238739 -3.45
endloop
endfacet
facet normal 0 0 -1
outer loop
vertex 64.5 31.500000000000384 -3.45
vertex 63.78462822432255 31.34392774238739 -3.45
vertex 63.799999999999976 31.50000000000038 -3.45
endloop
endfacet
facet normal 0 0 -1
outer loop
vertex 62.2153717756774 31.34392774238739 -3.45
vertex 62.260896373991045 31.19385325410779 -3.450000000000002
vertex 61.532920676177476 31.19385325410779 -3.45
endloop
endfacet
facet normal 0 0 -1
outer loop
vertex 62.2153717756774 31.34392774238739 -3.45
vertex 61.532920676177476 31.19385325410779 -3.45
vertex 61.52882207939516 31.207364516975847 -3.45
endloop
endfacet
facet normal 0 0 -1
outer loop
vertex 62.2153717756774 31.34392774238739 -3.45
vertex 61.52882207939516 31.207364516975847 -3.45
vertex 61.51537177567742 31.34392774238739 -3.45
endloop
endfacet
facet normal 0 0 -1
outer loop
vertex 64.48462822432258 31.34392774238739 -3.45
vertex 64.47117792060484 31.207364516975847 -3.45
vertex 64.46707932382253 31.19385325410779 -3.45
endloop
endfacet
facet normal 0 0 -1
outer loop
vertex 64.48462822432258 31.34392774238739 -3.45
vertex 64.46707932382253 31.19385325410779 -3.45
vertex 63.739103626008855 31.193853254107733 -3.450000000000002
endloop
endfacet
facet normal 0 0 -1
outer loop
vertex 64.48462822432258 31.34392774238739 -3.45
vertex 63.739103626008855 31.193853254107733 -3.450000000000002
vertex 63.78462822432255 31.34392774238739 -3.45
endloop
endfacet
facet normal 0 0 -1
outer loop
vertex 62.260896373991045 31.19385325410779 -3.450000000000002
vertex 62.3348243101583 31.055543813583906 -3.45
vertex 61.574876386271896 31.055543813583906 -3.45
endloop
endfacet
facet normal 0 0 -1
outer loop
vertex 62.260896373991045 31.19385325410779 -3.450000000000002
vertex 61.574876386271896 31.055543813583906 -3.45
vertex 61.532920676177476 31.19385325410779 -3.45
endloop
endfacet
facet normal 0 0 -1
outer loop
vertex 64.46707932382253 31.19385325410779 -3.45
vertex 64.42512361372809 31.055543813583906 -3.45
vertex 63.665175689841774 31.05554381358395 -3.45
endloop
endfacet
facet normal 0 0 -1
outer loop
vertex 64.46707932382253 31.19385325410779 -3.45
vertex 63.665175689841774 31.05554381358395 -3.45
vertex 63.739103626008855 31.193853254107733 -3.450000000000002
endloop
endfacet
facet normal 0 0 -1
outer loop
vertex 62.3348243101583 31.055543813583906 -3.45
vertex 62.43431457505028 30.93431457505133 -3.45
vertex 61.611650873737275 30.93431457505133 -3.45
endloop
endfacet
facet normal 0 0 -1
outer loop
vertex 62.3348243101583 31.055543813583906 -3.45
vertex 61.611650873737275 30.93431457505133 -3.45
vertex 61.574876386271896 31.055543813583906 -3.45
endloop
endfacet
facet normal 0 0 -1
outer loop
vertex 64.42512361372809 31.055543813583906 -3.45
vertex 64.38834912626271 30.93431457505133 -3.45
vertex 63.56568542494978 30.93431457505139 -3.45
endloop
endfacet
facet normal 0 0 -1
outer loop
vertex 64.42512361372809 31.055543813583906 -3.45
vertex 63.56568542494978 30.93431457505139 -3.45
vertex 63.665175689841774 31.05554381358395 -3.45
endloop
endfacet
facet normal 0 0 -1
outer loop
vertex 62.43431457505028 30.93431457505133 -3.45
vertex 62.55554381358519 30.834824310157412 -3.450000000000002
vertex 61.66290168060285 30.834824310157412 -3.45
endloop
endfacet
facet normal 0 0 -1
outer loop
vertex 62.43431457505028 30.93431457505133 -3.45
vertex 61.66290168060285 30.834824310157412 -3.45
vertex 61.61418070123305 30.92597485145237 -3.45
endloop
endfacet
facet normal 0 0 -1
outer loop
vertex 62.43431457505028 30.93431457505133 -3.45
vertex 61.61418070123305 30.92597485145237 -3.45
vertex 61.611650873737275 30.93431457505133 -3.45
endloop
endfacet
facet normal 0 0 -1
outer loop
vertex 64.38834912626271 30.93431457505133 -3.45
vertex 64.38581929876693 30.92597485145237 -3.45
vertex 64.33709831939713 30.834824310157412 -3.45
endloop
endfacet
facet normal 0 0 -1
outer loop
vertex 64.38834912626271 30.93431457505133 -3.45
vertex 64.33709831939713 30.834824310157412 -3.45
vertex 63.444456186414506 30.834824310157167 -3.45
endloop
endfacet
facet normal 0 0 -1
outer loop
vertex 64.38834912626271 30.93431457505133 -3.45
vertex 63.444456186414506 30.834824310157167 -3.45
vertex 63.56568542494978 30.93431457505139 -3.45
endloop
endfacet
facet normal 0 0 -1
outer loop
vertex 62.55554381358519 30.834824310157412 -3.450000000000002
vertex 62.6938532541079 30.760896373990935 -3.45
vertex 61.702416985741976 30.760896373990935 -3.45
endloop
endfacet
facet normal 0 0 -1
outer loop
vertex 62.55554381358519 30.834824310157412 -3.450000000000002
vertex 61.702416985741976 30.760896373990935 -3.45
vertex 61.66290168060285 30.834824310157412 -3.45
endloop
endfacet
facet normal 0 0 -1
outer loop
vertex 64.33709831939713 30.834824310157412 -3.45
vertex 64.29758301425801 30.760896373990935 -3.45
vertex 63.306146745893216 30.76089637399141 -3.45
endloop
endfacet
facet normal 0 0 -1
outer loop
vertex 64.33709831939713 30.834824310157412 -3.45
vertex 63.306146745893216 30.76089637399141 -3.45
vertex 63.444456186414506 30.834824310157167 -3.45
endloop
endfacet
facet normal 0 0 -1
outer loop
vertex 62.6938532541079 30.760896373990935 -3.45
vertex 62.84392774238686 30.715371775677404 -3.450000000000002
vertex 61.72675039050025 30.715371775677404 -3.45
endloop
endfacet
facet normal 0 0 -1
outer loop
vertex 62.6938532541079 30.760896373990935 -3.45
vertex 61.72675039050025 30.715371775677404 -3.45
vertex 61.702416985741976 30.760896373990935 -3.45
endloop
endfacet
facet normal 0 0 -1
outer loop
vertex 64.29758301425801 30.760896373990935 -3.45
vertex 64.27324960949973 30.715371775677404 -3.45
vertex 63.15607225761284 30.71537177567749 -3.45
endloop
endfacet
facet normal 0 0 -1
outer loop
vertex 64.29758301425801 30.760896373990935 -3.45
vertex 63.15607225761284 30.71537177567749 -3.45
vertex 63.306146745893216 30.76089637399141 -3.45
endloop
endfacet
facet normal 0 0 -1
outer loop
vertex 62.84392774238686 30.715371775677404 -3.450000000000002
vertex 62.999999999999346 30.70000000000001 -3.45
vertex 61.734966775779164 30.70000000000001 -3.45
endloop
endfacet
facet normal 0 0 -1
outer loop
vertex 62.84392774238686 30.715371775677404 -3.450000000000002
vertex 61.734966775779164 30.70000000000001 -3.45
vertex 61.72675039050025 30.715371775677404 -3.45
endloop
endfacet
facet normal 0 0 -1
outer loop
vertex 64.27324960949973 30.715371775677404 -3.45
vertex 64.26503322422082 30.70000000000001 -3.45
vertex 62.999999999999346 30.70000000000001 -3.45
endloop
endfacet
facet normal 0 0 -1
outer loop
vertex 64.27324960949973 30.715371775677404 -3.45
vertex 62.999999999999346 30.70000000000001 -3.45
vertex 63.15607225761284 30.71537177567749 -3.45
endloop
endfacet
facet normal 0 0 -1
outer loop
vertex 62.999999999999346 30.70000000000001 -3.45
vertex 64.26503322422082 30.70000000000001 -3.45
vertex 64.24720441845382 30.666644650470605 -3.45
endloop
endfacet
facet normal 0 0 -1
outer loop
vertex 62.999999999999346 30.70000000000001 -3.45
vertex 64.24720441845382 30.666644650470605 -3.45
vertex 64.06066017177982 30.439339828220177 -3.45
endloop
endfacet
facet normal 0 0 -1
outer loop
vertex 62.999999999999346 30.70000000000001 -3.45
vertex 64.06066017177982 30.439339828220177 -3.45
vertex 63.833355349529384 30.252795581546167 -3.45
endloop
endfacet
facet normal 0 0 -1
outer loop
vertex 62.999999999999346 30.70000000000001 -3.45
vertex 63.833355349529384 30.252795581546167 -3.45
vertex 63.57402514854764 30.114180701233057 -3.45
endloop
endfacet
facet normal 0 0 -1
outer loop
vertex 62.999999999999346 30.70000000000001 -3.45
vertex 63.57402514854764 30.114180701233057 -3.45
vertex 63.292635483024185 30.02882207939516 -3.45
endloop
endfacet
facet normal 0 0 -1
outer loop
vertex 62.999999999999346 30.70000000000001 -3.45
vertex 63.292635483024185 30.02882207939516 -3.45
vertex 63 30 -3.45
endloop
endfacet
facet normal 0 0 -1
outer loop
vertex 62.999999999999346 30.70000000000001 -3.45
vertex 63 30 -3.45
vertex 62.70736451697577 30.02882207939516 -3.45
endloop
endfacet
facet normal 0 0 -1
outer loop
vertex 62.999999999999346 30.70000000000001 -3.45
vertex 62.70736451697577 30.02882207939516 -3.45
vertex 62.42597485145238 30.114180701233057 -3.45
endloop
endfacet
facet normal 0 0 -1
outer loop
vertex 62.999999999999346 30.70000000000001 -3.45
vertex 62.42597485145238 30.114180701233057 -3.45
vertex 62.16664465047059 30.252795581546167 -3.45
endloop
endfacet
facet normal 0 0 -1
outer loop
vertex 62.999999999999346 30.70000000000001 -3.45
vertex 62.16664465047059 30.252795581546167 -3.45
vertex 61.939339828220206 30.439339828220177 -3.45
endloop
endfacet
facet normal 0 0 -1
outer loop
vertex 62.999999999999346 30.70000000000001 -3.45
vertex 61.939339828220206 30.439339828220177 -3.45
vertex 61.752795581546145 30.666644650470605 -3.45
endloop
endfacet
facet normal 0 0 -1
outer loop
vertex 62.999999999999346 30.70000000000001 -3.45
vertex 61.752795581546145 30.666644650470605 -3.45
vertex 61.734966775779164 30.70000000000001 -3.45
endloop
endfacet
facet normal 0 0 -1
outer loop
vertex 13.292635483024199 -4.028822079395155 -3.45
vertex 13.574025148547634 -4.114180701233067 -3.45
vertex 13.833355349529402 -4.252795581546181 -3.45
endloop
endfacet
facet normal 0 0 -1
outer loop
vertex 13.292635483024199 -4.028822079395155 -3.45
vertex 13.833355349529402 -4.252795581546181 -3.45
vertex 14.060660171779823 -4.439339828220181 -3.45
endloop
endfacet
facet normal 0 0 -1
outer loop
vertex 13.292635483024199 -4.028822079395155 -3.45
vertex 14.060660171779823 -4.439339828220181 -3.45
vertex 14.24720441845382 -4.6666446504705945 -3.45
endloop
endfacet
facet normal 0 0 -1
outer loop
vertex 13.292635483024199 -4.028822079395155 -3.45
vertex 14.24720441845382 -4.6666446504705945 -3.45
vertex 14.265033224220817 -4.699999999999999 -3.45
endloop
endfacet
facet normal 0 0 -1
outer loop
vertex 13.292635483024199 -4.028822079395155 -3.45
vertex 14.265033224220817 -4.699999999999999 -3.45
vertex 13.000000000000131 -4.7000000000000375 -3.450000000000002
endloop
endfacet
facet normal 0 0 -1
outer loop
vertex 13.292635483024199 -4.028822079395155 -3.45
vertex 13.000000000000131 -4.7000000000000375 -3.450000000000002
vertex 11.734966775779188 -4.699999999999999 -3.45
endloop
endfacet
facet normal 0 0 -1
outer loop
vertex 13.292635483024199 -4.028822079395155 -3.45
vertex 11.734966775779188 -4.699999999999999 -3.45
vertex 11.752795581546188 -4.6666446504705945 -3.45
endloop
endfacet
facet normal 0 0 -1
outer loop
vertex 13.292635483024199 -4.028822079395155 -3.45
vertex 11.752795581546188 -4.6666446504705945 -3.45
vertex 11.939339828220177 -4.439339828220181 -3.45
endloop
endfacet
facet normal 0 0 -1
outer loop
vertex 13.292635483024199 -4.028822079395155 -3.45
vertex 11.939339828220177 -4.439339828220181 -3.45
vertex 12.166644650470587 -4.252795581546181 -3.45
endloop
endfacet
facet normal 0 0 -1
outer loop
vertex 13.292635483024199 -4.028822079395155 -3.45
vertex 12.166644650470587 -4.252795581546181 -3.45
vertex 12.425974851452366 -4.114180701233067 -3.45
endloop
endfacet
facet normal 0 0 -1
outer loop
vertex 13.292635483024199 -4.028822079395155 -3.45
vertex 12.425974851452366 -4.114180701233067 -3.45
vertex 12.707364516975815 -4.028822079395155 -3.45
endloop
endfacet
facet normal 0 0 -1
outer loop
vertex 13.292635483024199 -4.028822079395155 -3.45
vertex 12.707364516975815 -4.028822079395155 -3.45
vertex 13 -4 -3.45
endloop
endfacet
facet normal 0 0 -1
outer loop
vertex 13.000000000000131 -4.7000000000000375 -3.450000000000002
vertex 12.843927742386606 -4.7153717756775135 -3.45
vertex 11.726750390500271 -4.7153717756775135 -3.45
endloop
endfacet
facet normal 0 0 -1
outer loop
vertex 13.000000000000131 -4.7000000000000375 -3.450000000000002
vertex 11.726750390500271 -4.7153717756775135 -3.45
vertex 11.734966775779188 -4.699999999999999 -3.45
endloop
endfacet
facet normal 0 0 -1
outer loop
vertex 14.265033224220817 -4.699999999999999 -3.45
vertex 14.273249609499732 -4.7153717756775135 -3.45
vertex 13.156072257613 -4.715371775677454 -3.450000000000002
endloop
endfacet
facet normal 0 0 -1
outer loop
vertex 14.265033224220817 -4.699999999999999 -3.45
vertex 13.156072257613 -4.715371775677454 -3.450000000000002
vertex 13.000000000000131 -4.7000000000000375 -3.450000000000002
endloop
endfacet
facet normal 0 0 -1
outer loop
vertex 12.843927742386606 -4.7153717756775135 -3.45
vertex 12.693853254108284 -4.760896373990812 -3.450000000000002
vertex 11.702416985741987 -4.760896373990812 -3.45
endloop
endfacet
facet normal 0 0 -1
outer loop
vertex 12.843927742386606 -4.7153717756775135 -3.45
vertex 11.702416985741987 -4.760896373990812 -3.45
vertex 11.726750390500271 -4.7153717756775135 -3.45
endloop
endfacet
facet normal 0 0 -1
outer loop
vertex 14.273249609499732 -4.7153717756775135 -3.45
vertex 14.297583014258015 -4.760896373990812 -3.45
vertex 13.306146745891665 -4.76089637399085 -3.45
endloop
endfacet
facet normal 0 0 -1
outer loop
vertex 14.273249609499732 -4.7153717756775135 -3.45
vertex 13.306146745891665 -4.76089637399085 -3.45
vertex 13.156072257613 -4.715371775677454 -3.450000000000002
endloop
endfacet
facet normal 0 0 -1
outer loop
vertex 12.693853254108284 -4.760896373990812 -3.450000000000002
vertex 12.555543813584315 -4.8348243101579955 -3.450000000000002
vertex 11.662901680602866 -4.8348243101579955 -3.45
endloop
endfacet
facet normal 0 0 -1
outer loop
vertex 12.693853254108284 -4.760896373990812 -3.450000000000002
vertex 11.662901680602866 -4.8348243101579955 -3.45
vertex 11.702416985741987 -4.760896373990812 -3.45
endloop
endfacet
facet normal 0 0 -1
outer loop
vertex 14.297583014258015 -4.760896373990812 -3.45
vertex 14.337098319397134 -4.8348243101579955 -3.45
vertex 13.444456186416149 -4.834824310158311 -3.45
endloop
endfacet
facet normal 0 0 -1
outer loop
vertex 14.297583014258015 -4.760896373990812 -3.45
vertex 13.444456186416149 -4.834824310158311 -3.45
vertex 13.306146745891665 -4.76089637399085 -3.45
endloop
endfacet
facet normal 0 0 -1
outer loop
vertex 12.555543813584315 -4.8348243101579955 -3.450000000000002
vertex 12.434314575051292 -4.934314575050408 -3.450000000000002
vertex 11.6116508737373 -4.934314575050408 -3.45
endloop
endfacet
facet normal 0 0 -1
outer loop
vertex 12.555543813584315 -4.8348243101579955 -3.450000000000002
vertex 11.6116508737373 -4.934314575050408 -3.45
vertex 11.614180701233074 -4.9259748514523665 -3.45
endloop
endfacet
facet normal 0 0 -1
outer loop
vertex 12.555543813584315 -4.8348243101579955 -3.450000000000002
vertex 11.614180701233074 -4.9259748514523665 -3.45
vertex 11.662901680602866 -4.8348243101579955 -3.45
endloop
endfacet
facet normal 0 0 -1
outer loop
vertex 14.337098319397134 -4.8348243101579955 -3.45
vertex 14.385819298766933 -4.9259748514523665 -3.45
vertex 14.388349126262707 -4.934314575050408 -3.45
endloop
endfacet
facet normal 0 0 -1
outer loop
vertex 14.337098319397134 -4.8348243101579955 -3.45
vertex 14.388349126262707 -4.934314575050408 -3.45
vertex 13.56568542494885 -4.934314575050409 -3.45
endloop
endfacet
facet normal 0 0 -1
outer loop
vertex 14.337098319397134 -4.8348243101579955 -3.45
vertex 13.56568542494885 -4.934314575050409 -3.45
vertex 13.444456186416149 -4.834824310158311 -3.45
endloop
endfacet
facet normal 0 0 -1
outer loop
vertex 12.434314575051292 -4.934314575050408 -3.450000000000002
vertex 12.334824310157819 -5.055543813584781 -3.45
vertex 11.574876386271898 -5.055543813584781 -3.45
endloop
endfacet
facet normal 0 0 -1
outer loop
vertex 12.434314575051292 -4.934314575050408 -3.450000000000002
vertex 11.574876386271898 -5.055543813584781 -3.45
vertex 11.6116508737373 -4.934314575050408 -3.45
endloop
endfacet
facet normal 0 0 -1
outer loop
vertex 14.388349126262707 -4.934314575050408 -3.45
vertex 14.425123613728104 -5.055543813584781 -3.45
vertex 13.665175689842261 -5.055543813584713 -3.45
endloop
endfacet
facet normal 0 0 -1
outer loop
vertex 14.388349126262707 -4.934314575050408 -3.45
vertex 13.665175689842261 -5.055543813584713 -3.45
vertex 13.56568542494885 -4.934314575050409 -3.45
endloop
endfacet
facet normal 0 0 -1
outer loop
vertex 12.334824310157819 -5.055543813584781 -3.45
vertex 12.260896373991123 -5.193853254107791 -3.450000000000002
vertex 11.532920676177474 -5.193853254107791 -3.45
endloop
endfacet
facet normal 0 0 -1
outer loop
vertex 12.334824310157819 -5.055543813584781 -3.45
vertex 11.532920676177474 -5.193853254107791 -3.45
vertex 11.574876386271898 -5.055543813584781 -3.45
endloop
endfacet
facet normal 0 0 -1
outer loop
vertex 14.425123613728104 -5.055543813584781 -3.45
vertex 14.467079323822526 -5.193853254107791 -3.45
vertex 13.739103626008896 -5.193853254107644 -3.450000000000002
endloop
endfacet
facet normal 0 0 -1
outer loop
vertex 14.425123613728104 -5.055543813584781 -3.45
vertex 13.739103626008896 -5.193853254107644 -3.450000000000002
vertex 13.665175689842261 -5.055543813584713 -3.45
endloop
endfacet
facet normal 0 0 -1
outer loop
vertex 12.260896373991123 -5.193853254107791 -3.450000000000002
vertex 12.215371775677353 -5.343927742387269 -3.45
vertex 11.515371775677417 -5.343927742387269 -3.45
endloop
endfacet
facet normal 0 0 -1
outer loop
vertex 12.260896373991123 -5.193853254107791 -3.450000000000002
vertex 11.515371775677417 -5.343927742387269 -3.45
vertex 11.528822079395155 -5.2073645169758045 -3.45
endloop
endfacet
facet normal 0 0 -1
outer loop
vertex 12.260896373991123 -5.193853254107791 -3.450000000000002
vertex 11.528822079395155 -5.2073645169758045 -3.45
vertex 11.532920676177474 -5.193853254107791 -3.45
endloop
endfacet
facet normal 0 0 -1
outer loop
vertex 14.467079323822526 -5.193853254107791 -3.45
vertex 14.471177920604845 -5.2073645169758045 -3.45
vertex 14.484628224322584 -5.343927742387269 -3.45
endloop
endfacet
facet normal 0 0 -1
outer loop
vertex 14.467079323822526 -5.193853254107791 -3.45
vertex 14.484628224322584 -5.343927742387269 -3.45
vertex 13.78462822432259 -5.343927742387283 -3.45
endloop
endfacet
facet normal 0 0 -1
outer loop
vertex 14.467079323822526 -5.193853254107791 -3.45
vertex 13.78462822432259 -5.343927742387283 -3.45
vertex 13.739103626008896 -5.193853254107644 -3.450000000000002
endloop
endfacet
facet normal 0 0 -1
outer loop
vertex 12.215371775677353 -5.343927742387269 -3.45
vertex 12.19999999999998 -5.500000000000069 -3.45
vertex 11.5 -5.500000000000069 -3.45
endloop
endfacet
facet normal 0 0 -1
outer loop
vertex 12.215371775677353 -5.343927742387269 -3.45
vertex 11.5 -5.500000000000069 -3.45
vertex 11.515371775677417 -5.343927742387269 -3.45
endloop
endfacet
facet normal 0 0 -1
outer loop
vertex 14.484628224322584 -5.343927742387269 -3.45
vertex 14.5 -5.500000000000069 -3.45
vertex 13.799999999999995 -5.500000000000069 -3.45
endloop
endfacet
facet normal 0 0 -1
outer loop
vertex 14.484628224322584 -5.343927742387269 -3.45
vertex 13.799999999999995 -5.500000000000069 -3.45
vertex 13.78462822432259 -5.343927742387283 -3.45
endloop
endfacet
facet normal 0 0 -1
outer loop
vertex 12.19999999999998 -5.500000000000069 -3.45
vertex 12.215371775677413 -5.656072257612994 -3.45
vertex 11.515371775677414 -5.656072257612994 -3.45
endloop
endfacet
facet normal 0 0 -1
outer loop
vertex 12.19999999999998 -5.500000000000069 -3.45
vertex 11.515371775677414 -5.656072257612994 -3.45
vertex 11.5 -5.500000000000069 -3.45
endloop
endfacet
facet normal 0 0 -1
outer loop
vertex 14.5 -5.500000000000069 -3.45
vertex 14.484628224322583 -5.656072257612994 -3.45
vertex 13.784628224322578 -5.656072257612996 -3.45
endloop
endfacet
facet normal 0 0 -1
outer loop
vertex 14.5 -5.500000000000069 -3.45
vertex 13.784628224322578 -5.656072257612996 -3.45
vertex 13.799999999999995 -5.500000000000069 -3.45
endloop
endfacet
facet normal 0 0 -1
outer loop
vertex 12.215371775677413 -5.656072257612994 -3.45
vertex 12.26089637399098 -5.806146745892001 -3.45
vertex 11.532920676177476 -5.806146745892001 -3.45
endloop
endfacet
facet normal 0 0 -1
outer loop
vertex 12.215371775677413 -5.656072257612994 -3.45
vertex 11.532920676177476 -5.806146745892001 -3.45
vertex 11.528822079395155 -5.792635483024188 -3.45
endloop
endfacet
facet normal 0 0 -1
outer loop
vertex 12.215371775677413 -5.656072257612994 -3.45
vertex 11.528822079395155 -5.792635483024188 -3.45
vertex 11.515371775677414 -5.656072257612994 -3.45
endloop
endfacet
facet normal 0 0 -1
outer loop
vertex 14.484628224322583 -5.656072257612994 -3.45
vertex 14.471177920604845 -5.792635483024188 -3.45
vertex 14.467079323822524 -5.806146745892001 -3.45
endloop
endfacet
facet normal 0 0 -1
outer loop
vertex 14.484628224322583 -5.656072257612994 -3.45
vertex 14.467079323822524 -5.806146745892001 -3.45
vertex 13.739103626009074 -5.806146745891988 -3.45
endloop
endfacet
facet normal 0 0 -1
outer loop
vertex 14.484628224322583 -5.656072257612994 -3.45
vertex 13.739103626009074 -5.806146745891988 -3.45
vertex 13.784628224322578 -5.656072257612996 -3.45
endloop
endfacet
facet normal 0 0 -1
outer loop
vertex 12.26089637399098 -5.806146745892001 -3.45
vertex 12.334824310158009 -5.944456186415736 -3.450000000000002
vertex 11.574876386271898 -5.944456186415736 -3.45
endloop
endfacet
facet normal 0 0 -1
outer loop
vertex 12.26089637399098 -5.806146745892001 -3.45
vertex 11.574876386271898 -5.944456186415736 -3.45
vertex 11.532920676177476 -5.806146745892001 -3.45
endloop
endfacet
facet normal 0 0 -1
outer loop
vertex 14.467079323822524 -5.806146745892001 -3.45
vertex 14.425123613728102 -5.944456186415736 -3.45
vertex 13.665175689842004 -5.944456186415749 -3.450000000000002
endloop
endfacet
facet normal 0 0 -1
outer loop
vertex 14.467079323822524 -5.806146745892001 -3.45
vertex 13.665175689842004 -5.944456186415749 -3.450000000000002
vertex 13.739103626009074 -5.806146745891988 -3.45
endloop
endfacet
facet normal 0 0 -1
outer loop
vertex 12.334824310158009 -5.944456186415736 -3.450000000000002
vertex 12.434314575050767 -6.065685424949228 -3.4499999999999993
vertex 11.61165087373729 -6.065685424949228 -3.45
endloop
endfacet
facet normal 0 0 -1
outer loop
vertex 12.334824310158009 -5.944456186415736 -3.450000000000002
vertex 11.61165087373729 -6.065685424949228 -3.45
vertex 11.574876386271898 -5.944456186415736 -3.45
endloop
endfacet
facet normal 0 0 -1
outer loop
vertex 14.425123613728102 -5.944456186415736 -3.45
vertex 14.388349126262707 -6.065685424949228 -3.45
vertex 13.565685424949283 -6.06568542494921 -3.45
endloop
endfacet
facet normal 0 0 -1
outer loop
vertex 14.425123613728102 -5.944456186415736 -3.45
vertex 13.565685424949283 -6.06568542494921 -3.45
vertex 13.665175689842004 -5.944456186415749 -3.450000000000002
endloop
endfacet
facet normal 0 0 -1
outer loop
vertex 12.434314575050767 -6.065685424949228 -3.4499999999999993
vertex 12.555543813584173 -6.165175689841908 -3.45
vertex 11.66290168060287 -6.165175689841908 -3.45
endloop
endfacet
facet normal 0 0 -1
outer loop
vertex 12.434314575050767 -6.065685424949228 -3.4499999999999993
vertex 11.66290168060287 -6.165175689841908 -3.45
vertex 11.614180701233067 -6.074025148547637 -3.45
endloop
endfacet
facet normal 0 0 -1
outer loop
vertex 12.434314575050767 -6.065685424949228 -3.4499999999999993
vertex 11.614180701233067 -6.074025148547637 -3.45
vertex 11.61165087373729 -6.065685424949228 -3.45
endloop
endfacet
facet normal 0 0 -1
outer loop
vertex 14.388349126262707 -6.065685424949228 -3.45
vertex 14.385819298766929 -6.074025148547637 -3.45
vertex 14.33709831939713 -6.165175689841908 -3.45
endloop
endfacet
facet normal 0 0 -1
outer loop
vertex 14.388349126262707 -6.065685424949228 -3.45
vertex 14.33709831939713 -6.165175689841908 -3.45
vertex 13.444456186415984 -6.165175689841799 -3.45
endloop
endfacet
facet normal 0 0 -1
outer loop
vertex 14.388349126262707 -6.065685424949228 -3.45
vertex 13.444456186415984 -6.165175689841799 -3.45
vertex 13.565685424949283 -6.06568542494921 -3.45
endloop
endfacet
facet normal 0 0 -1
outer loop
vertex 12.555543813584173 -6.165175689841908 -3.45
vertex 12.69385325410804 -6.239103626009063 -3.450000000000002
vertex 11.702416985741987 -6.239103626009063 -3.45
endloop
endfacet
facet normal 0 0 -1
outer loop
vertex 12.555543813584173 -6.165175689841908 -3.45
vertex 11.702416985741987 -6.239103626009063 -3.45
vertex 11.66290168060287 -6.165175689841908 -3.45
endloop
endfacet
facet normal 0 0 -1
outer loop
vertex 14.33709831939713 -6.165175689841908 -3.45
vertex 14.297583014258015 -6.239103626009063 -3.45
vertex 13.306146745891812 -6.239103626009092 -3.45
endloop
endfacet
facet normal 0 0 -1
outer loop
vertex 14.33709831939713 -6.165175689841908 -3.45
vertex 13.306146745891812 -6.239103626009092 -3.45
vertex 13.444456186415984 -6.165175689841799 -3.45
endloop
endfacet
facet normal 0 0 -1
outer loop
vertex 12.69385325410804 -6.239103626009063 -3.450000000000002
vertex 12.843927742387242 -6.284628224322625 -3.45
vertex 11.726750390500268 -6.284628224322625 -3.45
endloop
endfacet
facet normal 0 0 -1
outer loop
vertex 12.69385325410804 -6.239103626009063 -3.450000000000002
vertex 11.726750390500268 -6.284628224322625 -3.45
vertex 11.702416985741987 -6.239103626009063 -3.45
endloop
endfacet
facet normal 0 0 -1
outer loop
vertex 14.297583014258015 -6.239103626009063 -3.45
vertex 14.273249609499734 -6.284628224322625 -3.45
vertex 13.15607225761285 -6.284628224322584 -3.45
endloop
endfacet
facet normal 0 0 -1
outer loop
vertex 14.297583014258015 -6.239103626009063 -3.45
vertex 13.15607225761285 -6.284628224322584 -3.45
vertex 13.306146745891812 -6.239103626009092 -3.45
endloop
endfacet
facet normal 0 0 -1
outer loop
vertex 12.843927742387242 -6.284628224322625 -3.45
vertex 12.999999999999824 -6.300000000000011 -3.45
vertex 11.734966775779187 -6.300000000000011 -3.45
endloop
endfacet
facet normal 0 0 -1
outer loop
vertex 12.843927742387242 -6.284628224322625 -3.45
vertex 11.734966775779187 -6.300000000000011 -3.45
vertex 11.726750390500268 -6.284628224322625 -3.45
endloop
endfacet
facet normal 0 0 -1
outer loop
vertex 14.273249609499734 -6.284628224322625 -3.45
vertex 14.265033224220817 -6.300000000000011 -3.45
vertex 12.999999999999824 -6.300000000000011 -3.45
endloop
endfacet
facet normal 0 0 -1
outer loop
vertex 14.273249609499734 -6.284628224322625 -3.45
vertex 12.999999999999824 -6.300000000000011 -3.45
vertex 13.15607225761285 -6.284628224322584 -3.45
endloop
endfacet
facet normal 0 0 -1
outer loop
vertex 12.999999999999824 -6.300000000000011 -3.45
vertex 14.265033224220817 -6.300000000000011 -3.45
vertex 14.247204418453823 -6.333355349529398 -3.45
endloop
endfacet
facet normal 0 0 -1
outer loop
vertex 12.999999999999824 -6.300000000000011 -3.45
vertex 14.247204418453823 -6.333355349529398 -3.45
vertex 14.060660171779823 -6.560660171779823 -3.45
endloop
endfacet
facet normal 0 0 -1
outer loop
vertex 12.999999999999824 -6.300000000000011 -3.45
vertex 14.060660171779823 -6.560660171779823 -3.45
vertex 13.833355349529405 -6.747204418453816 -3.45
endloop
endfacet
facet normal 0 0 -1
outer loop
vertex 12.999999999999824 -6.300000000000011 -3.45
vertex 13.833355349529405 -6.747204418453816 -3.45
vertex 13.57402514854764 -6.885819298766929 -3.45
endloop
endfacet
facet normal 0 0 -1
outer loop
vertex 12.999999999999824 -6.300000000000011 -3.45
vertex 13.57402514854764 -6.885819298766929 -3.45
vertex 13.292635483024192 -6.971177920604845 -3.45
endloop
endfacet
facet normal 0 0 -1
outer loop
vertex 12.999999999999824 -6.300000000000011 -3.45
vertex 13.292635483024192 -6.971177920604845 -3.45
vertex 13 -7 -3.45
endloop
endfacet
facet normal 0 0 -1
outer loop
vertex 12.999999999999824 -6.300000000000011 -3.45
vertex 13 -7 -3.45
vertex 12.707364516975808 -6.971177920604845 -3.45
endloop
endfacet
facet normal 0 0 -1
outer loop
vertex 12.999999999999824 -6.300000000000011 -3.45
vertex 12.707364516975808 -6.971177920604845 -3.45
vertex 12.425974851452366 -6.885819298766929 -3.45
endloop
endfacet
facet normal 0 0 -1
outer loop
vertex 12.999999999999824 -6.300000000000011 -3.45
vertex 12.425974851452366 -6.885819298766929 -3.45
vertex 12.166644650470587 -6.747204418453816 -3.45
endloop
endfacet
facet normal 0 0 -1
outer loop
vertex 12.999999999999824 -6.300000000000011 -3.45
vertex 12.166644650470587 -6.747204418453816 -3.45
vertex 11.939339828220177 -6.560660171779823 -3.45
endloop
endfacet
facet normal 0 0 -1
outer loop
vertex 12.999999999999824 -6.300000000000011 -3.45
vertex 11.939339828220177 -6.560660171779823 -3.45
vertex 11.75279558154618 -6.333355349529398 -3.45
endloop
endfacet
facet normal 0 0 -1
outer loop
vertex 12.999999999999824 -6.300000000000011 -3.45
vertex 11.75279558154618 -6.333355349529398 -3.45
vertex 11.734966775779187 -6.300000000000011 -3.45
endloop
endfacet
facet normal 0 0 -1
outer loop
vertex 85.7926354830242 -7.528822079395155 -3.45
vertex 86.07402514854763 -7.614180701233071 -3.45
vertex 86.33335534952941 -7.752795581546188 -3.45
endloop
endfacet
facet normal 0 0 -1
outer loop
vertex 85.7926354830242 -7.528822079395155 -3.45
vertex 86.33335534952941 -7.752795581546188 -3.45
vertex 86.56066017177984 -7.939339828220199 -3.45
endloop
endfacet
facet normal 0 0 -1
outer loop
vertex 85.7926354830242 -7.528822079395155 -3.45
vertex 86.56066017177984 -7.939339828220199 -3.45
vertex 86.74720441845389 -8.16664465047067 -3.45
endloop
endfacet
facet normal 0 0 -1
outer loop
vertex 85.7926354830242 -7.528822079395155 -3.45
vertex 86.74720441845389 -8.16664465047067 -3.45
vertex 86.76503322422084 -8.2 -3.45
endloop
endfacet
facet normal 0 0 -1
outer loop
vertex 85.7926354830242 -7.528822079395155 -3.45
vertex 86.76503322422084 -8.2 -3.45
vertex 85.49999999999918 -8.199999999999967 -3.450000000000002
endloop
endfacet
facet normal 0 0 -1
outer loop
vertex 85.7926354830242 -7.528822079395155 -3.45
vertex 85.49999999999918 -8.199999999999967 -3.450000000000002
vertex 84.2349667757792 -8.2 -3.45
endloop
endfacet
facet normal 0 0 -1
outer loop
vertex 85.7926354830242 -7.528822079395155 -3.45
vertex 84.2349667757792 -8.2 -3.45
vertex 84.25279558154615 -8.16664465047067 -3.45
endloop
endfacet
facet normal 0 0 -1
outer loop
vertex 85.7926354830242 -7.528822079395155 -3.45
vertex 84.25279558154615 -8.16664465047067 -3.45
vertex 84.43933982822018 -7.939339828220199 -3.45
endloop
endfacet
facet normal 0 0 -1
outer loop
vertex 85.7926354830242 -7.528822079395155 -3.45
vertex 84.43933982822018 -7.939339828220199 -3.45
vertex 84.66664465047057 -7.752795581546188 -3.45
endloop
endfacet
facet normal 0 0 -1
outer loop
vertex 85.7926354830242 -7.528822079395155 -3.45
vertex 84.66664465047057 -7.752795581546188 -3.45
vertex 84.92597485145238 -7.614180701233071 -3.45
endloop
endfacet
facet normal 0 0 -1
outer loop
vertex 85.7926354830242 -7.528822079395155 -3.45
vertex 84.92597485145238 -7.614180701233071 -3.45
vertex 85.2073645169758 -7.528822079395155 -3.45
endloop
endfacet
facet normal 0 0 -1
outer loop
vertex 85.7926354830242 -7.528822079395155 -3.45
vertex 85.2073645169758 -7.528822079395155 -3.45
vertex 85.5 -7.5 -3.45
endloop
endfacet
facet normal 0 0 -1
outer loop
vertex 85.49999999999918 -8.199999999999967 -3.450000000000002
vertex 85.34392774238594 -8.215371775677411 -3.45
vertex 84.22675039050029 -8.215371775677411 -3.45
endloop
endfacet
facet normal 0 0 -1
outer loop
vertex 85.49999999999918 -8.199999999999967 -3.450000000000002
vertex 84.22675039050029 -8.215371775677411 -3.45
vertex 84.2349667757792 -8.2 -3.45
endloop
endfacet
facet normal 0 0 -1
outer loop
vertex 86.76503322422084 -8.2 -3.45
vertex 86.77324960949976 -8.215371775677411 -3.45
vertex 85.65607225761151 -8.21537177567733 -3.450000000000002
endloop
endfacet
facet normal 0 0 -1
outer loop
vertex 86.76503322422084 -8.2 -3.45
vertex 85.65607225761151 -8.21537177567733 -3.450000000000002
vertex 85.49999999999918 -8.199999999999967 -3.450000000000002
endloop
endfacet
facet normal 0 0 -1
outer loop
vertex 85.34392774238594 -8.215371775677411 -3.45
vertex 85.19385325410931 -8.260896373990207 -3.450000000000002
vertex 84.20241698574199 -8.260896373990207 -3.45
endloop
endfacet
facet normal 0 0 -1
outer loop
vertex 85.34392774238594 -8.215371775677411 -3.45
vertex 84.20241698574199 -8.260896373990207 -3.45
vertex 84.22675039050029 -8.215371775677411 -3.45
endloop
endfacet
facet normal 0 0 -1
outer loop
vertex 86.77324960949976 -8.215371775677411 -3.45
vertex 86.79758301425805 -8.260896373990207 -3.45
vertex 85.80614674589329 -8.260896373991507 -3.450000000000002
endloop
endfacet
facet normal 0 0 -1
outer loop
vertex 86.77324960949976 -8.215371775677411 -3.45
vertex 85.80614674589329 -8.260896373991507 -3.450000000000002
vertex 85.65607225761151 -8.21537177567733 -3.450000000000002
endloop
endfacet
facet normal 0 0 -1
outer loop
vertex 85.19385325410931 -8.260896373990207 -3.450000000000002
vertex 85.05554381358434 -8.334824310157934 -3.450000000000002
vertex 84.16290168060286 -8.334824310157934 -3.45
endloop
endfacet
facet normal 0 0 -1
outer loop
vertex 85.19385325410931 -8.260896373990207 -3.450000000000002
vertex 84.16290168060286 -8.334824310157934 -3.45
vertex 84.20241698574199 -8.260896373990207 -3.45
endloop
endfacet
facet normal 0 0 -1
outer loop
vertex 86.79758301425805 -8.260896373990207 -3.45
vertex 86.83709831939717 -8.334824310157934 -3.45
vertex 85.94445618641466 -8.334824310157437 -3.450000000000002
endloop
endfacet
facet normal 0 0 -1
outer loop
vertex 86.79758301425805 -8.260896373990207 -3.45
vertex 85.94445618641466 -8.334824310157437 -3.450000000000002
vertex 85.80614674589329 -8.260896373991507 -3.450000000000002
endloop
endfacet
facet normal 0 0 -1
outer loop
vertex 85.05554381358434 -8.334824310157934 -3.450000000000002
vertex 84.93431457505012 -8.434314575051268 -3.450000000000002
vertex 84.11165087373725 -8.434314575051268 -3.45
endloop
endfacet
facet normal 0 0 -1
outer loop
vertex 85.05554381358434 -8.334824310157934 -3.450000000000002
vertex 84.11165087373725 -8.434314575051268 -3.45
vertex 84.11418070123305 -8.425974851452231 -3.45
endloop
endfacet
facet normal 0 0 -1
outer loop
vertex 85.05554381358434 -8.334824310157934 -3.450000000000002
vertex 84.11418070123305 -8.425974851452231 -3.45
vertex 84.16290168060286 -8.334824310157934 -3.45
endloop
endfacet
facet normal 0 0 -1
outer loop
vertex 86.83709831939717 -8.334824310157934 -3.45
vertex 86.88581929876689 -8.425974851452231 -3.45
vertex 86.8883491262627 -8.434314575051268 -3.45
endloop
endfacet
facet normal 0 0 -1
outer loop
vertex 86.83709831939717 -8.334824310157934 -3.45
vertex 86.8883491262627 -8.434314575051268 -3.45
vertex 86.06568542494912 -8.434314575051076 -3.45
endloop
endfacet
facet normal 0 0 -1
outer loop
vertex 86.83709831939717 -8.334824310157934 -3.45
vertex 86.06568542494912 -8.434314575051076 -3.45
vertex 85.94445618641466 -8.334824310157437 -3.450000000000002
endloop
endfacet
facet normal 0 0 -1
outer loop
vertex 84.93431457505012 -8.434314575051268 -3.450000000000002
vertex 84.83482431015827 -8.555543813583654 -3.45
vertex 84.0748763862719 -8.555543813583654 -3.45
endloop
endfacet
facet normal 0 0 -1
outer loop
vertex 84.93431457505012 -8.434314575051268 -3.450000000000002
vertex 84.0748763862719 -8.555543813583654 -3.45
vertex 84.11165087373725 -8.434314575051268 -3.45
endloop
endfacet
facet normal 0 0 -1
outer loop
vertex 86.8883491262627 -8.434314575051268 -3.45
vertex 86.92512361372809 -8.555543813583654 -3.45
vertex 86.16517568984176 -8.55554381358398 -3.450000000000002
endloop
endfacet
facet normal 0 0 -1
outer loop
vertex 86.8883491262627 -8.434314575051268 -3.45
vertex 86.16517568984176 -8.55554381358398 -3.450000000000002
vertex 86.06568542494912 -8.434314575051076 -3.45
endloop
endfacet
facet normal 0 0 -1
outer loop
vertex 84.83482431015827 -8.555543813583654 -3.45
vertex 84.76089637399095 -8.693853254107932 -3.450000000000002
vertex 84.03292067617747 -8.693853254107932 -3.45
endloop
endfacet
facet normal 0 0 -1
outer loop
vertex 84.83482431015827 -8.555543813583654 -3.45
vertex 84.03292067617747 -8.693853254107932 -3.45
vertex 84.0748763862719 -8.555543813583654 -3.45
endloop
endfacet
facet normal 0 0 -1
outer loop
vertex 86.92512361372809 -8.555543813583654 -3.45
vertex 86.96707932382255 -8.693853254107932 -3.45
vertex 86.23910362600891 -8.693853254107939 -3.450000000000002
endloop
endfacet
facet normal 0 0 -1
outer loop
vertex 86.92512361372809 -8.555543813583654 -3.45
vertex 86.23910362600891 -8.693853254107939 -3.450000000000002
vertex 86.16517568984176 -8.55554381358398 -3.450000000000002
endloop
endfacet
facet normal 0 0 -1
outer loop
vertex 84.76089637399095 -8.693853254107932 -3.450000000000002
vertex 84.71537177567748 -8.843927742386763 -3.450000000000002
vertex 84.01537177567742 -8.843927742386763 -3.45
endloop
endfacet
facet normal 0 0 -1
outer loop
vertex 84.76089637399095 -8.693853254107932 -3.450000000000002
vertex 84.01537177567742 -8.843927742386763 -3.45
vertex 84.02882207939516 -8.707364516975872 -3.45
endloop
endfacet
facet normal 0 0 -1
outer loop
vertex 84.76089637399095 -8.693853254107932 -3.450000000000002
vertex 84.02882207939516 -8.707364516975872 -3.45
vertex 84.03292067617747 -8.693853254107932 -3.45
endloop
endfacet
facet normal 0 0 -1
outer loop
vertex 86.96707932382255 -8.693853254107932 -3.45
vertex 86.97117792060486 -8.707364516975872 -3.45
vertex 86.98462822432259 -8.843927742386763 -3.45
endloop
endfacet
facet normal 0 0 -1
outer loop
vertex 86.96707932382255 -8.693853254107932 -3.45
vertex 86.98462822432259 -8.843927742386763 -3.45
vertex 86.28462822432262 -8.843927742386775 -3.45
endloop
endfacet
facet normal 0 0 -1
outer loop
vertex 86.96707932382255 -8.693853254107932 -3.45
vertex 86.28462822432262 -8.843927742386775 -3.45
vertex 86.23910362600891 -8.693853254107939 -3.450000000000002
endloop
endfacet
facet normal 0 0 -1
outer loop
vertex 84.71537177567748 -8.843927742386763 -3.450000000000002
vertex 84.70000000000005 -8.999999999999895 -3.45
vertex 84 -8.999999999999895 -3.45
endloop
endfacet
facet normal 0 0 -1
outer loop
vertex 84.71537177567748 -8.843927742386763 -3.450000000000002
vertex 84 -8.999999999999895 -3.45
vertex 84.01537177567742 -8.843927742386763 -3.45
endloop
endfacet
facet normal 0 0 -1
outer loop
vertex 86.98462822432259 -8.843927742386763 -3.45
vertex 87 -8.999999999999895 -3.45
vertex 86.30000000000001 -8.999999999999893 -3.45
endloop
endfacet
facet normal 0 0 -1
outer loop
vertex 86.98462822432259 -8.843927742386763 -3.45
vertex 86.30000000000001 -8.999999999999893 -3.45
vertex 86.28462822432262 -8.843927742386775 -3.45
endloop
endfacet
facet normal 0 0 -1
outer loop
vertex 84.70000000000005 -8.999999999999895 -3.45
vertex 84.71537177567754 -9.156072257613665 -3.45
vertex 84.01537177567742 -9.156072257613665 -3.45
endloop
endfacet
facet normal 0 0 -1
outer loop
vertex 84.70000000000005 -8.999999999999895 -3.45
vertex 84.01537177567742 -9.156072257613665 -3.45
vertex 84 -8.999999999999895 -3.45
endloop
endfacet
facet normal 0 0 -1
outer loop
vertex 87 -8.999999999999895 -3.45
vertex 86.98462822432256 -9.156072257613665 -3.45
vertex 86.28462822432252 -9.156072257613651 -3.45
endloop
endfacet
facet normal 0 0 -1
outer loop
vertex 87 -8.999999999999895 -3.45
vertex 86.28462822432252 -9.156072257613651 -3.45
vertex 86.30000000000001 -8.999999999999893 -3.45
endloop
endfacet
facet normal 0 0 -1
outer loop
vertex 84.71537177567754 -9.156072257613665 -3.45
vertex 84.76089637399005 -9.306146745889347 -3.450000000000002
vertex 84.03292067617744 -9.306146745889347 -3.45
endloop
endfacet
facet normal 0 0 -1
outer loop
vertex 84.71537177567754 -9.156072257613665 -3.45
vertex 84.03292067617744 -9.306146745889347 -3.45
vertex 84.02882207939516 -9.292635483024213 -3.45
endloop
endfacet
facet normal 0 0 -1
outer loop
vertex 84.71537177567754 -9.156072257613665 -3.45
vertex 84.02882207939516 -9.292635483024213 -3.45
vertex 84.01537177567742 -9.156072257613665 -3.45
endloop
endfacet
facet normal 0 0 -1
outer loop
vertex 86.98462822432256 -9.156072257613665 -3.45
vertex 86.97117792060483 -9.292635483024213 -3.45
vertex 86.96707932382255 -9.306146745889347 -3.45
endloop
endfacet
facet normal 0 0 -1
outer loop
vertex 86.98462822432256 -9.156072257613665 -3.45
vertex 86.96707932382255 -9.306146745889347 -3.45
vertex 86.23910362601022 -9.306146745890068 -3.450000000000002
endloop
endfacet
facet normal 0 0 -1
outer loop
vertex 86.98462822432256 -9.156072257613665 -3.45
vertex 86.23910362601022 -9.306146745890068 -3.450000000000002
vertex 86.28462822432252 -9.156072257613651 -3.45
endloop
endfacet
facet normal 0 0 -1
outer loop
vertex 84.76089637399005 -9.306146745889347 -3.450000000000002
vertex 84.83482431015837 -9.444456186415422 -3.450000000000002
vertex 84.0748763862719 -9.444456186415422 -3.45
endloop
endfacet
facet normal 0 0 -1
outer loop
vertex 84.76089637399005 -9.306146745889347 -3.450000000000002
vertex 84.0748763862719 -9.444456186415422 -3.45
vertex 84.03292067617744 -9.306146745889347 -3.45
endloop
endfacet
facet normal 0 0 -1
outer loop
vertex 86.96707932382255 -9.306146745889347 -3.45
vertex 86.92512361372809 -9.444456186415422 -3.45
vertex 86.16517568984278 -9.444456186414456 -3.45
endloop
endfacet
facet normal 0 0 -1
outer loop
vertex 86.96707932382255 -9.306146745889347 -3.45
vertex 86.16517568984278 -9.444456186414456 -3.45
vertex 86.23910362601022 -9.306146745890068 -3.450000000000002
endloop
endfacet
facet normal 0 0 -1
outer loop
vertex 84.83482431015837 -9.444456186415422 -3.450000000000002
vertex 84.934314575051 -9.565685424949969 -3.45
vertex 84.11165087373728 -9.565685424949969 -3.45
endloop
endfacet
facet normal 0 0 -1
outer loop
vertex 84.83482431015837 -9.444456186415422 -3.450000000000002
vertex 84.11165087373728 -9.565685424949969 -3.45
vertex 84.0748763862719 -9.444456186415422 -3.45
endloop
endfacet
facet normal 0 0 -1
outer loop
vertex 86.92512361372809 -9.444456186415422 -3.45
vertex 86.88834912626268 -9.565685424949969 -3.45
vertex 86.06568542494801 -9.565685424950452 -3.450000000000002
endloop
endfacet
facet normal 0 0 -1
outer loop
vertex 86.92512361372809 -9.444456186415422 -3.45
vertex 86.06568542494801 -9.565685424950452 -3.450000000000002
vertex 86.16517568984278 -9.444456186414456 -3.45
endloop
endfacet
facet normal 0 0 -1
outer loop
vertex 84.934314575051 -9.565685424949969 -3.45
vertex 85.05554381358331 -9.665175689841504 -3.450000000000002
vertex 84.16290168060283 -9.665175689841504 -3.45
endloop
endfacet
facet normal 0 0 -1
outer loop
vertex 84.934314575051 -9.565685424949969 -3.45
vertex 84.16290168060283 -9.665175689841504 -3.45
vertex 84.11418070123307 -9.574025148547726 -3.45
endloop
endfacet
facet normal 0 0 -1
outer loop
vertex 84.934314575051 -9.565685424949969 -3.45
vertex 84.11418070123307 -9.574025148547726 -3.45
vertex 84.11165087373728 -9.565685424949969 -3.45
endloop
endfacet
facet normal 0 0 -1
outer loop
vertex 86.88834912626268 -9.565685424949969 -3.45
vertex 86.88581929876689 -9.574025148547726 -3.45
vertex 86.83709831939714 -9.665175689841504 -3.45
endloop
endfacet
facet normal 0 0 -1
outer loop
vertex 86.88834912626268 -9.565685424949969 -3.45
vertex 86.83709831939714 -9.665175689841504 -3.45
vertex 85.94445618641687 -9.665175689841277 -3.450000000000002
endloop
endfacet
facet normal 0 0 -1
outer loop
vertex 86.88834912626268 -9.565685424949969 -3.45
vertex 85.94445618641687 -9.665175689841277 -3.450000000000002
vertex 86.06568542494801 -9.565685424950452 -3.450000000000002
endloop
endfacet
facet normal 0 0 -1
outer loop
vertex 85.05554381358331 -9.665175689841504 -3.450000000000002
vertex 85.19385325410875 -9.739103626009538 -3.45
vertex 84.20241698574196 -9.739103626009538 -3.45
endloop
endfacet
facet normal 0 0 -1
outer loop
vertex 85.05554381358331 -9.665175689841504 -3.450000000000002
vertex 84.20241698574196 -9.739103626009538 -3.45
vertex 84.16290168060283 -9.665175689841504 -3.45
endloop
endfacet
facet normal 0 0 -1
outer loop
vertex 86.83709831939714 -9.665175689841504 -3.45
vertex 86.79758301425802 -9.739103626009538 -3.45
vertex 85.80614674588999 -9.739103626010028 -3.450000000000002
endloop
endfacet
facet normal 0 0 -1
outer loop
vertex 86.83709831939714 -9.665175689841504 -3.45
vertex 85.80614674588999 -9.739103626010028 -3.450000000000002
vertex 85.94445618641687 -9.665175689841277 -3.450000000000002
endloop
endfacet
facet normal 0 0 -1
outer loop
vertex 85.19385325410875 -9.739103626009538 -3.45
vertex 85.34392774238647 -9.78462822432259 -3.45
vertex 84.22675039050026 -9.78462822432259 -3.45
endloop
endfacet
facet normal 0 0 -1
outer loop
vertex 85.19385325410875 -9.739103626009538 -3.45
vertex 84.22675039050026 -9.78462822432259 -3.45
vertex 84.20241698574196 -9.739103626009538 -3.45
endloop
endfacet
facet normal 0 0 -1
outer loop
vertex 86.79758301425802 -9.739103626009538 -3.45
vertex 86.77324960949974 -9.78462822432259 -3.45
vertex 85.65607225761516 -9.784628224322246 -3.45
endloop
endfacet
facet normal 0 0 -1
outer loop
vertex 86.79758301425802 -9.739103626009538 -3.45
vertex 85.65607225761516 -9.784628224322246 -3.45
vertex 85.80614674588999 -9.739103626010028 -3.450000000000002
endloop
endfacet
facet normal 0 0 -1
outer loop
vertex 85.34392774238647 -9.78462822432259 -3.45
vertex 85.49999999999893 -9.799999999999988 -3.450000000000002
vertex 84.23496677577917 -9.799999999999988 -3.45
endloop
endfacet
facet normal 0 0 -1
outer loop
vertex 85.34392774238647 -9.78462822432259 -3.45
vertex 84.23496677577917 -9.799999999999988 -3.45
vertex 84.22675039050026 -9.78462822432259 -3.45
endloop
endfacet
facet normal 0 0 -1
outer loop
vertex 86.77324960949974 -9.78462822432259 -3.45
vertex 86.76503322422083 -9.799999999999988 -3.45
vertex 85.49999999999893 -9.799999999999988 -3.450000000000002
endloop
endfacet
facet normal 0 0 -1
outer loop
vertex 86.77324960949974 -9.78462822432259 -3.45
vertex 85.49999999999893 -9.799999999999988 -3.450000000000002
vertex 85.65607225761516 -9.784628224322246 -3.45
endloop
endfacet
facet normal 1.4041977755112823e-15 -7.505593480878698e-16 -1
outer loop
vertex 85.49999999999893 -9.799999999999988 -3.450000000000002
vertex 86.76503322422083 -9.799999999999988 -3.45
vertex 86.74720441845382 -9.833355349529427 -3.45
endloop
endfacet
facet normal 1.4041977755112823e-15 -7.505593480878698e-16 -1
outer loop
vertex 85.49999999999893 -9.799999999999988 -3.450000000000002
vertex 86.74720441845382 -9.833355349529427 -3.45
vertex 86.5606601717799 -10.060660171779752 -3.45
endloop
endfacet
facet normal 1.4041977755112823e-15 -7.505593480878698e-16 -1
outer loop
vertex 85.49999999999893 -9.799999999999988 -3.450000000000002
vertex 86.5606601717799 -10.060660171779752 -3.45
vertex 86.33335534952938 -10.247204418453826 -3.45
endloop
endfacet
facet normal 1.4041977755112823e-15 -7.505593480878698e-16 -1
outer loop
vertex 85.49999999999893 -9.799999999999988 -3.450000000000002
vertex 86.33335534952938 -10.247204418453826 -3.45
vertex 86.07402514854762 -10.385819298766933 -3.45
endloop
endfacet
facet normal 1.4041977755112823e-15 -7.505593480878698e-16 -1
outer loop
vertex 85.49999999999893 -9.799999999999988 -3.450000000000002
vertex 86.07402514854762 -10.385819298766933 -3.45
vertex 85.79263548302423 -10.471177920604845 -3.45
endloop
endfacet
facet normal 1.4041977755112823e-15 -7.505593480878698e-16 -1
outer loop
vertex 85.49999999999893 -9.799999999999988 -3.450000000000002
vertex 85.79263548302423 -10.471177920604845 -3.45
vertex 85.5 -10.5 -3.45
endloop
endfacet
facet normal 1.4041977755112823e-15 -7.505593480878698e-16 -1
outer loop
vertex 85.49999999999893 -9.799999999999988 -3.450000000000002
vertex 85.5 -10.5 -3.45
vertex 85.2073645169758 -10.471177920604845 -3.45
endloop
endfacet
facet normal 1.4041977755112823e-15 -7.505593480878698e-16 -1
outer loop
vertex 85.49999999999893 -9.799999999999988 -3.450000000000002
vertex 85.2073645169758 -10.471177920604845 -3.45
vertex 84.92597485145238 -10.385819298766933 -3.45
endloop
endfacet
facet normal 1.4041977755112823e-15 -7.505593480878698e-16 -1
outer loop
vertex 85.49999999999893 -9.799999999999988 -3.450000000000002
vertex 84.92597485145238 -10.385819298766933 -3.45
vertex 84.66664465047062 -10.247204418453826 -3.45
endloop
endfacet
facet normal 1.4041977755112823e-15 -7.505593480878698e-16 -1
outer loop
vertex 85.49999999999893 -9.799999999999988 -3.450000000000002
vertex 84.66664465047062 -10.247204418453826 -3.45
vertex 84.43933982822014 -10.060660171779752 -3.45
endloop
endfacet
facet normal 1.4041977755112823e-15 -7.505593480878698e-16 -1
outer loop
vertex 85.49999999999893 -9.799999999999988 -3.450000000000002
vertex 84.43933982822014 -10.060660171779752 -3.45
vertex 84.25279558154618 -9.833355349529427 -3.45
endloop
endfacet
facet normal 1.4041977755112823e-15 -7.505593480878698e-16 -1
outer loop
vertex 85.49999999999893 -9.799999999999988 -3.450000000000002
vertex 84.25279558154618 -9.833355349529427 -3.45
vertex 84.23496677577917 -9.799999999999988 -3.45
endloop
endfacet
facet normal 0.9951847266721843 -0.09801714032968847 4.455868917128337e-14
outer loop
vertex 7.499999999999985 45.50000000000002 -2
vertex 7.4711779206048 45.20736451697591 -2
vertex 7.471177920604859 45.207364516975844 -3.45
endloop
endfacet
facet normal 0.9951847266721843 -0.09801714032968847 4.455868917128337e-14
outer loop
vertex 7.499999999999985 45.50000000000002 -2
vertex 7.471177920604859 45.207364516975844 -3.45
vertex 7.4846282243225914 45.34392774238654 -3.45
endloop
endfacet
facet normal 0.9951847266721843 -0.09801714032968847 4.455868917128337e-14
outer loop
vertex 7.499999999999985 45.50000000000002 -2
vertex 7.4846282243225914 45.34392774238654 -3.45
vertex 7.5 45.500000000001194 -3.45
endloop
endfacet
facet normal 0.9951847266722108 0.09801714032941915 8.961374065799671e-14
outer loop
vertex 7.4711779206048705 45.792635483024235 -2
vertex 7.499999999999985 45.50000000000002 -2
vertex 7.5 45.500000000001194 -3.45
endloop
endfacet
facet normal 0.9951847266722108 0.09801714032941915 8.961374065799671e-14
outer loop
vertex 7.4711779206048705 45.792635483024235 -2
vertex 7.5 45.500000000001194 -3.45
vertex 7.484628224322581 45.656072257612905 -3.45
endloop
endfacet
facet normal 0.9951847266722108 0.09801714032941915 8.961374065799671e-14
outer loop
vertex 7.4711779206048705 45.792635483024235 -2
vertex 7.484628224322581 45.656072257612905 -3.45
vertex 7.471177920604845 45.7926354830242 -3.45
endloop
endfacet
facet normal 0.9569403357322079 0.290284677254466 -2.4110189191854584e-14
outer loop
vertex 7.3858192987670295 46.07402514854743 -2
vertex 7.4711779206048705 45.792635483024235 -2
vertex 7.471177920604845 45.7926354830242 -3.45
endloop
endfacet
facet normal 0.9569403357322079 0.290284677254466 -2.4110189191854584e-14
outer loop
vertex 7.3858192987670295 46.07402514854743 -2
vertex 7.471177920604845 45.7926354830242 -3.45
vertex 7.467079323822531 45.8061467458919 -3.45
endloop
endfacet
facet normal 0.9569403357322079 0.290284677254466 -2.4110189191854584e-14
outer loop
vertex 7.3858192987670295 46.07402514854743 -2
vertex 7.467079323822531 45.8061467458919 -3.45
vertex 7.425123613728106 45.94445618641618 -3.45
endloop
endfacet
facet normal 0.9569403357322079 0.290284677254466 -2.4110189191854584e-14
outer loop
vertex 7.3858192987670295 46.07402514854743 -2
vertex 7.425123613728106 45.94445618641618 -3.45
vertex 7.3883491262627015 46.065685424949265 -3.45
endloop
endfacet
facet normal 0.9569403357322079 0.290284677254466 -2.4110189191854584e-14
outer loop
vertex 7.3858192987670295 46.07402514854743 -2
vertex 7.3883491262627015 46.065685424949265 -3.45
vertex 7.3858192987669256 46.07402514854764 -3.45
endloop
endfacet
facet normal 0.8819212643483596 0.47139673682598915 6.102815354006537e-15
outer loop
vertex 7.247204418454276 46.33335534952853 -2
vertex 7.3858192987670295 46.07402514854743 -2
vertex 7.3858192987669256 46.07402514854764 -3.45
endloop
endfacet
facet normal 0.8819212643483596 0.47139673682598915 6.102815354006537e-15
outer loop
vertex 7.247204418454276 46.33335534952853 -2
vertex 7.3858192987669256 46.07402514854764 -3.45
vertex 7.337098319397128 46.165175689841895 -3.45
endloop
endfacet
facet normal 0.8819212643483596 0.47139673682598915 6.102815354006537e-15
outer loop
vertex 7.247204418454276 46.33335534952853 -2
vertex 7.337098319397128 46.165175689841895 -3.45
vertex 7.297583014258021 46.23910362600933 -3.45
endloop
endfacet
facet normal 0.8819212643483596 0.47139673682598915 6.102815354006537e-15
outer loop
vertex 7.247204418454276 46.33335534952853 -2
vertex 7.297583014258021 46.23910362600933 -3.45
vertex 7.273249609499724 46.284628224322496 -3.45
endloop
endfacet
facet normal 0.8819212643483596 0.47139673682598915 6.102815354006537e-15
outer loop
vertex 7.247204418454276 46.33335534952853 -2
vertex 7.273249609499724 46.284628224322496 -3.45
vertex 7.2650332242208115 46.300000000000004 -3.45
endloop
endfacet
facet normal 0.8819212643483596 0.47139673682598915 6.102815354006537e-15
outer loop
vertex 7.247204418454276 46.33335534952853 -2
vertex 7.2650332242208115 46.300000000000004 -3.45
vertex 7.247204418453812 46.33335534952941 -3.45
endloop
endfacet
facet normal 0.7730104533627331 0.63439328416365 0
outer loop
vertex 7.060660171779037 46.56066017178046 -2
vertex 7.247204418454276 46.33335534952853 -2
vertex 7.247204418453812 46.33335534952941 -3.45
endloop
endfacet
facet normal 0.7730104533627331 0.63439328416365 0
outer loop
vertex 7.060660171779037 46.56066017178046 -2
vertex 7.247204418453812 46.33335534952941 -3.45
vertex 7.060660171779837 46.56066017177981 -3.45
endloop
endfacet
facet normal 0.6343932841636462 0.7730104533627363 0
outer loop
vertex 6.833355349529485 46.74720441845375 -2
vertex 7.060660171779037 46.56066017178046 -2
vertex 7.060660171779837 46.56066017177981 -3.45
endloop
endfacet
facet normal 0.6343932841636462 0.7730104533627363 0
outer loop
vertex 6.833355349529485 46.74720441845375 -2
vertex 7.060660171779837 46.56066017177981 -3.45
vertex 6.833355349529413 46.74720441845381 -3.45
endloop
endfacet
facet normal 0.47139673682600136 0.8819212643483529 0
outer loop
vertex 6.574025148546948 46.885819298767274 -2
vertex 6.833355349529485 46.74720441845375 -2
vertex 6.833355349529413 46.74720441845381 -3.45
endloop
endfacet
facet normal 0.47139673682600136 0.8819212643483529 0
outer loop
vertex 6.574025148546948 46.885819298767274 -2
vertex 6.833355349529413 46.74720441845381 -3.45
vertex 6.574025148547619 46.88581929876694 -3.45
endloop
endfacet
facet normal 0.29028467725445495 0.9569403357322113 0
outer loop
vertex 6.2926354830248785 46.971177920604774 -2
vertex 6.574025148546948 46.885819298767274 -2
vertex 6.574025148547619 46.88581929876694 -3.45
endloop
endfacet
facet normal 0.29028467725445495 0.9569403357322113 0
outer loop
vertex 6.2926354830248785 46.971177920604774 -2
vertex 6.574025148547619 46.88581929876694 -3.45
vertex 6.292635483024256 46.97117792060483 -3.45
endloop
endfacet
facet normal 0.09801714032955997 0.9951847266721969 0
outer loop
vertex 5.999999999999793 47.000000000000014 -2
vertex 6.2926354830248785 46.971177920604774 -2
vertex 6.292635483024256 46.97117792060483 -3.45
endloop
endfacet
facet normal 0.09801714032955997 0.9951847266721969 0
outer loop
vertex 5.999999999999793 47.000000000000014 -2
vertex 6.292635483024256 46.97117792060483 -3.45
vertex 5.999999999999957 47 -3.45
endloop
endfacet
facet normal -0.0980171403295671 0.9951847266721963 0
outer loop
vertex 5.707364516974741 46.971177920604774 -2
vertex 5.999999999999793 47.000000000000014 -2
vertex 5.999999999999957 47 -3.45
endloop
endfacet
facet normal -0.0980171403295671 0.9951847266721963 0
outer loop
vertex 5.707364516974741 46.971177920604774 -2
vertex 5.999999999999957 47 -3.45
vertex 5.707364516975844 46.97117792060483 -3.45
endloop
endfacet
facet normal -0.29028467725445495 0.9569403357322113 0
outer loop
vertex 5.425974851453406 46.885819298767274 -2
vertex 5.707364516974741 46.971177920604774 -2
vertex 5.707364516975844 46.97117792060483 -3.45
endloop
endfacet
facet normal -0.29028467725445495 0.9569403357322113 0
outer loop
vertex 5.425974851453406 46.885819298767274 -2
vertex 5.707364516975844 46.97117792060483 -3.45
vertex 5.425974851452381 46.88581929876694 -3.45
endloop
endfacet
facet normal -0.47139673682600136 0.8819212643483529 0
outer loop
vertex 5.1666446504706505 46.74720441845375 -2
vertex 5.425974851453406 46.885819298767274 -2
vertex 5.425974851452381 46.88581929876694 -3.45
endloop
endfacet
facet normal -0.47139673682600136 0.8819212643483529 0
outer loop
vertex 5.1666446504706505 46.74720441845375 -2
vertex 5.425974851452381 46.88581929876694 -3.45
vertex 5.166644650470573 46.74720441845381 -3.45
endloop
endfacet
facet normal -0.6343932841636424 0.7730104533627395 0
outer loop
vertex 4.939339828221054 46.56066017178046 -2
vertex 5.1666446504706505 46.74720441845375 -2
vertex 5.166644650470573 46.74720441845381 -3.45
endloop
endfacet
facet normal -0.6343932841636424 0.7730104533627395 0
outer loop
vertex 4.939339828221054 46.56066017178046 -2
vertex 5.166644650470573 46.74720441845381 -3.45
vertex 4.93933982822017 46.56066017177981 -3.45
endloop
endfacet
facet normal -0.7730104533627331 0.63439328416365 0
outer loop
vertex 4.752795581545384 46.33335534952853 -2
vertex 4.939339828221054 46.56066017178046 -2
vertex 4.93933982822017 46.56066017177981 -3.45
endloop
endfacet
facet normal -0.7730104533627331 0.63439328416365 0
outer loop
vertex 4.752795581545384 46.33335534952853 -2
vertex 4.93933982822017 46.56066017177981 -3.45
vertex 4.752795581546188 46.33335534952941 -3.45
endloop
endfacet
facet normal -0.8819212643489975 0.47139673682479577 -2.0245072801038995e-13
outer loop
vertex 4.6141807012330815 46.07402514854743 -2
vertex 4.752795581545384 46.33335534952853 -2
vertex 4.752795581546188 46.33335534952941 -3.45
endloop
endfacet
facet normal -0.8819212643489975 0.47139673682479577 -2.0245072801038995e-13
outer loop
vertex 4.6141807012330815 46.07402514854743 -2
vertex 4.752795581546188 46.33335534952941 -3.45
vertex 4.734966775779188 46.300000000000004 -3.45
endloop
endfacet
facet normal -0.8819212643489975 0.47139673682479577 -2.0245072801038995e-13
outer loop
vertex 4.6141807012330815 46.07402514854743 -2
vertex 4.734966775779188 46.300000000000004 -3.45
vertex 4.726750390500275 46.284628224322496 -3.45
endloop
endfacet
facet normal -0.8819212643489975 0.47139673682479577 -2.0245072801038995e-13
outer loop
vertex 4.6141807012330815 46.07402514854743 -2
vertex 4.726750390500275 46.284628224322496 -3.45
vertex 4.702416985741976 46.23910362600933 -3.45
endloop
endfacet
facet normal -0.8819212643489975 0.47139673682479577 -2.0245072801038995e-13
outer loop
vertex 4.6141807012330815 46.07402514854743 -2
vertex 4.702416985741976 46.23910362600933 -3.45
vertex 4.662901680602867 46.165175689841895 -3.45
endloop
endfacet
facet normal -0.8819212643489975 0.47139673682479577 -2.0245072801038995e-13
outer loop
vertex 4.6141807012330815 46.07402514854743 -2
vertex 4.662901680602867 46.165175689841895 -3.45
vertex 4.614180701233067 46.07402514854764 -3.45
endloop
endfacet
facet normal -0.9569403357320249 0.2902846772550689 5.2052946426008866e-14
outer loop
vertex 4.528822079395047 45.792635483024235 -2
vertex 4.6141807012330815 46.07402514854743 -2
vertex 4.614180701233067 46.07402514854764 -3.45
endloop
endfacet
facet normal -0.9569403357320249 0.2902846772550689 5.2052946426008866e-14
outer loop
vertex 4.528822079395047 45.792635483024235 -2
vertex 4.614180701233067 46.07402514854764 -3.45
vertex 4.611650873737292 46.065685424949265 -3.45
endloop
endfacet
facet normal -0.9569403357320249 0.2902846772550689 5.2052946426008866e-14
outer loop
vertex 4.528822079395047 45.792635483024235 -2
vertex 4.611650873737292 46.065685424949265 -3.45
vertex 4.57487638627189 45.94445618641618 -3.45
endloop
endfacet
facet normal -0.9569403357320249 0.2902846772550689 5.2052946426008866e-14
outer loop
vertex 4.528822079395047 45.792635483024235 -2
vertex 4.57487638627189 45.94445618641618 -3.45
vertex 4.532920676177469 45.8061467458919 -3.45
endloop
endfacet
facet normal -0.9569403357320249 0.2902846772550689 5.2052946426008866e-14
outer loop
vertex 4.528822079395047 45.792635483024235 -2
vertex 4.532920676177469 45.8061467458919 -3.45
vertex 4.528822079395155 45.7926354830242 -3.45
endloop
endfacet
facet normal -0.9951847266722218 0.09801714032930849 -7.677341715320152e-14
outer loop
vertex 4.499999999999965 45.50000000000002 -2
vertex 4.528822079395047 45.792635483024235 -2
vertex 4.528822079395155 45.7926354830242 -3.45
endloop
endfacet
facet normal -0.9951847266722218 0.09801714032930849 -7.677341715320152e-14
outer loop
vertex 4.499999999999965 45.50000000000002 -2
vertex 4.528822079395155 45.7926354830242 -3.45
vertex 4.515371775677417 45.656072257612905 -3.45
endloop
endfacet
facet normal -0.9951847266722218 0.09801714032930849 -7.677341715320152e-14
outer loop
vertex 4.499999999999965 45.50000000000002 -2
vertex 4.515371775677417 45.656072257612905 -3.45
vertex 4.5 45.500000000001194 -3.45
endloop
endfacet
facet normal -0.9951847266721698 -0.09801714032983508 -1.0302772880609865e-13
outer loop
vertex 4.528822079395193 45.20736451697591 -2
vertex 4.499999999999965 45.50000000000002 -2
vertex 4.5 45.500000000001194 -3.45
endloop
endfacet
facet normal -0.9951847266721698 -0.09801714032983508 -1.0302772880609865e-13
outer loop
vertex 4.528822079395193 45.20736451697591 -2
vertex 4.5 45.500000000001194 -3.45
vertex 4.5153717756774165 45.34392774238654 -3.45
endloop
endfacet
facet normal -0.9951847266721698 -0.09801714032983508 -1.0302772880609865e-13
outer loop
vertex 4.528822079395193 45.20736451697591 -2
vertex 4.5153717756774165 45.34392774238654 -3.45
vertex 4.528822079395155 45.207364516975844 -3.45
endloop
endfacet
facet normal -0.9569403357322268 -0.29028467725440327 3.8008334024586804e-14
outer loop
vertex 4.614180701233245 44.925974851451954 -2
vertex 4.528822079395193 45.20736451697591 -2
vertex 4.528822079395155 45.207364516975844 -3.45
endloop
endfacet
facet normal -0.9569403357322268 -0.29028467725440327 3.8008334024586804e-14
outer loop
vertex 4.614180701233245 44.925974851451954 -2
vertex 4.528822079395155 45.207364516975844 -3.45
vertex 4.532920676177485 45.19385325410831 -3.45
endloop
endfacet
facet normal -0.9569403357322268 -0.29028467725440327 3.8008334024586804e-14
outer loop
vertex 4.614180701233245 44.925974851451954 -2
vertex 4.532920676177485 45.19385325410831 -3.45
vertex 4.5748763862718995 45.05554381358432 -3.45
endloop
endfacet
facet normal -0.9569403357322268 -0.29028467725440327 3.8008334024586804e-14
outer loop
vertex 4.614180701233245 44.925974851451954 -2
vertex 4.5748763862718995 45.05554381358432 -3.45
vertex 4.611650873737288 44.934314575050145 -3.45
endloop
endfacet
facet normal -0.9569403357322268 -0.29028467725440327 3.8008334024586804e-14
outer loop
vertex 4.614180701233245 44.925974851451954 -2
vertex 4.611650873737288 44.934314575050145 -3.45
vertex 4.614180701233067 44.92597485145236 -3.45
endloop
endfacet
facet normal -0.88192126434827 -0.4713967368261566 -2.3630101050643577e-14
outer loop
vertex 4.752795581546457 44.66664465047011 -2
vertex 4.614180701233245 44.925974851451954 -2
vertex 4.614180701233067 44.92597485145236 -3.45
endloop
endfacet
facet normal -0.88192126434827 -0.4713967368261566 -2.3630101050643577e-14
outer loop
vertex 4.752795581546457 44.66664465047011 -2
vertex 4.614180701233067 44.92597485145236 -3.45
vertex 4.6629016806028485 44.83482431015805 -3.45
endloop
endfacet
facet normal -0.88192126434827 -0.4713967368261566 -2.3630101050643577e-14
outer loop
vertex 4.752795581546457 44.66664465047011 -2
vertex 4.6629016806028485 44.83482431015805 -3.45
vertex 4.702416985741992 44.7608963739909 -3.45
endloop
endfacet
facet normal -0.88192126434827 -0.4713967368261566 -2.3630101050643577e-14
outer loop
vertex 4.752795581546457 44.66664465047011 -2
vertex 4.702416985741992 44.7608963739909 -3.45
vertex 4.726750390500262 44.71537177567742 -3.45
endloop
endfacet
facet normal -0.88192126434827 -0.4713967368261566 -2.3630101050643577e-14
outer loop
vertex 4.752795581546457 44.66664465047011 -2
vertex 4.726750390500262 44.71537177567742 -3.45
vertex 4.734966775779177 44.699999999999974 -3.45
endloop
endfacet
facet normal -0.88192126434827 -0.4713967368261566 -2.3630101050643577e-14
outer loop
vertex 4.752795581546457 44.66664465047011 -2
vertex 4.734966775779177 44.699999999999974 -3.45
vertex 4.752795581546174 44.666644650470595 -3.45
endloop
endfacet
facet normal -0.7730104533627333 -0.6343932841636502 0
outer loop
vertex 4.93933982821983 44.439339828220454 -2
vertex 4.752795581546457 44.66664465047011 -2
vertex 4.752795581546174 44.666644650470595 -3.45
endloop
endfacet
facet normal -0.7730104533627333 -0.6343932841636502 0
outer loop
vertex 4.93933982821983 44.439339828220454 -2
vertex 4.752795581546174 44.666644650470595 -3.45
vertex 4.939339828220184 44.439339828220184 -3.45
endloop
endfacet
facet normal -0.6343932841636462 -0.7730104533627363 0
outer loop
vertex 5.166644650470759 44.25279558154604 -2
vertex 4.93933982821983 44.439339828220454 -2
vertex 4.939339828220184 44.439339828220184 -3.45
endloop
endfacet
facet normal -0.6343932841636462 -0.7730104533627363 0
outer loop
vertex 5.166644650470759 44.25279558154604 -2
vertex 4.939339828220184 44.439339828220184 -3.45
vertex 5.166644650470637 44.25279558154619 -3.45
endloop
endfacet
facet normal -0.47139673682600136 -0.8819212643483529 0
outer loop
vertex 5.425974851451661 44.11418070123339 -2
vertex 5.166644650470759 44.25279558154604 -2
vertex 5.166644650470637 44.25279558154619 -3.45
endloop
endfacet
facet normal -0.47139673682600136 -0.8819212643483529 0
outer loop
vertex 5.425974851451661 44.11418070123339 -2
vertex 5.166644650470637 44.25279558154619 -3.45
vertex 5.425974851452324 44.11418070123308 -3.45
endloop
endfacet
facet normal -0.29028467725445495 -0.9569403357322113 0
outer loop
vertex 5.707364516976134 44.02882207939516 -2
vertex 5.425974851451661 44.11418070123339 -2
vertex 5.425974851452324 44.11418070123308 -3.45
endloop
endfacet
facet normal -0.29028467725445495 -0.9569403357322113 0
outer loop
vertex 5.707364516976134 44.02882207939516 -2
vertex 5.425974851452324 44.11418070123308 -3.45
vertex 5.707364516975829 44.02882207939515 -3.45
endloop
endfacet
facet normal -0.09801714032955997 -0.9951847266721969 0
outer loop
vertex 6.000000000000399 44 -2
vertex 5.707364516976134 44.02882207939516 -2
vertex 5.707364516975829 44.02882207939515 -3.45
endloop
endfacet
facet normal -0.09801714032955997 -0.9951847266721969 0
outer loop
vertex 6.000000000000399 44 -2
vertex 5.707364516975829 44.02882207939515 -3.45
vertex 5.999999999999993 44 -3.45
endloop
endfacet
facet normal 0.09801714032955997 -0.9951847266721969 0
outer loop
vertex 6.292635483024036 44.02882207939516 -2
vertex 6.000000000000399 44 -2
vertex 5.999999999999993 44 -3.45
endloop
endfacet
facet normal 0.09801714032955997 -0.9951847266721969 0
outer loop
vertex 6.292635483024036 44.02882207939516 -2
vertex 5.999999999999993 44 -3.45
vertex 6.292635483024185 44.02882207939515 -3.45
endloop
endfacet
facet normal 0.29028467725445495 -0.9569403357322113 0
outer loop
vertex 6.574025148548191 44.11418070123339 -2
vertex 6.292635483024036 44.02882207939516 -2
vertex 6.292635483024185 44.02882207939515 -3.45
endloop
endfacet
facet normal 0.29028467725445495 -0.9569403357322113 0
outer loop
vertex 6.574025148548191 44.11418070123339 -2
vertex 6.292635483024185 44.02882207939515 -3.45
vertex 6.574025148547648 44.11418070123308 -3.45
endloop
endfacet
facet normal 0.47139673682600136 -0.8819212643483529 0
outer loop
vertex 6.833355349528621 44.25279558154604 -2
vertex 6.574025148548191 44.11418070123339 -2
vertex 6.574025148547648 44.11418070123308 -3.45
endloop
endfacet
facet normal 0.47139673682600136 -0.8819212643483529 0
outer loop
vertex 6.833355349528621 44.25279558154604 -2
vertex 6.574025148547648 44.11418070123308 -3.45
vertex 6.833355349529413 44.25279558154619 -3.45
endloop
endfacet
facet normal 0.63439328416365 -0.7730104533627331 0
outer loop
vertex 7.0606601717802535 44.439339828220454 -2
vertex 6.833355349528621 44.25279558154604 -2
vertex 6.833355349529413 44.25279558154619 -3.45
endloop
endfacet
facet normal 0.63439328416365 -0.7730104533627331 0
outer loop
vertex 7.0606601717802535 44.439339828220454 -2
vertex 6.833355349529413 44.25279558154619 -3.45
vertex 7.06066017177983 44.439339828220184 -3.45
endloop
endfacet
facet normal 0.7730104533627326 -0.6343932841636509 0
outer loop
vertex 7.247204418453744 44.66664465047011 -2
vertex 7.0606601717802535 44.439339828220454 -2
vertex 7.06066017177983 44.439339828220184 -3.45
endloop
endfacet
facet normal 0.7730104533627326 -0.6343932841636509 0
outer loop
vertex 7.247204418453744 44.66664465047011 -2
vertex 7.06066017177983 44.439339828220184 -3.45
vertex 7.247204418453819 44.666644650470595 -3.45
endloop
endfacet
facet normal 0.8819212643485902 -0.4713967368255576 -1.1116888448829536e-13
outer loop
vertex 7.385819298766729 44.925974851451954 -2
vertex 7.247204418453744 44.66664465047011 -2
vertex 7.247204418453819 44.666644650470595 -3.45
endloop
endfacet
facet normal 0.8819212643485902 -0.4713967368255576 -1.1116888448829536e-13
outer loop
vertex 7.385819298766729 44.925974851451954 -2
vertex 7.247204418453819 44.666644650470595 -3.45
vertex 7.265033224220819 44.699999999999974 -3.45
endloop
endfacet
facet normal 0.8819212643485902 -0.4713967368255576 -1.1116888448829536e-13
outer loop
vertex 7.385819298766729 44.925974851451954 -2
vertex 7.265033224220819 44.699999999999974 -3.45
vertex 7.273249609499734 44.71537177567742 -3.45
endloop
endfacet
facet normal 0.8819212643485902 -0.4713967368255576 -1.1116888448829536e-13
outer loop
vertex 7.385819298766729 44.925974851451954 -2
vertex 7.273249609499734 44.71537177567742 -3.45
vertex 7.2975830142580085 44.7608963739909 -3.45
endloop
endfacet
facet normal 0.8819212643485902 -0.4713967368255576 -1.1116888448829536e-13
outer loop
vertex 7.385819298766729 44.925974851451954 -2
vertex 7.2975830142580085 44.7608963739909 -3.45
vertex 7.337098319397148 44.83482431015805 -3.45
endloop
endfacet
facet normal 0.8819212643485902 -0.4713967368255576 -1.1116888448829536e-13
outer loop
vertex 7.385819298766729 44.925974851451954 -2
vertex 7.337098319397148 44.83482431015805 -3.45
vertex 7.3858192987669256 44.92597485145236 -3.45
endloop
endfacet
facet normal 0.9569403357322084 -0.2902846772544641 4.8456353910599456e-14
outer loop
vertex 7.4711779206048 45.20736451697591 -2
vertex 7.385819298766729 44.925974851451954 -2
vertex 7.3858192987669256 44.92597485145236 -3.45
endloop
endfacet
facet normal 0.9569403357322084 -0.2902846772544641 4.8456353910599456e-14
outer loop
vertex 7.4711779206048 45.20736451697591 -2
vertex 7.3858192987669256 44.92597485145236 -3.45
vertex 7.388349126262706 44.934314575050145 -3.45
endloop
endfacet
facet normal 0.9569403357322084 -0.2902846772544641 4.8456353910599456e-14
outer loop
vertex 7.4711779206048 45.20736451697591 -2
vertex 7.388349126262706 44.934314575050145 -3.45
vertex 7.425123613728102 45.05554381358432 -3.45
endloop
endfacet
facet normal 0.9569403357322084 -0.2902846772544641 4.8456353910599456e-14
outer loop
vertex 7.4711779206048 45.20736451697591 -2
vertex 7.425123613728102 45.05554381358432 -3.45
vertex 7.467079323822527 45.19385325410831 -3.45
endloop
endfacet
facet normal 0.9569403357322084 -0.2902846772544641 4.8456353910599456e-14
outer loop
vertex 7.4711779206048 45.20736451697591 -2
vertex 7.467079323822527 45.19385325410831 -3.45
vertex 7.471177920604859 45.207364516975844 -3.45
endloop
endfacet
facet normal 0.9951847266721967 -0.09801714032956135 8.771779935468243e-15
outer loop
vertex 14.499999999999986 -5.5000000000000036 -2
vertex 14.471177920604827 -5.792635483024239 -2
vertex 14.471177920604845 -5.792635483024188 -3.45
endloop
endfacet
facet normal 0.9951847266721967 -0.09801714032956135 8.771779935468243e-15
outer loop
vertex 14.499999999999986 -5.5000000000000036 -2
vertex 14.471177920604845 -5.792635483024188 -3.45
vertex 14.484628224322583 -5.656072257612994 -3.45
endloop
endfacet
facet normal 0.9951847266721967 -0.09801714032956135 8.771779935468243e-15
outer loop
vertex 14.499999999999986 -5.5000000000000036 -2
vertex 14.484628224322583 -5.656072257612994 -3.45
vertex 14.5 -5.500000000000069 -3.45
endloop
endfacet
facet normal 0.9951847266721933 0.09801714032959744 5.309449357970607e-15
outer loop
vertex 14.471177920604813 -5.2073645169757325 -2
vertex 14.499999999999986 -5.5000000000000036 -2
vertex 14.5 -5.500000000000069 -3.45
endloop
endfacet
facet normal 0.9951847266721933 0.09801714032959744 5.309449357970607e-15
outer loop
vertex 14.471177920604813 -5.2073645169757325 -2
vertex 14.5 -5.500000000000069 -3.45
vertex 14.484628224322584 -5.343927742387269 -3.45
endloop
endfacet
facet normal 0.9951847266721933 0.09801714032959744 5.309449357970607e-15
outer loop
vertex 14.471177920604813 -5.2073645169757325 -2
vertex 14.484628224322584 -5.343927742387269 -3.45
vertex 14.471177920604845 -5.2073645169758045 -3.45
endloop
endfacet
facet normal 0 0 -1
outer loop
vertex 14.385819298766926 -4.925974851452384 -2
vertex 14.408274582082386 -5 -2
vertex 14.409827719898386 -5.005120009216948 -2
endloop
endfacet
facet normal 0 0 -1
outer loop
vertex 14.385819298766926 -4.925974851452384 -2
vertex 14.409827719898386 -5.005120009216948 -2
vertex 14.414468883303341 -5.020419874538578 -2
endloop
endfacet
facet normal 0 0 -1
outer loop
vertex 14.385819298766926 -4.925974851452384 -2
vertex 14.414468883303341 -5.020419874538578 -2
vertex 14.422152076421693 -5.0457479678837345 -2
endloop
endfacet
facet normal 0 0 -1
outer loop
vertex 14.385819298766926 -4.925974851452384 -2
vertex 14.422152076421693 -5.0457479678837345 -2
vertex 14.432798644718508 -5.080844999999628 -2
endloop
endfacet
facet normal 0 0 -1
outer loop
vertex 14.385819298766926 -4.925974851452384 -2
vertex 14.432798644718508 -5.080844999999628 -2
vertex 14.471177920604813 -5.2073645169757325 -2
endloop
endfacet
facet normal 0 0 -1
outer loop
vertex 14.385819298766926 -4.925974851452384 -2
vertex 14.471177920604813 -5.2073645169757325 -2
vertex 14.471177920604845 -5.2073645169758045 -3.45
endloop
endfacet
facet normal 0 0 -1
outer loop
vertex 14.385819298766926 -4.925974851452384 -2
vertex 14.471177920604845 -5.2073645169758045 -3.45
vertex 14.467079323822526 -5.193853254107791 -3.45
endloop
endfacet
facet normal 0 0 -1
outer loop
vertex 14.385819298766926 -4.925974851452384 -2
vertex 14.467079323822526 -5.193853254107791 -3.45
vertex 14.425123613728104 -5.055543813584781 -3.45
endloop
endfacet
facet normal 0 0 -1
outer loop
vertex 14.385819298766926 -4.925974851452384 -2
vertex 14.425123613728104 -5.055543813584781 -3.45
vertex 14.388349126262707 -4.934314575050408 -3.45
endloop
endfacet
facet normal 0 0 -1
outer loop
vertex 14.385819298766926 -4.925974851452384 -2
vertex 14.388349126262707 -4.934314575050408 -3.45
vertex 14.385819298766933 -4.9259748514523665 -3.45
endloop
endfacet
facet normal 0.8819212643483588 0.4713967368259905 1.0089988051937007e-14
outer loop
vertex 14.24720441845389 -4.666644650470754 -2
vertex 14.385819298766926 -4.925974851452384 -2
vertex 14.385819298766933 -4.9259748514523665 -3.45
endloop
endfacet
facet normal 0.8819212643483588 0.4713967368259905 1.0089988051937007e-14
outer loop
vertex 14.24720441845389 -4.666644650470754 -2
vertex 14.385819298766933 -4.9259748514523665 -3.45
vertex 14.337098319397134 -4.8348243101579955 -3.45
endloop
endfacet
facet normal 0.8819212643483588 0.4713967368259905 1.0089988051937007e-14
outer loop
vertex 14.24720441845389 -4.666644650470754 -2
vertex 14.337098319397134 -4.8348243101579955 -3.45
vertex 14.297583014258015 -4.760896373990812 -3.45
endloop
endfacet
facet normal 0.8819212643483588 0.4713967368259905 1.0089988051937007e-14
outer loop
vertex 14.24720441845389 -4.666644650470754 -2
vertex 14.297583014258015 -4.760896373990812 -3.45
vertex 14.273249609499732 -4.7153717756775135 -3.45
endloop
endfacet
facet normal 0.8819212643483588 0.4713967368259905 1.0089988051937007e-14
outer loop
vertex 14.24720441845389 -4.666644650470754 -2
vertex 14.273249609499732 -4.7153717756775135 -3.45
vertex 14.265033224220817 -4.699999999999999 -3.45
endloop
endfacet
facet normal 0.8819212643483588 0.4713967368259905 1.0089988051937007e-14
outer loop
vertex 14.24720441845389 -4.666644650470754 -2
vertex 14.265033224220817 -4.699999999999999 -3.45
vertex 14.24720441845382 -4.6666446504705945 -3.45
endloop
endfacet
facet normal 0.7730104533627384 0.6343932841636438 0
outer loop
vertex 14.060660171779539 -4.439339828219904 -2
vertex 14.24720441845389 -4.666644650470754 -2
vertex 14.24720441845382 -4.6666446504705945 -3.45
endloop
endfacet
facet normal 0.7730104533627384 0.6343932841636438 0
outer loop
vertex 14.060660171779539 -4.439339828219904 -2
vertex 14.24720441845382 -4.6666446504705945 -3.45
vertex 14.060660171779823 -4.439339828220181 -3.45
endloop
endfacet
facet normal 0.6343932841636464 0.7730104533627362 0
outer loop
vertex 13.833355349529509 -4.252795581546225 -2
vertex 14.060660171779539 -4.439339828219904 -2
vertex 14.060660171779823 -4.439339828220181 -3.45
endloop
endfacet
facet normal 0.6343932841636464 0.7730104533627362 0
outer loop
vertex 13.833355349529509 -4.252795581546225 -2
vertex 14.060660171779823 -4.439339828220181 -3.45
vertex 13.833355349529402 -4.252795581546181 -3.45
endloop
endfacet
facet normal 0.47139673682599714 0.8819212643483554 0
outer loop
vertex 13.574025148547996 -4.1141807012332485 -2
vertex 13.833355349529509 -4.252795581546225 -2
vertex 13.833355349529402 -4.252795581546181 -3.45
endloop
endfacet
facet normal 0.47139673682599714 0.8819212643483554 0
outer loop
vertex 13.574025148547996 -4.1141807012332485 -2
vertex 13.833355349529402 -4.252795581546181 -3.45
vertex 13.574025148547634 -4.114180701233067 -3.45
endloop
endfacet
facet normal 0.29028467725446094 0.9569403357322094 0
outer loop
vertex 13.29263548302368 -4.028822079395068 -2
vertex 13.574025148547996 -4.1141807012332485 -2
vertex 13.574025148547634 -4.114180701233067 -3.45
endloop
endfacet
facet normal 0.29028467725446094 0.9569403357322094 0
outer loop
vertex 13.29263548302368 -4.028822079395068 -2
vertex 13.574025148547634 -4.114180701233067 -3.45
vertex 13.292635483024199 -4.028822079395155 -3.45
endloop
endfacet
facet normal 0.09801714032956044 0.9951847266721969 0
outer loop
vertex 13.000000000000224 -3.9999999999999867 -2
vertex 13.29263548302368 -4.028822079395068 -2
vertex 13.292635483024199 -4.028822079395155 -3.45
endloop
endfacet
facet normal 0.09801714032956044 0.9951847266721969 0
outer loop
vertex 13.000000000000224 -3.9999999999999867 -2
vertex 13.292635483024199 -4.028822079395155 -3.45
vertex 13 -4 -3.45
endloop
endfacet
facet normal -0.09801714032956 0.9951847266721969 0
outer loop
vertex 12.707364516976769 -4.028822079395068 -2
vertex 13.000000000000224 -3.9999999999999867 -2
vertex 13 -4 -3.45
endloop
endfacet
facet normal -0.09801714032956 0.9951847266721969 0
outer loop
vertex 12.707364516976769 -4.028822079395068 -2
vertex 13 -4 -3.45
vertex 12.707364516975815 -4.028822079395155 -3.45
endloop
endfacet
facet normal -0.2902846772544612 0.9569403357322093 0
outer loop
vertex 12.425974851451606 -4.1141807012332485 -2
vertex 12.707364516976769 -4.028822079395068 -2
vertex 12.707364516975815 -4.028822079395155 -3.45
endloop
endfacet
facet normal -0.2902846772544612 0.9569403357322093 0
outer loop
vertex 12.425974851451606 -4.1141807012332485 -2
vertex 12.707364516975815 -4.028822079395155 -3.45
vertex 12.425974851452366 -4.114180701233067 -3.45
endloop
endfacet
facet normal -0.47139673682599614 0.8819212643483558 0
outer loop
vertex 12.166644650470367 -4.252795581546225 -2
vertex 12.425974851451606 -4.1141807012332485 -2
vertex 12.425974851452366 -4.114180701233067 -3.45
endloop
endfacet
facet normal -0.47139673682599614 0.8819212643483558 0
outer loop
vertex 12.166644650470367 -4.252795581546225 -2
vertex 12.425974851452366 -4.114180701233067 -3.45
vertex 12.166644650470587 -4.252795581546181 -3.45
endloop
endfacet
facet normal -0.6343932841636467 0.7730104533627361 0
outer loop
vertex 11.939339828220739 -4.439339828219904 -2
vertex 12.166644650470367 -4.252795581546225 -2
vertex 12.166644650470587 -4.252795581546181 -3.45
endloop
endfacet
facet normal -0.6343932841636467 0.7730104533627361 0
outer loop
vertex 11.939339828220739 -4.439339828219904 -2
vertex 12.166644650470587 -4.252795581546181 -3.45
vertex 11.939339828220177 -4.439339828220181 -3.45
endloop
endfacet
facet normal -0.7730104533627317 0.634393284163652 0
outer loop
vertex 11.752795581545913 -4.666644650470754 -2
vertex 11.939339828220739 -4.439339828219904 -2
vertex 11.939339828220177 -4.439339828220181 -3.45
endloop
endfacet
facet normal -0.7730104533627317 0.634393284163652 0
outer loop
vertex 11.752795581545913 -4.666644650470754 -2
vertex 11.939339828220177 -4.439339828220181 -3.45
vertex 11.752795581546188 -4.6666446504705945 -3.45
endloop
endfacet
facet normal -0.881921264348635 0.4713967368254736 -1.1548154067188296e-13
outer loop
vertex 11.614180701233073 -4.925974851452384 -2
vertex 11.752795581545913 -4.666644650470754 -2
vertex 11.752795581546188 -4.6666446504705945 -3.45
endloop
endfacet
facet normal -0.881921264348635 0.4713967368254736 -1.1548154067188296e-13
outer loop
vertex 11.614180701233073 -4.925974851452384 -2
vertex 11.752795581546188 -4.6666446504705945 -3.45
vertex 11.734966775779188 -4.699999999999999 -3.45
endloop
endfacet
facet normal -0.881921264348635 0.4713967368254736 -1.1548154067188296e-13
outer loop
vertex 11.614180701233073 -4.925974851452384 -2
vertex 11.734966775779188 -4.699999999999999 -3.45
vertex 11.726750390500271 -4.7153717756775135 -3.45
endloop
endfacet
facet normal -0.881921264348635 0.4713967368254736 -1.1548154067188296e-13
outer loop
vertex 11.614180701233073 -4.925974851452384 -2
vertex 11.726750390500271 -4.7153717756775135 -3.45
vertex 11.702416985741987 -4.760896373990812 -3.45
endloop
endfacet
facet normal -0.881921264348635 0.4713967368254736 -1.1548154067188296e-13
outer loop
vertex 11.614180701233073 -4.925974851452384 -2
vertex 11.702416985741987 -4.760896373990812 -3.45
vertex 11.662901680602866 -4.8348243101579955 -3.45
endloop
endfacet
facet normal -0.881921264348635 0.4713967368254736 -1.1548154067188296e-13
outer loop
vertex 11.614180701233073 -4.925974851452384 -2
vertex 11.662901680602866 -4.8348243101579955 -3.45
vertex 11.614180701233074 -4.9259748514523665 -3.45
endloop
endfacet
facet normal -0.9569403357322018 0.29028467725448504 2.384166531626543e-15
outer loop
vertex 11.528822079395178 -5.2073645169757325 -2
vertex 11.614180701233073 -4.925974851452384 -2
vertex 11.614180701233074 -4.9259748514523665 -3.45
endloop
endfacet
facet normal -0.9569403357322018 0.29028467725448504 2.384166531626543e-15
outer loop
vertex 11.528822079395178 -5.2073645169757325 -2
vertex 11.614180701233074 -4.9259748514523665 -3.45
vertex 11.6116508737373 -4.934314575050408 -3.45
endloop
endfacet
facet normal -0.9569403357322018 0.29028467725448504 2.384166531626543e-15
outer loop
vertex 11.528822079395178 -5.2073645169757325 -2
vertex 11.6116508737373 -4.934314575050408 -3.45
vertex 11.574876386271898 -5.055543813584781 -3.45
endloop
endfacet
facet normal -0.9569403357322018 0.29028467725448504 2.384166531626543e-15
outer loop
vertex 11.528822079395178 -5.2073645169757325 -2
vertex 11.574876386271898 -5.055543813584781 -3.45
vertex 11.532920676177474 -5.193853254107791 -3.45
endloop
endfacet
facet normal -0.9569403357322018 0.29028467725448504 2.384166531626543e-15
outer loop
vertex 11.528822079395178 -5.2073645169757325 -2
vertex 11.532920676177474 -5.193853254107791 -3.45
vertex 11.528822079395155 -5.2073645169758045 -3.45
endloop
endfacet
facet normal -0.9951847266721968 0.09801714032956153 1.0985067637180604e-14
outer loop
vertex 11.500000000000016 -5.5000000000000036 -2
vertex 11.528822079395178 -5.2073645169757325 -2
vertex 11.528822079395155 -5.2073645169758045 -3.45
endloop
endfacet
facet normal -0.9951847266721968 0.09801714032956153 1.0985067637180604e-14
outer loop
vertex 11.500000000000016 -5.5000000000000036 -2
vertex 11.528822079395155 -5.2073645169758045 -3.45
vertex 11.515371775677417 -5.343927742387269 -3.45
endloop
endfacet
facet normal -0.9951847266721968 0.09801714032956153 1.0985067637180604e-14
outer loop
vertex 11.500000000000016 -5.5000000000000036 -2
vertex 11.515371775677417 -5.343927742387269 -3.45
vertex 11.5 -5.500000000000069 -3.45
endloop
endfacet
facet normal -0.9951847266722057 -0.09801714032947162 1.541571158417879e-14
outer loop
vertex 11.528822079395148 -5.792635483024239 -2
vertex 11.500000000000016 -5.5000000000000036 -2
vertex 11.5 -5.500000000000069 -3.45
endloop
endfacet
facet normal -0.9951847266722057 -0.09801714032947162 1.541571158417879e-14
outer loop
vertex 11.528822079395148 -5.792635483024239 -2
vertex 11.5 -5.500000000000069 -3.45
vertex 11.515371775677414 -5.656072257612994 -3.45
endloop
endfacet
facet normal -0.9951847266722057 -0.09801714032947162 1.541571158417879e-14
outer loop
vertex 11.528822079395148 -5.792635483024239 -2
vertex 11.515371775677414 -5.656072257612994 -3.45
vertex 11.528822079395155 -5.792635483024188 -3.45
endloop
endfacet
facet normal -0.9569403357321629 -0.2902846772546141 -1.482577276663065e-14
outer loop
vertex 11.614180701233096 -6.074025148547626 -2
vertex 11.528822079395148 -5.792635483024239 -2
vertex 11.528822079395155 -5.792635483024188 -3.45
endloop
endfacet
facet normal -0.9569403357321629 -0.2902846772546141 -1.482577276663065e-14
outer loop
vertex 11.614180701233096 -6.074025148547626 -2
vertex 11.528822079395155 -5.792635483024188 -3.45
vertex 11.532920676177476 -5.806146745892001 -3.45
endloop
endfacet
facet normal -0.9569403357321629 -0.2902846772546141 -1.482577276663065e-14
outer loop
vertex 11.614180701233096 -6.074025148547626 -2
vertex 11.532920676177476 -5.806146745892001 -3.45
vertex 11.574876386271898 -5.944456186415736 -3.45
endloop
endfacet
facet normal -0.9569403357321629 -0.2902846772546141 -1.482577276663065e-14
outer loop
vertex 11.614180701233096 -6.074025148547626 -2
vertex 11.574876386271898 -5.944456186415736 -3.45
vertex 11.61165087373729 -6.065685424949228 -3.45
endloop
endfacet
facet normal -0.9569403357321629 -0.2902846772546141 -1.482577276663065e-14
outer loop
vertex 11.614180701233096 -6.074025148547626 -2
vertex 11.61165087373729 -6.065685424949228 -3.45
vertex 11.614180701233067 -6.074025148547637 -3.45
endloop
endfacet
facet normal -0.8819212643484405 -0.47139673682583794 2.0749572203588315e-14
outer loop
vertex 11.752795581546032 -6.333355349529178 -2
vertex 11.614180701233096 -6.074025148547626 -2
vertex 11.614180701233067 -6.074025148547637 -3.45
endloop
endfacet
facet normal -0.8819212643484405 -0.47139673682583794 2.0749572203588315e-14
outer loop
vertex 11.752795581546032 -6.333355349529178 -2
vertex 11.614180701233067 -6.074025148547637 -3.45
vertex 11.66290168060287 -6.165175689841908 -3.45
endloop
endfacet
facet normal -0.8819212643484405 -0.47139673682583794 2.0749572203588315e-14
outer loop
vertex 11.752795581546032 -6.333355349529178 -2
vertex 11.66290168060287 -6.165175689841908 -3.45
vertex 11.702416985741987 -6.239103626009063 -3.45
endloop
endfacet
facet normal -0.8819212643484405 -0.47139673682583794 2.0749572203588315e-14
outer loop
vertex 11.752795581546032 -6.333355349529178 -2
vertex 11.702416985741987 -6.239103626009063 -3.45
vertex 11.726750390500268 -6.284628224322625 -3.45
endloop
endfacet
facet normal -0.8819212643484405 -0.47139673682583794 2.0749572203588315e-14
outer loop
vertex 11.752795581546032 -6.333355349529178 -2
vertex 11.726750390500268 -6.284628224322625 -3.45
vertex 11.734966775779187 -6.300000000000011 -3.45
endloop
endfacet
facet normal -0.8819212643484405 -0.47139673682583794 2.0749572203588315e-14
outer loop
vertex 11.752795581546032 -6.333355349529178 -2
vertex 11.734966775779187 -6.300000000000011 -3.45
vertex 11.75279558154618 -6.333355349529398 -3.45
endloop
endfacet
facet normal -0.7730104533627331 -0.63439328416365 0
outer loop
vertex 11.939339828220403 -6.560660171780031 -2
vertex 11.752795581546032 -6.333355349529178 -2
vertex 11.75279558154618 -6.333355349529398 -3.45
endloop
endfacet
facet normal -0.7730104533627331 -0.63439328416365 0
outer loop
vertex 11.939339828220403 -6.560660171780031 -2
vertex 11.75279558154618 -6.333355349529398 -3.45
vertex 11.939339828220177 -6.560660171779823 -3.45
endloop
endfacet
facet normal -0.6343932841636462 -0.7730104533627364 0
outer loop
vertex 12.166644650470555 -6.747204418453821 -2
vertex 11.939339828220403 -6.560660171780031 -2
vertex 11.939339828220177 -6.560660171779823 -3.45
endloop
endfacet
facet normal -0.6343932841636462 -0.7730104533627364 0
outer loop
vertex 12.166644650470555 -6.747204418453821 -2
vertex 11.939339828220177 -6.560660171779823 -3.45
vertex 12.166644650470587 -6.747204418453816 -3.45
endloop
endfacet
facet normal -0.4713967368259944 -0.8819212643483568 0
outer loop
vertex 12.425974851452548 -6.885819298767052 -2
vertex 12.166644650470555 -6.747204418453821 -2
vertex 12.166644650470587 -6.747204418453816 -3.45
endloop
endfacet
facet normal -0.4713967368259944 -0.8819212643483568 0
outer loop
vertex 12.425974851452548 -6.885819298767052 -2
vertex 12.166644650470587 -6.747204418453816 -3.45
vertex 12.425974851452366 -6.885819298766929 -3.45
endloop
endfacet
facet normal -0.29028467725446605 -0.9569403357322077 0
outer loop
vertex 12.707364516975538 -6.971177920604831 -2
vertex 12.425974851452548 -6.885819298767052 -2
vertex 12.425974851452366 -6.885819298766929 -3.45
endloop
endfacet
facet normal -0.29028467725446605 -0.9569403357322077 0
outer loop
vertex 12.707364516975538 -6.971177920604831 -2
vertex 12.425974851452366 -6.885819298766929 -3.45
vertex 12.707364516975808 -6.971177920604845 -3.45
endloop
endfacet
facet normal -0.09801714032955999 -0.9951847266721969 0
outer loop
vertex 13.000000000000165 -7.000000000000028 -2
vertex 12.707364516975538 -6.971177920604831 -2
vertex 12.707364516975808 -6.971177920604845 -3.45
endloop
endfacet
facet normal -0.09801714032955999 -0.9951847266721969 0
outer loop
vertex 13.000000000000165 -7.000000000000028 -2
vertex 12.707364516975808 -6.971177920604845 -3.45
vertex 13 -7 -3.45
endloop
endfacet
facet normal 0.09801714032955999 -0.9951847266721969 0
outer loop
vertex 13.292635483023954 -6.971177920604831 -2
vertex 13.000000000000165 -7.000000000000028 -2
vertex 13 -7 -3.45
endloop
endfacet
facet normal 0.09801714032955999 -0.9951847266721969 0
outer loop
vertex 13.292635483023954 -6.971177920604831 -2
vertex 13 -7 -3.45
vertex 13.292635483024192 -6.971177920604845 -3.45
endloop
endfacet
facet normal 0.29028467725446216 -0.9569403357322089 0
outer loop
vertex 13.574025148547962 -6.885819298767052 -2
vertex 13.292635483023954 -6.971177920604831 -2
vertex 13.292635483024192 -6.971177920604845 -3.45
endloop
endfacet
facet normal 0.29028467725446216 -0.9569403357322089 0
outer loop
vertex 13.574025148547962 -6.885819298767052 -2
vertex 13.292635483024192 -6.971177920604845 -3.45
vertex 13.57402514854764 -6.885819298766929 -3.45
endloop
endfacet
facet normal 0.47139673682600136 -0.8819212643483529 0
outer loop
vertex 13.83335534952908 -6.747204418453821 -2
vertex 13.574025148547962 -6.885819298767052 -2
vertex 13.57402514854764 -6.885819298766929 -3.45
endloop
endfacet
facet normal 0.47139673682600136 -0.8819212643483529 0
outer loop
vertex 13.83335534952908 -6.747204418453821 -2
vertex 13.57402514854764 -6.885819298766929 -3.45
vertex 13.833355349529405 -6.747204418453816 -3.45
endloop
endfacet
facet normal 0.6343932841636462 -0.7730104533627363 0
outer loop
vertex 14.06066017177896 -6.560660171780031 -2
vertex 13.83335534952908 -6.747204418453821 -2
vertex 13.833355349529405 -6.747204418453816 -3.45
endloop
endfacet
facet normal 0.6343932841636462 -0.7730104533627363 0
outer loop
vertex 14.06066017177896 -6.560660171780031 -2
vertex 13.833355349529405 -6.747204418453816 -3.45
vertex 14.060660171779823 -6.560660171779823 -3.45
endloop
endfacet
facet normal 0.7730104533627348 -0.634393284163648 0
outer loop
vertex 14.247204418454347 -6.333355349529178 -2
vertex 14.06066017177896 -6.560660171780031 -2
vertex 14.060660171779823 -6.560660171779823 -3.45
endloop
endfacet
facet normal 0.7730104533627348 -0.634393284163648 0
outer loop
vertex 14.247204418454347 -6.333355349529178 -2
vertex 14.060660171779823 -6.560660171779823 -3.45
vertex 14.247204418453823 -6.333355349529398 -3.45
endloop
endfacet
facet normal 0.8819212643489402 -0.4713967368249029 -2.471233364013075e-13
outer loop
vertex 14.385819298766929 -6.074025148547626 -2
vertex 14.247204418454347 -6.333355349529178 -2
vertex 14.247204418453823 -6.333355349529398 -3.45
endloop
endfacet
facet normal 0.8819212643489402 -0.4713967368249029 -2.471233364013075e-13
outer loop
vertex 14.385819298766929 -6.074025148547626 -2
vertex 14.247204418453823 -6.333355349529398 -3.45
vertex 14.265033224220817 -6.300000000000011 -3.45
endloop
endfacet
facet normal 0.8819212643489402 -0.4713967368249029 -2.471233364013075e-13
outer loop
vertex 14.385819298766929 -6.074025148547626 -2
vertex 14.265033224220817 -6.300000000000011 -3.45
vertex 14.273249609499734 -6.284628224322625 -3.45
endloop
endfacet
facet normal 0.8819212643489402 -0.4713967368249029 -2.471233364013075e-13
outer loop
vertex 14.385819298766929 -6.074025148547626 -2
vertex 14.273249609499734 -6.284628224322625 -3.45
vertex 14.297583014258015 -6.239103626009063 -3.45
endloop
endfacet
facet normal 0.8819212643489402 -0.4713967368249029 -2.471233364013075e-13
outer loop
vertex 14.385819298766929 -6.074025148547626 -2
vertex 14.297583014258015 -6.239103626009063 -3.45
vertex 14.33709831939713 -6.165175689841908 -3.45
endloop
endfacet
facet normal 0.8819212643489402 -0.4713967368249029 -2.471233364013075e-13
outer loop
vertex 14.385819298766929 -6.074025148547626 -2
vertex 14.33709831939713 -6.165175689841908 -3.45
vertex 14.385819298766929 -6.074025148547637 -3.45
endloop
endfacet
facet normal 0.9569403357322098 -0.2902846772544592 2.131916830327893e-15
outer loop
vertex 14.471177920604827 -5.792635483024239 -2
vertex 14.385819298766929 -6.074025148547626 -2
vertex 14.385819298766929 -6.074025148547637 -3.45
endloop
endfacet
facet normal 0.9569403357322098 -0.2902846772544592 2.131916830327893e-15
outer loop
vertex 14.471177920604827 -5.792635483024239 -2
vertex 14.385819298766929 -6.074025148547637 -3.45
vertex 14.388349126262707 -6.065685424949228 -3.45
endloop
endfacet
facet normal 0.9569403357322098 -0.2902846772544592 2.131916830327893e-15
outer loop
vertex 14.471177920604827 -5.792635483024239 -2
vertex 14.388349126262707 -6.065685424949228 -3.45
vertex 14.425123613728102 -5.944456186415736 -3.45
endloop
endfacet
facet normal 0.9569403357322098 -0.2902846772544592 2.131916830327893e-15
outer loop
vertex 14.471177920604827 -5.792635483024239 -2
vertex 14.425123613728102 -5.944456186415736 -3.45
vertex 14.467079323822524 -5.806146745892001 -3.45
endloop
endfacet
facet normal 0.9569403357322098 -0.2902846772544592 2.131916830327893e-15
outer loop
vertex 14.471177920604827 -5.792635483024239 -2
vertex 14.467079323822524 -5.806146745892001 -3.45
vertex 14.471177920604845 -5.792635483024188 -3.45
endloop
endfacet
facet normal 0.9951847266721984 -0.09801714032954473 2.0323595691786293e-13
outer loop
vertex 86.99999999999967 -9.000000000000131 -2
vertex 86.97117792060442 -9.292635483025391 -2
vertex 86.97117792060483 -9.292635483024213 -3.45
endloop
endfacet
facet normal 0.9951847266721984 -0.09801714032954473 2.0323595691786293e-13
outer loop
vertex 86.99999999999967 -9.000000000000131 -2
vertex 86.97117792060483 -9.292635483024213 -3.45
vertex 86.98462822432256 -9.156072257613665 -3.45
endloop
endfacet
facet normal 0.9951847266721984 -0.09801714032954473 2.0323595691786293e-13
outer loop
vertex 86.99999999999967 -9.000000000000131 -2
vertex 86.98462822432256 -9.156072257613665 -3.45
vertex 87 -8.999999999999895 -3.45
endloop
endfacet
facet normal 0.9951847266721413 0.09801714033012533 2.403003888334713e-13
outer loop
vertex 86.97117792060415 -8.70736451697388 -2
vertex 86.99999999999967 -9.000000000000131 -2
vertex 87 -8.999999999999895 -3.45
endloop
endfacet
facet normal 0.9951847266721413 0.09801714033012533 2.403003888334713e-13
outer loop
vertex 86.97117792060415 -8.70736451697388 -2
vertex 87 -8.999999999999895 -3.45
vertex 86.98462822432259 -8.843927742386763 -3.45
endloop
endfacet
facet normal 0.9951847266721413 0.09801714033012533 2.403003888334713e-13
outer loop
vertex 86.97117792060415 -8.70736451697388 -2
vertex 86.98462822432259 -8.843927742386763 -3.45
vertex 86.97117792060486 -8.707364516975872 -3.45
endloop
endfacet
facet normal 0.956940335732228 0.2902846772543992 7.028002161653464e-14
outer loop
vertex 86.88581929876622 -8.425974851450336 -2
vertex 86.97117792060415 -8.70736451697388 -2
vertex 86.97117792060486 -8.707364516975872 -3.45
endloop
endfacet
facet normal 0.956940335732228 0.2902846772543992 7.028002161653464e-14
outer loop
vertex 86.88581929876622 -8.425974851450336 -2
vertex 86.97117792060486 -8.707364516975872 -3.45
vertex 86.96707932382255 -8.693853254107932 -3.45
endloop
endfacet
facet normal 0.956940335732228 0.2902846772543992 7.028002161653464e-14
outer loop
vertex 86.88581929876622 -8.425974851450336 -2
vertex 86.96707932382255 -8.693853254107932 -3.45
vertex 86.92512361372809 -8.555543813583654 -3.45
endloop
endfacet
facet normal 0.956940335732228 0.2902846772543992 7.028002161653464e-14
outer loop
vertex 86.88581929876622 -8.425974851450336 -2
vertex 86.92512361372809 -8.555543813583654 -3.45
vertex 86.8883491262627 -8.434314575051268 -3.45
endloop
endfacet
facet normal 0.956940335732228 0.2902846772543992 7.028002161653464e-14
outer loop
vertex 86.88581929876622 -8.425974851450336 -2
vertex 86.8883491262627 -8.434314575051268 -3.45
vertex 86.88581929876689 -8.425974851452231 -3.45
endloop
endfacet
facet normal 0.8819212643483357 0.4713967368260337 -2.0995312235540856e-13
outer loop
vertex 86.74720441845564 -8.166644650473323 -2
vertex 86.88581929876622 -8.425974851450336 -2
vertex 86.88581929876689 -8.425974851452231 -3.45
endloop
endfacet
facet normal 0.8819212643483357 0.4713967368260337 -2.0995312235540856e-13
outer loop
vertex 86.74720441845564 -8.166644650473323 -2
vertex 86.88581929876689 -8.425974851452231 -3.45
vertex 86.83709831939717 -8.334824310157934 -3.45
endloop
endfacet
facet normal 0.8819212643483357 0.4713967368260337 -2.0995312235540856e-13
outer loop
vertex 86.74720441845564 -8.166644650473323 -2
vertex 86.83709831939717 -8.334824310157934 -3.45
vertex 86.79758301425805 -8.260896373990207 -3.45
endloop
endfacet
facet normal 0.8819212643483357 0.4713967368260337 -2.0995312235540856e-13
outer loop
vertex 86.74720441845564 -8.166644650473323 -2
vertex 86.79758301425805 -8.260896373990207 -3.45
vertex 86.77324960949976 -8.215371775677411 -3.45
endloop
endfacet
facet normal 0.8819212643483357 0.4713967368260337 -2.0995312235540856e-13
outer loop
vertex 86.74720441845564 -8.166644650473323 -2
vertex 86.77324960949976 -8.215371775677411 -3.45
vertex 86.76503322422084 -8.2 -3.45
endloop
endfacet
facet normal 0.8819212643483357 0.4713967368260337 -2.0995312235540856e-13
outer loop
vertex 86.74720441845564 -8.166644650473323 -2
vertex 86.76503322422084 -8.2 -3.45
vertex 86.74720441845389 -8.16664465047067 -3.45
endloop
endfacet
facet normal 0.7730104533627284 0.6343932841636561 0
outer loop
vertex 86.56066017177783 -7.939339828218257 -2
vertex 86.74720441845564 -8.166644650473323 -2
vertex 86.74720441845389 -8.16664465047067 -3.45
endloop
endfacet
facet normal 0.7730104533627284 0.6343932841636561 0
outer loop
vertex 86.56066017177783 -7.939339828218257 -2
vertex 86.74720441845389 -8.16664465047067 -3.45
vertex 86.56066017177984 -7.939339828220199 -3.45
endloop
endfacet
facet normal 0.6343932841636442 0.7730104533627382 0
outer loop
vertex 86.33335534952961 -7.752795581546074 -2
vertex 86.56066017177783 -7.939339828218257 -2
vertex 86.56066017177984 -7.939339828220199 -3.45
endloop
endfacet
facet normal 0.6343932841636442 0.7730104533627382 0
outer loop
vertex 86.33335534952961 -7.752795581546074 -2
vertex 86.56066017177984 -7.939339828220199 -3.45
vertex 86.33335534952941 -7.752795581546188 -3.45
endloop
endfacet
facet normal 0.47139673682600064 0.8819212643483534 0
outer loop
vertex 86.07402514854823 -7.614180701233163 -2
vertex 86.33335534952961 -7.752795581546074 -2
vertex 86.33335534952941 -7.752795581546188 -3.45
endloop
endfacet
facet normal 0.47139673682600064 0.8819212643483534 0
outer loop
vertex 86.07402514854823 -7.614180701233163 -2
vertex 86.33335534952941 -7.752795581546188 -3.45
vertex 86.07402514854763 -7.614180701233071 -3.45
endloop
endfacet
facet normal 0.29028467725446916 0.9569403357322068 0
outer loop
vertex 85.79263548302366 -7.528822079394904 -2
vertex 86.07402514854823 -7.614180701233163 -2
vertex 86.07402514854763 -7.614180701233071 -3.45
endloop
endfacet
facet normal 0.29028467725446916 0.9569403357322068 0
outer loop
vertex 85.79263548302366 -7.528822079394904 -2
vertex 86.07402514854763 -7.614180701233071 -3.45
vertex 85.7926354830242 -7.528822079395155 -3.45
endloop
endfacet
facet normal 0.09801714032955622 0.9951847266721974 0
outer loop
vertex 85.5000000000002 -7.499999999999823 -2
vertex 85.79263548302366 -7.528822079394904 -2
vertex 85.7926354830242 -7.528822079395155 -3.45
endloop
endfacet
facet normal 0.09801714032955622 0.9951847266721974 0
outer loop
vertex 85.5000000000002 -7.499999999999823 -2
vertex 85.7926354830242 -7.528822079395155 -3.45
vertex 85.5 -7.5 -3.45
endloop
endfacet
facet normal -0.09801714032955999 0.9951847266721969 0
outer loop
vertex 85.20736451697675 -7.528822079394904 -2
vertex 85.5000000000002 -7.499999999999823 -2
vertex 85.5 -7.5 -3.45
endloop
endfacet
facet normal -0.09801714032955999 0.9951847266721969 0
outer loop
vertex 85.20736451697675 -7.528822079394904 -2
vertex 85.5 -7.5 -3.45
vertex 85.2073645169758 -7.528822079395155 -3.45
endloop
endfacet
facet normal -0.29028467725446194 0.956940335732209 0
outer loop
vertex 84.9259748514553 -7.614180701233163 -2
vertex 85.20736451697675 -7.528822079394904 -2
vertex 85.2073645169758 -7.528822079395155 -3.45
endloop
endfacet
facet normal -0.29028467725446194 0.956940335732209 0
outer loop
vertex 84.9259748514553 -7.614180701233163 -2
vertex 85.2073645169758 -7.528822079395155 -3.45
vertex 84.92597485145238 -7.614180701233071 -3.45
endloop
endfacet
facet normal -0.47139673682600136 0.8819212643483529 0
outer loop
vertex 84.66664465046894 -7.752795581546074 -2
vertex 84.9259748514553 -7.614180701233163 -2
vertex 84.92597485145238 -7.614180701233071 -3.45
endloop
endfacet
facet normal -0.47139673682600136 0.8819212643483529 0
outer loop
vertex 84.66664465046894 -7.752795581546074 -2
vertex 84.92597485145238 -7.614180701233071 -3.45
vertex 84.66664465047057 -7.752795581546188 -3.45
endloop
endfacet
facet normal -0.6343932841636484 0.7730104533627347 0
outer loop
vertex 84.43933982822294 -7.939339828218257 -2
vertex 84.66664465046894 -7.752795581546074 -2
vertex 84.66664465047057 -7.752795581546188 -3.45
endloop
endfacet
facet normal -0.6343932841636484 0.7730104533627347 0
outer loop
vertex 84.43933982822294 -7.939339828218257 -2
vertex 84.66664465047057 -7.752795581546188 -3.45
vertex 84.43933982822018 -7.939339828220199 -3.45
endloop
endfacet
facet normal -0.7730104533627319 0.6343932841636518 0
outer loop
vertex 84.25279558154332 -8.166644650473323 -2
vertex 84.43933982822294 -7.939339828218257 -2
vertex 84.43933982822018 -7.939339828220199 -3.45
endloop
endfacet
facet normal -0.7730104533627319 0.6343932841636518 0
outer loop
vertex 84.25279558154332 -8.166644650473323 -2
vertex 84.43933982822018 -7.939339828220199 -3.45
vertex 84.25279558154615 -8.16664465047067 -3.45
endloop
endfacet
facet normal -0.8819212643500436 0.4713967368228387 -8.572421300746115e-13
outer loop
vertex 84.11418070123395 -8.425974851450336 -2
vertex 84.25279558154332 -8.166644650473323 -2
vertex 84.25279558154615 -8.16664465047067 -3.45
endloop
endfacet
facet normal -0.8819212643500436 0.4713967368228387 -8.572421300746115e-13
outer loop
vertex 84.11418070123395 -8.425974851450336 -2
vertex 84.25279558154615 -8.16664465047067 -3.45
vertex 84.2349667757792 -8.2 -3.45
endloop
endfacet
facet normal -0.8819212643500436 0.4713967368228387 -8.572421300746115e-13
outer loop
vertex 84.11418070123395 -8.425974851450336 -2
vertex 84.2349667757792 -8.2 -3.45
vertex 84.22675039050029 -8.215371775677411 -3.45
endloop
endfacet
facet normal -0.8819212643500436 0.4713967368228387 -8.572421300746115e-13
outer loop
vertex 84.11418070123395 -8.425974851450336 -2
vertex 84.22675039050029 -8.215371775677411 -3.45
vertex 84.20241698574199 -8.260896373990207 -3.45
endloop
endfacet
facet normal -0.8819212643500436 0.4713967368228387 -8.572421300746115e-13
outer loop
vertex 84.11418070123395 -8.425974851450336 -2
vertex 84.20241698574199 -8.260896373990207 -3.45
vertex 84.16290168060286 -8.334824310157934 -3.45
endloop
endfacet
facet normal -0.8819212643500436 0.4713967368228387 -8.572421300746115e-13
outer loop
vertex 84.11418070123395 -8.425974851450336 -2
vertex 84.16290168060286 -8.334824310157934 -3.45
vertex 84.11418070123305 -8.425974851452231 -3.45
endloop
endfacet
facet normal -0.9569403357319058 0.29028467725546137 2.114015238620997e-13
outer loop
vertex 84.02882207939568 -8.70736451697388 -2
vertex 84.11418070123395 -8.425974851450336 -2
vertex 84.11418070123305 -8.425974851452231 -3.45
endloop
endfacet
facet normal -0.9569403357319058 0.29028467725546137 2.114015238620997e-13
outer loop
vertex 84.02882207939568 -8.70736451697388 -2
vertex 84.11418070123305 -8.425974851452231 -3.45
vertex 84.11165087373725 -8.434314575051268 -3.45
endloop
endfacet
facet normal -0.9569403357319058 0.29028467725546137 2.114015238620997e-13
outer loop
vertex 84.02882207939568 -8.70736451697388 -2
vertex 84.11165087373725 -8.434314575051268 -3.45
vertex 84.0748763862719 -8.555543813583654 -3.45
endloop
endfacet
facet normal -0.9569403357319058 0.29028467725546137 2.114015238620997e-13
outer loop
vertex 84.02882207939568 -8.70736451697388 -2
vertex 84.0748763862719 -8.555543813583654 -3.45
vertex 84.03292067617747 -8.693853254107932 -3.45
endloop
endfacet
facet normal -0.9569403357319058 0.29028467725546137 2.114015238620997e-13
outer loop
vertex 84.02882207939568 -8.70736451697388 -2
vertex 84.03292067617747 -8.693853254107932 -3.45
vertex 84.02882207939516 -8.707364516975872 -3.45
endloop
endfacet
facet normal -0.995184726671981 0.09801714033175268 2.2626798206292467e-13
outer loop
vertex 83.99999999999967 -9.000000000000131 -2
vertex 84.02882207939568 -8.70736451697388 -2
vertex 84.02882207939516 -8.707364516975872 -3.45
endloop
endfacet
facet normal -0.995184726671981 0.09801714033175268 2.2626798206292467e-13
outer loop
vertex 83.99999999999967 -9.000000000000131 -2
vertex 84.02882207939516 -8.707364516975872 -3.45
vertex 84.01537177567742 -8.843927742386763 -3.45
endloop
endfacet
facet normal -0.995184726671981 0.09801714033175268 2.2626798206292467e-13
outer loop
vertex 83.99999999999967 -9.000000000000131 -2
vertex 84.01537177567742 -8.843927742386763 -3.45
vertex 84 -8.999999999999895 -3.45
endloop
endfacet
facet normal -0.995184726671958 -0.09801714033198576 -2.4029632029067164e-13
outer loop
vertex 84.02882207939565 -9.292635483025391 -2
vertex 83.99999999999967 -9.000000000000131 -2
vertex 84 -8.999999999999895 -3.45
endloop
endfacet
facet normal -0.995184726671958 -0.09801714033198576 -2.4029632029067164e-13
outer loop
vertex 84.02882207939565 -9.292635483025391 -2
vertex 84 -8.999999999999895 -3.45
vertex 84.01537177567742 -9.156072257613665 -3.45
endloop
endfacet
facet normal -0.995184726671958 -0.09801714033198576 -2.4029632029067164e-13
outer loop
vertex 84.02882207939565 -9.292635483025391 -2
vertex 84.01537177567742 -9.156072257613665 -3.45
vertex 84.02882207939516 -9.292635483024213 -3.45
endloop
endfacet
facet normal -0.9569403357324006 -0.2902846772538303 9.247799533138041e-14
outer loop
vertex 84.11418070123285 -9.574025148547149 -2
vertex 84.02882207939565 -9.292635483025391 -2
vertex 84.02882207939516 -9.292635483024213 -3.45
endloop
endfacet
facet normal -0.9569403357324006 -0.2902846772538303 9.247799533138041e-14
outer loop
vertex 84.11418070123285 -9.574025148547149 -2
vertex 84.02882207939516 -9.292635483024213 -3.45
vertex 84.03292067617744 -9.306146745889347 -3.45
endloop
endfacet
facet normal -0.9569403357324006 -0.2902846772538303 9.247799533138041e-14
outer loop
vertex 84.11418070123285 -9.574025148547149 -2
vertex 84.03292067617744 -9.306146745889347 -3.45
vertex 84.0748763862719 -9.444456186415422 -3.45
endloop
endfacet
facet normal -0.9569403357324006 -0.2902846772538303 9.247799533138041e-14
outer loop
vertex 84.11418070123285 -9.574025148547149 -2
vertex 84.0748763862719 -9.444456186415422 -3.45
vertex 84.11165087373728 -9.565685424949969 -3.45
endloop
endfacet
facet normal -0.9569403357324006 -0.2902846772538303 9.247799533138041e-14
outer loop
vertex 84.11418070123285 -9.574025148547149 -2
vertex 84.11165087373728 -9.565685424949969 -3.45
vertex 84.11418070123307 -9.574025148547726 -3.45
endloop
endfacet
facet normal -0.8819212643490006 -0.4713967368247895 5.803370547281782e-14
outer loop
vertex 84.25279558154577 -9.833355349529402 -2
vertex 84.11418070123285 -9.574025148547149 -2
vertex 84.11418070123307 -9.574025148547726 -3.45
endloop
endfacet
facet normal -0.8819212643490006 -0.4713967368247895 5.803370547281782e-14
outer loop
vertex 84.25279558154577 -9.833355349529402 -2
vertex 84.11418070123307 -9.574025148547726 -3.45
vertex 84.16290168060283 -9.665175689841504 -3.45
endloop
endfacet
facet normal -0.8819212643490006 -0.4713967368247895 5.803370547281782e-14
outer loop
vertex 84.25279558154577 -9.833355349529402 -2
vertex 84.16290168060283 -9.665175689841504 -3.45
vertex 84.20241698574196 -9.739103626009538 -3.45
endloop
endfacet
facet normal -0.8819212643490006 -0.4713967368247895 5.803370547281782e-14
outer loop
vertex 84.25279558154577 -9.833355349529402 -2
vertex 84.20241698574196 -9.739103626009538 -3.45
vertex 84.22675039050026 -9.78462822432259 -3.45
endloop
endfacet
facet normal -0.8819212643490006 -0.4713967368247895 5.803370547281782e-14
outer loop
vertex 84.25279558154577 -9.833355349529402 -2
vertex 84.22675039050026 -9.78462822432259 -3.45
vertex 84.23496677577917 -9.799999999999988 -3.45
endloop
endfacet
facet normal -0.8819212643490006 -0.4713967368247895 5.803370547281782e-14
outer loop
vertex 84.25279558154577 -9.833355349529402 -2
vertex 84.23496677577917 -9.799999999999988 -3.45
vertex 84.25279558154618 -9.833355349529427 -3.45
endloop
endfacet
facet normal -0.7730104533627284 -0.6343932841636561 0
outer loop
vertex 84.43933982821821 -10.060660171777922 -2
vertex 84.25279558154577 -9.833355349529402 -2
vertex 84.25279558154618 -9.833355349529427 -3.45
endloop
endfacet
facet normal -0.7730104533627284 -0.6343932841636561 0
outer loop
vertex 84.43933982821821 -10.060660171777922 -2
vertex 84.25279558154618 -9.833355349529427 -3.45
vertex 84.43933982822014 -10.060660171779752 -3.45
endloop
endfacet
facet normal -0.6343932841636442 -0.7730104533627382 0
outer loop
vertex 84.66664465047128 -10.247204418454098 -2
vertex 84.43933982821821 -10.060660171777922 -2
vertex 84.43933982822014 -10.060660171779752 -3.45
endloop
endfacet
facet normal -0.6343932841636442 -0.7730104533627382 0
outer loop
vertex 84.66664465047128 -10.247204418454098 -2
vertex 84.43933982822014 -10.060660171779752 -3.45
vertex 84.66664465047062 -10.247204418453826 -3.45
endloop
endfacet
facet normal -0.47139673682600136 -0.8819212643483529 0
outer loop
vertex 84.92597485145308 -10.385819298767228 -2
vertex 84.66664465047128 -10.247204418454098 -2
vertex 84.66664465047062 -10.247204418453826 -3.45
endloop
endfacet
facet normal -0.47139673682600136 -0.8819212643483529 0
outer loop
vertex 84.92597485145308 -10.385819298767228 -2
vertex 84.66664465047062 -10.247204418453826 -3.45
vertex 84.92597485145238 -10.385819298766933 -3.45
endloop
endfacet
facet normal -0.29028467725447094 -0.9569403357322064 0
outer loop
vertex 85.20736451697476 -10.471177920604612 -2
vertex 84.92597485145308 -10.385819298767228 -2
vertex 84.92597485145238 -10.385819298766933 -3.45
endloop
endfacet
facet normal -0.29028467725447094 -0.9569403357322064 0
outer loop
vertex 85.20736451697476 -10.471177920604612 -2
vertex 84.92597485145238 -10.385819298766933 -3.45
vertex 85.2073645169758 -10.471177920604845 -3.45
endloop
endfacet
facet normal -0.09801714032955978 -0.995184726672197 0
outer loop
vertex 85.50000000000126 -10.499999999999993 -2
vertex 85.20736451697476 -10.471177920604612 -2
vertex 85.2073645169758 -10.471177920604845 -3.45
endloop
endfacet
facet normal -0.09801714032955978 -0.995184726672197 0
outer loop
vertex 85.50000000000126 -10.499999999999993 -2
vertex 85.2073645169758 -10.471177920604845 -3.45
vertex 85.5 -10.5 -3.45
endloop
endfacet
facet normal 0.09801714032955999 -0.9951847266721969 0
outer loop
vertex 85.79263548302315 -10.471177920604612 -2
vertex 85.50000000000126 -10.499999999999993 -2
vertex 85.5 -10.5 -3.45
endloop
endfacet
facet normal 0.09801714032955999 -0.9951847266721969 0
outer loop
vertex 85.79263548302315 -10.471177920604612 -2
vertex 85.5 -10.5 -3.45
vertex 85.79263548302423 -10.471177920604845 -3.45
endloop
endfacet
facet normal 0.2902846772544689 -0.9569403357322068 0
outer loop
vertex 86.07402514854823 -10.385819298767228 -2
vertex 85.79263548302315 -10.471177920604612 -2
vertex 85.79263548302423 -10.471177920604845 -3.45
endloop
endfacet
facet normal 0.2902846772544689 -0.9569403357322068 0
outer loop
vertex 86.07402514854823 -10.385819298767228 -2
vertex 85.79263548302423 -10.471177920604845 -3.45
vertex 86.07402514854762 -10.385819298766933 -3.45
endloop
endfacet
facet normal 0.4713967368259944 -0.8819212643483568 0
outer loop
vertex 86.3333553495295 -10.247204418454098 -2
vertex 86.07402514854823 -10.385819298767228 -2
vertex 86.07402514854762 -10.385819298766933 -3.45
endloop
endfacet
facet normal 0.4713967368259944 -0.8819212643483568 0
outer loop
vertex 86.3333553495295 -10.247204418454098 -2
vertex 86.07402514854762 -10.385819298766933 -3.45
vertex 86.33335534952938 -10.247204418453826 -3.45
endloop
endfacet
facet normal 0.6343932841636518 -0.7730104533627319 0
outer loop
vertex 86.56066017178001 -10.060660171777922 -2
vertex 86.3333553495295 -10.247204418454098 -2
vertex 86.33335534952938 -10.247204418453826 -3.45
endloop
endfacet
facet normal 0.6343932841636518 -0.7730104533627319 0
outer loop
vertex 86.56066017178001 -10.060660171777922 -2
vertex 86.33335534952938 -10.247204418453826 -3.45
vertex 86.5606601717799 -10.060660171779752 -3.45
endloop
endfacet
facet normal 0.7730104533627284 -0.6343932841636561 0
outer loop
vertex 86.74720441845314 -9.833355349529402 -2
vertex 86.56066017178001 -10.060660171777922 -2
vertex 86.5606601717799 -10.060660171779752 -3.45
endloop
endfacet
facet normal 0.7730104533627284 -0.6343932841636561 0
outer loop
vertex 86.74720441845314 -9.833355349529402 -2
vertex 86.5606601717799 -10.060660171779752 -3.45
vertex 86.74720441845382 -9.833355349529427 -3.45
endloop
endfacet
facet normal 0.8819212643476345 -0.47139673682734556 4.2296578946612416e-13
outer loop
vertex 86.88581929876702 -9.574025148547149 -2
vertex 86.74720441845314 -9.833355349529402 -2
vertex 86.74720441845382 -9.833355349529427 -3.45
endloop
endfacet
facet normal 0.8819212643476345 -0.47139673682734556 4.2296578946612416e-13
outer loop
vertex 86.88581929876702 -9.574025148547149 -2
vertex 86.74720441845382 -9.833355349529427 -3.45
vertex 86.76503322422083 -9.799999999999988 -3.45
endloop
endfacet
facet normal 0.8819212643476345 -0.47139673682734556 4.2296578946612416e-13
outer loop
vertex 86.88581929876702 -9.574025148547149 -2
vertex 86.76503322422083 -9.799999999999988 -3.45
vertex 86.77324960949974 -9.78462822432259 -3.45
endloop
endfacet
facet normal 0.8819212643476345 -0.47139673682734556 4.2296578946612416e-13
outer loop
vertex 86.88581929876702 -9.574025148547149 -2
vertex 86.77324960949974 -9.78462822432259 -3.45
vertex 86.79758301425802 -9.739103626009538 -3.45
endloop
endfacet
facet normal 0.8819212643476345 -0.47139673682734556 4.2296578946612416e-13
outer loop
vertex 86.88581929876702 -9.574025148547149 -2
vertex 86.79758301425802 -9.739103626009538 -3.45
vertex 86.83709831939714 -9.665175689841504 -3.45
endloop
endfacet
facet normal 0.8819212643476345 -0.47139673682734556 4.2296578946612416e-13
outer loop
vertex 86.88581929876702 -9.574025148547149 -2
vertex 86.83709831939714 -9.665175689841504 -3.45
vertex 86.88581929876689 -9.574025148547726 -3.45
endloop
endfacet
facet normal 0.9569403357322126 -0.2902846772544499 3.1173180828372086e-14
outer loop
vertex 86.97117792060442 -9.292635483025391 -2
vertex 86.88581929876702 -9.574025148547149 -2
vertex 86.88581929876689 -9.574025148547726 -3.45
endloop
endfacet
facet normal 0.9569403357322126 -0.2902846772544499 3.1173180828372086e-14
outer loop
vertex 86.97117792060442 -9.292635483025391 -2
vertex 86.88581929876689 -9.574025148547726 -3.45
vertex 86.88834912626268 -9.565685424949969 -3.45
endloop
endfacet
facet normal 0.9569403357322126 -0.2902846772544499 3.1173180828372086e-14
outer loop
vertex 86.97117792060442 -9.292635483025391 -2
vertex 86.88834912626268 -9.565685424949969 -3.45
vertex 86.92512361372809 -9.444456186415422 -3.45
endloop
endfacet
facet normal 0.9569403357322126 -0.2902846772544499 3.1173180828372086e-14
outer loop
vertex 86.97117792060442 -9.292635483025391 -2
vertex 86.92512361372809 -9.444456186415422 -3.45
vertex 86.96707932382255 -9.306146745889347 -3.45
endloop
endfacet
facet normal 0.9569403357322126 -0.2902846772544499 3.1173180828372086e-14
outer loop
vertex 86.97117792060442 -9.292635483025391 -2
vertex 86.96707932382255 -9.306146745889347 -3.45
vertex 86.97117792060483 -9.292635483024213 -3.45
endloop
endfacet
facet normal 0.9951847266721926 -0.09801714032960374 -1.6718459235168765e-13
outer loop
vertex 64.50000000000026 31.500000000000043 -2
vertex 64.47117792060524 31.207364516977414 -2
vertex 64.47117792060484 31.207364516975847 -3.45
endloop
endfacet
facet normal 0.9951847266721926 -0.09801714032960374 -1.6718459235168765e-13
outer loop
vertex 64.50000000000026 31.500000000000043 -2
vertex 64.47117792060484 31.207364516975847 -3.45
vertex 64.48462822432258 31.34392774238739 -3.45
endloop
endfacet
facet normal 0.9951847266721926 -0.09801714032960374 -1.6718459235168765e-13
outer loop
vertex 64.50000000000026 31.500000000000043 -2
vertex 64.48462822432258 31.34392774238739 -3.45
vertex 64.5 31.500000000000384 -3.45
endloop
endfacet
facet normal 0.9951847266721469 0.09801714033006886 -1.525052871527716e-13
outer loop
vertex 64.47117792060497 31.79263548302401 -2
vertex 64.50000000000026 31.500000000000043 -2
vertex 64.5 31.500000000000384 -3.45
endloop
endfacet
facet normal 0.9951847266721469 0.09801714033006886 -1.525052871527716e-13
outer loop
vertex 64.47117792060497 31.79263548302401 -2
vertex 64.5 31.500000000000384 -3.45
vertex 64.48462822432259 31.656072257612998 -3.45
endloop
endfacet
facet normal 0.9951847266721469 0.09801714033006886 -1.525052871527716e-13
outer loop
vertex 64.47117792060497 31.79263548302401 -2
vertex 64.48462822432259 31.656072257612998 -3.45
vertex 64.47117792060484 31.792635483024203 -3.45
endloop
endfacet
facet normal 0.9569403357321987 0.2902846772544959 -4.5998953594820975e-14
outer loop
vertex 64.38581929876706 32.074025148547406 -2
vertex 64.47117792060497 31.79263548302401 -2
vertex 64.47117792060484 31.792635483024203 -3.45
endloop
endfacet
facet normal 0.9569403357321987 0.2902846772544959 -4.5998953594820975e-14
outer loop
vertex 64.38581929876706 32.074025148547406 -2
vertex 64.47117792060484 31.792635483024203 -3.45
vertex 64.4670793238225 31.806146745891823 -3.45
endloop
endfacet
facet normal 0.9569403357321987 0.2902846772544959 -4.5998953594820975e-14
outer loop
vertex 64.38581929876706 32.074025148547406 -2
vertex 64.4670793238225 31.806146745891823 -3.45
vertex 64.42512361372813 31.944456186415437 -3.45
endloop
endfacet
facet normal 0.9569403357321987 0.2902846772544959 -4.5998953594820975e-14
outer loop
vertex 64.38581929876706 32.074025148547406 -2
vertex 64.42512361372813 31.944456186415437 -3.45
vertex 64.3883491262627 32.06568542494879 -3.45
endloop
endfacet
facet normal 0.9569403357321987 0.2902846772544959 -4.5998953594820975e-14
outer loop
vertex 64.38581929876706 32.074025148547406 -2
vertex 64.3883491262627 32.06568542494879 -3.45
vertex 64.38581929876693 32.07402514854764 -3.45
endloop
endfacet
facet normal 0.8819212643483598 0.4713967368259885 -1.5623207306211364e-15
outer loop
vertex 64.2472044184539 32.33335534952926 -2
vertex 64.38581929876706 32.074025148547406 -2
vertex 64.38581929876693 32.07402514854764 -3.45
endloop
endfacet
facet normal 0.8819212643483598 0.4713967368259885 -1.5623207306211364e-15
outer loop
vertex 64.2472044184539 32.33335534952926 -2
vertex 64.38581929876693 32.07402514854764 -3.45
vertex 64.33709831939716 32.16517568984233 -3.45
endloop
endfacet
facet normal 0.8819212643483598 0.4713967368259885 -1.5623207306211364e-15
outer loop
vertex 64.2472044184539 32.33335534952926 -2
vertex 64.33709831939716 32.16517568984233 -3.45
vertex 64.29758301425802 32.239103626008884 -3.45
endloop
endfacet
facet normal 0.8819212643483598 0.4713967368259885 -1.5623207306211364e-15
outer loop
vertex 64.2472044184539 32.33335534952926 -2
vertex 64.29758301425802 32.239103626008884 -3.45
vertex 64.27324960949974 32.28462822432273 -3.45
endloop
endfacet
facet normal 0.8819212643483598 0.4713967368259885 -1.5623207306211364e-15
outer loop
vertex 64.2472044184539 32.33335534952926 -2
vertex 64.27324960949974 32.28462822432273 -3.45
vertex 64.26503322422083 32.3 -3.45
endloop
endfacet
facet normal 0.8819212643483598 0.4713967368259885 -1.5623207306211364e-15
outer loop
vertex 64.2472044184539 32.33335534952926 -2
vertex 64.26503322422083 32.3 -3.45
vertex 64.24720441845383 32.33335534952939 -3.45
endloop
endfacet
facet normal 0.7730104533627256 0.6343932841636596 0
outer loop
vertex 64.06066017177947 32.560660171780206 -2
vertex 64.2472044184539 32.33335534952926 -2
vertex 64.24720441845383 32.33335534952939 -3.45
endloop
endfacet
facet normal 0.7730104533627256 0.6343932841636596 0
outer loop
vertex 64.06066017177947 32.560660171780206 -2
vertex 64.24720441845383 32.33335534952939 -3.45
vertex 64.06066017177984 32.560660171779794 -3.45
endloop
endfacet
facet normal 0.6343932841636561 0.7730104533627283 0
outer loop
vertex 63.83335534952978 32.74720441845361 -2
vertex 64.06066017177947 32.560660171780206 -2
vertex 64.06066017177984 32.560660171779794 -3.45
endloop
endfacet
facet normal 0.6343932841636561 0.7730104533627283 0
outer loop
vertex 63.83335534952978 32.74720441845361 -2
vertex 64.06066017177984 32.560660171779794 -3.45
vertex 63.833355349529384 32.747204418453826 -3.45
endloop
endfacet
facet normal 0.4713967368259944 0.8819212643483568 0
outer loop
vertex 63.57402514854862 32.8858192987664 -2
vertex 63.83335534952978 32.74720441845361 -2
vertex 63.833355349529384 32.747204418453826 -3.45
endloop
endfacet
facet normal 0.4713967368259944 0.8819212643483568 0
outer loop
vertex 63.57402514854862 32.8858192987664 -2
vertex 63.833355349529384 32.747204418453826 -3.45
vertex 63.574025148547655 32.88581929876692 -3.45
endloop
endfacet
facet normal 0.29028467725446194 0.9569403357322092 0
outer loop
vertex 63.29263548302384 32.971177920604724 -2
vertex 63.57402514854862 32.8858192987664 -2
vertex 63.574025148547655 32.88581929876692 -3.45
endloop
endfacet
facet normal 0.29028467725446194 0.9569403357322092 0
outer loop
vertex 63.29263548302384 32.971177920604724 -2
vertex 63.574025148547655 32.88581929876692 -3.45
vertex 63.29263548302415 32.97117792060485 -3.45
endloop
endfacet
facet normal 0.09801714032956714 0.9951847266721963 0
outer loop
vertex 62.999999999999226 32.99999999999992 -2
vertex 63.29263548302384 32.971177920604724 -2
vertex 63.29263548302415 32.97117792060485 -3.45
endloop
endfacet
facet normal 0.09801714032956714 0.9951847266721963 0
outer loop
vertex 62.999999999999226 32.99999999999992 -2
vertex 63.29263548302415 32.97117792060485 -3.45
vertex 63.000000000000014 33 -3.45
endloop
endfacet
facet normal -0.09801714032956355 0.9951847266721967 0
outer loop
vertex 62.7073645169746 32.971177920604724 -2
vertex 62.999999999999226 32.99999999999992 -2
vertex 63.000000000000014 33 -3.45
endloop
endfacet
facet normal -0.09801714032956355 0.9951847266721967 0
outer loop
vertex 62.7073645169746 32.971177920604724 -2
vertex 63.000000000000014 33 -3.45
vertex 62.707364516975815 32.97117792060485 -3.45
endloop
endfacet
facet normal -0.2902846772544513 0.9569403357322122 0
outer loop
vertex 62.42597485145129 32.8858192987664 -2
vertex 62.7073645169746 32.971177920604724 -2
vertex 62.707364516975815 32.97117792060485 -3.45
endloop
endfacet
facet normal -0.2902846772544513 0.9569403357322122 0
outer loop
vertex 62.42597485145129 32.8858192987664 -2
vertex 62.707364516975815 32.97117792060485 -3.45
vertex 62.42597485145236 32.88581929876692 -3.45
endloop
endfacet
facet normal -0.47139673682600014 0.8819212643483538 0
outer loop
vertex 62.16664465046948 32.74720441845361 -2
vertex 62.42597485145129 32.8858192987664 -2
vertex 62.42597485145236 32.88581929876692 -3.45
endloop
endfacet
facet normal -0.47139673682600014 0.8819212643483538 0
outer loop
vertex 62.16664465046948 32.74720441845361 -2
vertex 62.42597485145236 32.88581929876692 -3.45
vertex 62.16664465047057 32.747204418453826 -3.45
endloop
endfacet
facet normal -0.6343932841636443 0.773010453362738 0
outer loop
vertex 61.93933982822163 32.560660171780206 -2
vertex 62.16664465046948 32.74720441845361 -2
vertex 62.16664465047057 32.747204418453826 -3.45
endloop
endfacet
facet normal -0.6343932841636443 0.773010453362738 0
outer loop
vertex 61.93933982822163 32.560660171780206 -2
vertex 62.16664465047057 32.747204418453826 -3.45
vertex 61.93933982822018 32.560660171779794 -3.45
endloop
endfacet
facet normal -0.773010453362735 0.6343932841636479 0
outer loop
vertex 61.75279558154604 32.33335534952926 -2
vertex 61.93933982822163 32.560660171780206 -2
vertex 61.93933982822018 32.560660171779794 -3.45
endloop
endfacet
facet normal -0.773010453362735 0.6343932841636479 0
outer loop
vertex 61.75279558154604 32.33335534952926 -2
vertex 61.93933982822018 32.560660171779794 -3.45
vertex 61.752795581546174 32.33335534952939 -3.45
endloop
endfacet
facet normal -0.8819212643476969 0.471396736827229 -4.0522693950455264e-14
outer loop
vertex 61.614180701232414 32.074025148547406 -2
vertex 61.75279558154604 32.33335534952926 -2
vertex 61.752795581546174 32.33335534952939 -3.45
endloop
endfacet
facet normal -0.8819212643476969 0.471396736827229 -4.0522693950455264e-14
outer loop
vertex 61.614180701232414 32.074025148547406 -2
vertex 61.752795581546174 32.33335534952939 -3.45
vertex 61.734966775779185 32.3 -3.45
endloop
endfacet
facet normal -0.8819212643476969 0.471396736827229 -4.0522693950455264e-14
outer loop
vertex 61.614180701232414 32.074025148547406 -2
vertex 61.734966775779185 32.3 -3.45
vertex 61.72675039050027 32.28462822432273 -3.45
endloop
endfacet
facet normal -0.8819212643476969 0.471396736827229 -4.0522693950455264e-14
outer loop
vertex 61.614180701232414 32.074025148547406 -2
vertex 61.72675039050027 32.28462822432273 -3.45
vertex 61.702416985741976 32.239103626008884 -3.45
endloop
endfacet
facet normal -0.8819212643476969 0.471396736827229 -4.0522693950455264e-14
outer loop
vertex 61.614180701232414 32.074025148547406 -2
vertex 61.702416985741976 32.239103626008884 -3.45
vertex 61.66290168060285 32.16517568984233 -3.45
endloop
endfacet
facet normal -0.8819212643476969 0.471396736827229 -4.0522693950455264e-14
outer loop
vertex 61.614180701232414 32.074025148547406 -2
vertex 61.66290168060285 32.16517568984233 -3.45
vertex 61.61418070123308 32.07402514854764 -3.45
endloop
endfacet
facet normal -0.9569403357328767 0.29028467725226104 -3.9385129168549484e-13
outer loop
vertex 61.52882207939522 31.79263548302401 -2
vertex 61.614180701232414 32.074025148547406 -2
vertex 61.61418070123308 32.07402514854764 -3.45
endloop
endfacet
facet normal -0.9569403357328767 0.29028467725226104 -3.9385129168549484e-13
outer loop
vertex 61.52882207939522 31.79263548302401 -2
vertex 61.61418070123308 32.07402514854764 -3.45
vertex 61.61165087373732 32.06568542494879 -3.45
endloop
endfacet
facet normal -0.9569403357328767 0.29028467725226104 -3.9385129168549484e-13
outer loop
vertex 61.52882207939522 31.79263548302401 -2
vertex 61.61165087373732 32.06568542494879 -3.45
vertex 61.57487638627188 31.944456186415437 -3.45
endloop
endfacet
facet normal -0.9569403357328767 0.29028467725226104 -3.9385129168549484e-13
outer loop
vertex 61.52882207939522 31.79263548302401 -2
vertex 61.57487638627188 31.944456186415437 -3.45
vertex 61.5329206761775 31.806146745891823 -3.45
endloop
endfacet
facet normal -0.9569403357328767 0.29028467725226104 -3.9385129168549484e-13
outer loop
vertex 61.52882207939522 31.79263548302401 -2
vertex 61.5329206761775 31.806146745891823 -3.45
vertex 61.52882207939515 31.792635483024203 -3.45
endloop
endfacet
facet normal -0.9951847266722105 0.0980171403294227 6.173608012101974e-14
outer loop
vertex 61.50000000000013 31.500000000000043 -2
vertex 61.52882207939522 31.79263548302401 -2
vertex 61.52882207939515 31.792635483024203 -3.45
endloop
endfacet
facet normal -0.9951847266722105 0.0980171403294227 6.173608012101974e-14
outer loop
vertex 61.50000000000013 31.500000000000043 -2
vertex 61.52882207939515 31.792635483024203 -3.45
vertex 61.5153717756774 31.656072257612998 -3.45
endloop
endfacet
facet normal -0.9951847266722105 0.0980171403294227 6.173608012101974e-14
outer loop
vertex 61.50000000000013 31.500000000000043 -2
vertex 61.5153717756774 31.656072257612998 -3.45
vertex 61.5 31.500000000000384 -3.45
endloop
endfacet
facet normal -0.9951847266722398 -0.0980171403291251 6.472645964477574e-14
outer loop
vertex 61.528822079395 31.207364516977414 -2
vertex 61.50000000000013 31.500000000000043 -2
vertex 61.5 31.500000000000384 -3.45
endloop
endfacet
facet normal -0.9951847266722398 -0.0980171403291251 6.472645964477574e-14
outer loop
vertex 61.528822079395 31.207364516977414 -2
vertex 61.5 31.500000000000384 -3.45
vertex 61.51537177567742 31.34392774238739 -3.45
endloop
endfacet
facet normal -0.9951847266722398 -0.0980171403291251 6.472645964477574e-14
outer loop
vertex 61.528822079395 31.207364516977414 -2
vertex 61.51537177567742 31.34392774238739 -3.45
vertex 61.52882207939516 31.207364516975847 -3.45
endloop
endfacet
facet normal -0.9569403357324765 -0.29028467725357987 2.0580320790892993e-13
outer loop
vertex 61.61418070123345 30.92597485145127 -2
vertex 61.528822079395 31.207364516977414 -2
vertex 61.52882207939516 31.207364516975847 -3.45
endloop
endfacet
facet normal -0.9569403357324765 -0.29028467725357987 2.0580320790892993e-13
outer loop
vertex 61.61418070123345 30.92597485145127 -2
vertex 61.52882207939516 31.207364516975847 -3.45
vertex 61.532920676177476 31.19385325410779 -3.45
endloop
endfacet
facet normal -0.9569403357324765 -0.29028467725357987 2.0580320790892993e-13
outer loop
vertex 61.61418070123345 30.92597485145127 -2
vertex 61.532920676177476 31.19385325410779 -3.45
vertex 61.574876386271896 31.055543813583906 -3.45
endloop
endfacet
facet normal -0.9569403357324765 -0.29028467725357987 2.0580320790892993e-13
outer loop
vertex 61.61418070123345 30.92597485145127 -2
vertex 61.574876386271896 31.055543813583906 -3.45
vertex 61.611650873737275 30.93431457505133 -3.45
endloop
endfacet
facet normal -0.9569403357324765 -0.29028467725357987 2.0580320790892993e-13
outer loop
vertex 61.61418070123345 30.92597485145127 -2
vertex 61.611650873737275 30.93431457505133 -3.45
vertex 61.61418070123305 30.92597485145237 -3.45
endloop
endfacet
facet normal -0.8819212643480995 -0.47139673682647565 -1.1603486259763888e-13
outer loop
vertex 61.752795581546195 30.666644650470527 -2
vertex 61.61418070123345 30.92597485145127 -2
vertex 61.61418070123305 30.92597485145237 -3.45
endloop
endfacet
facet normal -0.8819212643480995 -0.47139673682647565 -1.1603486259763888e-13
outer loop
vertex 61.752795581546195 30.666644650470527 -2
vertex 61.61418070123305 30.92597485145237 -3.45
vertex 61.66290168060285 30.834824310157412 -3.45
endloop
endfacet
facet normal -0.8819212643480995 -0.47139673682647565 -1.1603486259763888e-13
outer loop
vertex 61.752795581546195 30.666644650470527 -2
vertex 61.66290168060285 30.834824310157412 -3.45
vertex 61.702416985741976 30.760896373990935 -3.45
endloop
endfacet
facet normal -0.8819212643480995 -0.47139673682647565 -1.1603486259763888e-13
outer loop
vertex 61.752795581546195 30.666644650470527 -2
vertex 61.702416985741976 30.760896373990935 -3.45
vertex 61.72675039050025 30.715371775677404 -3.45
endloop
endfacet
facet normal -0.8819212643480995 -0.47139673682647565 -1.1603486259763888e-13
outer loop
vertex 61.752795581546195 30.666644650470527 -2
vertex 61.72675039050025 30.715371775677404 -3.45
vertex 61.734966775779164 30.70000000000001 -3.45
endloop
endfacet
facet normal -0.8819212643480995 -0.47139673682647565 -1.1603486259763888e-13
outer loop
vertex 61.752795581546195 30.666644650470527 -2
vertex 61.734966775779164 30.70000000000001 -3.45
vertex 61.752795581546145 30.666644650470605 -3.45
endloop
endfacet
facet normal -0.7730104533627445 -0.6343932841636364 0
outer loop
vertex 61.9393398282197 30.439339828220703 -2
vertex 61.752795581546195 30.666644650470527 -2
vertex 61.752795581546145 30.666644650470605 -3.45
endloop
endfacet
facet normal -0.7730104533627445 -0.6343932841636364 0
outer loop
vertex 61.9393398282197 30.439339828220703 -2
vertex 61.752795581546145 30.666644650470605 -3.45
vertex 61.939339828220206 30.439339828220177 -3.45
endloop
endfacet
facet normal -0.6343932841636442 -0.7730104533627382 0
outer loop
vertex 62.166644650471326 30.25279558154572 -2
vertex 61.9393398282197 30.439339828220703 -2
vertex 61.939339828220206 30.439339828220177 -3.45
endloop
endfacet
facet normal -0.6343932841636442 -0.7730104533627382 0
outer loop
vertex 62.166644650471326 30.25279558154572 -2
vertex 61.939339828220206 30.439339828220177 -3.45
vertex 62.16664465047059 30.252795581546167 -3.45
endloop
endfacet
facet normal -0.47139673682598743 -0.8819212643483606 0
outer loop
vertex 62.42597485145173 30.11418070123334 -2
vertex 62.166644650471326 30.25279558154572 -2
vertex 62.16664465047059 30.252795581546167 -3.45
endloop
endfacet
facet normal -0.47139673682598743 -0.8819212643483606 0
outer loop
vertex 62.42597485145173 30.11418070123334 -2
vertex 62.16664465047059 30.252795581546167 -3.45
vertex 62.42597485145238 30.114180701233057 -3.45
endloop
endfacet
facet normal -0.29028467725446194 -0.956940335732209 0
outer loop
vertex 62.707364516977165 30.02882207939482 -2
vertex 62.42597485145173 30.11418070123334 -2
vertex 62.42597485145238 30.114180701233057 -3.45
endloop
endfacet
facet normal -0.29028467725446194 -0.956940335732209 0
outer loop
vertex 62.707364516977165 30.02882207939482 -2
vertex 62.42597485145238 30.114180701233057 -3.45
vertex 62.70736451697577 30.02882207939516 -3.45
endloop
endfacet
facet normal -0.0980171403295671 -0.9951847266721963 0
outer loop
vertex 62.999999999999005 29.999999999999897 -2
vertex 62.707364516977165 30.02882207939482 -2
vertex 62.70736451697577 30.02882207939516 -3.45
endloop
endfacet
facet normal -0.0980171403295671 -0.9951847266721963 0
outer loop
vertex 62.999999999999005 29.999999999999897 -2
vertex 62.70736451697577 30.02882207939516 -3.45
vertex 63 30 -3.45
endloop
endfacet
facet normal 0.09801714032956355 -0.9951847266721967 0
outer loop
vertex 63.29263548302435 30.02882207939482 -2
vertex 62.999999999999005 29.999999999999897 -2
vertex 63 30 -3.45
endloop
endfacet
facet normal 0.09801714032956355 -0.9951847266721967 0
outer loop
vertex 63.29263548302435 30.02882207939482 -2
vertex 63 30 -3.45
vertex 63.292635483024185 30.02882207939516 -3.45
endloop
endfacet
facet normal 0.2902846772544603 -0.9569403357322095 0
outer loop
vertex 63.57402514854786 30.11418070123334 -2
vertex 63.29263548302435 30.02882207939482 -2
vertex 63.292635483024185 30.02882207939516 -3.45
endloop
endfacet
facet normal 0.2902846772544603 -0.9569403357322095 0
outer loop
vertex 63.57402514854786 30.11418070123334 -2
vertex 63.292635483024185 30.02882207939516 -3.45
vertex 63.57402514854764 30.114180701233057 -3.45
endloop
endfacet
facet normal 0.47139673682598593 -0.8819212643483614 0
outer loop
vertex 63.833355349529974 30.25279558154572 -2
vertex 63.57402514854786 30.11418070123334 -2
vertex 63.57402514854764 30.114180701233057 -3.45
endloop
endfacet
facet normal 0.47139673682598593 -0.8819212643483614 0
outer loop
vertex 63.833355349529974 30.25279558154572 -2
vertex 63.57402514854764 30.114180701233057 -3.45
vertex 63.833355349529384 30.252795581546167 -3.45
endloop
endfacet
facet normal 0.6343932841636559 -0.7730104533627284 0
outer loop
vertex 64.06066017177913 30.439339828220703 -2
vertex 63.833355349529974 30.25279558154572 -2
vertex 63.833355349529384 30.252795581546167 -3.45
endloop
endfacet
facet normal 0.6343932841636559 -0.7730104533627284 0
outer loop
vertex 64.06066017177913 30.439339828220703 -2
vertex 63.833355349529384 30.252795581546167 -3.45
vertex 64.06066017177982 30.439339828220177 -3.45
endloop
endfacet
facet normal 0.7730104533627284 -0.6343932841636561 0
outer loop
vertex 64.24720441845433 30.666644650470527 -2
vertex 64.06066017177913 30.439339828220703 -2
vertex 64.06066017177982 30.439339828220177 -3.45
endloop
endfacet
facet normal 0.7730104533627284 -0.6343932841636561 0
outer loop
vertex 64.24720441845433 30.666644650470527 -2
vertex 64.06066017177982 30.439339828220177 -3.45
vertex 64.24720441845382 30.666644650470605 -3.45
endloop
endfacet
facet normal 0.8819212643488832 -0.4713967368250097 -3.365661982305613e-13
outer loop
vertex 64.38581929876652 30.92597485145127 -2
vertex 64.24720441845433 30.666644650470527 -2
vertex 64.24720441845382 30.666644650470605 -3.45
endloop
endfacet
facet normal 0.8819212643488832 -0.4713967368250097 -3.365661982305613e-13
outer loop
vertex 64.38581929876652 30.92597485145127 -2
vertex 64.24720441845382 30.666644650470605 -3.45
vertex 64.26503322422082 30.70000000000001 -3.45
endloop
endfacet
facet normal 0.8819212643488832 -0.4713967368250097 -3.365661982305613e-13
outer loop
vertex 64.38581929876652 30.92597485145127 -2
vertex 64.26503322422082 30.70000000000001 -3.45
vertex 64.27324960949973 30.715371775677404 -3.45
endloop
endfacet
facet normal 0.8819212643488832 -0.4713967368250097 -3.365661982305613e-13
outer loop
vertex 64.38581929876652 30.92597485145127 -2
vertex 64.27324960949973 30.715371775677404 -3.45
vertex 64.29758301425801 30.760896373990935 -3.45
endloop
endfacet
facet normal 0.8819212643488832 -0.4713967368250097 -3.365661982305613e-13
outer loop
vertex 64.38581929876652 30.92597485145127 -2
vertex 64.29758301425801 30.760896373990935 -3.45
vertex 64.33709831939713 30.834824310157412 -3.45
endloop
endfacet
facet normal 0.8819212643488832 -0.4713967368250097 -3.365661982305613e-13
outer loop
vertex 64.38581929876652 30.92597485145127 -2
vertex 64.33709831939713 30.834824310157412 -3.45
vertex 64.38581929876693 30.92597485145237 -3.45
endloop
endfacet
facet normal 0.9569403357322215 -0.2902846772544208 5.149962450005023e-14
outer loop
vertex 64.47117792060524 31.207364516977414 -2
vertex 64.38581929876652 30.92597485145127 -2
vertex 64.38581929876693 30.92597485145237 -3.45
endloop
endfacet
facet normal 0.9569403357322215 -0.2902846772544208 5.149962450005023e-14
outer loop
vertex 64.47117792060524 31.207364516977414 -2
vertex 64.38581929876693 30.92597485145237 -3.45
vertex 64.38834912626271 30.93431457505133 -3.45
endloop
endfacet
facet normal 0.9569403357322215 -0.2902846772544208 5.149962450005023e-14
outer loop
vertex 64.47117792060524 31.207364516977414 -2
vertex 64.38834912626271 30.93431457505133 -3.45
vertex 64.42512361372809 31.055543813583906 -3.45
endloop
endfacet
facet normal 0.9569403357322215 -0.2902846772544208 5.149962450005023e-14
outer loop
vertex 64.47117792060524 31.207364516977414 -2
vertex 64.42512361372809 31.055543813583906 -3.45
vertex 64.46707932382253 31.19385325410779 -3.45
endloop
endfacet
facet normal 0.9569403357322215 -0.2902846772544208 5.149962450005023e-14
outer loop
vertex 64.47117792060524 31.207364516977414 -2
vertex 64.46707932382253 31.19385325410779 -3.45
vertex 64.47117792060484 31.207364516975847 -3.45
endloop
endfacet
facet normal 0 0 -1
outer loop
vertex 59.507760504368726 52.50000124726941 -5.45
vertex 7.162230078336771 52.50000124726941 -5.45
vertex 7.162284149999992 52.500004150000024 -5.45
endloop
endfacet
facet normal 0 0 1
outer loop
vertex 59.507760504368726 52.50000124726941 -5.45
vertex 78.7976429511687 52.50000124726941 -5.45
vertex 59.507760504368726 52.50000124726941 -5.45
endloop
endfacet
facet normal 0 0 1
outer loop
vertex 59.507760504368726 52.50000124726941 -5.45
vertex 59.507760504368726 52.50000124726941 -5.45
vertex 7.162284149999992 52.500004150000024 -5.45
endloop
endfacet
facet normal 0 0 1
outer loop
vertex 59.507760504368726 52.50000124726941 -5.45
vertex 7.162284149999992 52.500004150000024 -5.45
vertex 7.162230078336771 52.50000124726941 -5.45
endloop
endfacet
facet normal 0 0 1
outer loop
vertex 59.507760504368726 52.50000124726941 -5.45
vertex 7.162230078336771 52.50000124726941 -5.45
vertex 7.162206844374964 52.5 -5.45
endloop
endfacet
facet normal 0 0 1
outer loop
vertex 59.507760504368726 52.50000124726941 -5.45
vertex 7.162206844374964 52.5 -5.45
vertex 7.162230078336771 52.50000124726941 -5.45
endloop
endfacet
facet normal 6.075614366265527e-15 2.2674501502128038e-14 -1
outer loop
vertex 104.00000000000011 40.50000000000037 -5.450000000000002
vertex 104.4341204441673 40.462019382530535 -5.45
vertex 104.85505035831423 40.34923155196491 -5.45
endloop
endfacet
facet normal 6.075614366265527e-15 2.2674501502128038e-14 -1
outer loop
vertex 104.00000000000011 40.50000000000037 -5.450000000000002
vertex 104.85505035831423 40.34923155196491 -5.45
vertex 105.24999999999933 40.165063509460154 -5.45
endloop
endfacet
facet normal 6.075614366265527e-15 2.2674501502128038e-14 -1
outer loop
vertex 104.00000000000011 40.50000000000037 -5.450000000000002
vertex 105.24999999999933 40.165063509460154 -5.45
vertex 105.60696902421657 39.91511110779765 -5.450000000000002
endloop
endfacet
facet normal 6.075614366265527e-15 2.2674501502128038e-14 -1
outer loop
vertex 104.00000000000011 40.50000000000037 -5.450000000000002
vertex 105.60696902421657 39.91511110779765 -5.450000000000002
vertex 105.91511110779763 39.606969024216475 -5.45
endloop
endfacet
facet normal 6.075614366265527e-15 2.2674501502128038e-14 -1
outer loop
vertex 104.00000000000011 40.50000000000037 -5.450000000000002
vertex 105.91511110779763 39.606969024216475 -5.45
vertex 106.16506350946113 39.24999999999996 -5.450000000000002
endloop
endfacet
facet normal 6.075614366265527e-15 2.2674501502128038e-14 -1
outer loop
vertex 104.00000000000011 40.50000000000037 -5.450000000000002
vertex 106.16506350946113 39.24999999999996 -5.450000000000002
vertex 106.28164042399985 39 -5.45
endloop
endfacet
facet normal 6.075614366265527e-15 2.2674501502128038e-14 -1
outer loop
vertex 104.00000000000011 40.50000000000037 -5.450000000000002
vertex 106.28164042399985 39 -5.45
vertex 103.99999999999999 39 -5.45
endloop
endfacet
facet normal 6.075614366265527e-15 2.2674501502128038e-14 -1
outer loop
vertex 104.00000000000011 40.50000000000037 -5.450000000000002
vertex 103.99999999999999 39 -5.45
vertex 84.5 39 -5.45
endloop
endfacet
facet normal 6.075614366265527e-15 2.2674501502128038e-14 -1
outer loop
vertex 104.00000000000011 40.50000000000037 -5.450000000000002
vertex 84.5 39 -5.45
vertex 84.5 40.5 -5.45
endloop
endfacet
facet normal 0 0 -1
outer loop
vertex 106.28164042399985 39 -5.45
vertex 106.28872468511483 38.984807753012205 -5.45
vertex 104.17364817766692 38.984807753012205 -5.45
endloop
endfacet
facet normal 0 0 -1
outer loop
vertex 106.28164042399985 39 -5.45
vertex 104.17364817766692 38.984807753012205 -5.45
vertex 103.99999999999999 39 -5.45
endloop
endfacet
facet normal 0 0 -1
outer loop
vertex 106.28872468511483 38.984807753012205 -5.45
vertex 106.30976221677064 38.93969262078589 -5.45
vertex 104.3420201433257 38.93969262078589 -5.45
endloop
endfacet
facet normal 0 0 -1
outer loop
vertex 106.28872468511483 38.984807753012205 -5.45
vertex 104.3420201433257 38.93969262078589 -5.45
vertex 104.17364817766692 38.984807753012205 -5.45
endloop
endfacet
facet normal 0 0 -1
outer loop
vertex 106.30976221677064 38.93969262078589 -5.45
vertex 106.34411380421339 38.86602540378441 -5.45
vertex 104.50000000000006 38.86602540378441 -5.45
endloop
endfacet
facet normal 0 0 -1
outer loop
vertex 106.30976221677064 38.93969262078589 -5.45
vertex 104.50000000000006 38.86602540378441 -5.45
vertex 104.3420201433257 38.93969262078589 -5.45
endloop
endfacet
facet normal 0 0 -1
outer loop
vertex 106.34411380421339 38.86602540378441 -5.45
vertex 106.34923155196466 38.85505035831423 -5.45
vertex 106.37308061506292 38.76604444311898 -5.45
endloop
endfacet
facet normal 0 0 -1
outer loop
vertex 106.34411380421339 38.86602540378441 -5.45
vertex 106.37308061506292 38.76604444311898 -5.45
vertex 104.64278760968655 38.76604444311898 -5.45
endloop
endfacet
facet normal 0 0 -1
outer loop
vertex 106.34411380421339 38.86602540378441 -5.45
vertex 104.64278760968655 38.76604444311898 -5.45
vertex 104.50000000000006 38.86602540378441 -5.45
endloop
endfacet
facet normal 0 0 -1
outer loop
vertex 106.37308061506292 38.76604444311898 -5.45
vertex 106.40610718404274 38.64278760968661 -5.45
vertex 104.76604444311891 38.64278760968661 -5.45
endloop
endfacet
facet normal 0 0 -1
outer loop
vertex 106.37308061506292 38.76604444311898 -5.45
vertex 104.76604444311891 38.64278760968661 -5.45
vertex 104.64278760968655 38.76604444311898 -5.45
endloop
endfacet
facet normal 0 0 -1
outer loop
vertex 106.40610718404274 38.64278760968661 -5.45
vertex 106.44436700874743 38.49999999999997 -5.45
vertex 104.86602540378445 38.49999999999997 -5.45
endloop
endfacet
facet normal 0 0 -1
outer loop
vertex 106.40610718404274 38.64278760968661 -5.45
vertex 104.86602540378445 38.49999999999997 -5.45
vertex 104.76604444311891 38.64278760968661 -5.45
endloop
endfacet
facet normal 0 0 -1
outer loop
vertex 106.44436700874743 38.49999999999997 -5.45
vertex 106.46201938253024 38.4341204441673 -5.45
vertex 106.4700771147615 38.342020143325655 -5.45
endloop
endfacet
facet normal 0 0 -1
outer loop
vertex 106.44436700874743 38.49999999999997 -5.45
vertex 106.4700771147615 38.342020143325655 -5.45
vertex 104.9396926207859 38.342020143325655 -5.45
endloop
endfacet
facet normal 0 0 -1
outer loop
vertex 106.44436700874743 38.49999999999997 -5.45
vertex 104.9396926207859 38.342020143325655 -5.45
vertex 104.86602540378445 38.49999999999997 -5.45
endloop
endfacet
facet normal 0 0 -1
outer loop
vertex 106.4700771147615 38.342020143325655 -5.45
vertex 106.4848077530122 38.17364817766693 -5.45
vertex 104.9848077530122 38.17364817766693 -5.45
endloop
endfacet
facet normal 0 0 -1
outer loop
vertex 106.4700771147615 38.342020143325655 -5.45
vertex 104.9848077530122 38.17364817766693 -5.45
vertex 104.9396926207859 38.342020143325655 -5.45
endloop
endfacet
facet normal 0 0 -1
outer loop
vertex 106.4848077530122 38.17364817766693 -5.45
vertex 106.5 38 -5.45
vertex 105 38 -5.45
endloop
endfacet
facet normal 0 0 -1
outer loop
vertex 106.4848077530122 38.17364817766693 -5.45
vertex 105 38 -5.45
vertex 104.9848077530122 38.17364817766693 -5.45
endloop
endfacet
facet normal 0 0 -1
outer loop
vertex 106.5 38 -5.45
vertex 106.49999991671793 -15.71902574168488 -5.45
vertex 105.0000000614961 -14.668714512174475 -5.45
endloop
endfacet
facet normal 0 0 -1
outer loop
vertex 106.5 38 -5.45
vertex 105.0000000614961 -14.668714512174475 -5.45
vertex 105 38 -5.45
endloop
endfacet
facet normal 0 0 -1
outer loop
vertex 107.88215685970172 -18.53653753898445 -5.45
vertex 107.91180155315128 -18.571866671431412 -5.45
vertex 107.87589804686017 -18.531285764289127 -5.45
endloop
endfacet
facet normal 0 0 -1
outer loop
vertex 107.99420142892448 -18.670066915254363 -5.45
vertex 108.0185000044174 -18.71215311589197 -5.45
vertex 107.98376098721882 -18.657624494540794 -5.45
endloop
endfacet
facet normal 0 0 -1
outer loop
vertex 108.08135683655074 -18.821023911604954 -5.45
vertex 108.09664245976121 -18.86302043632012 -5.45
vertex 108.06930551707775 -18.800150496641375 -5.45
endloop
endfacet
facet normal 0 0 -1
outer loop
vertex 108.1409749457009 -18.984821838579883 -5.45
vertex 108.14768744869798 -19.022889422153817 -5.45
vertex 108.13015265784495 -18.95508811603818 -5.45
endloop
endfacet
facet normal 0 0 -1
outer loop
vertex 108.17124431499781 -19.15648384691596 -5.45
vertex 108.17124448247344 -19.188128836004392 -5.45
vertex 108.16453193925966 -19.11841698504596 -5.45
endloop
endfacet
facet normal 0 0 -1
outer loop
vertex 108.17124523750496 -19.33079414443404 -5.45
vertex 108.16705924107265 -19.35453501016913 -5.45
vertex 108.17124500096617 -19.28609947890407 -5.45
endloop
endfacet
facet normal 0 0 -1
outer loop
vertex 108.14097768519356 -19.502456473147074 -5.45
vertex 108.13542065777344 -19.51772464522326 -5.45
vertex 108.14941778604295 -19.454588467453362 -5.45
endloop
endfacet
facet normal 0 0 -1
outer loop
vertex 108.08136130978839 -19.666255031157704 -5.45
vertex 108.07727314889128 -19.673336013848377 -5.45
vertex 108.09714327021321 -19.622893415450623 -5.45
endloop
endfacet
facet normal 0 0 1
outer loop
vertex 80.67131664552468 -26 -5.45
vertex 80.67127185000004 -25.99999715 -5.45
vertex 61.99999999999996 -26 -5.45
endloop
endfacet
facet normal 0 0 1
outer loop
vertex 80.67131664552468 -26 -5.45
vertex 61.99999999999996 -26 -5.45
vertex 80.67127185000004 -25.99999715 -5.45
endloop
endfacet
facet normal 0.9961946980917453 0.08715574274766168 0
outer loop
vertex -11 -10.000000000000439 -2
vertex -10.98480775301225 -10.173648177666884 -2
vertex -10.984807753012253 -10.173648177666886 -6.450000000000004
endloop
endfacet
facet normal 0.9961946980917453 0.08715574274766168 0
outer loop
vertex -11 -10.000000000000439 -2
vertex -10.984807753012253 -10.173648177666886 -6.450000000000004
vertex -11.000000000000004 -10.00000000000044 -6.450000000000004
endloop
endfacet
facet normal 0.9659258262890705 0.2588190451025128 0
outer loop
vertex -10.98480775301225 -10.173648177666884 -2
vertex -10.939692620785948 -10.342020143325637 -2
vertex -10.93969262078595 -10.342020143325641 -6.450000000000004
endloop
endfacet
facet normal 0.9659258262890705 0.2588190451025128 0
outer loop
vertex -10.98480775301225 -10.173648177666884 -2
vertex -10.93969262078595 -10.342020143325641 -6.450000000000004
vertex -10.984807753012253 -10.173648177666886 -6.450000000000004
endloop
endfacet
facet normal 0.9063077870366489 0.42261826174070183 0
outer loop
vertex -10.939692620785948 -10.342020143325637 -2
vertex -10.86602540378427 -10.499999999999993 -2
vertex -10.86602540378443 -10.50000000000007 -6.450000000000004
endloop
endfacet
facet normal 0.9063077870366489 0.42261826174070183 0
outer loop
vertex -10.939692620785948 -10.342020143325637 -2
vertex -10.86602540378443 -10.50000000000007 -6.450000000000004
vertex -10.93969262078595 -10.342020143325641 -6.450000000000004
endloop
endfacet
facet normal 0.8191520442889911 0.573576436351047 0
outer loop
vertex -10.86602540378427 -10.499999999999993 -2
vertex -10.766044443119252 -10.642787609686316 -2
vertex -10.766044443119252 -10.642787609686316 -6.45
endloop
endfacet
facet normal 0.8191520442889911 0.573576436351047 0
outer loop
vertex -10.86602540378427 -10.499999999999993 -2
vertex -10.766044443119252 -10.642787609686316 -6.45
vertex -10.86602540378443 -10.50000000000007 -6.450000000000004
endloop
endfacet
facet normal 0.7071067811865476 0.7071067811865476 0
outer loop
vertex -10.766044443119252 -10.642787609686316 -2
vertex -10.642787609686478 -10.76604444311909 -2
vertex -10.64278760968648 -10.766044443119092 -6.450000000000004
endloop
endfacet
facet normal 0.7071067811865476 0.7071067811865476 0
outer loop
vertex -10.766044443119252 -10.642787609686316 -2
vertex -10.64278760968648 -10.766044443119092 -6.450000000000004
vertex -10.766044443119252 -10.642787609686316 -6.45
endloop
endfacet
facet normal 0.5735764363510402 0.8191520442889959 0
outer loop
vertex -10.642787609686478 -10.76604444311909 -2
vertex -10.49999999999909 -10.866025403785144 -2
vertex -10.499999999999089 -10.866025403785144 -6.45
endloop
endfacet
facet normal 0.5735764363510402 0.8191520442889959 0
outer loop
vertex -10.642787609686478 -10.76604444311909 -2
vertex -10.499999999999089 -10.866025403785144 -6.45
vertex -10.64278760968648 -10.766044443119092 -6.450000000000004
endloop
endfacet
facet normal 0.42261826174069317 0.9063077870366529 0
outer loop
vertex -10.49999999999909 -10.866025403785144 -2
vertex -10.342020143327543 -10.939692620785314 -2
vertex -10.342020143327545 -10.939692620785317 -6.45
endloop
endfacet
facet normal 0.42261826174069317 0.9063077870366529 0
outer loop
vertex -10.49999999999909 -10.866025403785144 -2
vertex -10.342020143327545 -10.939692620785317 -6.45
vertex -10.499999999999089 -10.866025403785144 -6.45
endloop
endfacet
facet normal 0.2588190451025145 0.96592582628907 0
outer loop
vertex -10.342020143327543 -10.939692620785314 -2
vertex -10.173648177666315 -10.98480775301228 -2
vertex -10.173648177666317 -10.984807753012282 -6.45
endloop
endfacet
facet normal 0.2588190451025145 0.96592582628907 0
outer loop
vertex -10.342020143327543 -10.939692620785314 -2
vertex -10.173648177666317 -10.984807753012282 -6.45
vertex -10.342020143327545 -10.939692620785317 -6.45
endloop
endfacet
facet normal 0.08715574274766169 0.9961946980917452 0
outer loop
vertex -10.173648177666315 -10.98480775301228 -2
vertex -10.000000000000536 -11.000000668052149 -2
vertex -9.999999941997515 -11.000000005074579 -6.45
endloop
endfacet
facet normal 0.08715574274766169 0.9961946980917452 0
outer loop
vertex -10.173648177666315 -10.98480775301228 -2
vertex -9.999999941997515 -11.000000005074579 -6.45
vertex -10.173648177666317 -10.984807753012282 -6.45
endloop
endfacet
facet normal 0 0 -1
outer loop
vertex -10.000000000000536 -11.000000668052149 -2
vertex -4.443211380904615 -11.000000668052149 -2
vertex 9.342061515029211 -11.000002325354991 -2
endloop
endfacet
facet normal 0 0 -1
outer loop
vertex -10.000000000000536 -11.000000668052149 -2
vertex 9.342061515029211 -11.000002325354991 -2
vertex 10.794740849999336 -11.000002325354991 -2
endloop
endfacet
facet normal 0 0 -1
outer loop
vertex -10.000000000000536 -11.000000668052149 -2
vertex 10.794740849999336 -11.000002325354991 -2
vertex 10.794740849999318 -11.000002500000036 -6.450000000000004
endloop
endfacet
facet normal 0 0 -1
outer loop
vertex -10.000000000000536 -11.000000668052149 -2
vertex 10.794740849999318 -11.000002500000036 -6.450000000000004
vertex -9.999999941997515 -11.000000005074579 -6.45
endloop
endfacet
facet normal 0 0 1
outer loop
vertex 10.794740849999336 -11.000002325354991 -2
vertex 10.794773561461982 -11.000000668052149 -2
vertex 10.895791403384635 -10.994882671392144 -2
endloop
endfacet
facet normal 0 0 1
outer loop
vertex 10.794740849999336 -11.000002325354991 -2
vertex 10.895791403384635 -10.994882671392144 -2
vertex 10.895791403384639 -10.99488267139215 -6.450000000000004
endloop
endfacet
facet normal 0 0 1
outer loop
vertex 10.794740849999336 -11.000002325354991 -2
vertex 10.895791403384639 -10.99488267139215 -6.450000000000004
vertex 10.794740849999318 -11.000002500000036 -6.450000000000004
endloop
endfacet
facet normal -0.15126325230646387 0.9884935146482607 0
outer loop
vertex 10.895791403384635 -10.994882671392144 -2
vertex 10.995807346134239 -10.979577829672282 -2
vertex 10.99580734613424 -10.979577829672285 -6.450000000000004
endloop
endfacet
facet normal -0.15126325230646387 0.9884935146482607 0
outer loop
vertex 10.895791403384635 -10.994882671392144 -2
vertex 10.99580734613424 -10.979577829672285 -6.450000000000004
vertex 10.895791403384639 -10.99488267139215 -6.450000000000004
endloop
endfacet
facet normal -0.25037685157037604 0.9681484556604456 -1.6337346254549156e-15
outer loop
vertex 10.995807346134239 -10.979577829672282 -2
vertex 11.093764772339188 -10.954244657039784 -2
vertex 11.093764772339142 -10.954244657039801 -5.45
endloop
endfacet
facet normal -0.25037685157037604 0.9681484556604456 -1.6337346254549156e-15
outer loop
vertex 10.995807346134239 -10.979577829672282 -2
vertex 11.093764772339142 -10.954244657039801 -5.45
vertex 11.09376477233919 -10.954244657039785 -6.450000000000004
endloop
endfacet
facet normal -0.25037685157037604 0.9681484556604456 -1.6337346254549156e-15
outer loop
vertex 10.995807346134239 -10.979577829672282 -2
vertex 11.09376477233919 -10.954244657039785 -6.450000000000004
vertex 10.99580734613424 -10.979577829672285 -6.450000000000004
endloop
endfacet
facet normal -0.3469027679572214 0.9379010979754838 0
outer loop
vertex 11.093764772339188 -10.954244657039784 -2
vertex 11.188661700000361 -10.91914499999987 -2
vertex 11.188661699999976 -10.919145000000007 -5.45
endloop
endfacet
facet normal -0.3469027679572214 0.9379010979754838 0
outer loop
vertex 11.093764772339188 -10.954244657039784 -2
vertex 11.188661699999976 -10.919145000000007 -5.45
vertex 11.093764772339142 -10.954244657039801 -5.45
endloop
endfacet
facet normal 0 0 1
outer loop
vertex 11.188661700000361 -10.91914499999987 -2
vertex 20.333317994311685 -7.000000000000028 -2
vertex 20.40056939984948 -6.971177920604831 -2
endloop
endfacet
facet normal 0 0 1
outer loop
vertex 11.188661700000361 -10.91914499999987 -2
vertex 20.40056939984948 -6.971177920604831 -2
vertex 20.599739182662475 -6.885819298767052 -2
endloop
endfacet
facet normal 0 0 1
outer loop
vertex 11.188661700000361 -10.91914499999987 -2
vertex 20.599739182662475 -6.885819298767052 -2
vertex 20.923173359693852 -6.747204418453821 -2
endloop
endfacet
facet normal 0 0 1
outer loop
vertex 11.188661700000361 -10.91914499999987 -2
vertex 20.923173359693852 -6.747204418453821 -2
vertex 21.35844253690294 -6.560660171780031 -2
endloop
endfacet
facet normal 0 0 1
outer loop
vertex 11.188661700000361 -10.91914499999987 -2
vertex 21.35844253690294 -6.560660171780031 -2
vertex 21.88881956391359 -6.333355349529178 -2
endloop
endfacet
facet normal 0 0 1
outer loop
vertex 11.188661700000361 -10.91914499999987 -2
vertex 21.88881956391359 -6.333355349529178 -2
vertex 22.493922349013676 -6.074025148547626 -2
endloop
endfacet
facet normal 0 0 1
outer loop
vertex 11.188661700000361 -10.91914499999987 -2
vertex 22.493922349013676 -6.074025148547626 -2
vertex 23.150497131519224 -5.792635483024239 -2
endloop
endfacet
facet normal 0 0 1
outer loop
vertex 11.188661700000361 -10.91914499999987 -2
vertex 23.150497131519224 -5.792635483024239 -2
vertex 23.833312110749773 -5.5000000000000036 -2
endloop
endfacet
facet normal 0 0 1
outer loop
vertex 11.188661700000361 -10.91914499999987 -2
vertex 23.833312110749773 -5.5000000000000036 -2
vertex 24.516127089980408 -5.2073645169757325 -2
endloop
endfacet
facet normal 0 0 1
outer loop
vertex 11.188661700000361 -10.91914499999987 -2
vertex 24.516127089980408 -5.2073645169757325 -2
vertex 24.81133880000104 -5.080844999999628 -2
endloop
endfacet
facet normal 0 0 1
outer loop
vertex 11.188661700000361 -10.91914499999987 -2
vertex 24.81133880000104 -5.080844999999628 -2
vertex 24.811338800000144 -5.080844999999943 -5.45
endloop
endfacet
facet normal 0 0 1
outer loop
vertex 11.188661700000361 -10.91914499999987 -2
vertex 24.811338800000144 -5.080844999999943 -5.45
vertex 24.811338300000017 -5.080855000000032 -5.450000000000002
endloop
endfacet
facet normal 0 0 1
outer loop
vertex 11.188661700000361 -10.91914499999987 -2
vertex 24.811338300000017 -5.080855000000032 -5.450000000000002
vertex 11.188661699999976 -10.919145000000007 -5.45
endloop
endfacet
facet normal -0.34688009838204553 0.9379094824909611 4.164512500000375e-15
outer loop
vertex 24.81133880000104 -5.080844999999628 -2
vertex 24.90623568045721 -5.0457479678837345 -2
vertex 24.906235680456565 -5.045747967883958 -5.45
endloop
endfacet
facet normal -0.34688009838204553 0.9379094824909611 4.164512500000375e-15
outer loop
vertex 24.81133880000104 -5.080844999999628 -2
vertex 24.906235680456565 -5.045747967883958 -5.45
vertex 24.906235227660865 -5.0457553429601685 -5.450000000000002
endloop
endfacet
facet normal -0.34688009838204553 0.9379094824909611 4.164512500000375e-15
outer loop
vertex 24.81133880000104 -5.080844999999628 -2
vertex 24.906235227660865 -5.0457553429601685 -5.450000000000002
vertex 24.811338800000144 -5.080844999999943 -5.45
endloop
endfacet
facet normal -0.2503291868795632 0.9681607811702646 0
outer loop
vertex 24.90623568045721 -5.0457479678837345 -2
vertex 25.004193361478233 -5.020419874538578 -2
vertex 25.004193361478695 -5.020419874538515 -5.45
endloop
endfacet
facet normal -0.2503291868795632 0.9681607811702646 0
outer loop
vertex 24.90623568045721 -5.0457479678837345 -2
vertex 25.004193361478695 -5.020419874538515 -5.45
vertex 24.906235680456565 -5.045747967883958 -5.45
endloop
endfacet
facet normal -0.1512156005227556 0.9885008053403612 0
outer loop
vertex 25.004193361478233 -5.020419874538578 -2
vertex 25.104209028775436 -5.005120009216948 -2
vertex 25.10420902877583 -5.0051200092168955 -5.45
endloop
endfacet
facet normal -0.1512156005227556 0.9885008053403612 0
outer loop
vertex 25.004193361478233 -5.020419874538578 -2
vertex 25.10420902877583 -5.0051200092168955 -5.45
vertex 25.004193361478695 -5.020419874538515 -5.45
endloop
endfacet
facet normal -0.05060387707522018 0.9987188030797038 0
outer loop
vertex 25.104209028775436 -5.005120009216948 -2
vertex 25.205257600000646 -5 -2
vertex 25.205257600000003 -5 -5.45
endloop
endfacet
facet normal -0.05060387707522018 0.9987188030797038 0
outer loop
vertex 25.104209028775436 -5.005120009216948 -2
vertex 25.205257600000003 -5 -5.45
vertex 25.10420902877583 -5.0051200092168955 -5.45
endloop
endfacet
facet normal 0 1 0
outer loop
vertex 59.99999999999963 -5 -2
vertex 60 -5 -6.45
vertex 25.20525915 -5 -6.45
endloop
endfacet
facet normal 0 1 0
outer loop
vertex 59.99999999999963 -5 -2
vertex 25.20525915 -5 -6.45
vertex 25.205257600000003 -5 -5.45
endloop
endfacet
facet normal 0 1 0
outer loop
vertex 59.99999999999963 -5 -2
vertex 25.205257600000003 -5 -5.45
vertex 25.205257600000646 -5 -2
endloop
endfacet
facet normal 0.0871557427476561 0.9961946980917458 0
outer loop
vertex 59.99999999999963 -5 -2
vertex 60.1736481776672 -5.015192246987847 -2
vertex 60.173648177667204 -5.015192246987848 -6.450000000000004
endloop
endfacet
facet normal 0.0871557427476561 0.9961946980917458 0
outer loop
vertex 59.99999999999963 -5 -2
vertex 60.173648177667204 -5.015192246987848 -6.450000000000004
vertex 60 -5 -6.45
endloop
endfacet
facet normal 0.2588190451025269 0.9659258262890666 0
outer loop
vertex 60.1736481776672 -5.015192246987847 -2
vertex 60.34202014332651 -5.060307379214301 -2
vertex 60.34202014332651 -5.0603073792143025 -6.45
endloop
endfacet
facet normal 0.2588190451025269 0.9659258262890666 0
outer loop
vertex 60.1736481776672 -5.015192246987847 -2
vertex 60.34202014332651 -5.0603073792143025 -6.45
vertex 60.173648177667204 -5.015192246987848 -6.450000000000004
endloop
endfacet
facet normal 0.4226182617406989 0.9063077870366503 0
outer loop
vertex 60.34202014332651 -5.060307379214301 -2
vertex 60.49999999999918 -5.133974596214999 -2
vertex 60.49999999999919 -5.133974596215005 -6.45
endloop
endfacet
facet normal 0.4226182617406989 0.9063077870366503 0
outer loop
vertex 60.34202014332651 -5.060307379214301 -2
vertex 60.49999999999919 -5.133974596215005 -6.45
vertex 60.34202014332651 -5.0603073792143025 -6.45
endloop
endfacet
facet normal 0.5735764363510552 0.8191520442889855 0
outer loop
vertex 60.49999999999918 -5.133974596214999 -2
vertex 60.64278760968642 -5.23395555688095 -2
vertex 60.64278760968642 -5.233955556880947 -6.45
endloop
endfacet
facet normal 0.5735764363510552 0.8191520442889855 0
outer loop
vertex 60.49999999999918 -5.133974596214999 -2
vertex 60.64278760968642 -5.233955556880947 -6.45
vertex 60.49999999999919 -5.133974596215005 -6.45
endloop
endfacet
facet normal 0.7071067811865351 0.70710678118656 0
outer loop
vertex 60.64278760968642 -5.23395555688095 -2
vertex 60.7660444431194 -5.357212390313922 -2
vertex 60.76604444311941 -5.357212390313929 -6.45
endloop
endfacet
facet normal 0.7071067811865351 0.70710678118656 0
outer loop
vertex 60.64278760968642 -5.23395555688095 -2
vertex 60.76604444311941 -5.357212390313929 -6.45
vertex 60.64278760968642 -5.233955556880947 -6.45
endloop
endfacet
facet normal 0.8191520442889866 0.5735764363510534 0
outer loop
vertex 60.7660444431194 -5.357212390313922 -2
vertex 60.86602540378454 -5.5000000000000036 -2
vertex 60.86602540378453 -5.500000000000011 -6.45
endloop
endfacet
facet normal 0.8191520442889866 0.5735764363510534 0
outer loop
vertex 60.7660444431194 -5.357212390313922 -2
vertex 60.86602540378453 -5.500000000000011 -6.45
vertex 60.76604444311941 -5.357212390313929 -6.45
endloop
endfacet
facet normal 0.9063077870366624 0.4226182617406731 0
outer loop
vertex 60.86602540378454 -5.5000000000000036 -2
vertex 60.93969262078543 -5.657979856673329 -2
vertex 60.93969262078544 -5.657979856673329 -6.450000000000004
endloop
endfacet
facet normal 0.9063077870366624 0.4226182617406731 0
outer loop
vertex 60.86602540378454 -5.5000000000000036 -2
vertex 60.93969262078544 -5.657979856673329 -6.450000000000004
vertex 60.86602540378453 -5.500000000000011 -6.45
endloop
endfacet
facet normal 0.9659258262890704 0.25881904510251297 0
outer loop
vertex 60.93969262078543 -5.657979856673329 -2
vertex 60.98480775301235 -5.826351822334354 -2
vertex 60.98480775301235 -5.826351822334356 -6.45
endloop
endfacet
facet normal 0.9659258262890704 0.25881904510251297 0
outer loop
vertex 60.93969262078543 -5.657979856673329 -2
vertex 60.98480775301235 -5.826351822334356 -6.45
vertex 60.93969262078544 -5.657979856673329 -6.450000000000004
endloop
endfacet
facet normal 0.996194698091744 0.08715574274767586 0
outer loop
vertex 60.98480775301235 -5.826351822334354 -2
vertex 61 -5.9999999999997 -2
vertex 61 -5.999999999999701 -6.45
endloop
endfacet
facet normal 0.996194698091744 0.08715574274767586 0
outer loop
vertex 60.98480775301235 -5.826351822334354 -2
vertex 61 -5.999999999999701 -6.45
vertex 60.98480775301235 -5.826351822334356 -6.45
endloop
endfacet
facet normal 1 0 0
outer loop
vertex 61 -6.5 -6.45
vertex 61 -5.999999999999701 -6.45
vertex 61 -5.9999999999997 -2
endloop
endfacet
facet normal 1 0 0
outer loop
vertex 61 -6.5 -6.45
vertex 61 -5.9999999999997 -2
vertex 61 -7.499999999999823 -2
endloop
endfacet
facet normal 1 0 0
outer loop
vertex 61 -6.5 -6.45
vertex 61 -7.499999999999823 -2
vertex 61 -7.528822079394904 -2
endloop
endfacet
facet normal 1 0 0
outer loop
vertex 61 -6.5 -6.45
vertex 61 -7.528822079394904 -2
vertex 61 -7.614180701233163 -2
endloop
endfacet
facet normal 1 0 0
outer loop
vertex 61 -6.5 -6.45
vertex 61 -7.614180701233163 -2
vertex 61 -7.752795581546074 -2
endloop
endfacet
facet normal 1 0 0
outer loop
vertex 61 -6.5 -6.45
vertex 61 -7.752795581546074 -2
vertex 61 -7.939339828218257 -2
endloop
endfacet
facet normal 1 0 0
outer loop
vertex 61 -6.5 -6.45
vertex 61 -7.939339828218257 -2
vertex 61 -8.166644650473323 -2
endloop
endfacet
facet normal 1 0 0
outer loop
vertex 61 -6.5 -6.45
vertex 61 -8.166644650473323 -2
vertex 61 -8.425974851450336 -2
endloop
endfacet
facet normal 1 0 0
outer loop
vertex 61 -6.5 -6.45
vertex 61 -8.425974851450336 -2
vertex 61 -8.70736451697388 -2
endloop
endfacet
facet normal 1 0 0
outer loop
vertex 61 -6.5 -6.45
vertex 61 -8.70736451697388 -2
vertex 61 -9.000000000000131 -2
endloop
endfacet
facet normal 1 0 0
outer loop
vertex 61 -6.5 -6.45
vertex 61 -9.000000000000131 -2
vertex 61 -9.292635483025391 -2
endloop
endfacet
facet normal 1 0 0
outer loop
vertex 61 -6.5 -6.45
vertex 61 -9.292635483025391 -2
vertex 61 -9.574025148547149 -2
endloop
endfacet
facet normal 1 0 0
outer loop
vertex 61 -6.5 -6.45
vertex 61 -9.574025148547149 -2
vertex 61 -9.833355349529402 -2
endloop
endfacet
facet normal 1 0 0
outer loop
vertex 61 -6.5 -6.45
vertex 61 -9.833355349529402 -2
vertex 61 -10.060660171777922 -2
endloop
endfacet
facet normal 1 0 0
outer loop
vertex 61 -6.5 -6.45
vertex 61 -10.060660171777922 -2
vertex 61 -10.247204418454098 -2
endloop
endfacet
facet normal 1 0 0
outer loop
vertex 61 -6.5 -6.45
vertex 61 -10.247204418454098 -2
vertex 61 -10.385819298767228 -2
endloop
endfacet
facet normal 1 0 0
outer loop
vertex 61 -6.5 -6.45
vertex 61 -10.385819298767228 -2
vertex 61 -10.471177920604612 -2
endloop
endfacet
facet normal 1 0 0
outer loop
vertex 61 -6.5 -6.45
vertex 61 -10.471177920604612 -2
vertex 61 -10.499999999999993 -2
endloop
endfacet
facet normal 1 0 0
outer loop
vertex 61 -6.5 -6.45
vertex 61 -10.499999999999993 -2
vertex 61 -15.979309500001163 -2
endloop
endfacet
facet normal 1 0 0
outer loop
vertex 61 -6.5 -6.45
vertex 61 -15.979309500001163 -2
vertex 61 -16.138612755314785 -2
endloop
endfacet
facet normal 1 0 0
outer loop
vertex 61 -6.5 -6.45
vertex 61 -16.138612755314785 -2
vertex 61 -16.293851966928642 -2
endloop
endfacet
facet normal 1 0 0
outer loop
vertex 61 -6.5 -6.45
vertex 61 -16.293851966928642 -2
vertex 61 -16.44105724973747 -2
endloop
endfacet
facet normal 1 0 0
outer loop
vertex 61 -6.5 -6.45
vertex 61 -16.44105724973747 -2
vertex 61 -16.576468671992338 -2
endloop
endfacet
facet normal 1 0 0
outer loop
vertex 61 -6.5 -6.45
vertex 61 -16.576468671992338 -2
vertex 61 -16.69662754195546 -2
endloop
endfacet
facet normal 1 0 0
outer loop
vertex 61 -6.5 -6.45
vertex 61 -16.69662754195546 -2
vertex 61 -16.798464750000644 -2
endloop
endfacet
facet normal 1 0 0
outer loop
vertex 61 -6.5 -6.45
vertex 61 -16.798464750000644 -2
vertex 61 -25.0000000000016 -2
endloop
endfacet
facet normal 1 0 0
outer loop
vertex 61 -6.5 -6.45
vertex 61 -25.0000000000016 -2
vertex 61 -25 -6.45
endloop
endfacet
facet normal 0.9961946980917447 0.08715574274766881 0
outer loop
vertex 61 -25.0000000000016 -2
vertex 61.015192246987624 -25.17364817766659 -2
vertex 61.01519224698763 -25.17364817766659 -6.450000000000004
endloop
endfacet
facet normal 0.9961946980917447 0.08715574274766881 0
outer loop
vertex 61 -25.0000000000016 -2
vertex 61.01519224698763 -25.17364817766659 -6.450000000000004
vertex 61 -25 -6.45
endloop
endfacet
facet normal 0.9659258262890686 0.25881904510251963 0
outer loop
vertex 61.015192246987624 -25.17364817766659 -2
vertex 61.060307379213626 -25.342020143324216 -2
vertex 61.06030737921364 -25.342020143324227 -6.45
endloop
endfacet
facet normal 0.9659258262890686 0.25881904510251963 0
outer loop
vertex 61.015192246987624 -25.17364817766659 -2
vertex 61.06030737921364 -25.342020143324227 -6.45
vertex 61.01519224698763 -25.17364817766659 -6.450000000000004
endloop
endfacet
facet normal 0.906307787036659 0.42261826174068023 0
outer loop
vertex 61.060307379213626 -25.342020143324216 -2
vertex 61.133974596216746 -25.500000000002103 -2
vertex 61.13397459621676 -25.500000000002114 -6.450000000000004
endloop
endfacet
facet normal 0.906307787036659 0.42261826174068023 0
outer loop
vertex 61.060307379213626 -25.342020143324216 -2
vertex 61.13397459621676 -25.500000000002114 -6.450000000000004
vertex 61.06030737921364 -25.342020143324227 -6.45
endloop
endfacet
facet normal 0.8191520442889911 0.573576436351047 0
outer loop
vertex 61.133974596216746 -25.500000000002103 -2
vertex 61.233955556880694 -25.64278760968648 -2
vertex 61.2339555568807 -25.642787609686483 -6.45
endloop
endfacet
facet normal 0.8191520442889911 0.573576436351047 0
outer loop
vertex 61.133974596216746 -25.500000000002103 -2
vertex 61.2339555568807 -25.642787609686483 -6.45
vertex 61.13397459621676 -25.500000000002114 -6.450000000000004
endloop
endfacet
facet normal 0.7071067811865405 0.7071067811865547 0
outer loop
vertex 61.233955556880694 -25.64278760968648 -2
vertex 61.3572123903133 -25.766044443119085 -2
vertex 61.35721239031331 -25.766044443119092 -6.45
endloop
endfacet
facet normal 0.7071067811865405 0.7071067811865547 0
outer loop
vertex 61.233955556880694 -25.64278760968648 -2
vertex 61.35721239031331 -25.766044443119092 -6.45
vertex 61.2339555568807 -25.642787609686483 -6.45
endloop
endfacet
facet normal 0.573576436351049 0.8191520442889897 0
outer loop
vertex 61.3572123903133 -25.766044443119085 -2
vertex 61.499999999999 -25.866025403783958 -2
vertex 61.49999999999902 -25.866025403783965 -6.45
endloop
endfacet
facet normal 0.573576436351049 0.8191520442889897 0
outer loop
vertex 61.3572123903133 -25.766044443119085 -2
vertex 61.49999999999902 -25.866025403783965 -6.45
vertex 61.35721239031331 -25.766044443119092 -6.45
endloop
endfacet
facet normal 0.4226182617407063 0.9063077870366467 0
outer loop
vertex 61.499999999999 -25.866025403783958 -2
vertex 61.65797985667392 -25.939692620785706 -2
vertex 61.65797985667393 -25.939692620785706 -6.45
endloop
endfacet
facet normal 0.4226182617407063 0.9063077870366467 0
outer loop
vertex 61.499999999999 -25.866025403783958 -2
vertex 61.65797985667393 -25.939692620785706 -6.45
vertex 61.49999999999902 -25.866025403783965 -6.45
endloop
endfacet
facet normal 0.25881904510252696 0.9659258262890666 0
outer loop
vertex 61.65797985667392 -25.939692620785706 -2
vertex 61.826351822333855 -25.984807753012326 -2
vertex 61.826351822333855 -25.984807753012326 -6.45
endloop
endfacet
facet normal 0.25881904510252696 0.9659258262890666 0
outer loop
vertex 61.65797985667392 -25.939692620785706 -2
vertex 61.826351822333855 -25.984807753012326 -6.45
vertex 61.65797985667393 -25.939692620785706 -6.45
endloop
endfacet
facet normal 0 0 -1
outer loop
vertex 61.826351822333855 -25.984807753012326 -2
vertex 61.99997711796033 -25.999997149999384 -2
vertex 61.99999999999413 -25.999999151806172 -2
endloop
endfacet
facet normal 0 0 -1
outer loop
vertex 61.826351822333855 -25.984807753012326 -2
vertex 61.99999999999413 -25.999999151806172 -2
vertex 61.999999926350526 -25.999999993556557 -6.450000000000004
endloop
endfacet
facet normal 0 0 -1
outer loop
vertex 61.826351822333855 -25.984807753012326 -2
vertex 61.999999926350526 -25.999999993556557 -6.450000000000004
vertex 61.826351822333855 -25.984807753012326 -6.45
endloop
endfacet
facet normal -1.0721319922231463e-7 0.9999999999999942 -1.7835367661079257e-13
outer loop
vertex 61.99999999999413 -25.999999151806172 -2
vertex 80.6712718434643 -25.999997149999384 -2
vertex 80.67127185000004 -25.99999715 -5.45
endloop
endfacet
facet normal -1.0721319922231463e-7 0.9999999999999942 -1.7835367661079257e-13
outer loop
vertex 61.99999999999413 -25.999999151806172 -2
vertex 80.67127185000004 -25.99999715 -5.45
vertex 80.67126519999957 -25.9999971500004 -6.45
endloop
endfacet
facet normal -1.0721319922231463e-7 0.9999999999999942 -1.7835367661079257e-13
outer loop
vertex 61.99999999999413 -25.999999151806172 -2
vertex 80.67126519999957 -25.9999971500004 -6.45
vertex 61.999999926350526 -25.999999993556557 -6.450000000000004
endloop
endfacet
facet normal 0.06349405084607795 0.9979822170295198 0
outer loop
vertex 80.6712718434643 -25.999997149999384 -2
vertex 80.79797142011675 -26.008058084162855 -2
vertex 80.7979714201154 -26.008058084162762 -5.45
endloop
endfacet
facet normal 0.06349405084607795 0.9979822170295198 0
outer loop
vertex 80.6712718434643 -25.999997149999384 -2
vertex 80.7979714201154 -26.008058084162762 -5.45
vertex 80.67127185000004 -25.99999715 -5.45
endloop
endfacet
facet normal 0.18942640821785162 0.9818949209918972 0
outer loop
vertex 80.79797142011675 -26.008058084162855 -2
vertex 80.92262861566945 -26.03210685385015 -2
vertex 80.92262861566992 -26.0321068538504 -5.45
endloop
endfacet
facet normal 0.18942640821785162 0.9818949209918972 0
outer loop
vertex 80.79797142011675 -26.008058084162855 -2
vertex 80.92262861566992 -26.0321068538504 -5.45
vertex 80.7979714201154 -26.008058084162762 -5.45
endloop
endfacet
facet normal 0.3123056362559837 0.9499816785405628 0
outer loop
vertex 80.92262861566945 -26.03210685385015 -2
vertex 81.04323424193689 -26.071755846771115 -2
vertex 81.04323424193738 -26.07175584677138 -5.45
endloop
endfacet
facet normal 0.3123056362559837 0.9499816785405628 0
outer loop
vertex 80.92262861566945 -26.03210685385015 -2
vertex 81.04323424193738 -26.07175584677138 -5.45
vertex 80.92262861566992 -26.0321068538504 -5.45
endloop
endfacet
facet normal 0.43015119708750765 0.9027568596494763 0
outer loop
vertex 81.04323424193689 -26.071755846771115 -2
vertex 81.15784440640961 -26.126366009983258 -2
vertex 81.15784440641183 -26.126366009984345 -5.45
endloop
endfacet
facet normal 0.43015119708750765 0.9027568596494763 0
outer loop
vertex 81.04323424193689 -26.071755846771115 -2
vertex 81.15784440641183 -26.126366009984345 -5.45
vertex 81.04323424193738 -26.07175584677138 -5.45
endloop
endfacet
facet normal 0.5410411765712443 0.8409961029959673 0
outer loop
vertex 81.15784440640961 -26.126366009983258 -2
vertex 81.26461370000655 -26.195054300004553 -2
vertex 81.26461369999993 -26.195054299999953 -5.45
endloop
endfacet
facet normal 0.5410411765712443 0.8409961029959673 0
outer loop
vertex 81.15784440640961 -26.126366009983258 -2
vertex 81.26461369999993 -26.195054299999953 -5.45
vertex 81.15784440641183 -26.126366009984345 -5.45
endloop
endfacet
facet normal 0.5933488185845387 0.8049454512476807 0
outer loop
vertex 81.26461370000655 -26.195054300004553 -2
vertex 95.1243120000055 -36.41144300000371 -2
vertex 95.1243119999999 -36.41144299999992 -5.45
endloop
endfacet
facet normal 0.5933488185845387 0.8049454512476807 0
outer loop
vertex 81.26461370000655 -26.195054300004553 -2
vertex 95.1243119999999 -36.41144299999992 -5.45
vertex 81.26461369999993 -26.195054299999953 -5.45
endloop
endfacet
facet normal 0.5273244512118057 0.8496640060366027 0
outer loop
vertex 95.1243120000055 -36.41144300000371 -2
vertex 95.25970209927299 -36.49546975562534 -2
vertex 95.25970209927534 -36.49546975562649 -5.45
endloop
endfacet
facet normal 0.5273244512118057 0.8496640060366027 0
outer loop
vertex 95.1243120000055 -36.41144300000371 -2
vertex 95.25970209927534 -36.49546975562649 -5.45
vertex 95.1243119999999 -36.41144299999992 -5.45
endloop
endfacet
facet normal 0.38567010597054985 0.9226367483255071 0
outer loop
vertex 95.25970209927299 -36.49546975562534 -2
vertex 95.40672007351327 -36.556924534884594 -2
vertex 95.40672007351371 -36.55692453488495 -5.45
endloop
endfacet
facet normal 0.38567010597054985 0.9226367483255071 0
outer loop
vertex 95.25970209927299 -36.49546975562534 -2
vertex 95.40672007351371 -36.55692453488495 -5.45
vertex 95.25970209927534 -36.49546975562649 -5.45
endloop
endfacet
facet normal 0.23422322084808303 0.9721828443330761 0
outer loop
vertex 95.40672007351327 -36.556924534884594 -2
vertex 95.56163299305905 -36.59424694103329 -2
vertex 95.56163299305933 -36.5942469410336 -5.45
endloop
endfacet
facet normal 0.23422322084808303 0.9721828443330761 0
outer loop
vertex 95.40672007351327 -36.556924534884594 -2
vertex 95.56163299305933 -36.5942469410336 -5.45
vertex 95.40672007351371 -36.55692453488495 -5.45
endloop
endfacet
facet normal 0.07682917986438298 0.9970442703919251 0
outer loop
vertex 95.56163299305905 -36.59424694103329 -2
vertex 95.72050746790347 -36.60648932180429 -2
vertex 95.7205074679001 -36.606489321804325 -5.45
endloop
endfacet
facet normal 0.07682917986438298 0.9970442703919251 0
outer loop
vertex 95.56163299305905 -36.59424694103329 -2
vertex 95.7205074679001 -36.606489321804325 -5.45
vertex 95.56163299305933 -36.5942469410336 -5.45
endloop
endfacet
facet normal -0.0825156288771751 0.9965897706634383 0
outer loop
vertex 95.72050746790347 -36.60648932180429 -2
vertex 95.87930952026835 -36.593340831218086 -2
vertex 95.87930952027409 -36.59334083121737 -5.45
endloop
endfacet
facet normal -0.0825156288771751 0.9965897706634383 0
outer loop
vertex 95.72050746790347 -36.60648932180429 -2
vertex 95.87930952027409 -36.59334083121737 -5.45
vertex 95.7205074679001 -36.606489321804325 -5.45
endloop
endfacet
facet normal -0.2397652853782687 0.970830885338676 0
outer loop
vertex 95.87930952026835 -36.593340831218086 -2
vertex 96.0340070112944 -36.555135322263524 -2
vertex 96.03400701129591 -36.555135322263865 -5.45
endloop
endfacet
facet normal -0.2397652853782687 0.970830885338676 0
outer loop
vertex 95.87930952026835 -36.593340831218086 -2
vertex 96.03400701129591 -36.555135322263865 -5.45
vertex 95.87930952027409 -36.59334083121737 -5.45
endloop
endfacet
facet normal -0.3909270675980282 0.92042165762177 0
outer loop
vertex 96.0340070112944 -36.555135322263524 -2
vertex 96.18067202089883 -36.49284287004979 -2
vertex 96.18067202089404 -36.492842870052804 -5.45
endloop
endfacet
facet normal -0.3909270675980282 0.92042165762177 0
outer loop
vertex 96.0340070112944 -36.555135322263524 -2
vertex 96.18067202089404 -36.492842870052804 -5.45
vertex 96.03400701129591 -36.555135322263865 -5.45
endloop
endfacet
facet normal -0.5321628305572139 0.8466420269354304 0
outer loop
vertex 96.18067202089883 -36.49284287004979 -2
vertex 96.3155805815262 -36.40804514066026 -2
vertex 96.31558058152872 -36.408045140658686 -5.45
endloop
endfacet
facet normal -0.5321628305572139 0.8466420269354304 0
outer loop
vertex 96.18067202089883 -36.49284287004979 -2
vertex 96.31558058152872 -36.408045140658686 -5.45
vertex 96.18067202089404 -36.492842870052804 -5.45
endloop
endfacet
facet normal -0.6598864605799009 0.751365330011527 0
outer loop
vertex 96.3155805815262 -36.40804514066026 -2
vertex 96.43530723335985 -36.30289523107584 -2
vertex 96.43530723335748 -36.30289523107856 -5.45
endloop
endfacet
facet normal -0.6598864605799009 0.751365330011527 0
outer loop
vertex 96.3155805815262 -36.40804514066026 -2
vertex 96.43530723335748 -36.30289523107856 -5.45
vertex 96.31558058152872 -36.408045140658686 -5.45
endloop
endfacet
facet normal -0.7708411270164399 0.637027438106103 0
outer loop
vertex 96.43530723335985 -36.30289523107584 -2
vertex 96.53681400000067 -36.180065999999336 -2
vertex 96.53681400000012 -36.180065999999854 -5.45
endloop
endfacet
facet normal -0.7708411270164399 0.637027438106103 0
outer loop
vertex 96.43530723335985 -36.30289523107584 -2
vertex 96.53681400000012 -36.180065999999854 -5.45
vertex 96.43530723335748 -36.30289523107856 -5.45
endloop
endfacet
facet normal 0 0 1
outer loop
vertex 96.53681400000067 -36.180065999999336 -2
vertex 103.5284006918523 -26.195054300004553 -2
vertex 103.57649679317176 -26.126366009983258 -2
endloop
endfacet
facet normal 0 0 1
outer loop
vertex 96.53681400000067 -36.180065999999336 -2
vertex 103.57649679317176 -26.126366009983258 -2
vertex 103.61473527519117 -26.071755846771115 -2
endloop
endfacet
facet normal 0 0 1
outer loop
vertex 96.53681400000067 -36.180065999999336 -2
vertex 103.61473527519117 -26.071755846771115 -2
vertex 103.64249782365685 -26.03210685385015 -2
endloop
endfacet
facet normal 0 0 1
outer loop
vertex 96.53681400000067 -36.180065999999336 -2
vertex 103.64249782365685 -26.03210685385015 -2
vertex 103.6593369684824 -26.008058084162855 -2
endloop
endfacet
facet normal 0 0 1
outer loop
vertex 96.53681400000067 -36.180065999999336 -2
vertex 103.6593369684824 -26.008058084162855 -2
vertex 103.6649813003785 -25.999997149999384 -2
endloop
endfacet
facet normal 0 0 1
outer loop
vertex 96.53681400000067 -36.180065999999336 -2
vertex 103.6649813003785 -25.999997149999384 -2
vertex 107.99420969999846 -19.817223750002125 -2
endloop
endfacet
facet normal 0 0 1
outer loop
vertex 96.53681400000067 -36.180065999999336 -2
vertex 107.99420969999846 -19.817223750002125 -2
vertex 107.99420969999998 -19.81722375000004 -5.35
endloop
endfacet
facet normal 0 0 1
outer loop
vertex 96.53681400000067 -36.180065999999336 -2
vertex 107.99420969999998 -19.81722375000004 -5.35
vertex 107.99420970000003 -19.817223749999975 -5.45
endloop
endfacet
facet normal 0 0 1
outer loop
vertex 96.53681400000067 -36.180065999999336 -2
vertex 107.99420970000003 -19.817223749999975 -5.45
vertex 96.53681400000012 -36.180065999999854 -5.45
endloop
endfacet
facet normal -0.5735750689089377 -0.8191530017805632 2.406209651575438e-14
outer loop
vertex 107.74862939999996 -18.424487499999966 -5.35
vertex 107.7486293999982 -18.424487499998634 -2
vertex 105.42642000000106 -16.798464750000644 -2
endloop
endfacet
facet normal -0.5735750689089377 -0.8191530017805632 2.406209651575438e-14
outer loop
vertex 107.74862939999996 -18.424487499999966 -5.35
vertex 105.42642000000106 -16.798464750000644 -2
vertex 105.42641999999987 -16.798464749999905 -5.45
endloop
endfacet
facet normal -0.5735750689089377 -0.8191530017805632 2.406209651575438e-14
outer loop
vertex 107.74862939999996 -18.424487499999966 -5.35
vertex 105.42641999999987 -16.798464749999905 -5.45
vertex 107.74862940000001 -18.424487500000005 -5.45
endloop
endfacet
facet normal -0.6372035741816542 -0.770695533301008 0
outer loop
vertex 105.42642000000106 -16.798464750000644 -2
vertex 105.30324824682145 -16.69662754195546 -2
vertex 105.3032482468211 -16.696627541955415 -5.45
endloop
endfacet
facet normal -0.6372035741816542 -0.770695533301008 0
outer loop
vertex 105.42642000000106 -16.798464750000644 -2
vertex 105.3032482468211 -16.696627541955415 -5.45
vertex 105.42641999999987 -16.798464749999905 -5.45
endloop
endfacet
facet normal -0.7518436814580168 -0.6593413976474224 6.859613551074888e-14
outer loop
vertex 105.3032482468211 -16.696627541955415 -5.45
vertex 105.30324824682145 -16.69662754195546 -2
vertex 105.1978729950037 -16.576468671992338 -2
endloop
endfacet
facet normal -0.7518436814580168 -0.6593413976474224 6.859613551074888e-14
outer loop
vertex 105.3032482468211 -16.696627541955415 -5.45
vertex 105.1978729950037 -16.576468671992338 -2
vertex 105.19787427324727 -16.57647012956705 -6.45
endloop
endfacet
facet normal -0.7518436814580168 -0.6593413976474224 6.859613551074888e-14
outer loop
vertex 105.3032482468211 -16.696627541955415 -5.45
vertex 105.19787427324727 -16.57647012956705 -6.45
vertex 105.30324824682145 -16.696627541955458 -6.45
endloop
endfacet
facet normal -0.8472801239497626 -0.5311462995820219 0
outer loop
vertex 105.1978729950037 -16.576468671992338 -2
vertex 105.11298574954758 -16.44105724973747 -2
vertex 105.11298670738279 -16.441058777668168 -6.45
endloop
endfacet
facet normal -0.8472801239497626 -0.5311462995820219 0
outer loop
vertex 105.1978729950037 -16.576468671992338 -2
vertex 105.11298670738279 -16.441058777668168 -6.45
vertex 105.19787427324727 -16.57647012956705 -6.45
endloop
endfacet
facet normal -0.9210752547164283 -0.3893846108272217 0
outer loop
vertex 105.11298574954758 -16.44105724973747 -2
vertex 105.0507547087453 -16.293851966928642 -2
vertex 105.05075470874532 -16.29385196692865 -6.45
endloop
endfacet
facet normal -0.9210752547164283 -0.3893846108272217 0
outer loop
vertex 105.11298574954758 -16.44105724973747 -2
vertex 105.05075470874532 -16.29385196692865 -6.45
vertex 105.11298670738279 -16.441058777668168 -6.45
endloop
endfacet
facet normal -0.9713441913164458 -0.23767722229065227 -2.9561460566016154e-14
outer loop
vertex 105.0507547087453 -16.293851966928642 -2
vertex 105.01276938393787 -16.138612755314785 -2
vertex 105.01276938393798 -16.13861275531482 -5.45
endloop
endfacet
facet normal -0.9713441913164458 -0.23767722229065227 -2.9561460566016154e-14
outer loop
vertex 105.0507547087453 -16.293851966928642 -2
vertex 105.01276938393798 -16.13861275531482 -5.45
vertex 105.01276938393788 -16.138612755314778 -6.450000000000004
endloop
endfacet
facet normal -0.9713441913164458 -0.23767722229065227 -2.9561460566016154e-14
outer loop
vertex 105.0507547087453 -16.293851966928642 -2
vertex 105.01276938393788 -16.138612755314778 -6.450000000000004
vertex 105.05075470874532 -16.29385196692865 -6.45
endloop
endfacet
facet normal -0.9968027699147677 -0.07990142608393573 0
outer loop
vertex 105.01276938393787 -16.138612755314785 -2
vertex 105 -15.979309500001163 -2
vertex 105 -15.979309499999857 -5.45
endloop
endfacet
facet normal -0.9968027699147677 -0.07990142608393573 0
outer loop
vertex 105.01276938393787 -16.138612755314785 -2
vertex 105 -15.979309499999857 -5.45
vertex 105.01276938393798 -16.13861275531482 -5.45
endloop
endfacet
facet normal -1 0 0
outer loop
vertex 105 -10.499999999999993 -2
vertex 105 -10.471177920604612 -2
vertex 105 -10.385819298767228 -2
endloop
endfacet
facet normal -1 0 0
outer loop
vertex 105 -10.499999999999993 -2
vertex 105 -10.385819298767228 -2
vertex 105 -10.247204418454098 -2
endloop
endfacet
facet normal -1 0 0
outer loop
vertex 105 -10.499999999999993 -2
vertex 105 -10.247204418454098 -2
vertex 105 -10.060660171777922 -2
endloop
endfacet
facet normal -1 0 0
outer loop
vertex 105 -10.499999999999993 -2
vertex 105 -10.060660171777922 -2
vertex 105 -9.833355349529402 -2
endloop
endfacet
facet normal -1 0 0
outer loop
vertex 105 -10.499999999999993 -2
vertex 105 -9.833355349529402 -2
vertex 105 -9.574025148547149 -2
endloop
endfacet
facet normal -1 0 0
outer loop
vertex 105 -10.499999999999993 -2
vertex 105 -9.574025148547149 -2
vertex 105 -9.292635483025391 -2
endloop
endfacet
facet normal -1 0 0
outer loop
vertex 105 -10.499999999999993 -2
vertex 105 -9.292635483025391 -2
vertex 105 -9.000000000000131 -2
endloop
endfacet
facet normal -1 0 0
outer loop
vertex 105 -10.499999999999993 -2
vertex 105 -9.000000000000131 -2
vertex 105 -8.70736451697388 -2
endloop
endfacet
facet normal -1 0 0
outer loop
vertex 105 -10.499999999999993 -2
vertex 105 -8.70736451697388 -2
vertex 105 -8.425974851450336 -2
endloop
endfacet
facet normal -1 0 0
outer loop
vertex 105 -10.499999999999993 -2
vertex 105 -8.425974851450336 -2
vertex 105 -8.166644650473323 -2
endloop
endfacet
facet normal -1 0 0
outer loop
vertex 105 -10.499999999999993 -2
vertex 105 -8.166644650473323 -2
vertex 105 -7.939339828218257 -2
endloop
endfacet
facet normal -1 0 0
outer loop
vertex 105 -10.499999999999993 -2
vertex 105 -7.939339828218257 -2
vertex 105 -7.752795581546074 -2
endloop
endfacet
facet normal -1 0 0
outer loop
vertex 105 -10.499999999999993 -2
vertex 105 -7.752795581546074 -2
vertex 105 -7.614180701233163 -2
endloop
endfacet
facet normal -1 0 0
outer loop
vertex 105 -10.499999999999993 -2
vertex 105 -7.614180701233163 -2
vertex 105 -7.528822079394904 -2
endloop
endfacet
facet normal -1 0 0
outer loop
vertex 105 -10.499999999999993 -2
vertex 105 -7.528822079394904 -2
vertex 105 -7.499999999999823 -2
endloop
endfacet
facet normal -1 0 0
outer loop
vertex 105 -10.499999999999993 -2
vertex 105 -7.499999999999823 -2
vertex 105 -5.9999999999997 -2
endloop
endfacet
facet normal -1 0 0
outer loop
vertex 105 -10.499999999999993 -2
vertex 105 -5.9999999999997 -2
vertex 105 -5.826351822334354 -2
endloop
endfacet
facet normal -1 0 0
outer loop
vertex 105 -10.499999999999993 -2
vertex 105 -5.826351822334354 -2
vertex 105 -5.657979856673329 -2
endloop
endfacet
facet normal -1 0 0
outer loop
vertex 105 -10.499999999999993 -2
vertex 105 -5.657979856673329 -2
vertex 105 -5.5000000000000036 -2
endloop
endfacet
facet normal -1 0 0
outer loop
vertex 105 -10.499999999999993 -2
vertex 105 -5.5000000000000036 -2
vertex 105 -5.357212390313922 -2
endloop
endfacet
facet normal -1 0 0
outer loop
vertex 105 -10.499999999999993 -2
vertex 105 -5.357212390313922 -2
vertex 105 -5.23395555688095 -2
endloop
endfacet
facet normal -1 0 0
outer loop
vertex 105 -10.499999999999993 -2
vertex 105 -5.23395555688095 -2
vertex 105 -5.133974596214999 -2
endloop
endfacet
facet normal -1 0 0
outer loop
vertex 105 -10.499999999999993 -2
vertex 105 -5.133974596214999 -2
vertex 105 -5.060307379214301 -2
endloop
endfacet
facet normal -1 0 0
outer loop
vertex 105 -10.499999999999993 -2
vertex 105 -5.060307379214301 -2
vertex 105 -5.015192246987847 -2
endloop
endfacet
facet normal -1 0 0
outer loop
vertex 105 -10.499999999999993 -2
vertex 105 -5.015192246987847 -2
vertex 105 -5 -2
endloop
endfacet
facet normal -1 0 0
outer loop
vertex 105 -10.499999999999993 -2
vertex 105 -5 -2
vertex 105 -4.925974851452384 -2
endloop
endfacet
facet normal -1 0 0
outer loop
vertex 105 -10.499999999999993 -2
vertex 105 -4.925974851452384 -2
vertex 105 -4.666644650470754 -2
endloop
endfacet
facet normal -1 0 0
outer loop
vertex 105 -10.499999999999993 -2
vertex 105 -4.666644650470754 -2
vertex 105 -4.439339828219904 -2
endloop
endfacet
facet normal -1 0 0
outer loop
vertex 105 -10.499999999999993 -2
vertex 105 -4.439339828219904 -2
vertex 105 -4.252795581546225 -2
endloop
endfacet
facet normal -1 0 0
outer loop
vertex 105 -10.499999999999993 -2
vertex 105 -4.252795581546225 -2
vertex 105 -4.1141807012332485 -2
endloop
endfacet
facet normal -1 0 0
outer loop
vertex 105 -10.499999999999993 -2
vertex 105 -4.1141807012332485 -2
vertex 105 -4.028822079395068 -2
endloop
endfacet
facet normal -1 0 0
outer loop
vertex 105 -10.499999999999993 -2
vertex 105 -4.028822079395068 -2
vertex 105 -3.9999999999999867 -2
endloop
endfacet
facet normal -1 0 0
outer loop
vertex 105 -10.499999999999993 -2
vertex 105 -3.9999999999999867 -2
vertex 105 29.999999999999897 -2
endloop
endfacet
facet normal -1 0 0
outer loop
vertex 105 -10.499999999999993 -2
vertex 105 29.999999999999897 -2
vertex 105 30.02882207939482 -2
endloop
endfacet
facet normal -1 0 0
outer loop
vertex 105 -10.499999999999993 -2
vertex 105 30.02882207939482 -2
vertex 105 30.11418070123334 -2
endloop
endfacet
facet normal -1 0 0
outer loop
vertex 105 -10.499999999999993 -2
vertex 105 30.11418070123334 -2
vertex 105 30.25279558154572 -2
endloop
endfacet
facet normal -1 0 0
outer loop
vertex 105 -10.499999999999993 -2
vertex 105 30.25279558154572 -2
vertex 105 30.439339828220703 -2
endloop
endfacet
facet normal -1 0 0
outer loop
vertex 105 -10.499999999999993 -2
vertex 105 30.439339828220703 -2
vertex 105 30.666644650470527 -2
endloop
endfacet
facet normal -1 0 0
outer loop
vertex 105 -10.499999999999993 -2
vertex 105 30.666644650470527 -2
vertex 105 30.92597485145127 -2
endloop
endfacet
facet normal -1 0 0
outer loop
vertex 105 -10.499999999999993 -2
vertex 105 30.92597485145127 -2
vertex 105 31.207364516977414 -2
endloop
endfacet
facet normal -1 0 0
outer loop
vertex 105 -10.499999999999993 -2
vertex 105 31.207364516977414 -2
vertex 105 31.500000000000043 -2
endloop
endfacet
facet normal -1 0 0
outer loop
vertex 105 -10.499999999999993 -2
vertex 105 31.500000000000043 -2
vertex 105 31.79263548302401 -2
endloop
endfacet
facet normal -1 0 0
outer loop
vertex 105 -10.499999999999993 -2
vertex 105 31.79263548302401 -2
vertex 105 32.074025148547406 -2
endloop
endfacet
facet normal -1 0 0
outer loop
vertex 105 -10.499999999999993 -2
vertex 105 32.074025148547406 -2
vertex 105 32.33335534952926 -2
endloop
endfacet
facet normal -1 0 0
outer loop
vertex 105 -10.499999999999993 -2
vertex 105 32.33335534952926 -2
vertex 105 32.560660171780206 -2
endloop
endfacet
facet normal -1 0 0
outer loop
vertex 105 -10.499999999999993 -2
vertex 105 32.560660171780206 -2
vertex 105 32.74720441845361 -2
endloop
endfacet
facet normal -1 0 0
outer loop
vertex 105 -10.499999999999993 -2
vertex 105 32.74720441845361 -2
vertex 105 32.8858192987664 -2
endloop
endfacet
facet normal -1 0 0
outer loop
vertex 105 -10.499999999999993 -2
vertex 105 32.8858192987664 -2
vertex 105 32.971177920604724 -2
endloop
endfacet
facet normal -1 0 0
outer loop
vertex 105 -10.499999999999993 -2
vertex 105 32.971177920604724 -2
vertex 105 32.99999999999992 -2
endloop
endfacet
facet normal -1 0 0
outer loop
vertex 105 -10.499999999999993 -2
vertex 105 32.99999999999992 -2
vertex 105 38.00000000000172 -2
endloop
endfacet
facet normal -1 0 0
outer loop
vertex 105 -10.499999999999993 -2
vertex 105 38.00000000000172 -2
vertex 105 38 -5.45
endloop
endfacet
facet normal -1 0 0
outer loop
vertex 105 -10.499999999999993 -2
vertex 105 38 -5.45
vertex 105.0000000614961 -14.668714512174475 -5.45
endloop
endfacet
facet normal -1 0 0
outer loop
vertex 105 -10.499999999999993 -2
vertex 105.0000000614961 -14.668714512174475 -5.45
vertex 105 -15.979309499999857 -5.45
endloop
endfacet
facet normal -1 0 0
outer loop
vertex 105 -10.499999999999993 -2
vertex 105 -15.979309499999857 -5.45
vertex 105 -15.979309500001163 -2
endloop
endfacet
facet normal -0.9961946980917447 -0.08715574274766874 0
outer loop
vertex 105 38.00000000000172 -2
vertex 104.98480775301253 38.17364817766499 -2
vertex 104.9848077530122 38.17364817766693 -5.45
endloop
endfacet
facet normal -0.9961946980917447 -0.08715574274766874 0
outer loop
vertex 105 38.00000000000172 -2
vertex 104.9848077530122 38.17364817766693 -5.45
vertex 105 38 -5.45
endloop
endfacet
facet normal -0.9659258262890629 -0.2588190451025413 0
outer loop
vertex 104.98480775301253 38.17364817766499 -2
vertex 104.93969262078531 38.34202014332718 -2
vertex 104.9396926207859 38.342020143325655 -5.45
endloop
endfacet
facet normal -0.9659258262890629 -0.2588190451025413 0
outer loop
vertex 104.98480775301253 38.17364817766499 -2
vertex 104.9396926207859 38.342020143325655 -5.45
vertex 104.9848077530122 38.17364817766693 -5.45
endloop
endfacet
facet normal -0.9063077870366456 -0.42261826174070904 0
outer loop
vertex 104.93969262078531 38.34202014332718 -2
vertex 104.86602540378486 38.49999999999932 -2
vertex 104.86602540378445 38.49999999999997 -5.45
endloop
endfacet
facet normal -0.9063077870366456 -0.42261826174070904 0
outer loop
vertex 104.93969262078531 38.34202014332718 -2
vertex 104.86602540378445 38.49999999999997 -5.45
vertex 104.9396926207859 38.342020143325655 -5.45
endloop
endfacet
facet normal -0.8191520442889821 -0.5735764363510599 0
outer loop
vertex 104.86602540378486 38.49999999999932 -2
vertex 104.76604444311643 38.642787609690096 -2
vertex 104.76604444311891 38.64278760968661 -5.45
endloop
endfacet
facet normal -0.8191520442889821 -0.5735764363510599 0
outer loop
vertex 104.86602540378486 38.49999999999932 -2
vertex 104.76604444311891 38.64278760968661 -5.45
vertex 104.86602540378445 38.49999999999997 -5.45
endloop
endfacet
facet normal -0.7071067811865547 -0.7071067811865405 0
outer loop
vertex 104.76604444311643 38.642787609690096 -2
vertex 104.64278760968953 38.76604444311699 -2
vertex 104.64278760968655 38.76604444311898 -5.45
endloop
endfacet
facet normal -0.7071067811865547 -0.7071067811865405 0
outer loop
vertex 104.76604444311643 38.642787609690096 -2
vertex 104.64278760968655 38.76604444311898 -5.45
vertex 104.76604444311891 38.64278760968661 -5.45
endloop
endfacet
facet normal -0.5735764363510599 -0.8191520442889821 0
outer loop
vertex 104.64278760968953 38.76604444311699 -2
vertex 104.50000000000662 38.86602540377992 -2
vertex 104.50000000000006 38.86602540378441 -5.45
endloop
endfacet
facet normal -0.5735764363510599 -0.8191520442889821 0
outer loop
vertex 104.64278760968953 38.76604444311699 -2
vertex 104.50000000000006 38.86602540378441 -5.45
vertex 104.64278760968655 38.76604444311898 -5.45
endloop
endfacet
facet normal -0.42261826174069467 -0.9063077870366523 0
outer loop
vertex 104.50000000000662 38.86602540377992 -2
vertex 104.34202014331858 38.93969262078778 -2
vertex 104.3420201433257 38.93969262078589 -5.45
endloop
endfacet
facet normal -0.42261826174069467 -0.9063077870366523 0
outer loop
vertex 104.50000000000662 38.86602540377992 -2
vertex 104.3420201433257 38.93969262078589 -5.45
vertex 104.50000000000006 38.86602540378441 -5.45
endloop
endfacet
facet normal -0.2588190451025271 -0.9659258262890666 0
outer loop
vertex 104.34202014331858 38.93969262078778 -2
vertex 104.17364817766519 38.98480775301265 -2
vertex 104.17364817766692 38.984807753012205 -5.45
endloop
endfacet
facet normal -0.2588190451025271 -0.9659258262890666 0
outer loop
vertex 104.34202014331858 38.93969262078778 -2
vertex 104.17364817766692 38.984807753012205 -5.45
vertex 104.3420201433257 38.93969262078589 -5.45
endloop
endfacet
facet normal -0.08715574274766881 -0.9961946980917447 0
outer loop
vertex 104.17364817766519 38.98480775301265 -2
vertex 104.00000000000337 39 -2
vertex 103.99999999999999 39 -5.45
endloop
endfacet
facet normal -0.08715574274766881 -0.9961946980917447 0
outer loop
vertex 104.17364817766519 38.98480775301265 -2
vertex 103.99999999999999 39 -5.45
vertex 104.17364817766692 38.984807753012205 -5.45
endloop
endfacet
facet normal 0 -1 0
outer loop
vertex 84.5 39 -6.45
vertex 84.5 39 -5.45
vertex 84 39 -5.45
endloop
endfacet
facet normal 0 -1 0
outer loop
vertex 84.5 39 -6.45
vertex 84 39 -5.45
vertex 84 39 -6.45
endloop
endfacet
facet normal 0 -1 0
outer loop
vertex 84.5 39 -5.45
vertex 103.99999999999999 39 -5.45
vertex 104.00000000000337 39 -2
endloop
endfacet
facet normal 0 -1 0
outer loop
vertex 84.5 39 -5.45
vertex 104.00000000000337 39 -2
vertex 84.00000000000283 39 -2
endloop
endfacet
facet normal 0 -1 0
outer loop
vertex 84.5 39 -5.45
vertex 84.00000000000283 39 -2
vertex 84 39 -5.45
endloop
endfacet
facet normal -0.08715574274769078 -0.9961946980917427 7.144143824892982e-14
outer loop
vertex 84 39 -5.45
vertex 84.00000000000283 39 -2
vertex 83.82635182233187 39.01519224698815 -2
endloop
endfacet
facet normal -0.08715574274769078 -0.9961946980917427 7.144143824892982e-14
outer loop
vertex 84 39 -5.45
vertex 83.82635182233187 39.01519224698815 -2
vertex 83.82635182233189 39.01519224698815 -6.450000000000004
endloop
endfacet
facet normal -0.08715574274769078 -0.9961946980917427 7.144143824892982e-14
outer loop
vertex 84 39 -5.45
vertex 83.82635182233189 39.01519224698815 -6.450000000000004
vertex 84 39 -6.45
endloop
endfacet
facet normal -0.2588190451025271 -0.9659258262890666 0
outer loop
vertex 83.82635182233187 39.01519224698815 -2
vertex 83.65797985667258 39.0603073792146 -2
vertex 83.6579798566726 39.060307379214606 -6.450000000000004
endloop
endfacet
facet normal -0.2588190451025271 -0.9659258262890666 0
outer loop
vertex 83.82635182233187 39.01519224698815 -2
vertex 83.6579798566726 39.060307379214606 -6.450000000000004
vertex 83.82635182233189 39.01519224698815 -6.450000000000004
endloop
endfacet
facet normal -0.42261826174068157 -0.9063077870366583 0
outer loop
vertex 83.65797985667258 39.0603073792146 -2
vertex 83.50000000000155 39.13397459621453 -2
vertex 83.50000000000153 39.13397459621452 -6.45
endloop
endfacet
facet normal -0.42261826174068157 -0.9063077870366583 0
outer loop
vertex 83.65797985667258 39.0603073792146 -2
vertex 83.50000000000153 39.13397459621452 -6.45
vertex 83.6579798566726 39.060307379214606 -6.450000000000004
endloop
endfacet
facet normal -0.5735764363510599 -0.8191520442889821 0
outer loop
vertex 83.50000000000155 39.13397459621453 -2
vertex 83.35721239031317 39.23395555688129 -2
vertex 83.35721239031318 39.2339555568813 -6.45
endloop
endfacet
facet normal -0.5735764363510599 -0.8191520442889821 0
outer loop
vertex 83.50000000000155 39.13397459621453 -2
vertex 83.35721239031318 39.2339555568813 -6.45
vertex 83.50000000000153 39.13397459621452 -6.45
endloop
endfacet
facet normal -0.7071067811865689 -0.7071067811865263 0
outer loop
vertex 83.35721239031317 39.23395555688129 -2
vertex 83.23395555688106 39.357212390313414 -2
vertex 83.23395555688106 39.357212390313414 -6.45
endloop
endfacet
facet normal -0.7071067811865689 -0.7071067811865263 0
outer loop
vertex 83.35721239031317 39.23395555688129 -2
vertex 83.23395555688106 39.357212390313414 -6.45
vertex 83.35721239031318 39.2339555568813 -6.45
endloop
endfacet
facet normal -0.8191520442889821 -0.5735764363510599 0
outer loop
vertex 83.23395555688106 39.357212390313414 -2
vertex 83.13397459621574 39.499999999999744 -2
vertex 83.13397459621574 39.49999999999975 -6.45
endloop
endfacet
facet normal -0.8191520442889821 -0.5735764363510599 0
outer loop
vertex 83.23395555688106 39.357212390313414 -2
vertex 83.13397459621574 39.49999999999975 -6.45
vertex 83.23395555688106 39.357212390313414 -6.45
endloop
endfacet
facet normal -0.9063077870366456 -0.42261826174070904 0
outer loop
vertex 83.13397459621574 39.499999999999744 -2
vertex 83.06030737921424 39.65797985667413 -2
vertex 83.06030737921425 39.65797985667413 -6.450000000000004
endloop
endfacet
facet normal -0.9063077870366456 -0.42261826174070904 0
outer loop
vertex 83.13397459621574 39.499999999999744 -2
vertex 83.06030737921425 39.65797985667413 -6.450000000000004
vertex 83.13397459621574 39.49999999999975 -6.45
endloop
endfacet
facet normal -0.9659258262890704 -0.25881904510251297 0
outer loop
vertex 83.06030737921424 39.65797985667413 -2
vertex 83.01519224698808 39.826351822332335 -2
vertex 83.01519224698808 39.82635182233234 -6.45
endloop
endfacet
facet normal -0.9659258262890704 -0.25881904510251297 0
outer loop
vertex 83.06030737921424 39.65797985667413 -2
vertex 83.01519224698808 39.82635182233234 -6.45
vertex 83.06030737921425 39.65797985667413 -6.450000000000004
endloop
endfacet
facet normal -0.9961946980917447 -0.08715574274766881 0
outer loop
vertex 83.01519224698808 39.826351822332335 -2
vertex 83 40.00000000000258 -2
vertex 83 40.000000000002586 -6.450000000000004
endloop
endfacet
facet normal -0.9961946980917447 -0.08715574274766881 0
outer loop
vertex 83.01519224698808 39.826351822332335 -2
vertex 83 40.000000000002586 -6.450000000000004
vertex 83.01519224698808 39.82635182233234 -6.45
endloop
endfacet
facet normal -1 0 0
outer loop
vertex 83 44 -2
vertex 83 44.02882207939516 -2
vertex 83 44.11418070123339 -2
endloop
endfacet
facet normal -1 0 0
outer loop
vertex 83 44 -2
vertex 83 44.11418070123339 -2
vertex 83 44.25279558154604 -2
endloop
endfacet
facet normal -1 0 0
outer loop
vertex 83 44 -2
vertex 83 44.25279558154604 -2
vertex 83 44.439339828220454 -2
endloop
endfacet
facet normal -1 0 0
outer loop
vertex 83 44 -2
vertex 83 44.439339828220454 -2
vertex 83 44.66664465047011 -2
endloop
endfacet
facet normal -1 0 0
outer loop
vertex 83 44 -2
vertex 83 44.66664465047011 -2
vertex 83 44.925974851451954 -2
endloop
endfacet
facet normal -1 0 0
outer loop
vertex 83 44 -2
vertex 83 44.925974851451954 -2
vertex 83 45.20736451697591 -2
endloop
endfacet
facet normal -1 0 0
outer loop
vertex 83 44 -2
vertex 83 45.20736451697591 -2
vertex 83 45.50000000000002 -2
endloop
endfacet
facet normal -1 0 0
outer loop
vertex 83 44 -2
vertex 83 45.50000000000002 -2
vertex 83 45.792635483024235 -2
endloop
endfacet
facet normal -1 0 0
outer loop
vertex 83 44 -2
vertex 83 45.792635483024235 -2
vertex 83 46.07402514854743 -2
endloop
endfacet
facet normal -1 0 0
outer loop
vertex 83 44 -2
vertex 83 46.07402514854743 -2
vertex 83 46.33335534952853 -2
endloop
endfacet
facet normal -1 0 0
outer loop
vertex 83 44 -2
vertex 83 46.33335534952853 -2
vertex 83 46.56066017178046 -2
endloop
endfacet
facet normal -1 0 0
outer loop
vertex 83 44 -2
vertex 83 46.56066017178046 -2
vertex 83 46.74720441845375 -2
endloop
endfacet
facet normal -1 0 0
outer loop
vertex 83 44 -2
vertex 83 46.74720441845375 -2
vertex 83 46.885819298767274 -2
endloop
endfacet
facet normal -1 0 0
outer loop
vertex 83 44 -2
vertex 83 46.885819298767274 -2
vertex 83 46.971177920604774 -2
endloop
endfacet
facet normal -1 0 0
outer loop
vertex 83 44 -2
vertex 83 46.971177920604774 -2
vertex 83 47.000000000000014 -2
endloop
endfacet
facet normal -1 0 0
outer loop
vertex 83 44 -2
vertex 83 47.000000000000014 -2
vertex 83 49.999999999995275 -2
endloop
endfacet
facet normal -1 0 0
outer loop
vertex 83 44 -2
vertex 83 49.999999999995275 -2
vertex 83 50 -6.45
endloop
endfacet
facet normal -1 0 0
outer loop
vertex 83 44 -2
vertex 83 50 -6.45
vertex 83 40.000000000002586 -6.450000000000004
endloop
endfacet
facet normal -1 0 0
outer loop
vertex 83 44 -2
vertex 83 40.000000000002586 -6.450000000000004
vertex 83 40.00000000000258 -2
endloop
endfacet
facet normal -0.9961946980917434 -0.08715574274768308 0
outer loop
vertex 83 49.999999999995275 -2
vertex 82.98480775301157 50.17364817766945 -2
vertex 82.98480775301158 50.173648177669456 -6.450000000000004
endloop
endfacet
facet normal -0.9961946980917434 -0.08715574274768308 0
outer loop
vertex 83 49.999999999995275 -2
vertex 82.98480775301158 50.173648177669456 -6.450000000000004
vertex 83 50 -6.45
endloop
endfacet
facet normal -0.9659258262890666 -0.2588190451025271 0
outer loop
vertex 82.98480775301157 50.17364817766945 -2
vertex 82.9396926207864 50.34202014332392 -2
vertex 82.93969262078642 50.34202014332393 -6.450000000000004
endloop
endfacet
facet normal -0.9659258262890666 -0.2588190451025271 0
outer loop
vertex 82.98480775301157 50.17364817766945 -2
vertex 82.93969262078642 50.34202014332393 -6.450000000000004
vertex 82.98480775301158 50.173648177669456 -6.450000000000004
endloop
endfacet
facet normal -0.9063077870366388 -0.4226182617407234 0
outer loop
vertex 82.9396926207864 50.34202014332392 -2
vertex 82.86602540378362 50.500000000001044 -2
vertex 82.86602540378365 50.50000000000105 -6.450000000000004
endloop
endfacet
facet normal -0.9063077870366388 -0.4226182617407234 0
outer loop
vertex 82.9396926207864 50.34202014332392 -2
vertex 82.86602540378365 50.50000000000105 -6.450000000000004
vertex 82.93969262078642 50.34202014332393 -6.450000000000004
endloop
endfacet
facet normal -0.8191520442889798 -0.5735764363510633 0
outer loop
vertex 82.86602540378362 50.500000000001044 -2
vertex 82.76604444311874 50.642787609686756 -2
vertex 82.76604444311874 50.64278760968676 -6.45
endloop
endfacet
facet normal -0.8191520442889798 -0.5735764363510633 0
outer loop
vertex 82.86602540378362 50.500000000001044 -2
vertex 82.76604444311874 50.64278760968676 -6.45
vertex 82.86602540378365 50.50000000000105 -6.450000000000004
endloop
endfacet
facet normal -0.7071067811865689 -0.7071067811865263 0
outer loop
vertex 82.76604444311874 50.642787609686756 -2
vertex 82.64278760968627 50.76604444311924 -2
vertex 82.64278760968628 50.76604444311924 -6.45
endloop
endfacet
facet normal -0.7071067811865689 -0.7071067811865263 0
outer loop
vertex 82.76604444311874 50.642787609686756 -2
vertex 82.64278760968628 50.76604444311924 -6.45
vertex 82.76604444311874 50.64278760968676 -6.45
endloop
endfacet
facet normal -0.5735764363510599 -0.8191520442889821 0
outer loop
vertex 82.64278760968627 50.76604444311924 -2
vertex 82.49999999999824 50.86602540378575 -2
vertex 82.49999999999824 50.86602540378575 -6.45
endloop
endfacet
facet normal -0.5735764363510599 -0.8191520442889821 0
outer loop
vertex 82.64278760968627 50.76604444311924 -2
vertex 82.49999999999824 50.86602540378575 -6.45
vertex 82.64278760968628 50.76604444311924 -6.45
endloop
endfacet
facet normal -0.42261826174066586 -0.9063077870366657 0
outer loop
vertex 82.49999999999824 50.86602540378575 -2
vertex 82.3420201433279 50.93969262078535 -2
vertex 82.34202014332791 50.93969262078536 -6.45
endloop
endfacet
facet normal -0.42261826174066586 -0.9063077870366657 0
outer loop
vertex 82.49999999999824 50.86602540378575 -2
vertex 82.34202014332791 50.93969262078536 -6.45
vertex 82.49999999999824 50.86602540378575 -6.45
endloop
endfacet
facet normal -0.2588190451025271 -0.9659258262890666 0
outer loop
vertex 82.3420201433279 50.93969262078535 -2
vertex 82.17364817766574 50.98480775301257 -2
vertex 82.17364817766574 50.984807753012575 -6.450000000000004
endloop
endfacet
facet normal -0.2588190451025271 -0.9659258262890666 0
outer loop
vertex 82.3420201433279 50.93969262078535 -2
vertex 82.17364817766574 50.984807753012575 -6.450000000000004
vertex 82.34202014332791 50.93969262078536 -6.45
endloop
endfacet
facet normal -0.08715574274766881 -0.9961946980917447 0
outer loop
vertex 82.17364817766574 50.98480775301257 -2
vertex 82.00000000000362 51.000000009771725 -2
vertex 81.99999999915522 51.00000000007417 -6.450000000000004
endloop
endfacet
facet normal -0.08715574274766881 -0.9961946980917447 0
outer loop
vertex 82.17364817766574 50.98480775301257 -2
vertex 81.99999999915522 51.00000000007417 -6.450000000000004
vertex 82.17364817766574 50.984807753012575 -6.450000000000004
endloop
endfacet
facet normal 0 -0.9999999999998871 -4.7542848601612203e-7
outer loop
vertex 82.00000000000362 51.000000009771725 -2
vertex 7.1622849499990755 51.000000009771725 -2
vertex 7.162284949999112 51.00000165 -5.45
endloop
endfacet
facet normal 0 -0.9999999999998871 -4.7542848601612203e-7
outer loop
vertex 82.00000000000362 51.000000009771725 -2
vertex 7.162284949999112 51.00000165 -5.45
vertex 7.162284949999112 51.00000165 -6.45
endloop
endfacet
facet normal 0 -0.9999999999998871 -4.7542848601612203e-7
outer loop
vertex 82.00000000000362 51.000000009771725 -2
vertex 7.162284949999112 51.00000165 -6.45
vertex 81.99999999915522 51.00000000007417 -6.450000000000004
endloop
endfacet
facet normal 0.05359918343143733 -0.998562530608616 0
outer loop
vertex 7.1622849499990755 51.000000009771725 -2
vertex 7.055236010963625 50.99425565458798 -2
vertex 7.055234032825736 50.99425565458788 -5.45
endloop
endfacet
facet normal 0.05359918343143733 -0.998562530608616 0
outer loop
vertex 7.1622849499990755 51.000000009771725 -2
vertex 7.055234032825736 50.99425565458788 -5.45
vertex 7.162284949999112 51.00000165 -5.45
endloop
endfacet
facet normal 0.1601862353803368 -0.9870868097562013 0
outer loop
vertex 7.055236010963625 50.99425565458798 -2
vertex 6.949417304087703 50.97708320316858 -2
vertex 6.949417304088724 50.97708320316877 -5.45
endloop
endfacet
facet normal 0.1601862353803368 -0.9870868097562013 0
outer loop
vertex 7.055236010963625 50.99425565458798 -2
vertex 6.949417304088724 50.97708320316877 -5.45
vertex 7.055234032825736 50.99425565458788 -5.45
endloop
endfacet
facet normal 0.2649298330404262 -0.9642676928971394 0
outer loop
vertex 6.949417304087703 50.97708320316858 -2
vertex 6.846049900000168 50.94868330000014 -2
vertex 6.846049900000128 50.948683300000035 -5.45
endloop
endfacet
facet normal 0.2649298330404262 -0.9642676928971394 0
outer loop
vertex 6.949417304087703 50.97708320316858 -2
vertex 6.846049900000128 50.948683300000035 -5.45
vertex 6.949417304088724 50.97708320316877 -5.45
endloop
endfacet
facet normal 0.31622799486461123 -0.9486832217678921 2.556293311608268e-14
outer loop
vertex 6.846049900000128 50.948683300000035 -5.45
vertex 6.846049900000168 50.94868330000014 -2
vertex -4.999990474726974 47.000000000000014 -2
endloop
endfacet
facet normal 0.31622799486461123 -0.9486832217678921 2.556293311608268e-14
outer loop
vertex 6.846049900000128 50.948683300000035 -5.45
vertex -4.999990474726974 47.000000000000014 -2
vertex -5.086456643386191 46.971177920604774 -2
endloop
endfacet
facet normal 0.31622799486461123 -0.9486832217678921 2.556293311608268e-14
outer loop
vertex 6.846049900000128 50.948683300000035 -5.45
vertex -5.086456643386191 46.971177920604774 -2
vertex -5.34253230299101 46.885819298767274 -2
endloop
endfacet
facet normal 0.31622799486461123 -0.9486832217678921 2.556293311608268e-14
outer loop
vertex 6.846049900000128 50.948683300000035 -5.45
vertex -5.34253230299101 46.885819298767274 -2
vertex -5.758376609555661 46.74720441845375 -2
endloop
endfacet
facet normal 0.31622799486461123 -0.9486832217678921 2.556293311608268e-14
outer loop
vertex 6.846049900000128 50.948683300000035 -5.45
vertex -5.758376609555661 46.74720441845375 -2
vertex -6.318008899581231 46.56066017178046 -2
endloop
endfacet
facet normal 0.31622799486461123 -0.9486832217678921 2.556293311608268e-14
outer loop
vertex 6.846049900000128 50.948683300000035 -5.45
vertex -6.318008899581231 46.56066017178046 -2
vertex -6.999922818017402 46.33335534952853 -2
endloop
endfacet
facet normal 0.31622799486461123 -0.9486832217678921 2.556293311608268e-14
outer loop
vertex 6.846049900000128 50.948683300000035 -5.45
vertex -6.999922818017402 46.33335534952853 -2
vertex -7.777912795387373 46.07402514854743 -2
endloop
endfacet
facet normal 0.31622799486461123 -0.9486832217678921 2.556293311608268e-14
outer loop
vertex 6.846049900000128 50.948683300000035 -5.45
vertex -7.777912795387373 46.07402514854743 -2
vertex -8.62208111317032 45.792635483024235 -2
endloop
endfacet
facet normal 0.31622799486461123 -0.9486832217678921 2.556293311608268e-14
outer loop
vertex 6.846049900000128 50.948683300000035 -5.45
vertex -8.62208111317032 45.792635483024235 -2
vertex -9.49998685632841 45.50000000000002 -2
endloop
endfacet
facet normal 0.31622799486461123 -0.9486832217678921 2.556293311608268e-14
outer loop
vertex 6.846049900000128 50.948683300000035 -5.45
vertex -9.49998685632841 45.50000000000002 -2
vertex -10.316225000000326 45.22792039999995 -2
endloop
endfacet
facet normal 0.31622799486461123 -0.9486832217678921 2.556293311608268e-14
outer loop
vertex 6.846049900000128 50.948683300000035 -5.45
vertex -10.316225000000326 45.22792039999995 -2
vertex -10.31622500000033 45.22792039999996 -5.450000000000002
endloop
endfacet
facet normal 0.31622799486461123 -0.9486832217678921 2.556293311608268e-14
outer loop
vertex 6.846049900000128 50.948683300000035 -5.45
vertex -10.31622500000033 45.22792039999996 -5.450000000000002
vertex -10.31622500000033 45.22792039999996 -6.450000000000004
endloop
endfacet
facet normal 0.31622799486461123 -0.9486832217678921 2.556293311608268e-14
outer loop
vertex 6.846049900000128 50.948683300000035 -5.45
vertex -10.31622500000033 45.22792039999996 -6.450000000000004
vertex 6.846049900000166 50.94868330000015 -6.450000000000004
endloop
endfacet
facet normal 0 0 1
outer loop
vertex -10.316225000000326 45.22792039999995 -2
vertex -10.364870290306197 45.20736451697591 -2
vertex -10.459896829209084 45.167209459711664 -2
endloop
endfacet
facet normal 0 0 1
outer loop
vertex -10.316225000000326 45.22792039999995 -2
vertex -10.459896829209084 45.167209459711664 -2
vertex -10.459896829209148 45.167209459711536 -5.45
endloop
endfacet
facet normal 0 0 1
outer loop
vertex -10.316225000000326 45.22792039999995 -2
vertex -10.459896829209148 45.167209459711536 -5.45
vertex -10.31622500000033 45.22792039999996 -5.450000000000002
endloop
endfacet
facet normal 0.5277410238520887 -0.8494053282994811 2.1706826624805378e-14
outer loop
vertex -10.459896829209148 45.167209459711536 -5.45
vertex -10.459896829209084 45.167209459711664 -2
vertex -10.592380680056618 45.08489638636408 -2
endloop
endfacet
facet normal 0.5277410238520887 -0.8494053282994811 2.1706826624805378e-14
outer loop
vertex -10.459896829209148 45.167209459711536 -5.45
vertex -10.592380680056618 45.08489638636408 -2
vertex -10.59237914677862 45.08489733899961 -6.45
endloop
endfacet
facet normal 0.5277410238520887 -0.8494053282994811 2.1706826624805378e-14
outer loop
vertex -10.459896829209148 45.167209459711536 -5.45
vertex -10.59237914677862 45.08489733899961 -6.45
vertex -10.459896829209084 45.167209459711664 -6.45
endloop
endfacet
facet normal 0.6534020997447594 -0.7570110276932164 0
outer loop
vertex -10.592380680056618 45.08489638636408 -2
vertex -10.710453563213667 44.98298364407177 -2
vertex -10.710452116698157 44.98298489260877 -6.45
endloop
endfacet
facet normal 0.6534020997447594 -0.7570110276932164 0
outer loop
vertex -10.592380680056618 45.08489638636408 -2
vertex -10.710452116698157 44.98298489260877 -6.45
vertex -10.59237914677862 45.08489733899961 -6.45
endloop
endfacet
facet normal 0 0 1
outer loop
vertex -10.710453563213667 44.98298364407177 -2
vertex -10.758724895421953 44.925974851451954 -2
vertex -10.811243070918223 44.8639505061797 -2
endloop
endfacet
facet normal 0 0 1
outer loop
vertex -10.710453563213667 44.98298364407177 -2
vertex -10.811243070918223 44.8639505061797 -2
vertex -10.811241797871467 44.86395200965714 -6.45
endloop
endfacet
facet normal 0 0 1
outer loop
vertex -10.710453563213667 44.98298364407177 -2
vertex -10.811241797871467 44.86395200965714 -6.45
vertex -10.710452116698157 44.98298489260877 -6.45
endloop
endfacet
facet normal 0.8543671932921306 -0.5196697980700122 0
outer loop
vertex -10.811243070918223 44.8639505061797 -2
vertex -10.89229725520702 44.7306927409746 -2
vertex -10.892296225563648 44.73069443376784 -6.450000000000004
endloop
endfacet
facet normal 0.8543671932921306 -0.5196697980700122 0
outer loop
vertex -10.811243070918223 44.8639505061797 -2
vertex -10.892296225563648 44.73069443376784 -6.450000000000004
vertex -10.811241797871467 44.86395200965714 -6.45
endloop
endfacet
facet normal 0 0 -1
outer loop
vertex -10.89229725520702 44.7306927409746 -2
vertex -10.918649503395834 44.66664465047011 -2
vertex -10.951644277485096 44.58645216511166 -2
endloop
endfacet
facet normal 0 0 -1
outer loop
vertex -10.89229725520702 44.7306927409746 -2
vertex -10.951644277485096 44.58645216511166 -2
vertex -10.95164353763405 44.5864539632902 -6.45
endloop
endfacet
facet normal 0 0 -1
outer loop
vertex -10.89229725520702 44.7306927409746 -2
vertex -10.95164353763405 44.5864539632902 -6.45
vertex -10.892296225563648 44.73069443376784 -6.450000000000004
endloop
endfacet
facet normal 0 0 1
outer loop
vertex -10.951644277485096 44.58645216511166 -2
vertex -10.986742418749731 44.439339828220454 -2
vertex -10.987840378245279 44.43473777861377 -2
endloop
endfacet
facet normal 0 0 1
outer loop
vertex -10.951644277485096 44.58645216511166 -2
vertex -10.987840378245279 44.43473777861377 -2
vertex -10.987840378245279 44.43473777861378 -5.45
endloop
endfacet
facet normal 0 0 1
outer loop
vertex -10.951644277485096 44.58645216511166 -2
vertex -10.987840378245279 44.43473777861378 -5.45
vertex -10.98783994654657 44.4347395880602 -6.45
endloop
endfacet
facet normal 0 0 1
outer loop
vertex -10.951644277485096 44.58645216511166 -2
vertex -10.98783994654657 44.4347395880602 -6.45
vertex -10.95164353763405 44.5864539632902 -6.45
endloop
endfacet
facet normal 0.9969564530558903 -0.07796044324026496 0
outer loop
vertex -10.987840378245279 44.43473777861377 -2
vertex -11 44.2792408000021 -2
vertex -11.000000000000004 44.27924079999999 -5.45
endloop
endfacet
facet normal 0.9969564530558903 -0.07796044324026496 0
outer loop
vertex -10.987840378245279 44.43473777861377 -2
vertex -11.000000000000004 44.27924079999999 -5.45
vertex -10.987840378245279 44.43473777861378 -5.45
endloop
endfacet
facet normal -1 3.6659867604871896e-9 1.0297698383840356e-15
outer loop
vertex -11 44.27924205000001 -6.45
vertex -11.000000000000004 44.27924079999999 -5.45
vertex -11 44.2792408000021 -2
endloop
endfacet
facet normal -1 3.6659867604871896e-9 1.0297698383840356e-15
outer loop
vertex -11 44.27924205000001 -6.45
vertex -11 44.2792408000021 -2
vertex -11 44.25279558154604 -2
endloop
endfacet
facet normal -1 3.6659867604871896e-9 1.0297698383840356e-15
outer loop
vertex -11 44.27924205000001 -6.45
vertex -11 44.25279558154604 -2
vertex -11 44.11418070123339 -2
endloop
endfacet
facet normal -1 3.6659867604871896e-9 1.0297698383840356e-15
outer loop
vertex -11 44.27924205000001 -6.45
vertex -11 44.11418070123339 -2
vertex -11 44.02882207939516 -2
endloop
endfacet
facet normal -1 3.6659867604871896e-9 1.0297698383840356e-15
outer loop
vertex -11 44.27924205000001 -6.45
vertex -11 44.02882207939516 -2
vertex -11 44 -2
endloop
endfacet
facet normal -1 3.6659867604871896e-9 1.0297698383840356e-15
outer loop
vertex -11 44.27924205000001 -6.45
vertex -11 44 -2
vertex -11 40.00000000000258 -2
endloop
endfacet
facet normal -1 3.6659867604871896e-9 1.0297698383840356e-15
outer loop
vertex -11 44.27924205000001 -6.45
vertex -11 40.00000000000258 -2
vertex -11 39.826351822332335 -2
endloop
endfacet
facet normal -1 3.6659867604871896e-9 1.0297698383840356e-15
outer loop
vertex -11 44.27924205000001 -6.45
vertex -11 39.826351822332335 -2
vertex -11 39.65797985667413 -2
endloop
endfacet
facet normal -1 3.6659867604871896e-9 1.0297698383840356e-15
outer loop
vertex -11 44.27924205000001 -6.45
vertex -11 39.65797985667413 -2
vertex -11 39.499999999999744 -2
endloop
endfacet
facet normal -1 3.6659867604871896e-9 1.0297698383840356e-15
outer loop
vertex -11 44.27924205000001 -6.45
vertex -11 39.499999999999744 -2
vertex -11 39.357212390313414 -2
endloop
endfacet
facet normal -1 3.6659867604871896e-9 1.0297698383840356e-15
outer loop
vertex -11 44.27924205000001 -6.45
vertex -11 39.357212390313414 -2
vertex -11 39.23395555688129 -2
endloop
endfacet
facet normal -1 3.6659867604871896e-9 1.0297698383840356e-15
outer loop
vertex -11 44.27924205000001 -6.45
vertex -11 39.23395555688129 -2
vertex -11 39.13397459621453 -2
endloop
endfacet
facet normal -1 3.6659867604871896e-9 1.0297698383840356e-15
outer loop
vertex -11 44.27924205000001 -6.45
vertex -11 39.13397459621453 -2
vertex -11 39.0603073792146 -2
endloop
endfacet
facet normal -1 3.6659867604871896e-9 1.0297698383840356e-15
outer loop
vertex -11 44.27924205000001 -6.45
vertex -11 39.0603073792146 -2
vertex -11 39.01519224698815 -2
endloop
endfacet
facet normal -1 3.6659867604871896e-9 1.0297698383840356e-15
outer loop
vertex -11 44.27924205000001 -6.45
vertex -11 39.01519224698815 -2
vertex -11 39 -2
endloop
endfacet
facet normal -1 3.6659867604871896e-9 1.0297698383840356e-15
outer loop
vertex -11 44.27924205000001 -6.45
vertex -11 39 -2
vertex -11 32.99999999999992 -2
endloop
endfacet
facet normal -1 3.6659867604871896e-9 1.0297698383840356e-15
outer loop
vertex -11 44.27924205000001 -6.45
vertex -11 32.99999999999992 -2
vertex -11 32.971177920604724 -2
endloop
endfacet
facet normal -1 3.6659867604871896e-9 1.0297698383840356e-15
outer loop
vertex -11 44.27924205000001 -6.45
vertex -11 32.971177920604724 -2
vertex -11 32.8858192987664 -2
endloop
endfacet
facet normal -1 3.6659867604871896e-9 1.0297698383840356e-15
outer loop
vertex -11 44.27924205000001 -6.45
vertex -11 32.8858192987664 -2
vertex -11 32.74720441845361 -2
endloop
endfacet
facet normal -1 3.6659867604871896e-9 1.0297698383840356e-15
outer loop
vertex -11 44.27924205000001 -6.45
vertex -11 32.74720441845361 -2
vertex -11 32.560660171780206 -2
endloop
endfacet
facet normal -1 3.6659867604871896e-9 1.0297698383840356e-15
outer loop
vertex -11 44.27924205000001 -6.45
vertex -11 32.560660171780206 -2
vertex -11 32.33335534952926 -2
endloop
endfacet
facet normal -1 3.6659867604871896e-9 1.0297698383840356e-15
outer loop
vertex -11 44.27924205000001 -6.45
vertex -11 32.33335534952926 -2
vertex -11 32.074025148547406 -2
endloop
endfacet
facet normal -1 3.6659867604871896e-9 1.0297698383840356e-15
outer loop
vertex -11 44.27924205000001 -6.45
vertex -11 32.074025148547406 -2
vertex -11 31.79263548302401 -2
endloop
endfacet
facet normal -1 3.6659867604871896e-9 1.0297698383840356e-15
outer loop
vertex -11 44.27924205000001 -6.45
vertex -11 31.79263548302401 -2
vertex -11 31.500000000000043 -2
endloop
endfacet
facet normal -1 3.6659867604871896e-9 1.0297698383840356e-15
outer loop
vertex -11 44.27924205000001 -6.45
vertex -11 31.500000000000043 -2
vertex -11 31.207364516977414 -2
endloop
endfacet
facet normal -1 3.6659867604871896e-9 1.0297698383840356e-15
outer loop
vertex -11 44.27924205000001 -6.45
vertex -11 31.207364516977414 -2
vertex -11 30.92597485145127 -2
endloop
endfacet
facet normal -1 3.6659867604871896e-9 1.0297698383840356e-15
outer loop
vertex -11 44.27924205000001 -6.45
vertex -11 30.92597485145127 -2
vertex -11 30.666644650470527 -2
endloop
endfacet
facet normal -1 3.6659867604871896e-9 1.0297698383840356e-15
outer loop
vertex -11 44.27924205000001 -6.45
vertex -11 30.666644650470527 -2
vertex -11 30.439339828220703 -2
endloop
endfacet
facet normal -1 3.6659867604871896e-9 1.0297698383840356e-15
outer loop
vertex -11 44.27924205000001 -6.45
vertex -11 30.439339828220703 -2
vertex -11 30.25279558154572 -2
endloop
endfacet
facet normal -1 3.6659867604871896e-9 1.0297698383840356e-15
outer loop
vertex -11 44.27924205000001 -6.45
vertex -11 30.25279558154572 -2
vertex -11 30.11418070123334 -2
endloop
endfacet
facet normal -1 3.6659867604871896e-9 1.0297698383840356e-15
outer loop
vertex -11 44.27924205000001 -6.45
vertex -11 30.11418070123334 -2
vertex -11 30.02882207939482 -2
endloop
endfacet
facet normal -1 3.6659867604871896e-9 1.0297698383840356e-15
outer loop
vertex -11 44.27924205000001 -6.45
vertex -11 30.02882207939482 -2
vertex -11 29.999999999999897 -2
endloop
endfacet
facet normal -1 3.6659867604871896e-9 1.0297698383840356e-15
outer loop
vertex -11 44.27924205000001 -6.45
vertex -11 29.999999999999897 -2
vertex -11 -3.9999999999999867 -2
endloop
endfacet
facet normal -1 3.6659867604871896e-9 1.0297698383840356e-15
outer loop
vertex -11 44.27924205000001 -6.45
vertex -11 -3.9999999999999867 -2
vertex -11 -4.028822079395068 -2
endloop
endfacet
facet normal -1 3.6659867604871896e-9 1.0297698383840356e-15
outer loop
vertex -11 44.27924205000001 -6.45
vertex -11 -4.028822079395068 -2
vertex -11 -4.1141807012332485 -2
endloop
endfacet
facet normal -1 3.6659867604871896e-9 1.0297698383840356e-15
outer loop
vertex -11 44.27924205000001 -6.45
vertex -11 -4.1141807012332485 -2
vertex -11 -4.252795581546225 -2
endloop
endfacet
facet normal -1 3.6659867604871896e-9 1.0297698383840356e-15
outer loop
vertex -11 44.27924205000001 -6.45
vertex -11 -4.252795581546225 -2
vertex -11 -4.439339828219904 -2
endloop
endfacet
facet normal -1 3.6659867604871896e-9 1.0297698383840356e-15
outer loop
vertex -11 44.27924205000001 -6.45
vertex -11 -4.439339828219904 -2
vertex -11 -4.666644650470754 -2
endloop
endfacet
facet normal -1 3.6659867604871896e-9 1.0297698383840356e-15
outer loop
vertex -11 44.27924205000001 -6.45
vertex -11 -4.666644650470754 -2
vertex -11 -4.925974851452384 -2
endloop
endfacet
facet normal -1 3.6659867604871896e-9 1.0297698383840356e-15
outer loop
vertex -11 44.27924205000001 -6.45
vertex -11 -4.925974851452384 -2
vertex -11 -5.2073645169757325 -2
endloop
endfacet
facet normal -1 3.6659867604871896e-9 1.0297698383840356e-15
outer loop
vertex -11 44.27924205000001 -6.45
vertex -11 -5.2073645169757325 -2
vertex -11 -5.5000000000000036 -2
endloop
endfacet
facet normal -1 3.6659867604871896e-9 1.0297698383840356e-15
outer loop
vertex -11 44.27924205000001 -6.45
vertex -11 -5.5000000000000036 -2
vertex -11 -5.792635483024239 -2
endloop
endfacet
facet normal -1 3.6659867604871896e-9 1.0297698383840356e-15
outer loop
vertex -11 44.27924205000001 -6.45
vertex -11 -5.792635483024239 -2
vertex -11 -6.074025148547626 -2
endloop
endfacet
facet normal -1 3.6659867604871896e-9 1.0297698383840356e-15
outer loop
vertex -11 44.27924205000001 -6.45
vertex -11 -6.074025148547626 -2
vertex -11 -6.333355349529178 -2
endloop
endfacet
facet normal -1 3.6659867604871896e-9 1.0297698383840356e-15
outer loop
vertex -11 44.27924205000001 -6.45
vertex -11 -6.333355349529178 -2
vertex -11 -6.560660171780031 -2
endloop
endfacet
facet normal -1 3.6659867604871896e-9 1.0297698383840356e-15
outer loop
vertex -11 44.27924205000001 -6.45
vertex -11 -6.560660171780031 -2
vertex -11 -6.747204418453821 -2
endloop
endfacet
facet normal -1 3.6659867604871896e-9 1.0297698383840356e-15
outer loop
vertex -11 44.27924205000001 -6.45
vertex -11 -6.747204418453821 -2
vertex -11 -6.885819298767052 -2
endloop
endfacet
facet normal -1 3.6659867604871896e-9 1.0297698383840356e-15
outer loop
vertex -11 44.27924205000001 -6.45
vertex -11 -6.885819298767052 -2
vertex -11 -6.971177920604831 -2
endloop
endfacet
facet normal -1 3.6659867604871896e-9 1.0297698383840356e-15
outer loop
vertex -11 44.27924205000001 -6.45
vertex -11 -6.971177920604831 -2
vertex -11 -7.000000000000028 -2
endloop
endfacet
facet normal -1 3.6659867604871896e-9 1.0297698383840356e-15
outer loop
vertex -11 44.27924205000001 -6.45
vertex -11 -7.000000000000028 -2
vertex -11 -10.000000000000439 -2
endloop
endfacet
facet normal -1 3.6659867604871896e-9 1.0297698383840356e-15
outer loop
vertex -11 44.27924205000001 -6.45
vertex -11 -10.000000000000439 -2
vertex -11.000000000000004 -10.00000000000044 -6.450000000000004
endloop
endfacet
facet normal -0.8616260842985928 0.5075435851789226 0
outer loop
vertex 107.99420969999846 -19.817223750002125 -2
vertex 108.07385338780952 -19.682017472410134 -2
vertex 108.07385338780836 -19.682017472412582 -5.35
endloop
endfacet
facet normal -0.8616260842985928 0.5075435851789226 0
outer loop
vertex 107.99420969999846 -19.817223750002125 -2
vertex 108.07385338780836 -19.682017472412582 -5.35
vertex 107.99420969999998 -19.81722375000004 -5.35
endloop
endfacet
facet normal -0.9304159741781419 0.36650527280537065 0
outer loop
vertex 108.07385338780952 -19.682017472410134 -2
vertex 108.07727314889146 -19.67333601384841 -2
vertex 108.07727314889146 -19.67333601384841 -5.35
endloop
endfacet
facet normal -0.9304159741781419 0.36650527280537065 0
outer loop
vertex 108.07385338780952 -19.682017472410134 -2
vertex 108.07727314889146 -19.67333601384841 -5.35
vertex 108.07385338780836 -19.682017472412582 -5.35
endloop
endfacet
facet normal -0.9304159741781451 0.36650527280536205 0
outer loop
vertex 108.07727314889146 -19.67333601384841 -5.35
vertex 108.07727314889146 -19.67333601384841 -2
vertex 108.09714327021364 -19.62289341545004 -2
endloop
endfacet
facet normal -0.9304159741781451 0.36650527280536205 0
outer loop
vertex 108.07727314889146 -19.67333601384841 -5.35
vertex 108.09714327021364 -19.62289341545004 -2
vertex 108.09714327021364 -19.62289341545004 -5.35
endloop
endfacet
facet normal -0.9304159741781451 0.36650527280536205 0
outer loop
vertex 108.07727314889146 -19.67333601384841 -5.35
vertex 108.09714327021364 -19.62289341545004 -5.35
vertex 108.09714327021321 -19.622893415450623 -5.45
endloop
endfacet
facet normal -0.9304159741781451 0.36650527280536205 0
outer loop
vertex 108.07727314889146 -19.67333601384841 -5.35
vertex 108.09714327021321 -19.622893415450623 -5.45
vertex 108.07727314889128 -19.673336013848377 -5.45
endloop
endfacet
facet normal -0.9304159741781419 0.36650527280537065 0
outer loop
vertex 108.09714327021364 -19.62289341545004 -2
vertex 108.13136535797177 -19.536016692296293 -2
vertex 108.13136535797177 -19.536016692296297 -5.35
endloop
endfacet
facet normal -0.9304159741781419 0.36650527280537065 0
outer loop
vertex 108.09714327021364 -19.62289341545004 -2
vertex 108.13136535797177 -19.536016692296297 -5.35
vertex 108.09714327021364 -19.62289341545004 -5.35
endloop
endfacet
facet normal -0.9762954364786824 0.216442187918389 0
outer loop
vertex 108.13136535797177 -19.536016692296293 -2
vertex 108.13542065777357 -19.517724645223176 -2.000000000000001
vertex 108.13542065777357 -19.517724645223176 -5.350000000000001
endloop
endfacet
facet normal -0.9762954364786824 0.216442187918389 0
outer loop
vertex 108.13136535797177 -19.536016692296293 -2
vertex 108.13542065777357 -19.517724645223176 -5.350000000000001
vertex 108.13136535797177 -19.536016692296297 -5.35
endloop
endfacet
facet normal -0.9762954364786781 0.21644218791840797 0
outer loop
vertex 108.13542065777357 -19.517724645223176 -5.350000000000001
vertex 108.13542065777357 -19.517724645223176 -2.000000000000001
vertex 108.14941778604299 -19.454588467453636 -2.000000000000001
endloop
endfacet
facet normal -0.9762954364786781 0.21644218791840797 0
outer loop
vertex 108.13542065777357 -19.517724645223176 -5.350000000000001
vertex 108.14941778604299 -19.454588467453636 -2.000000000000001
vertex 108.14941778604299 -19.454588467453636 -5.350000000000001
endloop
endfacet
facet normal -0.9762954364786781 0.21644218791840797 0
outer loop
vertex 108.13542065777357 -19.517724645223176 -5.350000000000001
vertex 108.14941778604299 -19.454588467453636 -5.350000000000001
vertex 108.14941778604295 -19.454588467453362 -5.45
endloop
endfacet
facet normal -0.9762954364786781 0.21644218791840797 0
outer loop
vertex 108.13542065777357 -19.517724645223176 -5.350000000000001
vertex 108.14941778604295 -19.454588467453362 -5.45
vertex 108.13542065777344 -19.51772464522326 -5.45
endloop
endfacet
facet normal -0.9762954364786824 0.216442187918389 0
outer loop
vertex 108.14941778604299 -19.454588467453636 -2.000000000000001
vertex 108.16532944410511 -19.382816511615047 -2
vertex 108.16532944410514 -19.38281651161505 -5.350000000000001
endloop
endfacet
facet normal -0.9762954364786824 0.216442187918389 0
outer loop
vertex 108.14941778604299 -19.454588467453636 -2.000000000000001
vertex 108.16532944410514 -19.38281651161505 -5.350000000000001
vertex 108.14941778604299 -19.454588467453636 -5.350000000000001
endloop
endfacet
facet normal -0.9981347419957398 0.06104946208688489 0
outer loop
vertex 108.16532944410511 -19.382816511615047 -2
vertex 108.16705924107305 -19.354535010169155 -2.000000000000001
vertex 108.16705924107305 -19.354535010169155 -5.350000000000001
endloop
endfacet
facet normal -0.9981347419957398 0.06104946208688489 0
outer loop
vertex 108.16532944410511 -19.382816511615047 -2
vertex 108.16705924107305 -19.354535010169155 -5.350000000000001
vertex 108.16532944410514 -19.38281651161505 -5.350000000000001
endloop
endfacet
facet normal -0.9981347419957426 0.06104946208683765 0
outer loop
vertex 108.16705924107305 -19.354535010169155 -5.350000000000001
vertex 108.16705924107305 -19.354535010169155 -2.000000000000001
vertex 108.17124500096654 -19.286099478904354 -2.000000000000001
endloop
endfacet
facet normal -0.9981347419957426 0.06104946208683765 0
outer loop
vertex 108.16705924107305 -19.354535010169155 -5.350000000000001
vertex 108.17124500096654 -19.286099478904354 -2.000000000000001
vertex 108.17124500096654 -19.286099478904354 -5.350000000000001
endloop
endfacet
facet normal -0.9981347419957426 0.06104946208683765 0
outer loop
vertex 108.16705924107305 -19.354535010169155 -5.350000000000001
vertex 108.17124500096654 -19.286099478904354 -5.350000000000001
vertex 108.17124500096617 -19.28609947890407 -5.45
endloop
endfacet
facet normal -0.9981347419957426 0.06104946208683765 0
outer loop
vertex 108.16705924107305 -19.354535010169155 -5.350000000000001
vertex 108.17124500096617 -19.28609947890407 -5.45
vertex 108.16705924107265 -19.35453501016913 -5.45
endloop
endfacet
facet normal -0.9981347419957398 0.06104946208688489 0
outer loop
vertex 108.17124500096654 -19.286099478904354 -2.000000000000001
vertex 108.17490931949163 -19.2261893093366 -2
vertex 108.17490931949165 -19.2261893093366 -5.350000000000001
endloop
endfacet
facet normal -0.9981347419957398 0.06104946208688489 0
outer loop
vertex 108.17124500096654 -19.286099478904354 -2.000000000000001
vertex 108.17490931949165 -19.2261893093366 -5.350000000000001
vertex 108.17124500096654 -19.286099478904354 -5.350000000000001
endloop
endfacet
facet normal -0.9953961228477036 -0.09584653681672256 0
outer loop
vertex 108.17490931949163 -19.2261893093366 -2
vertex 108.17124448247372 -19.188128836004424 -2
vertex 108.17124448247372 -19.188128836004424 -5.35
endloop
endfacet
facet normal -0.9953961228477036 -0.09584653681672256 0
outer loop
vertex 108.17490931949163 -19.2261893093366 -2
vertex 108.17124448247372 -19.188128836004424 -5.35
vertex 108.17490931949165 -19.2261893093366 -5.350000000000001
endloop
endfacet
facet normal -0.9953961228477125 -0.09584653681662988 0
outer loop
vertex 108.17124448247372 -19.188128836004424 -5.35
vertex 108.17124448247372 -19.188128836004424 -2
vertex 108.16453193925994 -19.118416985045975 -2
endloop
endfacet
facet normal -0.9953961228477125 -0.09584653681662988 0
outer loop
vertex 108.17124448247372 -19.188128836004424 -5.35
vertex 108.16453193925994 -19.118416985045975 -2
vertex 108.16453193925994 -19.118416985045975 -5.35
endloop
endfacet
facet normal -0.9953961228477125 -0.09584653681662988 0
outer loop
vertex 108.17124448247372 -19.188128836004424 -5.35
vertex 108.16453193925994 -19.118416985045975 -5.35
vertex 108.16453193925966 -19.11841698504596 -5.45
endloop
endfacet
facet normal -0.9953961228477125 -0.09584653681662988 0
outer loop
vertex 108.17124448247372 -19.188128836004424 -5.35
vertex 108.16453193925966 -19.11841698504596 -5.45
vertex 108.17124448247344 -19.188128836004392 -5.45
endloop
endfacet
facet normal -0.9953961228477036 -0.09584653681672256 0
outer loop
vertex 108.16453193925994 -19.118416985045975 -2
vertex 108.1598690906745 -19.069991850893874 -2
vertex 108.1598690906745 -19.069991850893874 -5.35
endloop
endfacet
facet normal -0.9953961228477036 -0.09584653681672256 0
outer loop
vertex 108.16453193925994 -19.118416985045975 -2
vertex 108.1598690906745 -19.069991850893874 -5.35
vertex 108.16453193925994 -19.118416985045975 -5.35
endloop
endfacet
facet normal -0.9681470143940443 -0.25038242454273507 0
outer loop
vertex 108.1598690906745 -19.069991850893874 -2
vertex 108.1476874486982 -19.022889422153828 -2.000000000000001
vertex 108.1476874486982 -19.022889422153828 -5.350000000000001
endloop
endfacet
facet normal -0.9681470143940443 -0.25038242454273507 0
outer loop
vertex 108.1598690906745 -19.069991850893874 -2
vertex 108.1476874486982 -19.022889422153828 -5.350000000000001
vertex 108.1598690906745 -19.069991850893874 -5.35
endloop
endfacet
facet normal -0.9681470143940838 -0.2503824245425819 0
outer loop
vertex 108.1476874486982 -19.022889422153828 -5.350000000000001
vertex 108.1476874486982 -19.022889422153828 -2.000000000000001
vertex 108.13015265784517 -18.95508811603818 -2.000000000000001
endloop
endfacet
facet normal -0.9681470143940838 -0.2503824245425819 0
outer loop
vertex 108.1476874486982 -19.022889422153828 -5.350000000000001
vertex 108.13015265784517 -18.95508811603818 -2.000000000000001
vertex 108.13015265784517 -18.95508811603818 -5.350000000000001
endloop
endfacet
facet normal -0.9681470143940838 -0.2503824245425819 0
outer loop
vertex 108.1476874486982 -19.022889422153828 -5.350000000000001
vertex 108.13015265784517 -18.95508811603818 -5.350000000000001
vertex 108.13015265784495 -18.95508811603818 -5.45
endloop
endfacet
facet normal -0.9681470143940838 -0.2503824245425819 0
outer loop
vertex 108.1476874486982 -19.022889422153828 -5.350000000000001
vertex 108.13015265784495 -18.95508811603818 -5.45
vertex 108.14768744869798 -19.022889422153817 -5.45
endloop
endfacet
facet normal -0.9681470143940443 -0.25038242454273507 0
outer loop
vertex 108.13015265784517 -18.95508811603818 -2.000000000000001
vertex 108.12057910606184 -18.91807031978876 -2
vertex 108.12057910606185 -18.91807031978877 -5.350000000000001
endloop
endfacet
facet normal -0.9681470143940443 -0.25038242454273507 0
outer loop
vertex 108.13015265784517 -18.95508811603818 -2.000000000000001
vertex 108.12057910606185 -18.91807031978877 -5.350000000000001
vertex 108.13015265784517 -18.95508811603818 -5.350000000000001
endloop
endfacet
facet normal -0.9170583947167311 -0.3987529318758326 0
outer loop
vertex 108.12057910606184 -18.91807031978876 -2
vertex 108.09664245976018 -18.863020436320667 -2.000000000000001
vertex 108.09664245976018 -18.863020436320667 -5.350000000000001
endloop
endfacet
facet normal -0.9170583947167311 -0.3987529318758326 0
outer loop
vertex 108.12057910606184 -18.91807031978876 -2
vertex 108.09664245976018 -18.863020436320667 -5.350000000000001
vertex 108.12057910606185 -18.91807031978877 -5.350000000000001
endloop
endfacet
facet normal -0.9170583947166968 -0.39875293187591115 0
outer loop
vertex 108.09664245976018 -18.863020436320667 -5.350000000000001
vertex 108.09664245976018 -18.863020436320667 -2.000000000000001
vertex 108.0693055170767 -18.800150496641898 -2.000000000000001
endloop
endfacet
facet normal -0.9170583947166968 -0.39875293187591115 0
outer loop
vertex 108.09664245976018 -18.863020436320667 -5.350000000000001
vertex 108.0693055170767 -18.800150496641898 -2.000000000000001
vertex 108.0693055170767 -18.800150496641898 -5.350000000000001
endloop
endfacet
facet normal -0.9170583947166968 -0.39875293187591115 0
outer loop
vertex 108.09664245976018 -18.863020436320667 -5.350000000000001
vertex 108.0693055170767 -18.800150496641898 -5.350000000000001
vertex 108.06930551707775 -18.800150496641375 -5.45
endloop
endfacet
facet normal -0.9170583947166968 -0.39875293187591115 0
outer loop
vertex 108.09664245976018 -18.863020436320667 -5.350000000000001
vertex 108.06930551707775 -18.800150496641375 -5.45
vertex 108.09664245976121 -18.86302043632012 -5.45
endloop
endfacet
facet normal -0.9170583947167311 -0.3987529318758326 0
outer loop
vertex 108.0693055170767 -18.800150496641898 -2.000000000000001
vertex 108.05800683650558 -18.77416560966388 -2
vertex 108.0580068365056 -18.77416560966389 -5.350000000000001
endloop
endfacet
facet normal -0.9170583947167311 -0.3987529318758326 0
outer loop
vertex 108.0693055170767 -18.800150496641898 -2.000000000000001
vertex 108.0580068365056 -18.77416560966389 -5.350000000000001
vertex 108.0693055170767 -18.800150496641898 -5.350000000000001
endloop
endfacet
facet normal -0.8433882625536673 -0.5373046050302438 0
outer loop
vertex 108.05800683650558 -18.77416560966388 -2
vertex 108.01850000441807 -18.712153115891553 -2
vertex 108.01850000441807 -18.712153115891553 -5.35
endloop
endfacet
facet normal -0.8433882625536673 -0.5373046050302438 0
outer loop
vertex 108.05800683650558 -18.77416560966388 -2
vertex 108.01850000441807 -18.712153115891553 -5.35
vertex 108.0580068365056 -18.77416560966389 -5.350000000000001
endloop
endfacet
facet normal -0.8433882625537177 -0.5373046050301648 0
outer loop
vertex 108.01850000441807 -18.712153115891553 -5.35
vertex 108.01850000441807 -18.712153115891553 -2
vertex 107.98376098721954 -18.65762449454045 -2
endloop
endfacet
facet normal -0.8433882625537177 -0.5373046050301648 0
outer loop
vertex 108.01850000441807 -18.712153115891553 -5.35
vertex 107.98376098721954 -18.65762449454045 -2
vertex 107.98376098721954 -18.65762449454045 -5.35
endloop
endfacet
facet normal -0.8433882625537177 -0.5373046050301648 0
outer loop
vertex 108.01850000441807 -18.712153115891553 -5.35
vertex 107.98376098721954 -18.65762449454045 -5.35
vertex 107.98376098721882 -18.657624494540794 -5.45
endloop
endfacet
facet normal -0.8433882625537177 -0.5373046050301648 0
outer loop
vertex 108.01850000441807 -18.712153115891553 -5.35
vertex 107.98376098721882 -18.657624494540794 -5.45
vertex 108.0185000044174 -18.71215311589197 -5.45
endloop
endfacet
facet normal -0.8433882625536673 -0.5373046050302438 0
outer loop
vertex 107.98376098721954 -18.65762449454045 -2
vertex 107.97369305249616 -18.64182120922638 -2
vertex 107.97369305249615 -18.64182120922637 -5.35
endloop
endfacet
facet normal -0.8433882625536673 -0.5373046050302438 0
outer loop
vertex 107.98376098721954 -18.65762449454045 -2
vertex 107.97369305249615 -18.64182120922637 -5.35
vertex 107.98376098721954 -18.65762449454045 -5.35
endloop
endfacet
facet normal -0.7489506605207551 -0.662625767764524 0
outer loop
vertex 107.97369305249616 -18.64182120922638 -2
vertex 107.91180155315145 -18.57186667143163 -2.000000000000001
vertex 107.91180155315145 -18.57186667143163 -5.350000000000001
endloop
endfacet
facet normal -0.7489506605207551 -0.662625767764524 0
outer loop
vertex 107.97369305249616 -18.64182120922638 -2
vertex 107.91180155315145 -18.57186667143163 -5.350000000000001
vertex 107.97369305249615 -18.64182120922637 -5.35
endloop
endfacet
facet normal -0.7489506605207631 -0.6626257677645148 0
outer loop
vertex 107.91180155315145 -18.57186667143163 -5.350000000000001
vertex 107.91180155315145 -18.57186667143163 -2.000000000000001
vertex 107.87589804686016 -18.531285764289137 -2.000000000000001
endloop
endfacet
facet normal -0.7489506605207631 -0.6626257677645148 0
outer loop
vertex 107.91180155315145 -18.57186667143163 -5.350000000000001
vertex 107.87589804686016 -18.531285764289137 -2.000000000000001
vertex 107.87589804686016 -18.531285764289137 -5.350000000000001
endloop
endfacet
facet normal -0.7489506605207631 -0.6626257677645148 0
outer loop
vertex 107.91180155315145 -18.57186667143163 -5.350000000000001
vertex 107.87589804686016 -18.531285764289137 -5.350000000000001
vertex 107.87589804686017 -18.531285764289127 -5.45
endloop
endfacet
facet normal -0.7489506605207631 -0.6626257677645148 0
outer loop
vertex 107.91180155315145 -18.57186667143163 -5.350000000000001
vertex 107.87589804686017 -18.531285764289127 -5.45
vertex 107.91180155315128 -18.571866671431412 -5.45
endloop
endfacet
facet normal -0.7489506605207551 -0.662625767764524 0
outer loop
vertex 107.87589804686016 -18.531285764289137 -2.000000000000001
vertex 107.86971388435292 -18.524295947683953 -2
vertex 107.86971388435296 -18.52429594768396 -5.350000000000001
endloop
endfacet
facet normal -0.7489506605207551 -0.662625767764524 0
outer loop
vertex 107.87589804686016 -18.531285764289137 -2.000000000000001
vertex 107.86971388435296 -18.52429594768396 -5.350000000000001
vertex 107.87589804686016 -18.531285764289137 -5.350000000000001
endloop
endfacet
facet normal -0.6360558387998668 -0.7716430327091655 -2.769686501904123e-14
outer loop
vertex 107.86971388435292 -18.524295947683953 -2
vertex 107.7486293999982 -18.424487499998634 -2
vertex 107.74862939999996 -18.424487499999966 -5.35
endloop
endfacet
facet normal -0.6360558387998668 -0.7716430327091655 -2.769686501904123e-14
outer loop
vertex 107.86971388435292 -18.524295947683953 -2
vertex 107.74862939999996 -18.424487499999966 -5.35
vertex 107.74868404661377 -18.424532544530173 -5.35
endloop
endfacet
facet normal -0.6360558387998668 -0.7716430327091655 -2.769686501904123e-14
outer loop
vertex 107.86971388435292 -18.524295947683953 -2
vertex 107.74868404661377 -18.424532544530173 -5.35
vertex 107.86971388435296 -18.52429594768396 -5.350000000000001
endloop
endfacet
facet normal -7.575842486303284e-17 -9.440609549591591e-14 -1
outer loop
vertex 35.09990397555698 52.5000038544334 -6.45
vertex 81.99999998044359 52.50000000171126 -6.450000000000004
vertex 82.4341204441674 52.46201938253092 -6.45
endloop
endfacet
facet normal -7.575842486303284e-17 -9.440609549591591e-14 -1
outer loop
vertex 35.09990397555698 52.5000038544334 -6.45
vertex 82.4341204441674 52.46201938253092 -6.45
vertex 82.85505035831432 52.34923155196485 -6.45
endloop
endfacet
facet normal -7.575842486303284e-17 -9.440609549591591e-14 -1
outer loop
vertex 35.09990397555698 52.5000038544334 -6.45
vertex 82.85505035831432 52.34923155196485 -6.45
vertex 83.2499999999995 52.16506350946054 -6.45
endloop
endfacet
facet normal -7.575842486303284e-17 -9.440609549591591e-14 -1
outer loop
vertex 35.09990397555698 52.5000038544334 -6.45
vertex 83.2499999999995 52.16506350946054 -6.45
vertex 83.60696902421647 51.91511110779736 -6.450000000000004
endloop
endfacet
facet normal -7.575842486303284e-17 -9.440609549591591e-14 -1
outer loop
vertex 35.09990397555698 52.5000038544334 -6.45
vertex 83.60696902421647 51.91511110779736 -6.450000000000004
vertex 83.91511110779754 51.60696902421657 -6.450000000000004
endloop
endfacet
facet normal -7.575842486303284e-17 -9.440609549591591e-14 -1
outer loop
vertex 35.09990397555698 52.5000038544334 -6.45
vertex 83.91511110779754 51.60696902421657 -6.450000000000004
vertex 84.1650635094611 51.25000000000002 -6.450000000000004
endloop
endfacet
facet normal -7.575842486303284e-17 -9.440609549591591e-14 -1
outer loop
vertex 35.09990397555698 52.5000038544334 -6.45
vertex 84.1650635094611 51.25000000000002 -6.450000000000004
vertex 84.28164042399985 51 -6.45
endloop
endfacet
facet normal -7.575842486303284e-17 -9.440609549591591e-14 -1
outer loop
vertex 35.09990397555698 52.5000038544334 -6.45
vertex 84.28164042399985 51 -6.45
vertex 81.99999999915522 51.00000000007417 -6.450000000000004
endloop
endfacet
facet normal -7.575842486303284e-17 -9.440609549591591e-14 -1
outer loop
vertex 35.09990397555698 52.5000038544334 -6.45
vertex 81.99999999915522 51.00000000007417 -6.450000000000004
vertex 7.162284949999112 51.00000165 -6.45
endloop
endfacet
facet normal -7.575842486303284e-17 -9.440609549591591e-14 -1
outer loop
vertex 35.09990397555698 52.5000038544334 -6.45
vertex 7.162284949999112 51.00000165 -6.45
vertex 2.25658469479667 51 -6.45
endloop
endfacet
facet normal -7.575842486303284e-17 -9.440609549591591e-14 -1
outer loop
vertex 35.09990397555698 52.5000038544334 -6.45
vertex 2.25658469479667 51 -6.45
vertex 6.371708300000018 52.371708299999895 -6.45
endloop
endfacet
facet normal -7.575842486303284e-17 -9.440609549591591e-14 -1
outer loop
vertex 35.09990397555698 52.5000038544334 -6.45
vertex 6.371708300000018 52.371708299999895 -6.45
vertex 6.630128521345515 52.44270661382245 -6.45
endloop
endfacet
facet normal -7.575842486303284e-17 -9.440609549591591e-14 -1
outer loop
vertex 35.09990397555698 52.5000038544334 -6.45
vertex 6.630128521345515 52.44270661382245 -6.45
vertex 6.894668545689717 52.485637734168705 -6.45
endloop
endfacet
facet normal -7.575842486303284e-17 -9.440609549591591e-14 -1
outer loop
vertex 35.09990397555698 52.5000038544334 -6.45
vertex 6.894668545689717 52.485637734168705 -6.45
vertex 7.162284149999992 52.500004150000024 -6.450000000000004
endloop
endfacet
facet normal 0 0 -1
outer loop
vertex 7.162284949999112 51.00000165 -6.45
vertex 7.055231654246697 50.99425257731462 -6.45
vertex 2.2393424321656905 50.99425257731462 -6.45
endloop
endfacet
facet normal 0 0 -1
outer loop
vertex 7.162284949999112 51.00000165 -6.45
vertex 2.2393424321656905 50.99425257731462 -6.45
vertex 2.25658469479667 51 -6.45
endloop
endfacet
facet normal 0 0 -1
outer loop
vertex 84.28164042399985 51 -6.45
vertex 84.28872468511483 50.98480775301221 -6.45
vertex 82.17364817766574 50.984807753012575 -6.450000000000004
endloop
endfacet
facet normal 0 0 -1
outer loop
vertex 84.28164042399985 51 -6.45
vertex 82.17364817766574 50.984807753012575 -6.450000000000004
vertex 81.99999999915522 51.00000000007417 -6.450000000000004
endloop
endfacet
facet normal 0 0 -1
outer loop
vertex 7.055231654246697 50.99425257731462 -6.45
vertex 6.9494196902107745 50.97708013409685 -6.45
vertex 2.1878251187219755 50.97708013409685 -6.45
endloop
endfacet
facet normal 0 0 -1
outer loop
vertex 7.055231654246697 50.99425257731462 -6.45
vertex 2.1878251187219755 50.97708013409685 -6.45
vertex 2.2393424321656905 50.99425257731462 -6.45
endloop
endfacet
facet normal 0 0 -1
outer loop
vertex 6.9494196902107745 50.97708013409685 -6.45
vertex 6.846049900000166 50.94868330000015 -6.450000000000004
vertex 2.1026247432391694 50.94868 -6.45
endloop
endfacet
facet normal 0 0 -1
outer loop
vertex 6.9494196902107745 50.97708013409685 -6.45
vertex 2.1026247432391694 50.94868 -6.45
vertex 2.1878251187219755 50.97708013409685 -6.45
endloop
endfacet
facet normal 0 0 -1
outer loop
vertex 84.28872468511483 50.98480775301221 -6.45
vertex 84.30976221677064 50.9396926207859 -6.45
vertex 82.34202014332791 50.93969262078536 -6.45
endloop
endfacet
facet normal 0 0 -1
outer loop
vertex 84.28872468511483 50.98480775301221 -6.45
vertex 82.34202014332791 50.93969262078536 -6.45
vertex 82.17364817766574 50.984807753012575 -6.450000000000004
endloop
endfacet
facet normal 0 0 -1
outer loop
vertex 84.30976221677064 50.9396926207859 -6.45
vertex 84.34411380421335 50.86602540378451 -6.45
vertex 82.49999999999824 50.86602540378575 -6.45
endloop
endfacet
facet normal 0 0 -1
outer loop
vertex 84.30976221677064 50.9396926207859 -6.45
vertex 82.49999999999824 50.86602540378575 -6.45
vertex 82.34202014332791 50.93969262078536 -6.45
endloop
endfacet
facet normal 0 0 -1
outer loop
vertex 84.34411380421335 50.86602540378451 -6.45
vertex 84.34923155196505 50.85505035831417 -6.45
vertex 84.37308061506293 50.76604444311897 -6.45
endloop
endfacet
facet normal 0 0 -1
outer loop
vertex 84.34411380421335 50.86602540378451 -6.45
vertex 84.37308061506293 50.76604444311897 -6.45
vertex 82.64278760968628 50.76604444311924 -6.45
endloop
endfacet
facet normal 0 0 -1
outer loop
vertex 84.34411380421335 50.86602540378451 -6.45
vertex 82.64278760968628 50.76604444311924 -6.45
vertex 82.49999999999824 50.86602540378575 -6.45
endloop
endfacet
facet normal 0 0 -1
outer loop
vertex 84.37308061506293 50.76604444311897 -6.45
vertex 84.40610718404277 50.64278760968651 -6.45
vertex 82.76604444311874 50.64278760968676 -6.45
endloop
endfacet
facet normal 0 0 -1
outer loop
vertex 84.37308061506293 50.76604444311897 -6.45
vertex 82.76604444311874 50.64278760968676 -6.45
vertex 82.64278760968628 50.76604444311924 -6.45
endloop
endfacet
facet normal 0 0 -1
outer loop
vertex 84.40610718404277 50.64278760968651 -6.45
vertex 84.44436700874742 50.500000000000014 -6.45
vertex 82.86602540378365 50.50000000000105 -6.450000000000004
endloop
endfacet
facet normal 0 0 -1
outer loop
vertex 84.40610718404277 50.64278760968651 -6.45
vertex 82.86602540378365 50.50000000000105 -6.450000000000004
vertex 82.76604444311874 50.64278760968676 -6.45
endloop
endfacet
facet normal 0 0 -1
outer loop
vertex 84.44436700874742 50.500000000000014 -6.45
vertex 84.46201938253013 50.43412044416724 -6.45
vertex 84.47007711476147 50.3420201433258 -6.45
endloop
endfacet
facet normal 0 0 -1
outer loop
vertex 84.44436700874742 50.500000000000014 -6.45
vertex 84.47007711476147 50.3420201433258 -6.45
vertex 82.93969262078642 50.34202014332393 -6.450000000000004
endloop
endfacet
facet normal 0 0 -1
outer loop
vertex 84.44436700874742 50.500000000000014 -6.45
vertex 82.93969262078642 50.34202014332393 -6.450000000000004
vertex 82.86602540378365 50.50000000000105 -6.450000000000004
endloop
endfacet
facet normal 0 0 -1
outer loop
vertex 84.47007711476147 50.3420201433258 -6.45
vertex 84.4848077530122 50.17364817766688 -6.45
vertex 82.98480775301158 50.173648177669456 -6.450000000000004
endloop
endfacet
facet normal 0 0 -1
outer loop
vertex 84.47007711476147 50.3420201433258 -6.45
vertex 82.98480775301158 50.173648177669456 -6.450000000000004
vertex 82.93969262078642 50.34202014332393 -6.450000000000004
endloop
endfacet
facet normal 0 0 -1
outer loop
vertex 84.4848077530122 50.17364817766688 -6.45
vertex 84.5 50 -6.45
vertex 83 50 -6.45
endloop
endfacet
facet normal 0 0 -1
outer loop
vertex 84.4848077530122 50.17364817766688 -6.45
vertex 83 50 -6.45
vertex 82.98480775301158 50.173648177669456 -6.450000000000004
endloop
endfacet
facet normal 0 0 -1
outer loop
vertex 6.846049900000166 50.94868330000015 -6.450000000000004
vertex -10.31622500000033 45.22792039999996 -6.450000000000004
vertex -12.304770230720596 45.22792410000004 -6.45
endloop
endfacet
facet normal 0 0 -1
outer loop
vertex 6.846049900000166 50.94868330000015 -6.450000000000004
vertex -12.304770230720596 45.22792410000004 -6.45
vertex -12.230733813160395 45.40787009426411 -6.45
endloop
endfacet
facet normal 0 0 -1
outer loop
vertex 6.846049900000166 50.94868330000015 -6.450000000000004
vertex -12.230733813160395 45.40787009426411 -6.45
vertex -12.028102345927245 45.741013782373386 -6.45
endloop
endfacet
facet normal 0 0 -1
outer loop
vertex 6.846049900000166 50.94868330000015 -6.450000000000004
vertex -12.028102345927245 45.741013782373386 -6.45
vertex -11.776132956036825 46.038596804399745 -6.45
endloop
endfacet
facet normal 0 0 -1
outer loop
vertex 6.846049900000166 50.94868330000015 -6.450000000000004
vertex -11.776132956036825 46.038596804399745 -6.45
vertex -11.480955322126219 46.293379835386986 -6.45
endloop
endfacet
facet normal 0 0 -1
outer loop
vertex 6.846049900000166 50.94868330000015 -6.450000000000004
vertex -11.480955322126219 46.293379835386986 -6.45
vertex -11.149750253091185 46.49916474903611 -6.450000000000004
endloop
endfacet
facet normal 0 0 -1
outer loop
vertex 6.846049900000166 50.94868330000015 -6.450000000000004
vertex -11.149750253091185 46.49916474903611 -6.450000000000004
vertex -10.790574999999883 46.650945400000104 -6.45
endloop
endfacet
facet normal 0 0 -1
outer loop
vertex 6.846049900000166 50.94868330000015 -6.450000000000004
vertex -10.790574999999883 46.650945400000104 -6.45
vertex 2.1026247432391694 50.94868 -6.45
endloop
endfacet
facet normal 0 0 -1
outer loop
vertex -10.31622500000033 45.22792039999996 -6.450000000000004
vertex -10.459896829209084 45.167209459711664 -6.45
vertex -12.329749793720612 45.1672111097115 -6.45
endloop
endfacet
facet normal 0 0 -1
outer loop
vertex -10.31622500000033 45.22792039999996 -6.450000000000004
vertex -12.329749793720612 45.1672111097115 -6.45
vertex -12.304770230720596 45.22792410000004 -6.45
endloop
endfacet
facet normal 0 0 -1
outer loop
vertex -10.459896829209084 45.167209459711664 -6.45
vertex -10.59237914677862 45.08489733899961 -6.45
vertex -12.363616427395314 45.08489803636445 -6.45
endloop
endfacet
facet normal 0 0 -1
outer loop
vertex -10.459896829209084 45.167209459711664 -6.45
vertex -12.363616427395314 45.08489803636445 -6.45
vertex -12.329749793720612 45.1672111097115 -6.45
endloop
endfacet
facet normal 0 0 -1
outer loop
vertex -10.59237914677862 45.08489733899961 -6.45
vertex -10.710452116698157 44.98298489260877 -6.45
vertex -12.394434660912474 44.982985294071185 -6.45
endloop
endfacet
facet normal 0 0 -1
outer loop
vertex -10.59237914677862 45.08489733899961 -6.45
vertex -12.394434660912474 44.982985294071185 -6.45
vertex -12.379097926522727 45.04727015207568 -6.45
endloop
endfacet
facet normal 0 0 -1
outer loop
vertex -10.59237914677862 45.08489733899961 -6.45
vertex -12.379097926522727 45.04727015207568 -6.45
vertex -12.363616427395314 45.08489803636445 -6.45
endloop
endfacet
facet normal 0 0 -1
outer loop
vertex -10.710452116698157 44.98298489260877 -6.45
vertex -10.811241797871467 44.86395200965714 -6.45
vertex -12.422832944367057 44.86395215618092 -6.45
endloop
endfacet
facet normal 0 0 -1
outer loop
vertex -10.710452116698157 44.98298489260877 -6.45
vertex -12.422832944367057 44.86395215618092 -6.45
vertex -12.394434660912474 44.982985294071185 -6.45
endloop
endfacet
facet normal 0 0 -1
outer loop
vertex -10.811241797871467 44.86395200965714 -6.45
vertex -10.892296225563648 44.73069443376784 -6.450000000000004
vertex -12.454624862617365 44.7306943909735 -6.45
endloop
endfacet
facet normal 0 0 -1
outer loop
vertex -10.811241797871467 44.86395200965714 -6.45
vertex -12.454624862617365 44.7306943909735 -6.45
vertex -12.422832944367057 44.86395215618092 -6.45
endloop
endfacet
facet normal 0 0 -1
outer loop
vertex -10.892296225563648 44.73069443376784 -6.450000000000004
vertex -10.95164353763405 44.5864539632902 -6.45
vertex -12.475964340163133 44.58645381510915 -6.45
endloop
endfacet
facet normal 0 0 -1
outer loop
vertex -10.892296225563648 44.73069443376784 -6.450000000000004
vertex -12.475964340163133 44.58645381510915 -6.45
vertex -12.46958542086954 44.66798629820501 -6.450000000000004
endloop
endfacet
facet normal 0 0 -1
outer loop
vertex -10.892296225563648 44.73069443376784 -6.450000000000004
vertex -12.46958542086954 44.66798629820501 -6.450000000000004
vertex -12.454624862617365 44.7306943909735 -6.45
endloop
endfacet
facet normal 0 0 -1
outer loop
vertex -10.95164353763405 44.5864539632902 -6.45
vertex -10.98783994654657 44.4347395880602 -6.45
vertex -12.487834134757618 44.434739428616425 -6.45
endloop
endfacet
facet normal 0 0 -1
outer loop
vertex -10.95164353763405 44.5864539632902 -6.45
vertex -12.487834134757618 44.434739428616425 -6.45
vertex -12.475964340163133 44.58645381510915 -6.45
endloop
endfacet
facet normal 0 0 -1
outer loop
vertex -10.98783994654657 44.4347395880602 -6.45
vertex -11 44.27924205000001 -6.45
vertex -12.500000000000554 44.279240800000025 -6.450000000000004
endloop
endfacet
facet normal 0 0 -1
outer loop
vertex -10.98783994654657 44.4347395880602 -6.45
vertex -12.500000000000554 44.279240800000025 -6.450000000000004
vertex -12.487834134757618 44.434739428616425 -6.45
endloop
endfacet
facet normal 0 0 -1
outer loop
vertex 84.5 50 -6.45
vertex 84.5 39 -6.45
vertex 84 39 -6.45
endloop
endfacet
facet normal 0 0 -1
outer loop
vertex 84.5 50 -6.45
vertex 84 39 -6.45
vertex 83.82635182233189 39.01519224698815 -6.450000000000004
endloop
endfacet
facet normal 0 0 -1
outer loop
vertex 84.5 50 -6.45
vertex 83.82635182233189 39.01519224698815 -6.450000000000004
vertex 83.6579798566726 39.060307379214606 -6.450000000000004
endloop
endfacet
facet normal 0 0 -1
outer loop
vertex 84.5 50 -6.45
vertex 83.6579798566726 39.060307379214606 -6.450000000000004
vertex 83.50000000000153 39.13397459621452 -6.45
endloop
endfacet
facet normal 0 0 -1
outer loop
vertex 84.5 50 -6.45
vertex 83.50000000000153 39.13397459621452 -6.45
vertex 83.35721239031318 39.2339555568813 -6.45
endloop
endfacet
facet normal 0 0 -1
outer loop
vertex 84.5 50 -6.45
vertex 83.35721239031318 39.2339555568813 -6.45
vertex 83.23395555688106 39.357212390313414 -6.45
endloop
endfacet
facet normal 0 0 -1
outer loop
vertex 84.5 50 -6.45
vertex 83.23395555688106 39.357212390313414 -6.45
vertex 83.13397459621574 39.49999999999975 -6.45
endloop
endfacet
facet normal 0 0 -1
outer loop
vertex 84.5 50 -6.45
vertex 83.13397459621574 39.49999999999975 -6.45
vertex 83.06030737921425 39.65797985667413 -6.450000000000004
endloop
endfacet
facet normal 0 0 -1
outer loop
vertex 84.5 50 -6.45
vertex 83.06030737921425 39.65797985667413 -6.450000000000004
vertex 83.01519224698808 39.82635182233234 -6.45
endloop
endfacet
facet normal 0 0 -1
outer loop
vertex 84.5 50 -6.45
vertex 83.01519224698808 39.82635182233234 -6.45
vertex 83 40.000000000002586 -6.450000000000004
endloop
endfacet
facet normal 0 0 -1
outer loop
vertex 84.5 50 -6.45
vertex 83 40.000000000002586 -6.450000000000004
vertex 83 50 -6.45
endloop
endfacet
facet normal 0 0 -1
outer loop
vertex 31.509691535159106 -4.999997952973082 -6.45
vertex 40.101899628547905 -4.999999998477792 -6.45
vertex 31.509691535159106 -4.999997952973082 -6.45
endloop
endfacet
facet normal 0 0 -1
outer loop
vertex 31.509691535159106 -4.999997952973082 -6.45
vertex 31.509691535159106 -4.999997952973082 -6.45
vertex 25.20525915 -5 -6.45
endloop
endfacet
facet normal 0 0 -1
outer loop
vertex 31.509691535159106 -4.999997952973082 -6.45
vertex 25.20525915 -5 -6.45
vertex 25.205218774103123 -4.999999998477792 -6.45
endloop
endfacet
facet normal 0 0 -1
outer loop
vertex 31.509691535159106 -4.999997952973082 -6.45
vertex 25.205218774103123 -4.999999998477792 -6.45
vertex 25.20525915 -5 -6.45
endloop
endfacet
facet normal 0 2.3385044237644984e-13 -1
outer loop
vertex 25.20525915 -5 -6.45
vertex 60 -5 -6.45
vertex 60.173648177667204 -5.015192246987848 -6.450000000000004
endloop
endfacet
facet normal 0 2.3385044237644984e-13 -1
outer loop
vertex 25.20525915 -5 -6.45
vertex 60.173648177667204 -5.015192246987848 -6.450000000000004
vertex 60.34202014332651 -5.0603073792143025 -6.45
endloop
endfacet
facet normal 0 2.3385044237644984e-13 -1
outer loop
vertex 25.20525915 -5 -6.45
vertex 60.34202014332651 -5.0603073792143025 -6.45
vertex 60.49999999999919 -5.133974596215005 -6.45
endloop
endfacet
facet normal 0 2.3385044237644984e-13 -1
outer loop
vertex 25.20525915 -5 -6.45
vertex 60.49999999999919 -5.133974596215005 -6.45
vertex 60.64278760968642 -5.233955556880947 -6.45
endloop
endfacet
facet normal 0 2.3385044237644984e-13 -1
outer loop
vertex 25.20525915 -5 -6.45
vertex 60.64278760968642 -5.233955556880947 -6.45
vertex 60.76604444311941 -5.357212390313929 -6.45
endloop
endfacet
facet normal 0 2.3385044237644984e-13 -1
outer loop
vertex 25.20525915 -5 -6.45
vertex 60.76604444311941 -5.357212390313929 -6.45
vertex 60.86602540378453 -5.500000000000011 -6.45
endloop
endfacet
facet normal 0 2.3385044237644984e-13 -1
outer loop
vertex 25.20525915 -5 -6.45
vertex 60.86602540378453 -5.500000000000011 -6.45
vertex 60.93969262078544 -5.657979856673329 -6.450000000000004
endloop
endfacet
facet normal 0 2.3385044237644984e-13 -1
outer loop
vertex 25.20525915 -5 -6.45
vertex 60.93969262078544 -5.657979856673329 -6.450000000000004
vertex 60.98480775301235 -5.826351822334356 -6.45
endloop
endfacet
facet normal 0 2.3385044237644984e-13 -1
outer loop
vertex 25.20525915 -5 -6.45
vertex 60.98480775301235 -5.826351822334356 -6.45
vertex 61 -5.999999999999701 -6.45
endloop
endfacet
facet normal 0 2.3385044237644984e-13 -1
outer loop
vertex 25.20525915 -5 -6.45
vertex 61 -5.999999999999701 -6.45
vertex 61 -6.5 -6.45
endloop
endfacet
facet normal 0 2.3385044237644984e-13 -1
outer loop
vertex 25.20525915 -5 -6.45
vertex 61 -6.5 -6.45
vertex 59.5 -6.5 -6.45
endloop
endfacet
facet normal 0 2.3385044237644984e-13 -1
outer loop
vertex 25.20525915 -5 -6.45
vertex 59.5 -6.5 -6.45
vertex 25.30788640000001 -6.500000000000027 -6.45
endloop
endfacet
facet normal 0 2.3385044237644984e-13 -1
outer loop
vertex 25.20525915 -5 -6.45
vertex 25.30788640000001 -6.500000000000027 -6.45
vertex 21.499996719127925 -6.5 -6.45
endloop
endfacet
facet normal 0 2.3385044237644984e-13 -1
outer loop
vertex 25.20525915 -5 -6.45
vertex 21.499996719127925 -6.5 -6.45
vertex 24.811338300000003 -5.080855 -6.45
endloop
endfacet
facet normal 0 2.3385044237644984e-13 -1
outer loop
vertex 25.20525915 -5 -6.45
vertex 24.811338300000003 -5.080855 -6.45
vertex 24.90623522766087 -5.045755342960202 -6.45
endloop
endfacet
facet normal 0 2.3385044237644984e-13 -1
outer loop
vertex 25.20525915 -5 -6.45
vertex 24.90623522766087 -5.045755342960202 -6.45
vertex 25.004192653865534 -5.020422170327777 -6.45
endloop
endfacet
facet normal 0 2.3385044237644984e-13 -1
outer loop
vertex 25.20525915 -5 -6.45
vertex 25.004192653865534 -5.020422170327777 -6.45
vertex 25.10420859661561 -5.005117328607842 -6.45
endloop
endfacet
facet normal 0 2.3385044237644984e-13 -1
outer loop
vertex 25.20525915 -5 -6.45
vertex 25.10420859661561 -5.005117328607842 -6.45
vertex 25.205218774103123 -4.999999998477792 -6.45
endloop
endfacet
facet normal 0 0 -1
outer loop
vertex -11 44.27924205000001 -6.45
vertex -11.000000000000004 -10.00000000000044 -6.450000000000004
vertex -12.50000000000009 -10.000000000000004 -6.450000000000004
endloop
endfacet
facet normal 0 0 -1
outer loop
vertex -11 44.27924205000001 -6.45
vertex -12.50000000000009 -10.000000000000004 -6.450000000000004
vertex -12.500000000000554 44.279240800000025 -6.450000000000004
endloop
endfacet
facet normal 0 0 -1
outer loop
vertex -11.000000000000004 -10.00000000000044 -6.450000000000004
vertex -10.984807753012253 -10.173648177666886 -6.450000000000004
vertex -12.484807753012204 -10.173648177666937 -6.45
endloop
endfacet
facet normal 0 0 -1
outer loop
vertex -11.000000000000004 -10.00000000000044 -6.450000000000004
vertex -12.484807753012204 -10.173648177666937 -6.45
vertex -12.50000000000009 -10.000000000000004 -6.450000000000004
endloop
endfacet
facet normal 0 0 -1
outer loop
vertex -10.984807753012253 -10.173648177666886 -6.450000000000004
vertex -10.93969262078595 -10.342020143325641 -6.450000000000004
vertex -12.470077114761487 -10.34202014332568 -6.45
endloop
endfacet
facet normal 0 0 -1
outer loop
vertex -10.984807753012253 -10.173648177666886 -6.450000000000004
vertex -12.470077114761487 -10.34202014332568 -6.45
vertex -12.484807753012204 -10.173648177666937 -6.45
endloop
endfacet
facet normal 0 0 -1
outer loop
vertex -10.93969262078595 -10.342020143325641 -6.450000000000004
vertex -10.86602540378443 -10.50000000000007 -6.450000000000004
vertex -12.444367008747435 -10.499999999999993 -6.45
endloop
endfacet
facet normal 0 0 -1
outer loop
vertex -10.93969262078595 -10.342020143325641 -6.450000000000004
vertex -12.444367008747435 -10.499999999999993 -6.45
vertex -12.46201938253061 -10.434120444167348 -6.450000000000004
endloop
endfacet
facet normal 0 0 -1
outer loop
vertex -10.93969262078595 -10.342020143325641 -6.450000000000004
vertex -12.46201938253061 -10.434120444167348 -6.450000000000004
vertex -12.470077114761487 -10.34202014332568 -6.45
endloop
endfacet
facet normal 0 0 -1
outer loop
vertex -10.86602540378443 -10.50000000000007 -6.450000000000004
vertex -10.766044443119252 -10.642787609686316 -6.45
vertex -12.40610718404275 -10.642787609686557 -6.45
endloop
endfacet
facet normal 0 0 -1
outer loop
vertex -10.86602540378443 -10.50000000000007 -6.450000000000004
vertex -12.40610718404275 -10.642787609686557 -6.45
vertex -12.444367008747435 -10.499999999999993 -6.45
endloop
endfacet
facet normal 0 0 -1
outer loop
vertex -10.766044443119252 -10.642787609686316 -6.45
vertex -10.64278760968648 -10.766044443119092 -6.450000000000004
vertex -12.373080615062921 -10.766044443118965 -6.45
endloop
endfacet
facet normal 0 0 -1
outer loop
vertex -10.766044443119252 -10.642787609686316 -6.45
vertex -12.373080615062921 -10.766044443118965 -6.45
vertex -12.40610718404275 -10.642787609686557 -6.45
endloop
endfacet
facet normal 0 0 -1
outer loop
vertex -10.64278760968648 -10.766044443119092 -6.450000000000004
vertex -10.499999999999089 -10.866025403785144 -6.45
vertex -12.344113804213386 -10.866025403784441 -6.45
endloop
endfacet
facet normal 0 0 -1
outer loop
vertex -10.64278760968648 -10.766044443119092 -6.450000000000004
vertex -12.344113804213386 -10.866025403784441 -6.45
vertex -12.3492315519648 -10.855050358314188 -6.450000000000004
endloop
endfacet
facet normal 0 0 -1
outer loop
vertex -10.64278760968648 -10.766044443119092 -6.450000000000004
vertex -12.3492315519648 -10.855050358314188 -6.450000000000004
vertex -12.373080615062921 -10.766044443118965 -6.45
endloop
endfacet
facet normal 0 0 -1
outer loop
vertex 25.30788640000001 -6.500000000000027 -6.45
vertex 14.996559844313223 -10.919139999999985 -6.45
vertex 11.188659939803065 -10.919139999999985 -6.45
endloop
endfacet
facet normal 0 0 -1
outer loop
vertex 25.30788640000001 -6.500000000000027 -6.45
vertex 11.188659939803065 -10.919139999999985 -6.45
vertex 21.499996719127925 -6.5 -6.45
endloop
endfacet
facet normal 0 0 -1
outer loop
vertex -10.499999999999089 -10.866025403785144 -6.45
vertex -10.342020143327545 -10.939692620785317 -6.45
vertex -12.309762216770634 -10.939692620785909 -6.45
endloop
endfacet
facet normal 0 0 -1
outer loop
vertex -10.499999999999089 -10.866025403785144 -6.45
vertex -12.309762216770634 -10.939692620785909 -6.45
vertex -12.344113804213386 -10.866025403784441 -6.45
endloop
endfacet
facet normal 0 0 -1
outer loop
vertex 14.996559844313223 -10.919139999999985 -6.45
vertex 14.914654809243444 -10.9542421570398 -6.45
vertex 11.09376477233919 -10.954244657039785 -6.450000000000004
endloop
endfacet
facet normal 0 0 -1
outer loop
vertex 14.996559844313223 -10.919139999999985 -6.45
vertex 11.09376477233919 -10.954244657039785 -6.450000000000004
vertex 11.188659939803065 -10.919139999999985 -6.45
endloop
endfacet
facet normal 0 0 -1
outer loop
vertex 14.914654809243444 -10.9542421570398 -6.45
vertex 14.85554407167442 -10.979575329672222 -6.45
vertex 10.99580734613424 -10.979577829672285 -6.450000000000004
endloop
endfacet
facet normal 0 0 -1
outer loop
vertex 14.914654809243444 -10.9542421570398 -6.45
vertex 10.99580734613424 -10.979577829672285 -6.450000000000004
vertex 11.09376477233919 -10.954244657039785 -6.450000000000004
endloop
endfacet
facet normal 0 0 -1
outer loop
vertex -10.342020143327545 -10.939692620785317 -6.45
vertex -10.173648177666317 -10.984807753012282 -6.45
vertex -12.288724685114836 -10.984807753012205 -6.45
endloop
endfacet
facet normal 0 0 -1
outer loop
vertex -10.342020143327545 -10.939692620785317 -6.45
vertex -12.288724685114836 -10.984807753012205 -6.45
vertex -12.309762216770634 -10.939692620785909 -6.45
endloop
endfacet
facet normal 0 0 -1
outer loop
vertex 14.85554407167442 -10.979575329672222 -6.45
vertex 14.819832773465963 -10.994880171392161 -6.45
vertex 10.895791403384639 -10.99488267139215 -6.450000000000004
endloop
endfacet
facet normal 0 0 -1
outer loop
vertex 14.85554407167442 -10.979575329672222 -6.45
vertex 10.895791403384639 -10.99488267139215 -6.450000000000004
vertex 10.99580734613424 -10.979577829672285 -6.450000000000004
endloop
endfacet
facet normal 0 0 -1
outer loop
vertex -10.173648177666317 -10.984807753012282 -6.45
vertex -9.999999941997515 -11.000000005074579 -6.45
vertex -12.281640423999846 -11 -6.45
endloop
endfacet
facet normal 0 0 -1
outer loop
vertex -10.173648177666317 -10.984807753012282 -6.45
vertex -12.281640423999846 -11 -6.45
vertex -12.288724685114836 -10.984807753012205 -6.45
endloop
endfacet
facet normal 0 0 -1
outer loop
vertex 14.819832773465963 -10.994880171392161 -6.45
vertex 14.807886506426001 -11 -6.45
vertex 10.794740849999318 -11.000002500000036 -6.450000000000004
endloop
endfacet
facet normal 0 0 -1
outer loop
vertex 14.819832773465963 -10.994880171392161 -6.45
vertex 10.794740849999318 -11.000002500000036 -6.450000000000004
vertex 10.895791403384639 -10.99488267139215 -6.450000000000004
endloop
endfacet
facet normal 2.907857190902487e-19 -1.421552237045715e-9 1
outer loop
vertex -9.999999941997515 -11.000000005074579 -6.45
vertex 10.794740849999318 -11.000002500000036 -6.450000000000004
vertex 14.807886506426001 -11 -6.45
endloop
endfacet
facet normal 2.907857190902487e-19 -1.421552237045715e-9 1
outer loop
vertex -9.999999941997515 -11.000000005074579 -6.45
vertex 14.807886506426001 -11 -6.45
vertex 11.779540599999951 -12.297862499999992 -6.45
endloop
endfacet
facet normal 2.907857190902487e-19 -1.421552237045715e-9 1
outer loop
vertex -9.999999941997515 -11.000000005074579 -6.45
vertex 11.779540599999951 -12.297862499999992 -6.45
vertex 11.542299704444915 -12.38561408013071 -6.45
endloop
endfacet
facet normal 2.907857190902487e-19 -1.421552237045715e-9 1
outer loop
vertex -9.999999941997515 -11.000000005074579 -6.45
vertex 11.542299704444915 -12.38561408013071 -6.45
vertex 11.29740601152347 -12.448944472065495 -6.450000000000004
endloop
endfacet
facet normal 2.907857190902487e-19 -1.421552237045715e-9 1
outer loop
vertex -9.999999941997515 -11.000000005074579 -6.45
vertex 11.29740601152347 -12.448944472065495 -6.450000000000004
vertex 11.047366292376767 -12.487204088168335 -6.45
endloop
endfacet
facet normal 2.907857190902487e-19 -1.421552237045715e-9 1
outer loop
vertex -9.999999941997515 -11.000000005074579 -6.45
vertex 11.047366292376767 -12.487204088168335 -6.45
vertex 10.794740299999976 -12.50000125 -6.450000000000004
endloop
endfacet
facet normal 2.907857190902487e-19 -1.421552237045715e-9 1
outer loop
vertex -9.999999941997515 -11.000000005074579 -6.45
vertex 10.794740299999976 -12.50000125 -6.450000000000004
vertex -10.000000000000043 -12.499999999999988 -6.45
endloop
endfacet
facet normal 2.907857190902487e-19 -1.421552237045715e-9 1
outer loop
vertex -9.999999941997515 -11.000000005074579 -6.45
vertex -10.000000000000043 -12.499999999999988 -6.45
vertex -10.434120444167238 -12.462019382530437 -6.45
endloop
endfacet
facet normal 2.907857190902487e-19 -1.421552237045715e-9 1
outer loop
vertex -9.999999941997515 -11.000000005074579 -6.45
vertex -10.434120444167238 -12.462019382530437 -6.45
vertex -10.855050358314163 -12.349231551964708 -6.450000000000004
endloop
endfacet
facet normal 2.907857190902487e-19 -1.421552237045715e-9 1
outer loop
vertex -9.999999941997515 -11.000000005074579 -6.45
vertex -10.855050358314163 -12.349231551964708 -6.450000000000004
vertex -11.250000000000055 -12.16506350946123 -6.45
endloop
endfacet
facet normal 2.907857190902487e-19 -1.421552237045715e-9 1
outer loop
vertex -9.999999941997515 -11.000000005074579 -6.45
vertex -11.250000000000055 -12.16506350946123 -6.45
vertex -11.606969024216344 -11.915111107797447 -6.450000000000004
endloop
endfacet
facet normal 2.907857190902487e-19 -1.421552237045715e-9 1
outer loop
vertex -9.999999941997515 -11.000000005074579 -6.45
vertex -11.606969024216344 -11.915111107797447 -6.450000000000004
vertex -11.915111107797447 -11.606969024216326 -6.45
endloop
endfacet
facet normal 2.907857190902487e-19 -1.421552237045715e-9 1
outer loop
vertex -9.999999941997515 -11.000000005074579 -6.45
vertex -11.915111107797447 -11.606969024216326 -6.45
vertex -12.165063509461142 -11.250000000000007 -6.450000000000004
endloop
endfacet
facet normal 2.907857190902487e-19 -1.421552237045715e-9 1
outer loop
vertex -9.999999941997515 -11.000000005074579 -6.45
vertex -12.165063509461142 -11.250000000000007 -6.450000000000004
vertex -12.281640423999846 -11 -6.45
endloop
endfacet
facet normal -1.0176664032011436e-14 -1.2127990358375174e-14 -1
outer loop
vertex 106.49999991671793 -15.71902574168488 -6.45
vertex 108.6089941000003 -17.19575939999973 -6.450000000000004
vertex 108.94281781225575 -17.47587273000387 -6.450000000000004
endloop
endfacet
facet normal -1.0176664032011436e-14 -1.2127990358375174e-14 -1
outer loop
vertex 106.49999991671793 -15.71902574168488 -6.45
vertex 108.94281781225575 -17.47587273000387 -6.450000000000004
vertex 109.22293091513718 -17.80969843110786 -6.45
endloop
endfacet
facet normal -1.0176664032011436e-14 -1.2127990358375174e-14 -1
outer loop
vertex 106.49999991671793 -15.71902574168488 -6.45
vertex 109.22293091513718 -17.80969843110786 -6.45
vertex 109.44082026995248 -18.187093685690954 -6.45
endloop
endfacet
facet normal -1.0176664032011436e-14 -1.2127990358375174e-14 -1
outer loop
vertex 106.49999991671793 -15.71902574168488 -6.45
vertex 109.44082026995248 -18.187093685690954 -6.45
vertex 109.52722658974577 -18.42449295000006 -6.45
endloop
endfacet
facet normal -1.0176664032011436e-14 -1.2127990358375174e-14 -1
outer loop
vertex 106.49999991671793 -15.71902574168488 -6.45
vertex 109.52722658974577 -18.42449295000006 -6.45
vertex 107.7486275000001 -18.42449295000006 -6.45
endloop
endfacet
facet normal -1.0176664032011436e-14 -1.2127990358375174e-14 -1
outer loop
vertex 106.49999991671793 -15.71902574168488 -6.45
vertex 107.7486275000001 -18.42449295000006 -6.45
vertex 105.42642359999998 -16.79846149999998 -6.45
endloop
endfacet
facet normal -1.0176664032011436e-14 -1.2127990358375174e-14 -1
outer loop
vertex 106.49999991671793 -15.71902574168488 -6.45
vertex 105.42642359999998 -16.79846149999998 -6.45
vertex 105.30324824682145 -16.696627541955458 -6.45
endloop
endfacet
facet normal -1.0176664032011436e-14 -1.2127990358375174e-14 -1
outer loop
vertex 106.49999991671793 -15.71902574168488 -6.45
vertex 105.30324824682145 -16.696627541955458 -6.45
vertex 105.19787427324727 -16.57647012956705 -6.45
endloop
endfacet
facet normal -1.0176664032011436e-14 -1.2127990358375174e-14 -1
outer loop
vertex 106.49999991671793 -15.71902574168488 -6.45
vertex 105.19787427324727 -16.57647012956705 -6.45
vertex 105.11298670738279 -16.441058777668168 -6.45
endloop
endfacet
facet normal -1.0176664032011436e-14 -1.2127990358375174e-14 -1
outer loop
vertex 106.49999991671793 -15.71902574168488 -6.45
vertex 105.11298670738279 -16.441058777668168 -6.45
vertex 105.05075470874532 -16.29385196692865 -6.45
endloop
endfacet
facet normal -1.0176664032011436e-14 -1.2127990358375174e-14 -1
outer loop
vertex 106.49999991671793 -15.71902574168488 -6.45
vertex 105.05075470874532 -16.29385196692865 -6.45
vertex 105.01276938393788 -16.138612755314778 -6.450000000000004
endloop
endfacet
facet normal -1.0176664032011436e-14 -1.2127990358375174e-14 -1
outer loop
vertex 106.49999991671793 -15.71902574168488 -6.45
vertex 105.01276938393788 -16.138612755314778 -6.450000000000004
vertex 105.0000018 -15.97930574999996 -6.45
endloop
endfacet
facet normal -1.0176664032011436e-14 -1.2127990358375174e-14 -1
outer loop
vertex 106.49999991671793 -15.71902574168488 -6.45
vertex 105.0000018 -15.97930574999996 -6.45
vertex 105.0000000614961 -14.668714512174475 -6.45
endloop
endfacet
facet normal 0 0 -1
outer loop
vertex 109.52722658974577 -18.42449295000006 -6.45
vertex 109.56800751909708 -18.536537538983083 -6.45
vertex 107.8821568596997 -18.536537538983083 -6.45
endloop
endfacet
facet normal 0 0 -1
outer loop
vertex 109.52722658974577 -18.42449295000006 -6.45
vertex 107.8821568596997 -18.536537538983083 -6.45
vertex 107.8758980468613 -18.531285764290054 -6.45
endloop
endfacet
facet normal 0 0 -1
outer loop
vertex 109.52722658974577 -18.42449295000006 -6.45
vertex 107.8758980468613 -18.531285764290054 -6.45
vertex 107.7486275000001 -18.42449295000006 -6.45
endloop
endfacet
facet normal 0 0 -1
outer loop
vertex 109.56800751909708 -18.536537538983083 -6.45
vertex 109.58986542373144 -18.596591538259574 -6.45
vertex 109.60282113145293 -18.67006691525938 -6.45
endloop
endfacet
facet normal 0 0 -1
outer loop
vertex 109.56800751909708 -18.536537538983083 -6.45
vertex 109.60282113145293 -18.67006691525938 -6.45
vertex 107.99420142892781 -18.67006691525938 -6.45
endloop
endfacet
facet normal 0 0 -1
outer loop
vertex 109.56800751909708 -18.536537538983083 -6.45
vertex 107.99420142892781 -18.67006691525938 -6.45
vertex 107.98376098722598 -18.657624494549346 -6.45
endloop
endfacet
facet normal 0 0 -1
outer loop
vertex 109.56800751909708 -18.536537538983083 -6.45
vertex 107.98376098722598 -18.657624494549346 -6.45
vertex 107.91180155313602 -18.571866671413225 -6.45
endloop
endfacet
facet normal 0 0 -1
outer loop
vertex 109.56800751909708 -18.536537538983083 -6.45
vertex 107.91180155313602 -18.571866671413225 -6.45
vertex 107.8821568596997 -18.536537538983083 -6.45
endloop
endfacet
facet normal 0 0 -1
outer loop
vertex 109.60282113145293 -18.67006691525938 -6.45
vertex 109.62943897451609 -18.82102391160139 -6.45
vertex 108.08135683654912 -18.82102391160139 -6.45
endloop
endfacet
facet normal 0 0 -1
outer loop
vertex 109.60282113145293 -18.67006691525938 -6.45
vertex 108.08135683654912 -18.82102391160139 -6.45
vertex 108.06930551707079 -18.800150496629286 -6.450000000000004
endloop
endfacet
facet normal 0 0 -1
outer loop
vertex 109.60282113145293 -18.67006691525938 -6.45
vertex 108.06930551707079 -18.800150496629286 -6.450000000000004
vertex 108.01850000441283 -18.71215311588403 -6.450000000000004
endloop
endfacet
facet normal 0 0 -1
outer loop
vertex 109.60282113145293 -18.67006691525938 -6.45
vertex 108.01850000441283 -18.71215311588403 -6.450000000000004
vertex 107.99420142892781 -18.67006691525938 -6.45
endloop
endfacet
facet normal 0 0 -1
outer loop
vertex 109.62943897451609 -18.82102391160139 -6.45
vertex 109.65832102450453 -18.984821838582405 -6.45
vertex 108.1409749457015 -18.984821838582405 -6.45
endloop
endfacet
facet normal 0 0 -1
outer loop
vertex 109.62943897451609 -18.82102391160139 -6.45
vertex 108.1409749457015 -18.984821838582405 -6.45
vertex 108.13015265784678 -18.955088116043207 -6.450000000000004
endloop
endfacet
facet normal 0 0 -1
outer loop
vertex 109.62943897451609 -18.82102391160139 -6.45
vertex 108.13015265784678 -18.955088116043207 -6.450000000000004
vertex 108.09664245976623 -18.863020436333848 -6.450000000000004
endloop
endfacet
facet normal 0 0 -1
outer loop
vertex 109.62943897451609 -18.82102391160139 -6.45
vertex 108.09664245976623 -18.863020436333848 -6.450000000000004
vertex 108.08135683654912 -18.82102391160139 -6.45
endloop
endfacet
facet normal -6.46409563126674e-13 -2.717533891985062e-14 -1
outer loop
vertex 109.65832102450453 -18.984821838582405 -6.45
vertex 109.66553771819454 -19.02574961283609 -6.450000000000004
vertex 109.66553776992755 -19.156483846914703 -6.45
endloop
endfacet
facet normal -6.46409563126674e-13 -2.717533891985062e-14 -1
outer loop
vertex 109.65832102450453 -18.984821838582405 -6.45
vertex 109.66553776992755 -19.156483846914703 -6.45
vertex 108.17124431499772 -19.156483846914703 -6.45
endloop
endfacet
facet normal -6.46409563126674e-13 -2.717533891985062e-14 -1
outer loop
vertex 109.65832102450453 -18.984821838582405 -6.45
vertex 108.17124431499772 -19.156483846914703 -6.45
vertex 108.16453193925997 -19.11841698504773 -6.450000000000004
endloop
endfacet
facet normal -6.46409563126674e-13 -2.717533891985062e-14 -1
outer loop
vertex 109.65832102450453 -18.984821838582405 -6.45
vertex 108.16453193925997 -19.11841698504773 -6.450000000000004
vertex 108.14768744869785 -19.022889422153035 -6.450000000000004
endloop
endfacet
facet normal -6.46409563126674e-13 -2.717533891985062e-14 -1
outer loop
vertex 109.65832102450453 -18.984821838582405 -6.45
vertex 108.14768744869785 -19.022889422153035 -6.450000000000004
vertex 108.1409749457015 -18.984821838582405 -6.45
endloop
endfacet
facet normal 0 0 -1
outer loop
vertex 109.66553776992755 -19.156483846914703 -6.45
vertex 109.66553783890473 -19.330794144434112 -6.45
vertex 108.17124523750486 -19.330794144434112 -6.45
endloop
endfacet
facet normal 0 0 -1
outer loop
vertex 109.66553776992755 -19.156483846914703 -6.45
vertex 108.17124523750486 -19.330794144434112 -6.45
vertex 108.17124500096615 -19.28609947891206 -6.45
endloop
endfacet
facet normal 0 0 -1
outer loop
vertex 109.66553776992755 -19.156483846914703 -6.45
vertex 108.17124500096615 -19.28609947891206 -6.45
vertex 108.17124448247345 -19.188128836000597 -6.45
endloop
endfacet
facet normal 0 0 -1
outer loop
vertex 109.66553776992755 -19.156483846914703 -6.45
vertex 108.17124448247345 -19.188128836000597 -6.45
vertex 108.17124431499772 -19.156483846914703 -6.45
endloop
endfacet
facet normal 0 0 -1
outer loop
vertex 109.66553783890473 -19.330794144434112 -6.45
vertex 109.66553789063818 -19.46152816798014 -6.45
vertex 109.6583211543656 -19.502456473147678 -6.45
endloop
endfacet
facet normal 0 0 -1
outer loop
vertex 109.66553783890473 -19.330794144434112 -6.45
vertex 109.6583211543656 -19.502456473147678 -6.45
vertex 108.14097768519336 -19.502456473147678 -6.45
endloop
endfacet
facet normal 0 0 -1
outer loop
vertex 109.66553783890473 -19.330794144434112 -6.45
vertex 108.14097768519336 -19.502456473147678 -6.45
vertex 108.14941778604222 -19.454588467457402 -6.45
endloop
endfacet
facet normal 0 0 -1
outer loop
vertex 109.66553783890473 -19.330794144434112 -6.45
vertex 108.14941778604222 -19.454588467457402 -6.45
vertex 108.16705924107337 -19.354535010165055 -6.45
endloop
endfacet
facet normal 0 0 -1
outer loop
vertex 109.66553783890473 -19.330794144434112 -6.45
vertex 108.16705924107337 -19.354535010165055 -6.45
vertex 108.17124523750486 -19.330794144434112 -6.45
endloop
endfacet
facet normal 0 0 -1
outer loop
vertex 109.6583211543656 -19.502456473147678 -6.45
vertex 109.62943912677524 -19.66625503115659 -6.45
vertex 108.08136130978879 -19.66625503115659 -6.45
endloop
endfacet
facet normal 0 0 -1
outer loop
vertex 109.6583211543656 -19.502456473147678 -6.45
vertex 108.08136130978879 -19.66625503115659 -6.45
vertex 108.0971432702108 -19.622893415457305 -6.45
endloop
endfacet
facet normal 0 0 -1
outer loop
vertex 109.6583211543656 -19.502456473147678 -6.45
vertex 108.0971432702108 -19.622893415457305 -6.45
vertex 108.13542065777368 -19.51772464522262 -6.45
endloop
endfacet
facet normal 0 0 -1
outer loop
vertex 109.6583211543656 -19.502456473147678 -6.45
vertex 108.13542065777368 -19.51772464522262 -6.45
vertex 108.14097768519336 -19.502456473147678 -6.45
endloop
endfacet
facet normal 0 0 -1
outer loop
vertex 109.62943912677524 -19.66625503115659 -6.45
vertex 109.60282072407382 -19.817215899999802 -6.45
vertex 107.99420500000014 -19.817215899999802 -6.45
endloop
endfacet
facet normal 0 0 -1
outer loop
vertex 109.62943912677524 -19.66625503115659 -6.45
vertex 107.99420500000014 -19.817215899999802 -6.45
vertex 108.07727314889257 -19.673336013846132 -6.45
endloop
endfacet
facet normal 0 0 -1
outer loop
vertex 109.62943912677524 -19.66625503115659 -6.45
vertex 108.07727314889257 -19.673336013846132 -6.45
vertex 108.08136130978879 -19.66625503115659 -6.45
endloop
endfacet
facet normal 0 0 -1
outer loop
vertex 61 -6.5 -6.45
vertex 61 -25 -6.45
vertex 59.5 -25 -6.45
endloop
endfacet
facet normal 0 0 -1
outer loop
vertex 61 -6.5 -6.45
vertex 59.5 -25 -6.45
vertex 59.5 -6.5 -6.45
endloop
endfacet
facet normal 0 0 -1
outer loop
vertex 61 -25 -6.45
vertex 61.01519224698763 -25.17364817766659 -6.450000000000004
vertex 59.515192246987795 -25.173648177666955 -6.45
endloop
endfacet
facet normal 0 0 -1
outer loop
vertex 61 -25 -6.45
vertex 59.515192246987795 -25.173648177666955 -6.45
vertex 59.5 -25 -6.45
endloop
endfacet
facet normal 0 0 -1
outer loop
vertex 61.01519224698763 -25.17364817766659 -6.450000000000004
vertex 61.06030737921364 -25.342020143324227 -6.45
vertex 59.529922885238506 -25.34202014332564 -6.45
endloop
endfacet
facet normal 0 0 -1
outer loop
vertex 61.01519224698763 -25.17364817766659 -6.450000000000004
vertex 59.529922885238506 -25.34202014332564 -6.45
vertex 59.515192246987795 -25.173648177666955 -6.45
endloop
endfacet
facet normal 0 0 -1
outer loop
vertex 61.06030737921364 -25.342020143324227 -6.45
vertex 61.13397459621676 -25.500000000002114 -6.450000000000004
vertex 59.55563299125258 -25.500000000000036 -6.45
endloop
endfacet
facet normal 0 0 -1
outer loop
vertex 61.06030737921364 -25.342020143324227 -6.45
vertex 59.55563299125258 -25.500000000000036 -6.45
vertex 59.53798061746943 -25.43412044416734 -6.450000000000004
endloop
endfacet
facet normal 0 0 -1
outer loop
vertex 61.06030737921364 -25.342020143324227 -6.45
vertex 59.53798061746943 -25.43412044416734 -6.450000000000004
vertex 59.529922885238506 -25.34202014332564 -6.45
endloop
endfacet
facet normal 0 0 -1
outer loop
vertex 61.13397459621676 -25.500000000002114 -6.450000000000004
vertex 61.2339555568807 -25.642787609686483 -6.45
vertex 59.59389281595723 -25.642787609686472 -6.45
endloop
endfacet
facet normal 0 0 -1
outer loop
vertex 61.13397459621676 -25.500000000002114 -6.450000000000004
vertex 59.59389281595723 -25.642787609686472 -6.45
vertex 59.55563299125258 -25.500000000000036 -6.45
endloop
endfacet
facet normal 0 0 -1
outer loop
vertex 61.2339555568807 -25.642787609686483 -6.45
vertex 61.35721239031331 -25.766044443119092 -6.45
vertex 59.626919384937096 -25.766044443118993 -6.45
endloop
endfacet
facet normal 0 0 -1
outer loop
vertex 61.2339555568807 -25.642787609686483 -6.45
vertex 59.626919384937096 -25.766044443118993 -6.45
vertex 59.59389281595723 -25.642787609686472 -6.45
endloop
endfacet
facet normal 0 0 -1
outer loop
vertex 61.35721239031331 -25.766044443119092 -6.45
vertex 61.49999999999902 -25.866025403783965 -6.45
vertex 59.65588619578659 -25.866025403784427 -6.45
endloop
endfacet
facet normal 0 0 -1
outer loop
vertex 61.35721239031331 -25.766044443119092 -6.45
vertex 59.65588619578659 -25.866025403784427 -6.45
vertex 59.650768448035095 -25.855050358314237 -6.45
endloop
endfacet
facet normal 0 0 -1
outer loop
vertex 61.35721239031331 -25.766044443119092 -6.45
vertex 59.650768448035095 -25.855050358314237 -6.45
vertex 59.626919384937096 -25.766044443118993 -6.45
endloop
endfacet
facet normal 0 0 -1
outer loop
vertex 61.49999999999902 -25.866025403783965 -6.45
vertex 61.65797985667393 -25.939692620785706 -6.45
vertex 59.69023778322936 -25.939692620785927 -6.45
endloop
endfacet
facet normal 0 0 -1
outer loop
vertex 61.49999999999902 -25.866025403783965 -6.45
vertex 59.69023778322936 -25.939692620785927 -6.45
vertex 59.65588619578659 -25.866025403784427 -6.45
endloop
endfacet
facet normal 0 0 -1
outer loop
vertex 61.65797985667393 -25.939692620785706 -6.45
vertex 61.826351822333855 -25.984807753012326 -6.45
vertex 59.71127531488515 -25.984807753012205 -6.45
endloop
endfacet
facet normal 0 0 -1
outer loop
vertex 61.65797985667393 -25.939692620785706 -6.45
vertex 59.71127531488515 -25.984807753012205 -6.45
vertex 59.69023778322936 -25.939692620785927 -6.45
endloop
endfacet
facet normal 0 0 -1
outer loop
vertex 61.826351822333855 -25.984807753012326 -6.45
vertex 61.999999926350526 -25.999999993556557 -6.450000000000004
vertex 59.71835957600014 -26 -6.45
endloop
endfacet
facet normal 0 0 -1
outer loop
vertex 61.826351822333855 -25.984807753012326 -6.45
vertex 59.71835957600014 -26 -6.45
vertex 59.71127531488515 -25.984807753012205 -6.45
endloop
endfacet
facet normal 1.9027661633269124e-16 2.9891727161383893e-15 -1
outer loop
vertex 61.999999926350526 -25.999999993556557 -6.450000000000004
vertex 80.67126519999957 -25.9999971500004 -6.45
vertex 80.79796608445162 -26.0080623298576 -6.45
endloop
endfacet
facet normal 1.9027661633269124e-16 2.9891727161383893e-15 -1
outer loop
vertex 61.999999926350526 -25.999999993556557 -6.450000000000004
vertex 80.79796608445162 -26.0080623298576 -6.45
vertex 80.92262269137345 -26.03210722281905 -6.45
endloop
endfacet
facet normal 1.9027661633269124e-16 2.9891727161383893e-15 -1
outer loop
vertex 61.999999926350526 -25.999999993556557 -6.450000000000004
vertex 80.92262269137345 -26.03210722281905 -6.45
vertex 81.04322827706223 -26.071752137088673 -6.45
endloop
endfacet
facet normal 1.9027661633269124e-16 2.9891727161383893e-15 -1
outer loop
vertex 61.999999926350526 -25.999999993556557 -6.450000000000004
vertex 81.04322827706223 -26.071752137088673 -6.45
vertex 81.15783898985184 -26.126358098673528 -6.45
endloop
endfacet
facet normal 1.9027661633269124e-16 2.9891727161383893e-15 -1
outer loop
vertex 61.999999926350526 -25.999999993556557 -6.450000000000004
vertex 81.15783898985184 -26.126358098673528 -6.45
vertex 81.2646076 -26.195045000000015 -6.45
endloop
endfacet
facet normal 1.9027661633269124e-16 2.9891727161383893e-15 -1
outer loop
vertex 61.999999926350526 -25.999999993556557 -6.450000000000004
vertex 81.2646076 -26.195045000000015 -6.45
vertex 83.03492881734175 -27.5 -6.45
endloop
endfacet
facet normal 1.9027661633269124e-16 2.9891727161383893e-15 -1
outer loop
vertex 61.999999926350526 -25.999999993556557 -6.450000000000004
vertex 83.03492881734175 -27.5 -6.45
vertex 80.5068978 -27.5 -6.45
endloop
endfacet
facet normal 1.9027661633269124e-16 2.9891727161383893e-15 -1
outer loop
vertex 61.999999926350526 -25.999999993556557 -6.450000000000004
vertex 80.5068978 -27.5 -6.45
vertex 61.99999999999999 -27.500000000000036 -6.450000000000004
endloop
endfacet
facet normal 1.9027661633269124e-16 2.9891727161383893e-15 -1
outer loop
vertex 61.999999926350526 -25.999999993556557 -6.450000000000004
vertex 61.99999999999999 -27.500000000000036 -6.450000000000004
vertex 61.56587955583277 -27.462019382530237 -6.45
endloop
endfacet
facet normal 1.9027661633269124e-16 2.9891727161383893e-15 -1
outer loop
vertex 61.999999926350526 -25.999999993556557 -6.450000000000004
vertex 61.56587955583277 -27.462019382530237 -6.45
vertex 61.144949641685834 -27.34923155196467 -6.45
endloop
endfacet
facet normal 1.9027661633269124e-16 2.9891727161383893e-15 -1
outer loop
vertex 61.999999926350526 -25.999999993556557 -6.450000000000004
vertex 61.144949641685834 -27.34923155196467 -6.45
vertex 60.74999999999999 -27.16506350946107 -6.45
endloop
endfacet
facet normal 1.9027661633269124e-16 2.9891727161383893e-15 -1
outer loop
vertex 61.999999926350526 -25.999999993556557 -6.450000000000004
vertex 60.74999999999999 -27.16506350946107 -6.45
vertex 60.393030975783596 -26.915111107797557 -6.45
endloop
endfacet
facet normal 1.9027661633269124e-16 2.9891727161383893e-15 -1
outer loop
vertex 61.999999926350526 -25.999999993556557 -6.450000000000004
vertex 60.393030975783596 -26.915111107797557 -6.45
vertex 60.08488889220243 -26.606969024216433 -6.450000000000004
endloop
endfacet
facet normal 1.9027661633269124e-16 2.9891727161383893e-15 -1
outer loop
vertex 61.999999926350526 -25.999999993556557 -6.450000000000004
vertex 60.08488889220243 -26.606969024216433 -6.450000000000004
vertex 59.834936490538894 -26.249999999999982 -6.450000000000004
endloop
endfacet
facet normal 1.9027661633269124e-16 2.9891727161383893e-15 -1
outer loop
vertex 61.999999926350526 -25.999999993556557 -6.450000000000004
vertex 59.834936490538894 -26.249999999999982 -6.450000000000004
vertex 59.71835957600014 -26 -6.45
endloop
endfacet
facet normal 0 0 -1
outer loop
vertex 109.60282072407382 -19.817215899999802 -6.45
vertex 109.58986593582405 -19.890686302446056 -6.45
vertex 109.44082110613361 -20.300184272973162 -6.45
endloop
endfacet
facet normal 0 0 -1
outer loop
vertex 109.60282072407382 -19.817215899999802 -6.45
vertex 109.44082110613361 -20.300184272973162 -6.45
vertex 109.22293204999963 -20.67757969999998 -6.45
endloop
endfacet
facet normal 0 0 -1
outer loop
vertex 109.60282072407382 -19.817215899999802 -6.45
vertex 109.22293204999963 -20.67757969999998 -6.45
vertex 98.3679712063699 -36.180072649999985 -6.45
endloop
endfacet
facet normal 0 0 -1
outer loop
vertex 109.60282072407382 -19.817215899999802 -6.45
vertex 98.3679712063699 -36.180072649999985 -6.45
vertex 96.53681175000003 -36.180072649999985 -6.45
endloop
endfacet
facet normal 0 0 -1
outer loop
vertex 109.60282072407382 -19.817215899999802 -6.45
vertex 96.53681175000003 -36.180072649999985 -6.45
vertex 107.99420500000014 -19.817215899999802 -6.45
endloop
endfacet
facet normal 0 0 -1
outer loop
vertex 98.3679712063699 -36.180072649999985 -6.45
vertex 98.28196454164936 -36.302902914280985 -6.45
vertex 96.43530532767149 -36.302902914280985 -6.45
endloop
endfacet
facet normal 0 0 -1
outer loop
vertex 98.3679712063699 -36.180072649999985 -6.45
vertex 96.43530532767149 -36.302902914280985 -6.45
vertex 96.53681175000003 -36.180072649999985 -6.45
endloop
endfacet
facet normal 0 0 -1
outer loop
vertex 98.28196454164936 -36.302902914280985 -6.45
vertex 98.20833929782847 -36.408050674465095 -6.45
vertex 96.31557740225078 -36.408050674465095 -6.45
endloop
endfacet
facet normal 0 0 -1
outer loop
vertex 98.28196454164936 -36.302902914280985 -6.45
vertex 96.31557740225078 -36.408050674465095 -6.45
vertex 96.43530532767149 -36.302902914280985 -6.45
endloop
endfacet
facet normal 0 0 -1
outer loop
vertex 83.03492881734175 -27.5 -6.45
vertex 95.1243135 -36.4114353 -6.45
vertex 92.59628819481448 -36.4114353 -6.45
endloop
endfacet
facet normal 0 0 -1
outer loop
vertex 83.03492881734175 -27.5 -6.45
vertex 92.59628819481448 -36.4114353 -6.45
vertex 80.5068978 -27.5 -6.45
endloop
endfacet
facet normal 0 0 -1
outer loop
vertex 98.20833929782847 -36.408050674465095 -6.45
vertex 98.14896488077994 -36.49284614190122 -6.45
vertex 96.18066796485083 -36.49284614190122 -6.45
endloop
endfacet
facet normal 0 0 -1
outer loop
vertex 98.20833929782847 -36.408050674465095 -6.45
vertex 96.18066796485083 -36.49284614190122 -6.45
vertex 96.31557740225078 -36.408050674465095 -6.45
endloop
endfacet
facet normal 0 0 -1
outer loop
vertex 95.1243135 -36.4114353 -6.45
vertex 95.25970047358132 -36.49546074723133 -6.45
vertex 92.71027841081015 -36.49546074723133 -6.45
endloop
endfacet
facet normal 0 0 -1
outer loop
vertex 95.1243135 -36.4114353 -6.45
vertex 92.71027841081015 -36.49546074723133 -6.45
vertex 92.59628819481448 -36.4114353 -6.45
endloop
endfacet
facet normal 0 0 -1
outer loop
vertex 98.14896488077994 -36.49284614190122 -6.45
vertex 98.10534885609073 -36.55513628949467 -6.45
vertex 96.03400247773796 -36.55513628949467 -6.45
endloop
endfacet
facet normal 0 0 -1
outer loop
vertex 98.14896488077994 -36.49284614190122 -6.45
vertex 96.03400247773796 -36.55513628949467 -6.45
vertex 96.18066796485083 -36.49284614190122 -6.45
endloop
endfacet
facet normal 0 0 -1
outer loop
vertex 95.25970047358132 -36.49546074723133 -6.45
vertex 95.40671727424304 -36.55691713762674 -6.45
vertex 92.7936510966609 -36.55691713762674 -6.45
endloop
endfacet
facet normal 0 0 -1
outer loop
vertex 95.25970047358132 -36.49546074723133 -6.45
vertex 92.7936510966609 -36.55691713762674 -6.45
vertex 92.71027841081015 -36.49546074723133 -6.45
endloop
endfacet
facet normal 0 0 -1
outer loop
vertex 98.10534885609073 -36.55513628949467 -6.45
vertex 98.07859867072418 -36.593339518846896 -6.45
vertex 95.87930489900985 -36.593339518846896 -6.45
endloop
endfacet
facet normal 0 0 -1
outer loop
vertex 98.10534885609073 -36.55513628949467 -6.45
vertex 95.87930489900985 -36.593339518846896 -6.45
vertex 96.03400247773796 -36.55513628949467 -6.45
endloop
endfacet
facet normal 0 0 -1
outer loop
vertex 95.40671727424304 -36.55691713762674 -6.45
vertex 95.56162927374596 -36.59424139257309 -6.45
vertex 92.84428575584336 -36.59424139257309 -6.45
endloop
endfacet
facet normal 0 0 -1
outer loop
vertex 95.40671727424304 -36.55691713762674 -6.45
vertex 92.84428575584336 -36.59424139257309 -6.45
vertex 92.7936510966609 -36.55691713762674 -6.45
endloop
endfacet
facet normal 0 0 -1
outer loop
vertex 95.56162927374596 -36.59424139257309 -6.45
vertex 95.7205031282177 -36.606485818347764 -6.45
vertex 92.86089673245566 -36.606485818347764 -6.45
endloop
endfacet
facet normal 0 0 -1
outer loop
vertex 95.56162927374596 -36.59424139257309 -6.45
vertex 92.86089673245566 -36.606485818347764 -6.45
vertex 92.84428575584336 -36.59424139257309 -6.45
endloop
endfacet
facet normal 0 0 -1
outer loop
vertex 98.07859867072418 -36.593339518846896 -6.45
vertex 98.06939353402512 -36.606485818347764 -6.45
vertex 95.7205031282177 -36.606485818347764 -6.45
endloop
endfacet
facet normal 0 0 -1
outer loop
vertex 98.07859867072418 -36.593339518846896 -6.45
vertex 95.7205031282177 -36.606485818347764 -6.45
vertex 95.87930489900985 -36.593339518846896 -6.45
endloop
endfacet
facet normal 0 0 -1
outer loop
vertex 95.7205031282177 -36.606485818347764 -6.45
vertex 98.06939353402512 -36.606485818347764 -6.45
vertex 97.76554209999998 -37.040430700000115 -6.45
endloop
endfacet
facet normal 0 0 -1
outer loop
vertex 95.7205031282177 -36.606485818347764 -6.45
vertex 97.76554209999998 -37.040430700000115 -6.45
vertex 97.51178139492382 -37.34750959393431 -6.45
endloop
endfacet
facet normal 0 0 -1
outer loop
vertex 95.7205031282177 -36.606485818347764 -6.45
vertex 97.51178139492382 -37.34750959393431 -6.45
vertex 97.21246219794183 -37.610382530044475 -6.45
endloop
endfacet
facet normal 0 0 -1
outer loop
vertex 95.7205031282177 -36.606485818347764 -6.45
vertex 97.21246219794183 -37.610382530044475 -6.45
vertex 96.87518849252632 -37.82237453427253 -6.45
endloop
endfacet
facet normal 0 0 -1
outer loop
vertex 95.7205031282177 -36.606485818347764 -6.45
vertex 96.87518849252632 -37.82237453427253 -6.45
vertex 96.50852401757615 -37.97810290365576 -6.450000000000004
endloop
endfacet
facet normal 0 0 -1
outer loop
vertex 95.7205031282177 -36.606485818347764 -6.45
vertex 96.50852401757615 -37.97810290365576 -6.450000000000004
vertex 96.12177877495853 -38.07361352889605 -6.450000000000004
endloop
endfacet
facet normal 0 0 -1
outer loop
vertex 95.7205031282177 -36.606485818347764 -6.45
vertex 96.12177877495853 -38.07361352889605 -6.450000000000004
vertex 95.72477263863689 -38.10648129340977 -6.45
endloop
endfacet
facet normal 0 0 -1
outer loop
vertex 95.7205031282177 -36.606485818347764 -6.45
vertex 95.72477263863689 -38.10648129340977 -6.45
vertex 95.32758601760305 -38.075871649620254 -6.45
endloop
endfacet
facet normal 0 0 -1
outer loop
vertex 95.7205031282177 -36.606485818347764 -6.45
vertex 95.32758601760305 -38.075871649620254 -6.45
vertex 94.94030390354843 -37.98256180901093 -6.45
endloop
endfacet
facet normal 0 0 -1
outer loop
vertex 95.7205031282177 -36.606485818347764 -6.45
vertex 94.94030390354843 -37.98256180901093 -6.45
vertex 94.57275980217429 -37.82892100789935 -6.45
endloop
endfacet
facet normal 0 0 -1
outer loop
vertex 95.7205031282177 -36.606485818347764 -6.45
vertex 94.57275980217429 -37.82892100789935 -6.45
vertex 94.23428604999981 -37.618850350000265 -6.45
endloop
endfacet
facet normal 0 0 -1
outer loop
vertex 95.7205031282177 -36.606485818347764 -6.45
vertex 94.23428604999981 -37.618850350000265 -6.45
vertex 92.86089673245566 -36.606485818347764 -6.45
endloop
endfacet
facet normal -0.8660519196464609 0.49995407036714895 -4.9505280555764997e-14
outer loop
vertex 107.99420970000003 -19.817223749999975 -5.45
vertex 107.99420969999998 -19.81722375000004 -5.35
vertex 108.07727314889146 -19.67333601384841 -5.35
endloop
endfacet
facet normal -0.8660519196464609 0.49995407036714895 -4.9505280555764997e-14
outer loop
vertex 107.99420970000003 -19.817223749999975 -5.45
vertex 108.07727314889146 -19.67333601384841 -5.35
vertex 108.07727314889128 -19.673336013848377 -5.45
endloop
endfacet
facet normal -0.8660519196464609 0.49995407036714895 -4.9505280555764997e-14
outer loop
vertex 107.99420970000003 -19.817223749999975 -5.45
vertex 108.07727314889128 -19.673336013848377 -5.45
vertex 108.07727314889257 -19.673336013846132 -6.45
endloop
endfacet
facet normal -0.8660519196464609 0.49995407036714895 -4.9505280555764997e-14
outer loop
vertex 107.99420970000003 -19.817223749999975 -5.45
vertex 108.07727314889257 -19.673336013846132 -6.45
vertex 107.99420500000014 -19.817215899999802 -6.45
endloop
endfacet
facet normal -0.8660278592394532 0.4999957470030417 0
outer loop
vertex 108.07727314889128 -19.673336013848377 -5.45
vertex 108.08136130978839 -19.666255031157704 -5.45
vertex 108.08136130978879 -19.66625503115659 -6.45
endloop
endfacet
facet normal -0.8660278592394532 0.4999957470030417 0
outer loop
vertex 108.07727314889128 -19.673336013848377 -5.45
vertex 108.08136130978879 -19.66625503115659 -6.45
vertex 108.07727314889257 -19.673336013846132 -6.45
endloop
endfacet
facet normal -0.9999999999990569 -0.000001373426044892767 0
outer loop
vertex 105 -15.979309499999857 -5.45
vertex 105.0000000614961 -14.668714512174475 -5.45
vertex 105.0000000614961 -14.668714512174475 -6.45
endloop
endfacet
facet normal -0.9999999999990569 -0.000001373426044892767 0
outer loop
vertex 105 -15.979309499999857 -5.45
vertex 105.0000000614961 -14.668714512174475 -6.45
vertex 105.0000018 -15.97930574999996 -6.45
endloop
endfacet
facet normal -0.9968029596587255 -0.07989905891564325 0
outer loop
vertex 105.01276938393798 -16.13861275531482 -5.45
vertex 105 -15.979309499999857 -5.45
vertex 105.0000018 -15.97930574999996 -6.45
endloop
endfacet
facet normal -0.9968029596587255 -0.07989905891564325 0
outer loop
vertex 105.01276938393798 -16.13861275531482 -5.45
vertex 105.0000018 -15.97930574999996 -6.45
vertex 105.01276938393788 -16.138612755314778 -6.450000000000004
endloop
endfacet
facet normal -0.6371822474971198 -0.7707131654996683 0
outer loop
vertex 105.42641999999987 -16.798464749999905 -5.45
vertex 105.3032482468211 -16.696627541955415 -5.45
vertex 105.30324824682145 -16.696627541955458 -6.45
endloop
endfacet
facet normal -0.6371822474971198 -0.7707131654996683 0
outer loop
vertex 105.42641999999987 -16.798464749999905 -5.45
vertex 105.30324824682145 -16.696627541955458 -6.45
vertex 105.42642359999998 -16.79846149999998 -6.45
endloop
endfacet
facet normal -0.5735780397254399 -0.8191509215918161 0
outer loop
vertex 107.74862940000001 -18.424487500000005 -5.45
vertex 105.42641999999987 -16.798464749999905 -5.45
vertex 105.42642359999998 -16.79846149999998 -6.45
endloop
endfacet
facet normal -0.5735780397254399 -0.8191509215918161 0
outer loop
vertex 107.74862940000001 -18.424487500000005 -5.45
vertex 105.42642359999998 -16.79846149999998 -6.45
vertex 107.7486275000001 -18.42449295000006 -6.45
endloop
endfacet
facet normal -0.6427881231111043 -0.7660440123043217 0
outer loop
vertex 107.88215685970172 -18.53653753898445 -5.45
vertex 107.87589804686017 -18.531285764289127 -5.45
vertex 107.8758980468613 -18.531285764290054 -6.45
endloop
endfacet
facet normal -0.6427881231111043 -0.7660440123043217 0
outer loop
vertex 107.88215685970172 -18.53653753898445 -5.45
vertex 107.8758980468613 -18.531285764290054 -6.45
vertex 107.8821568596997 -18.536537538983083 -6.45
endloop
endfacet
facet normal -0.6428130036213865 -0.7660231343603477 -1.7299304806665282e-13
outer loop
vertex 107.87589804686017 -18.531285764289127 -5.45
vertex 107.87589804686016 -18.531285764289137 -5.350000000000001
vertex 107.74862939999996 -18.424487499999966 -5.35
endloop
endfacet
facet normal -0.6428130036213865 -0.7660231343603477 -1.7299304806665282e-13
outer loop
vertex 107.87589804686017 -18.531285764289127 -5.45
vertex 107.74862939999996 -18.424487499999966 -5.35
vertex 107.74862940000001 -18.424487500000005 -5.45
endloop
endfacet
facet normal -0.6428130036213865 -0.7660231343603477 -1.7299304806665282e-13
outer loop
vertex 107.87589804686017 -18.531285764289127 -5.45
vertex 107.74862940000001 -18.424487500000005 -5.45
vertex 107.7486275000001 -18.42449295000006 -6.45
endloop
endfacet
facet normal -0.6428130036213865 -0.7660231343603477 -1.7299304806665282e-13
outer loop
vertex 107.87589804686017 -18.531285764289127 -5.45
vertex 107.7486275000001 -18.42449295000006 -6.45
vertex 107.8758980468613 -18.531285764290054 -6.45
endloop
endfacet
facet normal -0.766044107401929 -0.6427880097783264 0
outer loop
vertex 107.99420142892448 -18.670066915254363 -5.45
vertex 107.98376098721882 -18.657624494540794 -5.45
vertex 107.98376098722598 -18.657624494549346 -6.45
endloop
endfacet
facet normal -0.766044107401929 -0.6427880097783264 0
outer loop
vertex 107.99420142892448 -18.670066915254363 -5.45
vertex 107.98376098722598 -18.657624494549346 -6.45
vertex 107.99420142892781 -18.67006691525938 -6.45
endloop
endfacet
facet normal -0.7660441073973466 -0.6427880097837874 7.767064675266685e-12
outer loop
vertex 107.98376098721882 -18.657624494540794 -5.45
vertex 107.98376098721954 -18.65762449454045 -5.35
vertex 107.91180155315145 -18.57186667143163 -5.350000000000001
endloop
endfacet
facet normal -0.7660441073973466 -0.6427880097837874 7.767064675266685e-12
outer loop
vertex 107.98376098721882 -18.657624494540794 -5.45
vertex 107.91180155315145 -18.57186667143163 -5.350000000000001
vertex 107.91180155315128 -18.571866671431412 -5.45
endloop
endfacet
facet normal -0.7660441073973466 -0.6427880097837874 7.767064675266685e-12
outer loop
vertex 107.98376098721882 -18.657624494540794 -5.45
vertex 107.91180155315128 -18.571866671431412 -5.45
vertex 107.91180155313602 -18.571866671413225 -6.45
endloop
endfacet
facet normal -0.7660441073973466 -0.6427880097837874 7.767064675266685e-12
outer loop
vertex 107.98376098721882 -18.657624494540794 -5.45
vertex 107.91180155313602 -18.571866671413225 -6.45
vertex 107.98376098722598 -18.657624494549346 -6.45
endloop
endfacet
facet normal -0.766044107401929 -0.6427880097783264 0
outer loop
vertex 107.91180155315128 -18.571866671431412 -5.45
vertex 107.88215685970172 -18.53653753898445 -5.45
vertex 107.8821568596997 -18.536537538983083 -6.45
endloop
endfacet
facet normal -0.766044107401929 -0.6427880097783264 0
outer loop
vertex 107.91180155315128 -18.571866671431412 -5.45
vertex 107.8821568596997 -18.536537538983083 -6.45
vertex 107.91180155313602 -18.571866671413225 -6.45
endloop
endfacet
facet normal -0.8660245463862264 -0.5000014850543256 0
outer loop
vertex 108.08135683655074 -18.821023911604954 -5.45
vertex 108.06930551707775 -18.800150496641375 -5.45
vertex 108.06930551707079 -18.800150496629286 -6.450000000000004
endloop
endfacet
facet normal -0.8660245463862264 -0.5000014850543256 0
outer loop
vertex 108.08135683655074 -18.821023911604954 -5.45
vertex 108.06930551707079 -18.800150496629286 -6.450000000000004
vertex 108.08135683654912 -18.82102391160139 -6.45
endloop
endfacet
facet normal -0.8660245463958516 -0.5000014850376541 -1.1718394575897808e-11
outer loop
vertex 108.06930551707775 -18.800150496641375 -5.45
vertex 108.0693055170767 -18.800150496641898 -5.350000000000001
vertex 108.01850000441807 -18.712153115891553 -5.35
endloop
endfacet
facet normal -0.8660245463958516 -0.5000014850376541 -1.1718394575897808e-11
outer loop
vertex 108.06930551707775 -18.800150496641375 -5.45
vertex 108.01850000441807 -18.712153115891553 -5.35
vertex 108.0185000044174 -18.71215311589197 -5.45
endloop
endfacet
facet normal -0.8660245463958516 -0.5000014850376541 -1.1718394575897808e-11
outer loop
vertex 108.06930551707775 -18.800150496641375 -5.45
vertex 108.0185000044174 -18.71215311589197 -5.45
vertex 108.01850000441283 -18.71215311588403 -6.450000000000004
endloop
endfacet
facet normal -0.8660245463958516 -0.5000014850376541 -1.1718394575897808e-11
outer loop
vertex 108.06930551707775 -18.800150496641375 -5.45
vertex 108.01850000441283 -18.71215311588403 -6.450000000000004
vertex 108.06930551707079 -18.800150496629286 -6.450000000000004
endloop
endfacet
facet normal -0.8660245463862264 -0.5000014850543256 0
outer loop
vertex 108.0185000044174 -18.71215311589197 -5.45
vertex 107.99420142892448 -18.670066915254363 -5.45
vertex 107.99420142892781 -18.67006691525938 -6.45
endloop
endfacet
facet normal -0.8660245463862264 -0.5000014850543256 0
outer loop
vertex 108.0185000044174 -18.71215311589197 -5.45
vertex 107.99420142892781 -18.67006691525938 -6.45
vertex 108.01850000441283 -18.71215311588403 -6.450000000000004
endloop
endfacet
facet normal -0.9396916264250657 -0.3420228752972745 0
outer loop
vertex 108.1409749457009 -18.984821838579883 -5.45
vertex 108.13015265784495 -18.95508811603818 -5.45
vertex 108.13015265784678 -18.955088116043207 -6.450000000000004
endloop
endfacet
facet normal -0.9396916264250657 -0.3420228752972745 0
outer loop
vertex 108.1409749457009 -18.984821838579883 -5.45
vertex 108.13015265784678 -18.955088116043207 -6.450000000000004
vertex 108.1409749457015 -18.984821838582405 -6.45
endloop
endfacet
facet normal -0.9396916264202316 -0.34202287531055536 2.1366113888239928e-12
outer loop
vertex 108.13015265784495 -18.95508811603818 -5.45
vertex 108.13015265784517 -18.95508811603818 -5.350000000000001
vertex 108.09664245976018 -18.863020436320667 -5.350000000000001
endloop
endfacet
facet normal -0.9396916264202316 -0.34202287531055536 2.1366113888239928e-12
outer loop
vertex 108.13015265784495 -18.95508811603818 -5.45
vertex 108.09664245976018 -18.863020436320667 -5.350000000000001
vertex 108.09664245976121 -18.86302043632012 -5.45
endloop
endfacet
facet normal -0.9396916264202316 -0.34202287531055536 2.1366113888239928e-12
outer loop
vertex 108.13015265784495 -18.95508811603818 -5.45
vertex 108.09664245976121 -18.86302043632012 -5.45
vertex 108.09664245976623 -18.863020436333848 -6.450000000000004
endloop
endfacet
facet normal -0.9396916264202316 -0.34202287531055536 2.1366113888239928e-12
outer loop
vertex 108.13015265784495 -18.95508811603818 -5.45
vertex 108.09664245976623 -18.863020436333848 -6.450000000000004
vertex 108.13015265784678 -18.955088116043207 -6.450000000000004
endloop
endfacet
facet normal -0.9396916264250657 -0.3420228752972745 0
outer loop
vertex 108.09664245976121 -18.86302043632012 -5.45
vertex 108.08135683655074 -18.821023911604954 -5.45
vertex 108.08135683654912 -18.82102391160139 -6.45
endloop
endfacet
facet normal -0.9396916264250657 -0.3420228752972745 0
outer loop
vertex 108.09664245976121 -18.86302043632012 -5.45
vertex 108.08135683654912 -18.82102391160139 -6.45
vertex 108.09664245976623 -18.863020436333848 -6.450000000000004
endloop
endfacet
facet normal -0.9848070410783337 -0.17365221519617083 0
outer loop
vertex 108.17124431499781 -19.15648384691596 -5.45
vertex 108.16453193925966 -19.11841698504596 -5.45
vertex 108.16453193925997 -19.11841698504773 -6.450000000000004
endloop
endfacet
facet normal -0.9848070410783337 -0.17365221519617083 0
outer loop
vertex 108.17124431499781 -19.15648384691596 -5.45
vertex 108.16453193925997 -19.11841698504773 -6.450000000000004
vertex 108.17124431499772 -19.156483846914703 -6.45
endloop
endfacet
facet normal -0.9848070410782193 -0.17365221519681961 2.774312492642744e-12
outer loop
vertex 108.16453193925966 -19.11841698504596 -5.45
vertex 108.16453193925994 -19.118416985045975 -5.35
vertex 108.1476874486982 -19.022889422153828 -5.350000000000001
endloop
endfacet
facet normal -0.9848070410782193 -0.17365221519681961 2.774312492642744e-12
outer loop
vertex 108.16453193925966 -19.11841698504596 -5.45
vertex 108.1476874486982 -19.022889422153828 -5.350000000000001
vertex 108.14768744869798 -19.022889422153817 -5.45
endloop
endfacet
facet normal -0.9848070410782193 -0.17365221519681961 2.774312492642744e-12
outer loop
vertex 108.16453193925966 -19.11841698504596 -5.45
vertex 108.14768744869798 -19.022889422153817 -5.45
vertex 108.14768744869785 -19.022889422153035 -6.450000000000004
endloop
endfacet
facet normal -0.9848070410782193 -0.17365221519681961 2.774312492642744e-12
outer loop
vertex 108.16453193925966 -19.11841698504596 -5.45
vertex 108.14768744869785 -19.022889422153035 -6.450000000000004
vertex 108.16453193925997 -19.11841698504773 -6.450000000000004
endloop
endfacet
facet normal -0.9848070410783337 -0.17365221519617083 0
outer loop
vertex 108.14768744869798 -19.022889422153817 -5.45
vertex 108.1409749457009 -18.984821838579883 -5.45
vertex 108.1409749457015 -18.984821838582405 -6.45
endloop
endfacet
facet normal -0.9848070410783337 -0.17365221519617083 0
outer loop
vertex 108.14768744869798 -19.022889422153817 -5.45
vertex 108.1409749457015 -18.984821838582405 -6.45
vertex 108.14768744869785 -19.022889422153035 -6.450000000000004
endloop
endfacet
facet normal -0.9999999999859956 -0.000005292327273309638 0
outer loop
vertex 108.17124523750496 -19.33079414443404 -5.45
vertex 108.17124500096617 -19.28609947890407 -5.45
vertex 108.17124500096615 -19.28609947891206 -6.45
endloop
endfacet
facet normal -0.9999999999859956 -0.000005292327273309638 0
outer loop
vertex 108.17124523750496 -19.33079414443404 -5.45
vertex 108.17124500096615 -19.28609947891206 -6.45
vertex 108.17124523750486 -19.330794144434112 -6.45
endloop
endfacet
facet normal -0.9999999999859956 -0.000005292328354673832 3.694807184198953e-12
outer loop
vertex 108.17124500096617 -19.28609947890407 -5.45
vertex 108.17124500096654 -19.286099478904354 -5.350000000000001
vertex 108.17124448247372 -19.188128836004424 -5.35
endloop
endfacet
facet normal -0.9999999999859956 -0.000005292328354673832 3.694807184198953e-12
outer loop
vertex 108.17124500096617 -19.28609947890407 -5.45
vertex 108.17124448247372 -19.188128836004424 -5.35
vertex 108.17124448247344 -19.188128836004392 -5.45
endloop
endfacet
facet normal -0.9999999999859956 -0.000005292328354673832 3.694807184198953e-12
outer loop
vertex 108.17124500096617 -19.28609947890407 -5.45
vertex 108.17124448247344 -19.188128836004392 -5.45
vertex 108.17124448247345 -19.188128836000597 -6.45
endloop
endfacet
facet normal -0.9999999999859956 -0.000005292328354673832 3.694807184198953e-12
outer loop
vertex 108.17124500096617 -19.28609947890407 -5.45
vertex 108.17124448247345 -19.188128836000597 -6.45
vertex 108.17124500096615 -19.28609947891206 -6.45
endloop
endfacet
facet normal -0.9999999999859956 -0.000005292327273309638 0
outer loop
vertex 108.17124448247344 -19.188128836004392 -5.45
vertex 108.17124431499781 -19.15648384691596 -5.45
vertex 108.17124431499772 -19.156483846914703 -6.45
endloop
endfacet
facet normal -0.9999999999859956 -0.000005292327273309638 0
outer loop
vertex 108.17124448247344 -19.188128836004392 -5.45
vertex 108.17124431499772 -19.156483846914703 -6.45
vertex 108.17124448247345 -19.188128836000597 -6.45
endloop
endfacet
facet normal -0.9848088790718578 0.1736417913442241 0
outer loop
vertex 108.14097768519356 -19.502456473147074 -5.45
vertex 108.14941778604295 -19.454588467453362 -5.45
vertex 108.14941778604222 -19.454588467457402 -6.45
endloop
endfacet
facet normal -0.9848088790718578 0.1736417913442241 0
outer loop
vertex 108.14097768519356 -19.502456473147074 -5.45
vertex 108.14941778604222 -19.454588467457402 -6.45
vertex 108.14097768519336 -19.502456473147678 -6.45
endloop
endfacet
facet normal -0.9848088790713636 0.17364179134702587 8.948619439258346e-13
outer loop
vertex 108.14941778604295 -19.454588467453362 -5.45
vertex 108.14941778604299 -19.454588467453636 -5.350000000000001
vertex 108.16705924107305 -19.354535010169155 -5.350000000000001
endloop
endfacet
facet normal -0.9848088790713636 0.17364179134702587 8.948619439258346e-13
outer loop
vertex 108.14941778604295 -19.454588467453362 -5.45
vertex 108.16705924107305 -19.354535010169155 -5.350000000000001
vertex 108.16705924107265 -19.35453501016913 -5.45
endloop
endfacet
facet normal -0.9848088790713636 0.17364179134702587 8.948619439258346e-13
outer loop
vertex 108.14941778604295 -19.454588467453362 -5.45
vertex 108.16705924107265 -19.35453501016913 -5.45
vertex 108.16705924107337 -19.354535010165055 -6.45
endloop
endfacet
facet normal -0.9848088790713636 0.17364179134702587 8.948619439258346e-13
outer loop
vertex 108.14941778604295 -19.454588467453362 -5.45
vertex 108.16705924107337 -19.354535010165055 -6.45
vertex 108.14941778604222 -19.454588467457402 -6.45
endloop
endfacet
facet normal -0.9848088790718578 0.1736417913442241 0
outer loop
vertex 108.16705924107265 -19.35453501016913 -5.45
vertex 108.17124523750496 -19.33079414443404 -5.45
vertex 108.17124523750486 -19.330794144434112 -6.45
endloop
endfacet
facet normal -0.9848088790718578 0.1736417913442241 0
outer loop
vertex 108.16705924107265 -19.35453501016913 -5.45
vertex 108.17124523750486 -19.330794144434112 -6.45
vertex 108.16705924107337 -19.354535010165055 -6.45
endloop
endfacet
facet normal -0.9396952465663733 0.34201292896696606 0
outer loop
vertex 108.08136130978839 -19.666255031157704 -5.45
vertex 108.09714327021321 -19.622893415450623 -5.45
vertex 108.0971432702108 -19.622893415457305 -6.45
endloop
endfacet
facet normal -0.9396952465663733 0.34201292896696606 0
outer loop
vertex 108.08136130978839 -19.666255031157704 -5.45
vertex 108.0971432702108 -19.622893415457305 -6.45
vertex 108.08136130978879 -19.66625503115659 -6.45
endloop
endfacet
facet normal -0.9396952465666755 0.3420129289661358 2.0134404095115057e-12
outer loop
vertex 108.09714327021321 -19.622893415450623 -5.45
vertex 108.09714327021364 -19.62289341545004 -5.35
vertex 108.13542065777357 -19.517724645223176 -5.350000000000001
endloop
endfacet
facet normal -0.9396952465666755 0.3420129289661358 2.0134404095115057e-12
outer loop
vertex 108.09714327021321 -19.622893415450623 -5.45
vertex 108.13542065777357 -19.517724645223176 -5.350000000000001
vertex 108.13542065777344 -19.51772464522326 -5.45
endloop
endfacet
facet normal -0.9396952465666755 0.3420129289661358 2.0134404095115057e-12
outer loop
vertex 108.09714327021321 -19.622893415450623 -5.45
vertex 108.13542065777344 -19.51772464522326 -5.45
vertex 108.13542065777368 -19.51772464522262 -6.45
endloop
endfacet
facet normal -0.9396952465666755 0.3420129289661358 2.0134404095115057e-12
outer loop
vertex 108.09714327021321 -19.622893415450623 -5.45
vertex 108.13542065777368 -19.51772464522262 -6.45
vertex 108.0971432702108 -19.622893415457305 -6.45
endloop
endfacet
facet normal -0.9396952465663733 0.34201292896696606 0
outer loop
vertex 108.13542065777344 -19.51772464522326 -5.45
vertex 108.14097768519356 -19.502456473147074 -5.45
vertex 108.14097768519336 -19.502456473147678 -6.45
endloop
endfacet
facet normal -0.9396952465663733 0.34201292896696606 0
outer loop
vertex 108.13542065777344 -19.51772464522326 -5.45
vertex 108.14097768519336 -19.502456473147678 -6.45
vertex 108.13542065777368 -19.51772464522262 -6.45
endloop
endfacet
facet normal -0.8191521005753407 0.5735763559658007 0
outer loop
vertex 96.53681400000012 -36.180065999999854 -5.45
vertex 107.99420970000003 -19.817223749999975 -5.45
vertex 107.99420500000014 -19.817215899999802 -6.45
endloop
endfacet
facet normal -0.8191521005753407 0.5735763559658007 0
outer loop
vertex 96.53681400000012 -36.180065999999854 -5.45
vertex 107.99420500000014 -19.817215899999802 -6.45
vertex 96.53681175000003 -36.180072649999985 -6.45
endloop
endfacet
facet normal -0.7708448193188389 0.6370229701740016 0
outer loop
vertex 96.43530723335748 -36.30289523107856 -5.45
vertex 96.53681400000012 -36.180065999999854 -5.45
vertex 96.53681175000003 -36.180072649999985 -6.45
endloop
endfacet
facet normal -0.7708448193188389 0.6370229701740016 0
outer loop
vertex 96.43530723335748 -36.30289523107856 -5.45
vertex 96.53681175000003 -36.180072649999985 -6.45
vertex 96.43530532767149 -36.302902914280985 -6.45
endloop
endfacet
facet normal -0.6598748824269354 0.7513754983641923 0
outer loop
vertex 96.31558058152872 -36.408045140658686 -5.45
vertex 96.43530723335748 -36.30289523107856 -5.45
vertex 96.43530532767149 -36.302902914280985 -6.45
endloop
endfacet
facet normal -0.6598748824269354 0.7513754983641923 0
outer loop
vertex 96.31558058152872 -36.408045140658686 -5.45
vertex 96.43530532767149 -36.302902914280985 -6.45
vertex 96.31557740225078 -36.408050674465095 -6.45
endloop
endfacet
facet normal -0.5321501761595754 0.8466499808145824 0
outer loop
vertex 96.18067202089404 -36.492842870052804 -5.45
vertex 96.31558058152872 -36.408045140658686 -5.45
vertex 96.31557740225078 -36.408050674465095 -6.45
endloop
endfacet
facet normal -0.5321501761595754 0.8466499808145824 0
outer loop
vertex 96.18067202089404 -36.492842870052804 -5.45
vertex 96.31557740225078 -36.408050674465095 -6.45
vertex 96.18066796485083 -36.49284614190122 -6.45
endloop
endfacet
facet normal -0.390913736513511 0.9204273195668659 0
outer loop
vertex 96.03400701129591 -36.555135322263865 -5.45
vertex 96.18067202089404 -36.492842870052804 -5.45
vertex 96.18066796485083 -36.49284614190122 -6.45
endloop
endfacet
facet normal -0.390913736513511 0.9204273195668659 0
outer loop
vertex 96.03400701129591 -36.555135322263865 -5.45
vertex 96.18066796485083 -36.49284614190122 -6.45
vertex 96.03400247773796 -36.55513628949467 -6.45
endloop
endfacet
facet normal -0.23975167357814106 0.9708342469322354 0
outer loop
vertex 95.87930952027409 -36.59334083121737 -5.45
vertex 96.03400701129591 -36.555135322263865 -5.45
vertex 96.03400247773796 -36.55513628949467 -6.45
endloop
endfacet
facet normal -0.23975167357814106 0.9708342469322354 0
outer loop
vertex 95.87930952027409 -36.59334083121737 -5.45
vertex 96.03400247773796 -36.55513628949467 -6.45
vertex 95.87930489900985 -36.593339518846896 -6.45
endloop
endfacet
facet normal -0.0825021172328917 0.9965908893081906 0
outer loop
vertex 95.7205074679001 -36.606489321804325 -5.45
vertex 95.87930952027409 -36.59334083121737 -5.45
vertex 95.87930489900985 -36.593339518846896 -6.45
endloop
endfacet
facet normal -0.0825021172328917 0.9965908893081906 0
outer loop
vertex 95.7205074679001 -36.606489321804325 -5.45
vertex 95.87930489900985 -36.593339518846896 -6.45
vertex 95.7205031282177 -36.606485818347764 -6.45
endloop
endfacet
facet normal 0.07684223614751318 0.9970432642287144 0
outer loop
vertex 95.56163299305933 -36.5942469410336 -5.45
vertex 95.7205074679001 -36.606489321804325 -5.45
vertex 95.7205031282177 -36.606485818347764 -6.45
endloop
endfacet
facet normal 0.07684223614751318 0.9970432642287144 0
outer loop
vertex 95.56163299305933 -36.5942469410336 -5.45
vertex 95.7205031282177 -36.606485818347764 -6.45
vertex 95.56162927374596 -36.59424139257309 -6.45
endloop
endfacet
facet normal 0.23423550155764866 0.9721798855201833 0
outer loop
vertex 95.40672007351371 -36.55692453488495 -5.45
vertex 95.56163299305933 -36.5942469410336 -5.45
vertex 95.56162927374596 -36.59424139257309 -6.45
endloop
endfacet
facet normal 0.23423550155764866 0.9721798855201833 0
outer loop
vertex 95.40672007351371 -36.55692453488495 -5.45
vertex 95.56162927374596 -36.59424139257309 -6.45
vertex 95.40671727424304 -36.55691713762674 -6.45
endloop
endfacet
facet normal 0.38568133373056457 0.9226320549448805 0
outer loop
vertex 95.25970209927534 -36.49546975562649 -5.45
vertex 95.40672007351371 -36.55692453488495 -5.45
vertex 95.40671727424304 -36.55691713762674 -6.45
endloop
endfacet
facet normal 0.38568133373056457 0.9226320549448805 0
outer loop
vertex 95.25970209927534 -36.49546975562649 -5.45
vertex 95.40671727424304 -36.55691713762674 -6.45
vertex 95.25970047358132 -36.49546074723133 -6.45
endloop
endfacet
facet normal 0.5273273123139078 0.849662230352621 0
outer loop
vertex 95.1243119999999 -36.41144299999992 -5.45
vertex 95.25970209927534 -36.49546975562649 -5.45
vertex 95.25970047358132 -36.49546074723133 -6.45
endloop
endfacet
facet normal 0.5273273123139078 0.849662230352621 0
outer loop
vertex 95.1243119999999 -36.41144299999992 -5.45
vertex 95.25970047358132 -36.49546074723133 -6.45
vertex 95.1243135 -36.4114353 -6.45
endloop
endfacet
facet normal 0.593348818569636 0.8049454512274582 0.000007088103194483685
outer loop
vertex 81.26461369999993 -26.195054299999953 -5.45
vertex 95.1243119999999 -36.41144299999992 -5.45
vertex 95.1243135 -36.4114353 -6.45
endloop
endfacet
facet normal 0.593348818569636 0.8049454512274582 0.000007088103194483685
outer loop
vertex 81.26461369999993 -26.195054299999953 -5.45
vertex 95.1243135 -36.4114353 -6.45
vertex 83.03492881734175 -27.5 -6.45
endloop
endfacet
facet normal 0.593348818569636 0.8049454512274582 0.000007088103194483685
outer loop
vertex 81.26461369999993 -26.195054299999953 -5.45
vertex 83.03492881734175 -27.5 -6.45
vertex 81.2646076 -26.195045000000015 -6.45
endloop
endfacet
facet normal 0.5410358895458206 0.8409995042943622 0
outer loop
vertex 81.15784440641183 -26.126366009984345 -5.45
vertex 81.26461369999993 -26.195054299999953 -5.45
vertex 81.2646076 -26.195045000000015 -6.45
endloop
endfacet
facet normal 0.5410358895458206 0.8409995042943622 0
outer loop
vertex 81.15784440641183 -26.126366009984345 -5.45
vertex 81.2646076 -26.195045000000015 -6.45
vertex 81.15783898985184 -26.126358098673528 -6.45
endloop
endfacet
facet normal 0.4301225478231121 0.9027705100711669 0
outer loop
vertex 81.04323424193738 -26.07175584677138 -5.45
vertex 81.15784440641183 -26.126366009984345 -5.45
vertex 81.15783898985184 -26.126358098673528 -6.45
endloop
endfacet
facet normal 0.4301225478231121 0.9027705100711669 0
outer loop
vertex 81.04323424193738 -26.07175584677138 -5.45
vertex 81.15783898985184 -26.126358098673528 -6.45
vertex 81.04322827706223 -26.071752137088673 -6.45
endloop
endfacet
facet normal 0.3122767375383591 0.9499911784813577 0
outer loop
vertex 80.92262861566992 -26.0321068538504 -5.45
vertex 81.04323424193738 -26.07175584677138 -5.45
vertex 81.04322827706223 -26.071752137088673 -6.45
endloop
endfacet
facet normal 0.3122767375383591 0.9499911784813577 0
outer loop
vertex 80.92262861566992 -26.0321068538504 -5.45
vertex 81.04322827706223 -26.071752137088673 -6.45
vertex 80.92262269137345 -26.03210722281905 -6.45
endloop
endfacet
facet normal 0.1893978298802921 0.9819004338712943 0
outer loop
vertex 80.7979714201154 -26.008058084162762 -5.45
vertex 80.92262861566992 -26.0321068538504 -5.45
vertex 80.92262269137345 -26.03210722281905 -6.45
endloop
endfacet
facet normal 0.1893978298802921 0.9819004338712943 0
outer loop
vertex 80.7979714201154 -26.008058084162762 -5.45
vertex 80.92262269137345 -26.03210722281905 -6.45
vertex 80.79796608445162 -26.0080623298576 -6.45
endloop
endfacet
facet normal 0.06350434395392668 0.9979815621037202 0
outer loop
vertex 80.67127185000004 -25.99999715 -5.45
vertex 80.7979714201154 -26.008058084162762 -5.45
vertex 80.79796608445162 -26.0080623298576 -6.45
endloop
endfacet
facet normal 0.06350434395392668 0.9979815621037202 0
outer loop
vertex 80.67127185000004 -25.99999715 -5.45
vertex 80.79796608445162 -26.0080623298576 -6.45
vertex 80.67126519999957 -25.9999971500004 -6.45
endloop
endfacet
facet normal -0.05060387707522253 0.9987188030797004 -7.84360093044585e-8
outer loop
vertex 25.10420902877583 -5.0051200092168955 -5.45
vertex 25.205257600000003 -5 -5.45
vertex 25.20525915 -5 -6.45
endloop
endfacet
facet normal -0.05060387707522253 0.9987188030797004 -7.84360093044585e-8
outer loop
vertex 25.10420902877583 -5.0051200092168955 -5.45
vertex 25.20525915 -5 -6.45
vertex 25.205218774103123 -4.999999998477792 -6.45
endloop
endfacet
facet normal -0.05060387707522253 0.9987188030797004 -7.84360093044585e-8
outer loop
vertex 25.10420902877583 -5.0051200092168955 -5.45
vertex 25.205218774103123 -4.999999998477792 -6.45
vertex 25.10420859661561 -5.005117328607842 -6.45
endloop
endfacet
facet normal -0.15126325230646387 0.9884935146482607 0
outer loop
vertex 25.004193361478695 -5.020419874538515 -5.45
vertex 25.10420902877583 -5.0051200092168955 -5.45
vertex 25.10420859661561 -5.005117328607842 -6.45
endloop
endfacet
facet normal -0.15126325230646387 0.9884935146482607 0
outer loop
vertex 25.004193361478695 -5.020419874538515 -5.45
vertex 25.10420859661561 -5.005117328607842 -6.45
vertex 25.004192653865534 -5.020422170327777 -6.45
endloop
endfacet
facet normal -6.328156531754372e-11 2.4474465193299904e-10 -1
outer loop
vertex 24.906235227660865 -5.0457553429601685 -5.450000000000002
vertex 24.906235680456565 -5.045747967883958 -5.45
vertex 25.004193361478695 -5.020419874538515 -5.45
endloop
endfacet
facet normal -6.328156531754372e-11 2.4474465193299904e-10 -1
outer loop
vertex 24.906235227660865 -5.0457553429601685 -5.450000000000002
vertex 25.004193361478695 -5.020419874538515 -5.45
vertex 25.004192653865534 -5.020422170327777 -6.45
endloop
endfacet
facet normal -6.328156531754372e-11 2.4474465193299904e-10 -1
outer loop
vertex 24.906235227660865 -5.0457553429601685 -5.450000000000002
vertex 25.004192653865534 -5.020422170327777 -6.45
vertex 24.90623522766087 -5.045755342960202 -6.45
endloop
endfacet
facet normal -0.3469027679572125 0.9379010979754872 0
outer loop
vertex 24.811338800000144 -5.080844999999943 -5.45
vertex 24.906235227660865 -5.0457553429601685 -5.450000000000002
vertex 24.90623522766087 -5.045755342960202 -6.45
endloop
endfacet
facet normal -0.3469027679572125 0.9379010979754872 0
outer loop
vertex 24.811338800000144 -5.080844999999943 -5.45
vertex 24.90623522766087 -5.045755342960202 -6.45
vertex 24.811338300000003 -5.080855 -6.45
endloop
endfacet
facet normal -0.3939193002077923 0.9191450293200759 3.45178944539604e-14
outer loop
vertex 11.188661699999976 -10.919145000000007 -5.45
vertex 24.811338300000017 -5.080855000000032 -5.450000000000002
vertex 24.811338300000003 -5.080855 -6.45
endloop
endfacet
facet normal -0.3939193002077923 0.9191450293200759 3.45178944539604e-14
outer loop
vertex 11.188661699999976 -10.919145000000007 -5.45
vertex 24.811338300000003 -5.080855 -6.45
vertex 21.499996719127925 -6.5 -6.45
endloop
endfacet
facet normal -0.3939193002077923 0.9191450293200759 3.45178944539604e-14
outer loop
vertex 11.188661699999976 -10.919145000000007 -5.45
vertex 21.499996719127925 -6.5 -6.45
vertex 11.188659939803065 -10.919139999999985 -6.45
endloop
endfacet
facet normal -0.34692723609777515 0.937892047547882 0
outer loop
vertex 11.093764772339142 -10.954244657039801 -5.45
vertex 11.188661699999976 -10.919145000000007 -5.45
vertex 11.188659939803065 -10.919139999999985 -6.45
endloop
endfacet
facet normal -0.34692723609777515 0.937892047547882 0
outer loop
vertex 11.093764772339142 -10.954244657039801 -5.45
vertex 11.188659939803065 -10.919139999999985 -6.45
vertex 11.09376477233919 -10.954244657039785 -6.450000000000004
endloop
endfacet
facet normal 0.9969539765732524 -0.07799210597733008 0
outer loop
vertex -10.987840378245279 44.43473777861378 -5.45
vertex -11.000000000000004 44.27924079999999 -5.45
vertex -11 44.27924205000001 -6.45
endloop
endfacet
facet normal 0.9969539765732524 -0.07799210597733008 0
outer loop
vertex -10.987840378245279 44.43473777861378 -5.45
vertex -11 44.27924205000001 -6.45
vertex -10.98783994654657 44.4347395880602 -6.45
endloop
endfacet
facet normal 0.3892614916970067 -0.9211272936363472 0
outer loop
vertex -10.31622500000033 45.22792039999996 -5.450000000000002
vertex -10.459896829209148 45.167209459711536 -5.45
vertex -10.459896829209084 45.167209459711664 -6.45
endloop
endfacet
facet normal 0.3892614916970067 -0.9211272936363472 0
outer loop
vertex -10.31622500000033 45.22792039999996 -5.450000000000002
vertex -10.459896829209084 45.167209459711664 -6.45
vertex -10.31622500000033 45.22792039999996 -6.450000000000004
endloop
endfacet
facet normal 0.26493556301581844 -0.9642661185842275 0
outer loop
vertex 6.949417304088724 50.97708320316877 -5.45
vertex 6.846049900000128 50.948683300000035 -5.45
vertex 6.846049900000166 50.94868330000015 -6.450000000000004
endloop
endfacet
facet normal 0.26493556301581844 -0.9642661185842275 0
outer loop
vertex 6.949417304088724 50.97708320316877 -5.45
vertex 6.846049900000166 50.94868330000015 -6.450000000000004
vertex 6.9494196902107745 50.97708013409685 -6.45
endloop
endfacet
facet normal 0.16019610670637277 -0.9870852077688737 0
outer loop
vertex 7.055234032825736 50.99425565458788 -5.45
vertex 6.949417304088724 50.97708320316877 -5.45
vertex 6.9494196902107745 50.97708013409685 -6.45
endloop
endfacet
facet normal 0.16019610670637277 -0.9870852077688737 0
outer loop
vertex 7.055234032825736 50.99425565458788 -5.45
vertex 6.9494196902107745 50.97708013409685 -6.45
vertex 7.055231654246697 50.99425257731462 -6.45
endloop
endfacet
facet normal 0.053613903801213766 -0.9985617403642071 0
outer loop
vertex 7.162284949999112 51.00000165 -5.45
vertex 7.055234032825736 50.99425565458788 -5.45
vertex 7.055231654246697 50.99425257731462 -6.45
endloop
endfacet
facet normal 0.053613903801213766 -0.9985617403642071 0
outer loop
vertex 7.162284949999112 51.00000165 -5.45
vertex 7.055231654246697 50.99425257731462 -6.45
vertex 7.162284949999112 51.00000165 -6.45
endloop
endfacet
facet normal 0 0 1
outer loop
vertex 107.99420969999998 -19.81722375000004 -5.35
vertex 108.07385338780836 -19.682017472412582 -5.35
vertex 108.07727314889146 -19.67333601384841 -5.35
endloop
endfacet
facet normal 0 0 1
outer loop
vertex 107.99420969999998 -19.81722375000004 -5.35
vertex 108.07727314889146 -19.67333601384841 -5.35
vertex 107.99420969999998 -19.81722375000004 -5.35
endloop
endfacet
facet normal 0 0 1
outer loop
vertex 107.99420969999998 -19.81722375000004 -5.35
vertex 107.99420969999998 -19.81722375000004 -5.35
vertex 107.9941570857085 -19.81729889092851 -5.35
endloop
endfacet
facet normal 0 0 1
outer loop
vertex 108.13136535797177 -19.536016692296297 -5.35
vertex 108.13542065777357 -19.517724645223176 -5.350000000000001
vertex 108.09714327021364 -19.62289341545004 -5.35
endloop
endfacet
facet normal 0 0 1
outer loop
vertex 108.16532944410514 -19.38281651161505 -5.350000000000001
vertex 108.16705924107305 -19.354535010169155 -5.350000000000001
vertex 108.14941778604299 -19.454588467453636 -5.350000000000001
endloop
endfacet
facet normal 0 0 1
outer loop
vertex 108.17490931949165 -19.2261893093366 -5.350000000000001
vertex 108.17124448247372 -19.188128836004424 -5.35
vertex 108.17124500096654 -19.286099478904354 -5.350000000000001
endloop
endfacet
facet normal 0 0 1
outer loop
vertex 108.1598690906745 -19.069991850893874 -5.35
vertex 108.1476874486982 -19.022889422153828 -5.350000000000001
vertex 108.16453193925994 -19.118416985045975 -5.35
endloop
endfacet
facet normal 0 0 1
outer loop
vertex 108.12057910606185 -18.91807031978877 -5.350000000000001
vertex 108.09664245976018 -18.863020436320667 -5.350000000000001
vertex 108.13015265784517 -18.95508811603818 -5.350000000000001
endloop
endfacet
facet normal 0 0 1
outer loop
vertex 108.0580068365056 -18.77416560966389 -5.350000000000001
vertex 108.01850000441807 -18.712153115891553 -5.35
vertex 108.0693055170767 -18.800150496641898 -5.350000000000001
endloop
endfacet
facet normal 0 0 1
outer loop
vertex 107.97369305249615 -18.64182120922637 -5.35
vertex 107.91180155315145 -18.57186667143163 -5.350000000000001
vertex 107.98376098721954 -18.65762449454045 -5.35
endloop
endfacet
facet normal 0 0 1
outer loop
vertex 107.86971388435296 -18.52429594768396 -5.350000000000001
vertex 107.74868404661377 -18.424532544530173 -5.35
vertex 107.74862939999996 -18.424487499999966 -5.35
endloop
endfacet
facet normal 0 0 1
outer loop
vertex 107.86971388435296 -18.52429594768396 -5.350000000000001
vertex 107.74862939999996 -18.424487499999966 -5.35
vertex 107.87589804686016 -18.531285764289137 -5.350000000000001
endloop
endfacet
endsolid csg.js
