solid csg.js
facet normal 0 0 -1
outer loop
vertex 25 52.500003160839384 0
vertex 81.99999999999996 52.5 0
vertex 82.43412044416726 52.46201938253052 0
endloop
endfacet
facet normal 0 0 -1
outer loop
vertex 25 52.500003160839384 0
vertex 82.43412044416726 52.46201938253052 0
vertex 82.85505035831433 52.349231551964714 0
endloop
endfacet
facet normal 0 0 -1
outer loop
vertex 25 52.500003160839384 0
vertex 82.85505035831433 52.349231551964714 0
vertex 83.24999999999989 52.16506350946117 0
endloop
endfacet
facet normal 0 0 -1
outer loop
vertex 25 52.500003160839384 0
vertex 83.24999999999989 52.16506350946117 0
vertex 83.60696902421644 51.91511110779737 0
endloop
endfacet
facet normal 0 0 -1
outer loop
vertex 25 52.500003160839384 0
vertex 83.60696902421644 51.91511110779737 0
vertex 83.9151111077973 51.60696902421651 0
endloop
endfacet
facet normal 0 0 -1
outer loop
vertex 25 52.500003160839384 0
vertex 83.9151111077973 51.60696902421651 0
vertex 84.1650635094611 51.24999999999994 0
endloop
endfacet
facet normal 0 0 -1
outer loop
vertex 25 52.500003160839384 0
vertex 84.1650635094611 51.24999999999994 0
vertex 84.3492315519648 50.8550503583141 0
endloop
endfacet
facet normal 0 0 -1
outer loop
vertex 25 52.500003160839384 0
vertex 84.3492315519648 50.8550503583141 0
vertex 84.46201938253051 50.434120444167355 0
endloop
endfacet
facet normal 0 0 -1
outer loop
vertex 25 52.500003160839384 0
vertex 84.46201938253051 50.434120444167355 0
vertex 84.5 49.999999999999986 0
endloop
endfacet
facet normal 0 0 -1
outer loop
vertex 25 52.500003160839384 0
vertex 84.5 49.999999999999986 0
vertex 84.5 47 0
endloop
endfacet
facet normal 0 0 -1
outer loop
vertex 25 52.500003160839384 0
vertex 84.5 47 0
vertex 77.99999999999999 47 0
endloop
endfacet
facet normal 0 0 -1
outer loop
vertex 25 52.500003160839384 0
vertex 77.99999999999999 47 0
vertex 66.00000000000009 47 0
endloop
endfacet
facet normal 0 0 -1
outer loop
vertex 25 52.500003160839384 0
vertex 66.00000000000009 47 0
vertex 60.00000000000001 47 0
endloop
endfacet
facet normal 0 0 -1
outer loop
vertex 25 52.500003160839384 0
vertex 60.00000000000001 47 0
vertex 48.00000000000003 47 0
endloop
endfacet
facet normal 0 0 -1
outer loop
vertex 25 52.500003160839384 0
vertex 48.00000000000003 47 0
vertex 42.00000000000001 47 0
endloop
endfacet
facet normal 0 0 -1
outer loop
vertex 25 52.500003160839384 0
vertex 42.00000000000001 47 0
vertex 30.000000000000025 47 0
endloop
endfacet
facet normal 0 0 -1
outer loop
vertex 25 52.500003160839384 0
vertex 30.000000000000025 47 0
vertex 24.00000000000003 47 0
endloop
endfacet
facet normal 0 0 -1
outer loop
vertex 25 52.500003160839384 0
vertex 24.00000000000003 47 0
vertex 11.999999999999964 47 0
endloop
endfacet
facet normal 0 0 -1
outer loop
vertex 25 52.500003160839384 0
vertex 11.999999999999964 47 0
vertex -9.743411529483108 47 0
endloop
endfacet
facet normal 0 0 -1
outer loop
vertex 25 52.500003160839384 0
vertex -9.743411529483108 47 0
vertex 6.37170829999998 52.371708299999995 0
endloop
endfacet
facet normal 0 0 -1
outer loop
vertex 25 52.500003160839384 0
vertex 6.37170829999998 52.371708299999995 0
vertex 6.630128521345547 52.44270661382244 0
endloop
endfacet
facet normal 0 0 -1
outer loop
vertex 25 52.500003160839384 0
vertex 6.630128521345547 52.44270661382244 0
vertex 6.894668545689669 52.485637734168705 0
endloop
endfacet
facet normal 0 0 -1
outer loop
vertex 25 52.500003160839384 0
vertex 6.894668545689669 52.485637734168705 0
vertex 7.162284150000104 52.500003160839384 0
endloop
endfacet
facet normal 0 0 -1
outer loop
vertex 11.999999999999964 47 0
vertex 11.826351822333026 46.984807753012205 0
vertex -9.788988256106073 46.984807753012205 0
endloop
endfacet
facet normal 0 0 -1
outer loop
vertex 11.999999999999964 47 0
vertex -9.788988256106073 46.984807753012205 0
vertex -9.743411529483108 47 0
endloop
endfacet
facet normal 0 0 -1
outer loop
vertex 30.000000000000025 47 0
vertex 29.826351822333077 46.984807753012205 0
vertex 24.17364817766696 46.984807753012205 0
endloop
endfacet
facet normal 0 0 -1
outer loop
vertex 30.000000000000025 47 0
vertex 24.17364817766696 46.984807753012205 0
vertex 24.00000000000003 47 0
endloop
endfacet
facet normal 0 0 -1
outer loop
vertex 48.00000000000003 47 0
vertex 47.82635182233308 46.984807753012205 0
vertex 42.17364817766695 46.984807753012205 0
endloop
endfacet
facet normal 0 0 -1
outer loop
vertex 48.00000000000003 47 0
vertex 42.17364817766695 46.984807753012205 0
vertex 42.00000000000001 47 0
endloop
endfacet
facet normal 0 0 -1
outer loop
vertex 66.00000000000009 47 0
vertex 65.82635182233312 46.984807753012205 0
vertex 60.17364817766693 46.984807753012205 0
endloop
endfacet
facet normal 0 0 -1
outer loop
vertex 66.00000000000009 47 0
vertex 60.17364817766693 46.984807753012205 0
vertex 60.00000000000001 47 0
endloop
endfacet
facet normal 0 0 -1
outer loop
vertex 84.5 47 0
vertex 84.5 46.984807753012205 0
vertex 78.17364817766692 46.984807753012205 0
endloop
endfacet
facet normal 0 0 -1
outer loop
vertex 84.5 47 0
vertex 78.17364817766692 46.984807753012205 0
vertex 77.99999999999999 47 0
endloop
endfacet
facet normal 0 0 -1
outer loop
vertex 11.826351822333026 46.984807753012205 0
vertex 11.657979856674359 46.93969262078591 0
vertex -9.924333610199424 46.93969262078591 0
endloop
endfacet
facet normal 0 0 -1
outer loop
vertex 11.826351822333026 46.984807753012205 0
vertex -9.924333610199424 46.93969262078591 0
vertex -9.788988256106073 46.984807753012205 0
endloop
endfacet
facet normal 0 0 -1
outer loop
vertex 29.826351822333077 46.984807753012205 0
vertex 29.65797985667434 46.93969262078591 0
vertex 24.342020143325662 46.93969262078591 0
endloop
endfacet
facet normal 0 0 -1
outer loop
vertex 29.826351822333077 46.984807753012205 0
vertex 24.342020143325662 46.93969262078591 0
vertex 24.17364817766696 46.984807753012205 0
endloop
endfacet
facet normal 0 0 -1
outer loop
vertex 47.82635182233308 46.984807753012205 0
vertex 47.65797985667439 46.93969262078591 0
vertex 42.34202014332566 46.93969262078591 0
endloop
endfacet
facet normal 0 0 -1
outer loop
vertex 47.82635182233308 46.984807753012205 0
vertex 42.34202014332566 46.93969262078591 0
vertex 42.17364817766695 46.984807753012205 0
endloop
endfacet
facet normal 0 0 -1
outer loop
vertex 65.82635182233312 46.984807753012205 0
vertex 65.65797985667433 46.93969262078591 0
vertex 60.3420201433257 46.93969262078591 0
endloop
endfacet
facet normal 0 0 -1
outer loop
vertex 65.82635182233312 46.984807753012205 0
vertex 60.3420201433257 46.93969262078591 0
vertex 60.17364817766693 46.984807753012205 0
endloop
endfacet
facet normal 0 0 -1
outer loop
vertex 84.5 46.984807753012205 0
vertex 84.5 46.93969262078591 0
vertex 78.34202014332561 46.93969262078591 0
endloop
endfacet
facet normal 0 0 -1
outer loop
vertex 84.5 46.984807753012205 0
vertex 78.34202014332561 46.93969262078591 0
vertex 78.17364817766692 46.984807753012205 0
endloop
endfacet
facet normal 0 0 -1
outer loop
vertex 11.657979856674359 46.93969262078591 0
vertex 11.500000000000037 46.866025403784455 0
vertex -10.145335191667096 46.866025403784455 0
endloop
endfacet
facet normal 0 0 -1
outer loop
vertex 11.657979856674359 46.93969262078591 0
vertex -10.145335191667096 46.866025403784455 0
vertex -9.924333610199424 46.93969262078591 0
endloop
endfacet
facet normal 0 0 -1
outer loop
vertex 29.65797985667434 46.93969262078591 0
vertex 29.50000000000005 46.866025403784455 0
vertex 24.499999999999975 46.866025403784455 0
endloop
endfacet
facet normal 0 0 -1
outer loop
vertex 29.65797985667434 46.93969262078591 0
vertex 24.499999999999975 46.866025403784455 0
vertex 24.342020143325662 46.93969262078591 0
endloop
endfacet
facet normal 0 0 -1
outer loop
vertex 47.65797985667439 46.93969262078591 0
vertex 47.49999999999998 46.866025403784455 0
vertex 42.50000000000001 46.866025403784455 0
endloop
endfacet
facet normal 0 0 -1
outer loop
vertex 47.65797985667439 46.93969262078591 0
vertex 42.50000000000001 46.866025403784455 0
vertex 42.34202014332566 46.93969262078591 0
endloop
endfacet
facet normal 0 0 -1
outer loop
vertex 65.65797985667433 46.93969262078591 0
vertex 65.50000000000001 46.866025403784455 0
vertex 60.50000000000003 46.866025403784455 0
endloop
endfacet
facet normal 0 0 -1
outer loop
vertex 65.65797985667433 46.93969262078591 0
vertex 60.50000000000003 46.866025403784455 0
vertex 60.3420201433257 46.93969262078591 0
endloop
endfacet
facet normal 0 0 -1
outer loop
vertex 84.5 46.93969262078591 0
vertex 84.5 46.866025403784455 0
vertex 78.50000000000014 46.866025403784455 0
endloop
endfacet
facet normal 0 0 -1
outer loop
vertex 84.5 46.93969262078591 0
vertex 78.50000000000014 46.866025403784455 0
vertex 78.34202014332561 46.93969262078591 0
endloop
endfacet
facet normal 0 0 -1
outer loop
vertex 11.500000000000037 46.866025403784455 0
vertex 11.357212390313414 46.76604444311897 0
vertex -10.445277979288512 46.76604444311897 0
endloop
endfacet
facet normal 0 0 -1
outer loop
vertex 11.500000000000037 46.866025403784455 0
vertex -10.445277979288512 46.76604444311897 0
vertex -10.145335191667096 46.866025403784455 0
endloop
endfacet
facet normal 0 0 -1
outer loop
vertex 29.50000000000005 46.866025403784455 0
vertex 29.357212390313407 46.76604444311897 0
vertex 24.642787609686547 46.76604444311897 0
endloop
endfacet
facet normal 0 0 -1
outer loop
vertex 29.50000000000005 46.866025403784455 0
vertex 24.642787609686547 46.76604444311897 0
vertex 24.499999999999975 46.866025403784455 0
endloop
endfacet
facet normal 0 0 -1
outer loop
vertex 47.49999999999998 46.866025403784455 0
vertex 47.357212390313414 46.76604444311897 0
vertex 42.64278760968653 46.76604444311897 0
endloop
endfacet
facet normal 0 0 -1
outer loop
vertex 47.49999999999998 46.866025403784455 0
vertex 42.64278760968653 46.76604444311897 0
vertex 42.50000000000001 46.866025403784455 0
endloop
endfacet
facet normal 0 0 -1
outer loop
vertex 65.50000000000001 46.866025403784455 0
vertex 65.3572123903134 46.76604444311897 0
vertex 60.64278760968653 46.76604444311897 0
endloop
endfacet
facet normal 0 0 -1
outer loop
vertex 65.50000000000001 46.866025403784455 0
vertex 60.64278760968653 46.76604444311897 0
vertex 60.50000000000003 46.866025403784455 0
endloop
endfacet
facet normal 0 0 -1
outer loop
vertex 84.5 46.866025403784455 0
vertex 84.5 46.76604444311897 0
vertex 78.64278760968642 46.76604444311897 0
endloop
endfacet
facet normal 0 0 -1
outer loop
vertex 84.5 46.866025403784455 0
vertex 78.64278760968642 46.76604444311897 0
vertex 78.50000000000014 46.866025403784455 0
endloop
endfacet
facet normal 0 0 -1
outer loop
vertex 11.357212390313414 46.76604444311897 0
vertex 11.233955556881044 46.64278760968654 0
vertex -10.809879676728478 46.64278760968654 0
endloop
endfacet
facet normal 0 0 -1
outer loop
vertex 11.357212390313414 46.76604444311897 0
vertex -10.809879676728478 46.64278760968654 0
vertex -10.790574999999905 46.650945400000026 0
endloop
endfacet
facet normal 0 0 -1
outer loop
vertex 11.357212390313414 46.76604444311897 0
vertex -10.790574999999905 46.650945400000026 0
vertex -10.445277979288512 46.76604444311897 0
endloop
endfacet
facet normal 0 0 -1
outer loop
vertex 29.357212390313407 46.76604444311897 0
vertex 29.233955556881046 46.64278760968654 0
vertex 24.76604444311897 46.64278760968654 0
endloop
endfacet
facet normal 0 0 -1
outer loop
vertex 29.357212390313407 46.76604444311897 0
vertex 24.76604444311897 46.64278760968654 0
vertex 24.642787609686547 46.76604444311897 0
endloop
endfacet
facet normal 0 0 -1
outer loop
vertex 47.357212390313414 46.76604444311897 0
vertex 47.23395555688105 46.64278760968654 0
vertex 42.76604444311902 46.64278760968654 0
endloop
endfacet
facet normal 0 0 -1
outer loop
vertex 47.357212390313414 46.76604444311897 0
vertex 42.76604444311902 46.64278760968654 0
vertex 42.64278760968653 46.76604444311897 0
endloop
endfacet
facet normal 0 0 -1
outer loop
vertex 65.3572123903134 46.76604444311897 0
vertex 65.23395555688104 46.64278760968654 0
vertex 60.76604444311892 46.64278760968654 0
endloop
endfacet
facet normal 0 0 -1
outer loop
vertex 65.3572123903134 46.76604444311897 0
vertex 60.76604444311892 46.64278760968654 0
vertex 60.64278760968653 46.76604444311897 0
endloop
endfacet
facet normal 0 0 -1
outer loop
vertex 84.5 46.76604444311897 0
vertex 84.5 46.64278760968654 0
vertex 78.76604444311896 46.64278760968654 0
endloop
endfacet
facet normal 0 0 -1
outer loop
vertex 84.5 46.76604444311897 0
vertex 78.76604444311896 46.64278760968654 0
vertex 78.64278760968642 46.76604444311897 0
endloop
endfacet
facet normal 0 0 -1
outer loop
vertex 11.233955556881044 46.64278760968654 0
vertex 11.133974596215575 46.5 0
vertex 5.999999999999986 46.5 0
endloop
endfacet
facet normal 0 0 -1
outer loop
vertex 11.233955556881044 46.64278760968654 0
vertex 5.999999999999986 46.5 0
vertex -11.147773706842079 46.5 0
endloop
endfacet
facet normal 0 0 -1
outer loop
vertex 11.233955556881044 46.64278760968654 0
vertex -11.147773706842079 46.5 0
vertex -10.809879676728478 46.64278760968654 0
endloop
endfacet
facet normal 0 0 -1
outer loop
vertex 29.233955556881046 46.64278760968654 0
vertex 29.133974596215563 46.5 0
vertex 24.866025403784437 46.5 0
endloop
endfacet
facet normal 0 0 -1
outer loop
vertex 29.233955556881046 46.64278760968654 0
vertex 24.866025403784437 46.5 0
vertex 24.76604444311897 46.64278760968654 0
endloop
endfacet
facet normal 0 0 -1
outer loop
vertex 47.23395555688105 46.64278760968654 0
vertex 47.13397459621556 46.5 0
vertex 42.866025403784455 46.5 0
endloop
endfacet
facet normal 0 0 -1
outer loop
vertex 47.23395555688105 46.64278760968654 0
vertex 42.866025403784455 46.5 0
vertex 42.76604444311902 46.64278760968654 0
endloop
endfacet
facet normal 0 0 -1
outer loop
vertex 65.23395555688104 46.64278760968654 0
vertex 65.13397459621557 46.5 0
vertex 60.86602540378448 46.5 0
endloop
endfacet
facet normal 0 0 -1
outer loop
vertex 65.23395555688104 46.64278760968654 0
vertex 60.86602540378448 46.5 0
vertex 60.76604444311892 46.64278760968654 0
endloop
endfacet
facet normal 0 0 -1
outer loop
vertex 84.5 46.64278760968654 0
vertex 84.5 46.5 0
vertex 78.86602540378448 46.5 0
endloop
endfacet
facet normal 0 0 -1
outer loop
vertex 84.5 46.64278760968654 0
vertex 78.86602540378448 46.5 0
vertex 78.76604444311896 46.64278760968654 0
endloop
endfacet
facet normal 0 0 -1
outer loop
vertex 5.999999999999986 46.5 0
vertex 5.804909677983877 46.48078528040323 0
vertex -11.179331494346593 46.48078528040323 0
endloop
endfacet
facet normal 0 0 -1
outer loop
vertex 5.999999999999986 46.5 0
vertex -11.179331494346593 46.48078528040323 0
vertex -11.149750253091149 46.499164749036126 0
endloop
endfacet
facet normal 0 0 -1
outer loop
vertex 5.999999999999986 46.5 0
vertex -11.149750253091149 46.499164749036126 0
vertex -11.147773706842079 46.5 0
endloop
endfacet
facet normal 0 0 -1
outer loop
vertex 11.133974596215575 46.5 0
vertex 11.125014625318292 46.48078528040323 0
vertex 6.195090322016135 46.48078528040323 0
endloop
endfacet
facet normal 0 0 -1
outer loop
vertex 11.133974596215575 46.5 0
vertex 6.195090322016135 46.48078528040323 0
vertex 5.999999999999986 46.5 0
endloop
endfacet
facet normal 0 0 -1
outer loop
vertex 5.804909677983877 46.48078528040323 0
vertex 5.617316567634908 46.423879532511286 0
vertex -11.270919705672814 46.423879532511286 0
endloop
endfacet
facet normal 0 0 -1
outer loop
vertex 5.804909677983877 46.48078528040323 0
vertex -11.270919705672814 46.423879532511286 0
vertex -11.179331494346593 46.48078528040323 0
endloop
endfacet
facet normal 0 0 -1
outer loop
vertex 11.125014625318292 46.48078528040323 0
vertex 11.098479039283239 46.423879532511286 0
vertex 6.382683432365113 46.423879532511286 0
endloop
endfacet
facet normal 0 0 -1
outer loop
vertex 11.125014625318292 46.48078528040323 0
vertex 6.382683432365113 46.423879532511286 0
vertex 6.195090322016135 46.48078528040323 0
endloop
endfacet
facet normal 0 0 -1
outer loop
vertex 11.098479039283239 46.423879532511286 0
vertex 11.060307379214096 46.34202014332567 0
vertex 6.535831577800853 46.34202014332567 0
endloop
endfacet
facet normal 0 0 -1
outer loop
vertex 11.098479039283239 46.423879532511286 0
vertex 6.535831577800853 46.34202014332567 0
vertex 6.382683432365113 46.423879532511286 0
endloop
endfacet
facet normal 0 0 -1
outer loop
vertex 29.133974596215563 46.5 0
vertex 29.06030737921409 46.34202014332567 0
vertex 24.93969262078591 46.34202014332567 0
endloop
endfacet
facet normal 0 0 -1
outer loop
vertex 29.133974596215563 46.5 0
vertex 24.93969262078591 46.34202014332567 0
vertex 24.866025403784437 46.5 0
endloop
endfacet
facet normal 0 0 -1
outer loop
vertex 47.13397459621556 46.5 0
vertex 47.060307379214095 46.34202014332567 0
vertex 42.939692620785905 46.34202014332567 0
endloop
endfacet
facet normal 0 0 -1
outer loop
vertex 47.13397459621556 46.5 0
vertex 42.939692620785905 46.34202014332567 0
vertex 42.866025403784455 46.5 0
endloop
endfacet
facet normal 0 0 -1
outer loop
vertex 65.13397459621557 46.5 0
vertex 65.0603073792141 46.34202014332567 0
vertex 60.93969262078591 46.34202014332567 0
endloop
endfacet
facet normal 0 0 -1
outer loop
vertex 65.13397459621557 46.5 0
vertex 60.93969262078591 46.34202014332567 0
vertex 60.86602540378448 46.5 0
endloop
endfacet
facet normal 0 0 -1
outer loop
vertex 84.5 46.5 0
vertex 84.5 46.34202014332567 0
vertex 78.93969262078586 46.34202014332567 0
endloop
endfacet
facet normal 0 0 -1
outer loop
vertex 84.5 46.5 0
vertex 78.93969262078586 46.34202014332567 0
vertex 78.86602540378448 46.5 0
endloop
endfacet
facet normal 0 0 -1
outer loop
vertex 5.617316567634908 46.423879532511286 0
vertex 5.444429766980418 46.33146961230256 0
vertex -11.419650890381723 46.33146961230256 0
endloop
endfacet
facet normal 0 0 -1
outer loop
vertex 5.617316567634908 46.423879532511286 0
vertex -11.419650890381723 46.33146961230256 0
vertex -11.270919705672814 46.423879532511286 0
endloop
endfacet
facet normal 0 0 -1
outer loop
vertex 11.060307379214096 46.34202014332567 0
vertex 11.057480372946728 46.33146961230256 0
vertex 6.555570233019587 46.33146961230256 0
endloop
endfacet
facet normal 0 0 -1
outer loop
vertex 11.060307379214096 46.34202014332567 0
vertex 6.555570233019587 46.33146961230256 0
vertex 6.535831577800853 46.34202014332567 0
endloop
endfacet
facet normal 0 0 -1
outer loop
vertex 5.444429766980418 46.33146961230256 0
vertex 5.292893218813462 46.20710678118656 0
vertex -11.580906546940804 46.20710678118656 0
endloop
endfacet
facet normal 0 0 -1
outer loop
vertex 5.444429766980418 46.33146961230256 0
vertex -11.580906546940804 46.20710678118656 0
vertex -11.480955322126285 46.29337983538696 0
endloop
endfacet
facet normal 0 0 -1
outer loop
vertex 5.444429766980418 46.33146961230256 0
vertex -11.480955322126285 46.29337983538696 0
vertex -11.419650890381723 46.33146961230256 0
endloop
endfacet
facet normal 0 0 -1
outer loop
vertex 11.057480372946728 46.33146961230256 0
vertex 11.024157452780749 46.20710678118656 0
vertex 6.707106781186553 46.20710678118656 0
endloop
endfacet
facet normal 0 0 -1
outer loop
vertex 11.057480372946728 46.33146961230256 0
vertex 6.707106781186553 46.20710678118656 0
vertex 6.555570233019587 46.33146961230256 0
endloop
endfacet
facet normal 0 0 -1
outer loop
vertex 11.024157452780749 46.20710678118656 0
vertex 11.015192246987784 46.173648177666905 0
vertex 6.734565547465863 46.173648177666905 0
endloop
endfacet
facet normal 0 0 -1
outer loop
vertex 11.024157452780749 46.20710678118656 0
vertex 6.734565547465863 46.173648177666905 0
vertex 6.707106781186553 46.20710678118656 0
endloop
endfacet
facet normal 0 0 -1
outer loop
vertex 29.06030737921409 46.34202014332567 0
vertex 29.015192246987787 46.173648177666905 0
vertex 24.984807753012216 46.173648177666905 0
endloop
endfacet
facet normal 0 0 -1
outer loop
vertex 29.06030737921409 46.34202014332567 0
vertex 24.984807753012216 46.173648177666905 0
vertex 24.93969262078591 46.34202014332567 0
endloop
endfacet
facet normal 0 0 -1
outer loop
vertex 47.060307379214095 46.34202014332567 0
vertex 47.01519224698779 46.173648177666905 0
vertex 42.98480775301221 46.173648177666905 0
endloop
endfacet
facet normal 0 0 -1
outer loop
vertex 47.060307379214095 46.34202014332567 0
vertex 42.98480775301221 46.173648177666905 0
vertex 42.939692620785905 46.34202014332567 0
endloop
endfacet
facet normal 0 0 -1
outer loop
vertex 65.0603073792141 46.34202014332567 0
vertex 65.0151922469878 46.173648177666905 0
vertex 60.9848077530122 46.173648177666905 0
endloop
endfacet
facet normal 0 0 -1
outer loop
vertex 65.0603073792141 46.34202014332567 0
vertex 60.9848077530122 46.173648177666905 0
vertex 60.93969262078591 46.34202014332567 0
endloop
endfacet
facet normal 0 0 -1
outer loop
vertex 84.5 46.34202014332567 0
vertex 84.5 46.173648177666905 0
vertex 78.9848077530122 46.173648177666905 0
endloop
endfacet
facet normal 0 0 -1
outer loop
vertex 84.5 46.34202014332567 0
vertex 78.9848077530122 46.173648177666905 0
vertex 78.93969262078586 46.34202014332567 0
endloop
endfacet
facet normal 0 0 -1
outer loop
vertex 5.292893218813462 46.20710678118656 0
vertex 5.168530387697442 46.05557023301959 0
vertex -11.75646847335958 46.05557023301959 0
endloop
endfacet
facet normal 0 0 -1
outer loop
vertex 5.292893218813462 46.20710678118656 0
vertex -11.75646847335958 46.05557023301959 0
vertex -11.580906546940804 46.20710678118656 0
endloop
endfacet
facet normal 0 0 -1
outer loop
vertex 11.015192246987784 46.173648177666905 0
vertex 11.004861765418708 46.05557023301959 0
vertex 6.831469612302556 46.05557023301959 0
endloop
endfacet
facet normal 0 0 -1
outer loop
vertex 11.015192246987784 46.173648177666905 0
vertex 6.831469612302556 46.05557023301959 0
vertex 6.734565547465863 46.173648177666905 0
endloop
endfacet
facet normal 0 0 -1
outer loop
vertex 11.004861765418708 46.05557023301959 0
vertex 11 46.000000000000036 0
vertex 6.861172520678884 46.000000000000036 0
endloop
endfacet
facet normal 0 0 -1
outer loop
vertex 11.004861765418708 46.05557023301959 0
vertex 6.861172520678884 46.000000000000036 0
vertex 6.831469612302556 46.05557023301959 0
endloop
endfacet
facet normal 0 0 -1
outer loop
vertex 29.015192246987787 46.173648177666905 0
vertex 29 46.000000000000036 0
vertex 25 46.000000000000036 0
endloop
endfacet
facet normal 0 0 -1
outer loop
vertex 29.015192246987787 46.173648177666905 0
vertex 25 46.000000000000036 0
vertex 24.984807753012216 46.173648177666905 0
endloop
endfacet
facet normal 0 0 -1
outer loop
vertex 47.01519224698779 46.173648177666905 0
vertex 47 46.000000000000036 0
vertex 43 46.000000000000036 0
endloop
endfacet
facet normal 0 0 -1
outer loop
vertex 47.01519224698779 46.173648177666905 0
vertex 43 46.000000000000036 0
vertex 42.98480775301221 46.173648177666905 0
endloop
endfacet
facet normal 0 0 -1
outer loop
vertex 65.0151922469878 46.173648177666905 0
vertex 65 46.000000000000036 0
vertex 61 46.000000000000036 0
endloop
endfacet
facet normal 0 0 -1
outer loop
vertex 65.0151922469878 46.173648177666905 0
vertex 61 46.000000000000036 0
vertex 60.9848077530122 46.173648177666905 0
endloop
endfacet
facet normal 0 0 -1
outer loop
vertex 84.5 46.173648177666905 0
vertex 84.5 46.000000000000036 0
vertex 79 46.000000000000036 0
endloop
endfacet
facet normal 0 0 -1
outer loop
vertex 84.5 46.173648177666905 0
vertex 79 46.000000000000036 0
vertex 78.9848077530122 46.173648177666905 0
endloop
endfacet
facet normal 0 0 -1
outer loop
vertex 5.168530387697442 46.05557023301959 0
vertex 5.076120467488729 45.882683432365106 0
vertex -11.908147870596801 45.882683432365106 0
endloop
endfacet
facet normal 0 0 -1
outer loop
vertex 5.168530387697442 46.05557023301959 0
vertex -11.908147870596801 45.882683432365106 0
vertex -11.77613295603689 46.03859680439987 0
endloop
endfacet
facet normal 0 0 -1
outer loop
vertex 5.168530387697442 46.05557023301959 0
vertex -11.77613295603689 46.03859680439987 0
vertex -11.75646847335958 46.05557023301959 0
endloop
endfacet
facet normal 0 0 -1
outer loop
vertex 11 46.000000000000036 0
vertex 11 45.882683432365106 0
vertex 6.923879532511279 45.882683432365106 0
endloop
endfacet
facet normal 0 0 -1
outer loop
vertex 11 46.000000000000036 0
vertex 6.923879532511279 45.882683432365106 0
vertex 6.861172520678884 46.000000000000036 0
endloop
endfacet
facet normal 0 0 -1
outer loop
vertex 5.076120467488729 45.882683432365106 0
vertex 5.019214719596773 45.69509032201613 0
vertex -12.056034852184133 45.69509032201613 0
endloop
endfacet
facet normal 0 0 -1
outer loop
vertex 5.076120467488729 45.882683432365106 0
vertex -12.056034852184133 45.69509032201613 0
vertex -12.028102345927081 45.741013782373265 0
endloop
endfacet
facet normal 0 0 -1
outer loop
vertex 5.076120467488729 45.882683432365106 0
vertex -12.028102345927081 45.741013782373265 0
vertex -11.908147870596801 45.882683432365106 0
endloop
endfacet
facet normal 0 0 -1
outer loop
vertex 11 45.882683432365106 0
vertex 11 45.69509032201613 0
vertex 6.980785280403232 45.69509032201613 0
endloop
endfacet
facet normal 0 0 -1
outer loop
vertex 11 45.882683432365106 0
vertex 6.980785280403232 45.69509032201613 0
vertex 6.923879532511279 45.882683432365106 0
endloop
endfacet
facet normal 0 0 -1
outer loop
vertex 5.019214719596773 45.69509032201613 0
vertex 4.999999999999999 45.5 0
vertex -12.174696677709198 45.5 0
endloop
endfacet
facet normal 0 0 -1
outer loop
vertex 5.019214719596773 45.69509032201613 0
vertex -12.174696677709198 45.5 0
vertex -12.056034852184133 45.69509032201613 0
endloop
endfacet
facet normal 0 0 -1
outer loop
vertex 11 45.69509032201613 0
vertex 11 45.5 0
vertex 7 45.5 0
endloop
endfacet
facet normal 0 0 -1
outer loop
vertex 11 45.69509032201613 0
vertex 7 45.5 0
vertex 6.980785280403232 45.69509032201613 0
endloop
endfacet
facet normal 0 0 -1
outer loop
vertex 4.999999999999999 45.5 0
vertex 5.01921471959677 45.30490967798387 0
vertex -12.27309552509005 45.30490967798387 0
endloop
endfacet
facet normal 0 0 -1
outer loop
vertex 4.999999999999999 45.5 0
vertex -12.27309552509005 45.30490967798387 0
vertex -12.230733813160555 45.40787009426416 0
endloop
endfacet
facet normal 0 0 -1
outer loop
vertex 4.999999999999999 45.5 0
vertex -12.230733813160555 45.40787009426416 0
vertex -12.174696677709198 45.5 0
endloop
endfacet
facet normal 0 0 -1
outer loop
vertex 11 45.5 0
vertex 11 45.30490967798387 0
vertex 6.98078528040323 45.30490967798387 0
endloop
endfacet
facet normal 0 0 -1
outer loop
vertex 11 45.5 0
vertex 6.98078528040323 45.30490967798387 0
vertex 7 45.5 0
endloop
endfacet
facet normal 0 0 -1
outer loop
vertex 5.01921471959677 45.30490967798387 0
vertex 5.076120467488711 45.11731656763491 0
vertex -12.350278248195279 45.11731656763491 0
endloop
endfacet
facet normal 0 0 -1
outer loop
vertex 5.01921471959677 45.30490967798387 0
vertex -12.350278248195279 45.11731656763491 0
vertex -12.27309552509005 45.30490967798387 0
endloop
endfacet
facet normal 0 0 -1
outer loop
vertex 11 45.30490967798387 0
vertex 11 45.11731656763491 0
vertex 6.923879532511286 45.11731656763491 0
endloop
endfacet
facet normal 0 0 -1
outer loop
vertex 11 45.30490967798387 0
vertex 6.923879532511286 45.11731656763491 0
vertex 6.98078528040323 45.30490967798387 0
endloop
endfacet
facet normal 0 0 -1
outer loop
vertex 5.076120467488711 45.11731656763491 0
vertex 5.1685303876974515 44.944429766980406 0
vertex -12.403633030429322 44.944429766980406 0
endloop
endfacet
facet normal 0 0 -1
outer loop
vertex 5.076120467488711 45.11731656763491 0
vertex -12.403633030429322 44.944429766980406 0
vertex -12.379097926522348 45.047270152075555 0
endloop
endfacet
facet normal 0 0 -1
outer loop
vertex 5.076120467488711 45.11731656763491 0
vertex -12.379097926522348 45.047270152075555 0
vertex -12.350278248195279 45.11731656763491 0
endloop
endfacet
facet normal 0 0 -1
outer loop
vertex 11 45.11731656763491 0
vertex 11 44.944429766980406 0
vertex 6.8314696123025485 44.944429766980406 0
endloop
endfacet
facet normal 0 0 -1
outer loop
vertex 11 45.11731656763491 0
vertex 6.8314696123025485 44.944429766980406 0
vertex 6.923879532511286 45.11731656763491 0
endloop
endfacet
facet normal 0 0 -1
outer loop
vertex 5.1685303876974515 44.944429766980406 0
vertex 5.292893218813455 44.79289321881346 0
vertex -12.439785802042733 44.79289321881346 0
endloop
endfacet
facet normal 0 0 -1
outer loop
vertex 5.1685303876974515 44.944429766980406 0
vertex -12.439785802042733 44.79289321881346 0
vertex -12.403633030429322 44.944429766980406 0
endloop
endfacet
facet normal 0 0 -1
outer loop
vertex 11 44.944429766980406 0
vertex 11 44.79289321881346 0
vertex 6.707106781186553 44.79289321881346 0
endloop
endfacet
facet normal 0 0 -1
outer loop
vertex 11 44.944429766980406 0
vertex 6.707106781186553 44.79289321881346 0
vertex 6.8314696123025485 44.944429766980406 0
endloop
endfacet
facet normal 0 0 -1
outer loop
vertex 5.292893218813455 44.79289321881346 0
vertex 5.444429766980399 44.66853038769745 0
vertex -12.469455614935534 44.66853038769745 0
endloop
endfacet
facet normal 0 0 -1
outer loop
vertex 5.292893218813455 44.79289321881346 0
vertex -12.469455614935534 44.66853038769745 0
vertex -12.439785802042733 44.79289321881346 0
endloop
endfacet
facet normal 0 0 -1
outer loop
vertex 11 44.79289321881346 0
vertex 11 44.66853038769745 0
vertex 6.555570233019594 44.66853038769745 0
endloop
endfacet
facet normal 0 0 -1
outer loop
vertex 11 44.79289321881346 0
vertex 6.555570233019594 44.66853038769745 0
vertex 6.707106781186553 44.79289321881346 0
endloop
endfacet
facet normal 0 0 -1
outer loop
vertex 5.444429766980399 44.66853038769745 0
vertex 5.6173165676349734 44.57612046748869 0
vertex -12.476772798191167 44.57612046748869 0
endloop
endfacet
facet normal 0 0 -1
outer loop
vertex 5.444429766980399 44.66853038769745 0
vertex -12.476772798191167 44.57612046748869 0
vertex -12.469585420869464 44.66798629820496 0
endloop
endfacet
facet normal 0 0 -1
outer loop
vertex 5.444429766980399 44.66853038769745 0
vertex -12.469585420869464 44.66798629820496 0
vertex -12.469455614935534 44.66853038769745 0
endloop
endfacet
facet normal 0 0 -1
outer loop
vertex 11 44.66853038769745 0
vertex 11 44.57612046748869 0
vertex 6.3826834323650345 44.57612046748869 0
endloop
endfacet
facet normal 0 0 -1
outer loop
vertex 11 44.66853038769745 0
vertex 6.3826834323650345 44.57612046748869 0
vertex 6.555570233019594 44.66853038769745 0
endloop
endfacet
facet normal 0 0 -1
outer loop
vertex 5.6173165676349734 44.57612046748869 0
vertex 5.8049096779838365 44.519214719596775 0
vertex -12.481224976750745 44.519214719596775 0
endloop
endfacet
facet normal 0 0 -1
outer loop
vertex 5.6173165676349734 44.57612046748869 0
vertex -12.481224976750745 44.519214719596775 0
vertex -12.476772798191167 44.57612046748869 0
endloop
endfacet
facet normal 0 0 -1
outer loop
vertex 11 44.57612046748869 0
vertex 11 44.519214719596775 0
vertex 6.195090322016178 44.519214719596775 0
endloop
endfacet
facet normal 0 0 -1
outer loop
vertex 11 44.57612046748869 0
vertex 6.195090322016178 44.519214719596775 0
vertex 6.3826834323650345 44.57612046748869 0
endloop
endfacet
facet normal 0 0 -1
outer loop
vertex 5.8049096779838365 44.519214719596775 0
vertex 6.000000000000023 44.5 0
vertex -12.482728293476844 44.5 0
endloop
endfacet
facet normal 0 0 -1
outer loop
vertex 5.8049096779838365 44.519214719596775 0
vertex -12.482728293476844 44.5 0
vertex -12.481224976750745 44.519214719596775 0
endloop
endfacet
facet normal 0 0 -1
outer loop
vertex 11 44.519214719596775 0
vertex 11 44.5 0
vertex 6.000000000000023 44.5 0
endloop
endfacet
facet normal 0 0 -1
outer loop
vertex 11 44.519214719596775 0
vertex 6.000000000000023 44.5 0
vertex 6.195090322016178 44.519214719596775 0
endloop
endfacet
facet normal 0 0 -1
outer loop
vertex 6.000000000000023 44.5 0
vertex 11 44.5 0
vertex 11 41 0
endloop
endfacet
facet normal 0 0 -1
outer loop
vertex 6.000000000000023 44.5 0
vertex 11 41 0
vertex 6.000000000000041 41 0
endloop
endfacet
facet normal 0 0 -1
outer loop
vertex 6.000000000000023 44.5 0
vertex 6.000000000000041 41 0
vertex -6.000000000000021 41 0
endloop
endfacet
facet normal 0 0 -1
outer loop
vertex 6.000000000000023 44.5 0
vertex -6.000000000000021 41 0
vertex -12.5 41 0
endloop
endfacet
facet normal 0 0 -1
outer loop
vertex 6.000000000000023 44.5 0
vertex -12.5 41 0
vertex -12.5 44.27924079999999 0
endloop
endfacet
facet normal 0 0 -1
outer loop
vertex 6.000000000000023 44.5 0
vertex -12.5 44.27924079999999 0
vertex -12.482728293476844 44.5 0
endloop
endfacet
facet normal 0 0 -1
outer loop
vertex -6.000000000000021 41 0
vertex -6.173648177666881 40.98480775301221 0
vertex -12.5 40.98480775301221 0
endloop
endfacet
facet normal 0 0 -1
outer loop
vertex -6.000000000000021 41 0
vertex -12.5 40.98480775301221 0
vertex -12.5 41 0
endloop
endfacet
facet normal 0 0 -1
outer loop
vertex 11 41 0
vertex 11 40.98480775301221 0
vertex 6.173648177666891 40.98480775301221 0
endloop
endfacet
facet normal 0 0 -1
outer loop
vertex 11 41 0
vertex 6.173648177666891 40.98480775301221 0
vertex 6.000000000000041 41 0
endloop
endfacet
facet normal 0 0 -1
outer loop
vertex -6.173648177666881 40.98480775301221 0
vertex -6.342020143325731 40.93969262078589 0
vertex -12.5 40.93969262078589 0
endloop
endfacet
facet normal 0 0 -1
outer loop
vertex -6.173648177666881 40.98480775301221 0
vertex -12.5 40.93969262078589 0
vertex -12.5 40.98480775301221 0
endloop
endfacet
facet normal 0 0 -1
outer loop
vertex 11 40.98480775301221 0
vertex 11 40.93969262078589 0
vertex 6.342020143325712 40.93969262078589 0
endloop
endfacet
facet normal 0 0 -1
outer loop
vertex 11 40.98480775301221 0
vertex 6.342020143325712 40.93969262078589 0
vertex 6.173648177666891 40.98480775301221 0
endloop
endfacet
facet normal 0 0 -1
outer loop
vertex -6.342020143325731 40.93969262078589 0
vertex -6.499999999999963 40.86602540378445 0
vertex -12.5 40.86602540378445 0
endloop
endfacet
facet normal 0 0 -1
outer loop
vertex -6.342020143325731 40.93969262078589 0
vertex -12.5 40.86602540378445 0
vertex -12.5 40.93969262078589 0
endloop
endfacet
facet normal 0 0 -1
outer loop
vertex 11 40.93969262078589 0
vertex 11 40.86602540378445 0
vertex 6.499999999999993 40.86602540378445 0
endloop
endfacet
facet normal 0 0 -1
outer loop
vertex 11 40.93969262078589 0
vertex 6.499999999999993 40.86602540378445 0
vertex 6.342020143325712 40.93969262078589 0
endloop
endfacet
facet normal 0 0 -1
outer loop
vertex -6.499999999999963 40.86602540378445 0
vertex -6.642787609686569 40.766044443118965 0
vertex -12.5 40.766044443118965 0
endloop
endfacet
facet normal 0 0 -1
outer loop
vertex -6.499999999999963 40.86602540378445 0
vertex -12.5 40.766044443118965 0
vertex -12.5 40.86602540378445 0
endloop
endfacet
facet normal 0 0 -1
outer loop
vertex 11 40.86602540378445 0
vertex 11 40.766044443118965 0
vertex 6.6427876096865575 40.766044443118965 0
endloop
endfacet
facet normal 0 0 -1
outer loop
vertex 11 40.86602540378445 0
vertex 6.6427876096865575 40.766044443118965 0
vertex 6.499999999999993 40.86602540378445 0
endloop
endfacet
facet normal 0 0 -1
outer loop
vertex -6.642787609686569 40.766044443118965 0
vertex -6.766044443118976 40.642787609686536 0
vertex -12.5 40.642787609686536 0
endloop
endfacet
facet normal 0 0 -1
outer loop
vertex -6.642787609686569 40.766044443118965 0
vertex -12.5 40.642787609686536 0
vertex -12.5 40.766044443118965 0
endloop
endfacet
facet normal 0 0 -1
outer loop
vertex 11 40.766044443118965 0
vertex 11 40.642787609686536 0
vertex 6.766044443118986 40.642787609686536 0
endloop
endfacet
facet normal 0 0 -1
outer loop
vertex 11 40.766044443118965 0
vertex 6.766044443118986 40.642787609686536 0
vertex 6.6427876096865575 40.766044443118965 0
endloop
endfacet
facet normal 0 0 -1
outer loop
vertex -6.766044443118976 40.642787609686536 0
vertex -6.8660254037844295 40.500000000000014 0
vertex -12.5 40.500000000000014 0
endloop
endfacet
facet normal 0 0 -1
outer loop
vertex -6.766044443118976 40.642787609686536 0
vertex -12.5 40.500000000000014 0
vertex -12.5 40.642787609686536 0
endloop
endfacet
facet normal 0 0 -1
outer loop
vertex 11 40.642787609686536 0
vertex 11 40.500000000000014 0
vertex 6.866025403784434 40.500000000000014 0
endloop
endfacet
facet normal 0 0 -1
outer loop
vertex 11 40.642787609686536 0
vertex 6.866025403784434 40.500000000000014 0
vertex 6.766044443118986 40.642787609686536 0
endloop
endfacet
facet normal 0 0 -1
outer loop
vertex -6.8660254037844295 40.500000000000014 0
vertex -6.939692620785919 40.342020143325655 0
vertex -12.5 40.342020143325655 0
endloop
endfacet
facet normal 0 0 -1
outer loop
vertex -6.8660254037844295 40.500000000000014 0
vertex -12.5 40.342020143325655 0
vertex -12.5 40.500000000000014 0
endloop
endfacet
facet normal 0 0 -1
outer loop
vertex 11 40.500000000000014 0
vertex 11 40.342020143325655 0
vertex 6.939692620785912 40.342020143325655 0
endloop
endfacet
facet normal 0 0 -1
outer loop
vertex 11 40.500000000000014 0
vertex 6.939692620785912 40.342020143325655 0
vertex 6.866025403784434 40.500000000000014 0
endloop
endfacet
facet normal 0 0 -1
outer loop
vertex -6.939692620785919 40.342020143325655 0
vertex -6.984807753012205 40.17364817766695 0
vertex -12.5 40.17364817766695 0
endloop
endfacet
facet normal 0 0 -1
outer loop
vertex -6.939692620785919 40.342020143325655 0
vertex -12.5 40.17364817766695 0
vertex -12.5 40.342020143325655 0
endloop
endfacet
facet normal 0 0 -1
outer loop
vertex 11 40.342020143325655 0
vertex 11 40.17364817766695 0
vertex 6.9848077530122055 40.17364817766695 0
endloop
endfacet
facet normal 0 0 -1
outer loop
vertex 11 40.342020143325655 0
vertex 6.9848077530122055 40.17364817766695 0
vertex 6.939692620785912 40.342020143325655 0
endloop
endfacet
facet normal 0 0 -1
outer loop
vertex -6.984807753012205 40.17364817766695 0
vertex -7 39.999999999999986 0
vertex -12.5 39.999999999999986 0
endloop
endfacet
facet normal 0 0 -1
outer loop
vertex -6.984807753012205 40.17364817766695 0
vertex -12.5 39.999999999999986 0
vertex -12.5 40.17364817766695 0
endloop
endfacet
facet normal 0 0 -1
outer loop
vertex 11 40.17364817766695 0
vertex 11 39.999999999999986 0
vertex 7 39.999999999999986 0
endloop
endfacet
facet normal 0 0 -1
outer loop
vertex 11 40.17364817766695 0
vertex 7 39.999999999999986 0
vertex 6.9848077530122055 40.17364817766695 0
endloop
endfacet
facet normal 0 0 -1
outer loop
vertex 84.5 46.000000000000036 0
vertex 84.5 39 0
vertex 83 39 0
endloop
endfacet
facet normal 0 0 -1
outer loop
vertex 84.5 46.000000000000036 0
vertex 83 39 0
vertex 79 39 0
endloop
endfacet
facet normal 0 0 -1
outer loop
vertex 84.5 46.000000000000036 0
vertex 79 39 0
vertex 79 46.000000000000036 0
endloop
endfacet
facet normal 0 0 -1
outer loop
vertex 11 39.999999999999986 0
vertex 11 34.000000000000036 0
vertex 7 34.000000000000036 0
endloop
endfacet
facet normal 0 0 -1
outer loop
vertex 11 39.999999999999986 0
vertex 7 34.000000000000036 0
vertex 7 39.999999999999986 0
endloop
endfacet
facet normal 0 0 -1
outer loop
vertex 29 46.000000000000036 0
vertex 29 34.000000000000036 0
vertex 25 34.000000000000036 0
endloop
endfacet
facet normal 0 0 -1
outer loop
vertex 29 46.000000000000036 0
vertex 25 34.000000000000036 0
vertex 25 46.000000000000036 0
endloop
endfacet
facet normal 0 0 -1
outer loop
vertex 47 46.000000000000036 0
vertex 47 34.000000000000036 0
vertex 43 34.000000000000036 0
endloop
endfacet
facet normal 0 0 -1
outer loop
vertex 47 46.000000000000036 0
vertex 43 34.000000000000036 0
vertex 43 46.000000000000036 0
endloop
endfacet
facet normal 0 0 -1
outer loop
vertex 65 46.000000000000036 0
vertex 65 34.000000000000036 0
vertex 61 34.000000000000036 0
endloop
endfacet
facet normal 0 0 -1
outer loop
vertex 65 46.000000000000036 0
vertex 61 34.000000000000036 0
vertex 61 46.000000000000036 0
endloop
endfacet
facet normal 0 0 -1
outer loop
vertex 83 39 0
vertex 83 34.000000000000036 0
vertex 79 34.000000000000036 0
endloop
endfacet
facet normal 0 0 -1
outer loop
vertex 83 39 0
vertex 79 34.000000000000036 0
vertex 79 39 0
endloop
endfacet
facet normal 0 0 -1
outer loop
vertex 11 34.000000000000036 0
vertex 11.015192246987798 33.82635182233303 0
vertex 7 33.82635182233303 0
endloop
endfacet
facet normal 0 0 -1
outer loop
vertex 11 34.000000000000036 0
vertex 7 33.82635182233303 0
vertex 7 34.000000000000036 0
endloop
endfacet
facet normal 0 0 -1
outer loop
vertex 29 34.000000000000036 0
vertex 29.015192246987798 33.82635182233303 0
vertex 24.984807753012213 33.82635182233303 0
endloop
endfacet
facet normal 0 0 -1
outer loop
vertex 29 34.000000000000036 0
vertex 24.984807753012213 33.82635182233303 0
vertex 25 34.000000000000036 0
endloop
endfacet
facet normal 0 0 -1
outer loop
vertex 47 34.000000000000036 0
vertex 47.015192246987795 33.82635182233303 0
vertex 42.984807753012205 33.82635182233303 0
endloop
endfacet
facet normal 0 0 -1
outer loop
vertex 47 34.000000000000036 0
vertex 42.984807753012205 33.82635182233303 0
vertex 43 34.000000000000036 0
endloop
endfacet
facet normal 0 0 -1
outer loop
vertex 65 34.000000000000036 0
vertex 65.01519224698781 33.82635182233303 0
vertex 60.984807753012205 33.82635182233303 0
endloop
endfacet
facet normal 0 0 -1
outer loop
vertex 65 34.000000000000036 0
vertex 60.984807753012205 33.82635182233303 0
vertex 61 34.000000000000036 0
endloop
endfacet
facet normal 0 0 -1
outer loop
vertex 83 34.000000000000036 0
vertex 83 33.82635182233303 0
vertex 78.9848077530122 33.82635182233303 0
endloop
endfacet
facet normal 0 0 -1
outer loop
vertex 83 34.000000000000036 0
vertex 78.9848077530122 33.82635182233303 0
vertex 79 34.000000000000036 0
endloop
endfacet
facet normal 0 0 -1
outer loop
vertex 11.015192246987798 33.82635182233303 0
vertex 11.060307379214079 33.65797985667435 0
vertex 7 33.65797985667435 0
endloop
endfacet
facet normal 0 0 -1
outer loop
vertex 11.015192246987798 33.82635182233303 0
vertex 7 33.65797985667435 0
vertex 7 33.82635182233303 0
endloop
endfacet
facet normal 0 0 -1
outer loop
vertex 29.015192246987798 33.82635182233303 0
vertex 29.06030737921408 33.65797985667435 0
vertex 24.939692620785912 33.65797985667435 0
endloop
endfacet
facet normal 0 0 -1
outer loop
vertex 29.015192246987798 33.82635182233303 0
vertex 24.939692620785912 33.65797985667435 0
vertex 24.984807753012213 33.82635182233303 0
endloop
endfacet
facet normal 0 0 -1
outer loop
vertex 47.015192246987795 33.82635182233303 0
vertex 47.06030737921409 33.65797985667435 0
vertex 42.93969262078591 33.65797985667435 0
endloop
endfacet
facet normal 0 0 -1
outer loop
vertex 47.015192246987795 33.82635182233303 0
vertex 42.93969262078591 33.65797985667435 0
vertex 42.984807753012205 33.82635182233303 0
endloop
endfacet
facet normal 0 0 -1
outer loop
vertex 65.01519224698781 33.82635182233303 0
vertex 65.0603073792141 33.65797985667435 0
vertex 60.93969262078591 33.65797985667435 0
endloop
endfacet
facet normal 0 0 -1
outer loop
vertex 65.01519224698781 33.82635182233303 0
vertex 60.93969262078591 33.65797985667435 0
vertex 60.984807753012205 33.82635182233303 0
endloop
endfacet
facet normal 0 0 -1
outer loop
vertex 83 33.82635182233303 0
vertex 83 33.65797985667435 0
vertex 78.93969262078592 33.65797985667435 0
endloop
endfacet
facet normal 0 0 -1
outer loop
vertex 83 33.82635182233303 0
vertex 78.93969262078592 33.65797985667435 0
vertex 78.9848077530122 33.82635182233303 0
endloop
endfacet
facet normal 0 0 -1
outer loop
vertex 11.060307379214079 33.65797985667435 0
vertex 11.133974596215593 33.49999999999994 0
vertex 7 33.49999999999994 0
endloop
endfacet
facet normal 0 0 -1
outer loop
vertex 11.060307379214079 33.65797985667435 0
vertex 7 33.49999999999994 0
vertex 7 33.65797985667435 0
endloop
endfacet
facet normal 0 0 -1
outer loop
vertex 29.06030737921408 33.65797985667435 0
vertex 29.13397459621559 33.49999999999994 0
vertex 24.86602540378443 33.49999999999994 0
endloop
endfacet
facet normal 0 0 -1
outer loop
vertex 29.06030737921408 33.65797985667435 0
vertex 24.86602540378443 33.49999999999994 0
vertex 24.939692620785912 33.65797985667435 0
endloop
endfacet
facet normal 0 0 -1
outer loop
vertex 47.06030737921409 33.65797985667435 0
vertex 47.133974596215594 33.49999999999994 0
vertex 42.86602540378442 33.49999999999994 0
endloop
endfacet
facet normal 0 0 -1
outer loop
vertex 47.06030737921409 33.65797985667435 0
vertex 42.86602540378442 33.49999999999994 0
vertex 42.93969262078591 33.65797985667435 0
endloop
endfacet
facet normal 0 0 -1
outer loop
vertex 65.0603073792141 33.65797985667435 0
vertex 65.13397459621562 33.49999999999994 0
vertex 60.866025403784434 33.49999999999994 0
endloop
endfacet
facet normal 0 0 -1
outer loop
vertex 65.0603073792141 33.65797985667435 0
vertex 60.866025403784434 33.49999999999994 0
vertex 60.93969262078591 33.65797985667435 0
endloop
endfacet
facet normal 0 0 -1
outer loop
vertex 83 33.65797985667435 0
vertex 83 33.49999999999994 0
vertex 78.86602540378442 33.49999999999994 0
endloop
endfacet
facet normal 0 0 -1
outer loop
vertex 83 33.65797985667435 0
vertex 78.86602540378442 33.49999999999994 0
vertex 78.93969262078592 33.65797985667435 0
endloop
endfacet
facet normal 0 0 -1
outer loop
vertex 11.133974596215593 33.49999999999994 0
vertex 11.233955556880982 33.35721239031349 0
vertex 7 33.35721239031349 0
endloop
endfacet
facet normal 0 0 -1
outer loop
vertex 11.133974596215593 33.49999999999994 0
vertex 7 33.35721239031349 0
vertex 7 33.49999999999994 0
endloop
endfacet
facet normal 0 0 -1
outer loop
vertex 29.13397459621559 33.49999999999994 0
vertex 29.233955556880993 33.35721239031349 0
vertex 24.766044443118982 33.35721239031349 0
endloop
endfacet
facet normal 0 0 -1
outer loop
vertex 29.13397459621559 33.49999999999994 0
vertex 24.766044443118982 33.35721239031349 0
vertex 24.86602540378443 33.49999999999994 0
endloop
endfacet
facet normal 0 0 -1
outer loop
vertex 47.133974596215594 33.49999999999994 0
vertex 47.23395555688099 33.35721239031349 0
vertex 42.766044443118986 33.35721239031349 0
endloop
endfacet
facet normal 0 0 -1
outer loop
vertex 47.133974596215594 33.49999999999994 0
vertex 42.766044443118986 33.35721239031349 0
vertex 42.86602540378442 33.49999999999994 0
endloop
endfacet
facet normal 0 0 -1
outer loop
vertex 65.13397459621562 33.49999999999994 0
vertex 65.23395555688099 33.35721239031349 0
vertex 60.76604444311896 33.35721239031349 0
endloop
endfacet
facet normal 0 0 -1
outer loop
vertex 65.13397459621562 33.49999999999994 0
vertex 60.76604444311896 33.35721239031349 0
vertex 60.866025403784434 33.49999999999994 0
endloop
endfacet
facet normal 0 0 -1
outer loop
vertex 83 33.49999999999994 0
vertex 83 33.35721239031349 0
vertex 78.76604444311896 33.35721239031349 0
endloop
endfacet
facet normal 0 0 -1
outer loop
vertex 83 33.49999999999994 0
vertex 78.76604444311896 33.35721239031349 0
vertex 78.86602540378442 33.49999999999994 0
endloop
endfacet
facet normal 0 0 -1
outer loop
vertex 11.233955556880982 33.35721239031349 0
vertex 11.357212390313489 33.233955556881014 0
vertex 7 33.233955556881014 0
endloop
endfacet
facet normal 0 0 -1
outer loop
vertex 11.233955556880982 33.35721239031349 0
vertex 7 33.233955556881014 0
vertex 7 33.35721239031349 0
endloop
endfacet
facet normal 0 0 -1
outer loop
vertex 29.233955556880993 33.35721239031349 0
vertex 29.357212390313467 33.233955556881014 0
vertex 24.642787609686525 33.233955556881014 0
endloop
endfacet
facet normal 0 0 -1
outer loop
vertex 29.233955556880993 33.35721239031349 0
vertex 24.642787609686525 33.233955556881014 0
vertex 24.766044443118982 33.35721239031349 0
endloop
endfacet
facet normal 0 0 -1
outer loop
vertex 47.23395555688099 33.35721239031349 0
vertex 47.35721239031349 33.233955556881014 0
vertex 42.64278760968652 33.233955556881014 0
endloop
endfacet
facet normal 0 0 -1
outer loop
vertex 47.23395555688099 33.35721239031349 0
vertex 42.64278760968652 33.233955556881014 0
vertex 42.766044443118986 33.35721239031349 0
endloop
endfacet
facet normal 0 0 -1
outer loop
vertex 65.23395555688099 33.35721239031349 0
vertex 65.35721239031348 33.233955556881014 0
vertex 60.64278760968656 33.233955556881014 0
endloop
endfacet
facet normal 0 0 -1
outer loop
vertex 65.23395555688099 33.35721239031349 0
vertex 60.64278760968656 33.233955556881014 0
vertex 60.76604444311896 33.35721239031349 0
endloop
endfacet
facet normal 0 0 -1
outer loop
vertex 83 33.35721239031349 0
vertex 83 33.233955556881014 0
vertex 78.64278760968658 33.233955556881014 0
endloop
endfacet
facet normal 0 0 -1
outer loop
vertex 83 33.35721239031349 0
vertex 78.64278760968658 33.233955556881014 0
vertex 78.76604444311896 33.35721239031349 0
endloop
endfacet
facet normal 0 0 -1
outer loop
vertex 11.357212390313489 33.233955556881014 0
vertex 11.499999999999998 33.13397459621555 0
vertex 7 33.13397459621555 0
endloop
endfacet
facet normal 0 0 -1
outer loop
vertex 11.357212390313489 33.233955556881014 0
vertex 7 33.13397459621555 0
vertex 7 33.233955556881014 0
endloop
endfacet
facet normal 0 0 -1
outer loop
vertex 29.357212390313467 33.233955556881014 0
vertex 29.500000000000014 33.13397459621555 0
vertex 24.500000000000004 33.13397459621555 0
endloop
endfacet
facet normal 0 0 -1
outer loop
vertex 29.357212390313467 33.233955556881014 0
vertex 24.500000000000004 33.13397459621555 0
vertex 24.642787609686525 33.233955556881014 0
endloop
endfacet
facet normal 0 0 -1
outer loop
vertex 47.35721239031349 33.233955556881014 0
vertex 47.49999999999999 33.13397459621555 0
vertex 42.49999999999999 33.13397459621555 0
endloop
endfacet
facet normal 0 0 -1
outer loop
vertex 47.35721239031349 33.233955556881014 0
vertex 42.49999999999999 33.13397459621555 0
vertex 42.64278760968652 33.233955556881014 0
endloop
endfacet
facet normal 0 0 -1
outer loop
vertex 65.35721239031348 33.233955556881014 0
vertex 65.50000000000001 33.13397459621555 0
vertex 60.50000000000001 33.13397459621555 0
endloop
endfacet
facet normal 0 0 -1
outer loop
vertex 65.35721239031348 33.233955556881014 0
vertex 60.50000000000001 33.13397459621555 0
vertex 60.64278760968656 33.233955556881014 0
endloop
endfacet
facet normal 0 0 -1
outer loop
vertex 83 33.233955556881014 0
vertex 83 33.13397459621555 0
vertex 78.50000000000001 33.13397459621555 0
endloop
endfacet
facet normal 0 0 -1
outer loop
vertex 83 33.233955556881014 0
vertex 78.50000000000001 33.13397459621555 0
vertex 78.64278760968658 33.233955556881014 0
endloop
endfacet
facet normal 0 0 -1
outer loop
vertex 11.499999999999998 33.13397459621555 0
vertex 11.657979856674347 33.06030737921409 0
vertex 7 33.06030737921409 0
endloop
endfacet
facet normal 0 0 -1
outer loop
vertex 11.499999999999998 33.13397459621555 0
vertex 7 33.06030737921409 0
vertex 7 33.13397459621555 0
endloop
endfacet
facet normal 0 0 -1
outer loop
vertex 29.500000000000014 33.13397459621555 0
vertex 29.657979856674352 33.06030737921409 0
vertex 24.342020143325673 33.06030737921409 0
endloop
endfacet
facet normal 0 0 -1
outer loop
vertex 29.500000000000014 33.13397459621555 0
vertex 24.342020143325673 33.06030737921409 0
vertex 24.500000000000004 33.13397459621555 0
endloop
endfacet
facet normal 0 0 -1
outer loop
vertex 47.49999999999999 33.13397459621555 0
vertex 47.657979856674345 33.06030737921409 0
vertex 42.342020143325655 33.06030737921409 0
endloop
endfacet
facet normal 0 0 -1
outer loop
vertex 47.49999999999999 33.13397459621555 0
vertex 42.342020143325655 33.06030737921409 0
vertex 42.49999999999999 33.13397459621555 0
endloop
endfacet
facet normal 0 0 -1
outer loop
vertex 65.50000000000001 33.13397459621555 0
vertex 65.65797985667433 33.06030737921409 0
vertex 60.34202014332567 33.06030737921409 0
endloop
endfacet
facet normal 0 0 -1
outer loop
vertex 65.50000000000001 33.13397459621555 0
vertex 60.34202014332567 33.06030737921409 0
vertex 60.50000000000001 33.13397459621555 0
endloop
endfacet
facet normal 0 0 -1
outer loop
vertex 83 33.13397459621555 0
vertex 83 33.06030737921409 0
vertex 78.34202014332564 33.06030737921409 0
endloop
endfacet
facet normal 0 0 -1
outer loop
vertex 83 33.13397459621555 0
vertex 78.34202014332564 33.06030737921409 0
vertex 78.50000000000001 33.13397459621555 0
endloop
endfacet
facet normal 0 0 -1
outer loop
vertex 11.657979856674347 33.06030737921409 0
vertex 11.826351822333097 33.01519224698779 0
vertex 7 33.01519224698779 0
endloop
endfacet
facet normal 0 0 -1
outer loop
vertex 11.657979856674347 33.06030737921409 0
vertex 7 33.01519224698779 0
vertex 7 33.06030737921409 0
endloop
endfacet
facet normal 0 0 -1
outer loop
vertex 29.657979856674352 33.06030737921409 0
vertex 29.826351822333077 33.01519224698779 0
vertex 24.17364817766696 33.01519224698779 0
endloop
endfacet
facet normal 0 0 -1
outer loop
vertex 29.657979856674352 33.06030737921409 0
vertex 24.17364817766696 33.01519224698779 0
vertex 24.342020143325673 33.06030737921409 0
endloop
endfacet
facet normal 0 0 -1
outer loop
vertex 47.657979856674345 33.06030737921409 0
vertex 47.82635182233309 33.01519224698779 0
vertex 42.17364817766691 33.01519224698779 0
endloop
endfacet
facet normal 0 0 -1
outer loop
vertex 47.657979856674345 33.06030737921409 0
vertex 42.17364817766691 33.01519224698779 0
vertex 42.342020143325655 33.06030737921409 0
endloop
endfacet
facet normal 0 0 -1
outer loop
vertex 65.65797985667433 33.06030737921409 0
vertex 65.8263518223331 33.01519224698779 0
vertex 60.17364817766692 33.01519224698779 0
endloop
endfacet
facet normal 0 0 -1
outer loop
vertex 65.65797985667433 33.06030737921409 0
vertex 60.17364817766692 33.01519224698779 0
vertex 60.34202014332567 33.06030737921409 0
endloop
endfacet
facet normal 0 0 -1
outer loop
vertex 83 33.06030737921409 0
vertex 83 33.01519224698779 0
vertex 78.17364817766692 33.01519224698779 0
endloop
endfacet
facet normal 0 0 -1
outer loop
vertex 83 33.06030737921409 0
vertex 78.17364817766692 33.01519224698779 0
vertex 78.34202014332564 33.06030737921409 0
endloop
endfacet
facet normal 0 0 -1
outer loop
vertex 11.826351822333097 33.01519224698779 0
vertex 11.999999999999993 33 0
vertex 7 33 0
endloop
endfacet
facet normal 0 0 -1
outer loop
vertex 11.826351822333097 33.01519224698779 0
vertex 7 33 0
vertex 7 33.01519224698779 0
endloop
endfacet
facet normal 0 0 -1
outer loop
vertex 29.826351822333077 33.01519224698779 0
vertex 29.99999999999998 33 0
vertex 23.999999999999986 33 0
endloop
endfacet
facet normal 0 0 -1
outer loop
vertex 29.826351822333077 33.01519224698779 0
vertex 23.999999999999986 33 0
vertex 24.17364817766696 33.01519224698779 0
endloop
endfacet
facet normal 0 0 -1
outer loop
vertex 47.82635182233309 33.01519224698779 0
vertex 47.999999999999986 33 0
vertex 42.00000000000003 33 0
endloop
endfacet
facet normal 0 0 -1
outer loop
vertex 47.82635182233309 33.01519224698779 0
vertex 42.00000000000003 33 0
vertex 42.17364817766691 33.01519224698779 0
endloop
endfacet
facet normal 0 0 -1
outer loop
vertex 65.8263518223331 33.01519224698779 0
vertex 66 33 0
vertex 60.000000000000036 33 0
endloop
endfacet
facet normal 0 0 -1
outer loop
vertex 65.8263518223331 33.01519224698779 0
vertex 60.000000000000036 33 0
vertex 60.17364817766692 33.01519224698779 0
endloop
endfacet
facet normal 0 0 -1
outer loop
vertex 83 33.01519224698779 0
vertex 83 33 0
vertex 78.00000000000003 33 0
endloop
endfacet
facet normal 0 0 -1
outer loop
vertex 83 33.01519224698779 0
vertex 78.00000000000003 33 0
vertex 78.17364817766692 33.01519224698779 0
endloop
endfacet
facet normal 0 0 -1
outer loop
vertex 11.999999999999993 33 0
vertex 23.999999999999986 33 0
vertex 29.99999999999998 33 0
endloop
endfacet
facet normal 0 0 -1
outer loop
vertex 11.999999999999993 33 0
vertex 29.99999999999998 33 0
vertex 42.00000000000003 33 0
endloop
endfacet
facet normal 0 0 -1
outer loop
vertex 11.999999999999993 33 0
vertex 42.00000000000003 33 0
vertex 47.999999999999986 33 0
endloop
endfacet
facet normal 0 0 -1
outer loop
vertex 11.999999999999993 33 0
vertex 47.999999999999986 33 0
vertex 60.000000000000036 33 0
endloop
endfacet
facet normal 0 0 -1
outer loop
vertex 11.999999999999993 33 0
vertex 60.000000000000036 33 0
vertex 66 33 0
endloop
endfacet
facet normal 0 0 -1
outer loop
vertex 11.999999999999993 33 0
vertex 66 33 0
vertex 78.00000000000003 33 0
endloop
endfacet
facet normal 0 0 -1
outer loop
vertex 11.999999999999993 33 0
vertex 78.00000000000003 33 0
vertex 83 33 0
endloop
endfacet
facet normal 0 0 -1
outer loop
vertex 11.999999999999993 33 0
vertex 83 33 0
vertex 83 32.5 0
endloop
endfacet
facet normal 0 0 -1
outer loop
vertex 11.999999999999993 33 0
vertex 83 32.5 0
vertex 63.00000000000001 32.5 0
endloop
endfacet
facet normal 0 0 -1
outer loop
vertex 11.999999999999993 33 0
vertex 63.00000000000001 32.5 0
vertex 7 32.5 0
endloop
endfacet
facet normal 0 0 -1
outer loop
vertex 11.999999999999993 33 0
vertex 7 32.5 0
vertex 7 33 0
endloop
endfacet
facet normal 0 0 -1
outer loop
vertex 63.00000000000001 32.5 0
vertex 62.804909677983964 32.48078528040324 0
vertex 7 32.48078528040324 0
endloop
endfacet
facet normal 0 0 -1
outer loop
vertex 63.00000000000001 32.5 0
vertex 7 32.48078528040324 0
vertex 7 32.5 0
endloop
endfacet
facet normal 0 0 -1
outer loop
vertex 83 32.5 0
vertex 83 32.48078528040324 0
vertex 63.19509032201611 32.48078528040324 0
endloop
endfacet
facet normal 0 0 -1
outer loop
vertex 83 32.5 0
vertex 63.19509032201611 32.48078528040324 0
vertex 63.00000000000001 32.5 0
endloop
endfacet
facet normal 0 0 -1
outer loop
vertex 62.804909677983964 32.48078528040324 0
vertex 62.61731656763488 32.42387953251128 0
vertex 7 32.42387953251128 0
endloop
endfacet
facet normal 0 0 -1
outer loop
vertex 62.804909677983964 32.48078528040324 0
vertex 7 32.42387953251128 0
vertex 7 32.48078528040324 0
endloop
endfacet
facet normal 0 0 -1
outer loop
vertex 83 32.48078528040324 0
vertex 83 32.42387953251128 0
vertex 63.38268343236511 32.42387953251128 0
endloop
endfacet
facet normal 0 0 -1
outer loop
vertex 83 32.48078528040324 0
vertex 63.38268343236511 32.42387953251128 0
vertex 63.19509032201611 32.48078528040324 0
endloop
endfacet
facet normal 0 0 -1
outer loop
vertex 62.61731656763488 32.42387953251128 0
vertex 62.44442976698038 32.331469612302534 0
vertex 7 32.331469612302534 0
endloop
endfacet
facet normal 0 0 -1
outer loop
vertex 62.61731656763488 32.42387953251128 0
vertex 7 32.331469612302534 0
vertex 7 32.42387953251128 0
endloop
endfacet
facet normal 0 0 -1
outer loop
vertex 83 32.42387953251128 0
vertex 83 32.331469612302534 0
vertex 63.55557023301959 32.331469612302534 0
endloop
endfacet
facet normal 0 0 -1
outer loop
vertex 83 32.42387953251128 0
vertex 63.55557023301959 32.331469612302534 0
vertex 63.38268343236511 32.42387953251128 0
endloop
endfacet
facet normal 0 0 -1
outer loop
vertex 62.44442976698038 32.331469612302534 0
vertex 62.29289321881349 32.20710678118658 0
vertex 7 32.20710678118658 0
endloop
endfacet
facet normal 0 0 -1
outer loop
vertex 62.44442976698038 32.331469612302534 0
vertex 7 32.20710678118658 0
vertex 7 32.331469612302534 0
endloop
endfacet
facet normal 0 0 -1
outer loop
vertex 83 32.331469612302534 0
vertex 83 32.20710678118658 0
vertex 63.70710678118652 32.20710678118658 0
endloop
endfacet
facet normal 0 0 -1
outer loop
vertex 83 32.331469612302534 0
vertex 63.70710678118652 32.20710678118658 0
vertex 63.55557023301959 32.331469612302534 0
endloop
endfacet
facet normal 0 0 -1
outer loop
vertex 62.29289321881349 32.20710678118658 0
vertex 62.16853038769742 32.05557023301958 0
vertex 7 32.05557023301958 0
endloop
endfacet
facet normal 0 0 -1
outer loop
vertex 62.29289321881349 32.20710678118658 0
vertex 7 32.05557023301958 0
vertex 7 32.20710678118658 0
endloop
endfacet
facet normal 0 0 -1
outer loop
vertex 83 32.20710678118658 0
vertex 83 32.05557023301958 0
vertex 63.831469612302556 32.05557023301958 0
endloop
endfacet
facet normal 0 0 -1
outer loop
vertex 83 32.20710678118658 0
vertex 63.831469612302556 32.05557023301958 0
vertex 63.70710678118652 32.20710678118658 0
endloop
endfacet
facet normal 0 0 -1
outer loop
vertex 62.16853038769742 32.05557023301958 0
vertex 62.07612046748869 31.88268343236507 0
vertex 7 31.88268343236507 0
endloop
endfacet
facet normal 0 0 -1
outer loop
vertex 62.16853038769742 32.05557023301958 0
vertex 7 31.88268343236507 0
vertex 7 32.05557023301958 0
endloop
endfacet
facet normal 0 0 -1
outer loop
vertex 83 32.05557023301958 0
vertex 83 31.88268343236507 0
vertex 63.92387953251129 31.88268343236507 0
endloop
endfacet
facet normal 0 0 -1
outer loop
vertex 83 32.05557023301958 0
vertex 63.92387953251129 31.88268343236507 0
vertex 63.831469612302556 32.05557023301958 0
endloop
endfacet
facet normal 0 0 -1
outer loop
vertex 62.07612046748869 31.88268343236507 0
vertex 62.01921471959676 31.69509032201613 0
vertex 7 31.69509032201613 0
endloop
endfacet
facet normal 0 0 -1
outer loop
vertex 62.07612046748869 31.88268343236507 0
vertex 7 31.69509032201613 0
vertex 7 31.88268343236507 0
endloop
endfacet
facet normal 0 0 -1
outer loop
vertex 83 31.88268343236507 0
vertex 83 31.69509032201613 0
vertex 63.98078528040323 31.69509032201613 0
endloop
endfacet
facet normal 0 0 -1
outer loop
vertex 83 31.88268343236507 0
vertex 63.98078528040323 31.69509032201613 0
vertex 63.92387953251129 31.88268343236507 0
endloop
endfacet
facet normal 0 0 -1
outer loop
vertex 62.01921471959676 31.69509032201613 0
vertex 62.000000000000014 31.499999999999993 0
vertex 7 31.499999999999993 0
endloop
endfacet
facet normal 0 0 -1
outer loop
vertex 62.01921471959676 31.69509032201613 0
vertex 7 31.499999999999993 0
vertex 7 31.69509032201613 0
endloop
endfacet
facet normal 0 0 -1
outer loop
vertex 83 31.69509032201613 0
vertex 83 31.499999999999993 0
vertex 64 31.499999999999993 0
endloop
endfacet
facet normal 0 0 -1
outer loop
vertex 83 31.69509032201613 0
vertex 64 31.499999999999993 0
vertex 63.98078528040323 31.69509032201613 0
endloop
endfacet
facet normal 0 0 -1
outer loop
vertex 62.000000000000014 31.499999999999993 0
vertex 62.01921471959676 31.30490967798389 0
vertex 7 31.30490967798389 0
endloop
endfacet
facet normal 0 0 -1
outer loop
vertex 62.000000000000014 31.499999999999993 0
vertex 7 31.30490967798389 0
vertex 7 31.499999999999993 0
endloop
endfacet
facet normal 0 0 -1
outer loop
vertex 83 31.499999999999993 0
vertex 83 31.30490967798389 0
vertex 63.98078528040323 31.30490967798389 0
endloop
endfacet
facet normal 0 0 -1
outer loop
vertex 83 31.499999999999993 0
vertex 63.98078528040323 31.30490967798389 0
vertex 64 31.499999999999993 0
endloop
endfacet
facet normal 0 0 -1
outer loop
vertex 62.01921471959676 31.30490967798389 0
vertex 62.0761204674887 31.117316567634955 0
vertex 7 31.117316567634955 0
endloop
endfacet
facet normal 0 0 -1
outer loop
vertex 62.01921471959676 31.30490967798389 0
vertex 7 31.117316567634955 0
vertex 7 31.30490967798389 0
endloop
endfacet
facet normal 0 0 -1
outer loop
vertex 83 31.30490967798389 0
vertex 83 31.117316567634955 0
vertex 63.92387953251129 31.117316567634955 0
endloop
endfacet
facet normal 0 0 -1
outer loop
vertex 83 31.30490967798389 0
vertex 63.92387953251129 31.117316567634955 0
vertex 63.98078528040323 31.30490967798389 0
endloop
endfacet
facet normal 0 0 -1
outer loop
vertex 62.0761204674887 31.117316567634955 0
vertex 62.168530387697466 30.944429766980384 0
vertex 7 30.944429766980384 0
endloop
endfacet
facet normal 0 0 -1
outer loop
vertex 62.0761204674887 31.117316567634955 0
vertex 7 30.944429766980384 0
vertex 7 31.117316567634955 0
endloop
endfacet
facet normal 0 0 -1
outer loop
vertex 83 31.117316567634955 0
vertex 83 30.944429766980384 0
vertex 63.831469612302534 30.944429766980384 0
endloop
endfacet
facet normal 0 0 -1
outer loop
vertex 83 31.117316567634955 0
vertex 63.831469612302534 30.944429766980384 0
vertex 63.92387953251129 31.117316567634955 0
endloop
endfacet
facet normal 0 0 -1
outer loop
vertex 62.168530387697466 30.944429766980384 0
vertex 62.292893218813454 30.792893218813454 0
vertex 7 30.792893218813454 0
endloop
endfacet
facet normal 0 0 -1
outer loop
vertex 62.168530387697466 30.944429766980384 0
vertex 7 30.792893218813454 0
vertex 7 30.944429766980384 0
endloop
endfacet
facet normal 0 0 -1
outer loop
vertex 83 30.944429766980384 0
vertex 83 30.792893218813454 0
vertex 63.70710678118654 30.792893218813454 0
endloop
endfacet
facet normal 0 0 -1
outer loop
vertex 83 30.944429766980384 0
vertex 63.70710678118654 30.792893218813454 0
vertex 63.831469612302534 30.944429766980384 0
endloop
endfacet
facet normal 0 0 -1
outer loop
vertex 62.292893218813454 30.792893218813454 0
vertex 62.4444297669804 30.66853038769746 0
vertex 7 30.66853038769746 0
endloop
endfacet
facet normal 0 0 -1
outer loop
vertex 62.292893218813454 30.792893218813454 0
vertex 7 30.66853038769746 0
vertex 7 30.792893218813454 0
endloop
endfacet
facet normal 0 0 -1
outer loop
vertex 83 30.792893218813454 0
vertex 83 30.66853038769746 0
vertex 63.55557023301959 30.66853038769746 0
endloop
endfacet
facet normal 0 0 -1
outer loop
vertex 83 30.792893218813454 0
vertex 63.55557023301959 30.66853038769746 0
vertex 63.70710678118654 30.792893218813454 0
endloop
endfacet
facet normal 0 0 -1
outer loop
vertex 62.4444297669804 30.66853038769746 0
vertex 62.61731656763492 30.57612046748871 0
vertex 7 30.57612046748871 0
endloop
endfacet
facet normal 0 0 -1
outer loop
vertex 62.4444297669804 30.66853038769746 0
vertex 7 30.57612046748871 0
vertex 7 30.66853038769746 0
endloop
endfacet
facet normal 0 0 -1
outer loop
vertex 83 30.66853038769746 0
vertex 83 30.57612046748871 0
vertex 63.3826834323651 30.57612046748871 0
endloop
endfacet
facet normal 0 0 -1
outer loop
vertex 83 30.66853038769746 0
vertex 63.3826834323651 30.57612046748871 0
vertex 63.55557023301959 30.66853038769746 0
endloop
endfacet
facet normal 0 0 -1
outer loop
vertex 62.61731656763492 30.57612046748871 0
vertex 62.80490967798389 30.519214719596764 0
vertex 7 30.519214719596764 0
endloop
endfacet
facet normal 0 0 -1
outer loop
vertex 62.61731656763492 30.57612046748871 0
vertex 7 30.519214719596764 0
vertex 7 30.57612046748871 0
endloop
endfacet
facet normal 0 0 -1
outer loop
vertex 83 30.57612046748871 0
vertex 83 30.519214719596764 0
vertex 63.195090322016135 30.519214719596764 0
endloop
endfacet
facet normal 0 0 -1
outer loop
vertex 83 30.57612046748871 0
vertex 63.195090322016135 30.519214719596764 0
vertex 63.3826834323651 30.57612046748871 0
endloop
endfacet
facet normal 0 0 -1
outer loop
vertex 62.80490967798389 30.519214719596764 0
vertex 62.99999999999998 30.499999999999996 0
vertex 7 30.499999999999996 0
endloop
endfacet
facet normal 0 0 -1
outer loop
vertex 62.80490967798389 30.519214719596764 0
vertex 7 30.499999999999996 0
vertex 7 30.519214719596764 0
endloop
endfacet
facet normal 0 0 -1
outer loop
vertex 83 30.519214719596764 0
vertex 83 30.499999999999996 0
vertex 62.99999999999998 30.499999999999996 0
endloop
endfacet
facet normal 0 0 -1
outer loop
vertex 83 30.519214719596764 0
vertex 62.99999999999998 30.499999999999996 0
vertex 63.195090322016135 30.519214719596764 0
endloop
endfacet
facet normal 0 0 -1
outer loop
vertex 62.99999999999998 30.499999999999996 0
vertex 83 30.499999999999996 0
vertex 83 30 0
endloop
endfacet
facet normal 0 0 -1
outer loop
vertex 62.99999999999998 30.499999999999996 0
vertex 83 30 0
vertex 77.99999999999999 30 0
endloop
endfacet
facet normal 0 0 -1
outer loop
vertex 62.99999999999998 30.499999999999996 0
vertex 77.99999999999999 30 0
vertex 66.00000000000003 30 0
endloop
endfacet
facet normal 0 0 -1
outer loop
vertex 62.99999999999998 30.499999999999996 0
vertex 66.00000000000003 30 0
vertex 59.99999999999997 30 0
endloop
endfacet
facet normal 0 0 -1
outer loop
vertex 62.99999999999998 30.499999999999996 0
vertex 59.99999999999997 30 0
vertex 47.99999999999997 30 0
endloop
endfacet
facet normal 0 0 -1
outer loop
vertex 62.99999999999998 30.499999999999996 0
vertex 47.99999999999997 30 0
vertex 41.99999999999997 30 0
endloop
endfacet
facet normal 0 0 -1
outer loop
vertex 62.99999999999998 30.499999999999996 0
vertex 41.99999999999997 30 0
vertex 30 30 0
endloop
endfacet
facet normal 0 0 -1
outer loop
vertex 62.99999999999998 30.499999999999996 0
vertex 30 30 0
vertex 24.000000000000014 30 0
endloop
endfacet
facet normal 0 0 -1
outer loop
vertex 62.99999999999998 30.499999999999996 0
vertex 24.000000000000014 30 0
vertex 12 30 0
endloop
endfacet
facet normal 0 0 -1
outer loop
vertex 62.99999999999998 30.499999999999996 0
vertex 12 30 0
vertex 7 30 0
endloop
endfacet
facet normal 0 0 -1
outer loop
vertex 62.99999999999998 30.499999999999996 0
vertex 7 30 0
vertex 7 30.499999999999996 0
endloop
endfacet
facet normal 0 0 -1
outer loop
vertex 12 30 0
vertex 11.826351822333068 29.98480775301221 0
vertex 7 29.98480775301221 0
endloop
endfacet
facet normal 0 0 -1
outer loop
vertex 12 30 0
vertex 7 29.98480775301221 0
vertex 7 30 0
endloop
endfacet
facet normal 0 0 -1
outer loop
vertex 30 30 0
vertex 29.826351822333066 29.98480775301221 0
vertex 24.173648177666934 29.98480775301221 0
endloop
endfacet
facet normal 0 0 -1
outer loop
vertex 30 30 0
vertex 24.173648177666934 29.98480775301221 0
vertex 24.000000000000014 30 0
endloop
endfacet
facet normal 0 0 -1
outer loop
vertex 47.99999999999997 30 0
vertex 47.826351822333045 29.98480775301221 0
vertex 42.17364817766691 29.98480775301221 0
endloop
endfacet
facet normal 0 0 -1
outer loop
vertex 47.99999999999997 30 0
vertex 42.17364817766691 29.98480775301221 0
vertex 41.99999999999997 30 0
endloop
endfacet
facet normal 0 0 -1
outer loop
vertex 66.00000000000003 30 0
vertex 65.8263518223331 29.98480775301221 0
vertex 60.173648177666934 29.98480775301221 0
endloop
endfacet
facet normal 0 0 -1
outer loop
vertex 66.00000000000003 30 0
vertex 60.173648177666934 29.98480775301221 0
vertex 59.99999999999997 30 0
endloop
endfacet
facet normal 0 0 -1
outer loop
vertex 83 30 0
vertex 83 29.98480775301221 0
vertex 78.17364817766695 29.98480775301221 0
endloop
endfacet
facet normal 0 0 -1
outer loop
vertex 83 30 0
vertex 78.17364817766695 29.98480775301221 0
vertex 77.99999999999999 30 0
endloop
endfacet
facet normal 0 0 -1
outer loop
vertex 11.826351822333068 29.98480775301221 0
vertex 11.657979856674329 29.93969262078591 0
vertex 7 29.93969262078591 0
endloop
endfacet
facet normal 0 0 -1
outer loop
vertex 11.826351822333068 29.98480775301221 0
vertex 7 29.93969262078591 0
vertex 7 29.98480775301221 0
endloop
endfacet
facet normal 0 0 -1
outer loop
vertex 29.826351822333066 29.98480775301221 0
vertex 29.65797985667433 29.93969262078591 0
vertex 24.34202014332567 29.93969262078591 0
endloop
endfacet
facet normal 0 0 -1
outer loop
vertex 29.826351822333066 29.98480775301221 0
vertex 24.34202014332567 29.93969262078591 0
vertex 24.173648177666934 29.98480775301221 0
endloop
endfacet
facet normal 0 0 -1
outer loop
vertex 47.826351822333045 29.98480775301221 0
vertex 47.65797985667434 29.93969262078591 0
vertex 42.34202014332573 29.93969262078591 0
endloop
endfacet
facet normal 0 0 -1
outer loop
vertex 47.826351822333045 29.98480775301221 0
vertex 42.34202014332573 29.93969262078591 0
vertex 42.17364817766691 29.98480775301221 0
endloop
endfacet
facet normal 0 0 -1
outer loop
vertex 65.8263518223331 29.98480775301221 0
vertex 65.65797985667433 29.93969262078591 0
vertex 60.34202014332566 29.93969262078591 0
endloop
endfacet
facet normal 0 0 -1
outer loop
vertex 65.8263518223331 29.98480775301221 0
vertex 60.34202014332566 29.93969262078591 0
vertex 60.173648177666934 29.98480775301221 0
endloop
endfacet
facet normal 0 0 -1
outer loop
vertex 83 29.98480775301221 0
vertex 83 29.93969262078591 0
vertex 78.34202014332571 29.93969262078591 0
endloop
endfacet
facet normal 0 0 -1
outer loop
vertex 83 29.98480775301221 0
vertex 78.34202014332571 29.93969262078591 0
vertex 78.17364817766695 29.98480775301221 0
endloop
endfacet
facet normal 0 0 -1
outer loop
vertex 11.657979856674329 29.93969262078591 0
vertex 11.500000000000007 29.86602540378444 0
vertex 7 29.86602540378444 0
endloop
endfacet
facet normal 0 0 -1
outer loop
vertex 11.657979856674329 29.93969262078591 0
vertex 7 29.86602540378444 0
vertex 7 29.93969262078591 0
endloop
endfacet
facet normal 0 0 -1
outer loop
vertex 29.65797985667433 29.93969262078591 0
vertex 29.500000000000007 29.86602540378444 0
vertex 24.50000000000002 29.86602540378444 0
endloop
endfacet
facet normal 0 0 -1
outer loop
vertex 29.65797985667433 29.93969262078591 0
vertex 24.50000000000002 29.86602540378444 0
vertex 24.34202014332567 29.93969262078591 0
endloop
endfacet
facet normal 0 0 -1
outer loop
vertex 47.65797985667434 29.93969262078591 0
vertex 47.5 29.86602540378444 0
vertex 42.49999999999997 29.86602540378444 0
endloop
endfacet
facet normal 0 0 -1
outer loop
vertex 47.65797985667434 29.93969262078591 0
vertex 42.49999999999997 29.86602540378444 0
vertex 42.34202014332573 29.93969262078591 0
endloop
endfacet
facet normal 0 0 -1
outer loop
vertex 65.65797985667433 29.93969262078591 0
vertex 65.49999999999999 29.86602540378444 0
vertex 60.50000000000002 29.86602540378444 0
endloop
endfacet
facet normal 0 0 -1
outer loop
vertex 65.65797985667433 29.93969262078591 0
vertex 60.50000000000002 29.86602540378444 0
vertex 60.34202014332566 29.93969262078591 0
endloop
endfacet
facet normal 0 0 -1
outer loop
vertex 83 29.93969262078591 0
vertex 83 29.86602540378444 0
vertex 78.49999999999999 29.86602540378444 0
endloop
endfacet
facet normal 0 0 -1
outer loop
vertex 83 29.93969262078591 0
vertex 78.49999999999999 29.86602540378444 0
vertex 78.34202014332571 29.93969262078591 0
endloop
endfacet
facet normal 0 0 -1
outer loop
vertex 11.500000000000007 29.86602540378444 0
vertex 11.357212390313455 29.76604444311897 0
vertex 7 29.76604444311897 0
endloop
endfacet
facet normal 0 0 -1
outer loop
vertex 11.500000000000007 29.86602540378444 0
vertex 7 29.76604444311897 0
vertex 7 29.86602540378444 0
endloop
endfacet
facet normal 0 0 -1
outer loop
vertex 29.500000000000007 29.86602540378444 0
vertex 29.35721239031345 29.76604444311897 0
vertex 24.64278760968651 29.76604444311897 0
endloop
endfacet
facet normal 0 0 -1
outer loop
vertex 29.500000000000007 29.86602540378444 0
vertex 24.64278760968651 29.76604444311897 0
vertex 24.50000000000002 29.86602540378444 0
endloop
endfacet
facet normal 0 0 -1
outer loop
vertex 47.5 29.86602540378444 0
vertex 47.357212390313435 29.76604444311897 0
vertex 42.64278760968654 29.76604444311897 0
endloop
endfacet
facet normal 0 0 -1
outer loop
vertex 47.5 29.86602540378444 0
vertex 42.64278760968654 29.76604444311897 0
vertex 42.49999999999997 29.86602540378444 0
endloop
endfacet
facet normal 0 0 -1
outer loop
vertex 65.49999999999999 29.86602540378444 0
vertex 65.35721239031348 29.76604444311897 0
vertex 60.64278760968652 29.76604444311897 0
endloop
endfacet
facet normal 0 0 -1
outer loop
vertex 65.49999999999999 29.86602540378444 0
vertex 60.64278760968652 29.76604444311897 0
vertex 60.50000000000002 29.86602540378444 0
endloop
endfacet
facet normal 0 0 -1
outer loop
vertex 83 29.86602540378444 0
vertex 83 29.76604444311897 0
vertex 78.64278760968644 29.76604444311897 0
endloop
endfacet
facet normal 0 0 -1
outer loop
vertex 83 29.86602540378444 0
vertex 78.64278760968644 29.76604444311897 0
vertex 78.49999999999999 29.86602540378444 0
endloop
endfacet
facet normal 0 0 -1
outer loop
vertex 11.357212390313455 29.76604444311897 0
vertex 11.233955556881043 29.642787609686554 0
vertex 7 29.642787609686554 0
endloop
endfacet
facet normal 0 0 -1
outer loop
vertex 11.357212390313455 29.76604444311897 0
vertex 7 29.642787609686554 0
vertex 7 29.76604444311897 0
endloop
endfacet
facet normal 0 0 -1
outer loop
vertex 29.35721239031345 29.76604444311897 0
vertex 29.233955556881046 29.642787609686554 0
vertex 24.766044443118997 29.642787609686554 0
endloop
endfacet
facet normal 0 0 -1
outer loop
vertex 29.35721239031345 29.76604444311897 0
vertex 24.766044443118997 29.642787609686554 0
vertex 24.64278760968651 29.76604444311897 0
endloop
endfacet
facet normal 0 0 -1
outer loop
vertex 47.357212390313435 29.76604444311897 0
vertex 47.23395555688105 29.642787609686554 0
vertex 42.76604444311897 29.642787609686554 0
endloop
endfacet
facet normal 0 0 -1
outer loop
vertex 47.357212390313435 29.76604444311897 0
vertex 42.76604444311897 29.642787609686554 0
vertex 42.64278760968654 29.76604444311897 0
endloop
endfacet
facet normal 0 0 -1
outer loop
vertex 65.35721239031348 29.76604444311897 0
vertex 65.23395555688101 29.642787609686554 0
vertex 60.76604444311899 29.642787609686554 0
endloop
endfacet
facet normal 0 0 -1
outer loop
vertex 65.35721239031348 29.76604444311897 0
vertex 60.76604444311899 29.642787609686554 0
vertex 60.64278760968652 29.76604444311897 0
endloop
endfacet
facet normal 0 0 -1
outer loop
vertex 83 29.76604444311897 0
vertex 83 29.642787609686554 0
vertex 78.76604444311909 29.642787609686554 0
endloop
endfacet
facet normal 0 0 -1
outer loop
vertex 83 29.76604444311897 0
vertex 78.76604444311909 29.642787609686554 0
vertex 78.64278760968644 29.76604444311897 0
endloop
endfacet
facet normal 0 0 -1
outer loop
vertex 11.233955556881043 29.642787609686554 0
vertex 11.133974596215579 29.50000000000003 0
vertex 7 29.50000000000003 0
endloop
endfacet
facet normal 0 0 -1
outer loop
vertex 11.233955556881043 29.642787609686554 0
vertex 7 29.50000000000003 0
vertex 7 29.642787609686554 0
endloop
endfacet
facet normal 0 0 -1
outer loop
vertex 29.233955556881046 29.642787609686554 0
vertex 29.13397459621558 29.50000000000003 0
vertex 24.866025403784445 29.50000000000003 0
endloop
endfacet
facet normal 0 0 -1
outer loop
vertex 29.233955556881046 29.642787609686554 0
vertex 24.866025403784445 29.50000000000003 0
vertex 24.766044443118997 29.642787609686554 0
endloop
endfacet
facet normal 0 0 -1
outer loop
vertex 47.23395555688105 29.642787609686554 0
vertex 47.133974596215566 29.50000000000003 0
vertex 42.86602540378443 29.50000000000003 0
endloop
endfacet
facet normal 0 0 -1
outer loop
vertex 47.23395555688105 29.642787609686554 0
vertex 42.86602540378443 29.50000000000003 0
vertex 42.76604444311897 29.642787609686554 0
endloop
endfacet
facet normal 0 0 -1
outer loop
vertex 65.23395555688101 29.642787609686554 0
vertex 65.1339745962156 29.50000000000003 0
vertex 60.866025403784434 29.50000000000003 0
endloop
endfacet
facet normal 0 0 -1
outer loop
vertex 65.23395555688101 29.642787609686554 0
vertex 60.866025403784434 29.50000000000003 0
vertex 60.76604444311899 29.642787609686554 0
endloop
endfacet
facet normal 0 0 -1
outer loop
vertex 83 29.642787609686554 0
vertex 83 29.50000000000003 0
vertex 78.86602540378442 29.50000000000003 0
endloop
endfacet
facet normal 0 0 -1
outer loop
vertex 83 29.642787609686554 0
vertex 78.86602540378442 29.50000000000003 0
vertex 78.76604444311909 29.642787609686554 0
endloop
endfacet
facet normal 0 0 -1
outer loop
vertex 11.133974596215579 29.50000000000003 0
vertex 11.060307379214093 29.34202014332569 0
vertex 7 29.34202014332569 0
endloop
endfacet
facet normal 0 0 -1
outer loop
vertex 11.133974596215579 29.50000000000003 0
vertex 7 29.34202014332569 0
vertex 7 29.50000000000003 0
endloop
endfacet
facet normal 0 0 -1
outer loop
vertex 29.13397459621558 29.50000000000003 0
vertex 29.060307379214095 29.34202014332569 0
vertex 24.939692620785905 29.34202014332569 0
endloop
endfacet
facet normal 0 0 -1
outer loop
vertex 29.13397459621558 29.50000000000003 0
vertex 24.939692620785905 29.34202014332569 0
vertex 24.866025403784445 29.50000000000003 0
endloop
endfacet
facet normal 0 0 -1
outer loop
vertex 47.133974596215566 29.50000000000003 0
vertex 47.060307379214095 29.34202014332569 0
vertex 42.93969262078592 29.34202014332569 0
endloop
endfacet
facet normal 0 0 -1
outer loop
vertex 47.133974596215566 29.50000000000003 0
vertex 42.93969262078592 29.34202014332569 0
vertex 42.86602540378443 29.50000000000003 0
endloop
endfacet
facet normal 0 0 -1
outer loop
vertex 65.1339745962156 29.50000000000003 0
vertex 65.0603073792141 29.34202014332569 0
vertex 60.93969262078589 29.34202014332569 0
endloop
endfacet
facet normal 0 0 -1
outer loop
vertex 65.1339745962156 29.50000000000003 0
vertex 60.93969262078589 29.34202014332569 0
vertex 60.866025403784434 29.50000000000003 0
endloop
endfacet
facet normal 0 0 -1
outer loop
vertex 83 29.50000000000003 0
vertex 83 29.34202014332569 0
vertex 78.93969262078589 29.34202014332569 0
endloop
endfacet
facet normal 0 0 -1
outer loop
vertex 83 29.50000000000003 0
vertex 78.93969262078589 29.34202014332569 0
vertex 78.86602540378442 29.50000000000003 0
endloop
endfacet
facet normal 0 0 -1
outer loop
vertex 11.060307379214093 29.34202014332569 0
vertex 11.015192246987793 29.173648177666927 0
vertex 7 29.173648177666927 0
endloop
endfacet
facet normal 0 0 -1
outer loop
vertex 11.060307379214093 29.34202014332569 0
vertex 7 29.173648177666927 0
vertex 7 29.34202014332569 0
endloop
endfacet
facet normal 0 0 -1
outer loop
vertex 29.060307379214095 29.34202014332569 0
vertex 29.01519224698779 29.173648177666927 0
vertex 24.984807753012213 29.173648177666927 0
endloop
endfacet
facet normal 0 0 -1
outer loop
vertex 29.060307379214095 29.34202014332569 0
vertex 24.984807753012213 29.173648177666927 0
vertex 24.939692620785905 29.34202014332569 0
endloop
endfacet
facet normal 0 0 -1
outer loop
vertex 47.060307379214095 29.34202014332569 0
vertex 47.01519224698779 29.173648177666927 0
vertex 42.9848077530122 29.173648177666927 0
endloop
endfacet
facet normal 0 0 -1
outer loop
vertex 47.060307379214095 29.34202014332569 0
vertex 42.9848077530122 29.173648177666927 0
vertex 42.93969262078592 29.34202014332569 0
endloop
endfacet
facet normal 0 0 -1
outer loop
vertex 65.0603073792141 29.34202014332569 0
vertex 65.0151922469878 29.173648177666927 0
vertex 60.98480775301221 29.173648177666927 0
endloop
endfacet
facet normal 0 0 -1
outer loop
vertex 65.0603073792141 29.34202014332569 0
vertex 60.98480775301221 29.173648177666927 0
vertex 60.93969262078589 29.34202014332569 0
endloop
endfacet
facet normal 0 0 -1
outer loop
vertex 83 29.34202014332569 0
vertex 83 29.173648177666927 0
vertex 78.98480775301219 29.173648177666927 0
endloop
endfacet
facet normal 0 0 -1
outer loop
vertex 83 29.34202014332569 0
vertex 78.98480775301219 29.173648177666927 0
vertex 78.93969262078589 29.34202014332569 0
endloop
endfacet
facet normal 0 0 -1
outer loop
vertex 11.015192246987793 29.173648177666927 0
vertex 11 29.00000000000003 0
vertex 7 29.00000000000003 0
endloop
endfacet
facet normal 0 0 -1
outer loop
vertex 11.015192246987793 29.173648177666927 0
vertex 7 29.00000000000003 0
vertex 7 29.173648177666927 0
endloop
endfacet
facet normal 0 0 -1
outer loop
vertex 29.01519224698779 29.173648177666927 0
vertex 29 29.00000000000003 0
vertex 25 29.00000000000003 0
endloop
endfacet
facet normal 0 0 -1
outer loop
vertex 29.01519224698779 29.173648177666927 0
vertex 25 29.00000000000003 0
vertex 24.984807753012213 29.173648177666927 0
endloop
endfacet
facet normal 0 0 -1
outer loop
vertex 47.01519224698779 29.173648177666927 0
vertex 47 29.00000000000003 0
vertex 43 29.00000000000003 0
endloop
endfacet
facet normal 0 0 -1
outer loop
vertex 47.01519224698779 29.173648177666927 0
vertex 43 29.00000000000003 0
vertex 42.9848077530122 29.173648177666927 0
endloop
endfacet
facet normal 0 0 -1
outer loop
vertex 65.0151922469878 29.173648177666927 0
vertex 65 29.00000000000003 0
vertex 61 29.00000000000003 0
endloop
endfacet
facet normal 0 0 -1
outer loop
vertex 65.0151922469878 29.173648177666927 0
vertex 61 29.00000000000003 0
vertex 60.98480775301221 29.173648177666927 0
endloop
endfacet
facet normal 0 0 -1
outer loop
vertex 83 29.173648177666927 0
vertex 83 29.00000000000003 0
vertex 79 29.00000000000003 0
endloop
endfacet
facet normal 0 0 -1
outer loop
vertex 83 29.173648177666927 0
vertex 79 29.00000000000003 0
vertex 78.98480775301219 29.173648177666927 0
endloop
endfacet
facet normal 0 0 -1
outer loop
vertex -7 39.999999999999986 0
vertex -7 27.999999999999993 0
vertex -12.5 27.999999999999993 0
endloop
endfacet
facet normal 0 0 -1
outer loop
vertex -7 39.999999999999986 0
vertex -12.5 27.999999999999993 0
vertex -12.5 39.999999999999986 0
endloop
endfacet
facet normal 0 0 -1
outer loop
vertex 11 29.00000000000003 0
vertex 11 27.999999999999993 0
vertex 7 27.999999999999993 0
endloop
endfacet
facet normal 0 0 -1
outer loop
vertex 11 29.00000000000003 0
vertex 7 27.999999999999993 0
vertex 7 29.00000000000003 0
endloop
endfacet
facet normal 0 0 -1
outer loop
vertex -7 27.999999999999993 0
vertex -6.984807753012209 27.826351822333073 0
vertex -12.5 27.826351822333073 0
endloop
endfacet
facet normal 0 0 -1
outer loop
vertex -7 27.999999999999993 0
vertex -12.5 27.826351822333073 0
vertex -12.5 27.999999999999993 0
endloop
endfacet
facet normal 0 0 -1
outer loop
vertex 11 27.999999999999993 0
vertex 11 27.826351822333073 0
vertex 6.9848077530122055 27.826351822333073 0
endloop
endfacet
facet normal 0 0 -1
outer loop
vertex 11 27.999999999999993 0
vertex 6.9848077530122055 27.826351822333073 0
vertex 7 27.999999999999993 0
endloop
endfacet
facet normal 0 0 -1
outer loop
vertex -6.984807753012209 27.826351822333073 0
vertex -6.939692620785904 27.657979856674324 0
vertex -12.5 27.657979856674324 0
endloop
endfacet
facet normal 0 0 -1
outer loop
vertex -6.984807753012209 27.826351822333073 0
vertex -12.5 27.657979856674324 0
vertex -12.5 27.826351822333073 0
endloop
endfacet
facet normal 0 0 -1
outer loop
vertex 11 27.826351822333073 0
vertex 11 27.657979856674324 0
vertex 6.939692620785905 27.657979856674324 0
endloop
endfacet
facet normal 0 0 -1
outer loop
vertex 11 27.826351822333073 0
vertex 6.939692620785905 27.657979856674324 0
vertex 6.9848077530122055 27.826351822333073 0
endloop
endfacet
facet normal 0 0 -1
outer loop
vertex -6.939692620785904 27.657979856674324 0
vertex -6.866025403784441 27.500000000000004 0
vertex -12.5 27.500000000000004 0
endloop
endfacet
facet normal 0 0 -1
outer loop
vertex -6.939692620785904 27.657979856674324 0
vertex -12.5 27.500000000000004 0
vertex -12.5 27.657979856674324 0
endloop
endfacet
facet normal 0 0 -1
outer loop
vertex 11 27.657979856674324 0
vertex 11 27.500000000000004 0
vertex 6.866025403784441 27.500000000000004 0
endloop
endfacet
facet normal 0 0 -1
outer loop
vertex 11 27.657979856674324 0
vertex 6.866025403784441 27.500000000000004 0
vertex 6.939692620785905 27.657979856674324 0
endloop
endfacet
facet normal 0 0 -1
outer loop
vertex -6.866025403784441 27.500000000000004 0
vertex -6.766044443118978 27.35721239031346 0
vertex -12.5 27.35721239031346 0
endloop
endfacet
facet normal 0 0 -1
outer loop
vertex -6.866025403784441 27.500000000000004 0
vertex -12.5 27.35721239031346 0
vertex -12.5 27.500000000000004 0
endloop
endfacet
facet normal 0 0 -1
outer loop
vertex 11 27.500000000000004 0
vertex 11 27.35721239031346 0
vertex 6.766044443118979 27.35721239031346 0
endloop
endfacet
facet normal 0 0 -1
outer loop
vertex 11 27.500000000000004 0
vertex 6.766044443118979 27.35721239031346 0
vertex 6.866025403784441 27.500000000000004 0
endloop
endfacet
facet normal 0 0 -1
outer loop
vertex -6.766044443118978 27.35721239031346 0
vertex -6.642787609686539 27.233955556881014 0
vertex -12.5 27.233955556881014 0
endloop
endfacet
facet normal 0 0 -1
outer loop
vertex -6.766044443118978 27.35721239031346 0
vertex -12.5 27.233955556881014 0
vertex -12.5 27.35721239031346 0
endloop
endfacet
facet normal 0 0 -1
outer loop
vertex 11 27.35721239031346 0
vertex 11 27.233955556881014 0
vertex 6.642787609686536 27.233955556881014 0
endloop
endfacet
facet normal 0 0 -1
outer loop
vertex 11 27.35721239031346 0
vertex 6.642787609686536 27.233955556881014 0
vertex 6.766044443118979 27.35721239031346 0
endloop
endfacet
facet normal 0 0 -1
outer loop
vertex -6.642787609686539 27.233955556881014 0
vertex -6.500000000000016 27.13397459621557 0
vertex -12.5 27.13397459621557 0
endloop
endfacet
facet normal 0 0 -1
outer loop
vertex -6.642787609686539 27.233955556881014 0
vertex -12.5 27.13397459621557 0
vertex -12.5 27.233955556881014 0
endloop
endfacet
facet normal 0 0 -1
outer loop
vertex 11 27.233955556881014 0
vertex 11 27.13397459621557 0
vertex 6.500000000000014 27.13397459621557 0
endloop
endfacet
facet normal 0 0 -1
outer loop
vertex 11 27.233955556881014 0
vertex 6.500000000000014 27.13397459621557 0
vertex 6.642787609686536 27.233955556881014 0
endloop
endfacet
facet normal 0 0 -1
outer loop
vertex -6.500000000000016 27.13397459621557 0
vertex -6.342020143325667 27.06030737921409 0
vertex -12.5 27.06030737921409 0
endloop
endfacet
facet normal 0 0 -1
outer loop
vertex -6.500000000000016 27.13397459621557 0
vertex -12.5 27.06030737921409 0
vertex -12.5 27.13397459621557 0
endloop
endfacet
facet normal 0 0 -1
outer loop
vertex 11 27.13397459621557 0
vertex 11 27.06030737921409 0
vertex 6.342020143325662 27.06030737921409 0
endloop
endfacet
facet normal 0 0 -1
outer loop
vertex 11 27.13397459621557 0
vertex 6.342020143325662 27.06030737921409 0
vertex 6.500000000000014 27.13397459621557 0
endloop
endfacet
facet normal 0 0 -1
outer loop
vertex -6.342020143325667 27.06030737921409 0
vertex -6.173648177666946 27.015192246987795 0
vertex -12.5 27.015192246987795 0
endloop
endfacet
facet normal 0 0 -1
outer loop
vertex -6.342020143325667 27.06030737921409 0
vertex -12.5 27.015192246987795 0
vertex -12.5 27.06030737921409 0
endloop
endfacet
facet normal 0 0 -1
outer loop
vertex 11 27.06030737921409 0
vertex 11 27.015192246987795 0
vertex 6.173648177666941 27.015192246987795 0
endloop
endfacet
facet normal 0 0 -1
outer loop
vertex 11 27.06030737921409 0
vertex 6.173648177666941 27.015192246987795 0
vertex 6.342020143325662 27.06030737921409 0
endloop
endfacet
facet normal 0 0 -1
outer loop
vertex -6.173648177666946 27.015192246987795 0
vertex -5.999999999999993 27 0
vertex -12.5 27 0
endloop
endfacet
facet normal 0 0 -1
outer loop
vertex -6.173648177666946 27.015192246987795 0
vertex -12.5 27 0
vertex -12.5 27.015192246987795 0
endloop
endfacet
facet normal 0 0 -1
outer loop
vertex 11 27.015192246987795 0
vertex 11 27 0
vertex 6 27 0
endloop
endfacet
facet normal 0 0 -1
outer loop
vertex 11 27.015192246987795 0
vertex 6 27 0
vertex 6.173648177666941 27.015192246987795 0
endloop
endfacet
facet normal 0 0 -1
outer loop
vertex -5.999999999999993 27 0
vertex 6 27 0
vertex 11 27 0
endloop
endfacet
facet normal 0 0 -1
outer loop
vertex -5.999999999999993 27 0
vertex 11 27 0
vertex 11 24 0
endloop
endfacet
facet normal 0 0 -1
outer loop
vertex -5.999999999999993 27 0
vertex 11 24 0
vertex 6.000000000000005 24 0
endloop
endfacet
facet normal 0 0 -1
outer loop
vertex -5.999999999999993 27 0
vertex 6.000000000000005 24 0
vertex -6.000000000000028 24 0
endloop
endfacet
facet normal 0 0 -1
outer loop
vertex -5.999999999999993 27 0
vertex -6.000000000000028 24 0
vertex -12.5 24 0
endloop
endfacet
facet normal 0 0 -1
outer loop
vertex -5.999999999999993 27 0
vertex -12.5 24 0
vertex -12.5 27 0
endloop
endfacet
facet normal 0 0 -1
outer loop
vertex -6.000000000000028 24 0
vertex -6.173648177666956 23.98480775301221 0
vertex -12.5 23.98480775301221 0
endloop
endfacet
facet normal 0 0 -1
outer loop
vertex -6.000000000000028 24 0
vertex -12.5 23.98480775301221 0
vertex -12.5 24 0
endloop
endfacet
facet normal 0 0 -1
outer loop
vertex 11 24 0
vertex 11 23.98480775301221 0
vertex 6.173648177666948 23.98480775301221 0
endloop
endfacet
facet normal 0 0 -1
outer loop
vertex 11 24 0
vertex 6.173648177666948 23.98480775301221 0
vertex 6.000000000000005 24 0
endloop
endfacet
facet normal 0 0 -1
outer loop
vertex -6.173648177666956 23.98480775301221 0
vertex -6.342020143325653 23.939692620785916 0
vertex -12.5 23.939692620785916 0
endloop
endfacet
facet normal 0 0 -1
outer loop
vertex -6.173648177666956 23.98480775301221 0
vertex -12.5 23.939692620785916 0
vertex -12.5 23.98480775301221 0
endloop
endfacet
facet normal 0 0 -1
outer loop
vertex 11 23.98480775301221 0
vertex 11 23.939692620785916 0
vertex 6.342020143325691 23.939692620785916 0
endloop
endfacet
facet normal 0 0 -1
outer loop
vertex 11 23.98480775301221 0
vertex 6.342020143325691 23.939692620785916 0
vertex 6.173648177666948 23.98480775301221 0
endloop
endfacet
facet normal 0 0 -1
outer loop
vertex -6.342020143325653 23.939692620785916 0
vertex -6.499999999999982 23.866025403784445 0
vertex -12.5 23.866025403784445 0
endloop
endfacet
facet normal 0 0 -1
outer loop
vertex -6.342020143325653 23.939692620785916 0
vertex -12.5 23.866025403784445 0
vertex -12.5 23.939692620785916 0
endloop
endfacet
facet normal 0 0 -1
outer loop
vertex 11 23.939692620785916 0
vertex 11 23.866025403784445 0
vertex 6.499999999999993 23.866025403784445 0
endloop
endfacet
facet normal 0 0 -1
outer loop
vertex 11 23.939692620785916 0
vertex 6.499999999999993 23.866025403784445 0
vertex 6.342020143325691 23.939692620785916 0
endloop
endfacet
facet normal 0 0 -1
outer loop
vertex -6.499999999999982 23.866025403784445 0
vertex -6.64278760968652 23.76604444311899 0
vertex -12.5 23.76604444311899 0
endloop
endfacet
facet normal 0 0 -1
outer loop
vertex -6.499999999999982 23.866025403784445 0
vertex -12.5 23.76604444311899 0
vertex -12.5 23.866025403784445 0
endloop
endfacet
facet normal 0 0 -1
outer loop
vertex 11 23.866025403784445 0
vertex 11 23.76604444311899 0
vertex 6.642787609686529 23.76604444311899 0
endloop
endfacet
facet normal 0 0 -1
outer loop
vertex 11 23.866025403784445 0
vertex 6.642787609686529 23.76604444311899 0
vertex 6.499999999999993 23.866025403784445 0
endloop
endfacet
facet normal 0 0 -1
outer loop
vertex -6.64278760968652 23.76604444311899 0
vertex -6.766044443119001 23.642787609686536 0
vertex -12.5 23.642787609686536 0
endloop
endfacet
facet normal 0 0 -1
outer loop
vertex -6.64278760968652 23.76604444311899 0
vertex -12.5 23.642787609686536 0
vertex -12.5 23.76604444311899 0
endloop
endfacet
facet normal 0 0 -1
outer loop
vertex 11 23.76604444311899 0
vertex 11 23.642787609686536 0
vertex 6.766044443118979 23.642787609686536 0
endloop
endfacet
facet normal 0 0 -1
outer loop
vertex 11 23.76604444311899 0
vertex 6.766044443118979 23.642787609686536 0
vertex 6.642787609686529 23.76604444311899 0
endloop
endfacet
facet normal 0 0 -1
outer loop
vertex -6.766044443119001 23.642787609686536 0
vertex -6.86602540378443 23.500000000000004 0
vertex -12.5 23.500000000000004 0
endloop
endfacet
facet normal 0 0 -1
outer loop
vertex -6.766044443119001 23.642787609686536 0
vertex -12.5 23.500000000000004 0
vertex -12.5 23.642787609686536 0
endloop
endfacet
facet normal 0 0 -1
outer loop
vertex 11 23.642787609686536 0
vertex 11 23.500000000000004 0
vertex 6.866025403784434 23.500000000000004 0
endloop
endfacet
facet normal 0 0 -1
outer loop
vertex 11 23.642787609686536 0
vertex 6.866025403784434 23.500000000000004 0
vertex 6.766044443118979 23.642787609686536 0
endloop
endfacet
facet normal 0 0 -1
outer loop
vertex -6.86602540378443 23.500000000000004 0
vertex -6.939692620785915 23.342020143325655 0
vertex -12.5 23.342020143325655 0
endloop
endfacet
facet normal 0 0 -1
outer loop
vertex -6.86602540378443 23.500000000000004 0
vertex -12.5 23.342020143325655 0
vertex -12.5 23.500000000000004 0
endloop
endfacet
facet normal 0 0 -1
outer loop
vertex 11 23.500000000000004 0
vertex 11 23.342020143325655 0
vertex 6.939692620785912 23.342020143325655 0
endloop
endfacet
facet normal 0 0 -1
outer loop
vertex 11 23.500000000000004 0
vertex 6.939692620785912 23.342020143325655 0
vertex 6.866025403784434 23.500000000000004 0
endloop
endfacet
facet normal 0 0 -1
outer loop
vertex -6.939692620785915 23.342020143325655 0
vertex -6.984807753012207 23.173648177666934 0
vertex -12.5 23.173648177666934 0
endloop
endfacet
facet normal 0 0 -1
outer loop
vertex -6.939692620785915 23.342020143325655 0
vertex -12.5 23.173648177666934 0
vertex -12.5 23.342020143325655 0
endloop
endfacet
facet normal 0 0 -1
outer loop
vertex 11 23.342020143325655 0
vertex 11 23.173648177666934 0
vertex 6.9848077530122055 23.173648177666934 0
endloop
endfacet
facet normal 0 0 -1
outer loop
vertex 11 23.342020143325655 0
vertex 6.9848077530122055 23.173648177666934 0
vertex 6.939692620785912 23.342020143325655 0
endloop
endfacet
facet normal 0 0 -1
outer loop
vertex -6.984807753012207 23.173648177666934 0
vertex -7 23 0
vertex -12.5 23 0
endloop
endfacet
facet normal 0 0 -1
outer loop
vertex -6.984807753012207 23.173648177666934 0
vertex -12.5 23 0
vertex -12.5 23.173648177666934 0
endloop
endfacet
facet normal 0 0 -1
outer loop
vertex 11 23.173648177666934 0
vertex 11 23 0
vertex 7 23 0
endloop
endfacet
facet normal 0 0 -1
outer loop
vertex 11 23.173648177666934 0
vertex 7 23 0
vertex 6.9848077530122055 23.173648177666934 0
endloop
endfacet
facet normal 0 0 -1
outer loop
vertex 11 23 0
vertex 11 16.99999999999997 0
vertex 7 16.99999999999997 0
endloop
endfacet
facet normal 0 0 -1
outer loop
vertex 11 23 0
vertex 7 16.99999999999997 0
vertex 7 23 0
endloop
endfacet
facet normal 0 0 -1
outer loop
vertex 29 29.00000000000003 0
vertex 29 16.99999999999997 0
vertex 25 16.99999999999997 0
endloop
endfacet
facet normal 0 0 -1
outer loop
vertex 29 29.00000000000003 0
vertex 25 16.99999999999997 0
vertex 25 29.00000000000003 0
endloop
endfacet
facet normal 0 0 -1
outer loop
vertex 47 29.00000000000003 0
vertex 47 16.99999999999997 0
vertex 43 16.99999999999997 0
endloop
endfacet
facet normal 0 0 -1
outer loop
vertex 47 29.00000000000003 0
vertex 43 16.99999999999997 0
vertex 43 29.00000000000003 0
endloop
endfacet
facet normal 0 0 -1
outer loop
vertex 65 29.00000000000003 0
vertex 65 16.99999999999997 0
vertex 61 16.99999999999997 0
endloop
endfacet
facet normal 0 0 -1
outer loop
vertex 65 29.00000000000003 0
vertex 61 16.99999999999997 0
vertex 61 29.00000000000003 0
endloop
endfacet
facet normal 0 0 -1
outer loop
vertex 83 29.00000000000003 0
vertex 83 16.99999999999997 0
vertex 79 16.99999999999997 0
endloop
endfacet
facet normal 0 0 -1
outer loop
vertex 83 29.00000000000003 0
vertex 79 16.99999999999997 0
vertex 79 29.00000000000003 0
endloop
endfacet
facet normal 0 0 -1
outer loop
vertex 11 16.99999999999997 0
vertex 11.015192246987787 16.82635182233309 0
vertex 7 16.82635182233309 0
endloop
endfacet
facet normal 0 0 -1
outer loop
vertex 11 16.99999999999997 0
vertex 7 16.82635182233309 0
vertex 7 16.99999999999997 0
endloop
endfacet
facet normal 0 0 -1
outer loop
vertex 29 16.99999999999997 0
vertex 29.015192246987787 16.82635182233309 0
vertex 24.98480775301221 16.82635182233309 0
endloop
endfacet
facet normal 0 0 -1
outer loop
vertex 29 16.99999999999997 0
vertex 24.98480775301221 16.82635182233309 0
vertex 25 16.99999999999997 0
endloop
endfacet
facet normal 0 0 -1
outer loop
vertex 47 16.99999999999997 0
vertex 47.01519224698779 16.82635182233309 0
vertex 42.984807753012205 16.82635182233309 0
endloop
endfacet
facet normal 0 0 -1
outer loop
vertex 47 16.99999999999997 0
vertex 42.984807753012205 16.82635182233309 0
vertex 43 16.99999999999997 0
endloop
endfacet
facet normal 0 0 -1
outer loop
vertex 65 16.99999999999997 0
vertex 65.0151922469878 16.82635182233309 0
vertex 60.984807753012205 16.82635182233309 0
endloop
endfacet
facet normal 0 0 -1
outer loop
vertex 65 16.99999999999997 0
vertex 60.984807753012205 16.82635182233309 0
vertex 61 16.99999999999997 0
endloop
endfacet
facet normal 0 0 -1
outer loop
vertex 83 16.99999999999997 0
vertex 83 16.82635182233309 0
vertex 78.9848077530122 16.82635182233309 0
endloop
endfacet
facet normal 0 0 -1
outer loop
vertex 83 16.99999999999997 0
vertex 78.9848077530122 16.82635182233309 0
vertex 79 16.99999999999997 0
endloop
endfacet
facet normal 0 0 -1
outer loop
vertex 11.015192246987787 16.82635182233309 0
vertex 11.060307379214112 16.65797985667428 0
vertex 7 16.65797985667428 0
endloop
endfacet
facet normal 0 0 -1
outer loop
vertex 11.015192246987787 16.82635182233309 0
vertex 7 16.65797985667428 0
vertex 7 16.82635182233309 0
endloop
endfacet
facet normal 0 0 -1
outer loop
vertex 29.015192246987787 16.82635182233309 0
vertex 29.06030737921411 16.65797985667428 0
vertex 24.939692620785898 16.65797985667428 0
endloop
endfacet
facet normal 0 0 -1
outer loop
vertex 29.015192246987787 16.82635182233309 0
vertex 24.939692620785898 16.65797985667428 0
vertex 24.98480775301221 16.82635182233309 0
endloop
endfacet
facet normal 0 0 -1
outer loop
vertex 47.01519224698779 16.82635182233309 0
vertex 47.060307379214116 16.65797985667428 0
vertex 42.939692620785905 16.65797985667428 0
endloop
endfacet
facet normal 0 0 -1
outer loop
vertex 47.01519224698779 16.82635182233309 0
vertex 42.939692620785905 16.65797985667428 0
vertex 42.984807753012205 16.82635182233309 0
endloop
endfacet
facet normal 0 0 -1
outer loop
vertex 65.0151922469878 16.82635182233309 0
vertex 65.0603073792141 16.65797985667428 0
vertex 60.93969262078591 16.65797985667428 0
endloop
endfacet
facet normal 0 0 -1
outer loop
vertex 65.0151922469878 16.82635182233309 0
vertex 60.93969262078591 16.65797985667428 0
vertex 60.984807753012205 16.82635182233309 0
endloop
endfacet
facet normal 0 0 -1
outer loop
vertex 83 16.82635182233309 0
vertex 83 16.65797985667428 0
vertex 78.93969262078588 16.65797985667428 0
endloop
endfacet
facet normal 0 0 -1
outer loop
vertex 83 16.82635182233309 0
vertex 78.93969262078588 16.65797985667428 0
vertex 78.9848077530122 16.82635182233309 0
endloop
endfacet
facet normal 0 0 -1
outer loop
vertex 11.060307379214112 16.65797985667428 0
vertex 11.133974596215529 16.500000000000025 0
vertex 7 16.500000000000025 0
endloop
endfacet
facet normal 0 0 -1
outer loop
vertex 11.060307379214112 16.65797985667428 0
vertex 7 16.500000000000025 0
vertex 7 16.65797985667428 0
endloop
endfacet
facet normal 0 0 -1
outer loop
vertex 29.06030737921411 16.65797985667428 0
vertex 29.133974596215545 16.500000000000025 0
vertex 24.86602540378444 16.500000000000025 0
endloop
endfacet
facet normal 0 0 -1
outer loop
vertex 29.06030737921411 16.65797985667428 0
vertex 24.86602540378444 16.500000000000025 0
vertex 24.939692620785898 16.65797985667428 0
endloop
endfacet
facet normal 0 0 -1
outer loop
vertex 47.060307379214116 16.65797985667428 0
vertex 47.133974596215516 16.500000000000025 0
vertex 42.86602540378445 16.500000000000025 0
endloop
endfacet
facet normal 0 0 -1
outer loop
vertex 47.060307379214116 16.65797985667428 0
vertex 42.86602540378445 16.500000000000025 0
vertex 42.939692620785905 16.65797985667428 0
endloop
endfacet
facet normal 0 0 -1
outer loop
vertex 65.0603073792141 16.65797985667428 0
vertex 65.13397459621554 16.500000000000025 0
vertex 60.86602540378442 16.500000000000025 0
endloop
endfacet
facet normal 0 0 -1
outer loop
vertex 65.0603073792141 16.65797985667428 0
vertex 60.86602540378442 16.500000000000025 0
vertex 60.93969262078591 16.65797985667428 0
endloop
endfacet
facet normal 0 0 -1
outer loop
vertex 83 16.65797985667428 0
vertex 83 16.500000000000025 0
vertex 78.86602540378445 16.500000000000025 0
endloop
endfacet
facet normal 0 0 -1
outer loop
vertex 83 16.65797985667428 0
vertex 78.86602540378445 16.500000000000025 0
vertex 78.93969262078588 16.65797985667428 0
endloop
endfacet
facet normal 0 0 -1
outer loop
vertex 11.133974596215529 16.500000000000025 0
vertex 11.23395555688106 16.35721239031343 0
vertex 7 16.35721239031343 0
endloop
endfacet
facet normal 0 0 -1
outer loop
vertex 11.133974596215529 16.500000000000025 0
vertex 7 16.35721239031343 0
vertex 7 16.500000000000025 0
endloop
endfacet
facet normal 0 0 -1
outer loop
vertex 29.133974596215545 16.500000000000025 0
vertex 29.23395555688105 16.35721239031343 0
vertex 24.766044443118982 16.35721239031343 0
endloop
endfacet
facet normal 0 0 -1
outer loop
vertex 29.133974596215545 16.500000000000025 0
vertex 24.766044443118982 16.35721239031343 0
vertex 24.86602540378444 16.500000000000025 0
endloop
endfacet
facet normal 0 0 -1
outer loop
vertex 47.133974596215516 16.500000000000025 0
vertex 47.233955556881085 16.35721239031343 0
vertex 42.76604444311897 16.35721239031343 0
endloop
endfacet
facet normal 0 0 -1
outer loop
vertex 47.133974596215516 16.500000000000025 0
vertex 42.76604444311897 16.35721239031343 0
vertex 42.86602540378445 16.500000000000025 0
endloop
endfacet
facet normal 0 0 -1
outer loop
vertex 65.13397459621554 16.500000000000025 0
vertex 65.23395555688107 16.35721239031343 0
vertex 60.76604444311901 16.35721239031343 0
endloop
endfacet
facet normal 0 0 -1
outer loop
vertex 65.13397459621554 16.500000000000025 0
vertex 60.76604444311901 16.35721239031343 0
vertex 60.86602540378442 16.500000000000025 0
endloop
endfacet
facet normal 0 0 -1
outer loop
vertex 83 16.500000000000025 0
vertex 83 16.35721239031343 0
vertex 78.76604444311894 16.35721239031343 0
endloop
endfacet
facet normal 0 0 -1
outer loop
vertex 83 16.500000000000025 0
vertex 78.76604444311894 16.35721239031343 0
vertex 78.86602540378445 16.500000000000025 0
endloop
endfacet
facet normal 0 0 -1
outer loop
vertex 11.23395555688106 16.35721239031343 0
vertex 11.357212390313425 16.23395555688104 0
vertex 7 16.23395555688104 0
endloop
endfacet
facet normal 0 0 -1
outer loop
vertex 11.23395555688106 16.35721239031343 0
vertex 7 16.23395555688104 0
vertex 7 16.35721239031343 0
endloop
endfacet
facet normal 0 0 -1
outer loop
vertex 29.23395555688105 16.35721239031343 0
vertex 29.357212390313435 16.23395555688104 0
vertex 24.64278760968655 16.23395555688104 0
endloop
endfacet
facet normal 0 0 -1
outer loop
vertex 29.23395555688105 16.35721239031343 0
vertex 24.64278760968655 16.23395555688104 0
vertex 24.766044443118982 16.35721239031343 0
endloop
endfacet
facet normal 0 0 -1
outer loop
vertex 47.233955556881085 16.35721239031343 0
vertex 47.35721239031342 16.23395555688104 0
vertex 42.64278760968656 16.23395555688104 0
endloop
endfacet
facet normal 0 0 -1
outer loop
vertex 47.233955556881085 16.35721239031343 0
vertex 42.64278760968656 16.23395555688104 0
vertex 42.76604444311897 16.35721239031343 0
endloop
endfacet
facet normal 0 0 -1
outer loop
vertex 65.23395555688107 16.35721239031343 0
vertex 65.35721239031344 16.23395555688104 0
vertex 60.64278760968652 16.23395555688104 0
endloop
endfacet
facet normal 0 0 -1
outer loop
vertex 65.23395555688107 16.35721239031343 0
vertex 60.64278760968652 16.23395555688104 0
vertex 60.76604444311901 16.35721239031343 0
endloop
endfacet
facet normal 0 0 -1
outer loop
vertex 83 16.35721239031343 0
vertex 83 16.23395555688104 0
vertex 78.64278760968655 16.23395555688104 0
endloop
endfacet
facet normal 0 0 -1
outer loop
vertex 83 16.35721239031343 0
vertex 78.64278760968655 16.23395555688104 0
vertex 78.76604444311894 16.35721239031343 0
endloop
endfacet
facet normal 0 0 -1
outer loop
vertex 11.357212390313425 16.23395555688104 0
vertex 11.500000000000005 16.133974596215566 0
vertex 7 16.133974596215566 0
endloop
endfacet
facet normal 0 0 -1
outer loop
vertex 11.357212390313425 16.23395555688104 0
vertex 7 16.133974596215566 0
vertex 7 16.23395555688104 0
endloop
endfacet
facet normal 0 0 -1
outer loop
vertex 29.357212390313435 16.23395555688104 0
vertex 29.499999999999993 16.133974596215566 0
vertex 24.499999999999993 16.133974596215566 0
endloop
endfacet
facet normal 0 0 -1
outer loop
vertex 29.357212390313435 16.23395555688104 0
vertex 24.499999999999993 16.133974596215566 0
vertex 24.64278760968655 16.23395555688104 0
endloop
endfacet
facet normal 0 0 -1
outer loop
vertex 47.35721239031342 16.23395555688104 0
vertex 47.50000000000001 16.133974596215566 0
vertex 42.49999999999998 16.133974596215566 0
endloop
endfacet
facet normal 0 0 -1
outer loop
vertex 47.35721239031342 16.23395555688104 0
vertex 42.49999999999998 16.133974596215566 0
vertex 42.64278760968656 16.23395555688104 0
endloop
endfacet
facet normal 0 0 -1
outer loop
vertex 65.35721239031344 16.23395555688104 0
vertex 65.50000000000001 16.133974596215566 0
vertex 60.49999999999998 16.133974596215566 0
endloop
endfacet
facet normal 0 0 -1
outer loop
vertex 65.35721239031344 16.23395555688104 0
vertex 60.49999999999998 16.133974596215566 0
vertex 60.64278760968652 16.23395555688104 0
endloop
endfacet
facet normal 0 0 -1
outer loop
vertex 83 16.23395555688104 0
vertex 83 16.133974596215566 0
vertex 78.5 16.133974596215566 0
endloop
endfacet
facet normal 0 0 -1
outer loop
vertex 83 16.23395555688104 0
vertex 78.5 16.133974596215566 0
vertex 78.64278760968655 16.23395555688104 0
endloop
endfacet
facet normal 0 0 -1
outer loop
vertex 11.500000000000005 16.133974596215566 0
vertex 11.657979856674366 16.060307379214077 0
vertex 7 16.060307379214077 0
endloop
endfacet
facet normal 0 0 -1
outer loop
vertex 11.500000000000005 16.133974596215566 0
vertex 7 16.060307379214077 0
vertex 7 16.133974596215566 0
endloop
endfacet
facet normal 0 0 -1
outer loop
vertex 29.499999999999993 16.133974596215566 0
vertex 29.657979856674363 16.060307379214077 0
vertex 24.342020143325676 16.060307379214077 0
endloop
endfacet
facet normal 0 0 -1
outer loop
vertex 29.499999999999993 16.133974596215566 0
vertex 24.342020143325676 16.060307379214077 0
vertex 24.499999999999993 16.133974596215566 0
endloop
endfacet
facet normal 0 0 -1
outer loop
vertex 47.50000000000001 16.133974596215566 0
vertex 47.65797985667435 16.060307379214077 0
vertex 42.34202014332568 16.060307379214077 0
endloop
endfacet
facet normal 0 0 -1
outer loop
vertex 47.50000000000001 16.133974596215566 0
vertex 42.34202014332568 16.060307379214077 0
vertex 42.49999999999998 16.133974596215566 0
endloop
endfacet
facet normal 0 0 -1
outer loop
vertex 65.50000000000001 16.133974596215566 0
vertex 65.65797985667437 16.060307379214077 0
vertex 60.342020143325655 16.060307379214077 0
endloop
endfacet
facet normal 0 0 -1
outer loop
vertex 65.50000000000001 16.133974596215566 0
vertex 60.342020143325655 16.060307379214077 0
vertex 60.49999999999998 16.133974596215566 0
endloop
endfacet
facet normal 0 0 -1
outer loop
vertex 83 16.133974596215566 0
vertex 83 16.060307379214077 0
vertex 78.34202014332563 16.060307379214077 0
endloop
endfacet
facet normal 0 0 -1
outer loop
vertex 83 16.133974596215566 0
vertex 78.34202014332563 16.060307379214077 0
vertex 78.5 16.133974596215566 0
endloop
endfacet
facet normal 0 0 -1
outer loop
vertex 11.657979856674366 16.060307379214077 0
vertex 11.826351822333056 16.01519224698779 0
vertex 7 16.01519224698779 0
endloop
endfacet
facet normal 0 0 -1
outer loop
vertex 11.657979856674366 16.060307379214077 0
vertex 7 16.01519224698779 0
vertex 7 16.060307379214077 0
endloop
endfacet
facet normal 0 0 -1
outer loop
vertex 29.657979856674363 16.060307379214077 0
vertex 29.826351822333056 16.01519224698779 0
vertex 24.173648177666937 16.01519224698779 0
endloop
endfacet
facet normal 0 0 -1
outer loop
vertex 29.657979856674363 16.060307379214077 0
vertex 24.173648177666937 16.01519224698779 0
vertex 24.342020143325676 16.060307379214077 0
endloop
endfacet
facet normal 0 0 -1
outer loop
vertex 47.65797985667435 16.060307379214077 0
vertex 47.826351822333045 16.01519224698779 0
vertex 42.17364817766693 16.01519224698779 0
endloop
endfacet
facet normal 0 0 -1
outer loop
vertex 47.65797985667435 16.060307379214077 0
vertex 42.17364817766693 16.01519224698779 0
vertex 42.34202014332568 16.060307379214077 0
endloop
endfacet
facet normal 0 0 -1
outer loop
vertex 65.65797985667437 16.060307379214077 0
vertex 65.82635182233305 16.01519224698779 0
vertex 60.17364817766692 16.01519224698779 0
endloop
endfacet
facet normal 0 0 -1
outer loop
vertex 65.65797985667437 16.060307379214077 0
vertex 60.17364817766692 16.01519224698779 0
vertex 60.342020143325655 16.060307379214077 0
endloop
endfacet
facet normal 0 0 -1
outer loop
vertex 83 16.060307379214077 0
vertex 83 16.01519224698779 0
vertex 78.17364817766693 16.01519224698779 0
endloop
endfacet
facet normal 0 0 -1
outer loop
vertex 83 16.060307379214077 0
vertex 78.17364817766693 16.01519224698779 0
vertex 78.34202014332563 16.060307379214077 0
endloop
endfacet
facet normal 0 0 -1
outer loop
vertex 11.826351822333056 16.01519224698779 0
vertex 12.000000000000014 16 0
vertex 7 16 0
endloop
endfacet
facet normal 0 0 -1
outer loop
vertex 11.826351822333056 16.01519224698779 0
vertex 7 16 0
vertex 7 16.01519224698779 0
endloop
endfacet
facet normal 0 0 -1
outer loop
vertex 29.826351822333056 16.01519224698779 0
vertex 30.000000000000007 16 0
vertex 23.999999999999982 16 0
endloop
endfacet
facet normal 0 0 -1
outer loop
vertex 29.826351822333056 16.01519224698779 0
vertex 23.999999999999982 16 0
vertex 24.173648177666937 16.01519224698779 0
endloop
endfacet
facet normal 0 0 -1
outer loop
vertex 47.826351822333045 16.01519224698779 0
vertex 47.99999999999999 16 0
vertex 42 16 0
endloop
endfacet
facet normal 0 0 -1
outer loop
vertex 47.826351822333045 16.01519224698779 0
vertex 42 16 0
vertex 42.17364817766693 16.01519224698779 0
endloop
endfacet
facet normal 0 0 -1
outer loop
vertex 65.82635182233305 16.01519224698779 0
vertex 66 16 0
vertex 60.00000000000002 16 0
endloop
endfacet
facet normal 0 0 -1
outer loop
vertex 65.82635182233305 16.01519224698779 0
vertex 60.00000000000002 16 0
vertex 60.17364817766692 16.01519224698779 0
endloop
endfacet
facet normal 0 0 -1
outer loop
vertex 83 16.01519224698779 0
vertex 83 16 0
vertex 78 16 0
endloop
endfacet
facet normal 0 0 -1
outer loop
vertex 83 16.01519224698779 0
vertex 78 16 0
vertex 78.17364817766693 16.01519224698779 0
endloop
endfacet
facet normal 0 0 -1
outer loop
vertex 12.000000000000014 16 0
vertex 23.999999999999982 16 0
vertex 30.000000000000007 16 0
endloop
endfacet
facet normal 0 0 -1
outer loop
vertex 12.000000000000014 16 0
vertex 30.000000000000007 16 0
vertex 42 16 0
endloop
endfacet
facet normal 0 0 -1
outer loop
vertex 12.000000000000014 16 0
vertex 42 16 0
vertex 47.99999999999999 16 0
endloop
endfacet
facet normal 0 0 -1
outer loop
vertex 12.000000000000014 16 0
vertex 47.99999999999999 16 0
vertex 60.00000000000002 16 0
endloop
endfacet
facet normal 0 0 -1
outer loop
vertex 12.000000000000014 16 0
vertex 60.00000000000002 16 0
vertex 66 16 0
endloop
endfacet
facet normal 0 0 -1
outer loop
vertex 12.000000000000014 16 0
vertex 66 16 0
vertex 78 16 0
endloop
endfacet
facet normal 0 0 -1
outer loop
vertex 12.000000000000014 16 0
vertex 78 16 0
vertex 83 16 0
endloop
endfacet
facet normal 0 0 -1
outer loop
vertex 12.000000000000014 16 0
vertex 83 16 0
vertex 83 13 0
endloop
endfacet
facet normal 0 0 -1
outer loop
vertex 12.000000000000014 16 0
vertex 83 13 0
vertex 77.99999999999999 13 0
endloop
endfacet
facet normal 0 0 -1
outer loop
vertex 12.000000000000014 16 0
vertex 77.99999999999999 13 0
vertex 66 13 0
endloop
endfacet
facet normal 0 0 -1
outer loop
vertex 12.000000000000014 16 0
vertex 66 13 0
vertex 59.99999999999999 13 0
endloop
endfacet
facet normal 0 0 -1
outer loop
vertex 12.000000000000014 16 0
vertex 59.99999999999999 13 0
vertex 47.99999999999999 13 0
endloop
endfacet
facet normal 0 0 -1
outer loop
vertex 12.000000000000014 16 0
vertex 47.99999999999999 13 0
vertex 41.99999999999999 13 0
endloop
endfacet
facet normal 0 0 -1
outer loop
vertex 12.000000000000014 16 0
vertex 41.99999999999999 13 0
vertex 30.000000000000018 13 0
endloop
endfacet
facet normal 0 0 -1
outer loop
vertex 12.000000000000014 16 0
vertex 30.000000000000018 13 0
vertex 24.00000000000002 13 0
endloop
endfacet
facet normal 0 0 -1
outer loop
vertex 12.000000000000014 16 0
vertex 24.00000000000002 13 0
vertex 12.000000000000014 13 0
endloop
endfacet
facet normal 0 0 -1
outer loop
vertex 12.000000000000014 16 0
vertex 12.000000000000014 13 0
vertex 7 13 0
endloop
endfacet
facet normal 0 0 -1
outer loop
vertex 12.000000000000014 16 0
vertex 7 13 0
vertex 7 16 0
endloop
endfacet
facet normal 0 0 -1
outer loop
vertex 12.000000000000014 13 0
vertex 11.826351822333104 12.984807753012209 0
vertex 7 12.984807753012209 0
endloop
endfacet
facet normal 0 0 -1
outer loop
vertex 12.000000000000014 13 0
vertex 7 12.984807753012209 0
vertex 7 13 0
endloop
endfacet
facet normal 0 0 -1
outer loop
vertex 30.000000000000018 13 0
vertex 29.82635182233311 12.984807753012209 0
vertex 24.17364817766693 12.984807753012209 0
endloop
endfacet
facet normal 0 0 -1
outer loop
vertex 30.000000000000018 13 0
vertex 24.17364817766693 12.984807753012209 0
vertex 24.00000000000002 13 0
endloop
endfacet
facet normal 0 0 -1
outer loop
vertex 47.99999999999999 13 0
vertex 47.82635182233308 12.984807753012209 0
vertex 42.17364817766695 12.984807753012209 0
endloop
endfacet
facet normal 0 0 -1
outer loop
vertex 47.99999999999999 13 0
vertex 42.17364817766695 12.984807753012209 0
vertex 41.99999999999999 13 0
endloop
endfacet
facet normal 0 0 -1
outer loop
vertex 66 13 0
vertex 65.82635182233308 12.984807753012209 0
vertex 60.17364817766694 12.984807753012209 0
endloop
endfacet
facet normal 0 0 -1
outer loop
vertex 66 13 0
vertex 60.17364817766694 12.984807753012209 0
vertex 59.99999999999999 13 0
endloop
endfacet
facet normal 0 0 -1
outer loop
vertex 83 13 0
vertex 83 12.984807753012209 0
vertex 78.17364817766692 12.984807753012209 0
endloop
endfacet
facet normal 0 0 -1
outer loop
vertex 83 13 0
vertex 78.17364817766692 12.984807753012209 0
vertex 77.99999999999999 13 0
endloop
endfacet
facet normal 0 0 -1
outer loop
vertex 11.826351822333104 12.984807753012209 0
vertex 11.657979856674308 12.939692620785907 0
vertex 7 12.939692620785907 0
endloop
endfacet
facet normal 0 0 -1
outer loop
vertex 11.826351822333104 12.984807753012209 0
vertex 7 12.939692620785907 0
vertex 7 12.984807753012209 0
endloop
endfacet
facet normal 0 0 -1
outer loop
vertex 29.82635182233311 12.984807753012209 0
vertex 29.65797985667431 12.939692620785907 0
vertex 24.342020143325662 12.939692620785907 0
endloop
endfacet
facet normal 0 0 -1
outer loop
vertex 29.82635182233311 12.984807753012209 0
vertex 24.342020143325662 12.939692620785907 0
vertex 24.17364817766693 12.984807753012209 0
endloop
endfacet
facet normal 0 0 -1
outer loop
vertex 47.82635182233308 12.984807753012209 0
vertex 47.657979856674324 12.939692620785907 0
vertex 42.34202014332565 12.939692620785907 0
endloop
endfacet
facet normal 0 0 -1
outer loop
vertex 47.82635182233308 12.984807753012209 0
vertex 42.34202014332565 12.939692620785907 0
vertex 42.17364817766695 12.984807753012209 0
endloop
endfacet
facet normal 0 0 -1
outer loop
vertex 65.82635182233308 12.984807753012209 0
vertex 65.65797985667432 12.939692620785907 0
vertex 60.34202014332565 12.939692620785907 0
endloop
endfacet
facet normal 0 0 -1
outer loop
vertex 65.82635182233308 12.984807753012209 0
vertex 60.34202014332565 12.939692620785907 0
vertex 60.17364817766694 12.984807753012209 0
endloop
endfacet
facet normal 0 0 -1
outer loop
vertex 83 12.984807753012209 0
vertex 83 12.939692620785907 0
vertex 78.34202014332567 12.939692620785907 0
endloop
endfacet
facet normal 0 0 -1
outer loop
vertex 83 12.984807753012209 0
vertex 78.34202014332567 12.939692620785907 0
vertex 78.17364817766692 12.984807753012209 0
endloop
endfacet
facet normal 0 0 -1
outer loop
vertex 11.657979856674308 12.939692620785907 0
vertex 11.500000000000037 12.866025403784452 0
vertex 7 12.866025403784452 0
endloop
endfacet
facet normal 0 0 -1
outer loop
vertex 11.657979856674308 12.939692620785907 0
vertex 7 12.866025403784452 0
vertex 7 12.939692620785907 0
endloop
endfacet
facet normal 0 0 -1
outer loop
vertex 29.65797985667431 12.939692620785907 0
vertex 29.50000000000002 12.866025403784452 0
vertex 24.499999999999996 12.866025403784452 0
endloop
endfacet
facet normal 0 0 -1
outer loop
vertex 29.65797985667431 12.939692620785907 0
vertex 24.499999999999996 12.866025403784452 0
vertex 24.342020143325662 12.939692620785907 0
endloop
endfacet
facet normal 0 0 -1
outer loop
vertex 47.657979856674324 12.939692620785907 0
vertex 47.50000000000002 12.866025403784452 0
vertex 42.49999999999997 12.866025403784452 0
endloop
endfacet
facet normal 0 0 -1
outer loop
vertex 47.657979856674324 12.939692620785907 0
vertex 42.49999999999997 12.866025403784452 0
vertex 42.34202014332565 12.939692620785907 0
endloop
endfacet
facet normal 0 0 -1
outer loop
vertex 65.65797985667432 12.939692620785907 0
vertex 65.50000000000004 12.866025403784452 0
vertex 60.500000000000014 12.866025403784452 0
endloop
endfacet
facet normal 0 0 -1
outer loop
vertex 65.65797985667432 12.939692620785907 0
vertex 60.500000000000014 12.866025403784452 0
vertex 60.34202014332565 12.939692620785907 0
endloop
endfacet
facet normal 0 0 -1
outer loop
vertex 83 12.939692620785907 0
vertex 83 12.866025403784452 0
vertex 78.49999999999999 12.866025403784452 0
endloop
endfacet
facet normal 0 0 -1
outer loop
vertex 83 12.939692620785907 0
vertex 78.49999999999999 12.866025403784452 0
vertex 78.34202014332567 12.939692620785907 0
endloop
endfacet
facet normal 0 0 -1
outer loop
vertex 11.500000000000037 12.866025403784452 0
vertex 11.357212390313473 12.766044443118995 0
vertex 7 12.766044443118995 0
endloop
endfacet
facet normal 0 0 -1
outer loop
vertex 11.500000000000037 12.866025403784452 0
vertex 7 12.766044443118995 0
vertex 7 12.866025403784452 0
endloop
endfacet
facet normal 0 0 -1
outer loop
vertex 29.50000000000002 12.866025403784452 0
vertex 29.357212390313478 12.766044443118995 0
vertex 24.642787609686533 12.766044443118995 0
endloop
endfacet
facet normal 0 0 -1
outer loop
vertex 29.50000000000002 12.866025403784452 0
vertex 24.642787609686533 12.766044443118995 0
vertex 24.499999999999996 12.866025403784452 0
endloop
endfacet
facet normal 0 0 -1
outer loop
vertex 47.50000000000002 12.866025403784452 0
vertex 47.35721239031348 12.766044443118995 0
vertex 42.64278760968655 12.766044443118995 0
endloop
endfacet
facet normal 0 0 -1
outer loop
vertex 47.50000000000002 12.866025403784452 0
vertex 42.64278760968655 12.766044443118995 0
vertex 42.49999999999997 12.866025403784452 0
endloop
endfacet
facet normal 0 0 -1
outer loop
vertex 65.50000000000004 12.866025403784452 0
vertex 65.35721239031342 12.766044443118995 0
vertex 60.642787609686586 12.766044443118995 0
endloop
endfacet
facet normal 0 0 -1
outer loop
vertex 65.50000000000004 12.866025403784452 0
vertex 60.642787609686586 12.766044443118995 0
vertex 60.500000000000014 12.866025403784452 0
endloop
endfacet
facet normal 0 0 -1
outer loop
vertex 83 12.866025403784452 0
vertex 83 12.766044443118995 0
vertex 78.64278760968652 12.766044443118995 0
endloop
endfacet
facet normal 0 0 -1
outer loop
vertex 83 12.866025403784452 0
vertex 78.64278760968652 12.766044443118995 0
vertex 78.49999999999999 12.866025403784452 0
endloop
endfacet
facet normal 0 0 -1
outer loop
vertex 11.357212390313473 12.766044443118995 0
vertex 11.233955556881057 12.642787609686588 0
vertex 7 12.642787609686588 0
endloop
endfacet
facet normal 0 0 -1
outer loop
vertex 11.357212390313473 12.766044443118995 0
vertex 7 12.642787609686588 0
vertex 7 12.766044443118995 0
endloop
endfacet
facet normal 0 0 -1
outer loop
vertex 29.357212390313478 12.766044443118995 0
vertex 29.233955556881043 12.642787609686588 0
vertex 24.766044443118993 12.642787609686588 0
endloop
endfacet
facet normal 0 0 -1
outer loop
vertex 29.357212390313478 12.766044443118995 0
vertex 24.766044443118993 12.642787609686588 0
vertex 24.642787609686533 12.766044443118995 0
endloop
endfacet
facet normal 0 0 -1
outer loop
vertex 47.35721239031348 12.766044443118995 0
vertex 47.23395555688105 12.642787609686588 0
vertex 42.766044443118965 12.642787609686588 0
endloop
endfacet
facet normal 0 0 -1
outer loop
vertex 47.35721239031348 12.766044443118995 0
vertex 42.766044443118965 12.642787609686588 0
vertex 42.64278760968655 12.766044443118995 0
endloop
endfacet
facet normal 0 0 -1
outer loop
vertex 65.35721239031342 12.766044443118995 0
vertex 65.23395555688106 12.642787609686588 0
vertex 60.76604444311895 12.642787609686588 0
endloop
endfacet
facet normal 0 0 -1
outer loop
vertex 65.35721239031342 12.766044443118995 0
vertex 60.76604444311895 12.642787609686588 0
vertex 60.642787609686586 12.766044443118995 0
endloop
endfacet
facet normal 0 0 -1
outer loop
vertex 83 12.766044443118995 0
vertex 83 12.642787609686588 0
vertex 78.76604444311893 12.642787609686588 0
endloop
endfacet
facet normal 0 0 -1
outer loop
vertex 83 12.766044443118995 0
vertex 78.76604444311893 12.642787609686588 0
vertex 78.64278760968652 12.766044443118995 0
endloop
endfacet
facet normal 0 0 -1
outer loop
vertex 11.233955556881057 12.642787609686588 0
vertex 11.1339745962155 12.49999999999997 0
vertex 7 12.49999999999997 0
endloop
endfacet
facet normal 0 0 -1
outer loop
vertex 11.233955556881057 12.642787609686588 0
vertex 7 12.49999999999997 0
vertex 7 12.642787609686588 0
endloop
endfacet
facet normal 0 0 -1
outer loop
vertex 29.233955556881043 12.642787609686588 0
vertex 29.133974596215513 12.49999999999997 0
vertex 24.86602540378443 12.49999999999997 0
endloop
endfacet
facet normal 0 0 -1
outer loop
vertex 29.233955556881043 12.642787609686588 0
vertex 24.86602540378443 12.49999999999997 0
vertex 24.766044443118993 12.642787609686588 0
endloop
endfacet
facet normal 0 0 -1
outer loop
vertex 47.23395555688105 12.642787609686588 0
vertex 47.1339745962155 12.49999999999997 0
vertex 42.86602540378444 12.49999999999997 0
endloop
endfacet
facet normal 0 0 -1
outer loop
vertex 47.23395555688105 12.642787609686588 0
vertex 42.86602540378444 12.49999999999997 0
vertex 42.766044443118965 12.642787609686588 0
endloop
endfacet
facet normal 0 0 -1
outer loop
vertex 65.23395555688106 12.642787609686588 0
vertex 65.13397459621552 12.49999999999997 0
vertex 60.86602540378442 12.49999999999997 0
endloop
endfacet
facet normal 0 0 -1
outer loop
vertex 65.23395555688106 12.642787609686588 0
vertex 60.86602540378442 12.49999999999997 0
vertex 60.76604444311895 12.642787609686588 0
endloop
endfacet
facet normal 0 0 -1
outer loop
vertex 83 12.642787609686588 0
vertex 83 12.49999999999997 0
vertex 78.86602540378445 12.49999999999997 0
endloop
endfacet
facet normal 0 0 -1
outer loop
vertex 83 12.642787609686588 0
vertex 78.86602540378445 12.49999999999997 0
vertex 78.76604444311893 12.642787609686588 0
endloop
endfacet
facet normal 0 0 -1
outer loop
vertex 11.1339745962155 12.49999999999997 0
vertex 11.060307379214128 12.342020143325724 0
vertex 7 12.342020143325724 0
endloop
endfacet
facet normal 0 0 -1
outer loop
vertex 11.1339745962155 12.49999999999997 0
vertex 7 12.342020143325724 0
vertex 7 12.49999999999997 0
endloop
endfacet
facet normal 0 0 -1
outer loop
vertex 29.133974596215513 12.49999999999997 0
vertex 29.060307379214116 12.342020143325724 0
vertex 24.939692620785905 12.342020143325724 0
endloop
endfacet
facet normal 0 0 -1
outer loop
vertex 29.133974596215513 12.49999999999997 0
vertex 24.939692620785905 12.342020143325724 0
vertex 24.86602540378443 12.49999999999997 0
endloop
endfacet
facet normal 0 0 -1
outer loop
vertex 47.1339745962155 12.49999999999997 0
vertex 47.060307379214144 12.342020143325724 0
vertex 42.93969262078593 12.342020143325724 0
endloop
endfacet
facet normal 0 0 -1
outer loop
vertex 47.1339745962155 12.49999999999997 0
vertex 42.93969262078593 12.342020143325724 0
vertex 42.86602540378444 12.49999999999997 0
endloop
endfacet
facet normal 0 0 -1
outer loop
vertex 65.13397459621552 12.49999999999997 0
vertex 65.06030737921414 12.342020143325724 0
vertex 60.939692620785905 12.342020143325724 0
endloop
endfacet
facet normal 0 0 -1
outer loop
vertex 65.13397459621552 12.49999999999997 0
vertex 60.939692620785905 12.342020143325724 0
vertex 60.86602540378442 12.49999999999997 0
endloop
endfacet
facet normal 0 0 -1
outer loop
vertex 83 12.49999999999997 0
vertex 83 12.342020143325724 0
vertex 78.93969262078588 12.342020143325724 0
endloop
endfacet
facet normal 0 0 -1
outer loop
vertex 83 12.49999999999997 0
vertex 78.93969262078588 12.342020143325724 0
vertex 78.86602540378445 12.49999999999997 0
endloop
endfacet
facet normal 0 0 -1
outer loop
vertex 11.060307379214128 12.342020143325724 0
vertex 11.015192246987791 12.173648177666964 0
vertex 7 12.173648177666964 0
endloop
endfacet
facet normal 0 0 -1
outer loop
vertex 11.060307379214128 12.342020143325724 0
vertex 7 12.173648177666964 0
vertex 7 12.342020143325724 0
endloop
endfacet
facet normal 0 0 -1
outer loop
vertex 29.060307379214116 12.342020143325724 0
vertex 29.015192246987795 12.173648177666964 0
vertex 24.984807753012213 12.173648177666964 0
endloop
endfacet
facet normal 0 0 -1
outer loop
vertex 29.060307379214116 12.342020143325724 0
vertex 24.984807753012213 12.173648177666964 0
vertex 24.939692620785905 12.342020143325724 0
endloop
endfacet
facet normal 0 0 -1
outer loop
vertex 47.060307379214144 12.342020143325724 0
vertex 47.015192246987795 12.173648177666964 0
vertex 42.9848077530122 12.173648177666964 0
endloop
endfacet
facet normal 0 0 -1
outer loop
vertex 47.060307379214144 12.342020143325724 0
vertex 42.9848077530122 12.173648177666964 0
vertex 42.93969262078593 12.342020143325724 0
endloop
endfacet
facet normal 0 0 -1
outer loop
vertex 65.06030737921414 12.342020143325724 0
vertex 65.0151922469878 12.173648177666964 0
vertex 60.98480775301221 12.173648177666964 0
endloop
endfacet
facet normal 0 0 -1
outer loop
vertex 65.06030737921414 12.342020143325724 0
vertex 60.98480775301221 12.173648177666964 0
vertex 60.939692620785905 12.342020143325724 0
endloop
endfacet
facet normal 0 0 -1
outer loop
vertex 83 12.342020143325724 0
vertex 83 12.173648177666964 0
vertex 78.98480775301219 12.173648177666964 0
endloop
endfacet
facet normal 0 0 -1
outer loop
vertex 83 12.342020143325724 0
vertex 78.98480775301219 12.173648177666964 0
vertex 78.93969262078588 12.342020143325724 0
endloop
endfacet
facet normal 0 0 -1
outer loop
vertex 11.015192246987791 12.173648177666964 0
vertex 10.999999999999993 11.999999999999936 0
vertex 7 11.999999999999936 0
endloop
endfacet
facet normal 0 0 -1
outer loop
vertex 11.015192246987791 12.173648177666964 0
vertex 7 11.999999999999936 0
vertex 7 12.173648177666964 0
endloop
endfacet
facet normal 0 0 -1
outer loop
vertex 29.015192246987795 12.173648177666964 0
vertex 28.999999999999993 11.999999999999936 0
vertex 25 11.999999999999936 0
endloop
endfacet
facet normal 0 0 -1
outer loop
vertex 29.015192246987795 12.173648177666964 0
vertex 25 11.999999999999936 0
vertex 24.984807753012213 12.173648177666964 0
endloop
endfacet
facet normal 0 0 -1
outer loop
vertex 47.015192246987795 12.173648177666964 0
vertex 46.99999999999999 11.999999999999936 0
vertex 43 11.999999999999936 0
endloop
endfacet
facet normal 0 0 -1
outer loop
vertex 47.015192246987795 12.173648177666964 0
vertex 43 11.999999999999936 0
vertex 42.9848077530122 12.173648177666964 0
endloop
endfacet
facet normal 0 0 -1
outer loop
vertex 65.0151922469878 12.173648177666964 0
vertex 64.99999999999999 11.999999999999936 0
vertex 61 11.999999999999936 0
endloop
endfacet
facet normal 0 0 -1
outer loop
vertex 65.0151922469878 12.173648177666964 0
vertex 61 11.999999999999936 0
vertex 60.98480775301221 12.173648177666964 0
endloop
endfacet
facet normal 0 0 -1
outer loop
vertex 83 12.173648177666964 0
vertex 83 11.999999999999936 0
vertex 79 11.999999999999936 0
endloop
endfacet
facet normal 0 0 -1
outer loop
vertex 83 12.173648177666964 0
vertex 79 11.999999999999936 0
vertex 78.98480775301219 12.173648177666964 0
endloop
endfacet
facet normal 0 0 -1
outer loop
vertex -7 23 0
vertex -7 10.999999999999998 0
vertex -12.5 10.999999999999998 0
endloop
endfacet
facet normal 0 0 -1
outer loop
vertex -7 23 0
vertex -12.5 10.999999999999998 0
vertex -12.5 23 0
endloop
endfacet
facet normal 0 0 -1
outer loop
vertex 10.999999999999993 11.999999999999936 0
vertex 11 10.999999999999998 0
vertex 7 10.999999999999998 0
endloop
endfacet
facet normal 0 0 -1
outer loop
vertex 10.999999999999993 11.999999999999936 0
vertex 7 10.999999999999998 0
vertex 7 11.999999999999936 0
endloop
endfacet
facet normal 0 0 -1
outer loop
vertex -7 10.999999999999998 0
vertex -6.984807753012208 10.82635182233307 0
vertex -12.5 10.82635182233307 0
endloop
endfacet
facet normal 0 0 -1
outer loop
vertex -7 10.999999999999998 0
vertex -12.5 10.82635182233307 0
vertex -12.5 10.999999999999998 0
endloop
endfacet
facet normal 0 0 -1
outer loop
vertex 11 10.999999999999998 0
vertex 11 10.82635182233307 0
vertex 6.9848077530122055 10.82635182233307 0
endloop
endfacet
facet normal 0 0 -1
outer loop
vertex 11 10.999999999999998 0
vertex 6.9848077530122055 10.82635182233307 0
vertex 7 10.999999999999998 0
endloop
endfacet
facet normal 0 0 -1
outer loop
vertex -6.984807753012208 10.82635182233307 0
vertex -6.939692620785906 10.65797985667433 0
vertex -12.5 10.65797985667433 0
endloop
endfacet
facet normal 0 0 -1
outer loop
vertex -6.984807753012208 10.82635182233307 0
vertex -12.5 10.65797985667433 0
vertex -12.5 10.82635182233307 0
endloop
endfacet
facet normal 0 0 -1
outer loop
vertex 11 10.82635182233307 0
vertex 11 10.65797985667433 0
vertex 6.939692620785905 10.65797985667433 0
endloop
endfacet
facet normal 0 0 -1
outer loop
vertex 11 10.82635182233307 0
vertex 6.939692620785905 10.65797985667433 0
vertex 6.9848077530122055 10.82635182233307 0
endloop
endfacet
facet normal 0 0 -1
outer loop
vertex -6.939692620785906 10.65797985667433 0
vertex -6.866025403784438 10.500000000000002 0
vertex -12.5 10.500000000000002 0
endloop
endfacet
facet normal 0 0 -1
outer loop
vertex -6.939692620785906 10.65797985667433 0
vertex -12.5 10.500000000000002 0
vertex -12.5 10.65797985667433 0
endloop
endfacet
facet normal 0 0 -1
outer loop
vertex 11 10.65797985667433 0
vertex 11 10.500000000000002 0
vertex 6.866025403784441 10.500000000000002 0
endloop
endfacet
facet normal 0 0 -1
outer loop
vertex 11 10.65797985667433 0
vertex 6.866025403784441 10.500000000000002 0
vertex 6.939692620785905 10.65797985667433 0
endloop
endfacet
facet normal 0 0 -1
outer loop
vertex -6.866025403784438 10.500000000000002 0
vertex -6.76604444311898 10.35721239031346 0
vertex -12.5 10.35721239031346 0
endloop
endfacet
facet normal 0 0 -1
outer loop
vertex -6.866025403784438 10.500000000000002 0
vertex -12.5 10.35721239031346 0
vertex -12.5 10.500000000000002 0
endloop
endfacet
facet normal 0 0 -1
outer loop
vertex 11 10.500000000000002 0
vertex 11 10.35721239031346 0
vertex 6.766044443118979 10.35721239031346 0
endloop
endfacet
facet normal 0 0 -1
outer loop
vertex 11 10.500000000000002 0
vertex 6.766044443118979 10.35721239031346 0
vertex 6.866025403784441 10.500000000000002 0
endloop
endfacet
facet normal 0 0 -1
outer loop
vertex -6.76604444311898 10.35721239031346 0
vertex -6.642787609686526 10.233955556881007 0
vertex -12.5 10.233955556881007 0
endloop
endfacet
facet normal 0 0 -1
outer loop
vertex -6.76604444311898 10.35721239031346 0
vertex -12.5 10.233955556881007 0
vertex -12.5 10.35721239031346 0
endloop
endfacet
facet normal 0 0 -1
outer loop
vertex 11 10.35721239031346 0
vertex 11 10.233955556881007 0
vertex 6.642787609686522 10.233955556881007 0
endloop
endfacet
facet normal 0 0 -1
outer loop
vertex 11 10.35721239031346 0
vertex 6.642787609686522 10.233955556881007 0
vertex 6.766044443118979 10.35721239031346 0
endloop
endfacet
facet normal 0 0 -1
outer loop
vertex -6.642787609686526 10.233955556881007 0
vertex -6.5 10.133974596215552 0
vertex -12.5 10.133974596215552 0
endloop
endfacet
facet normal 0 0 -1
outer loop
vertex -6.642787609686526 10.233955556881007 0
vertex -12.5 10.133974596215552 0
vertex -12.5 10.233955556881007 0
endloop
endfacet
facet normal 0 0 -1
outer loop
vertex 11 10.233955556881007 0
vertex 11 10.133974596215552 0
vertex 6.499999999999986 10.133974596215552 0
endloop
endfacet
facet normal 0 0 -1
outer loop
vertex 11 10.233955556881007 0
vertex 6.499999999999986 10.133974596215552 0
vertex 6.642787609686522 10.233955556881007 0
endloop
endfacet
facet normal 0 0 -1
outer loop
vertex -6.5 10.133974596215552 0
vertex -6.342020143325685 10.060307379214095 0
vertex -12.5 10.060307379214095 0
endloop
endfacet
facet normal 0 0 -1
outer loop
vertex -6.5 10.133974596215552 0
vertex -12.5 10.060307379214095 0
vertex -12.5 10.133974596215552 0
endloop
endfacet
facet normal 0 0 -1
outer loop
vertex 11 10.133974596215552 0
vertex 11 10.060307379214095 0
vertex 6.342020143325676 10.060307379214095 0
endloop
endfacet
facet normal 0 0 -1
outer loop
vertex 11 10.133974596215552 0
vertex 6.342020143325676 10.060307379214095 0
vertex 6.499999999999986 10.133974596215552 0
endloop
endfacet
facet normal 0 0 -1
outer loop
vertex -6.342020143325685 10.060307379214095 0
vertex -6.173648177666934 10.015192246987795 0
vertex -12.5 10.015192246987795 0
endloop
endfacet
facet normal 0 0 -1
outer loop
vertex -6.342020143325685 10.060307379214095 0
vertex -12.5 10.015192246987795 0
vertex -12.5 10.060307379214095 0
endloop
endfacet
facet normal 0 0 -1
outer loop
vertex 11 10.060307379214095 0
vertex 11 10.015192246987795 0
vertex 6.173648177666934 10.015192246987795 0
endloop
endfacet
facet normal 0 0 -1
outer loop
vertex 11 10.060307379214095 0
vertex 6.173648177666934 10.015192246987795 0
vertex 6.342020143325676 10.060307379214095 0
endloop
endfacet
facet normal 0 0 -1
outer loop
vertex -6.173648177666934 10.015192246987795 0
vertex -6 10 0
vertex -12.5 10 0
endloop
endfacet
facet normal 0 0 -1
outer loop
vertex -6.173648177666934 10.015192246987795 0
vertex -12.5 10 0
vertex -12.5 10.015192246987795 0
endloop
endfacet
facet normal 0 0 -1
outer loop
vertex 11 10.015192246987795 0
vertex 11 10 0
vertex 5.999999999999993 10 0
endloop
endfacet
facet normal 0 0 -1
outer loop
vertex 11 10.015192246987795 0
vertex 5.999999999999993 10 0
vertex 6.173648177666934 10.015192246987795 0
endloop
endfacet
facet normal 0 0 -1
outer loop
vertex -6 10 0
vertex 5.999999999999993 10 0
vertex 11 10 0
endloop
endfacet
facet normal 0 0 -1
outer loop
vertex -6 10 0
vertex 11 10 0
vertex 11 7 0
endloop
endfacet
facet normal 0 0 -1
outer loop
vertex -6 10 0
vertex 11 7 0
vertex 6.0000000000000036 7 0
endloop
endfacet
facet normal 0 0 -1
outer loop
vertex -6 10 0
vertex 6.0000000000000036 7 0
vertex -5.999999999999993 7 0
endloop
endfacet
facet normal 0 0 -1
outer loop
vertex -6 10 0
vertex -5.999999999999993 7 0
vertex -12.5 7 0
endloop
endfacet
facet normal 0 0 -1
outer loop
vertex -6 10 0
vertex -12.5 7 0
vertex -12.5 10 0
endloop
endfacet
facet normal 0 0 -1
outer loop
vertex -5.999999999999993 7 0
vertex -6.173648177666923 6.984807753012208 0
vertex -12.5 6.984807753012208 0
endloop
endfacet
facet normal 0 0 -1
outer loop
vertex -5.999999999999993 7 0
vertex -12.5 6.984807753012208 0
vertex -12.5 7 0
endloop
endfacet
facet normal 0 0 -1
outer loop
vertex 11 7 0
vertex 11 6.984807753012208 0
vertex 6.173648177666934 6.984807753012208 0
endloop
endfacet
facet normal 0 0 -1
outer loop
vertex 11 7 0
vertex 6.173648177666934 6.984807753012208 0
vertex 6.0000000000000036 7 0
endloop
endfacet
facet normal 0 0 -1
outer loop
vertex -6.173648177666923 6.984807753012208 0
vertex -6.342020143325668 6.939692620785908 0
vertex -12.5 6.939692620785908 0
endloop
endfacet
facet normal 0 0 -1
outer loop
vertex -6.173648177666923 6.984807753012208 0
vertex -12.5 6.939692620785908 0
vertex -12.5 6.984807753012208 0
endloop
endfacet
facet normal 0 0 -1
outer loop
vertex 11 6.984807753012208 0
vertex 11 6.939692620785908 0
vertex 6.342020143325669 6.939692620785908 0
endloop
endfacet
facet normal 0 0 -1
outer loop
vertex 11 6.984807753012208 0
vertex 6.342020143325669 6.939692620785908 0
vertex 6.173648177666934 6.984807753012208 0
endloop
endfacet
facet normal 0 0 -1
outer loop
vertex -6.342020143325668 6.939692620785908 0
vertex -6.500000000000004 6.866025403784436 0
vertex -12.5 6.866025403784436 0
endloop
endfacet
facet normal 0 0 -1
outer loop
vertex -6.342020143325668 6.939692620785908 0
vertex -12.5 6.866025403784436 0
vertex -12.5 6.939692620785908 0
endloop
endfacet
facet normal 0 0 -1
outer loop
vertex 11 6.939692620785908 0
vertex 11 6.866025403784436 0
vertex 6.500000000000007 6.866025403784436 0
endloop
endfacet
facet normal 0 0 -1
outer loop
vertex 11 6.939692620785908 0
vertex 6.500000000000007 6.866025403784436 0
vertex 6.342020143325669 6.939692620785908 0
endloop
endfacet
facet normal 0 0 -1
outer loop
vertex -6.500000000000004 6.866025403784436 0
vertex -6.6427876096865335 6.76604444311898 0
vertex -12.5 6.76604444311898 0
endloop
endfacet
facet normal 0 0 -1
outer loop
vertex -6.500000000000004 6.866025403784436 0
vertex -12.5 6.76604444311898 0
vertex -12.5 6.866025403784436 0
endloop
endfacet
facet normal 0 0 -1
outer loop
vertex 11 6.866025403784436 0
vertex 11 6.76604444311898 0
vertex 6.642787609686536 6.76604444311898 0
endloop
endfacet
facet normal 0 0 -1
outer loop
vertex 11 6.866025403784436 0
vertex 6.642787609686536 6.76604444311898 0
vertex 6.500000000000007 6.866025403784436 0
endloop
endfacet
facet normal 0 0 -1
outer loop
vertex -6.6427876096865335 6.76604444311898 0
vertex -6.766044443118982 6.642787609686541 0
vertex -12.5 6.642787609686541 0
endloop
endfacet
facet normal 0 0 -1
outer loop
vertex -6.6427876096865335 6.76604444311898 0
vertex -12.5 6.642787609686541 0
vertex -12.5 6.76604444311898 0
endloop
endfacet
facet normal 0 0 -1
outer loop
vertex 11 6.76604444311898 0
vertex 11 6.642787609686541 0
vertex 6.766044443118979 6.642787609686541 0
endloop
endfacet
facet normal 0 0 -1
outer loop
vertex 11 6.76604444311898 0
vertex 6.766044443118979 6.642787609686541 0
vertex 6.642787609686536 6.76604444311898 0
endloop
endfacet
facet normal 0 0 -1
outer loop
vertex -6.766044443118982 6.642787609686541 0
vertex -6.866025403784445 6.499999999999993 0
vertex -12.5 6.499999999999993 0
endloop
endfacet
facet normal 0 0 -1
outer loop
vertex -6.766044443118982 6.642787609686541 0
vertex -12.5 6.499999999999993 0
vertex -12.5 6.642787609686541 0
endloop
endfacet
facet normal 0 0 -1
outer loop
vertex 11 6.642787609686541 0
vertex 11 6.499999999999993 0
vertex 6.866025403784441 6.499999999999993 0
endloop
endfacet
facet normal 0 0 -1
outer loop
vertex 11 6.642787609686541 0
vertex 6.866025403784441 6.499999999999993 0
vertex 6.766044443118979 6.642787609686541 0
endloop
endfacet
facet normal 0 0 -1
outer loop
vertex -6.866025403784445 6.499999999999993 0
vertex -6.939692620785898 6.342020143325675 0
vertex -12.5 6.342020143325675 0
endloop
endfacet
facet normal 0 0 -1
outer loop
vertex -6.866025403784445 6.499999999999993 0
vertex -12.5 6.342020143325675 0
vertex -12.5 6.499999999999993 0
endloop
endfacet
facet normal 0 0 -1
outer loop
vertex 11 6.499999999999993 0
vertex 11 6.342020143325675 0
vertex 6.939692620785905 6.342020143325675 0
endloop
endfacet
facet normal 0 0 -1
outer loop
vertex 11 6.499999999999993 0
vertex 6.939692620785905 6.342020143325675 0
vertex 6.866025403784441 6.499999999999993 0
endloop
endfacet
facet normal 0 0 -1
outer loop
vertex -6.939692620785898 6.342020143325675 0
vertex -6.984807753012207 6.17364817766693 0
vertex -12.5 6.17364817766693 0
endloop
endfacet
facet normal 0 0 -1
outer loop
vertex -6.939692620785898 6.342020143325675 0
vertex -12.5 6.17364817766693 0
vertex -12.5 6.342020143325675 0
endloop
endfacet
facet normal 0 0 -1
outer loop
vertex 11 6.342020143325675 0
vertex 11 6.17364817766693 0
vertex 6.9848077530122055 6.17364817766693 0
endloop
endfacet
facet normal 0 0 -1
outer loop
vertex 11 6.342020143325675 0
vertex 6.9848077530122055 6.17364817766693 0
vertex 6.939692620785905 6.342020143325675 0
endloop
endfacet
facet normal 0 0 -1
outer loop
vertex -6.984807753012207 6.17364817766693 0
vertex -6.999999999999997 5.9999999999999964 0
vertex -12.5 5.9999999999999964 0
endloop
endfacet
facet normal 0 0 -1
outer loop
vertex -6.984807753012207 6.17364817766693 0
vertex -12.5 5.9999999999999964 0
vertex -12.5 6.17364817766693 0
endloop
endfacet
facet normal 0 0 -1
outer loop
vertex 11 6.17364817766693 0
vertex 11 5.9999999999999964 0
vertex 7 5.9999999999999964 0
endloop
endfacet
facet normal 0 0 -1
outer loop
vertex 11 6.17364817766693 0
vertex 7 5.9999999999999964 0
vertex 6.9848077530122055 6.17364817766693 0
endloop
endfacet
facet normal 0 0 -1
outer loop
vertex 11 5.9999999999999964 0
vertex 11 8.79296635503124e-14 0
vertex 7 8.79296635503124e-14 0
endloop
endfacet
facet normal 0 0 -1
outer loop
vertex 11 5.9999999999999964 0
vertex 7 8.79296635503124e-14 0
vertex 7 5.9999999999999964 0
endloop
endfacet
facet normal 0 0 -1
outer loop
vertex 28.999999999999993 11.999999999999936 0
vertex 29 8.79296635503124e-14 0
vertex 25 8.79296635503124e-14 0
endloop
endfacet
facet normal 0 0 -1
outer loop
vertex 28.999999999999993 11.999999999999936 0
vertex 25 8.79296635503124e-14 0
vertex 25 11.999999999999936 0
endloop
endfacet
facet normal 0 0 -1
outer loop
vertex 46.99999999999999 11.999999999999936 0
vertex 47 8.79296635503124e-14 0
vertex 43 8.79296635503124e-14 0
endloop
endfacet
facet normal 0 0 -1
outer loop
vertex 46.99999999999999 11.999999999999936 0
vertex 43 8.79296635503124e-14 0
vertex 43 11.999999999999936 0
endloop
endfacet
facet normal 0 0 -1
outer loop
vertex 64.99999999999999 11.999999999999936 0
vertex 65 8.79296635503124e-14 0
vertex 61 8.79296635503124e-14 0
endloop
endfacet
facet normal 0 0 -1
outer loop
vertex 64.99999999999999 11.999999999999936 0
vertex 61 8.79296635503124e-14 0
vertex 61 11.999999999999936 0
endloop
endfacet
facet normal 0 0 -1
outer loop
vertex 83 11.999999999999936 0
vertex 83 8.79296635503124e-14 0
vertex 79 8.79296635503124e-14 0
endloop
endfacet
facet normal 0 0 -1
outer loop
vertex 83 11.999999999999936 0
vertex 79 8.79296635503124e-14 0
vertex 79 11.999999999999936 0
endloop
endfacet
facet normal 0 0 -1
outer loop
vertex 11 8.79296635503124e-14 0
vertex 11.0151922469878 -0.17364817766696738 0
vertex 7 -0.17364817766696738 0
endloop
endfacet
facet normal 0 0 -1
outer loop
vertex 11 8.79296635503124e-14 0
vertex 7 -0.17364817766696738 0
vertex 7 8.79296635503124e-14 0
endloop
endfacet
facet normal 0 0 -1
outer loop
vertex 29 8.79296635503124e-14 0
vertex 29.015192246987798 -0.17364817766696738 0
vertex 24.98480775301221 -0.17364817766696738 0
endloop
endfacet
facet normal 0 0 -1
outer loop
vertex 29 8.79296635503124e-14 0
vertex 24.98480775301221 -0.17364817766696738 0
vertex 25 8.79296635503124e-14 0
endloop
endfacet
facet normal 0 0 -1
outer loop
vertex 47 8.79296635503124e-14 0
vertex 47.01519224698781 -0.17364817766696738 0
vertex 42.98480775301221 -0.17364817766696738 0
endloop
endfacet
facet normal 0 0 -1
outer loop
vertex 47 8.79296635503124e-14 0
vertex 42.98480775301221 -0.17364817766696738 0
vertex 43 8.79296635503124e-14 0
endloop
endfacet
facet normal 0 0 -1
outer loop
vertex 65 8.79296635503124e-14 0
vertex 65.01519224698781 -0.17364817766696738 0
vertex 60.984807753012205 -0.17364817766696738 0
endloop
endfacet
facet normal 0 0 -1
outer loop
vertex 65 8.79296635503124e-14 0
vertex 60.984807753012205 -0.17364817766696738 0
vertex 61 8.79296635503124e-14 0
endloop
endfacet
facet normal 0 0 -1
outer loop
vertex 83 8.79296635503124e-14 0
vertex 83 -0.17364817766696738 0
vertex 78.98480775301222 -0.17364817766696738 0
endloop
endfacet
facet normal 0 0 -1
outer loop
vertex 83 8.79296635503124e-14 0
vertex 78.98480775301222 -0.17364817766696738 0
vertex 79 8.79296635503124e-14 0
endloop
endfacet
facet normal 0 0 -1
outer loop
vertex 11.0151922469878 -0.17364817766696738 0
vertex 11.060307379214104 -0.34202014332571906 0
vertex 7 -0.34202014332571906 0
endloop
endfacet
facet normal 0 0 -1
outer loop
vertex 11.0151922469878 -0.17364817766696738 0
vertex 7 -0.34202014332571906 0
vertex 7 -0.17364817766696738 0
endloop
endfacet
facet normal 0 0 -1
outer loop
vertex 29.015192246987798 -0.17364817766696738 0
vertex 29.0603073792141 -0.34202014332571906 0
vertex 24.93969262078591 -0.34202014332571906 0
endloop
endfacet
facet normal 0 0 -1
outer loop
vertex 29.015192246987798 -0.17364817766696738 0
vertex 24.93969262078591 -0.34202014332571906 0
vertex 24.98480775301221 -0.17364817766696738 0
endloop
endfacet
facet normal 0 0 -1
outer loop
vertex 47.01519224698781 -0.17364817766696738 0
vertex 47.06030737921411 -0.34202014332571906 0
vertex 42.9396926207859 -0.34202014332571906 0
endloop
endfacet
facet normal 0 0 -1
outer loop
vertex 47.01519224698781 -0.17364817766696738 0
vertex 42.9396926207859 -0.34202014332571906 0
vertex 42.98480775301221 -0.17364817766696738 0
endloop
endfacet
facet normal 0 0 -1
outer loop
vertex 65.01519224698781 -0.17364817766696738 0
vertex 65.06030737921411 -0.34202014332571906 0
vertex 60.939692620785934 -0.34202014332571906 0
endloop
endfacet
facet normal 0 0 -1
outer loop
vertex 65.01519224698781 -0.17364817766696738 0
vertex 60.939692620785934 -0.34202014332571906 0
vertex 60.984807753012205 -0.17364817766696738 0
endloop
endfacet
facet normal 0 0 -1
outer loop
vertex 83 -0.17364817766696738 0
vertex 83 -0.34202014332571906 0
vertex 78.93969262078589 -0.34202014332571906 0
endloop
endfacet
facet normal 0 0 -1
outer loop
vertex 83 -0.17364817766696738 0
vertex 78.93969262078589 -0.34202014332571906 0
vertex 78.98480775301222 -0.17364817766696738 0
endloop
endfacet
facet normal 0 0 -1
outer loop
vertex 11.060307379214104 -0.34202014332571906 0
vertex 11.133974596215536 -0.4999999999999476 0
vertex 7 -0.4999999999999476 0
endloop
endfacet
facet normal 0 0 -1
outer loop
vertex 11.060307379214104 -0.34202014332571906 0
vertex 7 -0.4999999999999476 0
vertex 7 -0.34202014332571906 0
endloop
endfacet
facet normal 0 0 -1
outer loop
vertex 29.0603073792141 -0.34202014332571906 0
vertex 29.13397459621553 -0.4999999999999476 0
vertex 24.866025403784434 -0.4999999999999476 0
endloop
endfacet
facet normal 0 0 -1
outer loop
vertex 29.0603073792141 -0.34202014332571906 0
vertex 24.866025403784434 -0.4999999999999476 0
vertex 24.93969262078591 -0.34202014332571906 0
endloop
endfacet
facet normal 0 0 -1
outer loop
vertex 47.06030737921411 -0.34202014332571906 0
vertex 47.13397459621553 -0.4999999999999476 0
vertex 42.86602540378446 -0.4999999999999476 0
endloop
endfacet
facet normal 0 0 -1
outer loop
vertex 47.06030737921411 -0.34202014332571906 0
vertex 42.86602540378446 -0.4999999999999476 0
vertex 42.9396926207859 -0.34202014332571906 0
endloop
endfacet
facet normal 0 0 -1
outer loop
vertex 65.06030737921411 -0.34202014332571906 0
vertex 65.13397459621554 -0.4999999999999476 0
vertex 60.86602540378444 -0.4999999999999476 0
endloop
endfacet
facet normal 0 0 -1
outer loop
vertex 65.06030737921411 -0.34202014332571906 0
vertex 60.86602540378444 -0.4999999999999476 0
vertex 60.939692620785934 -0.34202014332571906 0
endloop
endfacet
facet normal 0 0 -1
outer loop
vertex 83 -0.34202014332571906 0
vertex 83 -0.4999999999999476 0
vertex 78.86602540378436 -0.4999999999999476 0
endloop
endfacet
facet normal 0 0 -1
outer loop
vertex 83 -0.34202014332571906 0
vertex 78.86602540378436 -0.4999999999999476 0
vertex 78.93969262078589 -0.34202014332571906 0
endloop
endfacet
facet normal 0 0 -1
outer loop
vertex 11.133974596215536 -0.4999999999999476 0
vertex 11.233955556881094 -0.642787609686609 0
vertex 7 -0.642787609686609 0
endloop
endfacet
facet normal 0 0 -1
outer loop
vertex 11.133974596215536 -0.4999999999999476 0
vertex 7 -0.642787609686609 0
vertex 7 -0.4999999999999476 0
endloop
endfacet
facet normal 0 0 -1
outer loop
vertex 29.13397459621553 -0.4999999999999476 0
vertex 29.23395555688107 -0.642787609686609 0
vertex 24.766044443118982 -0.642787609686609 0
endloop
endfacet
facet normal 0 0 -1
outer loop
vertex 29.13397459621553 -0.4999999999999476 0
vertex 24.766044443118982 -0.642787609686609 0
vertex 24.866025403784434 -0.4999999999999476 0
endloop
endfacet
facet normal 0 0 -1
outer loop
vertex 47.13397459621553 -0.4999999999999476 0
vertex 47.23395555688108 -0.642787609686609 0
vertex 42.76604444311896 -0.642787609686609 0
endloop
endfacet
facet normal 0 0 -1
outer loop
vertex 47.13397459621553 -0.4999999999999476 0
vertex 42.76604444311896 -0.642787609686609 0
vertex 42.86602540378446 -0.4999999999999476 0
endloop
endfacet
facet normal 0 0 -1
outer loop
vertex 65.13397459621554 -0.4999999999999476 0
vertex 65.23395555688109 -0.642787609686609 0
vertex 60.766044443118915 -0.642787609686609 0
endloop
endfacet
facet normal 0 0 -1
outer loop
vertex 65.13397459621554 -0.4999999999999476 0
vertex 60.766044443118915 -0.642787609686609 0
vertex 60.86602540378444 -0.4999999999999476 0
endloop
endfacet
facet normal 0 0 -1
outer loop
vertex 83 -0.4999999999999476 0
vertex 83 -0.642787609686609 0
vertex 78.766044443119 -0.642787609686609 0
endloop
endfacet
facet normal 0 0 -1
outer loop
vertex 83 -0.4999999999999476 0
vertex 78.766044443119 -0.642787609686609 0
vertex 78.86602540378436 -0.4999999999999476 0
endloop
endfacet
facet normal 0 0 -1
outer loop
vertex 11.233955556881094 -0.642787609686609 0
vertex 11.357212390313421 -0.7660444431189788 0
vertex 7 -0.7660444431189788 0
endloop
endfacet
facet normal 0 0 -1
outer loop
vertex 11.233955556881094 -0.642787609686609 0
vertex 7 -0.7660444431189788 0
vertex 7 -0.642787609686609 0
endloop
endfacet
facet normal 0 0 -1
outer loop
vertex 29.23395555688107 -0.642787609686609 0
vertex 29.357212390313457 -0.7660444431189788 0
vertex 24.64278760968653 -0.7660444431189788 0
endloop
endfacet
facet normal 0 0 -1
outer loop
vertex 29.23395555688107 -0.642787609686609 0
vertex 24.64278760968653 -0.7660444431189788 0
vertex 24.766044443118982 -0.642787609686609 0
endloop
endfacet
facet normal 0 0 -1
outer loop
vertex 47.23395555688108 -0.642787609686609 0
vertex 47.35721239031344 -0.7660444431189788 0
vertex 42.64278760968653 -0.7660444431189788 0
endloop
endfacet
facet normal 0 0 -1
outer loop
vertex 47.23395555688108 -0.642787609686609 0
vertex 42.64278760968653 -0.7660444431189788 0
vertex 42.76604444311896 -0.642787609686609 0
endloop
endfacet
facet normal 0 0 -1
outer loop
vertex 65.23395555688109 -0.642787609686609 0
vertex 65.3572123903134 -0.7660444431189788 0
vertex 60.64278760968654 -0.7660444431189788 0
endloop
endfacet
facet normal 0 0 -1
outer loop
vertex 65.23395555688109 -0.642787609686609 0
vertex 60.64278760968654 -0.7660444431189788 0
vertex 60.766044443118915 -0.642787609686609 0
endloop
endfacet
facet normal 0 0 -1
outer loop
vertex 83 -0.642787609686609 0
vertex 83 -0.7660444431189788 0
vertex 78.64278760968655 -0.7660444431189788 0
endloop
endfacet
facet normal 0 0 -1
outer loop
vertex 83 -0.642787609686609 0
vertex 78.64278760968655 -0.7660444431189788 0
vertex 78.766044443119 -0.642787609686609 0
endloop
endfacet
facet normal 0 0 -1
outer loop
vertex 11.357212390313421 -0.7660444431189788 0
vertex 11.500000000000012 -0.8660254037844464 0
vertex 7 -0.8660254037844464 0
endloop
endfacet
facet normal 0 0 -1
outer loop
vertex 11.357212390313421 -0.7660444431189788 0
vertex 7 -0.8660254037844464 0
vertex 7 -0.7660444431189788 0
endloop
endfacet
facet normal 0 0 -1
outer loop
vertex 29.357212390313457 -0.7660444431189788 0
vertex 29.50000000000001 -0.8660254037844464 0
vertex 24.499999999999996 -0.8660254037844464 0
endloop
endfacet
facet normal 0 0 -1
outer loop
vertex 29.357212390313457 -0.7660444431189788 0
vertex 24.499999999999996 -0.8660254037844464 0
vertex 24.64278760968653 -0.7660444431189788 0
endloop
endfacet
facet normal 0 0 -1
outer loop
vertex 47.35721239031344 -0.7660444431189788 0
vertex 47.500000000000014 -0.8660254037844464 0
vertex 42.49999999999999 -0.8660254037844464 0
endloop
endfacet
facet normal 0 0 -1
outer loop
vertex 47.35721239031344 -0.7660444431189788 0
vertex 42.49999999999999 -0.8660254037844464 0
vertex 42.64278760968653 -0.7660444431189788 0
endloop
endfacet
facet normal 0 0 -1
outer loop
vertex 65.3572123903134 -0.7660444431189788 0
vertex 65.49999999999999 -0.8660254037844464 0
vertex 60.50000000000002 -0.8660254037844464 0
endloop
endfacet
facet normal 0 0 -1
outer loop
vertex 65.3572123903134 -0.7660444431189788 0
vertex 60.50000000000002 -0.8660254037844464 0
vertex 60.64278760968654 -0.7660444431189788 0
endloop
endfacet
facet normal 0 0 -1
outer loop
vertex 83 -0.7660444431189788 0
vertex 83 -0.8660254037844464 0
vertex 78.49999999999999 -0.8660254037844464 0
endloop
endfacet
facet normal 0 0 -1
outer loop
vertex 83 -0.7660444431189788 0
vertex 78.49999999999999 -0.8660254037844464 0
vertex 78.64278760968655 -0.7660444431189788 0
endloop
endfacet
facet normal 0 0 -1
outer loop
vertex 11.500000000000012 -0.8660254037844464 0
vertex 11.657979856674324 -0.9396926207859089 0
vertex 7 -0.9396926207859089 0
endloop
endfacet
facet normal 0 0 -1
outer loop
vertex 11.500000000000012 -0.8660254037844464 0
vertex 7 -0.9396926207859089 0
vertex 7 -0.8660254037844464 0
endloop
endfacet
facet normal 0 0 -1
outer loop
vertex 29.50000000000001 -0.8660254037844464 0
vertex 29.657979856674324 -0.9396926207859089 0
vertex 24.34202014332568 -0.9396926207859089 0
endloop
endfacet
facet normal 0 0 -1
outer loop
vertex 29.50000000000001 -0.8660254037844464 0
vertex 24.34202014332568 -0.9396926207859089 0
vertex 24.499999999999996 -0.8660254037844464 0
endloop
endfacet
facet normal 0 0 -1
outer loop
vertex 47.500000000000014 -0.8660254037844464 0
vertex 47.65797985667431 -0.9396926207859089 0
vertex 42.34202014332566 -0.9396926207859089 0
endloop
endfacet
facet normal 0 0 -1
outer loop
vertex 47.500000000000014 -0.8660254037844464 0
vertex 42.34202014332566 -0.9396926207859089 0
vertex 42.49999999999999 -0.8660254037844464 0
endloop
endfacet
facet normal 0 0 -1
outer loop
vertex 65.49999999999999 -0.8660254037844464 0
vertex 65.65797985667432 -0.9396926207859089 0
vertex 60.34202014332567 -0.9396926207859089 0
endloop
endfacet
facet normal 0 0 -1
outer loop
vertex 65.49999999999999 -0.8660254037844464 0
vertex 60.34202014332567 -0.9396926207859089 0
vertex 60.50000000000002 -0.8660254037844464 0
endloop
endfacet
facet normal 0 0 -1
outer loop
vertex 83 -0.8660254037844464 0
vertex 83 -0.9396926207859089 0
vertex 78.34202014332567 -0.9396926207859089 0
endloop
endfacet
facet normal 0 0 -1
outer loop
vertex 83 -0.8660254037844464 0
vertex 78.34202014332567 -0.9396926207859089 0
vertex 78.49999999999999 -0.8660254037844464 0
endloop
endfacet
facet normal 0 0 -1
outer loop
vertex 11.657979856674324 -0.9396926207859089 0
vertex 11.82635182233307 -0.9848077530122072 0
vertex 7 -0.9848077530122072 0
endloop
endfacet
facet normal 0 0 -1
outer loop
vertex 11.657979856674324 -0.9396926207859089 0
vertex 7 -0.9848077530122072 0
vertex 7 -0.9396926207859089 0
endloop
endfacet
facet normal 0 0 -1
outer loop
vertex 29.657979856674324 -0.9396926207859089 0
vertex 29.826351822333063 -0.9848077530122072 0
vertex 24.17364817766693 -0.9848077530122072 0
endloop
endfacet
facet normal 0 0 -1
outer loop
vertex 29.657979856674324 -0.9396926207859089 0
vertex 24.17364817766693 -0.9848077530122072 0
vertex 24.34202014332568 -0.9396926207859089 0
endloop
endfacet
facet normal 0 0 -1
outer loop
vertex 47.65797985667431 -0.9396926207859089 0
vertex 47.82635182233306 -0.9848077530122072 0
vertex 42.17364817766695 -0.9848077530122072 0
endloop
endfacet
facet normal 0 0 -1
outer loop
vertex 47.65797985667431 -0.9396926207859089 0
vertex 42.17364817766695 -0.9848077530122072 0
vertex 42.34202014332566 -0.9396926207859089 0
endloop
endfacet
facet normal 0 0 -1
outer loop
vertex 65.65797985667432 -0.9396926207859089 0
vertex 65.82635182233307 -0.9848077530122072 0
vertex 60.173648177666934 -0.9848077530122072 0
endloop
endfacet
facet normal 0 0 -1
outer loop
vertex 65.65797985667432 -0.9396926207859089 0
vertex 60.173648177666934 -0.9848077530122072 0
vertex 60.34202014332567 -0.9396926207859089 0
endloop
endfacet
facet normal 0 0 -1
outer loop
vertex 83 -0.9396926207859089 0
vertex 83 -0.9848077530122072 0
vertex 78.17364817766693 -0.9848077530122072 0
endloop
endfacet
facet normal 0 0 -1
outer loop
vertex 83 -0.9396926207859089 0
vertex 78.17364817766693 -0.9848077530122072 0
vertex 78.34202014332567 -0.9396926207859089 0
endloop
endfacet
facet normal 0 0 -1
outer loop
vertex 11.82635182233307 -0.9848077530122072 0
vertex 12 -1 0
vertex 7 -1 0
endloop
endfacet
facet normal 0 0 -1
outer loop
vertex 11.82635182233307 -0.9848077530122072 0
vertex 7 -1 0
vertex 7 -0.9848077530122072 0
endloop
endfacet
facet normal 0 0 -1
outer loop
vertex 29.826351822333063 -0.9848077530122072 0
vertex 30 -1 0
vertex 24 -1 0
endloop
endfacet
facet normal 0 0 -1
outer loop
vertex 29.826351822333063 -0.9848077530122072 0
vertex 24 -1 0
vertex 24.17364817766693 -0.9848077530122072 0
endloop
endfacet
facet normal 0 0 -1
outer loop
vertex 47.82635182233306 -0.9848077530122072 0
vertex 47.999999999999986 -1 0
vertex 42.00000000000001 -1 0
endloop
endfacet
facet normal 0 0 -1
outer loop
vertex 47.82635182233306 -0.9848077530122072 0
vertex 42.00000000000001 -1 0
vertex 42.17364817766695 -0.9848077530122072 0
endloop
endfacet
facet normal 0 0 -1
outer loop
vertex 65.82635182233307 -0.9848077530122072 0
vertex 66 -1 0
vertex 60 -1 0
endloop
endfacet
facet normal 0 0 -1
outer loop
vertex 65.82635182233307 -0.9848077530122072 0
vertex 60 -1 0
vertex 60.173648177666934 -0.9848077530122072 0
endloop
endfacet
facet normal 0 0 -1
outer loop
vertex 83 -0.9848077530122072 0
vertex 83 -1 0
vertex 78 -1 0
endloop
endfacet
facet normal 0 0 -1
outer loop
vertex 83 -0.9848077530122072 0
vertex 78 -1 0
vertex 78.17364817766693 -0.9848077530122072 0
endloop
endfacet
facet normal 0 0 -1
outer loop
vertex 12 -1 0
vertex 24 -1 0
vertex 30 -1 0
endloop
endfacet
facet normal 0 0 -1
outer loop
vertex 12 -1 0
vertex 30 -1 0
vertex 42.00000000000001 -1 0
endloop
endfacet
facet normal 0 0 -1
outer loop
vertex 12 -1 0
vertex 42.00000000000001 -1 0
vertex 47.999999999999986 -1 0
endloop
endfacet
facet normal 0 0 -1
outer loop
vertex 12 -1 0
vertex 47.999999999999986 -1 0
vertex 60 -1 0
endloop
endfacet
facet normal 0 0 -1
outer loop
vertex 12 -1 0
vertex 60 -1 0
vertex 66 -1 0
endloop
endfacet
facet normal 0 0 -1
outer loop
vertex 12 -1 0
vertex 66 -1 0
vertex 78 -1 0
endloop
endfacet
facet normal 0 0 -1
outer loop
vertex 12 -1 0
vertex 78 -1 0
vertex 83 -1 0
endloop
endfacet
facet normal 0 0 -1
outer loop
vertex 12 -1 0
vertex 83 -1 0
vertex 83 -4.005909999999998 0
endloop
endfacet
facet normal 0 0 -1
outer loop
vertex 12 -1 0
vertex 83 -4.005909999999998 0
vertex 7 -4.005909999999998 0
endloop
endfacet
facet normal 0 0 -1
outer loop
vertex 12 -1 0
vertex 7 -4.005909999999998 0
vertex 7 -1 0
endloop
endfacet
facet normal 0 0 -1
outer loop
vertex 83 -4.005909999999998 0
vertex 83.05175725181724 -4.01779929367075 0
vertex 83.10281499999991 -4.0324249999999715 0
endloop
endfacet
facet normal 0 0 -1
outer loop
vertex 83 -4.005909999999998 0
vertex 83.10281499999991 -4.0324249999999715 0
vertex 84.585778266152 -4.5 0
endloop
endfacet
facet normal 0 0 -1
outer loop
vertex 83 -4.005909999999998 0
vertex 84.585778266152 -4.5 0
vertex 13 -4.5 0
endloop
endfacet
facet normal 0 0 -1
outer loop
vertex 83 -4.005909999999998 0
vertex 13 -4.5 0
vertex 7 -4.5 0
endloop
endfacet
facet normal 0 0 -1
outer loop
vertex 83 -4.005909999999998 0
vertex 7 -4.5 0
vertex 7 -4.005909999999998 0
endloop
endfacet
facet normal 0 0 -1
outer loop
vertex 13 -4.5 0
vertex 12.80490967798389 -4.519214719596768 0
vertex 7 -4.519214719596768 0
endloop
endfacet
facet normal 0 0 -1
outer loop
vertex 13 -4.5 0
vertex 7 -4.519214719596768 0
vertex 7 -4.5 0
endloop
endfacet
facet normal 0 0 -1
outer loop
vertex 84.585778266152 -4.5 0
vertex 84.64671976929358 -4.519214719596768 0
vertex 13.195090322016128 -4.519214719596768 0
endloop
endfacet
facet normal 0 0 -1
outer loop
vertex 84.585778266152 -4.5 0
vertex 13.195090322016128 -4.519214719596768 0
vertex 13 -4.5 0
endloop
endfacet
facet normal 0 0 -1
outer loop
vertex 12.80490967798389 -4.519214719596768 0
vertex 12.617316567634909 -4.576120467488714 0
vertex 7 -4.576120467488714 0
endloop
endfacet
facet normal 0 0 -1
outer loop
vertex 12.80490967798389 -4.519214719596768 0
vertex 7 -4.576120467488714 0
vertex 7 -4.519214719596768 0
endloop
endfacet
facet normal 0 0 -1
outer loop
vertex 84.64671976929358 -4.519214719596768 0
vertex 84.82720233092896 -4.576120467488714 0
vertex 13.382683432365091 -4.576120467488714 0
endloop
endfacet
facet normal 0 0 -1
outer loop
vertex 84.64671976929358 -4.519214719596768 0
vertex 13.382683432365091 -4.576120467488714 0
vertex 13.195090322016128 -4.519214719596768 0
endloop
endfacet
facet normal 0 0 -1
outer loop
vertex 12.617316567634909 -4.576120467488714 0
vertex 12.444429766980386 -4.668530387697455 0
vertex 7 -4.668530387697455 0
endloop
endfacet
facet normal 0 0 -1
outer loop
vertex 12.617316567634909 -4.576120467488714 0
vertex 7 -4.668530387697455 0
vertex 7 -4.576120467488714 0
endloop
endfacet
facet normal 0 0 -1
outer loop
vertex 84.82720233092896 -4.576120467488714 0
vertex 85.12029010743028 -4.668530387697455 0
vertex 13.555570233019608 -4.668530387697455 0
endloop
endfacet
facet normal 0 0 -1
outer loop
vertex 84.82720233092896 -4.576120467488714 0
vertex 13.555570233019608 -4.668530387697455 0
vertex 13.382683432365091 -4.576120467488714 0
endloop
endfacet
facet normal 0 0 -1
outer loop
vertex 12.444429766980386 -4.668530387697455 0
vertex 12.29289321881347 -4.792893218813443 0
vertex 7 -4.792893218813443 0
endloop
endfacet
facet normal 0 0 -1
outer loop
vertex 12.444429766980386 -4.668530387697455 0
vertex 7 -4.792893218813443 0
vertex 7 -4.668530387697455 0
endloop
endfacet
facet normal 0 0 -1
outer loop
vertex 85.12029010743028 -4.668530387697455 0
vertex 85.51471989991207 -4.792893218813443 0
vertex 13.707106781186539 -4.792893218813443 0
endloop
endfacet
facet normal 0 0 -1
outer loop
vertex 85.12029010743028 -4.668530387697455 0
vertex 13.707106781186539 -4.792893218813443 0
vertex 13.555570233019608 -4.668530387697455 0
endloop
endfacet
facet normal 0 0 -1
outer loop
vertex 12.29289321881347 -4.792893218813443 0
vertex 12.168530387697439 -4.944429766980404 0
vertex 7 -4.944429766980404 0
endloop
endfacet
facet normal 0 0 -1
outer loop
vertex 12.29289321881347 -4.792893218813443 0
vertex 7 -4.944429766980404 0
vertex 7 -4.792893218813443 0
endloop
endfacet
facet normal 0 0 -1
outer loop
vertex 85.51471989991207 -4.792893218813443 0
vertex 85.99533399264816 -4.944429766980404 0
vertex 13.831469612302548 -4.944429766980404 0
endloop
endfacet
facet normal 0 0 -1
outer loop
vertex 85.51471989991207 -4.792893218813443 0
vertex 13.831469612302548 -4.944429766980404 0
vertex 13.707106781186539 -4.792893218813443 0
endloop
endfacet
facet normal 0 0 -1
outer loop
vertex 12.168530387697439 -4.944429766980404 0
vertex 12.076120467488721 -5.117316567634905 0
vertex 7 -5.117316567634905 0
endloop
endfacet
facet normal 0 0 -1
outer loop
vertex 12.168530387697439 -4.944429766980404 0
vertex 7 -5.117316567634905 0
vertex 7 -4.944429766980404 0
endloop
endfacet
facet normal 0 0 -1
outer loop
vertex 85.99533399264816 -4.944429766980404 0
vertex 86.54366265558602 -5.117316567634905 0
vertex 13.923879532511286 -5.117316567634905 0
endloop
endfacet
facet normal 0 0 -1
outer loop
vertex 85.99533399264816 -4.944429766980404 0
vertex 13.923879532511286 -5.117316567634905 0
vertex 13.831469612302548 -4.944429766980404 0
endloop
endfacet
facet normal 0 0 -1
outer loop
vertex 12.076120467488721 -5.117316567634905 0
vertex 12.019214719596768 -5.304909677983872 0
vertex 7 -5.304909677983872 0
endloop
endfacet
facet normal 0 0 -1
outer loop
vertex 12.076120467488721 -5.117316567634905 0
vertex 7 -5.304909677983872 0
vertex 7 -5.117316567634905 0
endloop
endfacet
facet normal 0 0 -1
outer loop
vertex 86.54366265558602 -5.117316567634905 0
vertex 87.13863392571535 -5.304909677983872 0
vertex 13.980785280403232 -5.304909677983872 0
endloop
endfacet
facet normal 0 0 -1
outer loop
vertex 86.54366265558602 -5.117316567634905 0
vertex 13.980785280403232 -5.304909677983872 0
vertex 13.923879532511286 -5.117316567634905 0
endloop
endfacet
facet normal 0 0 -1
outer loop
vertex 12.019214719596768 -5.304909677983872 0
vertex 11.999999999999998 -5.499999999999986 0
vertex 7 -5.499999999999986 0
endloop
endfacet
facet normal 0 0 -1
outer loop
vertex 12.019214719596768 -5.304909677983872 0
vertex 7 -5.499999999999986 0
vertex 7 -5.304909677983872 0
endloop
endfacet
facet normal 0 0 -1
outer loop
vertex 87.13863392571535 -5.304909677983872 0
vertex 87.75738339078869 -5.499999999999986 0
vertex 14 -5.499999999999986 0
endloop
endfacet
facet normal 0 0 -1
outer loop
vertex 87.13863392571535 -5.304909677983872 0
vertex 14 -5.499999999999986 0
vertex 13.980785280403232 -5.304909677983872 0
endloop
endfacet
facet normal 0 0 -1
outer loop
vertex 11.999999999999998 -5.499999999999986 0
vertex 12.019214719596771 -5.69509032201614 0
vertex 7 -5.69509032201614 0
endloop
endfacet
facet normal 0 0 -1
outer loop
vertex 11.999999999999998 -5.499999999999986 0
vertex 7 -5.69509032201614 0
vertex 7 -5.499999999999986 0
endloop
endfacet
facet normal 0 0 -1
outer loop
vertex 87.75738339078869 -5.499999999999986 0
vertex 88.37613285586215 -5.69509032201614 0
vertex 13.980785280403229 -5.69509032201614 0
endloop
endfacet
facet normal 0 0 -1
outer loop
vertex 87.75738339078869 -5.499999999999986 0
vertex 13.980785280403229 -5.69509032201614 0
vertex 14 -5.499999999999986 0
endloop
endfacet
facet normal 0 0 -1
outer loop
vertex 12.019214719596771 -5.69509032201614 0
vertex 12.076120467488712 -5.882683432365084 0
vertex 7 -5.882683432365084 0
endloop
endfacet
facet normal 0 0 -1
outer loop
vertex 12.019214719596771 -5.69509032201614 0
vertex 7 -5.882683432365084 0
vertex 7 -5.69509032201614 0
endloop
endfacet
facet normal 0 0 -1
outer loop
vertex 88.37613285586215 -5.69509032201614 0
vertex 88.9711041259914 -5.882683432365084 0
vertex 13.923879532511293 -5.882683432365084 0
endloop
endfacet
facet normal 0 0 -1
outer loop
vertex 88.37613285586215 -5.69509032201614 0
vertex 13.923879532511293 -5.882683432365084 0
vertex 13.980785280403229 -5.69509032201614 0
endloop
endfacet
facet normal 0 0 -1
outer loop
vertex -6.999999999999997 5.9999999999999964 0
vertex -7 -5.9999999999999964 0
vertex -12.5 -5.9999999999999964 0
endloop
endfacet
facet normal 0 0 -1
outer loop
vertex -6.999999999999997 5.9999999999999964 0
vertex -12.5 -5.9999999999999964 0
vertex -12.5 5.9999999999999964 0
endloop
endfacet
facet normal 0 0 -1
outer loop
vertex 12.076120467488712 -5.882683432365084 0
vertex 12.138827479321092 -5.9999999999999964 0
vertex 7 -5.9999999999999964 0
endloop
endfacet
facet normal 0 0 -1
outer loop
vertex 12.076120467488712 -5.882683432365084 0
vertex 7 -5.9999999999999964 0
vertex 7 -5.882683432365084 0
endloop
endfacet
facet normal 0 0 -1
outer loop
vertex 12.138827479321092 -5.9999999999999964 0
vertex 12.16853038769745 -6.055570233019598 0
vertex 6.995138234581289 -6.055570233019598 0
endloop
endfacet
facet normal 0 0 -1
outer loop
vertex 12.138827479321092 -5.9999999999999964 0
vertex 6.995138234581289 -6.055570233019598 0
vertex 7 -5.9999999999999964 0
endloop
endfacet
facet normal 0 0 -1
outer loop
vertex 88.9711041259914 -5.882683432365084 0
vertex 89.5194327889293 -6.055570233019598 0
vertex 13.831469612302548 -6.055570233019598 0
endloop
endfacet
facet normal 0 0 -1
outer loop
vertex 88.9711041259914 -5.882683432365084 0
vertex 13.831469612302548 -6.055570233019598 0
vertex 13.923879532511293 -5.882683432365084 0
endloop
endfacet
facet normal 0 0 -1
outer loop
vertex -7 -5.9999999999999964 0
vertex -6.984807753012207 -6.173648177666937 0
vertex -12.5 -6.173648177666937 0
endloop
endfacet
facet normal 0 0 -1
outer loop
vertex -7 -5.9999999999999964 0
vertex -12.5 -6.173648177666937 0
vertex -12.5 -5.9999999999999964 0
endloop
endfacet
facet normal 0 0 -1
outer loop
vertex 12.16853038769745 -6.055570233019598 0
vertex 12.265434452534164 -6.173648177666937 0
vertex 6.9848077530122055 -6.173648177666937 0
endloop
endfacet
facet normal 0 0 -1
outer loop
vertex 12.16853038769745 -6.055570233019598 0
vertex 6.9848077530122055 -6.173648177666937 0
vertex 6.995138234581289 -6.055570233019598 0
endloop
endfacet
facet normal 0 0 -1
outer loop
vertex 12.265434452534164 -6.173648177666937 0
vertex 12.292893218813454 -6.20710678118655 0
vertex 6.975842547219257 -6.20710678118655 0
endloop
endfacet
facet normal 0 0 -1
outer loop
vertex 12.265434452534164 -6.173648177666937 0
vertex 6.975842547219257 -6.20710678118655 0
vertex 6.9848077530122055 -6.173648177666937 0
endloop
endfacet
facet normal 0 0 -1
outer loop
vertex 89.5194327889293 -6.055570233019598 0
vertex 90.00004688166536 -6.20710678118655 0
vertex 13.707106781186546 -6.20710678118655 0
endloop
endfacet
facet normal 0 0 -1
outer loop
vertex 89.5194327889293 -6.055570233019598 0
vertex 13.707106781186546 -6.20710678118655 0
vertex 13.831469612302548 -6.055570233019598 0
endloop
endfacet
facet normal 0 0 -1
outer loop
vertex 12.292893218813454 -6.20710678118655 0
vertex 12.444429766980395 -6.331469612302543 0
vertex 6.942519627053278 -6.331469612302543 0
endloop
endfacet
facet normal 0 0 -1
outer loop
vertex 12.292893218813454 -6.20710678118655 0
vertex 6.942519627053278 -6.331469612302543 0
vertex 6.975842547219257 -6.20710678118655 0
endloop
endfacet
facet normal 0 0 -1
outer loop
vertex 90.00004688166536 -6.20710678118655 0
vertex 90.39447667414717 -6.331469612302543 0
vertex 13.555570233019594 -6.331469612302543 0
endloop
endfacet
facet normal 0 0 -1
outer loop
vertex 90.00004688166536 -6.20710678118655 0
vertex 13.555570233019594 -6.331469612302543 0
vertex 13.707106781186546 -6.20710678118655 0
endloop
endfacet
facet normal 0 0 -1
outer loop
vertex -6.984807753012207 -6.173648177666937 0
vertex -6.939692620785909 -6.342020143325664 0
vertex -12.5 -6.342020143325664 0
endloop
endfacet
facet normal 0 0 -1
outer loop
vertex -6.984807753012207 -6.173648177666937 0
vertex -12.5 -6.342020143325664 0
vertex -12.5 -6.173648177666937 0
endloop
endfacet
facet normal 0 0 -1
outer loop
vertex 12.444429766980395 -6.331469612302543 0
vertex 12.464168422199153 -6.342020143325664 0
vertex 6.939692620785912 -6.342020143325664 0
endloop
endfacet
facet normal 0 0 -1
outer loop
vertex 12.444429766980395 -6.331469612302543 0
vertex 6.939692620785912 -6.342020143325664 0
vertex 6.942519627053278 -6.331469612302543 0
endloop
endfacet
facet normal 0 0 -1
outer loop
vertex 12.464168422199153 -6.342020143325664 0
vertex 12.6173165676349 -6.423879532511284 0
vertex 6.901520960716761 -6.423879532511284 0
endloop
endfacet
facet normal 0 0 -1
outer loop
vertex 12.464168422199153 -6.342020143325664 0
vertex 6.901520960716761 -6.423879532511284 0
vertex 6.939692620785912 -6.342020143325664 0
endloop
endfacet
facet normal 0 0 -1
outer loop
vertex 90.39447667414717 -6.331469612302543 0
vertex 90.39964540000005 -6.33309930000002 0
vertex 90.49501970356036 -6.368598347655066 0
endloop
endfacet
facet normal 0 0 -1
outer loop
vertex 90.39447667414717 -6.331469612302543 0
vertex 90.49501970356036 -6.368598347655066 0
vertex 90.5862948135458 -6.413607065038679 0
endloop
endfacet
facet normal 0 0 -1
outer loop
vertex 90.39447667414717 -6.331469612302543 0
vertex 90.5862948135458 -6.413607065038679 0
vertex 90.60268206236039 -6.423879532511284 0
endloop
endfacet
facet normal 0 0 -1
outer loop
vertex 90.39447667414717 -6.331469612302543 0
vertex 90.60268206236039 -6.423879532511284 0
vertex 13.382683432365098 -6.423879532511284 0
endloop
endfacet
facet normal 0 0 -1
outer loop
vertex 90.39447667414717 -6.331469612302543 0
vertex 13.382683432365098 -6.423879532511284 0
vertex 13.555570233019594 -6.331469612302543 0
endloop
endfacet
facet normal 0 0 -1
outer loop
vertex 12.6173165676349 -6.423879532511284 0
vertex 12.804909677983863 -6.480785280403229 0
vertex 6.874985374681709 -6.480785280403229 0
endloop
endfacet
facet normal 0 0 -1
outer loop
vertex 12.6173165676349 -6.423879532511284 0
vertex 6.874985374681709 -6.480785280403229 0
vertex 6.901520960716761 -6.423879532511284 0
endloop
endfacet
facet normal 0 0 -1
outer loop
vertex 90.60268206236039 -6.423879532511284 0
vertex 90.67252269999996 -6.467659649999973 0
vertex 90.69126802563063 -6.480785280403229 0
endloop
endfacet
facet normal 0 0 -1
outer loop
vertex 90.60268206236039 -6.423879532511284 0
vertex 90.69126802563063 -6.480785280403229 0
vertex 13.195090322016128 -6.480785280403229 0
endloop
endfacet
facet normal 0 0 -1
outer loop
vertex 90.60268206236039 -6.423879532511284 0
vertex 13.195090322016128 -6.480785280403229 0
vertex 13.382683432365098 -6.423879532511284 0
endloop
endfacet
facet normal 0 0 -1
outer loop
vertex -6.939692620785909 -6.342020143325664 0
vertex -6.866025403784435 -6.5 0
vertex -12.5 -6.5 0
endloop
endfacet
facet normal 0 0 -1
outer loop
vertex -6.939692620785909 -6.342020143325664 0
vertex -12.5 -6.5 0
vertex -12.5 -6.342020143325664 0
endloop
endfacet
facet normal 0 0 -1
outer loop
vertex 12.804909677983863 -6.480785280403229 0
vertex 13.000000000000018 -6.5 0
vertex 6.866025403784434 -6.5 0
endloop
endfacet
facet normal 0 0 -1
outer loop
vertex 12.804909677983863 -6.480785280403229 0
vertex 6.866025403784434 -6.5 0
vertex 6.874985374681709 -6.480785280403229 0
endloop
endfacet
facet normal 0 0 -1
outer loop
vertex 90.69126802563063 -6.480785280403229 0
vertex 90.71870946384563 -6.5 0
vertex 59.5 -6.5 0
endloop
endfacet
facet normal 0 0 -1
outer loop
vertex 90.69126802563063 -6.480785280403229 0
vertex 59.5 -6.5 0
vertex 25.3078864 -6.5 0
endloop
endfacet
facet normal 0 0 -1
outer loop
vertex 90.69126802563063 -6.480785280403229 0
vertex 25.3078864 -6.5 0
vertex 13.000000000000018 -6.5 0
endloop
endfacet
facet normal 0 0 -1
outer loop
vertex 90.69126802563063 -6.480785280403229 0
vertex 13.000000000000018 -6.5 0
vertex 13.195090322016128 -6.480785280403229 0
endloop
endfacet
facet normal 0 0 -1
outer loop
vertex -6.866025403784435 -6.5 0
vertex -6.766044443118979 -6.642787609686534 0
vertex -12.5 -6.642787609686534 0
endloop
endfacet
facet normal 0 0 -1
outer loop
vertex -6.866025403784435 -6.5 0
vertex -12.5 -6.642787609686534 0
vertex -12.5 -6.5 0
endloop
endfacet
facet normal 0 0 -1
outer loop
vertex 13.000000000000018 -6.5 0
vertex 25.3078864 -6.5 0
vertex 24.974715311552345 -6.642787609686534 0
endloop
endfacet
facet normal 0 0 -1
outer loop
vertex 13.000000000000018 -6.5 0
vertex 24.974715311552345 -6.642787609686534 0
vertex 6.766044443118986 -6.642787609686534 0
endloop
endfacet
facet normal 0 0 -1
outer loop
vertex 13.000000000000018 -6.5 0
vertex 6.766044443118986 -6.642787609686534 0
vertex 6.866025403784434 -6.5 0
endloop
endfacet
facet normal 0 0 -1
outer loop
vertex -6.766044443118979 -6.642787609686534 0
vertex -6.642787609686538 -6.766044443118981 0
vertex -12.5 -6.766044443118981 0
endloop
endfacet
facet normal 0 0 -1
outer loop
vertex -6.766044443118979 -6.642787609686534 0
vertex -12.5 -6.766044443118981 0
vertex -12.5 -6.642787609686534 0
endloop
endfacet
facet normal 0 0 -1
outer loop
vertex 24.974715311552345 -6.642787609686534 0
vertex 24.687116034251936 -6.766044443118981 0
vertex 6.642787609686536 -6.766044443118981 0
endloop
endfacet
facet normal 0 0 -1
outer loop
vertex 24.974715311552345 -6.642787609686534 0
vertex 6.642787609686536 -6.766044443118981 0
vertex 6.766044443118986 -6.642787609686534 0
endloop
endfacet
facet normal 0 0 -1
outer loop
vertex -6.642787609686538 -6.766044443118981 0
vertex -6.500000000000006 -6.866025403784434 0
vertex -12.5 -6.866025403784434 0
endloop
endfacet
facet normal 0 0 -1
outer loop
vertex -6.642787609686538 -6.766044443118981 0
vertex -12.5 -6.866025403784434 0
vertex -12.5 -6.766044443118981 0
endloop
endfacet
facet normal 0 0 -1
outer loop
vertex 24.687116034251936 -6.766044443118981 0
vertex 24.453827126607358 -6.866025403784434 0
vertex 6.500000000000007 -6.866025403784434 0
endloop
endfacet
facet normal 0 0 -1
outer loop
vertex 24.687116034251936 -6.766044443118981 0
vertex 6.500000000000007 -6.866025403784434 0
vertex 6.642787609686536 -6.766044443118981 0
endloop
endfacet
facet normal 0 0 -1
outer loop
vertex -6.500000000000006 -6.866025403784434 0
vertex -6.3420201433256675 -6.939692620785909 0
vertex -12.5 -6.939692620785909 0
endloop
endfacet
facet normal 0 0 -1
outer loop
vertex -6.500000000000006 -6.866025403784434 0
vertex -12.5 -6.939692620785909 0
vertex -12.5 -6.866025403784434 0
endloop
endfacet
facet normal 0 0 -1
outer loop
vertex 24.453827126607358 -6.866025403784434 0
vertex 24.28193695402745 -6.939692620785909 0
vertex 6.342020143325662 -6.939692620785909 0
endloop
endfacet
facet normal 0 0 -1
outer loop
vertex 24.453827126607358 -6.866025403784434 0
vertex 6.342020143325662 -6.939692620785909 0
vertex 6.500000000000007 -6.866025403784434 0
endloop
endfacet
facet normal 0 0 -1
outer loop
vertex -6.3420201433256675 -6.939692620785909 0
vertex -6.173648177666941 -6.9848077530122055 0
vertex -12.5 -6.9848077530122055 0
endloop
endfacet
facet normal 0 0 -1
outer loop
vertex -6.3420201433256675 -6.939692620785909 0
vertex -12.5 -6.9848077530122055 0
vertex -12.5 -6.939692620785909 0
endloop
endfacet
facet normal 0 0 -1
outer loop
vertex 24.28193695402745 -6.939692620785909 0
vertex 24.17666831242547 -6.9848077530122055 0
vertex 6.173648177666941 -6.9848077530122055 0
endloop
endfacet
facet normal 0 0 -1
outer loop
vertex 24.28193695402745 -6.939692620785909 0
vertex 6.173648177666941 -6.9848077530122055 0
vertex 6.342020143325662 -6.939692620785909 0
endloop
endfacet
facet normal 0 0 -1
outer loop
vertex -6.173648177666941 -6.9848077530122055 0
vertex -6 -7 0
vertex -12.5 -7 0
endloop
endfacet
facet normal 0 0 -1
outer loop
vertex -6.173648177666941 -6.9848077530122055 0
vertex -12.5 -7 0
vertex -12.5 -6.9848077530122055 0
endloop
endfacet
facet normal 0 0 -1
outer loop
vertex 24.17666831242547 -6.9848077530122055 0
vertex 24.141219736207958 -7 0
vertex 5.999999999999986 -7 0
endloop
endfacet
facet normal 0 0 -1
outer loop
vertex 24.17666831242547 -6.9848077530122055 0
vertex 5.999999999999986 -7 0
vertex 6.173648177666941 -6.9848077530122055 0
endloop
endfacet
facet normal 0 0 -1
outer loop
vertex 90.71870946384563 -6.5 0
vertex 92.86092950068624 -8 0
vertex 85.49999999999999 -8 0
endloop
endfacet
facet normal 0 0 -1
outer loop
vertex 90.71870946384563 -6.5 0
vertex 85.49999999999999 -8 0
vertex 78 -8 0
endloop
endfacet
facet normal 0 0 -1
outer loop
vertex 90.71870946384563 -6.5 0
vertex 78 -8 0
vertex 66.00000000000001 -8 0
endloop
endfacet
facet normal 0 0 -1
outer loop
vertex 90.71870946384563 -6.5 0
vertex 66.00000000000001 -8 0
vertex 59.5 -8 0
endloop
endfacet
facet normal 0 0 -1
outer loop
vertex 90.71870946384563 -6.5 0
vertex 59.5 -8 0
vertex 59.5 -6.5 0
endloop
endfacet
facet normal 0 0 -1
outer loop
vertex 66.00000000000001 -8 0
vertex 65.8263518223331 -8.015192246987791 0
vertex 59.5 -8.015192246987791 0
endloop
endfacet
facet normal 0 0 -1
outer loop
vertex 66.00000000000001 -8 0
vertex 59.5 -8.015192246987791 0
vertex 59.5 -8 0
endloop
endfacet
facet normal 0 0 -1
outer loop
vertex 85.49999999999999 -8 0
vertex 85.3457505277623 -8.015192246987791 0
vertex 78.17364817766692 -8.015192246987791 0
endloop
endfacet
facet normal 0 0 -1
outer loop
vertex 85.49999999999999 -8 0
vertex 78.17364817766692 -8.015192246987791 0
vertex 78 -8 0
endloop
endfacet
facet normal 0 0 -1
outer loop
vertex 85.3457505277623 -8.015192246987791 0
vertex 85.30490967798384 -8.019214719596771 0
vertex 78.18866024981568 -8.019214719596771 0
endloop
endfacet
facet normal 0 0 -1
outer loop
vertex 85.3457505277623 -8.015192246987791 0
vertex 78.18866024981568 -8.019214719596771 0
vertex 78.17364817766692 -8.015192246987791 0
endloop
endfacet
facet normal 0 0 -1
outer loop
vertex 92.86092950068624 -8 0
vertex 92.88837093890123 -8.019214719596771 0
vertex 85.69509032201614 -8.019214719596771 0
endloop
endfacet
facet normal 0 0 -1
outer loop
vertex 92.86092950068624 -8 0
vertex 85.69509032201614 -8.019214719596771 0
vertex 85.49999999999999 -8 0
endloop
endfacet
facet normal 0 0 -1
outer loop
vertex 65.8263518223331 -8.015192246987791 0
vertex 65.65797985667432 -8.060307379214095 0
vertex 59.5 -8.060307379214095 0
endloop
endfacet
facet normal 0 0 -1
outer loop
vertex 65.8263518223331 -8.015192246987791 0
vertex 59.5 -8.060307379214095 0
vertex 59.5 -8.015192246987791 0
endloop
endfacet
facet normal 0 0 -1
outer loop
vertex 85.30490967798384 -8.019214719596771 0
vertex 85.16944533359528 -8.060307379214095 0
vertex 78.34202014332567 -8.060307379214095 0
endloop
endfacet
facet normal 0 0 -1
outer loop
vertex 85.30490967798384 -8.019214719596771 0
vertex 78.34202014332567 -8.060307379214095 0
vertex 78.18866024981568 -8.019214719596771 0
endloop
endfacet
facet normal 0 0 -1
outer loop
vertex 85.16944533359528 -8.060307379214095 0
vertex 85.11731656763493 -8.07612046748871 0
vertex 78.37593142056521 -8.07612046748871 0
endloop
endfacet
facet normal 0 0 -1
outer loop
vertex 85.16944533359528 -8.060307379214095 0
vertex 78.37593142056521 -8.07612046748871 0
vertex 78.34202014332567 -8.060307379214095 0
endloop
endfacet
facet normal 0 0 -1
outer loop
vertex 92.88837093890123 -8.019214719596771 0
vertex 92.9696406944649 -8.07612046748871 0
vertex 85.88268343236508 -8.07612046748871 0
endloop
endfacet
facet normal 0 0 -1
outer loop
vertex 92.88837093890123 -8.019214719596771 0
vertex 85.88268343236508 -8.07612046748871 0
vertex 85.69509032201614 -8.019214719596771 0
endloop
endfacet
facet normal 0 0 -1
outer loop
vertex 65.65797985667432 -8.060307379214095 0
vertex 65.50000000000003 -8.13397459621555 0
vertex 59.5 -8.13397459621555 0
endloop
endfacet
facet normal 0 0 -1
outer loop
vertex 65.65797985667432 -8.060307379214095 0
vertex 59.5 -8.13397459621555 0
vertex 59.5 -8.060307379214095 0
endloop
endfacet
facet normal 0 0 -1
outer loop
vertex 85.11731656763493 -8.07612046748871 0
vertex 85.0090791057083 -8.13397459621555 0
vertex 78.49999999999997 -8.13397459621555 0
endloop
endfacet
facet normal 0 0 -1
outer loop
vertex 85.11731656763493 -8.07612046748871 0
vertex 78.49999999999997 -8.13397459621555 0
vertex 78.37593142056521 -8.07612046748871 0
endloop
endfacet
facet normal 0 0 -1
outer loop
vertex 85.0090791057083 -8.13397459621555 0
vertex 84.94442976698042 -8.168530387697455 0
vertex 78.54935078472626 -8.168530387697455 0
endloop
endfacet
facet normal 0 0 -1
outer loop
vertex 85.0090791057083 -8.13397459621555 0
vertex 78.54935078472626 -8.168530387697455 0
vertex 78.49999999999997 -8.13397459621555 0
endloop
endfacet
facet normal 0 0 -1
outer loop
vertex 92.9696406944649 -8.07612046748871 0
vertex 93.10161561624759 -8.168530387697455 0
vertex 86.05557023301961 -8.168530387697455 0
endloop
endfacet
facet normal 0 0 -1
outer loop
vertex 92.9696406944649 -8.07612046748871 0
vertex 86.05557023301961 -8.168530387697455 0
vertex 85.88268343236508 -8.07612046748871 0
endloop
endfacet
facet normal 0 0 -1
outer loop
vertex 65.50000000000003 -8.13397459621555 0
vertex 65.35721239031348 -8.233955556881037 0
vertex 59.5 -8.233955556881037 0
endloop
endfacet
facet normal 0 0 -1
outer loop
vertex 65.50000000000003 -8.13397459621555 0
vertex 59.5 -8.233955556881037 0
vertex 59.5 -8.13397459621555 0
endloop
endfacet
facet normal 0 0 -1
outer loop
vertex 84.94442976698042 -8.168530387697455 0
vertex 84.86470896766801 -8.233955556881037 0
vertex 78.64278760968655 -8.233955556881037 0
endloop
endfacet
facet normal 0 0 -1
outer loop
vertex 84.94442976698042 -8.168530387697455 0
vertex 78.64278760968655 -8.233955556881037 0
vertex 78.54935078472626 -8.168530387697455 0
endloop
endfacet
facet normal 0 0 -1
outer loop
vertex 84.86470896766801 -8.233955556881037 0
vertex 84.79289321881345 -8.292893218813454 0
vertex 78.70172527161897 -8.292893218813454 0
endloop
endfacet
facet normal 0 0 -1
outer loop
vertex 84.86470896766801 -8.233955556881037 0
vertex 78.70172527161897 -8.292893218813454 0
vertex 78.64278760968655 -8.233955556881037 0
endloop
endfacet
facet normal 0 0 -1
outer loop
vertex 93.10161561624759 -8.168530387697455 0
vertex 93.27922398201753 -8.292893218813454 0
vertex 86.20710678118655 -8.292893218813454 0
endloop
endfacet
facet normal 0 0 -1
outer loop
vertex 93.10161561624759 -8.168530387697455 0
vertex 86.20710678118655 -8.292893218813454 0
vertex 86.05557023301961 -8.168530387697455 0
endloop
endfacet
facet normal 0 0 -1
outer loop
vertex 65.35721239031348 -8.233955556881037 0
vertex 65.23395555688096 -8.357212390313498 0
vertex 59.5 -8.357212390313498 0
endloop
endfacet
facet normal 0 0 -1
outer loop
vertex 65.35721239031348 -8.233955556881037 0
vertex 59.5 -8.357212390313498 0
vertex 59.5 -8.233955556881037 0
endloop
endfacet
facet normal 0 0 -1
outer loop
vertex 84.79289321881345 -8.292893218813454 0
vertex 84.74010783891971 -8.357212390313498 0
vertex 78.76604444311901 -8.357212390313498 0
endloop
endfacet
facet normal 0 0 -1
outer loop
vertex 84.79289321881345 -8.292893218813454 0
vertex 78.76604444311901 -8.357212390313498 0
vertex 78.70172527161897 -8.292893218813454 0
endloop
endfacet
facet normal 0 0 -1
outer loop
vertex 84.74010783891971 -8.357212390313498 0
vertex 84.66853038769747 -8.444429766980395 0
vertex 78.82711470772405 -8.444429766980395 0
endloop
endfacet
facet normal 0 0 -1
outer loop
vertex 84.74010783891971 -8.357212390313498 0
vertex 78.82711470772405 -8.444429766980395 0
vertex 78.76604444311901 -8.357212390313498 0
endloop
endfacet
facet normal 0 0 -1
outer loop
vertex 93.27922398201753 -8.292893218813454 0
vertex 93.49564040188211 -8.444429766980395 0
vertex 86.33146961230254 -8.444429766980395 0
endloop
endfacet
facet normal 0 0 -1
outer loop
vertex 93.27922398201753 -8.292893218813454 0
vertex 86.33146961230254 -8.444429766980395 0
vertex 86.20710678118655 -8.292893218813454 0
endloop
endfacet
facet normal 0 0 -1
outer loop
vertex 65.23395555688096 -8.357212390313498 0
vertex 65.13397459621561 -8.499999999999979 0
vertex 59.5 -8.499999999999979 0
endloop
endfacet
facet normal 0 0 -1
outer loop
vertex 65.23395555688096 -8.357212390313498 0
vertex 59.5 -8.499999999999979 0
vertex 59.5 -8.357212390313498 0
endloop
endfacet
facet normal 0 0 -1
outer loop
vertex 84.66853038769747 -8.444429766980395 0
vertex 84.63882747932107 -8.499999999999979 0
vertex 78.86602540378443 -8.499999999999979 0
endloop
endfacet
facet normal 0 0 -1
outer loop
vertex 84.66853038769747 -8.444429766980395 0
vertex 78.86602540378443 -8.499999999999979 0
vertex 78.82711470772405 -8.444429766980395 0
endloop
endfacet
facet normal 0 0 -1
outer loop
vertex 84.63882747932107 -8.499999999999979 0
vertex 84.5761204674887 -8.617316567634846 0
vertex 78.92073101770103 -8.617316567634846 0
endloop
endfacet
facet normal 0 0 -1
outer loop
vertex 84.63882747932107 -8.499999999999979 0
vertex 78.92073101770103 -8.617316567634846 0
vertex 78.86602540378443 -8.499999999999979 0
endloop
endfacet
facet normal 0 0 -1
outer loop
vertex 93.49564040188211 -8.444429766980395 0
vertex 93.74254811419361 -8.617316567634846 0
vertex 86.42387953251126 -8.617316567634846 0
endloop
endfacet
facet normal 0 0 -1
outer loop
vertex 93.49564040188211 -8.444429766980395 0
vertex 86.42387953251126 -8.617316567634846 0
vertex 86.33146961230254 -8.444429766980395 0
endloop
endfacet
facet normal 0 0 -1
outer loop
vertex 65.13397459621561 -8.499999999999979 0
vertex 65.06030737921407 -8.65797985667438 0
vertex 59.5 -8.65797985667438 0
endloop
endfacet
facet normal 0 0 -1
outer loop
vertex 65.13397459621561 -8.499999999999979 0
vertex 59.5 -8.65797985667438 0
vertex 59.5 -8.499999999999979 0
endloop
endfacet
facet normal 0 0 -1
outer loop
vertex 84.5761204674887 -8.617316567634846 0
vertex 84.56378539361404 -8.65797985667438 0
vertex 78.93969262078593 -8.65797985667438 0
endloop
endfacet
facet normal 0 0 -1
outer loop
vertex 84.5761204674887 -8.617316567634846 0
vertex 78.93969262078593 -8.65797985667438 0
vertex 78.92073101770103 -8.617316567634846 0
endloop
endfacet
facet normal 0 0 -1
outer loop
vertex 84.56378539361404 -8.65797985667438 0
vertex 84.51921471959677 -8.804909677983915 0
vertex 78.97906234774987 -8.804909677983915 0
endloop
endfacet
facet normal 0 0 -1
outer loop
vertex 84.56378539361404 -8.65797985667438 0
vertex 78.97906234774987 -8.804909677983915 0
vertex 78.93969262078593 -8.65797985667438 0
endloop
endfacet
facet normal 0 0 -1
outer loop
vertex 93.74254811419361 -8.617316567634846 0
vertex 94.01045859403563 -8.804909677983915 0
vertex 86.48078528040324 -8.804909677983915 0
endloop
endfacet
facet normal 0 0 -1
outer loop
vertex 93.74254811419361 -8.617316567634846 0
vertex 86.48078528040324 -8.804909677983915 0
vertex 86.42387953251126 -8.617316567634846 0
endloop
endfacet
facet normal 0 0 -1
outer loop
vertex 65.06030737921407 -8.65797985667438 0
vertex 65.01519224698784 -8.82635182233295 0
vertex 59.5 -8.82635182233295 0
endloop
endfacet
facet normal 0 0 -1
outer loop
vertex 65.06030737921407 -8.65797985667438 0
vertex 59.5 -8.82635182233295 0
vertex 59.5 -8.65797985667438 0
endloop
endfacet
facet normal 0 0 -1
outer loop
vertex 84.51921471959677 -8.804909677983915 0
vertex 84.51710285270883 -8.82635182233295 0
vertex 78.98480775301219 -8.82635182233295 0
endloop
endfacet
facet normal 0 0 -1
outer loop
vertex 84.51921471959677 -8.804909677983915 0
vertex 78.98480775301219 -8.82635182233295 0
vertex 78.97906234774987 -8.804909677983915 0
endloop
endfacet
facet normal 0 0 -1
outer loop
vertex 65.01519224698784 -8.82635182233295 0
vertex 65 -8.999999999999993 0
vertex 59.5 -8.999999999999993 0
endloop
endfacet
facet normal 0 0 -1
outer loop
vertex 65.01519224698784 -8.82635182233295 0
vertex 59.5 -8.999999999999993 0
vertex 59.5 -8.82635182233295 0
endloop
endfacet
facet normal 0 0 -1
outer loop
vertex 84.51710285270883 -8.82635182233295 0
vertex 84.5 -8.999999999999993 0
vertex 79 -8.999999999999993 0
endloop
endfacet
facet normal 0 0 -1
outer loop
vertex 84.51710285270883 -8.82635182233295 0
vertex 79 -8.999999999999993 0
vertex 78.98480775301219 -8.82635182233295 0
endloop
endfacet
facet normal 0 0 -1
outer loop
vertex 94.01045859403563 -8.804909677983915 0
vertex 94.28907619191331 -8.999999999999993 0
vertex 86.5 -8.999999999999993 0
endloop
endfacet
facet normal 0 0 -1
outer loop
vertex 94.01045859403563 -8.804909677983915 0
vertex 86.5 -8.999999999999993 0
vertex 86.48078528040324 -8.804909677983915 0
endloop
endfacet
facet normal 0 0 -1
outer loop
vertex 84.5 -8.999999999999993 0
vertex 84.51921471959677 -9.19509032201615 0
vertex 79 -9.19509032201615 0
endloop
endfacet
facet normal 0 0 -1
outer loop
vertex 84.5 -8.999999999999993 0
vertex 79 -9.19509032201615 0
vertex 79 -8.999999999999993 0
endloop
endfacet
facet normal 0 0 -1
outer loop
vertex 94.28907619191331 -8.999999999999993 0
vertex 94.56769378979111 -9.19509032201615 0
vertex 86.48078528040321 -9.19509032201615 0
endloop
endfacet
facet normal 0 0 -1
outer loop
vertex 94.28907619191331 -8.999999999999993 0
vertex 86.48078528040321 -9.19509032201615 0
vertex 86.5 -8.999999999999993 0
endloop
endfacet
facet normal 0 0 -1
outer loop
vertex 84.51921471959677 -9.19509032201615 0
vertex 84.57612046748869 -9.382683432365063 0
vertex 79 -9.382683432365063 0
endloop
endfacet
facet normal 0 0 -1
outer loop
vertex 84.51921471959677 -9.19509032201615 0
vertex 79 -9.382683432365063 0
vertex 79 -9.19509032201615 0
endloop
endfacet
facet normal 0 0 -1
outer loop
vertex 94.56769378979111 -9.19509032201615 0
vertex 94.8356042696329 -9.382683432365063 0
vertex 86.42387953251128 -9.382683432365063 0
endloop
endfacet
facet normal 0 0 -1
outer loop
vertex 94.56769378979111 -9.19509032201615 0
vertex 86.42387953251128 -9.382683432365063 0
vertex 86.48078528040321 -9.19509032201615 0
endloop
endfacet
facet normal 0 0 -1
outer loop
vertex 84.57612046748869 -9.382683432365063 0
vertex 84.66853038769744 -9.555570233019587 0
vertex 79 -9.555570233019587 0
endloop
endfacet
facet normal 0 0 -1
outer loop
vertex 84.57612046748869 -9.382683432365063 0
vertex 79 -9.555570233019587 0
vertex 79 -9.382683432365063 0
endloop
endfacet
facet normal 0 0 -1
outer loop
vertex 94.8356042696329 -9.382683432365063 0
vertex 95.08251198194449 -9.555570233019587 0
vertex 86.33146961230253 -9.555570233019587 0
endloop
endfacet
facet normal 0 0 -1
outer loop
vertex 94.8356042696329 -9.382683432365063 0
vertex 86.33146961230253 -9.555570233019587 0
vertex 86.42387953251128 -9.382683432365063 0
endloop
endfacet
facet normal 0 0 -1
outer loop
vertex 84.66853038769744 -9.555570233019587 0
vertex 84.79289321881345 -9.70710678118655 0
vertex 79 -9.70710678118655 0
endloop
endfacet
facet normal 0 0 -1
outer loop
vertex 84.66853038769744 -9.555570233019587 0
vertex 79 -9.70710678118655 0
vertex 79 -9.555570233019587 0
endloop
endfacet
facet normal 0 0 -1
outer loop
vertex 95.08251198194449 -9.555570233019587 0
vertex 95.29892840180912 -9.70710678118655 0
vertex 86.20710678118655 -9.70710678118655 0
endloop
endfacet
facet normal 0 0 -1
outer loop
vertex 95.08251198194449 -9.555570233019587 0
vertex 86.20710678118655 -9.70710678118655 0
vertex 86.33146961230253 -9.555570233019587 0
endloop
endfacet
facet normal 0 0 -1
outer loop
vertex 84.79289321881345 -9.70710678118655 0
vertex 84.94442976698036 -9.831469612302527 0
vertex 79 -9.831469612302527 0
endloop
endfacet
facet normal 0 0 -1
outer loop
vertex 84.79289321881345 -9.70710678118655 0
vertex 79 -9.831469612302527 0
vertex 79 -9.70710678118655 0
endloop
endfacet
facet normal 0 0 -1
outer loop
vertex 95.29892840180912 -9.70710678118655 0
vertex 95.47653676757903 -9.831469612302527 0
vertex 86.05557023301962 -9.831469612302527 0
endloop
endfacet
facet normal 0 0 -1
outer loop
vertex 95.29892840180912 -9.70710678118655 0
vertex 86.05557023301962 -9.831469612302527 0
vertex 86.20710678118655 -9.70710678118655 0
endloop
endfacet
facet normal 0 0 -1
outer loop
vertex 84.94442976698036 -9.831469612302527 0
vertex 85.11731656763493 -9.923879532511293 0
vertex 79 -9.923879532511293 0
endloop
endfacet
facet normal 0 0 -1
outer loop
vertex 84.94442976698036 -9.831469612302527 0
vertex 79 -9.923879532511293 0
vertex 79 -9.831469612302527 0
endloop
endfacet
facet normal 0 0 -1
outer loop
vertex 95.47653676757903 -9.831469612302527 0
vertex 95.60851168936173 -9.923879532511293 0
vertex 85.88268343236507 -9.923879532511293 0
endloop
endfacet
facet normal 0 0 -1
outer loop
vertex 95.47653676757903 -9.831469612302527 0
vertex 85.88268343236507 -9.923879532511293 0
vertex 86.05557023301962 -9.831469612302527 0
endloop
endfacet
facet normal 0 0 -1
outer loop
vertex 85.11731656763493 -9.923879532511293 0
vertex 85.30490967798389 -9.980785280403232 0
vertex 79 -9.980785280403232 0
endloop
endfacet
facet normal 0 0 -1
outer loop
vertex 85.11731656763493 -9.923879532511293 0
vertex 79 -9.980785280403232 0
vertex 79 -9.923879532511293 0
endloop
endfacet
facet normal 0 0 -1
outer loop
vertex 95.60851168936173 -9.923879532511293 0
vertex 95.68978144492542 -9.980785280403232 0
vertex 85.69509032201613 -9.980785280403232 0
endloop
endfacet
facet normal 0 0 -1
outer loop
vertex 95.60851168936173 -9.923879532511293 0
vertex 85.69509032201613 -9.980785280403232 0
vertex 85.88268343236507 -9.923879532511293 0
endloop
endfacet
facet normal 0 0 -1
outer loop
vertex 85.30490967798389 -9.980785280403232 0
vertex 85.50000000000006 -10.000000000000007 0
vertex 79 -10.000000000000007 0
endloop
endfacet
facet normal 0 0 -1
outer loop
vertex 85.30490967798389 -9.980785280403232 0
vertex 79 -10.000000000000007 0
vertex 79 -9.980785280403232 0
endloop
endfacet
facet normal 0 0 -1
outer loop
vertex 95.68978144492542 -9.980785280403232 0
vertex 95.7172228831404 -10.000000000000007 0
vertex 85.50000000000006 -10.000000000000007 0
endloop
endfacet
facet normal 0 0 -1
outer loop
vertex 95.68978144492542 -9.980785280403232 0
vertex 85.50000000000006 -10.000000000000007 0
vertex 85.69509032201613 -9.980785280403232 0
endloop
endfacet
facet normal 0 0 -1
outer loop
vertex 85.50000000000006 -10.000000000000007 0
vertex 95.7172228831404 -10.000000000000007 0
vertex 99.06361576563589 -12.34317168050871 0
endloop
endfacet
facet normal 0 0 -1
outer loop
vertex 85.50000000000006 -10.000000000000007 0
vertex 99.06361576563589 -12.34317168050871 0
vertex 91.756860959336 -12.34317168050871 0
endloop
endfacet
facet normal 0 0 -1
outer loop
vertex 85.50000000000006 -10.000000000000007 0
vertex 91.756860959336 -12.34317168050871 0
vertex 79 -12.34317168050871 0
endloop
endfacet
facet normal 0 0 -1
outer loop
vertex 85.50000000000006 -10.000000000000007 0
vertex 79 -12.34317168050871 0
vertex 79 -10.000000000000007 0
endloop
endfacet
facet normal 0 0 -1
outer loop
vertex 99.06361576563589 -12.34317168050871 0
vertex 99.07729723297173 -12.352751555895388 0
vertex 91.91348816161701 -12.352751555895388 0
endloop
endfacet
facet normal 0 0 -1
outer loop
vertex 99.06361576563589 -12.34317168050871 0
vertex 91.91348816161701 -12.352751555895388 0
vertex 91.756860959336 -12.34317168050871 0
endloop
endfacet
facet normal 0 0 -1
outer loop
vertex 91.756860959336 -12.34317168050871 0
vertex 91.60066404924623 -12.358211909325824 0
vertex 79 -12.358211909325824 0
endloop
endfacet
facet normal 0 0 -1
outer loop
vertex 91.756860959336 -12.34317168050871 0
vertex 79 -12.358211909325824 0
vertex 79 -12.34317168050871 0
endloop
endfacet
facet normal 0 0 -1
outer loop
vertex 99.07729723297173 -12.352751555895388 0
vertex 99.12580293020278 -12.386715642028143 0
vertex 92.06668834229566 -12.386715642028143 0
endloop
endfacet
facet normal 0 0 -1
outer loop
vertex 99.07729723297173 -12.352751555895388 0
vertex 92.06668834229566 -12.386715642028143 0
vertex 91.91348816161701 -12.352751555895388 0
endloop
endfacet
facet normal 0 0 -1
outer loop
vertex 91.60066404924623 -12.358211909325824 0
vertex 91.4487425001643 -12.397501893940586 0
vertex 79 -12.397501893940586 0
endloop
endfacet
facet normal 0 0 -1
outer loop
vertex 91.60066404924623 -12.358211909325824 0
vertex 79 -12.397501893940586 0
vertex 79 -12.358211909325824 0
endloop
endfacet
facet normal 0 0 -1
outer loop
vertex 99.12580293020278 -12.386715642028143 0
vertex 99.20793846009765 -12.444227612191582 0
vertex 92.21268912241248 -12.444227612191582 0
endloop
endfacet
facet normal 0 0 -1
outer loop
vertex 99.12580293020278 -12.386715642028143 0
vertex 92.21268912241248 -12.444227612191582 0
vertex 92.06668834229566 -12.386715642028143 0
endloop
endfacet
facet normal 0 0 -1
outer loop
vertex 91.4487425001643 -12.397501893940586 0
vertex 91.30483794108535 -12.460074163488294 0
vertex 79 -12.460074163488294 0
endloop
endfacet
facet normal 0 0 -1
outer loop
vertex 91.4487425001643 -12.397501893940586 0
vertex 79 -12.460074163488294 0
vertex 79 -12.397501893940586 0
endloop
endfacet
facet normal 0 0 -1
outer loop
vertex -6 -7 0
vertex 5.999999999999986 -7 0
vertex 24.141219736207958 -7 0
endloop
endfacet
facet normal 0 0 -1
outer loop
vertex -6 -7 0
vertex 24.141219736207958 -7 0
vertex 11.779540599999976 -12.297862500000011 0
endloop
endfacet
facet normal 0 0 -1
outer loop
vertex -6 -7 0
vertex 11.779540599999976 -12.297862500000011 0
vertex 11.542299704444886 -12.385614080130658 0
endloop
endfacet
facet normal 0 0 -1
outer loop
vertex -6 -7 0
vertex 11.542299704444886 -12.385614080130658 0
vertex 11.297406011523485 -12.448944472065456 0
endloop
endfacet
facet normal 0 0 -1
outer loop
vertex -6 -7 0
vertex 11.297406011523485 -12.448944472065456 0
vertex 11.047366292376772 -12.48720408816828 0
endloop
endfacet
facet normal 0 0 -1
outer loop
vertex -6 -7 0
vertex 11.047366292376772 -12.48720408816828 0
vertex 10.79474029999993 -12.500001250000004 0
endloop
endfacet
facet normal 0 0 -1
outer loop
vertex -6 -7 0
vertex 10.79474029999993 -12.500001250000004 0
vertex -10 -12.5 0
endloop
endfacet
facet normal 0 0 -1
outer loop
vertex -6 -7 0
vertex -10 -12.5 0
vertex -10.43412044416732 -12.46201938253052 0
endloop
endfacet
facet normal 0 0 -1
outer loop
vertex -6 -7 0
vertex -10.43412044416732 -12.46201938253052 0
vertex -10.855050358314173 -12.34923155196477 0
endloop
endfacet
facet normal 0 0 -1
outer loop
vertex -6 -7 0
vertex -10.855050358314173 -12.34923155196477 0
vertex -11.25 -12.165063509461095 0
endloop
endfacet
facet normal 0 0 -1
outer loop
vertex -6 -7 0
vertex -11.25 -12.165063509461095 0
vertex -11.606969024216333 -11.915111107797458 0
endloop
endfacet
facet normal 0 0 -1
outer loop
vertex -6 -7 0
vertex -11.606969024216333 -11.915111107797458 0
vertex -11.915111107797458 -11.606969024216337 0
endloop
endfacet
facet normal 0 0 -1
outer loop
vertex -6 -7 0
vertex -11.915111107797458 -11.606969024216337 0
vertex -12.165063509461092 -11.25 0
endloop
endfacet
facet normal 0 0 -1
outer loop
vertex -6 -7 0
vertex -12.165063509461092 -11.25 0
vertex -12.349231551964763 -10.85505035831418 0
endloop
endfacet
facet normal 0 0 -1
outer loop
vertex -6 -7 0
vertex -12.349231551964763 -10.85505035831418 0
vertex -12.46201938253052 -10.434120444167323 0
endloop
endfacet
facet normal 0 0 -1
outer loop
vertex -6 -7 0
vertex -12.46201938253052 -10.434120444167323 0
vertex -12.5 -10.000000000000007 0
endloop
endfacet
facet normal 0 0 -1
outer loop
vertex -6 -7 0
vertex -12.5 -10.000000000000007 0
vertex -12.5 -7 0
endloop
endfacet
facet normal 0 0 -1
outer loop
vertex 99.20793846009765 -12.444227612191582 0
vertex 99.32168318590904 -12.523872599999983 0
vertex 92.34789079999999 -12.523872599999983 0
endloop
endfacet
facet normal 0 0 -1
outer loop
vertex 99.20793846009765 -12.444227612191582 0
vertex 92.34789079999999 -12.523872599999983 0
vertex 92.21268912241248 -12.444227612191582 0
endloop
endfacet
facet normal 0 0 -1
outer loop
vertex 91.30483794108535 -12.460074163488294 0
vertex 91.17249361402153 -12.544387947507346 0
vertex 79 -12.544387947507346 0
endloop
endfacet
facet normal 0 0 -1
outer loop
vertex 91.30483794108535 -12.460074163488294 0
vertex 79 -12.544387947507346 0
vertex 79 -12.460074163488294 0
endloop
endfacet
facet normal 0 0 -1
outer loop
vertex 91.17249361402153 -12.544387947507346 0
vertex 91.05496759768359 -12.64836711564736 0
vertex 79 -12.64836711564736 0
endloop
endfacet
facet normal 0 0 -1
outer loop
vertex 91.17249361402153 -12.544387947507346 0
vertex 79 -12.64836711564736 0
vertex 79 -12.544387947507346 0
endloop
endfacet
facet normal 0 0 -1
outer loop
vertex 91.05496759768359 -12.64836711564736 0
vertex 90.95515540000015 -12.769451299999801 0
vertex 79 -12.769451299999801 0
endloop
endfacet
facet normal 0 0 -1
outer loop
vertex 91.05496759768359 -12.64836711564736 0
vertex 79 -12.769451299999801 0
vertex 79 -12.64836711564736 0
endloop
endfacet
facet normal 0 0 -1
outer loop
vertex 99.32168318590904 -12.523872599999983 0
vertex 105 -16.499876499999996 0
vertex 98.0262091600286 -16.499876499999996 0
endloop
endfacet
facet normal 0 0 -1
outer loop
vertex 99.32168318590904 -12.523872599999983 0
vertex 98.0262091600286 -16.499876499999996 0
vertex 92.34789079999999 -12.523872599999983 0
endloop
endfacet
facet normal 0 0 -1
outer loop
vertex 107.61517019078084 -16.499876499999996 0
vertex 105 -16.499876499999996 0
vertex 105 -14.668714600000001 0
endloop
endfacet
facet normal 0 0 -1
outer loop
vertex 105 -16.499876499999996 0
vertex 107.61517019078084 -16.499876499999996 0
vertex 108.6089940999999 -17.195759499999934 0
endloop
endfacet
facet normal 0 0 -1
outer loop
vertex 105 -16.499876499999996 0
vertex 108.6089940999999 -17.195759499999934 0
vertex 108.9428178122555 -17.47587278000411 0
endloop
endfacet
facet normal 0 0 -1
outer loop
vertex 105 -16.499876499999996 0
vertex 108.9428178122555 -17.47587278000411 0
vertex 109.2229309151369 -17.809698481108132 0
endloop
endfacet
facet normal 0 0 -1
outer loop
vertex 105 -16.499876499999996 0
vertex 109.2229309151369 -17.809698481108132 0
vertex 109.44082026995225 -18.18709373569093 0
endloop
endfacet
facet normal 0 0 -1
outer loop
vertex 105 -16.499876499999996 0
vertex 109.44082026995225 -18.18709373569093 0
vertex 109.5898654237316 -18.596591588259525 0
endloop
endfacet
facet normal 0 0 -1
outer loop
vertex 105 -16.499876499999996 0
vertex 109.5898654237316 -18.596591588259525 0
vertex 109.6655377181941 -19.025749662836024 0
endloop
endfacet
facet normal 0 0 -1
outer loop
vertex 105 -16.499876499999996 0
vertex 109.6655377181941 -19.025749662836024 0
vertex 109.66553786897906 -19.406794149999968 0
endloop
endfacet
facet normal 0 0 -1
outer loop
vertex 105 -16.499876499999996 0
vertex 109.66553786897906 -19.406794149999968 0
vertex 102.17771554999995 -19.406794149999968 0
endloop
endfacet
facet normal 0 0 -1
outer loop
vertex 105 -16.499876499999996 0
vertex 102.17771554999995 -19.406794149999968 0
vertex 98.0262091600286 -16.499876499999996 0
endloop
endfacet
facet normal 0 0 -1
outer loop
vertex 109.66553786897906 -19.406794149999968 0
vertex 109.66553789063813 -19.46152821798015 0
vertex 109.65543252665357 -19.518838738983153 0
endloop
endfacet
facet normal 0 0 -1
outer loop
vertex 109.66553786897906 -19.406794149999968 0
vertex 109.65543252665357 -19.518838738983153 0
vertex 102.31124490969975 -19.518838738983153 0
endloop
endfacet
facet normal 0 0 -1
outer loop
vertex 109.66553786897906 -19.406794149999968 0
vertex 102.31124490969975 -19.518838738983153 0
vertex 102.17771554999995 -19.406794149999968 0
endloop
endfacet
facet normal 0 0 -1
outer loop
vertex 109.65543252665357 -19.518838738983153 0
vertex 109.63188775814882 -19.652368115259353 0
vertex 102.42328947892779 -19.652368115259353 0
endloop
endfacet
facet normal 0 0 -1
outer loop
vertex 109.65543252665357 -19.518838738983153 0
vertex 102.42328947892779 -19.652368115259353 0
vertex 102.31124490969975 -19.518838738983153 0
endloop
endfacet
facet normal 0 0 -1
outer loop
vertex 109.63188775814882 -19.652368115259353 0
vertex 109.60527003827202 -19.80332511160136 0
vertex 102.51044488654908 -19.80332511160136 0
endloop
endfacet
facet normal 0 0 -1
outer loop
vertex 109.63188775814882 -19.652368115259353 0
vertex 102.51044488654908 -19.80332511160136 0
vertex 102.42328947892779 -19.652368115259353 0
endloop
endfacet
facet normal 0 0 -1
outer loop
vertex 109.60527003827202 -19.80332511160136 0
vertex 109.58986593582404 -19.890686352445965 0
vertex 109.56204530254313 -19.967123038582425 0
endloop
endfacet
facet normal 0 0 -1
outer loop
vertex 109.60527003827202 -19.80332511160136 0
vertex 109.56204530254313 -19.967123038582425 0
vertex 102.57006299570148 -19.967123038582425 0
endloop
endfacet
facet normal 0 0 -1
outer loop
vertex 109.60527003827202 -19.80332511160136 0
vertex 102.57006299570148 -19.967123038582425 0
vertex 102.51044488654908 -19.80332511160136 0
endloop
endfacet
facet normal 0 0 -1
outer loop
vertex 109.56204530254313 -19.967123038582425 0
vertex 109.49956554284302 -20.138785046914716 0
vertex 102.60033236499771 -20.138785046914716 0
endloop
endfacet
facet normal 0 0 -1
outer loop
vertex 109.56204530254313 -19.967123038582425 0
vertex 102.60033236499771 -20.138785046914716 0
vertex 102.57006299570148 -19.967123038582425 0
endloop
endfacet
facet normal 0 0 -1
outer loop
vertex 109.49956554284302 -20.138785046914716 0
vertex 109.44082110613347 -20.300184322973273 0
vertex 109.43336693451829 -20.313095344434213 0
endloop
endfacet
facet normal 0 0 -1
outer loop
vertex 109.49956554284302 -20.138785046914716 0
vertex 109.43336693451829 -20.313095344434213 0
vertex 102.60033328750485 -20.313095344434213 0
endloop
endfacet
facet normal 0 0 -1
outer loop
vertex 109.49956554284302 -20.138785046914716 0
vertex 102.60033328750485 -20.313095344434213 0
vertex 102.60033236499771 -20.138785046914716 0
endloop
endfacet
facet normal 0 0 -1
outer loop
vertex 109.43336693451829 -20.313095344434213 0
vertex 109.33425777712415 -20.484757673147545 0
vertex 102.57006573519338 -20.484757673147545 0
endloop
endfacet
facet normal 0 0 -1
outer loop
vertex 109.43336693451829 -20.313095344434213 0
vertex 102.57006573519338 -20.484757673147545 0
vertex 102.60033328750485 -20.313095344434213 0
endloop
endfacet
facet normal 0 0 -1
outer loop
vertex 109.33425777712415 -20.484757673147545 0
vertex 109.23968876371077 -20.648556231156693 0
vertex 102.51044935978872 -20.648556231156693 0
endloop
endfacet
facet normal 0 0 -1
outer loop
vertex 109.33425777712415 -20.484757673147545 0
vertex 102.51044935978872 -20.648556231156693 0
vertex 102.57006573519338 -20.484757673147545 0
endloop
endfacet
facet normal 0 0 -1
outer loop
vertex 109.23968876371077 -20.648556231156693 0
vertex 109.22293204999995 -20.677579750000085 0
vertex 109.13754977025202 -20.799518299999992 0
endloop
endfacet
facet normal 0 0 -1
outer loop
vertex 109.23968876371077 -20.648556231156693 0
vertex 109.13754977025202 -20.799518299999992 0
vertex 102.42329110000001 -20.799518299999992 0
endloop
endfacet
facet normal 0 0 -1
outer loop
vertex 109.23968876371077 -20.648556231156693 0
vertex 102.42329110000001 -20.799518299999992 0
vertex 102.51044935978872 -20.648556231156693 0
endloop
endfacet
facet normal 0 0 -1
outer loop
vertex 65 -8.999999999999993 0
vertex 65 -21 0
vertex 59.5 -21 0
endloop
endfacet
facet normal 0 0 -1
outer loop
vertex 65 -8.999999999999993 0
vertex 59.5 -21 0
vertex 59.5 -8.999999999999993 0
endloop
endfacet
facet normal 0 0 -1
outer loop
vertex 90.95515540000015 -12.769451299999801 0
vertex 85.19206724569601 -21 0
vertex 79 -21 0
endloop
endfacet
facet normal 0 0 -1
outer loop
vertex 90.95515540000015 -12.769451299999801 0
vertex 79 -21 0
vertex 79 -12.769451299999801 0
endloop
endfacet
facet normal 0 0 -1
outer loop
vertex 65 -21 0
vertex 65.0151922469878 -21.17364817766695 0
vertex 59.5 -21.17364817766695 0
endloop
endfacet
facet normal 0 0 -1
outer loop
vertex 65 -21 0
vertex 59.5 -21.17364817766695 0
vertex 59.5 -21 0
endloop
endfacet
facet normal 0 0 -1
outer loop
vertex 85.19206724569601 -21 0
vertex 85.07047756896779 -21.17364817766695 0
vertex 78.98480775301219 -21.17364817766695 0
endloop
endfacet
facet normal 0 0 -1
outer loop
vertex 85.19206724569601 -21 0
vertex 78.98480775301219 -21.17364817766695 0
vertex 79 -21 0
endloop
endfacet
facet normal 0 0 -1
outer loop
vertex 65.0151922469878 -21.17364817766695 0
vertex 65.06030737921408 -21.34202014332559 0
vertex 59.5 -21.34202014332559 0
endloop
endfacet
facet normal 0 0 -1
outer loop
vertex 65.0151922469878 -21.17364817766695 0
vertex 59.5 -21.34202014332559 0
vertex 59.5 -21.17364817766695 0
endloop
endfacet
facet normal 0 0 -1
outer loop
vertex 85.07047756896779 -21.17364817766695 0
vertex 84.95258233303969 -21.34202014332559 0
vertex 78.93969262078592 -21.34202014332559 0
endloop
endfacet
facet normal 0 0 -1
outer loop
vertex 85.07047756896779 -21.17364817766695 0
vertex 78.93969262078592 -21.34202014332559 0
vertex 78.98480775301219 -21.17364817766695 0
endloop
endfacet
facet normal 0 0 -1
outer loop
vertex 65.06030737921408 -21.34202014332559 0
vertex 65.13397459621562 -21.50000000000006 0
vertex 59.5 -21.50000000000006 0
endloop
endfacet
facet normal 0 0 -1
outer loop
vertex 65.06030737921408 -21.34202014332559 0
vertex 59.5 -21.50000000000006 0
vertex 59.5 -21.34202014332559 0
endloop
endfacet
facet normal 0 0 -1
outer loop
vertex 84.95258233303969 -21.34202014332559 0
vertex 84.84196372499729 -21.50000000000006 0
vertex 78.86602540378439 -21.50000000000006 0
endloop
endfacet
facet normal 0 0 -1
outer loop
vertex 84.95258233303969 -21.34202014332559 0
vertex 78.86602540378439 -21.50000000000006 0
vertex 78.93969262078592 -21.34202014332559 0
endloop
endfacet
facet normal 0 0 -1
outer loop
vertex 65.13397459621562 -21.50000000000006 0
vertex 65.23395555688103 -21.64278760968657 0
vertex 59.5 -21.64278760968657 0
endloop
endfacet
facet normal 0 0 -1
outer loop
vertex 65.13397459621562 -21.50000000000006 0
vertex 59.5 -21.64278760968657 0
vertex 59.5 -21.50000000000006 0
endloop
endfacet
facet normal 0 0 -1
outer loop
vertex 84.84196372499729 -21.50000000000006 0
vertex 84.74198283527048 -21.64278760968657 0
vertex 78.76604444311894 -21.64278760968657 0
endloop
endfacet
facet normal 0 0 -1
outer loop
vertex 84.84196372499729 -21.50000000000006 0
vertex 78.76604444311894 -21.64278760968657 0
vertex 78.86602540378439 -21.50000000000006 0
endloop
endfacet
facet normal 0 0 -1
outer loop
vertex 65.23395555688103 -21.64278760968657 0
vertex 65.35721239031336 -21.766044443118922 0
vertex 59.5 -21.766044443118922 0
endloop
endfacet
facet normal 0 0 -1
outer loop
vertex 65.23395555688103 -21.64278760968657 0
vertex 59.5 -21.766044443118922 0
vertex 59.5 -21.64278760968657 0
endloop
endfacet
facet normal 0 0 -1
outer loop
vertex 84.74198283527048 -21.64278760968657 0
vertex 84.6556775326008 -21.766044443118922 0
vertex 78.64278760968661 -21.766044443118922 0
endloop
endfacet
facet normal 0 0 -1
outer loop
vertex 84.74198283527048 -21.64278760968657 0
vertex 78.64278760968661 -21.766044443118922 0
vertex 78.76604444311894 -21.64278760968657 0
endloop
endfacet
facet normal 0 0 -1
outer loop
vertex 65.35721239031336 -21.766044443118922 0
vertex 65.50000000000007 -21.86602540378445 0
vertex 59.5 -21.86602540378445 0
endloop
endfacet
facet normal 0 0 -1
outer loop
vertex 65.35721239031336 -21.766044443118922 0
vertex 59.5 -21.86602540378445 0
vertex 59.5 -21.766044443118922 0
endloop
endfacet
facet normal 0 0 -1
outer loop
vertex 84.6556775326008 -21.766044443118922 0
vertex 84.58567015993712 -21.86602540378445 0
vertex 78.49999999999996 -21.86602540378445 0
endloop
endfacet
facet normal 0 0 -1
outer loop
vertex 84.6556775326008 -21.766044443118922 0
vertex 78.49999999999996 -21.86602540378445 0
vertex 78.64278760968661 -21.766044443118922 0
endloop
endfacet
facet normal 0 0 -1
outer loop
vertex 65.50000000000007 -21.86602540378445 0
vertex 65.65797985667433 -21.939692620785916 0
vertex 59.5 -21.939692620785916 0
endloop
endfacet
facet normal 0 0 -1
outer loop
vertex 65.50000000000007 -21.86602540378445 0
vertex 59.5 -21.939692620785916 0
vertex 59.5 -21.86602540378445 0
endloop
endfacet
facet normal 0 0 -1
outer loop
vertex 84.58567015993712 -21.86602540378445 0
vertex 84.53408785587256 -21.939692620785916 0
vertex 78.34202014332564 -21.939692620785916 0
endloop
endfacet
facet normal 0 0 -1
outer loop
vertex 84.58567015993712 -21.86602540378445 0
vertex 78.34202014332564 -21.939692620785916 0
vertex 78.49999999999996 -21.86602540378445 0
endloop
endfacet
facet normal 0 0 -1
outer loop
vertex 65.65797985667433 -21.939692620785916 0
vertex 65.82635182233307 -21.98480775301221 0
vertex 59.5 -21.98480775301221 0
endloop
endfacet
facet normal 0 0 -1
outer loop
vertex 65.65797985667433 -21.939692620785916 0
vertex 59.5 -21.98480775301221 0
vertex 59.5 -21.939692620785916 0
endloop
endfacet
facet normal 0 0 -1
outer loop
vertex 84.53408785587256 -21.939692620785916 0
vertex 84.50249792261413 -21.98480775301221 0
vertex 78.17364817766695 -21.98480775301221 0
endloop
endfacet
facet normal 0 0 -1
outer loop
vertex 84.53408785587256 -21.939692620785916 0
vertex 78.17364817766695 -21.98480775301221 0
vertex 78.34202014332564 -21.939692620785916 0
endloop
endfacet
facet normal 0 0 -1
outer loop
vertex 65.82635182233307 -21.98480775301221 0
vertex 66.00000000000001 -22 0
vertex 59.5 -22 0
endloop
endfacet
facet normal 0 0 -1
outer loop
vertex 65.82635182233307 -21.98480775301221 0
vertex 59.5 -22 0
vertex 59.5 -21.98480775301221 0
endloop
endfacet
facet normal 0 0 -1
outer loop
vertex 84.50249792261413 -21.98480775301221 0
vertex 84.49186020429863 -22 0
vertex 78 -22 0
endloop
endfacet
facet normal 0 0 -1
outer loop
vertex 84.50249792261413 -21.98480775301221 0
vertex 78 -22 0
vertex 78.17364817766695 -21.98480775301221 0
endloop
endfacet
facet normal 0 0 -1
outer loop
vertex 66.00000000000001 -22 0
vertex 78 -22 0
vertex 84.49186020429863 -22 0
endloop
endfacet
facet normal 0 0 -1
outer loop
vertex 66.00000000000001 -22 0
vertex 84.49186020429863 -22 0
vertex 84.0722450999999 -22.59927290000014 0
endloop
endfacet
facet normal 0 0 -1
outer loop
vertex 66.00000000000001 -22 0
vertex 84.0722450999999 -22.59927290000014 0
vertex 59.5 -22.59927290000014 0
endloop
endfacet
facet normal 0 0 -1
outer loop
vertex 66.00000000000001 -22 0
vertex 59.5 -22.59927290000014 0
vertex 59.5 -22 0
endloop
endfacet
facet normal 0 0 -1
outer loop
vertex 84.0722450999999 -22.59927290000014 0
vertex 83.98508874021131 -22.75023436884326 0
vertex 59.5 -22.75023436884326 0
endloop
endfacet
facet normal 0 0 -1
outer loop
vertex 84.0722450999999 -22.59927290000014 0
vertex 59.5 -22.75023436884326 0
vertex 59.5 -22.59927290000014 0
endloop
endfacet
facet normal 0 0 -1
outer loop
vertex 83.98508874021131 -22.75023436884326 0
vertex 83.9254723648066 -22.914032926852556 0
vertex 59.5 -22.914032926852556 0
endloop
endfacet
facet normal 0 0 -1
outer loop
vertex 83.98508874021131 -22.75023436884326 0
vertex 59.5 -22.914032926852556 0
vertex 59.5 -22.75023436884326 0
endloop
endfacet
facet normal 0 0 -1
outer loop
vertex 83.9254723648066 -22.914032926852556 0
vertex 83.89520481249517 -23.08569525556566 0
vertex 59.5 -23.08569525556566 0
endloop
endfacet
facet normal 0 0 -1
outer loop
vertex 83.9254723648066 -22.914032926852556 0
vertex 59.5 -23.08569525556566 0
vertex 59.5 -22.914032926852556 0
endloop
endfacet
facet normal 0 0 -1
outer loop
vertex 83.89520481249517 -23.08569525556566 0
vertex 83.8952057350023 -23.26000555308532 0
vertex 59.5 -23.26000555308532 0
endloop
endfacet
facet normal 0 0 -1
outer loop
vertex 83.89520481249517 -23.08569525556566 0
vertex 59.5 -23.26000555308532 0
vertex 59.5 -23.08569525556566 0
endloop
endfacet
facet normal 0 0 -1
outer loop
vertex 83.8952057350023 -23.26000555308532 0
vertex 83.92547510429853 -23.4316675614176 0
vertex 59.5 -23.4316675614176 0
endloop
endfacet
facet normal 0 0 -1
outer loop
vertex 83.8952057350023 -23.26000555308532 0
vertex 59.5 -23.4316675614176 0
vertex 59.5 -23.26000555308532 0
endloop
endfacet
facet normal 0 0 -1
outer loop
vertex 83.92547510429853 -23.4316675614176 0
vertex 83.98509321345092 -23.59546548839868 0
vertex 59.5 -23.59546548839868 0
endloop
endfacet
facet normal 0 0 -1
outer loop
vertex 83.92547510429853 -23.4316675614176 0
vertex 59.5 -23.59546548839868 0
vertex 59.5 -23.4316675614176 0
endloop
endfacet
facet normal 0 0 -1
outer loop
vertex 83.98509321345092 -23.59546548839868 0
vertex 84.07224862107216 -23.74642248474057 0
vertex 59.5 -23.74642248474057 0
endloop
endfacet
facet normal 0 0 -1
outer loop
vertex 83.98509321345092 -23.59546548839868 0
vertex 59.5 -23.74642248474057 0
vertex 59.5 -23.59546548839868 0
endloop
endfacet
facet normal 0 0 -1
outer loop
vertex 84.07224862107216 -23.74642248474057 0
vertex 84.18429319030031 -23.879951861016917 0
vertex 59.5 -23.879951861016917 0
endloop
endfacet
facet normal 0 0 -1
outer loop
vertex 84.07224862107216 -23.74642248474057 0
vertex 59.5 -23.879951861016917 0
vertex 59.5 -23.74642248474057 0
endloop
endfacet
facet normal 0 0 -1
outer loop
vertex 84.18429319030031 -23.879951861016917 0
vertex 84.31782255 -23.99199645 0
vertex 59.5 -23.99199645 0
endloop
endfacet
facet normal 0 0 -1
outer loop
vertex 84.18429319030031 -23.879951861016917 0
vertex 59.5 -23.99199645 0
vertex 59.5 -23.879951861016917 0
endloop
endfacet
facet normal 0 0 -1
outer loop
vertex 84.31782255 -23.99199645 0
vertex 89.32776639393424 -27.5 0
vertex 80.50689780000002 -27.5 0
endloop
endfacet
facet normal 0 0 -1
outer loop
vertex 84.31782255 -23.99199645 0
vertex 80.50689780000002 -27.5 0
vertex 61.99999999999999 -27.5 0
endloop
endfacet
facet normal 0 0 -1
outer loop
vertex 84.31782255 -23.99199645 0
vertex 61.99999999999999 -27.5 0
vertex 61.565879555832666 -27.46201938253052 0
endloop
endfacet
facet normal 0 0 -1
outer loop
vertex 84.31782255 -23.99199645 0
vertex 61.565879555832666 -27.46201938253052 0
vertex 61.14494964168581 -27.34923155196477 0
endloop
endfacet
facet normal 0 0 -1
outer loop
vertex 84.31782255 -23.99199645 0
vertex 61.14494964168581 -27.34923155196477 0
vertex 60.75000000000001 -27.1650635094611 0
endloop
endfacet
facet normal 0 0 -1
outer loop
vertex 84.31782255 -23.99199645 0
vertex 60.75000000000001 -27.1650635094611 0
vertex 60.39303097578366 -26.91511110779745 0
endloop
endfacet
facet normal 0 0 -1
outer loop
vertex 84.31782255 -23.99199645 0
vertex 60.39303097578366 -26.91511110779745 0
vertex 60.084888892202564 -26.606969024216347 0
endloop
endfacet
facet normal 0 0 -1
outer loop
vertex 84.31782255 -23.99199645 0
vertex 60.084888892202564 -26.606969024216347 0
vertex 59.83493649053886 -26.249999999999936 0
endloop
endfacet
facet normal 0 0 -1
outer loop
vertex 84.31782255 -23.99199645 0
vertex 59.83493649053886 -26.249999999999936 0
vertex 59.65076844803526 -25.855050358314266 0
endloop
endfacet
facet normal 0 0 -1
outer loop
vertex 84.31782255 -23.99199645 0
vertex 59.65076844803526 -25.855050358314266 0
vertex 59.53798061746948 -25.434120444167306 0
endloop
endfacet
facet normal 0 0 -1
outer loop
vertex 84.31782255 -23.99199645 0
vertex 59.53798061746948 -25.434120444167306 0
vertex 59.5 -25.000000000000007 0
endloop
endfacet
facet normal 0 0 -1
outer loop
vertex 84.31782255 -23.99199645 0
vertex 59.5 -25.000000000000007 0
vertex 59.5 -23.99199645 0
endloop
endfacet
facet normal 0 0 -1
outer loop
vertex 109.13754977025202 -20.799518299999992 0
vertex 102.25463598708272 -30.629339300000076 0
vertex 95.54036769999993 -30.629339300000076 0
endloop
endfacet
facet normal 0 0 -1
outer loop
vertex 109.13754977025202 -20.799518299999992 0
vertex 95.54036769999993 -30.629339300000076 0
vertex 102.42329110000001 -20.799518299999992 0
endloop
endfacet
facet normal 0 0 -1
outer loop
vertex 102.25463598708272 -30.629339300000076 0
vertex 102.16113773616499 -30.762868659699713 0
vertex 95.42832311101691 -30.762868659699713 0
endloop
endfacet
facet normal 0 0 -1
outer loop
vertex 102.25463598708272 -30.629339300000076 0
vertex 95.42832311101691 -30.762868659699713 0
vertex 95.54036769999993 -30.629339300000076 0
endloop
endfacet
facet normal 0 0 -1
outer loop
vertex 102.16113773616499 -30.762868659699713 0
vertex 102.08268329534972 -30.874913228927788 0
vertex 95.29479373474064 -30.874913228927788 0
endloop
endfacet
facet normal 0 0 -1
outer loop
vertex 102.16113773616499 -30.762868659699713 0
vertex 95.29479373474064 -30.874913228927788 0
vertex 95.42832311101691 -30.762868659699713 0
endloop
endfacet
facet normal 0 0 -1
outer loop
vertex 89.32776639393424 -27.5 0
vertex 94.14764539999997 -30.87491859999998 0
vertex 85.08536435814473 -30.87491859999998 0
endloop
endfacet
facet normal 0 0 -1
outer loop
vertex 89.32776639393424 -27.5 0
vertex 85.08536435814473 -30.87491859999998 0
vertex 80.50689780000002 -27.5 0
endloop
endfacet
facet normal 0 0 -1
outer loop
vertex 102.08268329534972 -30.874913228927788 0
vertex 102.02165643062918 -30.962068636549056 0
vertex 95.14383673839868 -30.962068636549056 0
endloop
endfacet
facet normal 0 0 -1
outer loop
vertex 102.08268329534972 -30.874913228927788 0
vertex 95.14383673839868 -30.962068636549056 0
vertex 95.29479373474064 -30.874913228927788 0
endloop
endfacet
facet normal 0 0 -1
outer loop
vertex 94.14764539999997 -30.87491859999998 0
vertex 94.2986056188434 -30.96207310978877 0
vertex 85.2035995086042 -30.96207310978877 0
endloop
endfacet
facet normal 0 0 -1
outer loop
vertex 94.14764539999997 -30.87491859999998 0
vertex 85.2035995086042 -30.96207310978877 0
vertex 85.08536435814473 -30.87491859999998 0
endloop
endfacet
facet normal 0 0 -1
outer loop
vertex 102.02165643062918 -30.962068636549056 0
vertex 101.97991138713226 -31.021686745701523 0
vertex 94.98003881141743 -31.021686745701523 0
endloop
endfacet
facet normal 0 0 -1
outer loop
vertex 102.02165643062918 -30.962068636549056 0
vertex 94.98003881141743 -31.021686745701523 0
vertex 95.14383673839868 -30.962068636549056 0
endloop
endfacet
facet normal 0 0 -1
outer loop
vertex 94.2986056188434 -30.96207310978877 0
vertex 94.46240417685239 -31.02168948519337 0
vertex 85.28447600177586 -31.02168948519337 0
endloop
endfacet
facet normal 0 0 -1
outer loop
vertex 94.2986056188434 -30.96207310978877 0
vertex 85.28447600177586 -31.02168948519337 0
vertex 85.2035995086042 -30.96207310978877 0
endloop
endfacet
facet normal 0 0 -1
outer loop
vertex 94.46240417685239 -31.02168948519337 0
vertex 94.63406650556576 -31.05195703750484 0
vertex 85.32553742946628 -31.05195703750484 0
endloop
endfacet
facet normal 0 0 -1
outer loop
vertex 94.46240417685239 -31.02168948519337 0
vertex 85.32553742946628 -31.05195703750484 0
vertex 85.28447600177586 -31.02168948519337 0
endloop
endfacet
facet normal 0 0 -1
outer loop
vertex 101.97991138713226 -31.021686745701523 0
vertex 101.95874304689742 -31.051918272919586 0
vertex 94.80837680308541 -31.05195703750484 0
endloop
endfacet
facet normal 0 0 -1
outer loop
vertex 101.97991138713226 -31.021686745701523 0
vertex 94.80837680308541 -31.05195703750484 0
vertex 94.98003881141743 -31.021686745701523 0
endloop
endfacet
facet normal 0 0 -1
outer loop
vertex 101.95871590364648 -31.05195703750484 0
vertex 94.63406650556576 -31.05195703750484 0
vertex 94.80837680308541 -31.05195703750484 0
endloop
endfacet
facet normal 0 0 -1
outer loop
vertex 101.95871590364648 -31.05195703750484 0
vertex 94.80837680308541 -31.05195703750484 0
vertex 101.95874304689742 -31.051918272919586 0
endloop
endfacet
facet normal 0 0 -1
outer loop
vertex 94.63406650556576 -31.05195703750484 0
vertex 101.95871590364648 -31.05195703750484 0
vertex 97.76554210000009 -37.04043069999993 0
endloop
endfacet
facet normal 0 0 -1
outer loop
vertex 94.63406650556576 -31.05195703750484 0
vertex 97.76554210000009 -37.04043069999993 0
vertex 97.5117813949238 -37.34750959393422 0
endloop
endfacet
facet normal 0 0 -1
outer loop
vertex 94.63406650556576 -31.05195703750484 0
vertex 97.5117813949238 -37.34750959393422 0
vertex 97.21246219794175 -37.61038253004432 0
endloop
endfacet
facet normal 0 0 -1
outer loop
vertex 94.63406650556576 -31.05195703750484 0
vertex 97.21246219794175 -37.61038253004432 0
vertex 96.87518849252608 -37.82237453427169 0
endloop
endfacet
facet normal 0 0 -1
outer loop
vertex 94.63406650556576 -31.05195703750484 0
vertex 96.87518849252608 -37.82237453427169 0
vertex 96.50852401757587 -37.97810290365504 0
endloop
endfacet
facet normal 0 0 -1
outer loop
vertex 94.63406650556576 -31.05195703750484 0
vertex 96.50852401757587 -37.97810290365504 0
vertex 96.12177877495846 -38.073613528896075 0
endloop
endfacet
facet normal 0 0 -1
outer loop
vertex 94.63406650556576 -31.05195703750484 0
vertex 96.12177877495846 -38.073613528896075 0
vertex 95.72477263863694 -38.10648129340994 0
endloop
endfacet
facet normal 0 0 -1
outer loop
vertex 94.63406650556576 -31.05195703750484 0
vertex 95.72477263863694 -38.10648129340994 0
vertex 95.32758601760314 -38.075871649620055 0
endloop
endfacet
facet normal 0 0 -1
outer loop
vertex 94.63406650556576 -31.05195703750484 0
vertex 95.32758601760314 -38.075871649620055 0
vertex 94.94030390354844 -37.982561809010754 0
endloop
endfacet
facet normal 0 0 -1
outer loop
vertex 94.63406650556576 -31.05195703750484 0
vertex 94.94030390354844 -37.982561809010754 0
vertex 94.57275980217432 -37.82892100789929 0
endloop
endfacet
facet normal 0 0 -1
outer loop
vertex 94.63406650556576 -31.05195703750484 0
vertex 94.57275980217432 -37.82892100789929 0
vertex 94.23428604999997 -37.61885034999999 0
endloop
endfacet
facet normal 0 0 -1
outer loop
vertex 94.63406650556576 -31.05195703750484 0
vertex 94.23428604999997 -37.61885034999999 0
vertex 85.32553742946628 -31.05195703750484 0
endloop
endfacet
facet normal 0 0 1
outer loop
vertex 96.1217787749585 -38.07361352889606 1.2
vertex 96.50852401757595 -37.97810290365502 1.2
vertex 96.875188492526 -37.82237453427173 1.2
endloop
endfacet
facet normal 0 0 1
outer loop
vertex 96.1217787749585 -38.07361352889606 1.2
vertex 96.875188492526 -37.82237453427173 1.2
vertex 97.21246219794173 -37.61038253004432 1.2
endloop
endfacet
facet normal 0 0 1
outer loop
vertex 96.1217787749585 -38.07361352889606 1.2
vertex 97.21246219794173 -37.61038253004432 1.2
vertex 97.51178139492377 -37.34750959393425 1.2
endloop
endfacet
facet normal 0 0 1
outer loop
vertex 96.1217787749585 -38.07361352889606 1.2
vertex 97.51178139492377 -37.34750959393425 1.2
vertex 97.76554210000005 -37.04043069999998 1.2
endloop
endfacet
facet normal 0 0 1
outer loop
vertex 96.1217787749585 -38.07361352889606 1.2
vertex 97.76554210000005 -37.04043069999998 1.2
vertex 101.95871590364648 -31.05195703750484 1.2
endloop
endfacet
facet normal 0 0 1
outer loop
vertex 96.1217787749585 -38.07361352889606 1.2
vertex 101.95871590364648 -31.05195703750484 1.2
vertex 94.63406650556576 -31.05195703750484 1.2
endloop
endfacet
facet normal 0 0 1
outer loop
vertex 96.1217787749585 -38.07361352889606 1.2
vertex 94.63406650556576 -31.05195703750484 1.2
vertex 85.32553742946628 -31.05195703750484 1.2
endloop
endfacet
facet normal 0 0 1
outer loop
vertex 96.1217787749585 -38.07361352889606 1.2
vertex 85.32553742946628 -31.05195703750484 1.2
vertex 94.23428605000001 -37.61885035000001 1.2
endloop
endfacet
facet normal 0 0 1
outer loop
vertex 96.1217787749585 -38.07361352889606 1.2
vertex 94.23428605000001 -37.61885035000001 1.2
vertex 94.57275980217433 -37.82892100789929 1.2
endloop
endfacet
facet normal 0 0 1
outer loop
vertex 96.1217787749585 -38.07361352889606 1.2
vertex 94.57275980217433 -37.82892100789929 1.2
vertex 94.9403039035485 -37.982561809010775 1.2
endloop
endfacet
facet normal 0 0 1
outer loop
vertex 96.1217787749585 -38.07361352889606 1.2
vertex 94.9403039035485 -37.982561809010775 1.2
vertex 95.32758601760311 -38.075871649620055 1.2
endloop
endfacet
facet normal 0 0 1
outer loop
vertex 96.1217787749585 -38.07361352889606 1.2
vertex 95.32758601760311 -38.075871649620055 1.2
vertex 95.72477263863688 -38.106481293409935 1.2
endloop
endfacet
facet normal 0 0 1
outer loop
vertex 101.95871590364648 -31.05195703750484 1.2
vertex 101.95874304689742 -31.051918272919586 1.2
vertex 94.80837680308538 -31.05195703750484 1.2
endloop
endfacet
facet normal 0 0 1
outer loop
vertex 101.95871590364648 -31.05195703750484 1.2
vertex 94.80837680308538 -31.05195703750484 1.2
vertex 94.63406650556576 -31.05195703750484 1.2
endloop
endfacet
facet normal 0 0 1
outer loop
vertex 94.63406650556576 -31.05195703750484 1.2
vertex 94.46240417685237 -31.02168948519337 1.2
vertex 85.28447600177586 -31.02168948519337 1.2
endloop
endfacet
facet normal 0 0 1
outer loop
vertex 94.63406650556576 -31.05195703750484 1.2
vertex 85.28447600177586 -31.02168948519337 1.2
vertex 85.32553742946628 -31.05195703750484 1.2
endloop
endfacet
facet normal 0 0 1
outer loop
vertex 101.95874304689742 -31.051918272919586 1.2
vertex 101.97991138713226 -31.0216867457015 1.2
vertex 94.98004369546733 -31.0216867457015 1.2
endloop
endfacet
facet normal 0 0 1
outer loop
vertex 101.95874304689742 -31.051918272919586 1.2
vertex 94.98004369546733 -31.0216867457015 1.2
vertex 94.80837680308538 -31.05195703750484 1.2
endloop
endfacet
facet normal 0 0 1
outer loop
vertex 94.46240417685237 -31.02168948519337 1.2
vertex 94.29860561884341 -30.962073109788776 1.2
vertex 85.20359950860421 -30.962073109788776 1.2
endloop
endfacet
facet normal 0 0 1
outer loop
vertex 94.46240417685237 -31.02168948519337 1.2
vertex 85.20359950860421 -30.962073109788776 1.2
vertex 85.28447600177586 -31.02168948519337 1.2
endloop
endfacet
facet normal 0 0 1
outer loop
vertex 101.97991138713226 -31.0216867457015 1.2
vertex 102.02165643062919 -30.96206863654905 1.2
vertex 95.14383673839872 -30.96206863654905 1.2
endloop
endfacet
facet normal 0 0 1
outer loop
vertex 101.97991138713226 -31.0216867457015 1.2
vertex 95.14383673839872 -30.96206863654905 1.2
vertex 94.98004369546733 -31.0216867457015 1.2
endloop
endfacet
facet normal 0 0 1
outer loop
vertex 94.29860561884341 -30.962073109788776 1.2
vertex 94.1476454 -30.874918599999994 1.2
vertex 85.08536435814476 -30.874918599999994 1.2
endloop
endfacet
facet normal 0 0 1
outer loop
vertex 94.29860561884341 -30.962073109788776 1.2
vertex 85.08536435814476 -30.874918599999994 1.2
vertex 85.20359950860421 -30.962073109788776 1.2
endloop
endfacet
facet normal 0 0 1
outer loop
vertex 102.02165643062919 -30.96206863654905 1.2
vertex 102.08268329534971 -30.87491322892783 1.2
vertex 95.29479373474058 -30.87491322892783 1.2
endloop
endfacet
facet normal 0 0 1
outer loop
vertex 102.02165643062919 -30.96206863654905 1.2
vertex 95.29479373474058 -30.87491322892783 1.2
vertex 95.14383673839872 -30.96206863654905 1.2
endloop
endfacet
facet normal 0 0 1
outer loop
vertex 102.08268329534971 -30.87491322892783 1.2
vertex 102.16113773616499 -30.762868659699727 1.2
vertex 95.42832311101688 -30.762868659699727 1.2
endloop
endfacet
facet normal 0 0 1
outer loop
vertex 102.08268329534971 -30.87491322892783 1.2
vertex 95.42832311101688 -30.762868659699727 1.2
vertex 95.29479373474058 -30.87491322892783 1.2
endloop
endfacet
facet normal 0 0 1
outer loop
vertex 102.16113773616499 -30.762868659699727 1.2
vertex 102.25463598708278 -30.629339300000012 1.2
vertex 95.54036769999999 -30.629339300000012 1.2
endloop
endfacet
facet normal 0 0 1
outer loop
vertex 102.16113773616499 -30.762868659699727 1.2
vertex 95.54036769999999 -30.629339300000012 1.2
vertex 95.42832311101688 -30.762868659699727 1.2
endloop
endfacet
facet normal 0 0 1
outer loop
vertex 94.1476454 -30.874918599999994 1.2
vertex 89.32776639393424 -27.5 1.2
vertex 80.50689780000002 -27.5 1.2
endloop
endfacet
facet normal 0 0 1
outer loop
vertex 94.1476454 -30.874918599999994 1.2
vertex 80.50689780000002 -27.5 1.2
vertex 85.08536435814476 -30.874918599999994 1.2
endloop
endfacet
facet normal 0 0 1
outer loop
vertex 80.50689780000002 -27.5 1.2
vertex 89.32776639393424 -27.5 1.2
vertex 84.31782254999999 -23.991996449999988 1.2
endloop
endfacet
facet normal 0 0 1
outer loop
vertex 80.50689780000002 -27.5 1.2
vertex 84.31782254999999 -23.991996449999988 1.2
vertex 59.5 -23.991996449999988 1.2
endloop
endfacet
facet normal 0 0 1
outer loop
vertex 80.50689780000002 -27.5 1.2
vertex 59.5 -23.991996449999988 1.2
vertex 59.5 -24.999999999999993 1.2
endloop
endfacet
facet normal 0 0 1
outer loop
vertex 80.50689780000002 -27.5 1.2
vertex 59.5 -24.999999999999993 1.2
vertex 59.53798061746948 -25.434120444167327 1.2
endloop
endfacet
facet normal 0 0 1
outer loop
vertex 80.50689780000002 -27.5 1.2
vertex 59.53798061746948 -25.434120444167327 1.2
vertex 59.65076844803524 -25.855050358314195 1.2
endloop
endfacet
facet normal 0 0 1
outer loop
vertex 80.50689780000002 -27.5 1.2
vertex 59.65076844803524 -25.855050358314195 1.2
vertex 59.83493649053889 -26.24999999999998 1.2
endloop
endfacet
facet normal 0 0 1
outer loop
vertex 80.50689780000002 -27.5 1.2
vertex 59.83493649053889 -26.24999999999998 1.2
vertex 60.08488889220254 -26.606969024216326 1.2
endloop
endfacet
facet normal 0 0 1
outer loop
vertex 80.50689780000002 -27.5 1.2
vertex 60.08488889220254 -26.606969024216326 1.2
vertex 60.393030975783674 -26.915111107797465 1.2
endloop
endfacet
facet normal 0 0 1
outer loop
vertex 80.50689780000002 -27.5 1.2
vertex 60.393030975783674 -26.915111107797465 1.2
vertex 60.749999999999986 -27.165063509461085 1.2
endloop
endfacet
facet normal 0 0 1
outer loop
vertex 80.50689780000002 -27.5 1.2
vertex 60.749999999999986 -27.165063509461085 1.2
vertex 61.1449496416858 -27.349231551964756 1.2
endloop
endfacet
facet normal 0 0 1
outer loop
vertex 80.50689780000002 -27.5 1.2
vertex 61.1449496416858 -27.349231551964756 1.2
vertex 61.565879555832694 -27.46201938253052 1.2
endloop
endfacet
facet normal 0 0 1
outer loop
vertex 80.50689780000002 -27.5 1.2
vertex 61.565879555832694 -27.46201938253052 1.2
vertex 61.99999999999998 -27.5 1.2
endloop
endfacet
facet normal 0 0 1
outer loop
vertex 84.31782254999999 -23.991996449999988 1.2
vertex 84.18429319030031 -23.879951861016913 1.2
vertex 59.5 -23.879951861016913 1.2
endloop
endfacet
facet normal 0 0 1
outer loop
vertex 84.31782254999999 -23.991996449999988 1.2
vertex 59.5 -23.879951861016913 1.2
vertex 59.5 -23.991996449999988 1.2
endloop
endfacet
facet normal 0 0 1
outer loop
vertex 84.18429319030031 -23.879951861016913 1.2
vertex 84.07224862107218 -23.746422484740588 1.2
vertex 59.5 -23.746422484740588 1.2
endloop
endfacet
facet normal 0 0 1
outer loop
vertex 84.18429319030031 -23.879951861016913 1.2
vertex 59.5 -23.746422484740588 1.2
vertex 59.5 -23.879951861016913 1.2
endloop
endfacet
facet normal 0 0 1
outer loop
vertex 84.07224862107218 -23.746422484740588 1.2
vertex 83.98509321345092 -23.595465488398684 1.2
vertex 59.5 -23.595465488398684 1.2
endloop
endfacet
facet normal 0 0 1
outer loop
vertex 84.07224862107218 -23.746422484740588 1.2
vertex 59.5 -23.595465488398684 1.2
vertex 59.5 -23.746422484740588 1.2
endloop
endfacet
facet normal 0 0 1
outer loop
vertex 83.98509321345092 -23.595465488398684 1.2
vertex 83.92547510429853 -23.431667561417584 1.2
vertex 59.5 -23.431667561417584 1.2
endloop
endfacet
facet normal 0 0 1
outer loop
vertex 83.98509321345092 -23.595465488398684 1.2
vertex 59.5 -23.431667561417584 1.2
vertex 59.5 -23.595465488398684 1.2
endloop
endfacet
facet normal 0 0 1
outer loop
vertex 83.92547510429853 -23.431667561417584 1.2
vertex 83.8952057350023 -23.260005553085342 1.2
vertex 59.5 -23.260005553085342 1.2
endloop
endfacet
facet normal 0 0 1
outer loop
vertex 83.92547510429853 -23.431667561417584 1.2
vertex 59.5 -23.260005553085342 1.2
vertex 59.5 -23.431667561417584 1.2
endloop
endfacet
facet normal 0 0 1
outer loop
vertex 83.8952057350023 -23.260005553085342 1.2
vertex 83.89520481249517 -23.085695255565724 1.2
vertex 59.5 -23.085695255565724 1.2
endloop
endfacet
facet normal 0 0 1
outer loop
vertex 83.8952057350023 -23.260005553085342 1.2
vertex 59.5 -23.085695255565724 1.2
vertex 59.5 -23.260005553085342 1.2
endloop
endfacet
facet normal 0 0 1
outer loop
vertex 83.89520481249517 -23.085695255565724 1.2
vertex 83.92547236480661 -22.9140329268525 1.2
vertex 59.5 -22.9140329268525 1.2
endloop
endfacet
facet normal 0 0 1
outer loop
vertex 83.89520481249517 -23.085695255565724 1.2
vertex 59.5 -22.9140329268525 1.2
vertex 59.5 -23.085695255565724 1.2
endloop
endfacet
facet normal 0 0 1
outer loop
vertex 83.92547236480661 -22.9140329268525 1.2
vertex 83.98508874021128 -22.75023436884333 1.2
vertex 59.5 -22.75023436884333 1.2
endloop
endfacet
facet normal 0 0 1
outer loop
vertex 83.92547236480661 -22.9140329268525 1.2
vertex 59.5 -22.75023436884333 1.2
vertex 59.5 -22.9140329268525 1.2
endloop
endfacet
facet normal 0 0 1
outer loop
vertex 83.98508874021128 -22.75023436884333 1.2
vertex 84.07224509999998 -22.599272900000038 1.2
vertex 59.5 -22.599272900000038 1.2
endloop
endfacet
facet normal 0 0 1
outer loop
vertex 83.98508874021128 -22.75023436884333 1.2
vertex 59.5 -22.599272900000038 1.2
vertex 59.5 -22.75023436884333 1.2
endloop
endfacet
facet normal 0 0 1
outer loop
vertex 84.07224509999998 -22.599272900000038 1.2
vertex 84.49186020429863 -22 1.2
vertex 78 -22 1.2
endloop
endfacet
facet normal 0 0 1
outer loop
vertex 84.07224509999998 -22.599272900000038 1.2
vertex 78 -22 1.2
vertex 66 -22 1.2
endloop
endfacet
facet normal 0 0 1
outer loop
vertex 84.07224509999998 -22.599272900000038 1.2
vertex 66 -22 1.2
vertex 59.5 -22 1.2
endloop
endfacet
facet normal 0 0 1
outer loop
vertex 84.07224509999998 -22.599272900000038 1.2
vertex 59.5 -22 1.2
vertex 59.5 -22.599272900000038 1.2
endloop
endfacet
facet normal 0 0 1
outer loop
vertex 66 -22 1.2
vertex 65.82635182233307 -21.984807753012213 1.2
vertex 59.5 -21.984807753012213 1.2
endloop
endfacet
facet normal 0 0 1
outer loop
vertex 66 -22 1.2
vertex 59.5 -21.984807753012213 1.2
vertex 59.5 -22 1.2
endloop
endfacet
facet normal 0 0 1
outer loop
vertex 84.49186020429863 -22 1.2
vertex 84.50249792261413 -21.984807753012213 1.2
vertex 78.1736481776669 -21.984807753012213 1.2
endloop
endfacet
facet normal 0 0 1
outer loop
vertex 84.49186020429863 -22 1.2
vertex 78.1736481776669 -21.984807753012213 1.2
vertex 78 -22 1.2
endloop
endfacet
facet normal 0 0 1
outer loop
vertex 65.82635182233307 -21.984807753012213 1.2
vertex 65.6579798566743 -21.93969262078591 1.2
vertex 59.5 -21.93969262078591 1.2
endloop
endfacet
facet normal 0 0 1
outer loop
vertex 65.82635182233307 -21.984807753012213 1.2
vertex 59.5 -21.93969262078591 1.2
vertex 59.5 -21.984807753012213 1.2
endloop
endfacet
facet normal 0 0 1
outer loop
vertex 84.50249792261413 -21.984807753012213 1.2
vertex 84.53408785587256 -21.93969262078591 1.2
vertex 78.34202014332567 -21.93969262078591 1.2
endloop
endfacet
facet normal 0 0 1
outer loop
vertex 84.50249792261413 -21.984807753012213 1.2
vertex 78.34202014332567 -21.93969262078591 1.2
vertex 78.1736481776669 -21.984807753012213 1.2
endloop
endfacet
facet normal 0 0 1
outer loop
vertex 65.6579798566743 -21.93969262078591 1.2
vertex 65.5 -21.866025403784455 1.2
vertex 59.5 -21.866025403784455 1.2
endloop
endfacet
facet normal 0 0 1
outer loop
vertex 65.6579798566743 -21.93969262078591 1.2
vertex 59.5 -21.866025403784455 1.2
vertex 59.5 -21.93969262078591 1.2
endloop
endfacet
facet normal 0 0 1
outer loop
vertex 84.53408785587256 -21.93969262078591 1.2
vertex 84.58567015993712 -21.866025403784455 1.2
vertex 78.49999999999996 -21.866025403784455 1.2
endloop
endfacet
facet normal 0 0 1
outer loop
vertex 84.53408785587256 -21.93969262078591 1.2
vertex 78.49999999999996 -21.866025403784455 1.2
vertex 78.34202014332567 -21.93969262078591 1.2
endloop
endfacet
facet normal 0 0 1
outer loop
vertex 65.5 -21.866025403784455 1.2
vertex 65.35721239031349 -21.76604444311894 1.2
vertex 59.5 -21.76604444311894 1.2
endloop
endfacet
facet normal 0 0 1
outer loop
vertex 65.5 -21.866025403784455 1.2
vertex 59.5 -21.76604444311894 1.2
vertex 59.5 -21.866025403784455 1.2
endloop
endfacet
facet normal 0 0 1
outer loop
vertex 84.58567015993712 -21.866025403784455 1.2
vertex 84.65567753260079 -21.76604444311894 1.2
vertex 78.64278760968658 -21.76604444311894 1.2
endloop
endfacet
facet normal 0 0 1
outer loop
vertex 84.58567015993712 -21.866025403784455 1.2
vertex 78.64278760968658 -21.76604444311894 1.2
vertex 78.49999999999996 -21.866025403784455 1.2
endloop
endfacet
facet normal 0 0 1
outer loop
vertex 65.35721239031349 -21.76604444311894 1.2
vertex 65.23395555688103 -21.64278760968657 1.2
vertex 59.5 -21.64278760968657 1.2
endloop
endfacet
facet normal 0 0 1
outer loop
vertex 65.35721239031349 -21.76604444311894 1.2
vertex 59.5 -21.64278760968657 1.2
vertex 59.5 -21.76604444311894 1.2
endloop
endfacet
facet normal 0 0 1
outer loop
vertex 84.65567753260079 -21.76604444311894 1.2
vertex 84.74198283527048 -21.64278760968657 1.2
vertex 78.76604444311894 -21.64278760968657 1.2
endloop
endfacet
facet normal 0 0 1
outer loop
vertex 84.65567753260079 -21.76604444311894 1.2
vertex 78.76604444311894 -21.64278760968657 1.2
vertex 78.64278760968658 -21.76604444311894 1.2
endloop
endfacet
facet normal 0 0 1
outer loop
vertex 65.23395555688103 -21.64278760968657 1.2
vertex 65.13397459621557 -21.500000000000014 1.2
vertex 59.5 -21.500000000000014 1.2
endloop
endfacet
facet normal 0 0 1
outer loop
vertex 65.23395555688103 -21.64278760968657 1.2
vertex 59.5 -21.500000000000014 1.2
vertex 59.5 -21.64278760968657 1.2
endloop
endfacet
facet normal 0 0 1
outer loop
vertex 84.74198283527048 -21.64278760968657 1.2
vertex 84.84196372499731 -21.500000000000014 1.2
vertex 78.86602540378442 -21.500000000000014 1.2
endloop
endfacet
facet normal 0 0 1
outer loop
vertex 84.74198283527048 -21.64278760968657 1.2
vertex 78.86602540378442 -21.500000000000014 1.2
vertex 78.76604444311894 -21.64278760968657 1.2
endloop
endfacet
facet normal 0 0 1
outer loop
vertex 65.13397459621557 -21.500000000000014 1.2
vertex 65.06030737921408 -21.34202014332561 1.2
vertex 59.5 -21.34202014332561 1.2
endloop
endfacet
facet normal 0 0 1
outer loop
vertex 65.13397459621557 -21.500000000000014 1.2
vertex 59.5 -21.34202014332561 1.2
vertex 59.5 -21.500000000000014 1.2
endloop
endfacet
facet normal 0 0 1
outer loop
vertex 84.84196372499731 -21.500000000000014 1.2
vertex 84.95258233303967 -21.34202014332561 1.2
vertex 78.93969262078592 -21.34202014332561 1.2
endloop
endfacet
facet normal 0 0 1
outer loop
vertex 84.84196372499731 -21.500000000000014 1.2
vertex 78.93969262078592 -21.34202014332561 1.2
vertex 78.86602540378442 -21.500000000000014 1.2
endloop
endfacet
facet normal 0 0 1
outer loop
vertex 65.06030737921408 -21.34202014332561 1.2
vertex 65.0151922469878 -21.17364817766694 1.2
vertex 59.5 -21.17364817766694 1.2
endloop
endfacet
facet normal 0 0 1
outer loop
vertex 65.06030737921408 -21.34202014332561 1.2
vertex 59.5 -21.17364817766694 1.2
vertex 59.5 -21.34202014332561 1.2
endloop
endfacet
facet normal 0 0 1
outer loop
vertex 84.95258233303967 -21.34202014332561 1.2
vertex 85.0704775689678 -21.17364817766694 1.2
vertex 78.9848077530122 -21.17364817766694 1.2
endloop
endfacet
facet normal 0 0 1
outer loop
vertex 84.95258233303967 -21.34202014332561 1.2
vertex 78.9848077530122 -21.17364817766694 1.2
vertex 78.93969262078592 -21.34202014332561 1.2
endloop
endfacet
facet normal 0 0 1
outer loop
vertex 65.0151922469878 -21.17364817766694 1.2
vertex 65 -20.99999999999987 1.2
vertex 59.5 -20.99999999999987 1.2
endloop
endfacet
facet normal 0 0 1
outer loop
vertex 65.0151922469878 -21.17364817766694 1.2
vertex 59.5 -20.99999999999987 1.2
vertex 59.5 -21.17364817766694 1.2
endloop
endfacet
facet normal 0 0 1
outer loop
vertex 85.0704775689678 -21.17364817766694 1.2
vertex 85.19206724569611 -20.99999999999987 1.2
vertex 79 -20.99999999999987 1.2
endloop
endfacet
facet normal 0 0 1
outer loop
vertex 85.0704775689678 -21.17364817766694 1.2
vertex 79 -20.99999999999987 1.2
vertex 78.9848077530122 -21.17364817766694 1.2
endloop
endfacet
facet normal 0 0 1
outer loop
vertex 102.25463598708278 -30.629339300000012 1.2
vertex 109.13754977025206 -20.79951829999994 1.2
vertex 102.42329110000004 -20.79951829999994 1.2
endloop
endfacet
facet normal 0 0 1
outer loop
vertex 102.25463598708278 -30.629339300000012 1.2
vertex 102.42329110000004 -20.79951829999994 1.2
vertex 95.54036769999999 -30.629339300000012 1.2
endloop
endfacet
facet normal 0 0 1
outer loop
vertex 109.13754977025206 -20.79951829999994 1.2
vertex 109.22293204999987 -20.677579750000202 1.2
vertex 109.23968876371073 -20.648556231156732 1.2
endloop
endfacet
facet normal 0 0 1
outer loop
vertex 109.13754977025206 -20.79951829999994 1.2
vertex 109.23968876371073 -20.648556231156732 1.2
vertex 102.5104493597887 -20.648556231156732 1.2
endloop
endfacet
facet normal 0 0 1
outer loop
vertex 109.13754977025206 -20.79951829999994 1.2
vertex 102.5104493597887 -20.648556231156732 1.2
vertex 102.42329110000004 -20.79951829999994 1.2
endloop
endfacet
facet normal 0 0 1
outer loop
vertex 109.23968876371073 -20.648556231156732 1.2
vertex 109.33425777712415 -20.484757673147495 1.2
vertex 102.57006573519338 -20.484757673147495 1.2
endloop
endfacet
facet normal 0 0 1
outer loop
vertex 109.23968876371073 -20.648556231156732 1.2
vertex 102.57006573519338 -20.484757673147495 1.2
vertex 102.5104493597887 -20.648556231156732 1.2
endloop
endfacet
facet normal 0 0 1
outer loop
vertex 109.33425777712415 -20.484757673147495 1.2
vertex 109.43336693451828 -20.313095344434192 1.2
vertex 102.60033328750484 -20.313095344434192 1.2
endloop
endfacet
facet normal 0 0 1
outer loop
vertex 109.33425777712415 -20.484757673147495 1.2
vertex 102.60033328750484 -20.313095344434192 1.2
vertex 102.57006573519338 -20.484757673147495 1.2
endloop
endfacet
facet normal 0 0 1
outer loop
vertex 109.43336693451828 -20.313095344434192 1.2
vertex 109.44082110613351 -20.300184322973173 1.2
vertex 109.49956554284307 -20.138785046914588 1.2
endloop
endfacet
facet normal 0 0 1
outer loop
vertex 109.43336693451828 -20.313095344434192 1.2
vertex 109.49956554284307 -20.138785046914588 1.2
vertex 102.6003323649977 -20.138785046914588 1.2
endloop
endfacet
facet normal 0 0 1
outer loop
vertex 109.43336693451828 -20.313095344434192 1.2
vertex 102.6003323649977 -20.138785046914588 1.2
vertex 102.60033328750484 -20.313095344434192 1.2
endloop
endfacet
facet normal 0 0 1
outer loop
vertex 109.49956554284307 -20.138785046914588 1.2
vertex 109.56204530254311 -19.967123038582464 1.2
vertex 102.57006299570149 -19.967123038582464 1.2
endloop
endfacet
facet normal 0 0 1
outer loop
vertex 109.49956554284307 -20.138785046914588 1.2
vertex 102.57006299570149 -19.967123038582464 1.2
vertex 102.6003323649977 -20.138785046914588 1.2
endloop
endfacet
facet normal 0 0 1
outer loop
vertex 109.56204530254311 -19.967123038582464 1.2
vertex 109.58986593582405 -19.890686352445933 1.2
vertex 109.60527003827202 -19.80332511160137 1.2
endloop
endfacet
facet normal 0 0 1
outer loop
vertex 109.56204530254311 -19.967123038582464 1.2
vertex 109.60527003827202 -19.80332511160137 1.2
vertex 102.5104448865491 -19.80332511160137 1.2
endloop
endfacet
facet normal 0 0 1
outer loop
vertex 109.56204530254311 -19.967123038582464 1.2
vertex 102.5104448865491 -19.80332511160137 1.2
vertex 102.57006299570149 -19.967123038582464 1.2
endloop
endfacet
facet normal 0 0 1
outer loop
vertex 109.60527003827202 -19.80332511160137 1.2
vertex 109.63188775814884 -19.652368115259396 1.2
vertex 102.4232894832222 -19.652368115259396 1.2
endloop
endfacet
facet normal 0 0 1
outer loop
vertex 109.60527003827202 -19.80332511160137 1.2
vertex 102.4232894832222 -19.652368115259396 1.2
vertex 102.5104448865491 -19.80332511160137 1.2
endloop
endfacet
facet normal 0 0 1
outer loop
vertex 109.63188775814884 -19.652368115259396 1.2
vertex 109.6554325266536 -19.518838738983142 1.2
vertex 102.3112449135741 -19.518838738983142 1.2
endloop
endfacet
facet normal 0 0 1
outer loop
vertex 109.63188775814884 -19.652368115259396 1.2
vertex 102.3112449135741 -19.518838738983142 1.2
vertex 102.4232894832222 -19.652368115259396 1.2
endloop
endfacet
facet normal 0 0 1
outer loop
vertex 109.6554325266536 -19.518838738983142 1.2
vertex 109.66553789063815 -19.461528217980177 1.2
vertex 109.66553786897907 -19.40679414999991 1.2
endloop
endfacet
facet normal 0 0 1
outer loop
vertex 109.6554325266536 -19.518838738983142 1.2
vertex 109.66553786897907 -19.40679414999991 1.2
vertex 102.1777155518744 -19.40679414999991 1.2
endloop
endfacet
facet normal 0 0 1
outer loop
vertex 109.6554325266536 -19.518838738983142 1.2
vertex 102.1777155518744 -19.40679414999991 1.2
vertex 102.3112449135741 -19.518838738983142 1.2
endloop
endfacet
facet normal 0 0 1
outer loop
vertex 109.66553786897907 -19.40679414999991 1.2
vertex 109.66553771819412 -19.025749662836073 1.2
vertex 109.58986542373161 -18.59659158825959 1.2
endloop
endfacet
facet normal 0 0 1
outer loop
vertex 109.66553786897907 -19.40679414999991 1.2
vertex 109.58986542373161 -18.59659158825959 1.2
vertex 109.44082026995224 -18.187093735690922 1.2
endloop
endfacet
facet normal 0 0 1
outer loop
vertex 109.66553786897907 -19.40679414999991 1.2
vertex 109.44082026995224 -18.187093735690922 1.2
vertex 109.22293091513687 -17.809698481108097 1.2
endloop
endfacet
facet normal 0 0 1
outer loop
vertex 109.66553786897907 -19.40679414999991 1.2
vertex 109.22293091513687 -17.809698481108097 1.2
vertex 108.94281781225548 -17.47587278000408 1.2
endloop
endfacet
facet normal 0 0 1
outer loop
vertex 109.66553786897907 -19.40679414999991 1.2
vertex 108.94281781225548 -17.47587278000408 1.2
vertex 108.60899410000002 -17.195759500000012 1.2
endloop
endfacet
facet normal 0 0 1
outer loop
vertex 109.66553786897907 -19.40679414999991 1.2
vertex 108.60899410000002 -17.195759500000012 1.2
vertex 107.61517019078086 -16.4998765 1.2
endloop
endfacet
facet normal 0 0 1
outer loop
vertex 109.66553786897907 -19.40679414999991 1.2
vertex 107.61517019078086 -16.4998765 1.2
vertex 105 -16.4998765 1.2
endloop
endfacet
facet normal 0 0 1
outer loop
vertex 109.66553786897907 -19.40679414999991 1.2
vertex 105 -16.4998765 1.2
vertex 98.02620941223459 -16.4998765 1.2
endloop
endfacet
facet normal 0 0 1
outer loop
vertex 109.66553786897907 -19.40679414999991 1.2
vertex 98.02620941223459 -16.4998765 1.2
vertex 102.1777155518744 -19.40679414999991 1.2
endloop
endfacet
facet normal 0 0 1
outer loop
vertex 107.61517019078086 -16.4998765 1.2
vertex 105 -14.668714600000005 1.2
vertex 105 -16.4998765 1.2
endloop
endfacet
facet normal 0 0 1
outer loop
vertex 85.19206724569611 -20.99999999999987 1.2
vertex 90.9551554000001 -12.769451299999872 1.2
vertex 79 -12.769451299999872 1.2
endloop
endfacet
facet normal 0 0 1
outer loop
vertex 85.19206724569611 -20.99999999999987 1.2
vertex 79 -12.769451299999872 1.2
vertex 79 -20.99999999999987 1.2
endloop
endfacet
facet normal 0 0 1
outer loop
vertex 90.9551554000001 -12.769451299999872 1.2
vertex 91.05496759768357 -12.648367115647385 1.2
vertex 79 -12.648367115647385 1.2
endloop
endfacet
facet normal 0 0 1
outer loop
vertex 90.9551554000001 -12.769451299999872 1.2
vertex 79 -12.648367115647385 1.2
vertex 79 -12.769451299999872 1.2
endloop
endfacet
facet normal 0 0 1
outer loop
vertex 91.05496759768357 -12.648367115647385 1.2
vertex 91.17249285922236 -12.544387947507364 1.2
vertex 79 -12.544387947507364 1.2
endloop
endfacet
facet normal 0 0 1
outer loop
vertex 91.05496759768357 -12.648367115647385 1.2
vertex 79 -12.544387947507364 1.2
vertex 79 -12.648367115647385 1.2
endloop
endfacet
facet normal 0 0 1
outer loop
vertex 105 -16.4998765 1.2
vertex 99.32168375819137 -12.523872599999958 1.2
vertex 92.34789080055002 -12.523872599999958 1.2
endloop
endfacet
facet normal 0 0 1
outer loop
vertex 105 -16.4998765 1.2
vertex 92.34789080055002 -12.523872599999958 1.2
vertex 98.02620941223459 -16.4998765 1.2
endloop
endfacet
facet normal 0 0 1
outer loop
vertex 90.1280875316863 -12.500006149834938 1.2
vertex 90.12810801249815 -12.500004177739125 1.2
vertex 90.1280875316863 -12.500006149834938 1.2
endloop
endfacet
facet normal 0 0 1
outer loop
vertex 90.1280875316863 -12.500006149834938 1.2
vertex 90.1280875316863 -12.500006149834938 1.2
vertex 79 -12.500004177739125 1.2
endloop
endfacet
facet normal 0 0 1
outer loop
vertex 91.17249285922236 -12.544387947507364 1.2
vertex 91.24215751662737 -12.500006149834938 1.2
vertex 79 -12.500004177739125 1.2
endloop
endfacet
facet normal 0 0 1
outer loop
vertex 91.17249285922236 -12.544387947507364 1.2
vertex 79 -12.500004177739125 1.2
vertex 79 -12.544387947507364 1.2
endloop
endfacet
facet normal 0 0 -1
outer loop
vertex 90.12810801249815 -12.500004177739125 1.2
vertex 91.24215751662737 -12.500006149834938 1.2
vertex 90.12810801249815 -12.500004177739125 1.2
endloop
endfacet
facet normal 0 0 -1
outer loop
vertex 90.12810801249815 -12.500004177739125 1.2
vertex 90.12810801249815 -12.500004177739125 1.2
vertex 90.1280875316863 -12.500006149834938 1.2
endloop
endfacet
facet normal 0 0 1
outer loop
vertex 91.24215751662737 -12.500006149834938 1.2
vertex 91.304837259675 -12.460074163488283 1.2
vertex 79 -12.460074163488283 1.2
endloop
endfacet
facet normal 0 0 1
outer loop
vertex 91.24215751662737 -12.500006149834938 1.2
vertex 79 -12.460074163488283 1.2
vertex 79 -12.500004177739125 1.2
endloop
endfacet
facet normal 0 0 1
outer loop
vertex 99.32168375819137 -12.523872599999958 1.2
vertex 99.20793905133894 -12.444227612191582 1.2
vertex 92.21268912241248 -12.444227612191582 1.2
endloop
endfacet
facet normal 0 0 1
outer loop
vertex 99.32168375819137 -12.523872599999958 1.2
vertex 92.21268912241248 -12.444227612191582 1.2
vertex 92.34789080055002 -12.523872599999958 1.2
endloop
endfacet
facet normal 0 0 1
outer loop
vertex 91.304837259675 -12.460074163488283 1.2
vertex 91.44874196978023 -12.397501893940575 1.2
vertex 79 -12.397501893940575 1.2
endloop
endfacet
facet normal 0 0 1
outer loop
vertex 91.304837259675 -12.460074163488283 1.2
vertex 79 -12.397501893940575 1.2
vertex 79 -12.460074163488283 1.2
endloop
endfacet
facet normal 0 0 1
outer loop
vertex 99.20793905133894 -12.444227612191582 1.2
vertex 99.1258035131999 -12.38671564202814 1.2
vertex 92.06668834229565 -12.38671564202814 1.2
endloop
endfacet
facet normal 0 0 1
outer loop
vertex 99.20793905133894 -12.444227612191582 1.2
vertex 92.06668834229565 -12.38671564202814 1.2
vertex 92.21268912241248 -12.444227612191582 1.2
endloop
endfacet
facet normal 0 0 1
outer loop
vertex 91.44874196978023 -12.397501893940575 1.2
vertex 91.60066350089335 -12.358211909325831 1.2
vertex 79 -12.358211909325831 1.2
endloop
endfacet
facet normal 0 0 1
outer loop
vertex 91.44874196978023 -12.397501893940575 1.2
vertex 79 -12.358211909325831 1.2
vertex 79 -12.397501893940575 1.2
endloop
endfacet
facet normal 0 0 1
outer loop
vertex 99.1258035131999 -12.38671564202814 1.2
vertex 99.07729781110021 -12.352751555895388 1.2
vertex 91.913488161617 -12.352751555895388 1.2
endloop
endfacet
facet normal 0 0 1
outer loop
vertex 99.1258035131999 -12.38671564202814 1.2
vertex 91.913488161617 -12.352751555895388 1.2
vertex 92.06668834229565 -12.38671564202814 1.2
endloop
endfacet
facet normal 0 0 1
outer loop
vertex 91.60066350089335 -12.358211909325831 1.2
vertex 91.756860959336 -12.34317168050871 1.2
vertex 79 -12.34317168050871 1.2
endloop
endfacet
facet normal 0 0 1
outer loop
vertex 91.60066350089335 -12.358211909325831 1.2
vertex 79 -12.34317168050871 1.2
vertex 79 -12.358211909325831 1.2
endloop
endfacet
facet normal 0 0 1
outer loop
vertex 99.07729781110021 -12.352751555895388 1.2
vertex 99.06361634239111 -12.34317168050871 1.2
vertex 91.756860959336 -12.34317168050871 1.2
endloop
endfacet
facet normal 0 0 1
outer loop
vertex 99.07729781110021 -12.352751555895388 1.2
vertex 91.756860959336 -12.34317168050871 1.2
vertex 91.913488161617 -12.352751555895388 1.2
endloop
endfacet
facet normal 0 0 1
outer loop
vertex 91.756860959336 -12.34317168050871 1.2
vertex 99.06361634239111 -12.34317168050871 1.2
vertex 95.71722312400884 -10.000000000000007 1.2
endloop
endfacet
facet normal 0 0 1
outer loop
vertex 91.756860959336 -12.34317168050871 1.2
vertex 95.71722312400884 -10.000000000000007 1.2
vertex 85.50000000000007 -10.000000000000007 1.2
endloop
endfacet
facet normal 0 0 1
outer loop
vertex 91.756860959336 -12.34317168050871 1.2
vertex 85.50000000000007 -10.000000000000007 1.2
vertex 79 -10.000000000000007 1.2
endloop
endfacet
facet normal 0 0 1
outer loop
vertex 91.756860959336 -12.34317168050871 1.2
vertex 79 -10.000000000000007 1.2
vertex 79 -12.34317168050871 1.2
endloop
endfacet
facet normal 0 0 1
outer loop
vertex 85.50000000000007 -10.000000000000007 1.2
vertex 85.30490967798389 -9.980785280403232 1.2
vertex 79 -9.980785280403232 1.2
endloop
endfacet
facet normal 0 0 1
outer loop
vertex 85.50000000000007 -10.000000000000007 1.2
vertex 79 -9.980785280403232 1.2
vertex 79 -10.000000000000007 1.2
endloop
endfacet
facet normal 0 0 1
outer loop
vertex 95.71722312400884 -10.000000000000007 1.2
vertex 95.68978168303947 -9.980785280403232 1.2
vertex 85.69509032201613 -9.980785280403232 1.2
endloop
endfacet
facet normal 0 0 1
outer loop
vertex 95.71722312400884 -10.000000000000007 1.2
vertex 85.69509032201613 -9.980785280403232 1.2
vertex 85.50000000000007 -10.000000000000007 1.2
endloop
endfacet
facet normal 0 0 1
outer loop
vertex 85.30490967798389 -9.980785280403232 1.2
vertex 85.11731656763496 -9.923879532511297 1.2
vertex 79 -9.923879532511297 1.2
endloop
endfacet
facet normal 0 0 1
outer loop
vertex 85.30490967798389 -9.980785280403232 1.2
vertex 79 -9.923879532511297 1.2
vertex 79 -9.980785280403232 1.2
endloop
endfacet
facet normal 0 0 1
outer loop
vertex 95.68978168303947 -9.980785280403232 1.2
vertex 95.60851191931853 -9.923879532511297 1.2
vertex 85.88268343236507 -9.923879532511297 1.2
endloop
endfacet
facet normal 0 0 1
outer loop
vertex 95.68978168303947 -9.980785280403232 1.2
vertex 85.88268343236507 -9.923879532511297 1.2
vertex 85.69509032201613 -9.980785280403232 1.2
endloop
endfacet
facet normal 0 0 1
outer loop
vertex 85.11731656763496 -9.923879532511297 1.2
vertex 84.94442976698035 -9.831469612302513 1.2
vertex 79 -9.831469612302513 1.2
endloop
endfacet
facet normal 0 0 1
outer loop
vertex 85.11731656763496 -9.923879532511297 1.2
vertex 79 -9.831469612302513 1.2
vertex 79 -9.923879532511297 1.2
endloop
endfacet
facet normal 0 0 1
outer loop
vertex 95.60851191931853 -9.923879532511297 1.2
vertex 95.47653698428911 -9.831469612302513 1.2
vertex 86.05557023301968 -9.831469612302513 1.2
endloop
endfacet
facet normal 0 0 1
outer loop
vertex 95.60851191931853 -9.923879532511297 1.2
vertex 86.05557023301968 -9.831469612302513 1.2
vertex 85.88268343236507 -9.923879532511297 1.2
endloop
endfacet
facet normal 0 0 1
outer loop
vertex 84.94442976698035 -9.831469612302513 1.2
vertex 84.79289321881346 -9.70710678118656 1.2
vertex 79 -9.70710678118656 1.2
endloop
endfacet
facet normal 0 0 1
outer loop
vertex 84.94442976698035 -9.831469612302513 1.2
vertex 79 -9.70710678118656 1.2
vertex 79 -9.831469612302513 1.2
endloop
endfacet
facet normal 0 0 1
outer loop
vertex 95.47653698428911 -9.831469612302513 1.2
vertex 95.29892860069218 -9.70710678118656 1.2
vertex 86.20710678118654 -9.70710678118656 1.2
endloop
endfacet
facet normal 0 0 1
outer loop
vertex 95.47653698428911 -9.831469612302513 1.2
vertex 86.20710678118654 -9.70710678118656 1.2
vertex 86.05557023301968 -9.831469612302513 1.2
endloop
endfacet
facet normal 0 0 1
outer loop
vertex 84.79289321881346 -9.70710678118656 1.2
vertex 84.6685303876975 -9.555570233019651 1.2
vertex 79 -9.555570233019651 1.2
endloop
endfacet
facet normal 0 0 1
outer loop
vertex 84.79289321881346 -9.70710678118656 1.2
vertex 79 -9.555570233019651 1.2
vertex 79 -9.70710678118656 1.2
endloop
endfacet
facet normal 0 0 1
outer loop
vertex 95.29892860069218 -9.70710678118656 1.2
vertex 95.08251215910532 -9.555570233019651 1.2
vertex 86.33146961230251 -9.555570233019651 1.2
endloop
endfacet
facet normal 0 0 1
outer loop
vertex 95.29892860069218 -9.70710678118656 1.2
vertex 86.33146961230251 -9.555570233019651 1.2
vertex 86.20710678118654 -9.70710678118656 1.2
endloop
endfacet
facet normal 0 0 1
outer loop
vertex 84.6685303876975 -9.555570233019651 1.2
vertex 84.57612046748868 -9.382683432365049 1.2
vertex 79 -9.382683432365049 1.2
endloop
endfacet
facet normal 0 0 1
outer loop
vertex 84.6685303876975 -9.555570233019651 1.2
vertex 79 -9.382683432365049 1.2
vertex 79 -9.555570233019651 1.2
endloop
endfacet
facet normal 0 0 1
outer loop
vertex 95.08251215910532 -9.555570233019651 1.2
vertex 94.8356044220108 -9.382683432365049 1.2
vertex 86.42387953251131 -9.382683432365049 1.2
endloop
endfacet
facet normal 0 0 1
outer loop
vertex 95.08251215910532 -9.555570233019651 1.2
vertex 86.42387953251131 -9.382683432365049 1.2
vertex 86.33146961230251 -9.555570233019651 1.2
endloop
endfacet
facet normal 0 0 1
outer loop
vertex 84.57612046748868 -9.382683432365049 1.2
vertex 84.51921471959677 -9.195090322016128 1.2
vertex 79 -9.195090322016128 1.2
endloop
endfacet
facet normal 0 0 1
outer loop
vertex 84.57612046748868 -9.382683432365049 1.2
vertex 79 -9.195090322016128 1.2
vertex 79 -9.382683432365049 1.2
endloop
endfacet
facet normal 0 0 1
outer loop
vertex 94.8356044220108 -9.382683432365049 1.2
vertex 94.56769391527807 -9.195090322016128 1.2
vertex 86.48078528040321 -9.195090322016128 1.2
endloop
endfacet
facet normal 0 0 1
outer loop
vertex 94.8356044220108 -9.382683432365049 1.2
vertex 86.48078528040321 -9.195090322016128 1.2
vertex 86.42387953251131 -9.382683432365049 1.2
endloop
endfacet
facet normal 0 0 1
outer loop
vertex 65 -20.99999999999987 1.2
vertex 65 -8.999999999999975 1.2
vertex 59.49999999999999 -8.999999999999975 1.2
endloop
endfacet
facet normal 0 0 1
outer loop
vertex 65 -20.99999999999987 1.2
vertex 59.49999999999999 -8.999999999999975 1.2
vertex 59.5 -20.99999999999987 1.2
endloop
endfacet
facet normal 0 0 1
outer loop
vertex 84.51921471959677 -9.195090322016128 1.2
vertex 84.5 -8.999999999999975 1.2
vertex 79 -8.999999999999975 1.2
endloop
endfacet
facet normal 0 0 1
outer loop
vertex 84.51921471959677 -9.195090322016128 1.2
vertex 79 -8.999999999999975 1.2
vertex 79 -9.195090322016128 1.2
endloop
endfacet
facet normal 0 0 1
outer loop
vertex 94.56769391527807 -9.195090322016128 1.2
vertex 94.28907628943465 -8.999999999999975 1.2
vertex 86.50000000000001 -8.999999999999975 1.2
endloop
endfacet
facet normal 0 0 1
outer loop
vertex 94.56769391527807 -9.195090322016128 1.2
vertex 86.50000000000001 -8.999999999999975 1.2
vertex 86.48078528040321 -9.195090322016128 1.2
endloop
endfacet
facet normal 0 0 1
outer loop
vertex 65 -8.999999999999975 1.2
vertex 65.0151922469878 -8.826351822332992 1.2
vertex 59.49999999999999 -8.826351822332992 1.2
endloop
endfacet
facet normal 0 0 1
outer loop
vertex 65 -8.999999999999975 1.2
vertex 59.49999999999999 -8.826351822332992 1.2
vertex 59.49999999999999 -8.999999999999975 1.2
endloop
endfacet
facet normal 0 0 1
outer loop
vertex 84.5 -8.999999999999975 1.2
vertex 84.51710285270885 -8.826351822332992 1.2
vertex 78.9848077530122 -8.826351822332992 1.2
endloop
endfacet
facet normal 0 0 1
outer loop
vertex 84.5 -8.999999999999975 1.2
vertex 78.9848077530122 -8.826351822332992 1.2
vertex 79 -8.999999999999975 1.2
endloop
endfacet
facet normal 0 0 1
outer loop
vertex 84.51710285270885 -8.826351822332992 1.2
vertex 84.51921471959677 -8.80490967798396 1.2
vertex 78.97906234774987 -8.80490967798396 1.2
endloop
endfacet
facet normal 0 0 1
outer loop
vertex 84.51710285270885 -8.826351822332992 1.2
vertex 78.97906234774987 -8.80490967798396 1.2
vertex 78.9848077530122 -8.826351822332992 1.2
endloop
endfacet
facet normal 0 0 1
outer loop
vertex 94.28907628943465 -8.999999999999975 1.2
vertex 94.01045866359144 -8.80490967798396 1.2
vertex 86.48078528040325 -8.80490967798396 1.2
endloop
endfacet
facet normal 0 0 1
outer loop
vertex 94.28907628943465 -8.999999999999975 1.2
vertex 86.48078528040325 -8.80490967798396 1.2
vertex 86.50000000000001 -8.999999999999975 1.2
endloop
endfacet
facet normal 0 0 1
outer loop
vertex 65.0151922469878 -8.826351822332992 1.2
vertex 65.06030737921411 -8.657979856674347 1.2
vertex 59.49999999999999 -8.657979856674347 1.2
endloop
endfacet
facet normal 0 0 1
outer loop
vertex 65.0151922469878 -8.826351822332992 1.2
vertex 59.49999999999999 -8.657979856674347 1.2
vertex 59.49999999999999 -8.826351822332992 1.2
endloop
endfacet
facet normal 0 0 1
outer loop
vertex 84.51921471959677 -8.80490967798396 1.2
vertex 84.56378539361401 -8.657979856674347 1.2
vertex 78.93969262078592 -8.657979856674347 1.2
endloop
endfacet
facet normal 0 0 1
outer loop
vertex 84.51921471959677 -8.80490967798396 1.2
vertex 78.93969262078592 -8.657979856674347 1.2
vertex 78.97906234774987 -8.80490967798396 1.2
endloop
endfacet
facet normal 0 0 1
outer loop
vertex 84.56378539361401 -8.657979856674347 1.2
vertex 84.5761204674887 -8.617316567634827 1.2
vertex 78.92073101770102 -8.617316567634827 1.2
endloop
endfacet
facet normal 0 0 1
outer loop
vertex 84.56378539361401 -8.657979856674347 1.2
vertex 78.92073101770102 -8.617316567634827 1.2
vertex 78.93969262078592 -8.657979856674347 1.2
endloop
endfacet
facet normal 0 0 1
outer loop
vertex 94.01045866359144 -8.80490967798396 1.2
vertex 93.74254815685839 -8.617316567634827 1.2
vertex 86.42387953251125 -8.617316567634827 1.2
endloop
endfacet
facet normal 0 0 1
outer loop
vertex 94.01045866359144 -8.80490967798396 1.2
vertex 86.42387953251125 -8.617316567634827 1.2
vertex 86.48078528040325 -8.80490967798396 1.2
endloop
endfacet
facet normal 0 0 1
outer loop
vertex 65.06030737921411 -8.657979856674347 1.2
vertex 65.13397459621557 -8.499999999999977 1.2
vertex 59.49999999999999 -8.499999999999977 1.2
endloop
endfacet
facet normal 0 0 1
outer loop
vertex 65.06030737921411 -8.657979856674347 1.2
vertex 59.49999999999999 -8.499999999999977 1.2
vertex 59.49999999999999 -8.657979856674347 1.2
endloop
endfacet
facet normal 0 0 1
outer loop
vertex 84.5761204674887 -8.617316567634827 1.2
vertex 84.63882747932108 -8.499999999999977 1.2
vertex 78.86602540378443 -8.499999999999977 1.2
endloop
endfacet
facet normal 0 0 1
outer loop
vertex 84.5761204674887 -8.617316567634827 1.2
vertex 78.86602540378443 -8.499999999999977 1.2
vertex 78.92073101770102 -8.617316567634827 1.2
endloop
endfacet
facet normal 0 0 1
outer loop
vertex 84.63882747932108 -8.499999999999977 1.2
vertex 84.66853038769742 -8.44442976698041 1.2
vertex 78.82711470772406 -8.44442976698041 1.2
endloop
endfacet
facet normal 0 0 1
outer loop
vertex 84.63882747932108 -8.499999999999977 1.2
vertex 78.82711470772406 -8.44442976698041 1.2
vertex 78.86602540378443 -8.499999999999977 1.2
endloop
endfacet
facet normal 0 0 1
outer loop
vertex 93.74254815685839 -8.617316567634827 1.2
vertex 93.49564041976414 -8.44442976698041 1.2
vertex 86.33146961230256 -8.44442976698041 1.2
endloop
endfacet
facet normal 0 0 1
outer loop
vertex 93.74254815685839 -8.617316567634827 1.2
vertex 86.33146961230256 -8.44442976698041 1.2
vertex 86.42387953251125 -8.617316567634827 1.2
endloop
endfacet
facet normal 0 0 1
outer loop
vertex 65.13397459621557 -8.499999999999977 1.2
vertex 65.23395555688101 -8.357212390313514 1.2
vertex 59.49999999999999 -8.357212390313514 1.2
endloop
endfacet
facet normal 0 0 1
outer loop
vertex 65.13397459621557 -8.499999999999977 1.2
vertex 59.49999999999999 -8.357212390313514 1.2
vertex 59.49999999999999 -8.499999999999977 1.2
endloop
endfacet
facet normal 0 0 1
outer loop
vertex 84.66853038769742 -8.44442976698041 1.2
vertex 84.74010783891968 -8.357212390313514 1.2
vertex 78.76604444311903 -8.357212390313514 1.2
endloop
endfacet
facet normal 0 0 1
outer loop
vertex 84.66853038769742 -8.44442976698041 1.2
vertex 78.76604444311903 -8.357212390313514 1.2
vertex 78.82711470772406 -8.44442976698041 1.2
endloop
endfacet
facet normal 0 0 1
outer loop
vertex 84.74010783891968 -8.357212390313514 1.2
vertex 84.79289321881346 -8.292893218813436 1.2
vertex 78.70172527161895 -8.292893218813436 1.2
endloop
endfacet
facet normal 0 0 1
outer loop
vertex 84.74010783891968 -8.357212390313514 1.2
vertex 78.70172527161895 -8.292893218813436 1.2
vertex 78.76604444311903 -8.357212390313514 1.2
endloop
endfacet
facet normal 0 0 1
outer loop
vertex 93.49564041976414 -8.44442976698041 1.2
vertex 93.2792239820175 -8.292893218813436 1.2
vertex 86.20710678118654 -8.292893218813436 1.2
endloop
endfacet
facet normal 0 0 1
outer loop
vertex 93.49564041976414 -8.44442976698041 1.2
vertex 86.20710678118654 -8.292893218813436 1.2
vertex 86.33146961230256 -8.44442976698041 1.2
endloop
endfacet
facet normal 0 0 1
outer loop
vertex 65.23395555688101 -8.357212390313514 1.2
vertex 65.35721239031344 -8.233955556881035 1.2
vertex 59.5 -8.233955556881035 1.2
endloop
endfacet
facet normal 0 0 1
outer loop
vertex 65.23395555688101 -8.357212390313514 1.2
vertex 59.5 -8.233955556881035 1.2
vertex 59.49999999999999 -8.357212390313514 1.2
endloop
endfacet
facet normal 0 0 1
outer loop
vertex 84.79289321881346 -8.292893218813436 1.2
vertex 84.86470896766802 -8.233955556881035 1.2
vertex 78.64278760968655 -8.233955556881035 1.2
endloop
endfacet
facet normal 0 0 1
outer loop
vertex 84.79289321881346 -8.292893218813436 1.2
vertex 78.64278760968655 -8.233955556881035 1.2
vertex 78.70172527161895 -8.292893218813436 1.2
endloop
endfacet
facet normal 0 0 1
outer loop
vertex 84.86470896766802 -8.233955556881035 1.2
vertex 84.9444297669804 -8.168530387697455 1.2
vertex 78.54935078472626 -8.168530387697455 1.2
endloop
endfacet
facet normal 0 0 1
outer loop
vertex 84.86470896766802 -8.233955556881035 1.2
vertex 78.54935078472626 -8.168530387697455 1.2
vertex 78.64278760968655 -8.233955556881035 1.2
endloop
endfacet
facet normal 0 0 1
outer loop
vertex 93.2792239820175 -8.292893218813436 1.2
vertex 93.10161561624759 -8.168530387697455 1.2
vertex 86.0555702330196 -8.168530387697455 1.2
endloop
endfacet
facet normal 0 0 1
outer loop
vertex 93.2792239820175 -8.292893218813436 1.2
vertex 86.0555702330196 -8.168530387697455 1.2
vertex 86.20710678118654 -8.292893218813436 1.2
endloop
endfacet
facet normal 0 0 1
outer loop
vertex 65.35721239031344 -8.233955556881035 1.2
vertex 65.50000000000004 -8.133974596215563 1.2
vertex 59.5 -8.133974596215563 1.2
endloop
endfacet
facet normal 0 0 1
outer loop
vertex 65.35721239031344 -8.233955556881035 1.2
vertex 59.5 -8.133974596215563 1.2
vertex 59.5 -8.233955556881035 1.2
endloop
endfacet
facet normal 0 0 1
outer loop
vertex 84.9444297669804 -8.168530387697455 1.2
vertex 85.00907910570821 -8.133974596215563 1.2
vertex 78.5 -8.133974596215563 1.2
endloop
endfacet
facet normal 0 0 1
outer loop
vertex 84.9444297669804 -8.168530387697455 1.2
vertex 78.5 -8.133974596215563 1.2
vertex 78.54935078472626 -8.168530387697455 1.2
endloop
endfacet
facet normal 0 0 1
outer loop
vertex 85.00907910570821 -8.133974596215563 1.2
vertex 85.11731656763489 -8.076120467488707 1.2
vertex 78.37593142056521 -8.076120467488707 1.2
endloop
endfacet
facet normal 0 0 1
outer loop
vertex 85.00907910570821 -8.133974596215563 1.2
vertex 78.37593142056521 -8.076120467488707 1.2
vertex 78.5 -8.133974596215563 1.2
endloop
endfacet
facet normal 0 0 1
outer loop
vertex 93.10161561624759 -8.168530387697455 1.2
vertex 92.9696406944649 -8.076120467488707 1.2
vertex 85.88268343236506 -8.076120467488707 1.2
endloop
endfacet
facet normal 0 0 1
outer loop
vertex 93.10161561624759 -8.168530387697455 1.2
vertex 85.88268343236506 -8.076120467488707 1.2
vertex 86.0555702330196 -8.168530387697455 1.2
endloop
endfacet
facet normal 0 0 1
outer loop
vertex 65.50000000000004 -8.133974596215563 1.2
vertex 65.65797985667427 -8.060307379214086 1.2
vertex 59.5 -8.060307379214086 1.2
endloop
endfacet
facet normal 0 0 1
outer loop
vertex 65.50000000000004 -8.133974596215563 1.2
vertex 59.5 -8.060307379214086 1.2
vertex 59.5 -8.133974596215563 1.2
endloop
endfacet
facet normal 0 0 1
outer loop
vertex 85.11731656763489 -8.076120467488707 1.2
vertex 85.16944533359533 -8.060307379214086 1.2
vertex 78.34202014332566 -8.060307379214086 1.2
endloop
endfacet
facet normal 0 0 1
outer loop
vertex 85.11731656763489 -8.076120467488707 1.2
vertex 78.34202014332566 -8.060307379214086 1.2
vertex 78.37593142056521 -8.076120467488707 1.2
endloop
endfacet
facet normal 0 0 1
outer loop
vertex 85.16944533359533 -8.060307379214086 1.2
vertex 85.3049096779839 -8.01921471959677 1.2
vertex 78.1886602498157 -8.01921471959677 1.2
endloop
endfacet
facet normal 0 0 1
outer loop
vertex 85.16944533359533 -8.060307379214086 1.2
vertex 78.1886602498157 -8.01921471959677 1.2
vertex 78.34202014332566 -8.060307379214086 1.2
endloop
endfacet
facet normal 0 0 1
outer loop
vertex 92.9696406944649 -8.076120467488707 1.2
vertex 92.88837093890122 -8.01921471959677 1.2
vertex 85.69509032201613 -8.01921471959677 1.2
endloop
endfacet
facet normal 0 0 1
outer loop
vertex 92.9696406944649 -8.076120467488707 1.2
vertex 85.69509032201613 -8.01921471959677 1.2
vertex 85.88268343236506 -8.076120467488707 1.2
endloop
endfacet
facet normal 0 0 1
outer loop
vertex 65.65797985667427 -8.060307379214086 1.2
vertex 65.8263518223331 -8.015192246987795 1.2
vertex 59.5 -8.015192246987795 1.2
endloop
endfacet
facet normal 0 0 1
outer loop
vertex 65.65797985667427 -8.060307379214086 1.2
vertex 59.5 -8.015192246987795 1.2
vertex 59.5 -8.060307379214086 1.2
endloop
endfacet
facet normal 0 0 1
outer loop
vertex 85.3049096779839 -8.01921471959677 1.2
vertex 85.34575052776228 -8.015192246987795 1.2
vertex 78.17364817766695 -8.015192246987795 1.2
endloop
endfacet
facet normal 0 0 1
outer loop
vertex 85.3049096779839 -8.01921471959677 1.2
vertex 78.17364817766695 -8.015192246987795 1.2
vertex 78.1886602498157 -8.01921471959677 1.2
endloop
endfacet
facet normal 0 0 1
outer loop
vertex 65.8263518223331 -8.015192246987795 1.2
vertex 66 -8 1.2
vertex 59.5 -8 1.2
endloop
endfacet
facet normal 0 0 1
outer loop
vertex 65.8263518223331 -8.015192246987795 1.2
vertex 59.5 -8 1.2
vertex 59.5 -8.015192246987795 1.2
endloop
endfacet
facet normal 0 0 1
outer loop
vertex 85.34575052776228 -8.015192246987795 1.2
vertex 85.49999999999999 -8 1.2
vertex 78 -8 1.2
endloop
endfacet
facet normal 0 0 1
outer loop
vertex 85.34575052776228 -8.015192246987795 1.2
vertex 78 -8 1.2
vertex 78.17364817766695 -8.015192246987795 1.2
endloop
endfacet
facet normal 0 0 1
outer loop
vertex 92.88837093890122 -8.01921471959677 1.2
vertex 92.86092950068624 -8 1.2
vertex 85.49999999999999 -8 1.2
endloop
endfacet
facet normal 0 0 1
outer loop
vertex 92.88837093890122 -8.01921471959677 1.2
vertex 85.49999999999999 -8 1.2
vertex 85.69509032201613 -8.01921471959677 1.2
endloop
endfacet
facet normal 0 0 1
outer loop
vertex 11.04736629237675 -12.487204088168284 1.2
vertex 11.297406011523478 -12.44894447206546 1.2
vertex 11.542299704444872 -12.385614080130662 1.2
endloop
endfacet
facet normal 0 0 1
outer loop
vertex 11.04736629237675 -12.487204088168284 1.2
vertex 11.542299704444872 -12.385614080130662 1.2
vertex 11.779540600000132 -12.297862499999951 1.2
endloop
endfacet
facet normal 0 0 1
outer loop
vertex 11.04736629237675 -12.487204088168284 1.2
vertex 11.779540600000132 -12.297862499999951 1.2
vertex 24.141219736207972 -7 1.2
endloop
endfacet
facet normal 0 0 1
outer loop
vertex 11.04736629237675 -12.487204088168284 1.2
vertex 24.141219736207972 -7 1.2
vertex 6.000000000000007 -7 1.2
endloop
endfacet
facet normal 0 0 1
outer loop
vertex 11.04736629237675 -12.487204088168284 1.2
vertex 6.000000000000007 -7 1.2
vertex -6 -7 1.2
endloop
endfacet
facet normal 0 0 1
outer loop
vertex 11.04736629237675 -12.487204088168284 1.2
vertex -6 -7 1.2
vertex -12.5 -7 1.2
endloop
endfacet
facet normal 0 0 1
outer loop
vertex 11.04736629237675 -12.487204088168284 1.2
vertex -12.5 -7 1.2
vertex -12.5 -10.000000000000007 1.2
endloop
endfacet
facet normal 0 0 1
outer loop
vertex 11.04736629237675 -12.487204088168284 1.2
vertex -12.5 -10.000000000000007 1.2
vertex -12.46201938253052 -10.434120444167334 1.2
endloop
endfacet
facet normal 0 0 1
outer loop
vertex 11.04736629237675 -12.487204088168284 1.2
vertex -12.46201938253052 -10.434120444167334 1.2
vertex -12.34923155196477 -10.855050358314173 1.2
endloop
endfacet
facet normal 0 0 1
outer loop
vertex 11.04736629237675 -12.487204088168284 1.2
vertex -12.34923155196477 -10.855050358314173 1.2
vertex -12.165063509461099 -11.25 1.2
endloop
endfacet
facet normal 0 0 1
outer loop
vertex 11.04736629237675 -12.487204088168284 1.2
vertex -12.165063509461099 -11.25 1.2
vertex -11.915111107797465 -11.606969024216326 1.2
endloop
endfacet
facet normal 0 0 1
outer loop
vertex 11.04736629237675 -12.487204088168284 1.2
vertex -11.915111107797465 -11.606969024216326 1.2
vertex -11.60696902421634 -11.915111107797443 1.2
endloop
endfacet
facet normal 0 0 1
outer loop
vertex 11.04736629237675 -12.487204088168284 1.2
vertex -11.60696902421634 -11.915111107797443 1.2
vertex -11.249999999999972 -12.165063509461113 1.2
endloop
endfacet
facet normal 0 0 1
outer loop
vertex 11.04736629237675 -12.487204088168284 1.2
vertex -11.249999999999972 -12.165063509461113 1.2
vertex -10.855050358314188 -12.349231551964763 1.2
endloop
endfacet
facet normal 0 0 1
outer loop
vertex 11.04736629237675 -12.487204088168284 1.2
vertex -10.855050358314188 -12.349231551964763 1.2
vertex -10.434120444167263 -12.462019382530531 1.2
endloop
endfacet
facet normal 0 0 1
outer loop
vertex 11.04736629237675 -12.487204088168284 1.2
vertex -10.434120444167263 -12.462019382530531 1.2
vertex -10.000000000000043 -12.5 1.2
endloop
endfacet
facet normal 0 0 1
outer loop
vertex 11.04736629237675 -12.487204088168284 1.2
vertex -10.000000000000043 -12.5 1.2
vertex 10.794740299999944 -12.500001250000004 1.2
endloop
endfacet
facet normal 0 0 1
outer loop
vertex -6 -7 1.2
vertex -6.1736481776669265 -6.984807753012209 1.2
vertex -12.5 -6.984807753012209 1.2
endloop
endfacet
facet normal 0 0 1
outer loop
vertex -6 -7 1.2
vertex -12.5 -6.984807753012209 1.2
vertex -12.5 -7 1.2
endloop
endfacet
facet normal 0 0 1
outer loop
vertex 24.141219736207972 -7 1.2
vertex 24.176668312425473 -6.984807753012209 1.2
vertex 6.1736481776669265 -6.984807753012209 1.2
endloop
endfacet
facet normal 0 0 1
outer loop
vertex 24.141219736207972 -7 1.2
vertex 6.1736481776669265 -6.984807753012209 1.2
vertex 6.000000000000007 -7 1.2
endloop
endfacet
facet normal 0 0 1
outer loop
vertex -6.1736481776669265 -6.984807753012209 1.2
vertex -6.342020143325676 -6.939692620785911 1.2
vertex -12.5 -6.939692620785911 1.2
endloop
endfacet
facet normal 0 0 1
outer loop
vertex -6.1736481776669265 -6.984807753012209 1.2
vertex -12.5 -6.939692620785911 1.2
vertex -12.5 -6.984807753012209 1.2
endloop
endfacet
facet normal 0 0 1
outer loop
vertex 24.176668312425473 -6.984807753012209 1.2
vertex 24.281936954027458 -6.939692620785911 1.2
vertex 6.342020143325659 -6.939692620785911 1.2
endloop
endfacet
facet normal 0 0 1
outer loop
vertex 24.176668312425473 -6.984807753012209 1.2
vertex 6.342020143325659 -6.939692620785911 1.2
vertex 6.1736481776669265 -6.984807753012209 1.2
endloop
endfacet
facet normal 0 0 1
outer loop
vertex -6.342020143325676 -6.939692620785911 1.2
vertex -6.499999999999993 -6.866025403784448 1.2
vertex -12.5 -6.866025403784448 1.2
endloop
endfacet
facet normal 0 0 1
outer loop
vertex -6.342020143325676 -6.939692620785911 1.2
vertex -12.5 -6.866025403784448 1.2
vertex -12.5 -6.939692620785911 1.2
endloop
endfacet
facet normal 0 0 1
outer loop
vertex 24.281936954027458 -6.939692620785911 1.2
vertex 24.45382712660734 -6.866025403784448 1.2
vertex 6.499999999999979 -6.866025403784448 1.2
endloop
endfacet
facet normal 0 0 1
outer loop
vertex 24.281936954027458 -6.939692620785911 1.2
vertex 6.499999999999979 -6.866025403784448 1.2
vertex 6.342020143325659 -6.939692620785911 1.2
endloop
endfacet
facet normal 0 0 1
outer loop
vertex -6.499999999999993 -6.866025403784448 1.2
vertex -6.642787609686543 -6.766044443119014 1.2
vertex -12.5 -6.766044443119014 1.2
endloop
endfacet
facet normal 0 0 1
outer loop
vertex -6.499999999999993 -6.866025403784448 1.2
vertex -12.5 -6.766044443119014 1.2
vertex -12.5 -6.866025403784448 1.2
endloop
endfacet
facet normal 0 0 1
outer loop
vertex 24.45382712660734 -6.866025403784448 1.2
vertex 24.687116034251872 -6.766044443119014 1.2
vertex 6.6427876096865015 -6.766044443119014 1.2
endloop
endfacet
facet normal 0 0 1
outer loop
vertex 24.45382712660734 -6.866025403784448 1.2
vertex 6.6427876096865015 -6.766044443119014 1.2
vertex 6.499999999999979 -6.866025403784448 1.2
endloop
endfacet
facet normal 0 0 1
outer loop
vertex -6.642787609686543 -6.766044443119014 1.2
vertex -6.766044443118972 -6.642787609686508 1.2
vertex -12.5 -6.642787609686508 1.2
endloop
endfacet
facet normal 0 0 1
outer loop
vertex -6.642787609686543 -6.766044443119014 1.2
vertex -12.5 -6.642787609686508 1.2
vertex -12.5 -6.766044443119014 1.2
endloop
endfacet
facet normal 0 0 1
outer loop
vertex 24.687116034251872 -6.766044443119014 1.2
vertex 24.97471531155242 -6.642787609686508 1.2
vertex 6.766044443119 -6.642787609686508 1.2
endloop
endfacet
facet normal 0 0 1
outer loop
vertex 24.687116034251872 -6.766044443119014 1.2
vertex 6.766044443119 -6.642787609686508 1.2
vertex 6.6427876096865015 -6.766044443119014 1.2
endloop
endfacet
facet normal 0 0 1
outer loop
vertex -6.766044443118972 -6.642787609686508 1.2
vertex -6.866025403784441 -6.5 1.2
vertex -12.5 -6.5 1.2
endloop
endfacet
facet normal 0 0 1
outer loop
vertex -6.766044443118972 -6.642787609686508 1.2
vertex -12.5 -6.5 1.2
vertex -12.5 -6.642787609686508 1.2
endloop
endfacet
facet normal 0 0 1
outer loop
vertex 24.97471531155242 -6.642787609686508 1.2
vertex 25.307886400000015 -6.5 1.2
vertex 12.999999999999982 -6.5 1.2
endloop
endfacet
facet normal 0 0 1
outer loop
vertex 24.97471531155242 -6.642787609686508 1.2
vertex 12.999999999999982 -6.5 1.2
vertex 6.866025403784438 -6.5 1.2
endloop
endfacet
facet normal 0 0 1
outer loop
vertex 24.97471531155242 -6.642787609686508 1.2
vertex 6.866025403784438 -6.5 1.2
vertex 6.766044443119 -6.642787609686508 1.2
endloop
endfacet
facet normal 0 0 1
outer loop
vertex 66 -8 1.2
vertex 78 -8 1.2
vertex 85.49999999999999 -8 1.2
endloop
endfacet
facet normal 0 0 1
outer loop
vertex 66 -8 1.2
vertex 85.49999999999999 -8 1.2
vertex 92.86092950068624 -8 1.2
endloop
endfacet
facet normal 0 0 1
outer loop
vertex 66 -8 1.2
vertex 92.86092950068624 -8 1.2
vertex 90.71870946384563 -6.5 1.2
endloop
endfacet
facet normal 0 0 1
outer loop
vertex 66 -8 1.2
vertex 90.71870946384563 -6.5 1.2
vertex 59.5 -6.5 1.2
endloop
endfacet
facet normal 0 0 1
outer loop
vertex 66 -8 1.2
vertex 59.5 -6.5 1.2
vertex 59.5 -8 1.2
endloop
endfacet
facet normal 0 0 1
outer loop
vertex 12.999999999999982 -6.5 1.2
vertex 12.804909677983872 -6.480785280403232 1.2
vertex 6.874985374681708 -6.480785280403232 1.2
endloop
endfacet
facet normal 0 0 1
outer loop
vertex 12.999999999999982 -6.5 1.2
vertex 6.874985374681708 -6.480785280403232 1.2
vertex 6.866025403784438 -6.5 1.2
endloop
endfacet
facet normal 0 0 1
outer loop
vertex 25.307886400000015 -6.5 1.2
vertex 59.5 -6.5 1.2
vertex 90.71870946384563 -6.5 1.2
endloop
endfacet
facet normal 0 0 1
outer loop
vertex 25.307886400000015 -6.5 1.2
vertex 90.71870946384563 -6.5 1.2
vertex 90.69126802563066 -6.480785280403232 1.2
endloop
endfacet
facet normal 0 0 1
outer loop
vertex 25.307886400000015 -6.5 1.2
vertex 90.69126802563066 -6.480785280403232 1.2
vertex 13.195090322016103 -6.480785280403232 1.2
endloop
endfacet
facet normal 0 0 1
outer loop
vertex 25.307886400000015 -6.5 1.2
vertex 13.195090322016103 -6.480785280403232 1.2
vertex 12.999999999999982 -6.5 1.2
endloop
endfacet
facet normal 0 0 1
outer loop
vertex 12.804909677983872 -6.480785280403232 1.2
vertex 12.617316567634909 -6.423879532511286 1.2
vertex 6.90152096071676 -6.423879532511286 1.2
endloop
endfacet
facet normal 0 0 1
outer loop
vertex 12.804909677983872 -6.480785280403232 1.2
vertex 6.90152096071676 -6.423879532511286 1.2
vertex 6.874985374681708 -6.480785280403232 1.2
endloop
endfacet
facet normal 0 0 1
outer loop
vertex 90.69126802563066 -6.480785280403232 1.2
vertex 90.67252270000007 -6.467659650000037 1.2
vertex 90.6026820623604 -6.423879532511286 1.2
endloop
endfacet
facet normal 0 0 1
outer loop
vertex 90.69126802563066 -6.480785280403232 1.2
vertex 90.6026820623604 -6.423879532511286 1.2
vertex 13.382683432365095 -6.423879532511286 1.2
endloop
endfacet
facet normal 0 0 1
outer loop
vertex 90.69126802563066 -6.480785280403232 1.2
vertex 13.382683432365095 -6.423879532511286 1.2
vertex 13.195090322016103 -6.480785280403232 1.2
endloop
endfacet
facet normal 0 0 1
outer loop
vertex -6.866025403784441 -6.5 1.2
vertex -6.939692620785905 -6.342020143325662 1.2
vertex -12.5 -6.342020143325662 1.2
endloop
endfacet
facet normal 0 0 1
outer loop
vertex -6.866025403784441 -6.5 1.2
vertex -12.5 -6.342020143325662 1.2
vertex -12.5 -6.5 1.2
endloop
endfacet
facet normal 0 0 1
outer loop
vertex 12.617316567634909 -6.423879532511286 1.2
vertex 12.464168422199153 -6.342020143325662 1.2
vertex 6.939692620785906 -6.342020143325662 1.2
endloop
endfacet
facet normal 0 0 1
outer loop
vertex 12.617316567634909 -6.423879532511286 1.2
vertex 6.939692620785906 -6.342020143325662 1.2
vertex 6.90152096071676 -6.423879532511286 1.2
endloop
endfacet
facet normal 0 0 1
outer loop
vertex 12.464168422199153 -6.342020143325662 1.2
vertex 12.444429766980399 -6.331469612302545 1.2
vertex 6.942519627053269 -6.331469612302545 1.2
endloop
endfacet
facet normal 0 0 1
outer loop
vertex 12.464168422199153 -6.342020143325662 1.2
vertex 6.942519627053269 -6.331469612302545 1.2
vertex 6.939692620785906 -6.342020143325662 1.2
endloop
endfacet
facet normal 0 0 1
outer loop
vertex 90.6026820623604 -6.423879532511286 1.2
vertex 90.58629481354589 -6.413607065038724 1.2
vertex 90.49501970356036 -6.368598347655066 1.2
endloop
endfacet
facet normal 0 0 1
outer loop
vertex 90.6026820623604 -6.423879532511286 1.2
vertex 90.49501970356036 -6.368598347655066 1.2
vertex 90.39964539999998 -6.3330992999999935 1.2
endloop
endfacet
facet normal 0 0 1
outer loop
vertex 90.6026820623604 -6.423879532511286 1.2
vertex 90.39964539999998 -6.3330992999999935 1.2
vertex 90.3944766741472 -6.331469612302545 1.2
endloop
endfacet
facet normal 0 0 1
outer loop
vertex 90.6026820623604 -6.423879532511286 1.2
vertex 90.3944766741472 -6.331469612302545 1.2
vertex 13.555570233019607 -6.331469612302545 1.2
endloop
endfacet
facet normal 0 0 1
outer loop
vertex 90.6026820623604 -6.423879532511286 1.2
vertex 13.555570233019607 -6.331469612302545 1.2
vertex 13.382683432365095 -6.423879532511286 1.2
endloop
endfacet
facet normal 0 0 1
outer loop
vertex 12.444429766980399 -6.331469612302545 1.2
vertex 12.292893218813454 -6.20710678118655 1.2
vertex 6.975842547219249 -6.20710678118655 1.2
endloop
endfacet
facet normal 0 0 1
outer loop
vertex 12.444429766980399 -6.331469612302545 1.2
vertex 6.975842547219249 -6.20710678118655 1.2
vertex 6.942519627053269 -6.331469612302545 1.2
endloop
endfacet
facet normal 0 0 1
outer loop
vertex 90.3944766741472 -6.331469612302545 1.2
vertex 90.00004688166537 -6.20710678118655 1.2
vertex 13.707106781186539 -6.20710678118655 1.2
endloop
endfacet
facet normal 0 0 1
outer loop
vertex 90.3944766741472 -6.331469612302545 1.2
vertex 13.707106781186539 -6.20710678118655 1.2
vertex 13.555570233019607 -6.331469612302545 1.2
endloop
endfacet
facet normal 0 0 1
outer loop
vertex -6.939692620785905 -6.342020143325662 1.2
vertex -6.9848077530122055 -6.173648177666934 1.2
vertex -12.5 -6.173648177666934 1.2
endloop
endfacet
facet normal 0 0 1
outer loop
vertex -6.939692620785905 -6.342020143325662 1.2
vertex -12.5 -6.173648177666934 1.2
vertex -12.5 -6.342020143325662 1.2
endloop
endfacet
facet normal 0 0 1
outer loop
vertex 12.292893218813454 -6.20710678118655 1.2
vertex 12.26543445253416 -6.173648177666934 1.2
vertex 6.984807753012203 -6.173648177666934 1.2
endloop
endfacet
facet normal 0 0 1
outer loop
vertex 12.292893218813454 -6.20710678118655 1.2
vertex 6.984807753012203 -6.173648177666934 1.2
vertex 6.975842547219249 -6.20710678118655 1.2
endloop
endfacet
facet normal 0 0 1
outer loop
vertex 12.26543445253416 -6.173648177666934 1.2
vertex 12.168530387697452 -6.055570233019598 1.2
vertex 6.9951382345812885 -6.055570233019598 1.2
endloop
endfacet
facet normal 0 0 1
outer loop
vertex 12.26543445253416 -6.173648177666934 1.2
vertex 6.9951382345812885 -6.055570233019598 1.2
vertex 6.984807753012203 -6.173648177666934 1.2
endloop
endfacet
facet normal 0 0 1
outer loop
vertex 90.00004688166537 -6.20710678118655 1.2
vertex 89.51943278892931 -6.055570233019598 1.2
vertex 13.831469612302548 -6.055570233019598 1.2
endloop
endfacet
facet normal 0 0 1
outer loop
vertex 90.00004688166537 -6.20710678118655 1.2
vertex 13.831469612302548 -6.055570233019598 1.2
vertex 13.707106781186539 -6.20710678118655 1.2
endloop
endfacet
facet normal 0 0 1
outer loop
vertex -6.9848077530122055 -6.173648177666934 1.2
vertex -7 -5.999999999999972 1.2
vertex -12.5 -5.999999999999972 1.2
endloop
endfacet
facet normal 0 0 1
outer loop
vertex -6.9848077530122055 -6.173648177666934 1.2
vertex -12.5 -5.999999999999972 1.2
vertex -12.5 -6.173648177666934 1.2
endloop
endfacet
facet normal 0 0 1
outer loop
vertex 12.168530387697452 -6.055570233019598 1.2
vertex 12.138827479321083 -5.999999999999972 1.2
vertex 7 -5.999999999999972 1.2
endloop
endfacet
facet normal 0 0 1
outer loop
vertex 12.168530387697452 -6.055570233019598 1.2
vertex 7 -5.999999999999972 1.2
vertex 6.9951382345812885 -6.055570233019598 1.2
endloop
endfacet
facet normal 0 0 1
outer loop
vertex 12.138827479321083 -5.999999999999972 1.2
vertex 12.076120467488714 -5.882683432365088 1.2
vertex 7 -5.882683432365088 1.2
endloop
endfacet
facet normal 0 0 1
outer loop
vertex 12.138827479321083 -5.999999999999972 1.2
vertex 7 -5.882683432365088 1.2
vertex 7 -5.999999999999972 1.2
endloop
endfacet
facet normal 0 0 1
outer loop
vertex 89.51943278892931 -6.055570233019598 1.2
vertex 88.97110412599142 -5.882683432365088 1.2
vertex 13.923879532511283 -5.882683432365088 1.2
endloop
endfacet
facet normal 0 0 1
outer loop
vertex 89.51943278892931 -6.055570233019598 1.2
vertex 13.923879532511283 -5.882683432365088 1.2
vertex 13.831469612302548 -6.055570233019598 1.2
endloop
endfacet
facet normal 0 0 1
outer loop
vertex 12.076120467488714 -5.882683432365088 1.2
vertex 12.019214719596775 -5.695090322016139 1.2
vertex 7 -5.695090322016139 1.2
endloop
endfacet
facet normal 0 0 1
outer loop
vertex 12.076120467488714 -5.882683432365088 1.2
vertex 7 -5.695090322016139 1.2
vertex 7 -5.882683432365088 1.2
endloop
endfacet
facet normal 0 0 1
outer loop
vertex 88.97110412599142 -5.882683432365088 1.2
vertex 88.37613285586215 -5.695090322016139 1.2
vertex 13.980785280403225 -5.695090322016139 1.2
endloop
endfacet
facet normal 0 0 1
outer loop
vertex 88.97110412599142 -5.882683432365088 1.2
vertex 13.980785280403225 -5.695090322016139 1.2
vertex 13.923879532511283 -5.882683432365088 1.2
endloop
endfacet
facet normal 0 0 1
outer loop
vertex 12.019214719596775 -5.695090322016139 1.2
vertex 12 -5.499999999999991 1.2
vertex 7 -5.499999999999991 1.2
endloop
endfacet
facet normal 0 0 1
outer loop
vertex 12.019214719596775 -5.695090322016139 1.2
vertex 7 -5.499999999999991 1.2
vertex 7 -5.695090322016139 1.2
endloop
endfacet
facet normal 0 0 1
outer loop
vertex 88.37613285586215 -5.695090322016139 1.2
vertex 87.75738339078872 -5.499999999999991 1.2
vertex 14 -5.499999999999991 1.2
endloop
endfacet
facet normal 0 0 1
outer loop
vertex 88.37613285586215 -5.695090322016139 1.2
vertex 14 -5.499999999999991 1.2
vertex 13.980785280403225 -5.695090322016139 1.2
endloop
endfacet
facet normal 0 0 1
outer loop
vertex 12 -5.499999999999991 1.2
vertex 12.019214719596768 -5.304909677983872 1.2
vertex 7 -5.304909677983872 1.2
endloop
endfacet
facet normal 0 0 1
outer loop
vertex 12 -5.499999999999991 1.2
vertex 7 -5.304909677983872 1.2
vertex 7 -5.499999999999991 1.2
endloop
endfacet
facet normal 0 0 1
outer loop
vertex 87.75738339078872 -5.499999999999991 1.2
vertex 87.13863392571537 -5.304909677983872 1.2
vertex 13.98078528040323 -5.304909677983872 1.2
endloop
endfacet
facet normal 0 0 1
outer loop
vertex 87.75738339078872 -5.499999999999991 1.2
vertex 13.98078528040323 -5.304909677983872 1.2
vertex 14 -5.499999999999991 1.2
endloop
endfacet
facet normal 0 0 1
outer loop
vertex 12.019214719596768 -5.304909677983872 1.2
vertex 12.076120467488707 -5.117316567634909 1.2
vertex 7 -5.117316567634909 1.2
endloop
endfacet
facet normal 0 0 1
outer loop
vertex 12.019214719596768 -5.304909677983872 1.2
vertex 7 -5.117316567634909 1.2
vertex 7 -5.304909677983872 1.2
endloop
endfacet
facet normal 0 0 1
outer loop
vertex 87.13863392571537 -5.304909677983872 1.2
vertex 86.54366265558605 -5.117316567634909 1.2
vertex 13.923879532511286 -5.117316567634909 1.2
endloop
endfacet
facet normal 0 0 1
outer loop
vertex 87.13863392571537 -5.304909677983872 1.2
vertex 13.923879532511286 -5.117316567634909 1.2
vertex 13.98078528040323 -5.304909677983872 1.2
endloop
endfacet
facet normal 0 0 1
outer loop
vertex 12.076120467488707 -5.117316567634909 1.2
vertex 12.168530387697459 -4.9444297669804005 1.2
vertex 7 -4.9444297669804005 1.2
endloop
endfacet
facet normal 0 0 1
outer loop
vertex 12.076120467488707 -5.117316567634909 1.2
vertex 7 -4.9444297669804005 1.2
vertex 7 -5.117316567634909 1.2
endloop
endfacet
facet normal 0 0 1
outer loop
vertex 86.54366265558605 -5.117316567634909 1.2
vertex 85.99533399264817 -4.9444297669804005 1.2
vertex 13.831469612302547 -4.9444297669804005 1.2
endloop
endfacet
facet normal 0 0 1
outer loop
vertex 86.54366265558605 -5.117316567634909 1.2
vertex 13.831469612302547 -4.9444297669804005 1.2
vertex 13.923879532511286 -5.117316567634909 1.2
endloop
endfacet
facet normal 0 0 1
outer loop
vertex 12.168530387697459 -4.9444297669804005 1.2
vertex 12.292893218813447 -4.792893218813445 1.2
vertex 7 -4.792893218813445 1.2
endloop
endfacet
facet normal 0 0 1
outer loop
vertex 12.168530387697459 -4.9444297669804005 1.2
vertex 7 -4.792893218813445 1.2
vertex 7 -4.9444297669804005 1.2
endloop
endfacet
facet normal 0 0 1
outer loop
vertex 85.99533399264817 -4.9444297669804005 1.2
vertex 85.5147198999121 -4.792893218813445 1.2
vertex 13.707106781186543 -4.792893218813445 1.2
endloop
endfacet
facet normal 0 0 1
outer loop
vertex 85.99533399264817 -4.9444297669804005 1.2
vertex 13.707106781186543 -4.792893218813445 1.2
vertex 13.831469612302547 -4.9444297669804005 1.2
endloop
endfacet
facet normal 0 0 1
outer loop
vertex 12.292893218813447 -4.792893218813445 1.2
vertex 12.444429766980399 -4.668530387697459 1.2
vertex 7 -4.668530387697459 1.2
endloop
endfacet
facet normal 0 0 1
outer loop
vertex 12.292893218813447 -4.792893218813445 1.2
vertex 7 -4.668530387697459 1.2
vertex 7 -4.792893218813445 1.2
endloop
endfacet
facet normal 0 0 1
outer loop
vertex 85.5147198999121 -4.792893218813445 1.2
vertex 85.12029010743029 -4.668530387697459 1.2
vertex 13.555570233019607 -4.668530387697459 1.2
endloop
endfacet
facet normal 0 0 1
outer loop
vertex 85.5147198999121 -4.792893218813445 1.2
vertex 13.555570233019607 -4.668530387697459 1.2
vertex 13.707106781186543 -4.792893218813445 1.2
endloop
endfacet
facet normal 0 0 1
outer loop
vertex 12.444429766980399 -4.668530387697459 1.2
vertex 12.617316567634902 -4.576120467488714 1.2
vertex 7 -4.576120467488714 1.2
endloop
endfacet
facet normal 0 0 1
outer loop
vertex 12.444429766980399 -4.668530387697459 1.2
vertex 7 -4.576120467488714 1.2
vertex 7 -4.668530387697459 1.2
endloop
endfacet
facet normal 0 0 1
outer loop
vertex 85.12029010743029 -4.668530387697459 1.2
vertex 84.82720233092897 -4.576120467488714 1.2
vertex 13.38268343236509 -4.576120467488714 1.2
endloop
endfacet
facet normal 0 0 1
outer loop
vertex 85.12029010743029 -4.668530387697459 1.2
vertex 13.38268343236509 -4.576120467488714 1.2
vertex 13.555570233019607 -4.668530387697459 1.2
endloop
endfacet
facet normal 0 0 1
outer loop
vertex 12.617316567634902 -4.576120467488714 1.2
vertex 12.804909677983872 -4.51921471959677 1.2
vertex 7 -4.51921471959677 1.2
endloop
endfacet
facet normal 0 0 1
outer loop
vertex 12.617316567634902 -4.576120467488714 1.2
vertex 7 -4.51921471959677 1.2
vertex 7 -4.576120467488714 1.2
endloop
endfacet
facet normal 0 0 1
outer loop
vertex 84.82720233092897 -4.576120467488714 1.2
vertex 84.6467197692936 -4.51921471959677 1.2
vertex 13.195090322016126 -4.51921471959677 1.2
endloop
endfacet
facet normal 0 0 1
outer loop
vertex 84.82720233092897 -4.576120467488714 1.2
vertex 13.195090322016126 -4.51921471959677 1.2
vertex 13.38268343236509 -4.576120467488714 1.2
endloop
endfacet
facet normal 0 0 1
outer loop
vertex 12.804909677983872 -4.51921471959677 1.2
vertex 13 -4.5 1.2
vertex 7 -4.5 1.2
endloop
endfacet
facet normal 0 0 1
outer loop
vertex 12.804909677983872 -4.51921471959677 1.2
vertex 7 -4.5 1.2
vertex 7 -4.51921471959677 1.2
endloop
endfacet
facet normal 0 0 1
outer loop
vertex 84.6467197692936 -4.51921471959677 1.2
vertex 84.58577826615202 -4.5 1.2
vertex 13 -4.5 1.2
endloop
endfacet
facet normal 0 0 1
outer loop
vertex 84.6467197692936 -4.51921471959677 1.2
vertex 13 -4.5 1.2
vertex 13.195090322016126 -4.51921471959677 1.2
endloop
endfacet
facet normal 0 0 1
outer loop
vertex 13 -4.5 1.2
vertex 84.58577826615202 -4.5 1.2
vertex 83.10281499999988 -4.032424999999959 1.2
endloop
endfacet
facet normal 0 0 1
outer loop
vertex 13 -4.5 1.2
vertex 83.10281499999988 -4.032424999999959 1.2
vertex 83.05175725181734 -4.017799293670775 1.2
endloop
endfacet
facet normal 0 0 1
outer loop
vertex 13 -4.5 1.2
vertex 83.05175725181734 -4.017799293670775 1.2
vertex 83 -4.00591 1.2
endloop
endfacet
facet normal 0 0 1
outer loop
vertex 13 -4.5 1.2
vertex 83 -4.00591 1.2
vertex 7 -4.00591 1.2
endloop
endfacet
facet normal 0 0 1
outer loop
vertex 13 -4.5 1.2
vertex 7 -4.00591 1.2
vertex 7 -4.5 1.2
endloop
endfacet
facet normal 0 0 1
outer loop
vertex 83 -4.00591 1.2
vertex 83 -1 1.2
vertex 78 -1 1.2
endloop
endfacet
facet normal 0 0 1
outer loop
vertex 83 -4.00591 1.2
vertex 78 -1 1.2
vertex 66 -1 1.2
endloop
endfacet
facet normal 0 0 1
outer loop
vertex 83 -4.00591 1.2
vertex 66 -1 1.2
vertex 60 -1 1.2
endloop
endfacet
facet normal 0 0 1
outer loop
vertex 83 -4.00591 1.2
vertex 60 -1 1.2
vertex 48.00000000000001 -1 1.2
endloop
endfacet
facet normal 0 0 1
outer loop
vertex 83 -4.00591 1.2
vertex 48.00000000000001 -1 1.2
vertex 41.99999999999999 -1 1.2
endloop
endfacet
facet normal 0 0 1
outer loop
vertex 83 -4.00591 1.2
vertex 41.99999999999999 -1 1.2
vertex 29.999999999999993 -1 1.2
endloop
endfacet
facet normal 0 0 1
outer loop
vertex 83 -4.00591 1.2
vertex 29.999999999999993 -1 1.2
vertex 24 -1 1.2
endloop
endfacet
facet normal 0 0 1
outer loop
vertex 83 -4.00591 1.2
vertex 24 -1 1.2
vertex 12 -1 1.2
endloop
endfacet
facet normal 0 0 1
outer loop
vertex 83 -4.00591 1.2
vertex 12 -1 1.2
vertex 7 -1 1.2
endloop
endfacet
facet normal 0 0 1
outer loop
vertex 83 -4.00591 1.2
vertex 7 -1 1.2
vertex 7 -4.00591 1.2
endloop
endfacet
facet normal 0 0 1
outer loop
vertex 12 -1 1.2
vertex 11.826351822333066 -0.984807753012209 1.2
vertex 7 -0.984807753012209 1.2
endloop
endfacet
facet normal 0 0 1
outer loop
vertex 12 -1 1.2
vertex 7 -0.984807753012209 1.2
vertex 7 -1 1.2
endloop
endfacet
facet normal 0 0 1
outer loop
vertex 29.999999999999993 -1 1.2
vertex 29.826351822333063 -0.984807753012209 1.2
vertex 24.17364817766692 -0.984807753012209 1.2
endloop
endfacet
facet normal 0 0 1
outer loop
vertex 29.999999999999993 -1 1.2
vertex 24.17364817766692 -0.984807753012209 1.2
vertex 24 -1 1.2
endloop
endfacet
facet normal 0 0 1
outer loop
vertex 48.00000000000001 -1 1.2
vertex 47.82635182233306 -0.984807753012209 1.2
vertex 42.17364817766691 -0.984807753012209 1.2
endloop
endfacet
facet normal 0 0 1
outer loop
vertex 48.00000000000001 -1 1.2
vertex 42.17364817766691 -0.984807753012209 1.2
vertex 41.99999999999999 -1 1.2
endloop
endfacet
facet normal 0 0 1
outer loop
vertex 66 -1 1.2
vertex 65.82635182233305 -0.984807753012209 1.2
vertex 60.17364817766692 -0.984807753012209 1.2
endloop
endfacet
facet normal 0 0 1
outer loop
vertex 66 -1 1.2
vertex 60.17364817766692 -0.984807753012209 1.2
vertex 60 -1 1.2
endloop
endfacet
facet normal 0 0 1
outer loop
vertex 83 -1 1.2
vertex 83 -0.984807753012209 1.2
vertex 78.17364817766692 -0.984807753012209 1.2
endloop
endfacet
facet normal 0 0 1
outer loop
vertex 83 -1 1.2
vertex 78.17364817766692 -0.984807753012209 1.2
vertex 78 -1 1.2
endloop
endfacet
facet normal 0 0 1
outer loop
vertex 11.826351822333066 -0.984807753012209 1.2
vertex 11.65797985667433 -0.9396926207859018 1.2
vertex 7 -0.9396926207859018 1.2
endloop
endfacet
facet normal 0 0 1
outer loop
vertex 11.826351822333066 -0.984807753012209 1.2
vertex 7 -0.9396926207859018 1.2
vertex 7 -0.984807753012209 1.2
endloop
endfacet
facet normal 0 0 1
outer loop
vertex 29.826351822333063 -0.984807753012209 1.2
vertex 29.65797985667433 -0.9396926207859018 1.2
vertex 24.34202014332569 -0.9396926207859018 1.2
endloop
endfacet
facet normal 0 0 1
outer loop
vertex 29.826351822333063 -0.984807753012209 1.2
vertex 24.34202014332569 -0.9396926207859018 1.2
vertex 24.17364817766692 -0.984807753012209 1.2
endloop
endfacet
facet normal 0 0 1
outer loop
vertex 47.82635182233306 -0.984807753012209 1.2
vertex 47.65797985667434 -0.9396926207859018 1.2
vertex 42.34202014332571 -0.9396926207859018 1.2
endloop
endfacet
facet normal 0 0 1
outer loop
vertex 47.82635182233306 -0.984807753012209 1.2
vertex 42.34202014332571 -0.9396926207859018 1.2
vertex 42.17364817766691 -0.984807753012209 1.2
endloop
endfacet
facet normal 0 0 1
outer loop
vertex 65.82635182233305 -0.984807753012209 1.2
vertex 65.65797985667433 -0.9396926207859018 1.2
vertex 60.342020143325705 -0.9396926207859018 1.2
endloop
endfacet
facet normal 0 0 1
outer loop
vertex 65.82635182233305 -0.984807753012209 1.2
vertex 60.342020143325705 -0.9396926207859018 1.2
vertex 60.17364817766692 -0.984807753012209 1.2
endloop
endfacet
facet normal 0 0 1
outer loop
vertex 83 -0.984807753012209 1.2
vertex 83 -0.9396926207859018 1.2
vertex 78.3420201433257 -0.9396926207859018 1.2
endloop
endfacet
facet normal 0 0 1
outer loop
vertex 83 -0.984807753012209 1.2
vertex 78.3420201433257 -0.9396926207859018 1.2
vertex 78.17364817766692 -0.984807753012209 1.2
endloop
endfacet
facet normal 0 0 1
outer loop
vertex 11.65797985667433 -0.9396926207859018 1.2
vertex 11.5 -0.8660254037844677 1.2
vertex 7 -0.8660254037844677 1.2
endloop
endfacet
facet normal 0 0 1
outer loop
vertex 11.65797985667433 -0.9396926207859018 1.2
vertex 7 -0.8660254037844677 1.2
vertex 7 -0.9396926207859018 1.2
endloop
endfacet
facet normal 0 0 1
outer loop
vertex 29.65797985667433 -0.9396926207859018 1.2
vertex 29.49999999999999 -0.8660254037844677 1.2
vertex 24.49999999999991 -0.8660254037844677 1.2
endloop
endfacet
facet normal 0 0 1
outer loop
vertex 29.65797985667433 -0.9396926207859018 1.2
vertex 24.49999999999991 -0.8660254037844677 1.2
vertex 24.34202014332569 -0.9396926207859018 1.2
endloop
endfacet
facet normal 0 0 1
outer loop
vertex 47.65797985667434 -0.9396926207859018 1.2
vertex 47.49999999999999 -0.8660254037844677 1.2
vertex 42.499999999999915 -0.8660254037844677 1.2
endloop
endfacet
facet normal 0 0 1
outer loop
vertex 47.65797985667434 -0.9396926207859018 1.2
vertex 42.499999999999915 -0.8660254037844677 1.2
vertex 42.34202014332571 -0.9396926207859018 1.2
endloop
endfacet
facet normal 0 0 1
outer loop
vertex 65.65797985667433 -0.9396926207859018 1.2
vertex 65.5 -0.8660254037844677 1.2
vertex 60.499999999999936 -0.8660254037844677 1.2
endloop
endfacet
facet normal 0 0 1
outer loop
vertex 65.65797985667433 -0.9396926207859018 1.2
vertex 60.499999999999936 -0.8660254037844677 1.2
vertex 60.342020143325705 -0.9396926207859018 1.2
endloop
endfacet
facet normal 0 0 1
outer loop
vertex 83 -0.9396926207859018 1.2
vertex 83 -0.8660254037844677 1.2
vertex 78.49999999999996 -0.8660254037844677 1.2
endloop
endfacet
facet normal 0 0 1
outer loop
vertex 83 -0.9396926207859018 1.2
vertex 78.49999999999996 -0.8660254037844677 1.2
vertex 78.3420201433257 -0.9396926207859018 1.2
endloop
endfacet
facet normal 0 0 1
outer loop
vertex 11.5 -0.8660254037844677 1.2
vertex 11.357212390313464 -0.7660444431189779 1.2
vertex 7 -0.7660444431189779 1.2
endloop
endfacet
facet normal 0 0 1
outer loop
vertex 11.5 -0.8660254037844677 1.2
vertex 7 -0.7660444431189779 1.2
vertex 7 -0.8660254037844677 1.2
endloop
endfacet
facet normal 0 0 1
outer loop
vertex 29.49999999999999 -0.8660254037844677 1.2
vertex 29.357212390313478 -0.7660444431189779 1.2
vertex 24.642787609686597 -0.7660444431189779 1.2
endloop
endfacet
facet normal 0 0 1
outer loop
vertex 29.49999999999999 -0.8660254037844677 1.2
vertex 24.642787609686597 -0.7660444431189779 1.2
vertex 24.49999999999991 -0.8660254037844677 1.2
endloop
endfacet
facet normal 0 0 1
outer loop
vertex 47.49999999999999 -0.8660254037844677 1.2
vertex 47.357212390313485 -0.7660444431189779 1.2
vertex 42.642787609686565 -0.7660444431189779 1.2
endloop
endfacet
facet normal 0 0 1
outer loop
vertex 47.49999999999999 -0.8660254037844677 1.2
vertex 42.642787609686565 -0.7660444431189779 1.2
vertex 42.499999999999915 -0.8660254037844677 1.2
endloop
endfacet
facet normal 0 0 1
outer loop
vertex 65.5 -0.8660254037844677 1.2
vertex 65.35721239031346 -0.7660444431189779 1.2
vertex 60.64278760968657 -0.7660444431189779 1.2
endloop
endfacet
facet normal 0 0 1
outer loop
vertex 65.5 -0.8660254037844677 1.2
vertex 60.64278760968657 -0.7660444431189779 1.2
vertex 60.499999999999936 -0.8660254037844677 1.2
endloop
endfacet
facet normal 0 0 1
outer loop
vertex 83 -0.8660254037844677 1.2
vertex 83 -0.7660444431189779 1.2
vertex 78.64278760968654 -0.7660444431189779 1.2
endloop
endfacet
facet normal 0 0 1
outer loop
vertex 83 -0.8660254037844677 1.2
vertex 78.64278760968654 -0.7660444431189779 1.2
vertex 78.49999999999996 -0.8660254037844677 1.2
endloop
endfacet
facet normal 0 0 1
outer loop
vertex 11.357212390313464 -0.7660444431189779 1.2
vertex 11.233955556881028 -0.642787609686593 1.2
vertex 7 -0.642787609686593 1.2
endloop
endfacet
facet normal 0 0 1
outer loop
vertex 11.357212390313464 -0.7660444431189779 1.2
vertex 7 -0.642787609686593 1.2
vertex 7 -0.7660444431189779 1.2
endloop
endfacet
facet normal 0 0 1
outer loop
vertex 29.357212390313478 -0.7660444431189779 1.2
vertex 29.233955556881014 -0.642787609686593 1.2
vertex 24.766044443118908 -0.642787609686593 1.2
endloop
endfacet
facet normal 0 0 1
outer loop
vertex 29.357212390313478 -0.7660444431189779 1.2
vertex 24.766044443118908 -0.642787609686593 1.2
vertex 24.642787609686597 -0.7660444431189779 1.2
endloop
endfacet
facet normal 0 0 1
outer loop
vertex 47.357212390313485 -0.7660444431189779 1.2
vertex 47.23395555688103 -0.642787609686593 1.2
vertex 42.76604444311892 -0.642787609686593 1.2
endloop
endfacet
facet normal 0 0 1
outer loop
vertex 47.357212390313485 -0.7660444431189779 1.2
vertex 42.76604444311892 -0.642787609686593 1.2
vertex 42.642787609686565 -0.7660444431189779 1.2
endloop
endfacet
facet normal 0 0 1
outer loop
vertex 65.35721239031346 -0.7660444431189779 1.2
vertex 65.23395555688104 -0.642787609686593 1.2
vertex 60.76604444311893 -0.642787609686593 1.2
endloop
endfacet
facet normal 0 0 1
outer loop
vertex 65.35721239031346 -0.7660444431189779 1.2
vertex 60.76604444311893 -0.642787609686593 1.2
vertex 60.64278760968657 -0.7660444431189779 1.2
endloop
endfacet
facet normal 0 0 1
outer loop
vertex 83 -0.7660444431189779 1.2
vertex 83 -0.642787609686593 1.2
vertex 78.76604444311893 -0.642787609686593 1.2
endloop
endfacet
facet normal 0 0 1
outer loop
vertex 83 -0.7660444431189779 1.2
vertex 78.76604444311893 -0.642787609686593 1.2
vertex 78.64278760968654 -0.7660444431189779 1.2
endloop
endfacet
facet normal 0 0 1
outer loop
vertex 11.233955556881028 -0.642787609686593 1.2
vertex 11.133974596215566 -0.4999999999999547 1.2
vertex 7 -0.4999999999999547 1.2
endloop
endfacet
facet normal 0 0 1
outer loop
vertex 11.233955556881028 -0.642787609686593 1.2
vertex 7 -0.4999999999999547 1.2
vertex 7 -0.642787609686593 1.2
endloop
endfacet
facet normal 0 0 1
outer loop
vertex 29.233955556881014 -0.642787609686593 1.2
vertex 29.133974596215563 -0.4999999999999547 1.2
vertex 24.866025403784512 -0.4999999999999547 1.2
endloop
endfacet
facet normal 0 0 1
outer loop
vertex 29.233955556881014 -0.642787609686593 1.2
vertex 24.866025403784512 -0.4999999999999547 1.2
vertex 24.766044443118908 -0.642787609686593 1.2
endloop
endfacet
facet normal 0 0 1
outer loop
vertex 47.23395555688103 -0.642787609686593 1.2
vertex 47.13397459621553 -0.4999999999999547 1.2
vertex 42.866025403784505 -0.4999999999999547 1.2
endloop
endfacet
facet normal 0 0 1
outer loop
vertex 47.23395555688103 -0.642787609686593 1.2
vertex 42.866025403784505 -0.4999999999999547 1.2
vertex 42.76604444311892 -0.642787609686593 1.2
endloop
endfacet
facet normal 0 0 1
outer loop
vertex 65.23395555688104 -0.642787609686593 1.2
vertex 65.13397459621552 -0.4999999999999547 1.2
vertex 60.86602540378446 -0.4999999999999547 1.2
endloop
endfacet
facet normal 0 0 1
outer loop
vertex 65.23395555688104 -0.642787609686593 1.2
vertex 60.86602540378446 -0.4999999999999547 1.2
vertex 60.76604444311893 -0.642787609686593 1.2
endloop
endfacet
facet normal 0 0 1
outer loop
vertex 83 -0.642787609686593 1.2
vertex 83 -0.4999999999999547 1.2
vertex 78.86602540378456 -0.4999999999999547 1.2
endloop
endfacet
facet normal 0 0 1
outer loop
vertex 83 -0.642787609686593 1.2
vertex 78.86602540378456 -0.4999999999999547 1.2
vertex 78.76604444311893 -0.642787609686593 1.2
endloop
endfacet
facet normal 0 0 1
outer loop
vertex 11.133974596215566 -0.4999999999999547 1.2
vertex 11.060307379214095 -0.34202014332565867 1.2
vertex 7 -0.34202014332565867 1.2
endloop
endfacet
facet normal 0 0 1
outer loop
vertex 11.133974596215566 -0.4999999999999547 1.2
vertex 7 -0.34202014332565867 1.2
vertex 7 -0.4999999999999547 1.2
endloop
endfacet
facet normal 0 0 1
outer loop
vertex 29.133974596215563 -0.4999999999999547 1.2
vertex 29.0603073792141 -0.34202014332565867 1.2
vertex 24.93969262078589 -0.34202014332565867 1.2
endloop
endfacet
facet normal 0 0 1
outer loop
vertex 29.133974596215563 -0.4999999999999547 1.2
vertex 24.93969262078589 -0.34202014332565867 1.2
vertex 24.866025403784512 -0.4999999999999547 1.2
endloop
endfacet
facet normal 0 0 1
outer loop
vertex 47.13397459621553 -0.4999999999999547 1.2
vertex 47.06030737921409 -0.34202014332565867 1.2
vertex 42.93969262078588 -0.34202014332565867 1.2
endloop
endfacet
facet normal 0 0 1
outer loop
vertex 47.13397459621553 -0.4999999999999547 1.2
vertex 42.93969262078588 -0.34202014332565867 1.2
vertex 42.866025403784505 -0.4999999999999547 1.2
endloop
endfacet
facet normal 0 0 1
outer loop
vertex 65.13397459621552 -0.4999999999999547 1.2
vertex 65.0603073792141 -0.34202014332565867 1.2
vertex 60.93969262078591 -0.34202014332565867 1.2
endloop
endfacet
facet normal 0 0 1
outer loop
vertex 65.13397459621552 -0.4999999999999547 1.2
vertex 60.93969262078591 -0.34202014332565867 1.2
vertex 60.86602540378446 -0.4999999999999547 1.2
endloop
endfacet
facet normal 0 0 1
outer loop
vertex 83 -0.4999999999999547 1.2
vertex 83 -0.34202014332565867 1.2
vertex 78.93969262078586 -0.34202014332565867 1.2
endloop
endfacet
facet normal 0 0 1
outer loop
vertex 83 -0.4999999999999547 1.2
vertex 78.93969262078586 -0.34202014332565867 1.2
vertex 78.86602540378456 -0.4999999999999547 1.2
endloop
endfacet
facet normal 0 0 1
outer loop
vertex 11.060307379214095 -0.34202014332565867 1.2
vertex 11.015192246987787 -0.17364817766700202 1.2
vertex 7 -0.17364817766700202 1.2
endloop
endfacet
facet normal 0 0 1
outer loop
vertex 11.060307379214095 -0.34202014332565867 1.2
vertex 7 -0.17364817766700202 1.2
vertex 7 -0.34202014332565867 1.2
endloop
endfacet
facet normal 0 0 1
outer loop
vertex 29.0603073792141 -0.34202014332565867 1.2
vertex 29.01519224698779 -0.17364817766700202 1.2
vertex 24.984807753012188 -0.17364817766700202 1.2
endloop
endfacet
facet normal 0 0 1
outer loop
vertex 29.0603073792141 -0.34202014332565867 1.2
vertex 24.984807753012188 -0.17364817766700202 1.2
vertex 24.93969262078589 -0.34202014332565867 1.2
endloop
endfacet
facet normal 0 0 1
outer loop
vertex 47.06030737921409 -0.34202014332565867 1.2
vertex 47.01519224698781 -0.17364817766700202 1.2
vertex 42.9848077530122 -0.17364817766700202 1.2
endloop
endfacet
facet normal 0 0 1
outer loop
vertex 47.06030737921409 -0.34202014332565867 1.2
vertex 42.9848077530122 -0.17364817766700202 1.2
vertex 42.93969262078588 -0.34202014332565867 1.2
endloop
endfacet
facet normal 0 0 1
outer loop
vertex 65.0603073792141 -0.34202014332565867 1.2
vertex 65.0151922469878 -0.17364817766700202 1.2
vertex 60.984807753012205 -0.17364817766700202 1.2
endloop
endfacet
facet normal 0 0 1
outer loop
vertex 65.0603073792141 -0.34202014332565867 1.2
vertex 60.984807753012205 -0.17364817766700202 1.2
vertex 60.93969262078591 -0.34202014332565867 1.2
endloop
endfacet
facet normal 0 0 1
outer loop
vertex 83 -0.34202014332565867 1.2
vertex 83 -0.17364817766700202 1.2
vertex 78.98480775301216 -0.17364817766700202 1.2
endloop
endfacet
facet normal 0 0 1
outer loop
vertex 83 -0.34202014332565867 1.2
vertex 78.98480775301216 -0.17364817766700202 1.2
vertex 78.93969262078586 -0.34202014332565867 1.2
endloop
endfacet
facet normal 0 0 1
outer loop
vertex 11.015192246987787 -0.17364817766700202 1.2
vertex 11 1.127986593019159e-13 1.2
vertex 7 1.127986593019159e-13 1.2
endloop
endfacet
facet normal 0 0 1
outer loop
vertex 11.015192246987787 -0.17364817766700202 1.2
vertex 7 1.127986593019159e-13 1.2
vertex 7 -0.17364817766700202 1.2
endloop
endfacet
facet normal 0 0 1
outer loop
vertex 29.01519224698779 -0.17364817766700202 1.2
vertex 29 1.127986593019159e-13 1.2
vertex 25.000000000000014 1.127986593019159e-13 1.2
endloop
endfacet
facet normal 0 0 1
outer loop
vertex 29.01519224698779 -0.17364817766700202 1.2
vertex 25.000000000000014 1.127986593019159e-13 1.2
vertex 24.984807753012188 -0.17364817766700202 1.2
endloop
endfacet
facet normal 0 0 1
outer loop
vertex 47.01519224698781 -0.17364817766700202 1.2
vertex 47 1.127986593019159e-13 1.2
vertex 43.00000000000002 1.127986593019159e-13 1.2
endloop
endfacet
facet normal 0 0 1
outer loop
vertex 47.01519224698781 -0.17364817766700202 1.2
vertex 43.00000000000002 1.127986593019159e-13 1.2
vertex 42.9848077530122 -0.17364817766700202 1.2
endloop
endfacet
facet normal 0 0 1
outer loop
vertex 65.0151922469878 -0.17364817766700202 1.2
vertex 65 1.127986593019159e-13 1.2
vertex 61.00000000000001 1.127986593019159e-13 1.2
endloop
endfacet
facet normal 0 0 1
outer loop
vertex 65.0151922469878 -0.17364817766700202 1.2
vertex 61.00000000000001 1.127986593019159e-13 1.2
vertex 60.984807753012205 -0.17364817766700202 1.2
endloop
endfacet
facet normal 0 0 1
outer loop
vertex 83 -0.17364817766700202 1.2
vertex 83 1.127986593019159e-13 1.2
vertex 79.00000000000001 1.127986593019159e-13 1.2
endloop
endfacet
facet normal 0 0 1
outer loop
vertex 83 -0.17364817766700202 1.2
vertex 79.00000000000001 1.127986593019159e-13 1.2
vertex 78.98480775301216 -0.17364817766700202 1.2
endloop
endfacet
facet normal 0 0 1
outer loop
vertex -7 -5.999999999999972 1.2
vertex -7 5.999999999999986 1.2
vertex -12.5 5.999999999999986 1.2
endloop
endfacet
facet normal 0 0 1
outer loop
vertex -7 -5.999999999999972 1.2
vertex -12.5 5.999999999999986 1.2
vertex -12.5 -5.999999999999972 1.2
endloop
endfacet
facet normal 0 0 1
outer loop
vertex 11 1.127986593019159e-13 1.2
vertex 11 5.999999999999986 1.2
vertex 7 5.999999999999986 1.2
endloop
endfacet
facet normal 0 0 1
outer loop
vertex 11 1.127986593019159e-13 1.2
vertex 7 5.999999999999986 1.2
vertex 7 1.127986593019159e-13 1.2
endloop
endfacet
facet normal 0 0 1
outer loop
vertex -7 5.999999999999986 1.2
vertex -6.9848077530122055 6.173648177666934 1.2
vertex -12.5 6.173648177666934 1.2
endloop
endfacet
facet normal 0 0 1
outer loop
vertex -7 5.999999999999986 1.2
vertex -12.5 6.173648177666934 1.2
vertex -12.5 5.999999999999986 1.2
endloop
endfacet
facet normal 0 0 1
outer loop
vertex 11 5.999999999999986 1.2
vertex 11 6.173648177666934 1.2
vertex 6.984807753012206 6.173648177666934 1.2
endloop
endfacet
facet normal 0 0 1
outer loop
vertex 11 5.999999999999986 1.2
vertex 6.984807753012206 6.173648177666934 1.2
vertex 7 5.999999999999986 1.2
endloop
endfacet
facet normal 0 0 1
outer loop
vertex -6.9848077530122055 6.173648177666934 1.2
vertex -6.939692620785905 6.3420201433256835 1.2
vertex -12.5 6.3420201433256835 1.2
endloop
endfacet
facet normal 0 0 1
outer loop
vertex -6.9848077530122055 6.173648177666934 1.2
vertex -12.5 6.3420201433256835 1.2
vertex -12.5 6.173648177666934 1.2
endloop
endfacet
facet normal 0 0 1
outer loop
vertex 11 6.173648177666934 1.2
vertex 11 6.3420201433256835 1.2
vertex 6.9396926207859035 6.3420201433256835 1.2
endloop
endfacet
facet normal 0 0 1
outer loop
vertex 11 6.173648177666934 1.2
vertex 6.9396926207859035 6.3420201433256835 1.2
vertex 6.984807753012206 6.173648177666934 1.2
endloop
endfacet
facet normal 0 0 1
outer loop
vertex -6.939692620785905 6.3420201433256835 1.2
vertex -6.866025403784434 6.499999999999986 1.2
vertex -12.5 6.499999999999986 1.2
endloop
endfacet
facet normal 0 0 1
outer loop
vertex -6.939692620785905 6.3420201433256835 1.2
vertex -12.5 6.499999999999986 1.2
vertex -12.5 6.3420201433256835 1.2
endloop
endfacet
facet normal 0 0 1
outer loop
vertex 11 6.3420201433256835 1.2
vertex 11 6.499999999999986 1.2
vertex 6.866025403784448 6.499999999999986 1.2
endloop
endfacet
facet normal 0 0 1
outer loop
vertex 11 6.3420201433256835 1.2
vertex 6.866025403784448 6.499999999999986 1.2
vertex 6.9396926207859035 6.3420201433256835 1.2
endloop
endfacet
facet normal 0 0 1
outer loop
vertex -6.866025403784434 6.499999999999986 1.2
vertex -6.766044443118979 6.64278760968655 1.2
vertex -12.5 6.64278760968655 1.2
endloop
endfacet
facet normal 0 0 1
outer loop
vertex -6.866025403784434 6.499999999999986 1.2
vertex -12.5 6.64278760968655 1.2
vertex -12.5 6.499999999999986 1.2
endloop
endfacet
facet normal 0 0 1
outer loop
vertex 11 6.499999999999986 1.2
vertex 11 6.64278760968655 1.2
vertex 6.766044443118971 6.64278760968655 1.2
endloop
endfacet
facet normal 0 0 1
outer loop
vertex 11 6.499999999999986 1.2
vertex 6.766044443118971 6.64278760968655 1.2
vertex 6.866025403784448 6.499999999999986 1.2
endloop
endfacet
facet normal 0 0 1
outer loop
vertex -6.766044443118979 6.64278760968655 1.2
vertex -6.642787609686536 6.766044443118975 1.2
vertex -12.5 6.766044443118975 1.2
endloop
endfacet
facet normal 0 0 1
outer loop
vertex -6.766044443118979 6.64278760968655 1.2
vertex -12.5 6.766044443118975 1.2
vertex -12.5 6.64278760968655 1.2
endloop
endfacet
facet normal 0 0 1
outer loop
vertex 11 6.64278760968655 1.2
vertex 11 6.766044443118975 1.2
vertex 6.642787609686547 6.766044443118975 1.2
endloop
endfacet
facet normal 0 0 1
outer loop
vertex 11 6.64278760968655 1.2
vertex 6.642787609686547 6.766044443118975 1.2
vertex 6.766044443118971 6.64278760968655 1.2
endloop
endfacet
facet normal 0 0 1
outer loop
vertex -6.642787609686536 6.766044443118975 1.2
vertex -6.499999999999993 6.86602540378443 1.2
vertex -12.5 6.86602540378443 1.2
endloop
endfacet
facet normal 0 0 1
outer loop
vertex -6.642787609686536 6.766044443118975 1.2
vertex -12.5 6.86602540378443 1.2
vertex -12.5 6.766044443118975 1.2
endloop
endfacet
facet normal 0 0 1
outer loop
vertex 11 6.766044443118975 1.2
vertex 11 6.86602540378443 1.2
vertex 6.500000000000018 6.86602540378443 1.2
endloop
endfacet
facet normal 0 0 1
outer loop
vertex 11 6.766044443118975 1.2
vertex 6.500000000000018 6.86602540378443 1.2
vertex 6.642787609686547 6.766044443118975 1.2
endloop
endfacet
facet normal 0 0 1
outer loop
vertex -6.499999999999993 6.86602540378443 1.2
vertex -6.3420201433256835 6.939692620785912 1.2
vertex -12.5 6.939692620785912 1.2
endloop
endfacet
facet normal 0 0 1
outer loop
vertex -6.499999999999993 6.86602540378443 1.2
vertex -12.5 6.939692620785912 1.2
vertex -12.5 6.86602540378443 1.2
endloop
endfacet
facet normal 0 0 1
outer loop
vertex 11 6.86602540378443 1.2
vertex 11 6.939692620785912 1.2
vertex 6.342020143325656 6.939692620785912 1.2
endloop
endfacet
facet normal 0 0 1
outer loop
vertex 11 6.86602540378443 1.2
vertex 6.342020143325656 6.939692620785912 1.2
vertex 6.500000000000018 6.86602540378443 1.2
endloop
endfacet
facet normal 0 0 1
outer loop
vertex -6.3420201433256835 6.939692620785912 1.2
vertex -6.173648177666919 6.984807753012207 1.2
vertex -12.5 6.984807753012207 1.2
endloop
endfacet
facet normal 0 0 1
outer loop
vertex -6.3420201433256835 6.939692620785912 1.2
vertex -12.5 6.984807753012207 1.2
vertex -12.5 6.939692620785912 1.2
endloop
endfacet
facet normal 0 0 1
outer loop
vertex 11 6.939692620785912 1.2
vertex 11 6.984807753012207 1.2
vertex 6.173648177666936 6.984807753012207 1.2
endloop
endfacet
facet normal 0 0 1
outer loop
vertex 11 6.939692620785912 1.2
vertex 6.173648177666936 6.984807753012207 1.2
vertex 6.342020143325656 6.939692620785912 1.2
endloop
endfacet
facet normal 0 0 1
outer loop
vertex -6.173648177666919 6.984807753012207 1.2
vertex -6 7 1.2
vertex -12.5 7 1.2
endloop
endfacet
facet normal 0 0 1
outer loop
vertex -6.173648177666919 6.984807753012207 1.2
vertex -12.5 7 1.2
vertex -12.5 6.984807753012207 1.2
endloop
endfacet
facet normal 0 0 1
outer loop
vertex 11 6.984807753012207 1.2
vertex 11 7 1.2
vertex 5.999999999999994 7 1.2
endloop
endfacet
facet normal 0 0 1
outer loop
vertex 11 6.984807753012207 1.2
vertex 5.999999999999994 7 1.2
vertex 6.173648177666936 6.984807753012207 1.2
endloop
endfacet
facet normal 0 0 1
outer loop
vertex -6 7 1.2
vertex 5.999999999999994 7 1.2
vertex 11 7 1.2
endloop
endfacet
facet normal 0 0 1
outer loop
vertex -6 7 1.2
vertex 11 7 1.2
vertex 11 10 1.2
endloop
endfacet
facet normal 0 0 1
outer loop
vertex -6 7 1.2
vertex 11 10 1.2
vertex 5.999999999999993 10 1.2
endloop
endfacet
facet normal 0 0 1
outer loop
vertex -6 7 1.2
vertex 5.999999999999993 10 1.2
vertex -5.999999999999993 10 1.2
endloop
endfacet
facet normal 0 0 1
outer loop
vertex -6 7 1.2
vertex -5.999999999999993 10 1.2
vertex -12.5 10 1.2
endloop
endfacet
facet normal 0 0 1
outer loop
vertex -6 7 1.2
vertex -12.5 10 1.2
vertex -12.5 7 1.2
endloop
endfacet
facet normal 0 0 1
outer loop
vertex -5.999999999999993 10 1.2
vertex -6.173648177666941 10.015192246987791 1.2
vertex -12.5 10.015192246987791 1.2
endloop
endfacet
facet normal 0 0 1
outer loop
vertex -5.999999999999993 10 1.2
vertex -12.5 10.015192246987791 1.2
vertex -12.5 10 1.2
endloop
endfacet
facet normal 0 0 1
outer loop
vertex 11 10 1.2
vertex 11 10.015192246987791 1.2
vertex 6.173648177666914 10.015192246987791 1.2
endloop
endfacet
facet normal 0 0 1
outer loop
vertex 11 10 1.2
vertex 6.173648177666914 10.015192246987791 1.2
vertex 5.999999999999993 10 1.2
endloop
endfacet
facet normal 0 0 1
outer loop
vertex -6.173648177666941 10.015192246987791 1.2
vertex -6.342020143325655 10.060307379214091 1.2
vertex -12.5 10.060307379214091 1.2
endloop
endfacet
facet normal 0 0 1
outer loop
vertex -6.173648177666941 10.015192246987791 1.2
vertex -12.5 10.060307379214091 1.2
vertex -12.5 10.015192246987791 1.2
endloop
endfacet
facet normal 0 0 1
outer loop
vertex 11 10.015192246987791 1.2
vertex 11 10.060307379214091 1.2
vertex 6.342020143325668 10.060307379214091 1.2
endloop
endfacet
facet normal 0 0 1
outer loop
vertex 11 10.015192246987791 1.2
vertex 6.342020143325668 10.060307379214091 1.2
vertex 6.173648177666914 10.015192246987791 1.2
endloop
endfacet
facet normal 0 0 1
outer loop
vertex -6.342020143325655 10.060307379214091 1.2
vertex -6.5 10.133974596215559 1.2
vertex -12.5 10.133974596215559 1.2
endloop
endfacet
facet normal 0 0 1
outer loop
vertex -6.342020143325655 10.060307379214091 1.2
vertex -12.5 10.133974596215559 1.2
vertex -12.5 10.060307379214091 1.2
endloop
endfacet
facet normal 0 0 1
outer loop
vertex 11 10.060307379214091 1.2
vertex 11 10.133974596215559 1.2
vertex 6.499999999999996 10.133974596215559 1.2
endloop
endfacet
facet normal 0 0 1
outer loop
vertex 11 10.060307379214091 1.2
vertex 6.499999999999996 10.133974596215559 1.2
vertex 6.342020143325668 10.060307379214091 1.2
endloop
endfacet
facet normal 0 0 1
outer loop
vertex -6.5 10.133974596215559 1.2
vertex -6.642787609686536 10.233955556881021 1.2
vertex -12.5 10.233955556881021 1.2
endloop
endfacet
facet normal 0 0 1
outer loop
vertex -6.5 10.133974596215559 1.2
vertex -12.5 10.233955556881021 1.2
vertex -12.5 10.133974596215559 1.2
endloop
endfacet
facet normal 0 0 1
outer loop
vertex 11 10.133974596215559 1.2
vertex 11 10.233955556881021 1.2
vertex 6.642787609686539 10.233955556881021 1.2
endloop
endfacet
facet normal 0 0 1
outer loop
vertex 11 10.133974596215559 1.2
vertex 6.642787609686539 10.233955556881021 1.2
vertex 6.499999999999996 10.133974596215559 1.2
endloop
endfacet
facet normal 0 0 1
outer loop
vertex -6.642787609686536 10.233955556881021 1.2
vertex -6.766044443118986 10.357212390313466 1.2
vertex -12.5 10.357212390313466 1.2
endloop
endfacet
facet normal 0 0 1
outer loop
vertex -6.642787609686536 10.233955556881021 1.2
vertex -12.5 10.357212390313466 1.2
vertex -12.5 10.233955556881021 1.2
endloop
endfacet
facet normal 0 0 1
outer loop
vertex 11 10.233955556881021 1.2
vertex 11 10.357212390313466 1.2
vertex 6.76604444311898 10.357212390313466 1.2
endloop
endfacet
facet normal 0 0 1
outer loop
vertex 11 10.233955556881021 1.2
vertex 6.76604444311898 10.357212390313466 1.2
vertex 6.642787609686539 10.233955556881021 1.2
endloop
endfacet
facet normal 0 0 1
outer loop
vertex -6.766044443118986 10.357212390313466 1.2
vertex -6.866025403784441 10.499999999999998 1.2
vertex -12.5 10.499999999999998 1.2
endloop
endfacet
facet normal 0 0 1
outer loop
vertex -6.766044443118986 10.357212390313466 1.2
vertex -12.5 10.499999999999998 1.2
vertex -12.5 10.357212390313466 1.2
endloop
endfacet
facet normal 0 0 1
outer loop
vertex 11 10.357212390313466 1.2
vertex 11 10.499999999999998 1.2
vertex 6.86602540378444 10.499999999999998 1.2
endloop
endfacet
facet normal 0 0 1
outer loop
vertex 11 10.357212390313466 1.2
vertex 6.86602540378444 10.499999999999998 1.2
vertex 6.76604444311898 10.357212390313466 1.2
endloop
endfacet
facet normal 0 0 1
outer loop
vertex -6.866025403784441 10.499999999999998 1.2
vertex -6.939692620785912 10.657979856674332 1.2
vertex -12.5 10.657979856674332 1.2
endloop
endfacet
facet normal 0 0 1
outer loop
vertex -6.866025403784441 10.499999999999998 1.2
vertex -12.5 10.657979856674332 1.2
vertex -12.5 10.499999999999998 1.2
endloop
endfacet
facet normal 0 0 1
outer loop
vertex 11 10.499999999999998 1.2
vertex 11 10.657979856674332 1.2
vertex 6.93969262078591 10.657979856674332 1.2
endloop
endfacet
facet normal 0 0 1
outer loop
vertex 11 10.499999999999998 1.2
vertex 6.93969262078591 10.657979856674332 1.2
vertex 6.86602540378444 10.499999999999998 1.2
endloop
endfacet
facet normal 0 0 1
outer loop
vertex -6.939692620785912 10.657979856674332 1.2
vertex -6.9848077530122055 10.82635182233307 1.2
vertex -12.5 10.82635182233307 1.2
endloop
endfacet
facet normal 0 0 1
outer loop
vertex -6.939692620785912 10.657979856674332 1.2
vertex -12.5 10.82635182233307 1.2
vertex -12.5 10.657979856674332 1.2
endloop
endfacet
facet normal 0 0 1
outer loop
vertex 11 10.657979856674332 1.2
vertex 11 10.82635182233307 1.2
vertex 6.984807753012207 10.82635182233307 1.2
endloop
endfacet
facet normal 0 0 1
outer loop
vertex 11 10.657979856674332 1.2
vertex 6.984807753012207 10.82635182233307 1.2
vertex 6.93969262078591 10.657979856674332 1.2
endloop
endfacet
facet normal 0 0 1
outer loop
vertex -6.9848077530122055 10.82635182233307 1.2
vertex -7 11 1.2
vertex -12.5 11 1.2
endloop
endfacet
facet normal 0 0 1
outer loop
vertex -6.9848077530122055 10.82635182233307 1.2
vertex -12.5 11 1.2
vertex -12.5 10.82635182233307 1.2
endloop
endfacet
facet normal 0 0 1
outer loop
vertex 11 10.82635182233307 1.2
vertex 11 11 1.2
vertex 7 11 1.2
endloop
endfacet
facet normal 0 0 1
outer loop
vertex 11 10.82635182233307 1.2
vertex 7 11 1.2
vertex 6.984807753012207 10.82635182233307 1.2
endloop
endfacet
facet normal 0 0 1
outer loop
vertex 11 11 1.2
vertex 11 11.99999999999983 1.2
vertex 7 11.99999999999983 1.2
endloop
endfacet
facet normal 0 0 1
outer loop
vertex 11 11 1.2
vertex 7 11.99999999999983 1.2
vertex 7 11 1.2
endloop
endfacet
facet normal 0 0 1
outer loop
vertex 29 1.127986593019159e-13 1.2
vertex 29 11.99999999999983 1.2
vertex 25 11.99999999999983 1.2
endloop
endfacet
facet normal 0 0 1
outer loop
vertex 29 1.127986593019159e-13 1.2
vertex 25 11.99999999999983 1.2
vertex 25.000000000000014 1.127986593019159e-13 1.2
endloop
endfacet
facet normal 0 0 1
outer loop
vertex 47 1.127986593019159e-13 1.2
vertex 47 11.99999999999983 1.2
vertex 43 11.99999999999983 1.2
endloop
endfacet
facet normal 0 0 1
outer loop
vertex 47 1.127986593019159e-13 1.2
vertex 43 11.99999999999983 1.2
vertex 43.00000000000002 1.127986593019159e-13 1.2
endloop
endfacet
facet normal 0 0 1
outer loop
vertex 65 1.127986593019159e-13 1.2
vertex 65 11.99999999999983 1.2
vertex 61 11.99999999999983 1.2
endloop
endfacet
facet normal 0 0 1
outer loop
vertex 65 1.127986593019159e-13 1.2
vertex 61 11.99999999999983 1.2
vertex 61.00000000000001 1.127986593019159e-13 1.2
endloop
endfacet
facet normal 0 0 1
outer loop
vertex 83 1.127986593019159e-13 1.2
vertex 83 11.99999999999983 1.2
vertex 79 11.99999999999983 1.2
endloop
endfacet
facet normal 0 0 1
outer loop
vertex 83 1.127986593019159e-13 1.2
vertex 79 11.99999999999983 1.2
vertex 79.00000000000001 1.127986593019159e-13 1.2
endloop
endfacet
facet normal 0 0 1
outer loop
vertex 11 11.99999999999983 1.2
vertex 11.015192246987795 12.173648177666896 1.2
vertex 7 12.173648177666896 1.2
endloop
endfacet
facet normal 0 0 1
outer loop
vertex 11 11.99999999999983 1.2
vertex 7 12.173648177666896 1.2
vertex 7 11.99999999999983 1.2
endloop
endfacet
facet normal 0 0 1
outer loop
vertex 29 11.99999999999983 1.2
vertex 29.01519224698779 12.173648177666896 1.2
vertex 24.9848077530122 12.173648177666896 1.2
endloop
endfacet
facet normal 0 0 1
outer loop
vertex 29 11.99999999999983 1.2
vertex 24.9848077530122 12.173648177666896 1.2
vertex 25 11.99999999999983 1.2
endloop
endfacet
facet normal 0 0 1
outer loop
vertex 47 11.99999999999983 1.2
vertex 47.015192246987795 12.173648177666896 1.2
vertex 42.9848077530122 12.173648177666896 1.2
endloop
endfacet
facet normal 0 0 1
outer loop
vertex 47 11.99999999999983 1.2
vertex 42.9848077530122 12.173648177666896 1.2
vertex 43 11.99999999999983 1.2
endloop
endfacet
facet normal 0 0 1
outer loop
vertex 65 11.99999999999983 1.2
vertex 65.01519224698778 12.173648177666896 1.2
vertex 60.9848077530122 12.173648177666896 1.2
endloop
endfacet
facet normal 0 0 1
outer loop
vertex 65 11.99999999999983 1.2
vertex 60.9848077530122 12.173648177666896 1.2
vertex 61 11.99999999999983 1.2
endloop
endfacet
facet normal 0 0 1
outer loop
vertex 83 11.99999999999983 1.2
vertex 83 12.173648177666896 1.2
vertex 78.9848077530122 12.173648177666896 1.2
endloop
endfacet
facet normal 0 0 1
outer loop
vertex 83 11.99999999999983 1.2
vertex 78.9848077530122 12.173648177666896 1.2
vertex 79 11.99999999999983 1.2
endloop
endfacet
facet normal 0 0 1
outer loop
vertex 11.015192246987795 12.173648177666896 1.2
vertex 11.060307379214095 12.342020143325703 1.2
vertex 7 12.342020143325703 1.2
endloop
endfacet
facet normal 0 0 1
outer loop
vertex 11.015192246987795 12.173648177666896 1.2
vertex 7 12.342020143325703 1.2
vertex 7 12.173648177666896 1.2
endloop
endfacet
facet normal 0 0 1
outer loop
vertex 29.01519224698779 12.173648177666896 1.2
vertex 29.060307379214102 12.342020143325703 1.2
vertex 24.93969262078589 12.342020143325703 1.2
endloop
endfacet
facet normal 0 0 1
outer loop
vertex 29.01519224698779 12.173648177666896 1.2
vertex 24.93969262078589 12.342020143325703 1.2
vertex 24.9848077530122 12.173648177666896 1.2
endloop
endfacet
facet normal 0 0 1
outer loop
vertex 47.015192246987795 12.173648177666896 1.2
vertex 47.060307379214095 12.342020143325703 1.2
vertex 42.939692620785884 12.342020143325703 1.2
endloop
endfacet
facet normal 0 0 1
outer loop
vertex 47.015192246987795 12.173648177666896 1.2
vertex 42.939692620785884 12.342020143325703 1.2
vertex 42.9848077530122 12.173648177666896 1.2
endloop
endfacet
facet normal 0 0 1
outer loop
vertex 65.01519224698778 12.173648177666896 1.2
vertex 65.06030737921412 12.342020143325703 1.2
vertex 60.9396926207859 12.342020143325703 1.2
endloop
endfacet
facet normal 0 0 1
outer loop
vertex 65.01519224698778 12.173648177666896 1.2
vertex 60.9396926207859 12.342020143325703 1.2
vertex 60.9848077530122 12.173648177666896 1.2
endloop
endfacet
facet normal 0 0 1
outer loop
vertex 83 12.173648177666896 1.2
vertex 83 12.342020143325703 1.2
vertex 78.93969262078589 12.342020143325703 1.2
endloop
endfacet
facet normal 0 0 1
outer loop
vertex 83 12.173648177666896 1.2
vertex 78.93969262078589 12.342020143325703 1.2
vertex 78.9848077530122 12.173648177666896 1.2
endloop
endfacet
facet normal 0 0 1
outer loop
vertex 11.060307379214095 12.342020143325703 1.2
vertex 11.133974596215559 12.49999999999999 1.2
vertex 7 12.49999999999999 1.2
endloop
endfacet
facet normal 0 0 1
outer loop
vertex 11.060307379214095 12.342020143325703 1.2
vertex 7 12.49999999999999 1.2
vertex 7 12.342020143325703 1.2
endloop
endfacet
facet normal 0 0 1
outer loop
vertex 29.060307379214102 12.342020143325703 1.2
vertex 29.13397459621556 12.49999999999999 1.2
vertex 24.866025403784455 12.49999999999999 1.2
endloop
endfacet
facet normal 0 0 1
outer loop
vertex 29.060307379214102 12.342020143325703 1.2
vertex 24.866025403784455 12.49999999999999 1.2
vertex 24.93969262078589 12.342020143325703 1.2
endloop
endfacet
facet normal 0 0 1
outer loop
vertex 47.060307379214095 12.342020143325703 1.2
vertex 47.13397459621558 12.49999999999999 1.2
vertex 42.866025403784484 12.49999999999999 1.2
endloop
endfacet
facet normal 0 0 1
outer loop
vertex 47.060307379214095 12.342020143325703 1.2
vertex 42.866025403784484 12.49999999999999 1.2
vertex 42.939692620785884 12.342020143325703 1.2
endloop
endfacet
facet normal 0 0 1
outer loop
vertex 65.06030737921412 12.342020143325703 1.2
vertex 65.13397459621555 12.49999999999999 1.2
vertex 60.86602540378447 12.49999999999999 1.2
endloop
endfacet
facet normal 0 0 1
outer loop
vertex 65.06030737921412 12.342020143325703 1.2
vertex 60.86602540378447 12.49999999999999 1.2
vertex 60.9396926207859 12.342020143325703 1.2
endloop
endfacet
facet normal 0 0 1
outer loop
vertex 83 12.342020143325703 1.2
vertex 83 12.49999999999999 1.2
vertex 78.86602540378443 12.49999999999999 1.2
endloop
endfacet
facet normal 0 0 1
outer loop
vertex 83 12.342020143325703 1.2
vertex 78.86602540378443 12.49999999999999 1.2
vertex 78.93969262078589 12.342020143325703 1.2
endloop
endfacet
facet normal 0 0 1
outer loop
vertex 11.133974596215559 12.49999999999999 1.2
vertex 11.233955556881021 12.642787609686565 1.2
vertex 7 12.642787609686565 1.2
endloop
endfacet
facet normal 0 0 1
outer loop
vertex 11.133974596215559 12.49999999999999 1.2
vertex 7 12.642787609686565 1.2
vertex 7 12.49999999999999 1.2
endloop
endfacet
facet normal 0 0 1
outer loop
vertex 29.13397459621556 12.49999999999999 1.2
vertex 29.233955556881014 12.642787609686565 1.2
vertex 24.766044443118947 12.642787609686565 1.2
endloop
endfacet
facet normal 0 0 1
outer loop
vertex 29.13397459621556 12.49999999999999 1.2
vertex 24.766044443118947 12.642787609686565 1.2
vertex 24.866025403784455 12.49999999999999 1.2
endloop
endfacet
facet normal 0 0 1
outer loop
vertex 47.13397459621558 12.49999999999999 1.2
vertex 47.23395555688102 12.642787609686565 1.2
vertex 42.76604444311895 12.642787609686565 1.2
endloop
endfacet
facet normal 0 0 1
outer loop
vertex 47.13397459621558 12.49999999999999 1.2
vertex 42.76604444311895 12.642787609686565 1.2
vertex 42.866025403784484 12.49999999999999 1.2
endloop
endfacet
facet normal 0 0 1
outer loop
vertex 65.13397459621555 12.49999999999999 1.2
vertex 65.23395555688106 12.642787609686565 1.2
vertex 60.76604444311893 12.642787609686565 1.2
endloop
endfacet
facet normal 0 0 1
outer loop
vertex 65.13397459621555 12.49999999999999 1.2
vertex 60.76604444311893 12.642787609686565 1.2
vertex 60.86602540378447 12.49999999999999 1.2
endloop
endfacet
facet normal 0 0 1
outer loop
vertex 83 12.49999999999999 1.2
vertex 83 12.642787609686565 1.2
vertex 78.76604444311894 12.642787609686565 1.2
endloop
endfacet
facet normal 0 0 1
outer loop
vertex 83 12.49999999999999 1.2
vertex 78.76604444311894 12.642787609686565 1.2
vertex 78.86602540378443 12.49999999999999 1.2
endloop
endfacet
facet normal 0 0 1
outer loop
vertex 11.233955556881021 12.642787609686565 1.2
vertex 11.357212390313457 12.766044443118995 1.2
vertex 7 12.766044443118995 1.2
endloop
endfacet
facet normal 0 0 1
outer loop
vertex 11.233955556881021 12.642787609686565 1.2
vertex 7 12.766044443118995 1.2
vertex 7 12.642787609686565 1.2
endloop
endfacet
facet normal 0 0 1
outer loop
vertex 29.233955556881014 12.642787609686565 1.2
vertex 29.357212390313464 12.766044443118995 1.2
vertex 24.64278760968656 12.766044443118995 1.2
endloop
endfacet
facet normal 0 0 1
outer loop
vertex 29.233955556881014 12.642787609686565 1.2
vertex 24.64278760968656 12.766044443118995 1.2
vertex 24.766044443118947 12.642787609686565 1.2
endloop
endfacet
facet normal 0 0 1
outer loop
vertex 47.23395555688102 12.642787609686565 1.2
vertex 47.35721239031344 12.766044443118995 1.2
vertex 42.64278760968653 12.766044443118995 1.2
endloop
endfacet
facet normal 0 0 1
outer loop
vertex 47.23395555688102 12.642787609686565 1.2
vertex 42.64278760968653 12.766044443118995 1.2
vertex 42.76604444311895 12.642787609686565 1.2
endloop
endfacet
facet normal 0 0 1
outer loop
vertex 65.23395555688106 12.642787609686565 1.2
vertex 65.35721239031345 12.766044443118995 1.2
vertex 60.642787609686515 12.766044443118995 1.2
endloop
endfacet
facet normal 0 0 1
outer loop
vertex 65.23395555688106 12.642787609686565 1.2
vertex 60.642787609686515 12.766044443118995 1.2
vertex 60.76604444311893 12.642787609686565 1.2
endloop
endfacet
facet normal 0 0 1
outer loop
vertex 83 12.642787609686565 1.2
vertex 83 12.766044443118995 1.2
vertex 78.64278760968652 12.766044443118995 1.2
endloop
endfacet
facet normal 0 0 1
outer loop
vertex 83 12.642787609686565 1.2
vertex 78.64278760968652 12.766044443118995 1.2
vertex 78.76604444311894 12.642787609686565 1.2
endloop
endfacet
facet normal 0 0 1
outer loop
vertex 11.357212390313457 12.766044443118995 1.2
vertex 11.500000000000014 12.86602540378443 1.2
vertex 7 12.86602540378443 1.2
endloop
endfacet
facet normal 0 0 1
outer loop
vertex 11.357212390313457 12.766044443118995 1.2
vertex 7 12.86602540378443 1.2
vertex 7 12.766044443118995 1.2
endloop
endfacet
facet normal 0 0 1
outer loop
vertex 29.357212390313464 12.766044443118995 1.2
vertex 29.500000000000007 12.86602540378443 1.2
vertex 24.500000000000032 12.86602540378443 1.2
endloop
endfacet
facet normal 0 0 1
outer loop
vertex 29.357212390313464 12.766044443118995 1.2
vertex 24.500000000000032 12.86602540378443 1.2
vertex 24.64278760968656 12.766044443118995 1.2
endloop
endfacet
facet normal 0 0 1
outer loop
vertex 47.35721239031344 12.766044443118995 1.2
vertex 47.5 12.86602540378443 1.2
vertex 42.50000000000003 12.86602540378443 1.2
endloop
endfacet
facet normal 0 0 1
outer loop
vertex 47.35721239031344 12.766044443118995 1.2
vertex 42.50000000000003 12.86602540378443 1.2
vertex 42.64278760968653 12.766044443118995 1.2
endloop
endfacet
facet normal 0 0 1
outer loop
vertex 65.35721239031345 12.766044443118995 1.2
vertex 65.50000000000001 12.86602540378443 1.2
vertex 60.500000000000064 12.86602540378443 1.2
endloop
endfacet
facet normal 0 0 1
outer loop
vertex 65.35721239031345 12.766044443118995 1.2
vertex 60.500000000000064 12.86602540378443 1.2
vertex 60.642787609686515 12.766044443118995 1.2
endloop
endfacet
facet normal 0 0 1
outer loop
vertex 83 12.766044443118995 1.2
vertex 83 12.86602540378443 1.2
vertex 78.50000000000003 12.86602540378443 1.2
endloop
endfacet
facet normal 0 0 1
outer loop
vertex 83 12.766044443118995 1.2
vertex 78.50000000000003 12.86602540378443 1.2
vertex 78.64278760968652 12.766044443118995 1.2
endloop
endfacet
facet normal 0 0 1
outer loop
vertex 11.500000000000014 12.86602540378443 1.2
vertex 11.657979856674316 12.939692620785905 1.2
vertex 7 12.939692620785905 1.2
endloop
endfacet
facet normal 0 0 1
outer loop
vertex 11.500000000000014 12.86602540378443 1.2
vertex 7 12.939692620785905 1.2
vertex 7 12.86602540378443 1.2
endloop
endfacet
facet normal 0 0 1
outer loop
vertex 29.500000000000007 12.86602540378443 1.2
vertex 29.65797985667431 12.939692620785905 1.2
vertex 24.34202014332565 12.939692620785905 1.2
endloop
endfacet
facet normal 0 0 1
outer loop
vertex 29.500000000000007 12.86602540378443 1.2
vertex 24.34202014332565 12.939692620785905 1.2
vertex 24.500000000000032 12.86602540378443 1.2
endloop
endfacet
facet normal 0 0 1
outer loop
vertex 47.5 12.86602540378443 1.2
vertex 47.657979856674324 12.939692620785905 1.2
vertex 42.34202014332567 12.939692620785905 1.2
endloop
endfacet
facet normal 0 0 1
outer loop
vertex 47.5 12.86602540378443 1.2
vertex 42.34202014332567 12.939692620785905 1.2
vertex 42.50000000000003 12.86602540378443 1.2
endloop
endfacet
facet normal 0 0 1
outer loop
vertex 65.50000000000001 12.86602540378443 1.2
vertex 65.65797985667432 12.939692620785905 1.2
vertex 60.34202014332566 12.939692620785905 1.2
endloop
endfacet
facet normal 0 0 1
outer loop
vertex 65.50000000000001 12.86602540378443 1.2
vertex 60.34202014332566 12.939692620785905 1.2
vertex 60.500000000000064 12.86602540378443 1.2
endloop
endfacet
facet normal 0 0 1
outer loop
vertex 83 12.86602540378443 1.2
vertex 83 12.939692620785905 1.2
vertex 78.34202014332568 12.939692620785905 1.2
endloop
endfacet
facet normal 0 0 1
outer loop
vertex 83 12.86602540378443 1.2
vertex 78.34202014332568 12.939692620785905 1.2
vertex 78.50000000000003 12.86602540378443 1.2
endloop
endfacet
facet normal 0 0 1
outer loop
vertex 11.657979856674316 12.939692620785905 1.2
vertex 11.826351822333066 12.984807753012209 1.2
vertex 7 12.984807753012209 1.2
endloop
endfacet
facet normal 0 0 1
outer loop
vertex 11.657979856674316 12.939692620785905 1.2
vertex 7 12.984807753012209 1.2
vertex 7 12.939692620785905 1.2
endloop
endfacet
facet normal 0 0 1
outer loop
vertex 29.65797985667431 12.939692620785905 1.2
vertex 29.826351822333073 12.984807753012209 1.2
vertex 24.17364817766691 12.984807753012209 1.2
endloop
endfacet
facet normal 0 0 1
outer loop
vertex 29.65797985667431 12.939692620785905 1.2
vertex 24.17364817766691 12.984807753012209 1.2
vertex 24.34202014332565 12.939692620785905 1.2
endloop
endfacet
facet normal 0 0 1
outer loop
vertex 47.657979856674324 12.939692620785905 1.2
vertex 47.82635182233308 12.984807753012209 1.2
vertex 42.17364817766693 12.984807753012209 1.2
endloop
endfacet
facet normal 0 0 1
outer loop
vertex 47.657979856674324 12.939692620785905 1.2
vertex 42.17364817766693 12.984807753012209 1.2
vertex 42.34202014332567 12.939692620785905 1.2
endloop
endfacet
facet normal 0 0 1
outer loop
vertex 65.65797985667432 12.939692620785905 1.2
vertex 65.82635182233307 12.984807753012209 1.2
vertex 60.17364817766692 12.984807753012209 1.2
endloop
endfacet
facet normal 0 0 1
outer loop
vertex 65.65797985667432 12.939692620785905 1.2
vertex 60.17364817766692 12.984807753012209 1.2
vertex 60.34202014332566 12.939692620785905 1.2
endloop
endfacet
facet normal 0 0 1
outer loop
vertex 83 12.939692620785905 1.2
vertex 83 12.984807753012209 1.2
vertex 78.17364817766692 12.984807753012209 1.2
endloop
endfacet
facet normal 0 0 1
outer loop
vertex 83 12.939692620785905 1.2
vertex 78.17364817766692 12.984807753012209 1.2
vertex 78.34202014332568 12.939692620785905 1.2
endloop
endfacet
facet normal 0 0 1
outer loop
vertex 11.826351822333066 12.984807753012209 1.2
vertex 11.999999999999979 13 1.2
vertex 7 13 1.2
endloop
endfacet
facet normal 0 0 1
outer loop
vertex 11.826351822333066 12.984807753012209 1.2
vertex 7 13 1.2
vertex 7 12.984807753012209 1.2
endloop
endfacet
facet normal 0 0 1
outer loop
vertex 29.826351822333073 12.984807753012209 1.2
vertex 30.000000000000004 13 1.2
vertex 24.000000000000014 13 1.2
endloop
endfacet
facet normal 0 0 1
outer loop
vertex 29.826351822333073 12.984807753012209 1.2
vertex 24.000000000000014 13 1.2
vertex 24.17364817766691 12.984807753012209 1.2
endloop
endfacet
facet normal 0 0 1
outer loop
vertex 47.82635182233308 12.984807753012209 1.2
vertex 47.999999999999986 13 1.2
vertex 42 13 1.2
endloop
endfacet
facet normal 0 0 1
outer loop
vertex 47.82635182233308 12.984807753012209 1.2
vertex 42 13 1.2
vertex 42.17364817766693 12.984807753012209 1.2
endloop
endfacet
facet normal 0 0 1
outer loop
vertex 65.82635182233307 12.984807753012209 1.2
vertex 66 13 1.2
vertex 59.999999999999986 13 1.2
endloop
endfacet
facet normal 0 0 1
outer loop
vertex 65.82635182233307 12.984807753012209 1.2
vertex 59.999999999999986 13 1.2
vertex 60.17364817766692 12.984807753012209 1.2
endloop
endfacet
facet normal 0 0 1
outer loop
vertex 83 12.984807753012209 1.2
vertex 83 13 1.2
vertex 77.99999999999999 13 1.2
endloop
endfacet
facet normal 0 0 1
outer loop
vertex 83 12.984807753012209 1.2
vertex 77.99999999999999 13 1.2
vertex 78.17364817766692 12.984807753012209 1.2
endloop
endfacet
facet normal 0 0 1
outer loop
vertex 11.999999999999979 13 1.2
vertex 24.000000000000014 13 1.2
vertex 30.000000000000004 13 1.2
endloop
endfacet
facet normal 0 0 1
outer loop
vertex 11.999999999999979 13 1.2
vertex 30.000000000000004 13 1.2
vertex 42 13 1.2
endloop
endfacet
facet normal 0 0 1
outer loop
vertex 11.999999999999979 13 1.2
vertex 42 13 1.2
vertex 47.999999999999986 13 1.2
endloop
endfacet
facet normal 0 0 1
outer loop
vertex 11.999999999999979 13 1.2
vertex 47.999999999999986 13 1.2
vertex 59.999999999999986 13 1.2
endloop
endfacet
facet normal 0 0 1
outer loop
vertex 11.999999999999979 13 1.2
vertex 59.999999999999986 13 1.2
vertex 66 13 1.2
endloop
endfacet
facet normal 0 0 1
outer loop
vertex 11.999999999999979 13 1.2
vertex 66 13 1.2
vertex 77.99999999999999 13 1.2
endloop
endfacet
facet normal 0 0 1
outer loop
vertex 11.999999999999979 13 1.2
vertex 77.99999999999999 13 1.2
vertex 83 13 1.2
endloop
endfacet
facet normal 0 0 1
outer loop
vertex 11.999999999999979 13 1.2
vertex 83 13 1.2
vertex 83 16 1.2
endloop
endfacet
facet normal 0 0 1
outer loop
vertex 11.999999999999979 13 1.2
vertex 83 16 1.2
vertex 78 16 1.2
endloop
endfacet
facet normal 0 0 1
outer loop
vertex 11.999999999999979 13 1.2
vertex 78 16 1.2
vertex 66.00000000000001 16 1.2
endloop
endfacet
facet normal 0 0 1
outer loop
vertex 11.999999999999979 13 1.2
vertex 66.00000000000001 16 1.2
vertex 60.000000000000014 16 1.2
endloop
endfacet
facet normal 0 0 1
outer loop
vertex 11.999999999999979 13 1.2
vertex 60.000000000000014 16 1.2
vertex 47.999999999999986 16 1.2
endloop
endfacet
facet normal 0 0 1
outer loop
vertex 11.999999999999979 13 1.2
vertex 47.999999999999986 16 1.2
vertex 42 16 1.2
endloop
endfacet
facet normal 0 0 1
outer loop
vertex 11.999999999999979 13 1.2
vertex 42 16 1.2
vertex 30.000000000000014 16 1.2
endloop
endfacet
facet normal 0 0 1
outer loop
vertex 11.999999999999979 13 1.2
vertex 30.000000000000014 16 1.2
vertex 24.000000000000004 16 1.2
endloop
endfacet
facet normal 0 0 1
outer loop
vertex 11.999999999999979 13 1.2
vertex 24.000000000000004 16 1.2
vertex 12.000000000000007 16 1.2
endloop
endfacet
facet normal 0 0 1
outer loop
vertex 11.999999999999979 13 1.2
vertex 12.000000000000007 16 1.2
vertex 7 16 1.2
endloop
endfacet
facet normal 0 0 1
outer loop
vertex 11.999999999999979 13 1.2
vertex 7 16 1.2
vertex 7 13 1.2
endloop
endfacet
facet normal 0 0 1
outer loop
vertex 12.000000000000007 16 1.2
vertex 11.826351822333052 16.01519224698779 1.2
vertex 7 16.01519224698779 1.2
endloop
endfacet
facet normal 0 0 1
outer loop
vertex 12.000000000000007 16 1.2
vertex 7 16.01519224698779 1.2
vertex 7 16 1.2
endloop
endfacet
facet normal 0 0 1
outer loop
vertex 30.000000000000014 16 1.2
vertex 29.826351822333056 16.01519224698779 1.2
vertex 24.17364817766693 16.01519224698779 1.2
endloop
endfacet
facet normal 0 0 1
outer loop
vertex 30.000000000000014 16 1.2
vertex 24.17364817766693 16.01519224698779 1.2
vertex 24.000000000000004 16 1.2
endloop
endfacet
facet normal 0 0 1
outer loop
vertex 47.999999999999986 16 1.2
vertex 47.826351822333045 16.01519224698779 1.2
vertex 42.173648177666934 16.01519224698779 1.2
endloop
endfacet
facet normal 0 0 1
outer loop
vertex 47.999999999999986 16 1.2
vertex 42.173648177666934 16.01519224698779 1.2
vertex 42 16 1.2
endloop
endfacet
facet normal 0 0 1
outer loop
vertex 66.00000000000001 16 1.2
vertex 65.82635182233307 16.01519224698779 1.2
vertex 60.17364817766695 16.01519224698779 1.2
endloop
endfacet
facet normal 0 0 1
outer loop
vertex 66.00000000000001 16 1.2
vertex 60.17364817766695 16.01519224698779 1.2
vertex 60.000000000000014 16 1.2
endloop
endfacet
facet normal 0 0 1
outer loop
vertex 83 16 1.2
vertex 83 16.01519224698779 1.2
vertex 78.17364817766693 16.01519224698779 1.2
endloop
endfacet
facet normal 0 0 1
outer loop
vertex 83 16 1.2
vertex 78.17364817766693 16.01519224698779 1.2
vertex 78 16 1.2
endloop
endfacet
facet normal 0 0 1
outer loop
vertex 11.826351822333052 16.01519224698779 1.2
vertex 11.65797985667433 16.060307379214088 1.2
vertex 7 16.060307379214088 1.2
endloop
endfacet
facet normal 0 0 1
outer loop
vertex 11.826351822333052 16.01519224698779 1.2
vertex 7 16.060307379214088 1.2
vertex 7 16.01519224698779 1.2
endloop
endfacet
facet normal 0 0 1
outer loop
vertex 29.826351822333056 16.01519224698779 1.2
vertex 29.65797985667435 16.060307379214088 1.2
vertex 24.34202014332566 16.060307379214088 1.2
endloop
endfacet
facet normal 0 0 1
outer loop
vertex 29.826351822333056 16.01519224698779 1.2
vertex 24.34202014332566 16.060307379214088 1.2
vertex 24.17364817766693 16.01519224698779 1.2
endloop
endfacet
facet normal 0 0 1
outer loop
vertex 47.826351822333045 16.01519224698779 1.2
vertex 47.65797985667437 16.060307379214088 1.2
vertex 42.342020143325655 16.060307379214088 1.2
endloop
endfacet
facet normal 0 0 1
outer loop
vertex 47.826351822333045 16.01519224698779 1.2
vertex 42.342020143325655 16.060307379214088 1.2
vertex 42.173648177666934 16.01519224698779 1.2
endloop
endfacet
facet normal 0 0 1
outer loop
vertex 65.82635182233307 16.01519224698779 1.2
vertex 65.65797985667432 16.060307379214088 1.2
vertex 60.34202014332565 16.060307379214088 1.2
endloop
endfacet
facet normal 0 0 1
outer loop
vertex 65.82635182233307 16.01519224698779 1.2
vertex 60.34202014332565 16.060307379214088 1.2
vertex 60.17364817766695 16.01519224698779 1.2
endloop
endfacet
facet normal 0 0 1
outer loop
vertex 83 16.01519224698779 1.2
vertex 83 16.060307379214088 1.2
vertex 78.34202014332566 16.060307379214088 1.2
endloop
endfacet
facet normal 0 0 1
outer loop
vertex 83 16.01519224698779 1.2
vertex 78.34202014332566 16.060307379214088 1.2
vertex 78.17364817766693 16.01519224698779 1.2
endloop
endfacet
facet normal 0 0 1
outer loop
vertex 11.65797985667433 16.060307379214088 1.2
vertex 11.500000000000007 16.13397459621557 1.2
vertex 7 16.13397459621557 1.2
endloop
endfacet
facet normal 0 0 1
outer loop
vertex 11.65797985667433 16.060307379214088 1.2
vertex 7 16.13397459621557 1.2
vertex 7 16.060307379214088 1.2
endloop
endfacet
facet normal 0 0 1
outer loop
vertex 29.65797985667435 16.060307379214088 1.2
vertex 29.49999999999994 16.13397459621557 1.2
vertex 24.500000000000018 16.13397459621557 1.2
endloop
endfacet
facet normal 0 0 1
outer loop
vertex 29.65797985667435 16.060307379214088 1.2
vertex 24.500000000000018 16.13397459621557 1.2
vertex 24.34202014332566 16.060307379214088 1.2
endloop
endfacet
facet normal 0 0 1
outer loop
vertex 47.65797985667437 16.060307379214088 1.2
vertex 47.499999999999964 16.13397459621557 1.2
vertex 42.50000000000002 16.13397459621557 1.2
endloop
endfacet
facet normal 0 0 1
outer loop
vertex 47.65797985667437 16.060307379214088 1.2
vertex 42.50000000000002 16.13397459621557 1.2
vertex 42.342020143325655 16.060307379214088 1.2
endloop
endfacet
facet normal 0 0 1
outer loop
vertex 65.65797985667432 16.060307379214088 1.2
vertex 65.50000000000003 16.13397459621557 1.2
vertex 60.50000000000002 16.13397459621557 1.2
endloop
endfacet
facet normal 0 0 1
outer loop
vertex 65.65797985667432 16.060307379214088 1.2
vertex 60.50000000000002 16.13397459621557 1.2
vertex 60.34202014332565 16.060307379214088 1.2
endloop
endfacet
facet normal 0 0 1
outer loop
vertex 83 16.060307379214088 1.2
vertex 83 16.13397459621557 1.2
vertex 78.50000000000001 16.13397459621557 1.2
endloop
endfacet
facet normal 0 0 1
outer loop
vertex 83 16.060307379214088 1.2
vertex 78.50000000000001 16.13397459621557 1.2
vertex 78.34202014332566 16.060307379214088 1.2
endloop
endfacet
facet normal 0 0 1
outer loop
vertex 11.500000000000007 16.13397459621557 1.2
vertex 11.35721239031345 16.233955556881003 1.2
vertex 7 16.233955556881003 1.2
endloop
endfacet
facet normal 0 0 1
outer loop
vertex 11.500000000000007 16.13397459621557 1.2
vertex 7 16.233955556881003 1.2
vertex 7 16.13397459621557 1.2
endloop
endfacet
facet normal 0 0 1
outer loop
vertex 29.49999999999994 16.13397459621557 1.2
vertex 29.357212390313475 16.233955556881003 1.2
vertex 24.64278760968651 16.233955556881003 1.2
endloop
endfacet
facet normal 0 0 1
outer loop
vertex 29.49999999999994 16.13397459621557 1.2
vertex 24.64278760968651 16.233955556881003 1.2
vertex 24.500000000000018 16.13397459621557 1.2
endloop
endfacet
facet normal 0 0 1
outer loop
vertex 47.499999999999964 16.13397459621557 1.2
vertex 47.3572123903135 16.233955556881003 1.2
vertex 42.64278760968651 16.233955556881003 1.2
endloop
endfacet
facet normal 0 0 1
outer loop
vertex 47.499999999999964 16.13397459621557 1.2
vertex 42.64278760968651 16.233955556881003 1.2
vertex 42.50000000000002 16.13397459621557 1.2
endloop
endfacet
facet normal 0 0 1
outer loop
vertex 65.50000000000003 16.13397459621557 1.2
vertex 65.35721239031348 16.233955556881003 1.2
vertex 60.64278760968648 16.233955556881003 1.2
endloop
endfacet
facet normal 0 0 1
outer loop
vertex 65.50000000000003 16.13397459621557 1.2
vertex 60.64278760968648 16.233955556881003 1.2
vertex 60.50000000000002 16.13397459621557 1.2
endloop
endfacet
facet normal 0 0 1
outer loop
vertex 83 16.13397459621557 1.2
vertex 83 16.233955556881003 1.2
vertex 78.64278760968651 16.233955556881003 1.2
endloop
endfacet
facet normal 0 0 1
outer loop
vertex 83 16.13397459621557 1.2
vertex 78.64278760968651 16.233955556881003 1.2
vertex 78.50000000000001 16.13397459621557 1.2
endloop
endfacet
facet normal 0 0 1
outer loop
vertex 11.35721239031345 16.233955556881003 1.2
vertex 11.233955556881028 16.357212390313485 1.2
vertex 7 16.357212390313485 1.2
endloop
endfacet
facet normal 0 0 1
outer loop
vertex 11.35721239031345 16.233955556881003 1.2
vertex 7 16.357212390313485 1.2
vertex 7 16.233955556881003 1.2
endloop
endfacet
facet normal 0 0 1
outer loop
vertex 29.357212390313475 16.233955556881003 1.2
vertex 29.233955556881035 16.357212390313485 1.2
vertex 24.76604444311902 16.357212390313485 1.2
endloop
endfacet
facet normal 0 0 1
outer loop
vertex 29.357212390313475 16.233955556881003 1.2
vertex 24.76604444311902 16.357212390313485 1.2
vertex 24.64278760968651 16.233955556881003 1.2
endloop
endfacet
facet normal 0 0 1
outer loop
vertex 47.3572123903135 16.233955556881003 1.2
vertex 47.23395555688099 16.357212390313485 1.2
vertex 42.766044443119014 16.357212390313485 1.2
endloop
endfacet
facet normal 0 0 1
outer loop
vertex 47.3572123903135 16.233955556881003 1.2
vertex 42.766044443119014 16.357212390313485 1.2
vertex 42.64278760968651 16.233955556881003 1.2
endloop
endfacet
facet normal 0 0 1
outer loop
vertex 65.35721239031348 16.233955556881003 1.2
vertex 65.23395555688104 16.357212390313485 1.2
vertex 60.76604444311901 16.357212390313485 1.2
endloop
endfacet
facet normal 0 0 1
outer loop
vertex 65.35721239031348 16.233955556881003 1.2
vertex 60.76604444311901 16.357212390313485 1.2
vertex 60.64278760968648 16.233955556881003 1.2
endloop
endfacet
facet normal 0 0 1
outer loop
vertex 83 16.233955556881003 1.2
vertex 83 16.357212390313485 1.2
vertex 78.766044443119 16.357212390313485 1.2
endloop
endfacet
facet normal 0 0 1
outer loop
vertex 83 16.233955556881003 1.2
vertex 78.766044443119 16.357212390313485 1.2
vertex 78.64278760968651 16.233955556881003 1.2
endloop
endfacet
facet normal 0 0 1
outer loop
vertex 11.233955556881028 16.357212390313485 1.2
vertex 11.133974596215566 16.499999999999968 1.2
vertex 7 16.499999999999968 1.2
endloop
endfacet
facet normal 0 0 1
outer loop
vertex 11.233955556881028 16.357212390313485 1.2
vertex 7 16.499999999999968 1.2
vertex 7 16.357212390313485 1.2
endloop
endfacet
facet normal 0 0 1
outer loop
vertex 29.233955556881035 16.357212390313485 1.2
vertex 29.133974596215552 16.499999999999968 1.2
vertex 24.866025403784406 16.499999999999968 1.2
endloop
endfacet
facet normal 0 0 1
outer loop
vertex 29.233955556881035 16.357212390313485 1.2
vertex 24.866025403784406 16.499999999999968 1.2
vertex 24.76604444311902 16.357212390313485 1.2
endloop
endfacet
facet normal 0 0 1
outer loop
vertex 47.23395555688099 16.357212390313485 1.2
vertex 47.13397459621557 16.499999999999968 1.2
vertex 42.8660254037844 16.499999999999968 1.2
endloop
endfacet
facet normal 0 0 1
outer loop
vertex 47.23395555688099 16.357212390313485 1.2
vertex 42.8660254037844 16.499999999999968 1.2
vertex 42.766044443119014 16.357212390313485 1.2
endloop
endfacet
facet normal 0 0 1
outer loop
vertex 65.23395555688104 16.357212390313485 1.2
vertex 65.13397459621557 16.499999999999968 1.2
vertex 60.86602540378444 16.499999999999968 1.2
endloop
endfacet
facet normal 0 0 1
outer loop
vertex 65.23395555688104 16.357212390313485 1.2
vertex 60.86602540378444 16.499999999999968 1.2
vertex 60.76604444311901 16.357212390313485 1.2
endloop
endfacet
facet normal 0 0 1
outer loop
vertex 83 16.357212390313485 1.2
vertex 83 16.499999999999968 1.2
vertex 78.86602540378442 16.499999999999968 1.2
endloop
endfacet
facet normal 0 0 1
outer loop
vertex 83 16.357212390313485 1.2
vertex 78.86602540378442 16.499999999999968 1.2
vertex 78.766044443119 16.357212390313485 1.2
endloop
endfacet
facet normal 0 0 1
outer loop
vertex 11.133974596215566 16.499999999999968 1.2
vertex 11.060307379214088 16.657979856674373 1.2
vertex 7 16.657979856674373 1.2
endloop
endfacet
facet normal 0 0 1
outer loop
vertex 11.133974596215566 16.499999999999968 1.2
vertex 7 16.657979856674373 1.2
vertex 7 16.499999999999968 1.2
endloop
endfacet
facet normal 0 0 1
outer loop
vertex 29.133974596215552 16.499999999999968 1.2
vertex 29.060307379214105 16.657979856674373 1.2
vertex 24.939692620785934 16.657979856674373 1.2
endloop
endfacet
facet normal 0 0 1
outer loop
vertex 29.133974596215552 16.499999999999968 1.2
vertex 24.939692620785934 16.657979856674373 1.2
vertex 24.866025403784406 16.499999999999968 1.2
endloop
endfacet
facet normal 0 0 1
outer loop
vertex 47.13397459621557 16.499999999999968 1.2
vertex 47.06030737921406 16.657979856674373 1.2
vertex 42.93969262078594 16.657979856674373 1.2
endloop
endfacet
facet normal 0 0 1
outer loop
vertex 47.13397459621557 16.499999999999968 1.2
vertex 42.93969262078594 16.657979856674373 1.2
vertex 42.8660254037844 16.499999999999968 1.2
endloop
endfacet
facet normal 0 0 1
outer loop
vertex 65.13397459621557 16.499999999999968 1.2
vertex 65.0603073792141 16.657979856674373 1.2
vertex 60.939692620785934 16.657979856674373 1.2
endloop
endfacet
facet normal 0 0 1
outer loop
vertex 65.13397459621557 16.499999999999968 1.2
vertex 60.939692620785934 16.657979856674373 1.2
vertex 60.86602540378444 16.499999999999968 1.2
endloop
endfacet
facet normal 0 0 1
outer loop
vertex 83 16.499999999999968 1.2
vertex 83 16.657979856674373 1.2
vertex 78.93969262078592 16.657979856674373 1.2
endloop
endfacet
facet normal 0 0 1
outer loop
vertex 83 16.499999999999968 1.2
vertex 78.93969262078592 16.657979856674373 1.2
vertex 78.86602540378442 16.499999999999968 1.2
endloop
endfacet
facet normal 0 0 1
outer loop
vertex 11.060307379214088 16.657979856674373 1.2
vertex 11.015192246987795 16.826351822333063 1.2
vertex 7 16.826351822333063 1.2
endloop
endfacet
facet normal 0 0 1
outer loop
vertex 11.060307379214088 16.657979856674373 1.2
vertex 7 16.826351822333063 1.2
vertex 7 16.657979856674373 1.2
endloop
endfacet
facet normal 0 0 1
outer loop
vertex 29.060307379214105 16.657979856674373 1.2
vertex 29.01519224698779 16.826351822333063 1.2
vertex 24.984807753012202 16.826351822333063 1.2
endloop
endfacet
facet normal 0 0 1
outer loop
vertex 29.060307379214105 16.657979856674373 1.2
vertex 24.984807753012202 16.826351822333063 1.2
vertex 24.939692620785934 16.657979856674373 1.2
endloop
endfacet
facet normal 0 0 1
outer loop
vertex 47.06030737921406 16.657979856674373 1.2
vertex 47.0151922469878 16.826351822333063 1.2
vertex 42.9848077530122 16.826351822333063 1.2
endloop
endfacet
facet normal 0 0 1
outer loop
vertex 47.06030737921406 16.657979856674373 1.2
vertex 42.9848077530122 16.826351822333063 1.2
vertex 42.93969262078594 16.657979856674373 1.2
endloop
endfacet
facet normal 0 0 1
outer loop
vertex 65.0603073792141 16.657979856674373 1.2
vertex 65.0151922469878 16.826351822333063 1.2
vertex 60.984807753012205 16.826351822333063 1.2
endloop
endfacet
facet normal 0 0 1
outer loop
vertex 65.0603073792141 16.657979856674373 1.2
vertex 60.984807753012205 16.826351822333063 1.2
vertex 60.939692620785934 16.657979856674373 1.2
endloop
endfacet
facet normal 0 0 1
outer loop
vertex 83 16.657979856674373 1.2
vertex 83 16.826351822333063 1.2
vertex 78.9848077530122 16.826351822333063 1.2
endloop
endfacet
facet normal 0 0 1
outer loop
vertex 83 16.657979856674373 1.2
vertex 78.9848077530122 16.826351822333063 1.2
vertex 78.93969262078592 16.657979856674373 1.2
endloop
endfacet
facet normal 0 0 1
outer loop
vertex 11.015192246987795 16.826351822333063 1.2
vertex 11 16.9999999999999 1.2
vertex 7 16.9999999999999 1.2
endloop
endfacet
facet normal 0 0 1
outer loop
vertex 11.015192246987795 16.826351822333063 1.2
vertex 7 16.9999999999999 1.2
vertex 7 16.826351822333063 1.2
endloop
endfacet
facet normal 0 0 1
outer loop
vertex 29.01519224698779 16.826351822333063 1.2
vertex 29 16.9999999999999 1.2
vertex 25 16.9999999999999 1.2
endloop
endfacet
facet normal 0 0 1
outer loop
vertex 29.01519224698779 16.826351822333063 1.2
vertex 25 16.9999999999999 1.2
vertex 24.984807753012202 16.826351822333063 1.2
endloop
endfacet
facet normal 0 0 1
outer loop
vertex 47.0151922469878 16.826351822333063 1.2
vertex 47 16.9999999999999 1.2
vertex 43 16.9999999999999 1.2
endloop
endfacet
facet normal 0 0 1
outer loop
vertex 47.0151922469878 16.826351822333063 1.2
vertex 43 16.9999999999999 1.2
vertex 42.9848077530122 16.826351822333063 1.2
endloop
endfacet
facet normal 0 0 1
outer loop
vertex 65.0151922469878 16.826351822333063 1.2
vertex 65 16.9999999999999 1.2
vertex 61 16.9999999999999 1.2
endloop
endfacet
facet normal 0 0 1
outer loop
vertex 65.0151922469878 16.826351822333063 1.2
vertex 61 16.9999999999999 1.2
vertex 60.984807753012205 16.826351822333063 1.2
endloop
endfacet
facet normal 0 0 1
outer loop
vertex 83 16.826351822333063 1.2
vertex 83 16.9999999999999 1.2
vertex 79 16.9999999999999 1.2
endloop
endfacet
facet normal 0 0 1
outer loop
vertex 83 16.826351822333063 1.2
vertex 79 16.9999999999999 1.2
vertex 78.9848077530122 16.826351822333063 1.2
endloop
endfacet
facet normal 0 0 1
outer loop
vertex -7 11 1.2
vertex -7 22.999999999999993 1.2
vertex -12.5 22.999999999999993 1.2
endloop
endfacet
facet normal 0 0 1
outer loop
vertex -7 11 1.2
vertex -12.5 22.999999999999993 1.2
vertex -12.5 11 1.2
endloop
endfacet
facet normal 0 0 1
outer loop
vertex 11 16.9999999999999 1.2
vertex 11 22.999999999999993 1.2
vertex 7 22.999999999999993 1.2
endloop
endfacet
facet normal 0 0 1
outer loop
vertex 11 16.9999999999999 1.2
vertex 7 22.999999999999993 1.2
vertex 7 16.9999999999999 1.2
endloop
endfacet
facet normal 0 0 1
outer loop
vertex -7 22.999999999999993 1.2
vertex -6.9848077530122055 23.173648177666934 1.2
vertex -12.5 23.173648177666934 1.2
endloop
endfacet
facet normal 0 0 1
outer loop
vertex -7 22.999999999999993 1.2
vertex -12.5 23.173648177666934 1.2
vertex -12.5 22.999999999999993 1.2
endloop
endfacet
facet normal 0 0 1
outer loop
vertex 11 22.999999999999993 1.2
vertex 11 23.173648177666934 1.2
vertex 6.984807753012207 23.173648177666934 1.2
endloop
endfacet
facet normal 0 0 1
outer loop
vertex 11 22.999999999999993 1.2
vertex 6.984807753012207 23.173648177666934 1.2
vertex 7 22.999999999999993 1.2
endloop
endfacet
facet normal 0 0 1
outer loop
vertex -6.9848077530122055 23.173648177666934 1.2
vertex -6.939692620785912 23.34202014332567 1.2
vertex -12.5 23.34202014332567 1.2
endloop
endfacet
facet normal 0 0 1
outer loop
vertex -6.9848077530122055 23.173648177666934 1.2
vertex -12.5 23.34202014332567 1.2
vertex -12.5 23.173648177666934 1.2
endloop
endfacet
facet normal 0 0 1
outer loop
vertex 11 23.173648177666934 1.2
vertex 11 23.34202014332567 1.2
vertex 6.939692620785907 23.34202014332567 1.2
endloop
endfacet
facet normal 0 0 1
outer loop
vertex 11 23.173648177666934 1.2
vertex 6.939692620785907 23.34202014332567 1.2
vertex 6.984807753012207 23.173648177666934 1.2
endloop
endfacet
facet normal 0 0 1
outer loop
vertex -6.939692620785912 23.34202014332567 1.2
vertex -6.866025403784441 23.49999999999999 1.2
vertex -12.5 23.49999999999999 1.2
endloop
endfacet
facet normal 0 0 1
outer loop
vertex -6.939692620785912 23.34202014332567 1.2
vertex -12.5 23.49999999999999 1.2
vertex -12.5 23.34202014332567 1.2
endloop
endfacet
facet normal 0 0 1
outer loop
vertex 11 23.34202014332567 1.2
vertex 11 23.49999999999999 1.2
vertex 6.86602540378444 23.49999999999999 1.2
endloop
endfacet
facet normal 0 0 1
outer loop
vertex 11 23.34202014332567 1.2
vertex 6.86602540378444 23.49999999999999 1.2
vertex 6.939692620785907 23.34202014332567 1.2
endloop
endfacet
facet normal 0 0 1
outer loop
vertex -6.866025403784441 23.49999999999999 1.2
vertex -6.766044443118972 23.642787609686543 1.2
vertex -12.5 23.642787609686543 1.2
endloop
endfacet
facet normal 0 0 1
outer loop
vertex -6.866025403784441 23.49999999999999 1.2
vertex -12.5 23.642787609686543 1.2
vertex -12.5 23.49999999999999 1.2
endloop
endfacet
facet normal 0 0 1
outer loop
vertex 11 23.49999999999999 1.2
vertex 11 23.642787609686543 1.2
vertex 6.766044443118971 23.642787609686543 1.2
endloop
endfacet
facet normal 0 0 1
outer loop
vertex 11 23.49999999999999 1.2
vertex 6.766044443118971 23.642787609686543 1.2
vertex 6.86602540378444 23.49999999999999 1.2
endloop
endfacet
facet normal 0 0 1
outer loop
vertex -6.766044443118972 23.642787609686543 1.2
vertex -6.64278760968655 23.766044443118975 1.2
vertex -12.5 23.766044443118975 1.2
endloop
endfacet
facet normal 0 0 1
outer loop
vertex -6.766044443118972 23.642787609686543 1.2
vertex -12.5 23.766044443118975 1.2
vertex -12.5 23.642787609686543 1.2
endloop
endfacet
facet normal 0 0 1
outer loop
vertex 11 23.642787609686543 1.2
vertex 11 23.766044443118975 1.2
vertex 6.6427876096865415 23.766044443118975 1.2
endloop
endfacet
facet normal 0 0 1
outer loop
vertex 11 23.642787609686543 1.2
vertex 6.6427876096865415 23.766044443118975 1.2
vertex 6.766044443118971 23.642787609686543 1.2
endloop
endfacet
facet normal 0 0 1
outer loop
vertex -6.64278760968655 23.766044443118975 1.2
vertex -6.499999999999986 23.866025403784445 1.2
vertex -12.5 23.866025403784445 1.2
endloop
endfacet
facet normal 0 0 1
outer loop
vertex -6.64278760968655 23.766044443118975 1.2
vertex -12.5 23.866025403784445 1.2
vertex -12.5 23.766044443118975 1.2
endloop
endfacet
facet normal 0 0 1
outer loop
vertex 11 23.766044443118975 1.2
vertex 11 23.866025403784445 1.2
vertex 6.499999999999988 23.866025403784445 1.2
endloop
endfacet
facet normal 0 0 1
outer loop
vertex 11 23.766044443118975 1.2
vertex 6.499999999999988 23.866025403784445 1.2
vertex 6.6427876096865415 23.766044443118975 1.2
endloop
endfacet
facet normal 0 0 1
outer loop
vertex -6.499999999999986 23.866025403784445 1.2
vertex -6.342020143325669 23.93969262078591 1.2
vertex -12.5 23.93969262078591 1.2
endloop
endfacet
facet normal 0 0 1
outer loop
vertex -6.499999999999986 23.866025403784445 1.2
vertex -12.5 23.93969262078591 1.2
vertex -12.5 23.866025403784445 1.2
endloop
endfacet
facet normal 0 0 1
outer loop
vertex 11 23.866025403784445 1.2
vertex 11 23.93969262078591 1.2
vertex 6.342020143325669 23.93969262078591 1.2
endloop
endfacet
facet normal 0 0 1
outer loop
vertex 11 23.866025403784445 1.2
vertex 6.342020143325669 23.93969262078591 1.2
vertex 6.499999999999988 23.866025403784445 1.2
endloop
endfacet
facet normal 0 0 1
outer loop
vertex -6.342020143325669 23.93969262078591 1.2
vertex -6.173648177666934 23.98480775301221 1.2
vertex -12.5 23.98480775301221 1.2
endloop
endfacet
facet normal 0 0 1
outer loop
vertex -6.342020143325669 23.93969262078591 1.2
vertex -12.5 23.98480775301221 1.2
vertex -12.5 23.93969262078591 1.2
endloop
endfacet
facet normal 0 0 1
outer loop
vertex 11 23.93969262078591 1.2
vertex 11 23.98480775301221 1.2
vertex 6.173648177666935 23.98480775301221 1.2
endloop
endfacet
facet normal 0 0 1
outer loop
vertex 11 23.93969262078591 1.2
vertex 6.173648177666935 23.98480775301221 1.2
vertex 6.342020143325669 23.93969262078591 1.2
endloop
endfacet
facet normal 0 0 1
outer loop
vertex -6.173648177666934 23.98480775301221 1.2
vertex -6.000000000000021 24 1.2
vertex -12.5 24 1.2
endloop
endfacet
facet normal 0 0 1
outer loop
vertex -6.173648177666934 23.98480775301221 1.2
vertex -12.5 24 1.2
vertex -12.5 23.98480775301221 1.2
endloop
endfacet
facet normal 0 0 1
outer loop
vertex 11 23.98480775301221 1.2
vertex 11 24 1.2
vertex 6 24 1.2
endloop
endfacet
facet normal 0 0 1
outer loop
vertex 11 23.98480775301221 1.2
vertex 6 24 1.2
vertex 6.173648177666935 23.98480775301221 1.2
endloop
endfacet
facet normal 0 0 1
outer loop
vertex -6.000000000000021 24 1.2
vertex 6 24 1.2
vertex 11 24 1.2
endloop
endfacet
facet normal 0 0 1
outer loop
vertex -6.000000000000021 24 1.2
vertex 11 24 1.2
vertex 11 27 1.2
endloop
endfacet
facet normal 0 0 1
outer loop
vertex -6.000000000000021 24 1.2
vertex 11 27 1.2
vertex 5.999999999999979 27 1.2
endloop
endfacet
facet normal 0 0 1
outer loop
vertex -6.000000000000021 24 1.2
vertex 5.999999999999979 27 1.2
vertex -6 27 1.2
endloop
endfacet
facet normal 0 0 1
outer loop
vertex -6.000000000000021 24 1.2
vertex -6 27 1.2
vertex -12.5 27 1.2
endloop
endfacet
facet normal 0 0 1
outer loop
vertex -6.000000000000021 24 1.2
vertex -12.5 27 1.2
vertex -12.5 24 1.2
endloop
endfacet
facet normal 0 0 1
outer loop
vertex -6 27 1.2
vertex -6.173648177666941 27.015192246987795 1.2
vertex -12.5 27.015192246987795 1.2
endloop
endfacet
facet normal 0 0 1
outer loop
vertex -6 27 1.2
vertex -12.5 27.015192246987795 1.2
vertex -12.5 27 1.2
endloop
endfacet
facet normal 0 0 1
outer loop
vertex 11 27 1.2
vertex 11 27.015192246987795 1.2
vertex 6.173648177666955 27.015192246987795 1.2
endloop
endfacet
facet normal 0 0 1
outer loop
vertex 11 27 1.2
vertex 6.173648177666955 27.015192246987795 1.2
vertex 5.999999999999979 27 1.2
endloop
endfacet
facet normal 0 0 1
outer loop
vertex -6.173648177666941 27.015192246987795 1.2
vertex -6.342020143325648 27.060307379214084 1.2
vertex -12.5 27.060307379214084 1.2
endloop
endfacet
facet normal 0 0 1
outer loop
vertex -6.173648177666941 27.015192246987795 1.2
vertex -12.5 27.060307379214084 1.2
vertex -12.5 27.015192246987795 1.2
endloop
endfacet
facet normal 0 0 1
outer loop
vertex 11 27.015192246987795 1.2
vertex 11 27.060307379214084 1.2
vertex 6.342020143325652 27.060307379214084 1.2
endloop
endfacet
facet normal 0 0 1
outer loop
vertex 11 27.015192246987795 1.2
vertex 6.342020143325652 27.060307379214084 1.2
vertex 6.173648177666955 27.015192246987795 1.2
endloop
endfacet
facet normal 0 0 1
outer loop
vertex -6.342020143325648 27.060307379214084 1.2
vertex -6.500000000000014 27.133974596215563 1.2
vertex -12.5 27.133974596215563 1.2
endloop
endfacet
facet normal 0 0 1
outer loop
vertex -6.342020143325648 27.060307379214084 1.2
vertex -12.5 27.133974596215563 1.2
vertex -12.5 27.060307379214084 1.2
endloop
endfacet
facet normal 0 0 1
outer loop
vertex 11 27.060307379214084 1.2
vertex 11 27.133974596215563 1.2
vertex 6.5000000000000036 27.133974596215563 1.2
endloop
endfacet
facet normal 0 0 1
outer loop
vertex 11 27.060307379214084 1.2
vertex 6.5000000000000036 27.133974596215563 1.2
vertex 6.342020143325652 27.060307379214084 1.2
endloop
endfacet
facet normal 0 0 1
outer loop
vertex -6.500000000000014 27.133974596215563 1.2
vertex -6.642787609686529 27.233955556881018 1.2
vertex -12.5 27.233955556881018 1.2
endloop
endfacet
facet normal 0 0 1
outer loop
vertex -6.500000000000014 27.133974596215563 1.2
vertex -12.5 27.233955556881018 1.2
vertex -12.5 27.133974596215563 1.2
endloop
endfacet
facet normal 0 0 1
outer loop
vertex 11 27.133974596215563 1.2
vertex 11 27.233955556881018 1.2
vertex 6.642787609686529 27.233955556881018 1.2
endloop
endfacet
facet normal 0 0 1
outer loop
vertex 11 27.133974596215563 1.2
vertex 6.642787609686529 27.233955556881018 1.2
vertex 6.5000000000000036 27.133974596215563 1.2
endloop
endfacet
facet normal 0 0 1
outer loop
vertex -6.642787609686529 27.233955556881018 1.2
vertex -6.766044443118979 27.35721239031347 1.2
vertex -12.5 27.35721239031347 1.2
endloop
endfacet
facet normal 0 0 1
outer loop
vertex -6.642787609686529 27.233955556881018 1.2
vertex -12.5 27.35721239031347 1.2
vertex -12.5 27.233955556881018 1.2
endloop
endfacet
facet normal 0 0 1
outer loop
vertex 11 27.233955556881018 1.2
vertex 11 27.35721239031347 1.2
vertex 6.766044443118983 27.35721239031347 1.2
endloop
endfacet
facet normal 0 0 1
outer loop
vertex 11 27.233955556881018 1.2
vertex 6.766044443118983 27.35721239031347 1.2
vertex 6.642787609686529 27.233955556881018 1.2
endloop
endfacet
facet normal 0 0 1
outer loop
vertex -6.766044443118979 27.35721239031347 1.2
vertex -6.866025403784441 27.500000000000007 1.2
vertex -12.5 27.500000000000007 1.2
endloop
endfacet
facet normal 0 0 1
outer loop
vertex -6.766044443118979 27.35721239031347 1.2
vertex -12.5 27.500000000000007 1.2
vertex -12.5 27.35721239031347 1.2
endloop
endfacet
facet normal 0 0 1
outer loop
vertex 11 27.35721239031347 1.2
vertex 11 27.500000000000007 1.2
vertex 6.866025403784444 27.500000000000007 1.2
endloop
endfacet
facet normal 0 0 1
outer loop
vertex 11 27.35721239031347 1.2
vertex 6.866025403784444 27.500000000000007 1.2
vertex 6.766044443118983 27.35721239031347 1.2
endloop
endfacet
facet normal 0 0 1
outer loop
vertex -6.866025403784441 27.500000000000007 1.2
vertex -6.939692620785905 27.657979856674324 1.2
vertex -12.5 27.657979856674324 1.2
endloop
endfacet
facet normal 0 0 1
outer loop
vertex -6.866025403784441 27.500000000000007 1.2
vertex -12.5 27.657979856674324 1.2
vertex -12.5 27.500000000000007 1.2
endloop
endfacet
facet normal 0 0 1
outer loop
vertex 11 27.500000000000007 1.2
vertex 11 27.657979856674324 1.2
vertex 6.939692620785903 27.657979856674324 1.2
endloop
endfacet
facet normal 0 0 1
outer loop
vertex 11 27.500000000000007 1.2
vertex 6.939692620785903 27.657979856674324 1.2
vertex 6.866025403784444 27.500000000000007 1.2
endloop
endfacet
facet normal 0 0 1
outer loop
vertex -6.939692620785905 27.657979856674324 1.2
vertex -6.9848077530122055 27.82635182233307 1.2
vertex -12.5 27.82635182233307 1.2
endloop
endfacet
facet normal 0 0 1
outer loop
vertex -6.939692620785905 27.657979856674324 1.2
vertex -12.5 27.82635182233307 1.2
vertex -12.5 27.657979856674324 1.2
endloop
endfacet
facet normal 0 0 1
outer loop
vertex 11 27.657979856674324 1.2
vertex 11 27.82635182233307 1.2
vertex 6.98480775301221 27.82635182233307 1.2
endloop
endfacet
facet normal 0 0 1
outer loop
vertex 11 27.657979856674324 1.2
vertex 6.98480775301221 27.82635182233307 1.2
vertex 6.939692620785903 27.657979856674324 1.2
endloop
endfacet
facet normal 0 0 1
outer loop
vertex -6.9848077530122055 27.82635182233307 1.2
vertex -7 28.000000000000004 1.2
vertex -12.5 28.000000000000004 1.2
endloop
endfacet
facet normal 0 0 1
outer loop
vertex -6.9848077530122055 27.82635182233307 1.2
vertex -12.5 28.000000000000004 1.2
vertex -12.5 27.82635182233307 1.2
endloop
endfacet
facet normal 0 0 1
outer loop
vertex 11 27.82635182233307 1.2
vertex 11 28.000000000000004 1.2
vertex 7 28.000000000000004 1.2
endloop
endfacet
facet normal 0 0 1
outer loop
vertex 11 27.82635182233307 1.2
vertex 7 28.000000000000004 1.2
vertex 6.98480775301221 27.82635182233307 1.2
endloop
endfacet
facet normal 0 0 1
outer loop
vertex 11 28.000000000000004 1.2
vertex 11 29.000000000000014 1.2
vertex 7 29.000000000000014 1.2
endloop
endfacet
facet normal 0 0 1
outer loop
vertex 11 28.000000000000004 1.2
vertex 7 29.000000000000014 1.2
vertex 7 28.000000000000004 1.2
endloop
endfacet
facet normal 0 0 1
outer loop
vertex 29 16.9999999999999 1.2
vertex 29 29.000000000000014 1.2
vertex 25 29.000000000000014 1.2
endloop
endfacet
facet normal 0 0 1
outer loop
vertex 29 16.9999999999999 1.2
vertex 25 29.000000000000014 1.2
vertex 25 16.9999999999999 1.2
endloop
endfacet
facet normal 0 0 1
outer loop
vertex 47 16.9999999999999 1.2
vertex 47 29.000000000000014 1.2
vertex 43 29.000000000000014 1.2
endloop
endfacet
facet normal 0 0 1
outer loop
vertex 47 16.9999999999999 1.2
vertex 43 29.000000000000014 1.2
vertex 43 16.9999999999999 1.2
endloop
endfacet
facet normal 0 0 1
outer loop
vertex 65 16.9999999999999 1.2
vertex 65 29.000000000000014 1.2
vertex 61 29.000000000000014 1.2
endloop
endfacet
facet normal 0 0 1
outer loop
vertex 65 16.9999999999999 1.2
vertex 61 29.000000000000014 1.2
vertex 61 16.9999999999999 1.2
endloop
endfacet
facet normal 0 0 1
outer loop
vertex 83 16.9999999999999 1.2
vertex 83 29.000000000000014 1.2
vertex 79 29.000000000000014 1.2
endloop
endfacet
facet normal 0 0 1
outer loop
vertex 83 16.9999999999999 1.2
vertex 79 29.000000000000014 1.2
vertex 79 16.9999999999999 1.2
endloop
endfacet
facet normal 0 0 1
outer loop
vertex 11 29.000000000000014 1.2
vertex 11.015192246987795 29.173648177666923 1.2
vertex 7 29.173648177666923 1.2
endloop
endfacet
facet normal 0 0 1
outer loop
vertex 11 29.000000000000014 1.2
vertex 7 29.173648177666923 1.2
vertex 7 29.000000000000014 1.2
endloop
endfacet
facet normal 0 0 1
outer loop
vertex 29 29.000000000000014 1.2
vertex 29.015192246987787 29.173648177666923 1.2
vertex 24.984807753012213 29.173648177666923 1.2
endloop
endfacet
facet normal 0 0 1
outer loop
vertex 29 29.000000000000014 1.2
vertex 24.984807753012213 29.173648177666923 1.2
vertex 25 29.000000000000014 1.2
endloop
endfacet
facet normal 0 0 1
outer loop
vertex 47 29.000000000000014 1.2
vertex 47.01519224698781 29.173648177666923 1.2
vertex 42.984807753012205 29.173648177666923 1.2
endloop
endfacet
facet normal 0 0 1
outer loop
vertex 47 29.000000000000014 1.2
vertex 42.984807753012205 29.173648177666923 1.2
vertex 43 29.000000000000014 1.2
endloop
endfacet
facet normal 0 0 1
outer loop
vertex 65 29.000000000000014 1.2
vertex 65.0151922469878 29.173648177666923 1.2
vertex 60.984807753012205 29.173648177666923 1.2
endloop
endfacet
facet normal 0 0 1
outer loop
vertex 65 29.000000000000014 1.2
vertex 60.984807753012205 29.173648177666923 1.2
vertex 61 29.000000000000014 1.2
endloop
endfacet
facet normal 0 0 1
outer loop
vertex 83 29.000000000000014 1.2
vertex 83 29.173648177666923 1.2
vertex 78.9848077530122 29.173648177666923 1.2
endloop
endfacet
facet normal 0 0 1
outer loop
vertex 83 29.000000000000014 1.2
vertex 78.9848077530122 29.173648177666923 1.2
vertex 79 29.000000000000014 1.2
endloop
endfacet
facet normal 0 0 1
outer loop
vertex 11.015192246987795 29.173648177666923 1.2
vertex 11.060307379214095 29.342020143325705 1.2
vertex 7 29.342020143325705 1.2
endloop
endfacet
facet normal 0 0 1
outer loop
vertex 11.015192246987795 29.173648177666923 1.2
vertex 7 29.342020143325705 1.2
vertex 7 29.173648177666923 1.2
endloop
endfacet
facet normal 0 0 1
outer loop
vertex 29.015192246987787 29.173648177666923 1.2
vertex 29.0603073792141 29.342020143325705 1.2
vertex 24.9396926207859 29.342020143325705 1.2
endloop
endfacet
facet normal 0 0 1
outer loop
vertex 29.015192246987787 29.173648177666923 1.2
vertex 24.9396926207859 29.342020143325705 1.2
vertex 24.984807753012213 29.173648177666923 1.2
endloop
endfacet
facet normal 0 0 1
outer loop
vertex 47.01519224698781 29.173648177666923 1.2
vertex 47.06030737921408 29.342020143325705 1.2
vertex 42.9396926207859 29.342020143325705 1.2
endloop
endfacet
facet normal 0 0 1
outer loop
vertex 47.01519224698781 29.173648177666923 1.2
vertex 42.9396926207859 29.342020143325705 1.2
vertex 42.984807753012205 29.173648177666923 1.2
endloop
endfacet
facet normal 0 0 1
outer loop
vertex 65.0151922469878 29.173648177666923 1.2
vertex 65.06030737921411 29.342020143325705 1.2
vertex 60.9396926207859 29.342020143325705 1.2
endloop
endfacet
facet normal 0 0 1
outer loop
vertex 65.0151922469878 29.173648177666923 1.2
vertex 60.9396926207859 29.342020143325705 1.2
vertex 60.984807753012205 29.173648177666923 1.2
endloop
endfacet
facet normal 0 0 1
outer loop
vertex 83 29.173648177666923 1.2
vertex 83 29.342020143325705 1.2
vertex 78.93969262078588 29.342020143325705 1.2
endloop
endfacet
facet normal 0 0 1
outer loop
vertex 83 29.173648177666923 1.2
vertex 78.93969262078588 29.342020143325705 1.2
vertex 78.9848077530122 29.173648177666923 1.2
endloop
endfacet
facet normal 0 0 1
outer loop
vertex 11.060307379214095 29.342020143325705 1.2
vertex 11.133974596215559 29.499999999999968 1.2
vertex 7 29.499999999999968 1.2
endloop
endfacet
facet normal 0 0 1
outer loop
vertex 11.060307379214095 29.342020143325705 1.2
vertex 7 29.499999999999968 1.2
vertex 7 29.342020143325705 1.2
endloop
endfacet
facet normal 0 0 1
outer loop
vertex 29.0603073792141 29.342020143325705 1.2
vertex 29.133974596215555 29.499999999999968 1.2
vertex 24.866025403784462 29.499999999999968 1.2
endloop
endfacet
facet normal 0 0 1
outer loop
vertex 29.0603073792141 29.342020143325705 1.2
vertex 24.866025403784462 29.499999999999968 1.2
vertex 24.9396926207859 29.342020143325705 1.2
endloop
endfacet
facet normal 0 0 1
outer loop
vertex 47.06030737921408 29.342020143325705 1.2
vertex 47.13397459621557 29.499999999999968 1.2
vertex 42.86602540378446 29.499999999999968 1.2
endloop
endfacet
facet normal 0 0 1
outer loop
vertex 47.06030737921408 29.342020143325705 1.2
vertex 42.86602540378446 29.499999999999968 1.2
vertex 42.9396926207859 29.342020143325705 1.2
endloop
endfacet
facet normal 0 0 1
outer loop
vertex 65.06030737921411 29.342020143325705 1.2
vertex 65.13397459621555 29.499999999999968 1.2
vertex 60.86602540378448 29.499999999999968 1.2
endloop
endfacet
facet normal 0 0 1
outer loop
vertex 65.06030737921411 29.342020143325705 1.2
vertex 60.86602540378448 29.499999999999968 1.2
vertex 60.9396926207859 29.342020143325705 1.2
endloop
endfacet
facet normal 0 0 1
outer loop
vertex 83 29.342020143325705 1.2
vertex 83 29.499999999999968 1.2
vertex 78.86602540378442 29.499999999999968 1.2
endloop
endfacet
facet normal 0 0 1
outer loop
vertex 83 29.342020143325705 1.2
vertex 78.86602540378442 29.499999999999968 1.2
vertex 78.93969262078588 29.342020143325705 1.2
endloop
endfacet
facet normal 0 0 1
outer loop
vertex 11.133974596215559 29.499999999999968 1.2
vertex 11.233955556881021 29.642787609686597 1.2
vertex 7 29.642787609686597 1.2
endloop
endfacet
facet normal 0 0 1
outer loop
vertex 11.133974596215559 29.499999999999968 1.2
vertex 7 29.642787609686597 1.2
vertex 7 29.499999999999968 1.2
endloop
endfacet
facet normal 0 0 1
outer loop
vertex 29.133974596215555 29.499999999999968 1.2
vertex 29.23395555688103 29.642787609686597 1.2
vertex 24.76604444311893 29.642787609686597 1.2
endloop
endfacet
facet normal 0 0 1
outer loop
vertex 29.133974596215555 29.499999999999968 1.2
vertex 24.76604444311893 29.642787609686597 1.2
vertex 24.866025403784462 29.499999999999968 1.2
endloop
endfacet
facet normal 0 0 1
outer loop
vertex 47.13397459621557 29.499999999999968 1.2
vertex 47.23395555688102 29.642787609686597 1.2
vertex 42.76604444311893 29.642787609686597 1.2
endloop
endfacet
facet normal 0 0 1
outer loop
vertex 47.13397459621557 29.499999999999968 1.2
vertex 42.76604444311893 29.642787609686597 1.2
vertex 42.86602540378446 29.499999999999968 1.2
endloop
endfacet
facet normal 0 0 1
outer loop
vertex 65.13397459621555 29.499999999999968 1.2
vertex 65.23395555688107 29.642787609686597 1.2
vertex 60.76604444311893 29.642787609686597 1.2
endloop
endfacet
facet normal 0 0 1
outer loop
vertex 65.13397459621555 29.499999999999968 1.2
vertex 60.76604444311893 29.642787609686597 1.2
vertex 60.86602540378448 29.499999999999968 1.2
endloop
endfacet
facet normal 0 0 1
outer loop
vertex 83 29.499999999999968 1.2
vertex 83 29.642787609686597 1.2
vertex 78.76604444311893 29.642787609686597 1.2
endloop
endfacet
facet normal 0 0 1
outer loop
vertex 83 29.499999999999968 1.2
vertex 78.76604444311893 29.642787609686597 1.2
vertex 78.86602540378442 29.499999999999968 1.2
endloop
endfacet
facet normal 0 0 1
outer loop
vertex 11.233955556881021 29.642787609686597 1.2
vertex 11.357212390313478 29.766044443118968 1.2
vertex 7 29.766044443118968 1.2
endloop
endfacet
facet normal 0 0 1
outer loop
vertex 11.233955556881021 29.642787609686597 1.2
vertex 7 29.766044443118968 1.2
vertex 7 29.642787609686597 1.2
endloop
endfacet
facet normal 0 0 1
outer loop
vertex 29.23395555688103 29.642787609686597 1.2
vertex 29.357212390313464 29.766044443118968 1.2
vertex 24.642787609686625 29.766044443118968 1.2
endloop
endfacet
facet normal 0 0 1
outer loop
vertex 29.23395555688103 29.642787609686597 1.2
vertex 24.642787609686625 29.766044443118968 1.2
vertex 24.76604444311893 29.642787609686597 1.2
endloop
endfacet
facet normal 0 0 1
outer loop
vertex 47.23395555688102 29.642787609686597 1.2
vertex 47.35721239031347 29.766044443118968 1.2
vertex 42.64278760968655 29.766044443118968 1.2
endloop
endfacet
facet normal 0 0 1
outer loop
vertex 47.23395555688102 29.642787609686597 1.2
vertex 42.64278760968655 29.766044443118968 1.2
vertex 42.76604444311893 29.642787609686597 1.2
endloop
endfacet
facet normal 0 0 1
outer loop
vertex 65.23395555688107 29.642787609686597 1.2
vertex 65.3572123903134 29.766044443118968 1.2
vertex 60.64278760968654 29.766044443118968 1.2
endloop
endfacet
facet normal 0 0 1
outer loop
vertex 65.23395555688107 29.642787609686597 1.2
vertex 60.64278760968654 29.766044443118968 1.2
vertex 60.76604444311893 29.642787609686597 1.2
endloop
endfacet
facet normal 0 0 1
outer loop
vertex 83 29.642787609686597 1.2
vertex 83 29.766044443118968 1.2
vertex 78.6427876096866 29.766044443118968 1.2
endloop
endfacet
facet normal 0 0 1
outer loop
vertex 83 29.642787609686597 1.2
vertex 78.6427876096866 29.766044443118968 1.2
vertex 78.76604444311893 29.642787609686597 1.2
endloop
endfacet
facet normal 0 0 1
outer loop
vertex 11.357212390313478 29.766044443118968 1.2
vertex 11.499999999999979 29.866025403784434 1.2
vertex 7 29.866025403784434 1.2
endloop
endfacet
facet normal 0 0 1
outer loop
vertex 11.357212390313478 29.766044443118968 1.2
vertex 7 29.866025403784434 1.2
vertex 7 29.766044443118968 1.2
endloop
endfacet
facet normal 0 0 1
outer loop
vertex 29.357212390313464 29.766044443118968 1.2
vertex 29.499999999999993 29.866025403784434 1.2
vertex 24.49999999999997 29.866025403784434 1.2
endloop
endfacet
facet normal 0 0 1
outer loop
vertex 29.357212390313464 29.766044443118968 1.2
vertex 24.49999999999997 29.866025403784434 1.2
vertex 24.642787609686625 29.766044443118968 1.2
endloop
endfacet
facet normal 0 0 1
outer loop
vertex 47.35721239031347 29.766044443118968 1.2
vertex 47.499999999999986 29.866025403784434 1.2
vertex 42.5 29.866025403784434 1.2
endloop
endfacet
facet normal 0 0 1
outer loop
vertex 47.35721239031347 29.766044443118968 1.2
vertex 42.5 29.866025403784434 1.2
vertex 42.64278760968655 29.766044443118968 1.2
endloop
endfacet
facet normal 0 0 1
outer loop
vertex 65.3572123903134 29.766044443118968 1.2
vertex 65.50000000000001 29.866025403784434 1.2
vertex 60.49999999999999 29.866025403784434 1.2
endloop
endfacet
facet normal 0 0 1
outer loop
vertex 65.3572123903134 29.766044443118968 1.2
vertex 60.49999999999999 29.866025403784434 1.2
vertex 60.64278760968654 29.766044443118968 1.2
endloop
endfacet
facet normal 0 0 1
outer loop
vertex 83 29.766044443118968 1.2
vertex 83 29.866025403784434 1.2
vertex 78.49999999999994 29.866025403784434 1.2
endloop
endfacet
facet normal 0 0 1
outer loop
vertex 83 29.766044443118968 1.2
vertex 78.49999999999994 29.866025403784434 1.2
vertex 78.6427876096866 29.766044443118968 1.2
endloop
endfacet
facet normal 0 0 1
outer loop
vertex 11.499999999999979 29.866025403784434 1.2
vertex 11.657979856674345 29.939692620785905 1.2
vertex 7 29.939692620785905 1.2
endloop
endfacet
facet normal 0 0 1
outer loop
vertex 11.499999999999979 29.866025403784434 1.2
vertex 7 29.939692620785905 1.2
vertex 7 29.866025403784434 1.2
endloop
endfacet
facet normal 0 0 1
outer loop
vertex 29.499999999999993 29.866025403784434 1.2
vertex 29.657979856674324 29.939692620785905 1.2
vertex 24.342020143325684 29.939692620785905 1.2
endloop
endfacet
facet normal 0 0 1
outer loop
vertex 29.499999999999993 29.866025403784434 1.2
vertex 24.342020143325684 29.939692620785905 1.2
vertex 24.49999999999997 29.866025403784434 1.2
endloop
endfacet
facet normal 0 0 1
outer loop
vertex 47.499999999999986 29.866025403784434 1.2
vertex 47.65797985667435 29.939692620785905 1.2
vertex 42.34202014332567 29.939692620785905 1.2
endloop
endfacet
facet normal 0 0 1
outer loop
vertex 47.499999999999986 29.866025403784434 1.2
vertex 42.34202014332567 29.939692620785905 1.2
vertex 42.5 29.866025403784434 1.2
endloop
endfacet
facet normal 0 0 1
outer loop
vertex 65.50000000000001 29.866025403784434 1.2
vertex 65.65797985667436 29.939692620785905 1.2
vertex 60.34202014332568 29.939692620785905 1.2
endloop
endfacet
facet normal 0 0 1
outer loop
vertex 65.50000000000001 29.866025403784434 1.2
vertex 60.34202014332568 29.939692620785905 1.2
vertex 60.49999999999999 29.866025403784434 1.2
endloop
endfacet
facet normal 0 0 1
outer loop
vertex 83 29.866025403784434 1.2
vertex 83 29.939692620785905 1.2
vertex 78.3420201433257 29.939692620785905 1.2
endloop
endfacet
facet normal 0 0 1
outer loop
vertex 83 29.866025403784434 1.2
vertex 78.3420201433257 29.939692620785905 1.2
vertex 78.49999999999994 29.866025403784434 1.2
endloop
endfacet
facet normal 0 0 1
outer loop
vertex 11.657979856674345 29.939692620785905 1.2
vertex 11.826351822333088 29.984807753012213 1.2
vertex 7 29.984807753012213 1.2
endloop
endfacet
facet normal 0 0 1
outer loop
vertex 11.657979856674345 29.939692620785905 1.2
vertex 7 29.984807753012213 1.2
vertex 7 29.939692620785905 1.2
endloop
endfacet
facet normal 0 0 1
outer loop
vertex 29.657979856674324 29.939692620785905 1.2
vertex 29.82635182233309 29.984807753012213 1.2
vertex 24.173648177666923 29.984807753012213 1.2
endloop
endfacet
facet normal 0 0 1
outer loop
vertex 29.657979856674324 29.939692620785905 1.2
vertex 24.173648177666923 29.984807753012213 1.2
vertex 24.342020143325684 29.939692620785905 1.2
endloop
endfacet
facet normal 0 0 1
outer loop
vertex 47.65797985667435 29.939692620785905 1.2
vertex 47.82635182233308 29.984807753012213 1.2
vertex 42.173648177666905 29.984807753012213 1.2
endloop
endfacet
facet normal 0 0 1
outer loop
vertex 47.65797985667435 29.939692620785905 1.2
vertex 42.173648177666905 29.984807753012213 1.2
vertex 42.34202014332567 29.939692620785905 1.2
endloop
endfacet
facet normal 0 0 1
outer loop
vertex 65.65797985667436 29.939692620785905 1.2
vertex 65.82635182233305 29.984807753012213 1.2
vertex 60.17364817766691 29.984807753012213 1.2
endloop
endfacet
facet normal 0 0 1
outer loop
vertex 65.65797985667436 29.939692620785905 1.2
vertex 60.17364817766691 29.984807753012213 1.2
vertex 60.34202014332568 29.939692620785905 1.2
endloop
endfacet
facet normal 0 0 1
outer loop
vertex 83 29.939692620785905 1.2
vertex 83 29.984807753012213 1.2
vertex 78.17364817766693 29.984807753012213 1.2
endloop
endfacet
facet normal 0 0 1
outer loop
vertex 83 29.939692620785905 1.2
vertex 78.17364817766693 29.984807753012213 1.2
vertex 78.3420201433257 29.939692620785905 1.2
endloop
endfacet
facet normal 0 0 1
outer loop
vertex 11.826351822333088 29.984807753012213 1.2
vertex 11.999999999999979 30 1.2
vertex 7 30 1.2
endloop
endfacet
facet normal 0 0 1
outer loop
vertex 11.826351822333088 29.984807753012213 1.2
vertex 7 30 1.2
vertex 7 29.984807753012213 1.2
endloop
endfacet
facet normal 0 0 1
outer loop
vertex 29.82635182233309 29.984807753012213 1.2
vertex 29.99999999999998 30 1.2
vertex 24.000000000000032 30 1.2
endloop
endfacet
facet normal 0 0 1
outer loop
vertex 29.82635182233309 29.984807753012213 1.2
vertex 24.000000000000032 30 1.2
vertex 24.173648177666923 29.984807753012213 1.2
endloop
endfacet
facet normal 0 0 1
outer loop
vertex 47.82635182233308 29.984807753012213 1.2
vertex 47.99999999999996 30 1.2
vertex 41.99999999999998 30 1.2
endloop
endfacet
facet normal 0 0 1
outer loop
vertex 47.82635182233308 29.984807753012213 1.2
vertex 41.99999999999998 30 1.2
vertex 42.173648177666905 29.984807753012213 1.2
endloop
endfacet
facet normal 0 0 1
outer loop
vertex 65.82635182233305 29.984807753012213 1.2
vertex 66 30 1.2
vertex 59.999999999999986 30 1.2
endloop
endfacet
facet normal 0 0 1
outer loop
vertex 65.82635182233305 29.984807753012213 1.2
vertex 59.999999999999986 30 1.2
vertex 60.17364817766691 29.984807753012213 1.2
endloop
endfacet
facet normal 0 0 1
outer loop
vertex 83 29.984807753012213 1.2
vertex 83 30 1.2
vertex 77.99999999999996 30 1.2
endloop
endfacet
facet normal 0 0 1
outer loop
vertex 83 29.984807753012213 1.2
vertex 77.99999999999996 30 1.2
vertex 78.17364817766693 29.984807753012213 1.2
endloop
endfacet
facet normal 0 0 1
outer loop
vertex 11.999999999999979 30 1.2
vertex 24.000000000000032 30 1.2
vertex 29.99999999999998 30 1.2
endloop
endfacet
facet normal 0 0 1
outer loop
vertex 11.999999999999979 30 1.2
vertex 29.99999999999998 30 1.2
vertex 41.99999999999998 30 1.2
endloop
endfacet
facet normal 0 0 1
outer loop
vertex 11.999999999999979 30 1.2
vertex 41.99999999999998 30 1.2
vertex 47.99999999999996 30 1.2
endloop
endfacet
facet normal 0 0 1
outer loop
vertex 11.999999999999979 30 1.2
vertex 47.99999999999996 30 1.2
vertex 59.999999999999986 30 1.2
endloop
endfacet
facet normal 0 0 1
outer loop
vertex 11.999999999999979 30 1.2
vertex 59.999999999999986 30 1.2
vertex 66 30 1.2
endloop
endfacet
facet normal 0 0 1
outer loop
vertex 11.999999999999979 30 1.2
vertex 66 30 1.2
vertex 77.99999999999996 30 1.2
endloop
endfacet
facet normal 0 0 1
outer loop
vertex 11.999999999999979 30 1.2
vertex 77.99999999999996 30 1.2
vertex 83 30 1.2
endloop
endfacet
facet normal 0 0 1
outer loop
vertex 11.999999999999979 30 1.2
vertex 83 30 1.2
vertex 83 30.5 1.2
endloop
endfacet
facet normal 0 0 1
outer loop
vertex 11.999999999999979 30 1.2
vertex 83 30.5 1.2
vertex 62.99999999999998 30.5 1.2
endloop
endfacet
facet normal 0 0 1
outer loop
vertex 11.999999999999979 30 1.2
vertex 62.99999999999998 30.5 1.2
vertex 7 30.5 1.2
endloop
endfacet
facet normal 0 0 1
outer loop
vertex 11.999999999999979 30 1.2
vertex 7 30.5 1.2
vertex 7 30 1.2
endloop
endfacet
facet normal 0 0 1
outer loop
vertex 62.99999999999998 30.5 1.2
vertex 62.80490967798385 30.51921471959677 1.2
vertex 7 30.51921471959677 1.2
endloop
endfacet
facet normal 0 0 1
outer loop
vertex 62.99999999999998 30.5 1.2
vertex 7 30.51921471959677 1.2
vertex 7 30.5 1.2
endloop
endfacet
facet normal 0 0 1
outer loop
vertex 83 30.5 1.2
vertex 83 30.51921471959677 1.2
vertex 63.19509032201614 30.51921471959677 1.2
endloop
endfacet
facet normal 0 0 1
outer loop
vertex 83 30.5 1.2
vertex 63.19509032201614 30.51921471959677 1.2
vertex 62.99999999999998 30.5 1.2
endloop
endfacet
facet normal 0 0 1
outer loop
vertex 62.80490967798385 30.51921471959677 1.2
vertex 62.61731656763491 30.576120467488707 1.2
vertex 7 30.576120467488707 1.2
endloop
endfacet
facet normal 0 0 1
outer loop
vertex 62.80490967798385 30.51921471959677 1.2
vertex 7 30.576120467488707 1.2
vertex 7 30.51921471959677 1.2
endloop
endfacet
facet normal 0 0 1
outer loop
vertex 83 30.51921471959677 1.2
vertex 83 30.576120467488707 1.2
vertex 63.38268343236507 30.576120467488707 1.2
endloop
endfacet
facet normal 0 0 1
outer loop
vertex 83 30.51921471959677 1.2
vertex 63.38268343236507 30.576120467488707 1.2
vertex 63.19509032201614 30.51921471959677 1.2
endloop
endfacet
facet normal 0 0 1
outer loop
vertex 62.61731656763491 30.576120467488707 1.2
vertex 62.44442976698043 30.668530387697434 1.2
vertex 7 30.668530387697434 1.2
endloop
endfacet
facet normal 0 0 1
outer loop
vertex 62.61731656763491 30.576120467488707 1.2
vertex 7 30.668530387697434 1.2
vertex 7 30.576120467488707 1.2
endloop
endfacet
facet normal 0 0 1
outer loop
vertex 83 30.576120467488707 1.2
vertex 83 30.668530387697434 1.2
vertex 63.55557023301957 30.668530387697434 1.2
endloop
endfacet
facet normal 0 0 1
outer loop
vertex 83 30.576120467488707 1.2
vertex 63.55557023301957 30.668530387697434 1.2
vertex 63.38268343236507 30.576120467488707 1.2
endloop
endfacet
facet normal 0 0 1
outer loop
vertex 62.44442976698043 30.668530387697434 1.2
vertex 62.29289321881348 30.792893218813433 1.2
vertex 7 30.792893218813433 1.2
endloop
endfacet
facet normal 0 0 1
outer loop
vertex 62.44442976698043 30.668530387697434 1.2
vertex 7 30.792893218813433 1.2
vertex 7 30.668530387697434 1.2
endloop
endfacet
facet normal 0 0 1
outer loop
vertex 83 30.668530387697434 1.2
vertex 83 30.792893218813433 1.2
vertex 63.70710678118654 30.792893218813433 1.2
endloop
endfacet
facet normal 0 0 1
outer loop
vertex 83 30.668530387697434 1.2
vertex 63.70710678118654 30.792893218813433 1.2
vertex 63.55557023301957 30.668530387697434 1.2
endloop
endfacet
facet normal 0 0 1
outer loop
vertex 62.29289321881348 30.792893218813433 1.2
vertex 62.1685303876974 30.944429766980473 1.2
vertex 7 30.944429766980473 1.2
endloop
endfacet
facet normal 0 0 1
outer loop
vertex 62.29289321881348 30.792893218813433 1.2
vertex 7 30.944429766980473 1.2
vertex 7 30.792893218813433 1.2
endloop
endfacet
facet normal 0 0 1
outer loop
vertex 83 30.792893218813433 1.2
vertex 83 30.944429766980473 1.2
vertex 63.83146961230262 30.944429766980473 1.2
endloop
endfacet
facet normal 0 0 1
outer loop
vertex 83 30.792893218813433 1.2
vertex 63.83146961230262 30.944429766980473 1.2
vertex 63.70710678118654 30.792893218813433 1.2
endloop
endfacet
facet normal 0 0 1
outer loop
vertex 62.1685303876974 30.944429766980473 1.2
vertex 62.076120467488714 31.117316567634894 1.2
vertex 7 31.117316567634894 1.2
endloop
endfacet
facet normal 0 0 1
outer loop
vertex 62.1685303876974 30.944429766980473 1.2
vertex 7 31.117316567634894 1.2
vertex 7 30.944429766980473 1.2
endloop
endfacet
facet normal 0 0 1
outer loop
vertex 83 30.944429766980473 1.2
vertex 83 31.117316567634894 1.2
vertex 63.92387953251126 31.117316567634894 1.2
endloop
endfacet
facet normal 0 0 1
outer loop
vertex 83 30.944429766980473 1.2
vertex 63.92387953251126 31.117316567634894 1.2
vertex 63.83146961230262 30.944429766980473 1.2
endloop
endfacet
facet normal 0 0 1
outer loop
vertex 62.076120467488714 31.117316567634894 1.2
vertex 62.01921471959677 31.304909677983865 1.2
vertex 7 31.304909677983865 1.2
endloop
endfacet
facet normal 0 0 1
outer loop
vertex 62.076120467488714 31.117316567634894 1.2
vertex 7 31.304909677983865 1.2
vertex 7 31.117316567634894 1.2
endloop
endfacet
facet normal 0 0 1
outer loop
vertex 83 31.117316567634894 1.2
vertex 83 31.304909677983865 1.2
vertex 63.98078528040324 31.304909677983865 1.2
endloop
endfacet
facet normal 0 0 1
outer loop
vertex 83 31.117316567634894 1.2
vertex 63.98078528040324 31.304909677983865 1.2
vertex 63.92387953251126 31.117316567634894 1.2
endloop
endfacet
facet normal 0 0 1
outer loop
vertex 62.01921471959677 31.304909677983865 1.2
vertex 62 31.500000000000007 1.2
vertex 7 31.500000000000007 1.2
endloop
endfacet
facet normal 0 0 1
outer loop
vertex 62.01921471959677 31.304909677983865 1.2
vertex 7 31.500000000000007 1.2
vertex 7 31.304909677983865 1.2
endloop
endfacet
facet normal 0 0 1
outer loop
vertex 83 31.304909677983865 1.2
vertex 83 31.500000000000007 1.2
vertex 64 31.500000000000007 1.2
endloop
endfacet
facet normal 0 0 1
outer loop
vertex 83 31.304909677983865 1.2
vertex 64 31.500000000000007 1.2
vertex 63.98078528040324 31.304909677983865 1.2
endloop
endfacet
facet normal 0 0 1
outer loop
vertex 62 31.500000000000007 1.2
vertex 62.019214719596775 31.69509032201619 1.2
vertex 7 31.69509032201619 1.2
endloop
endfacet
facet normal 0 0 1
outer loop
vertex 62 31.500000000000007 1.2
vertex 7 31.69509032201619 1.2
vertex 7 31.500000000000007 1.2
endloop
endfacet
facet normal 0 0 1
outer loop
vertex 83 31.500000000000007 1.2
vertex 83 31.69509032201619 1.2
vertex 63.980785280403225 31.69509032201619 1.2
endloop
endfacet
facet normal 0 0 1
outer loop
vertex 83 31.500000000000007 1.2
vertex 63.980785280403225 31.69509032201619 1.2
vertex 64 31.500000000000007 1.2
endloop
endfacet
facet normal 0 0 1
outer loop
vertex 62.019214719596775 31.69509032201619 1.2
vertex 62.07612046748872 31.882683432365027 1.2
vertex 7 31.882683432365027 1.2
endloop
endfacet
facet normal 0 0 1
outer loop
vertex 62.019214719596775 31.69509032201619 1.2
vertex 7 31.882683432365027 1.2
vertex 7 31.69509032201619 1.2
endloop
endfacet
facet normal 0 0 1
outer loop
vertex 83 31.69509032201619 1.2
vertex 83 31.882683432365027 1.2
vertex 63.923879532511314 31.882683432365027 1.2
endloop
endfacet
facet normal 0 0 1
outer loop
vertex 83 31.69509032201619 1.2
vertex 63.923879532511314 31.882683432365027 1.2
vertex 63.980785280403225 31.69509032201619 1.2
endloop
endfacet
facet normal 0 0 1
outer loop
vertex 62.07612046748872 31.882683432365027 1.2
vertex 62.16853038769744 32.05557023301963 1.2
vertex 7 32.05557023301963 1.2
endloop
endfacet
facet normal 0 0 1
outer loop
vertex 62.07612046748872 31.882683432365027 1.2
vertex 7 32.05557023301963 1.2
vertex 7 31.882683432365027 1.2
endloop
endfacet
facet normal 0 0 1
outer loop
vertex 83 31.882683432365027 1.2
vertex 83 32.05557023301963 1.2
vertex 63.83146961230253 32.05557023301963 1.2
endloop
endfacet
facet normal 0 0 1
outer loop
vertex 83 31.882683432365027 1.2
vertex 63.83146961230253 32.05557023301963 1.2
vertex 63.923879532511314 31.882683432365027 1.2
endloop
endfacet
facet normal 0 0 1
outer loop
vertex 62.16853038769744 32.05557023301963 1.2
vertex 62.292893218813475 32.20710678118657 1.2
vertex 7 32.20710678118657 1.2
endloop
endfacet
facet normal 0 0 1
outer loop
vertex 62.16853038769744 32.05557023301963 1.2
vertex 7 32.20710678118657 1.2
vertex 7 32.05557023301963 1.2
endloop
endfacet
facet normal 0 0 1
outer loop
vertex 83 32.05557023301963 1.2
vertex 83 32.20710678118657 1.2
vertex 63.707106781186525 32.20710678118657 1.2
endloop
endfacet
facet normal 0 0 1
outer loop
vertex 83 32.05557023301963 1.2
vertex 63.707106781186525 32.20710678118657 1.2
vertex 63.83146961230253 32.05557023301963 1.2
endloop
endfacet
facet normal 0 0 1
outer loop
vertex 62.292893218813475 32.20710678118657 1.2
vertex 62.44442976698039 32.33146961230255 1.2
vertex 7 32.33146961230255 1.2
endloop
endfacet
facet normal 0 0 1
outer loop
vertex 62.292893218813475 32.20710678118657 1.2
vertex 7 32.33146961230255 1.2
vertex 7 32.20710678118657 1.2
endloop
endfacet
facet normal 0 0 1
outer loop
vertex 83 32.20710678118657 1.2
vertex 83 32.33146961230255 1.2
vertex 63.55557023301964 32.33146961230255 1.2
endloop
endfacet
facet normal 0 0 1
outer loop
vertex 83 32.20710678118657 1.2
vertex 63.55557023301964 32.33146961230255 1.2
vertex 63.707106781186525 32.20710678118657 1.2
endloop
endfacet
facet normal 0 0 1
outer loop
vertex 62.44442976698039 32.33146961230255 1.2
vertex 62.617316567634916 32.423879532511286 1.2
vertex 7 32.423879532511286 1.2
endloop
endfacet
facet normal 0 0 1
outer loop
vertex 62.44442976698039 32.33146961230255 1.2
vertex 7 32.423879532511286 1.2
vertex 7 32.33146961230255 1.2
endloop
endfacet
facet normal 0 0 1
outer loop
vertex 83 32.33146961230255 1.2
vertex 83 32.423879532511286 1.2
vertex 63.38268343236507 32.423879532511286 1.2
endloop
endfacet
facet normal 0 0 1
outer loop
vertex 83 32.33146961230255 1.2
vertex 63.38268343236507 32.423879532511286 1.2
vertex 63.55557023301964 32.33146961230255 1.2
endloop
endfacet
facet normal 0 0 1
outer loop
vertex 62.617316567634916 32.423879532511286 1.2
vertex 62.804909677983886 32.48078528040323 1.2
vertex 7 32.48078528040323 1.2
endloop
endfacet
facet normal 0 0 1
outer loop
vertex 62.617316567634916 32.423879532511286 1.2
vertex 7 32.48078528040323 1.2
vertex 7 32.423879532511286 1.2
endloop
endfacet
facet normal 0 0 1
outer loop
vertex 83 32.423879532511286 1.2
vertex 83 32.48078528040323 1.2
vertex 63.19509032201613 32.48078528040323 1.2
endloop
endfacet
facet normal 0 0 1
outer loop
vertex 83 32.423879532511286 1.2
vertex 63.19509032201613 32.48078528040323 1.2
vertex 63.38268343236507 32.423879532511286 1.2
endloop
endfacet
facet normal 0 0 1
outer loop
vertex 62.804909677983886 32.48078528040323 1.2
vertex 62.999999999999986 32.5 1.2
vertex 7 32.5 1.2
endloop
endfacet
facet normal 0 0 1
outer loop
vertex 62.804909677983886 32.48078528040323 1.2
vertex 7 32.5 1.2
vertex 7 32.48078528040323 1.2
endloop
endfacet
facet normal 0 0 1
outer loop
vertex 83 32.48078528040323 1.2
vertex 83 32.5 1.2
vertex 62.999999999999986 32.5 1.2
endloop
endfacet
facet normal 0 0 1
outer loop
vertex 83 32.48078528040323 1.2
vertex 62.999999999999986 32.5 1.2
vertex 63.19509032201613 32.48078528040323 1.2
endloop
endfacet
facet normal 0 0 1
outer loop
vertex 62.999999999999986 32.5 1.2
vertex 83 32.5 1.2
vertex 83 33 1.2
endloop
endfacet
facet normal 0 0 1
outer loop
vertex 62.999999999999986 32.5 1.2
vertex 83 33 1.2
vertex 78.00000000000003 33 1.2
endloop
endfacet
facet normal 0 0 1
outer loop
vertex 62.999999999999986 32.5 1.2
vertex 78.00000000000003 33 1.2
vertex 65.99999999999997 33 1.2
endloop
endfacet
facet normal 0 0 1
outer loop
vertex 62.999999999999986 32.5 1.2
vertex 65.99999999999997 33 1.2
vertex 60.00000000000003 33 1.2
endloop
endfacet
facet normal 0 0 1
outer loop
vertex 62.999999999999986 32.5 1.2
vertex 60.00000000000003 33 1.2
vertex 47.999999999999964 33 1.2
endloop
endfacet
facet normal 0 0 1
outer loop
vertex 62.999999999999986 32.5 1.2
vertex 47.999999999999964 33 1.2
vertex 42.00000000000003 33 1.2
endloop
endfacet
facet normal 0 0 1
outer loop
vertex 62.999999999999986 32.5 1.2
vertex 42.00000000000003 33 1.2
vertex 30.000000000000007 33 1.2
endloop
endfacet
facet normal 0 0 1
outer loop
vertex 62.999999999999986 32.5 1.2
vertex 30.000000000000007 33 1.2
vertex 23.999999999999968 33 1.2
endloop
endfacet
facet normal 0 0 1
outer loop
vertex 62.999999999999986 32.5 1.2
vertex 23.999999999999968 33 1.2
vertex 12.000000000000007 33 1.2
endloop
endfacet
facet normal 0 0 1
outer loop
vertex 62.999999999999986 32.5 1.2
vertex 12.000000000000007 33 1.2
vertex 7 33 1.2
endloop
endfacet
facet normal 0 0 1
outer loop
vertex 62.999999999999986 32.5 1.2
vertex 7 33 1.2
vertex 7 32.5 1.2
endloop
endfacet
facet normal 0 0 1
outer loop
vertex 12.000000000000007 33 1.2
vertex 11.826351822333066 33.01519224698779 1.2
vertex 7 33.01519224698779 1.2
endloop
endfacet
facet normal 0 0 1
outer loop
vertex 12.000000000000007 33 1.2
vertex 7 33.01519224698779 1.2
vertex 7 33 1.2
endloop
endfacet
facet normal 0 0 1
outer loop
vertex 30.000000000000007 33 1.2
vertex 29.826351822333052 33.01519224698779 1.2
vertex 24.173648177666838 33.01519224698779 1.2
endloop
endfacet
facet normal 0 0 1
outer loop
vertex 30.000000000000007 33 1.2
vertex 24.173648177666838 33.01519224698779 1.2
vertex 23.999999999999968 33 1.2
endloop
endfacet
facet normal 0 0 1
outer loop
vertex 47.999999999999964 33 1.2
vertex 47.82635182233306 33.01519224698779 1.2
vertex 42.173648177666884 33.01519224698779 1.2
endloop
endfacet
facet normal 0 0 1
outer loop
vertex 47.999999999999964 33 1.2
vertex 42.173648177666884 33.01519224698779 1.2
vertex 42.00000000000003 33 1.2
endloop
endfacet
facet normal 0 0 1
outer loop
vertex 65.99999999999997 33 1.2
vertex 65.82635182233308 33.01519224698779 1.2
vertex 60.173648177666884 33.01519224698779 1.2
endloop
endfacet
facet normal 0 0 1
outer loop
vertex 65.99999999999997 33 1.2
vertex 60.173648177666884 33.01519224698779 1.2
vertex 60.00000000000003 33 1.2
endloop
endfacet
facet normal 0 0 1
outer loop
vertex 83 33 1.2
vertex 83 33.01519224698779 1.2
vertex 78.17364817766689 33.01519224698779 1.2
endloop
endfacet
facet normal 0 0 1
outer loop
vertex 83 33 1.2
vertex 78.17364817766689 33.01519224698779 1.2
vertex 78.00000000000003 33 1.2
endloop
endfacet
facet normal 0 0 1
outer loop
vertex 11.826351822333066 33.01519224698779 1.2
vertex 11.657979856674373 33.060307379214095 1.2
vertex 7 33.060307379214095 1.2
endloop
endfacet
facet normal 0 0 1
outer loop
vertex 11.826351822333066 33.01519224698779 1.2
vertex 7 33.060307379214095 1.2
vertex 7 33.01519224698779 1.2
endloop
endfacet
facet normal 0 0 1
outer loop
vertex 29.826351822333052 33.01519224698779 1.2
vertex 29.657979856674363 33.060307379214095 1.2
vertex 24.342020143325716 33.060307379214095 1.2
endloop
endfacet
facet normal 0 0 1
outer loop
vertex 29.826351822333052 33.01519224698779 1.2
vertex 24.342020143325716 33.060307379214095 1.2
vertex 24.173648177666838 33.01519224698779 1.2
endloop
endfacet
facet normal 0 0 1
outer loop
vertex 47.82635182233306 33.01519224698779 1.2
vertex 47.65797985667435 33.060307379214095 1.2
vertex 42.34202014332567 33.060307379214095 1.2
endloop
endfacet
facet normal 0 0 1
outer loop
vertex 47.82635182233306 33.01519224698779 1.2
vertex 42.34202014332567 33.060307379214095 1.2
vertex 42.173648177666884 33.01519224698779 1.2
endloop
endfacet
facet normal 0 0 1
outer loop
vertex 65.82635182233308 33.01519224698779 1.2
vertex 65.65797985667436 33.060307379214095 1.2
vertex 60.342020143325676 33.060307379214095 1.2
endloop
endfacet
facet normal 0 0 1
outer loop
vertex 65.82635182233308 33.01519224698779 1.2
vertex 60.342020143325676 33.060307379214095 1.2
vertex 60.173648177666884 33.01519224698779 1.2
endloop
endfacet
facet normal 0 0 1
outer loop
vertex 83 33.01519224698779 1.2
vertex 83 33.060307379214095 1.2
vertex 78.34202014332567 33.060307379214095 1.2
endloop
endfacet
facet normal 0 0 1
outer loop
vertex 83 33.01519224698779 1.2
vertex 78.34202014332567 33.060307379214095 1.2
vertex 78.17364817766689 33.01519224698779 1.2
endloop
endfacet
facet normal 0 0 1
outer loop
vertex 11.657979856674373 33.060307379214095 1.2
vertex 11.499999999999972 33.13397459621556 1.2
vertex 7 33.13397459621556 1.2
endloop
endfacet
facet normal 0 0 1
outer loop
vertex 11.657979856674373 33.060307379214095 1.2
vertex 7 33.13397459621556 1.2
vertex 7 33.060307379214095 1.2
endloop
endfacet
facet normal 0 0 1
outer loop
vertex 29.657979856674363 33.060307379214095 1.2
vertex 29.500000000000004 33.13397459621556 1.2
vertex 24.5 33.13397459621556 1.2
endloop
endfacet
facet normal 0 0 1
outer loop
vertex 29.657979856674363 33.060307379214095 1.2
vertex 24.5 33.13397459621556 1.2
vertex 24.342020143325716 33.060307379214095 1.2
endloop
endfacet
facet normal 0 0 1
outer loop
vertex 47.65797985667435 33.060307379214095 1.2
vertex 47.499999999999986 33.13397459621556 1.2
vertex 42.5 33.13397459621556 1.2
endloop
endfacet
facet normal 0 0 1
outer loop
vertex 47.65797985667435 33.060307379214095 1.2
vertex 42.5 33.13397459621556 1.2
vertex 42.34202014332567 33.060307379214095 1.2
endloop
endfacet
facet normal 0 0 1
outer loop
vertex 65.65797985667436 33.060307379214095 1.2
vertex 65.49999999999999 33.13397459621556 1.2
vertex 60.500000000000014 33.13397459621556 1.2
endloop
endfacet
facet normal 0 0 1
outer loop
vertex 65.65797985667436 33.060307379214095 1.2
vertex 60.500000000000014 33.13397459621556 1.2
vertex 60.342020143325676 33.060307379214095 1.2
endloop
endfacet
facet normal 0 0 1
outer loop
vertex 83 33.060307379214095 1.2
vertex 83 33.13397459621556 1.2
vertex 78.49999999999999 33.13397459621556 1.2
endloop
endfacet
facet normal 0 0 1
outer loop
vertex 83 33.060307379214095 1.2
vertex 78.49999999999999 33.13397459621556 1.2
vertex 78.34202014332567 33.060307379214095 1.2
endloop
endfacet
facet normal 0 0 1
outer loop
vertex 11.499999999999972 33.13397459621556 1.2
vertex 11.35721239031345 33.233955556881014 1.2
vertex 7 33.233955556881014 1.2
endloop
endfacet
facet normal 0 0 1
outer loop
vertex 11.499999999999972 33.13397459621556 1.2
vertex 7 33.233955556881014 1.2
vertex 7 33.13397459621556 1.2
endloop
endfacet
facet normal 0 0 1
outer loop
vertex 29.500000000000004 33.13397459621556 1.2
vertex 29.35721239031345 33.233955556881014 1.2
vertex 24.64278760968654 33.233955556881014 1.2
endloop
endfacet
facet normal 0 0 1
outer loop
vertex 29.500000000000004 33.13397459621556 1.2
vertex 24.64278760968654 33.233955556881014 1.2
vertex 24.5 33.13397459621556 1.2
endloop
endfacet
facet normal 0 0 1
outer loop
vertex 47.499999999999986 33.13397459621556 1.2
vertex 47.357212390313435 33.233955556881014 1.2
vertex 42.642787609686536 33.233955556881014 1.2
endloop
endfacet
facet normal 0 0 1
outer loop
vertex 47.499999999999986 33.13397459621556 1.2
vertex 42.642787609686536 33.233955556881014 1.2
vertex 42.5 33.13397459621556 1.2
endloop
endfacet
facet normal 0 0 1
outer loop
vertex 65.49999999999999 33.13397459621556 1.2
vertex 65.35721239031346 33.233955556881014 1.2
vertex 60.64278760968652 33.233955556881014 1.2
endloop
endfacet
facet normal 0 0 1
outer loop
vertex 65.49999999999999 33.13397459621556 1.2
vertex 60.64278760968652 33.233955556881014 1.2
vertex 60.500000000000014 33.13397459621556 1.2
endloop
endfacet
facet normal 0 0 1
outer loop
vertex 83 33.13397459621556 1.2
vertex 83 33.233955556881014 1.2
vertex 78.64278760968651 33.233955556881014 1.2
endloop
endfacet
facet normal 0 0 1
outer loop
vertex 83 33.13397459621556 1.2
vertex 78.64278760968651 33.233955556881014 1.2
vertex 78.49999999999999 33.13397459621556 1.2
endloop
endfacet
facet normal 0 0 1
outer loop
vertex 11.35721239031345 33.233955556881014 1.2
vertex 11.233955556881028 33.35721239031348 1.2
vertex 7 33.35721239031348 1.2
endloop
endfacet
facet normal 0 0 1
outer loop
vertex 11.35721239031345 33.233955556881014 1.2
vertex 7 33.35721239031348 1.2
vertex 7 33.233955556881014 1.2
endloop
endfacet
facet normal 0 0 1
outer loop
vertex 29.35721239031345 33.233955556881014 1.2
vertex 29.233955556881007 33.35721239031348 1.2
vertex 24.766044443118982 33.35721239031348 1.2
endloop
endfacet
facet normal 0 0 1
outer loop
vertex 29.35721239031345 33.233955556881014 1.2
vertex 24.766044443118982 33.35721239031348 1.2
vertex 24.64278760968654 33.233955556881014 1.2
endloop
endfacet
facet normal 0 0 1
outer loop
vertex 47.357212390313435 33.233955556881014 1.2
vertex 47.233955556881035 33.35721239031348 1.2
vertex 42.76604444311899 33.35721239031348 1.2
endloop
endfacet
facet normal 0 0 1
outer loop
vertex 47.357212390313435 33.233955556881014 1.2
vertex 42.76604444311899 33.35721239031348 1.2
vertex 42.642787609686536 33.233955556881014 1.2
endloop
endfacet
facet normal 0 0 1
outer loop
vertex 65.35721239031346 33.233955556881014 1.2
vertex 65.233955556881 33.35721239031348 1.2
vertex 60.76604444311901 33.35721239031348 1.2
endloop
endfacet
facet normal 0 0 1
outer loop
vertex 65.35721239031346 33.233955556881014 1.2
vertex 60.76604444311901 33.35721239031348 1.2
vertex 60.64278760968652 33.233955556881014 1.2
endloop
endfacet
facet normal 0 0 1
outer loop
vertex 83 33.233955556881014 1.2
vertex 83 33.35721239031348 1.2
vertex 78.76604444311901 33.35721239031348 1.2
endloop
endfacet
facet normal 0 0 1
outer loop
vertex 83 33.233955556881014 1.2
vertex 78.76604444311901 33.35721239031348 1.2
vertex 78.64278760968651 33.233955556881014 1.2
endloop
endfacet
facet normal 0 0 1
outer loop
vertex 11.233955556881028 33.35721239031348 1.2
vertex 11.133974596215559 33.499999999999986 1.2
vertex 7 33.499999999999986 1.2
endloop
endfacet
facet normal 0 0 1
outer loop
vertex 11.233955556881028 33.35721239031348 1.2
vertex 7 33.499999999999986 1.2
vertex 7 33.35721239031348 1.2
endloop
endfacet
facet normal 0 0 1
outer loop
vertex 29.233955556881007 33.35721239031348 1.2
vertex 29.13397459621557 33.499999999999986 1.2
vertex 24.86602540378443 33.499999999999986 1.2
endloop
endfacet
facet normal 0 0 1
outer loop
vertex 29.233955556881007 33.35721239031348 1.2
vertex 24.86602540378443 33.499999999999986 1.2
vertex 24.766044443118982 33.35721239031348 1.2
endloop
endfacet
facet normal 0 0 1
outer loop
vertex 47.233955556881035 33.35721239031348 1.2
vertex 47.13397459621559 33.499999999999986 1.2
vertex 42.86602540378442 33.499999999999986 1.2
endloop
endfacet
facet normal 0 0 1
outer loop
vertex 47.233955556881035 33.35721239031348 1.2
vertex 42.86602540378442 33.499999999999986 1.2
vertex 42.76604444311899 33.35721239031348 1.2
endloop
endfacet
facet normal 0 0 1
outer loop
vertex 65.233955556881 33.35721239031348 1.2
vertex 65.13397459621562 33.499999999999986 1.2
vertex 60.86602540378442 33.499999999999986 1.2
endloop
endfacet
facet normal 0 0 1
outer loop
vertex 65.233955556881 33.35721239031348 1.2
vertex 60.86602540378442 33.499999999999986 1.2
vertex 60.76604444311901 33.35721239031348 1.2
endloop
endfacet
facet normal 0 0 1
outer loop
vertex 83 33.35721239031348 1.2
vertex 83 33.499999999999986 1.2
vertex 78.8660254037844 33.499999999999986 1.2
endloop
endfacet
facet normal 0 0 1
outer loop
vertex 83 33.35721239031348 1.2
vertex 78.8660254037844 33.499999999999986 1.2
vertex 78.76604444311901 33.35721239031348 1.2
endloop
endfacet
facet normal 0 0 1
outer loop
vertex 11.133974596215559 33.499999999999986 1.2
vertex 11.060307379214095 33.657979856674324 1.2
vertex 7 33.657979856674324 1.2
endloop
endfacet
facet normal 0 0 1
outer loop
vertex 11.133974596215559 33.499999999999986 1.2
vertex 7 33.657979856674324 1.2
vertex 7 33.499999999999986 1.2
endloop
endfacet
facet normal 0 0 1
outer loop
vertex 29.13397459621557 33.499999999999986 1.2
vertex 29.06030737921409 33.657979856674324 1.2
vertex 24.939692620785895 33.657979856674324 1.2
endloop
endfacet
facet normal 0 0 1
outer loop
vertex 29.13397459621557 33.499999999999986 1.2
vertex 24.939692620785895 33.657979856674324 1.2
vertex 24.86602540378443 33.499999999999986 1.2
endloop
endfacet
facet normal 0 0 1
outer loop
vertex 47.13397459621559 33.499999999999986 1.2
vertex 47.0603073792141 33.657979856674324 1.2
vertex 42.9396926207859 33.657979856674324 1.2
endloop
endfacet
facet normal 0 0 1
outer loop
vertex 47.13397459621559 33.499999999999986 1.2
vertex 42.9396926207859 33.657979856674324 1.2
vertex 42.86602540378442 33.499999999999986 1.2
endloop
endfacet
facet normal 0 0 1
outer loop
vertex 65.13397459621562 33.499999999999986 1.2
vertex 65.06030737921411 33.657979856674324 1.2
vertex 60.9396926207859 33.657979856674324 1.2
endloop
endfacet
facet normal 0 0 1
outer loop
vertex 65.13397459621562 33.499999999999986 1.2
vertex 60.9396926207859 33.657979856674324 1.2
vertex 60.86602540378442 33.499999999999986 1.2
endloop
endfacet
facet normal 0 0 1
outer loop
vertex 83 33.499999999999986 1.2
vertex 83 33.657979856674324 1.2
vertex 78.93969262078589 33.657979856674324 1.2
endloop
endfacet
facet normal 0 0 1
outer loop
vertex 83 33.499999999999986 1.2
vertex 78.93969262078589 33.657979856674324 1.2
vertex 78.8660254037844 33.499999999999986 1.2
endloop
endfacet
facet normal 0 0 1
outer loop
vertex 11.060307379214095 33.657979856674324 1.2
vertex 11.015192246987795 33.82635182233306 1.2
vertex 7 33.82635182233306 1.2
endloop
endfacet
facet normal 0 0 1
outer loop
vertex 11.060307379214095 33.657979856674324 1.2
vertex 7 33.82635182233306 1.2
vertex 7 33.657979856674324 1.2
endloop
endfacet
facet normal 0 0 1
outer loop
vertex 29.06030737921409 33.657979856674324 1.2
vertex 29.015192246987795 33.82635182233306 1.2
vertex 24.984807753012202 33.82635182233306 1.2
endloop
endfacet
facet normal 0 0 1
outer loop
vertex 29.06030737921409 33.657979856674324 1.2
vertex 24.984807753012202 33.82635182233306 1.2
vertex 24.939692620785895 33.657979856674324 1.2
endloop
endfacet
facet normal 0 0 1
outer loop
vertex 47.0603073792141 33.657979856674324 1.2
vertex 47.01519224698778 33.82635182233306 1.2
vertex 42.9848077530122 33.82635182233306 1.2
endloop
endfacet
facet normal 0 0 1
outer loop
vertex 47.0603073792141 33.657979856674324 1.2
vertex 42.9848077530122 33.82635182233306 1.2
vertex 42.9396926207859 33.657979856674324 1.2
endloop
endfacet
facet normal 0 0 1
outer loop
vertex 65.06030737921411 33.657979856674324 1.2
vertex 65.01519224698781 33.82635182233306 1.2
vertex 60.9848077530122 33.82635182233306 1.2
endloop
endfacet
facet normal 0 0 1
outer loop
vertex 65.06030737921411 33.657979856674324 1.2
vertex 60.9848077530122 33.82635182233306 1.2
vertex 60.9396926207859 33.657979856674324 1.2
endloop
endfacet
facet normal 0 0 1
outer loop
vertex 83 33.657979856674324 1.2
vertex 83 33.82635182233306 1.2
vertex 78.98480775301219 33.82635182233306 1.2
endloop
endfacet
facet normal 0 0 1
outer loop
vertex 83 33.657979856674324 1.2
vertex 78.98480775301219 33.82635182233306 1.2
vertex 78.93969262078589 33.657979856674324 1.2
endloop
endfacet
facet normal 0 0 1
outer loop
vertex 11.015192246987795 33.82635182233306 1.2
vertex 11 34 1.2
vertex 7 34 1.2
endloop
endfacet
facet normal 0 0 1
outer loop
vertex 11.015192246987795 33.82635182233306 1.2
vertex 7 34 1.2
vertex 7 33.82635182233306 1.2
endloop
endfacet
facet normal 0 0 1
outer loop
vertex 29.015192246987795 33.82635182233306 1.2
vertex 29 34 1.2
vertex 25 34 1.2
endloop
endfacet
facet normal 0 0 1
outer loop
vertex 29.015192246987795 33.82635182233306 1.2
vertex 25 34 1.2
vertex 24.984807753012202 33.82635182233306 1.2
endloop
endfacet
facet normal 0 0 1
outer loop
vertex 47.01519224698778 33.82635182233306 1.2
vertex 47 34 1.2
vertex 43 34 1.2
endloop
endfacet
facet normal 0 0 1
outer loop
vertex 47.01519224698778 33.82635182233306 1.2
vertex 43 34 1.2
vertex 42.9848077530122 33.82635182233306 1.2
endloop
endfacet
facet normal 0 0 1
outer loop
vertex 65.01519224698781 33.82635182233306 1.2
vertex 65 34 1.2
vertex 61 34 1.2
endloop
endfacet
facet normal 0 0 1
outer loop
vertex 65.01519224698781 33.82635182233306 1.2
vertex 61 34 1.2
vertex 60.9848077530122 33.82635182233306 1.2
endloop
endfacet
facet normal 0 0 1
outer loop
vertex 83 33.82635182233306 1.2
vertex 83 34 1.2
vertex 79 34 1.2
endloop
endfacet
facet normal 0 0 1
outer loop
vertex 83 33.82635182233306 1.2
vertex 79 34 1.2
vertex 78.98480775301219 33.82635182233306 1.2
endloop
endfacet
facet normal 0 0 1
outer loop
vertex 83 34 1.2
vertex 83 38.99999999999999 1.2
vertex 79 38.99999999999999 1.2
endloop
endfacet
facet normal 0 0 1
outer loop
vertex 83 34 1.2
vertex 79 38.99999999999999 1.2
vertex 79 34 1.2
endloop
endfacet
facet normal 0 0 1
outer loop
vertex -7 28.000000000000004 1.2
vertex -7 39.99999999999999 1.2
vertex -12.5 39.99999999999999 1.2
endloop
endfacet
facet normal 0 0 1
outer loop
vertex -7 28.000000000000004 1.2
vertex -12.5 39.99999999999999 1.2
vertex -12.5 28.000000000000004 1.2
endloop
endfacet
facet normal 0 0 1
outer loop
vertex 11 34 1.2
vertex 11 39.99999999999999 1.2
vertex 7 39.99999999999999 1.2
endloop
endfacet
facet normal 0 0 1
outer loop
vertex 11 34 1.2
vertex 7 39.99999999999999 1.2
vertex 7 34 1.2
endloop
endfacet
facet normal 0 0 1
outer loop
vertex -7 39.99999999999999 1.2
vertex -6.9848077530122055 40.17364817766693 1.2
vertex -12.5 40.17364817766693 1.2
endloop
endfacet
facet normal 0 0 1
outer loop
vertex -7 39.99999999999999 1.2
vertex -12.5 40.17364817766693 1.2
vertex -12.5 39.99999999999999 1.2
endloop
endfacet
facet normal 0 0 1
outer loop
vertex 11 39.99999999999999 1.2
vertex 11 40.17364817766693 1.2
vertex 6.984807753012208 40.17364817766693 1.2
endloop
endfacet
facet normal 0 0 1
outer loop
vertex 11 39.99999999999999 1.2
vertex 6.984807753012208 40.17364817766693 1.2
vertex 7 39.99999999999999 1.2
endloop
endfacet
facet normal 0 0 1
outer loop
vertex -6.9848077530122055 40.17364817766693 1.2
vertex -6.939692620785912 40.34202014332566 1.2
vertex -12.5 40.34202014332566 1.2
endloop
endfacet
facet normal 0 0 1
outer loop
vertex -6.9848077530122055 40.17364817766693 1.2
vertex -12.5 40.34202014332566 1.2
vertex -12.5 40.17364817766693 1.2
endloop
endfacet
facet normal 0 0 1
outer loop
vertex 11 40.17364817766693 1.2
vertex 11 40.34202014332566 1.2
vertex 6.939692620785906 40.34202014332566 1.2
endloop
endfacet
facet normal 0 0 1
outer loop
vertex 11 40.17364817766693 1.2
vertex 6.939692620785906 40.34202014332566 1.2
vertex 6.984807753012208 40.17364817766693 1.2
endloop
endfacet
facet normal 0 0 1
outer loop
vertex -6.939692620785912 40.34202014332566 1.2
vertex -6.866025403784434 40.500000000000014 1.2
vertex -12.5 40.500000000000014 1.2
endloop
endfacet
facet normal 0 0 1
outer loop
vertex -6.939692620785912 40.34202014332566 1.2
vertex -12.5 40.500000000000014 1.2
vertex -12.5 40.34202014332566 1.2
endloop
endfacet
facet normal 0 0 1
outer loop
vertex 11 40.34202014332566 1.2
vertex 11 40.500000000000014 1.2
vertex 6.866025403784425 40.500000000000014 1.2
endloop
endfacet
facet normal 0 0 1
outer loop
vertex 11 40.34202014332566 1.2
vertex 6.866025403784425 40.500000000000014 1.2
vertex 6.939692620785906 40.34202014332566 1.2
endloop
endfacet
facet normal 0 0 1
outer loop
vertex -6.866025403784434 40.500000000000014 1.2
vertex -6.766044443118979 40.64278760968655 1.2
vertex -12.5 40.64278760968655 1.2
endloop
endfacet
facet normal 0 0 1
outer loop
vertex -6.866025403784434 40.500000000000014 1.2
vertex -12.5 40.64278760968655 1.2
vertex -12.5 40.500000000000014 1.2
endloop
endfacet
facet normal 0 0 1
outer loop
vertex 11 40.500000000000014 1.2
vertex 11 40.64278760968655 1.2
vertex 6.766044443118966 40.64278760968655 1.2
endloop
endfacet
facet normal 0 0 1
outer loop
vertex 11 40.500000000000014 1.2
vertex 6.766044443118966 40.64278760968655 1.2
vertex 6.866025403784425 40.500000000000014 1.2
endloop
endfacet
facet normal 0 0 1
outer loop
vertex -6.766044443118979 40.64278760968655 1.2
vertex -6.642787609686565 40.76604444311897 1.2
vertex -12.5 40.76604444311897 1.2
endloop
endfacet
facet normal 0 0 1
outer loop
vertex -6.766044443118979 40.64278760968655 1.2
vertex -12.5 40.76604444311897 1.2
vertex -12.5 40.64278760968655 1.2
endloop
endfacet
facet normal 0 0 1
outer loop
vertex 11 40.64278760968655 1.2
vertex 11 40.76604444311897 1.2
vertex 6.642787609686555 40.76604444311897 1.2
endloop
endfacet
facet normal 0 0 1
outer loop
vertex 11 40.64278760968655 1.2
vertex 6.642787609686555 40.76604444311897 1.2
vertex 6.766044443118966 40.64278760968655 1.2
endloop
endfacet
facet normal 0 0 1
outer loop
vertex -6.642787609686565 40.76604444311897 1.2
vertex -6.500000000000014 40.866025403784455 1.2
vertex -12.5 40.866025403784455 1.2
endloop
endfacet
facet normal 0 0 1
outer loop
vertex -6.642787609686565 40.76604444311897 1.2
vertex -12.5 40.866025403784455 1.2
vertex -12.5 40.76604444311897 1.2
endloop
endfacet
facet normal 0 0 1
outer loop
vertex 11 40.76604444311897 1.2
vertex 11 40.866025403784455 1.2
vertex 6.499999999999987 40.866025403784455 1.2
endloop
endfacet
facet normal 0 0 1
outer loop
vertex 11 40.76604444311897 1.2
vertex 6.499999999999987 40.866025403784455 1.2
vertex 6.642787609686555 40.76604444311897 1.2
endloop
endfacet
facet normal 0 0 1
outer loop
vertex -6.500000000000014 40.866025403784455 1.2
vertex -6.342020143325655 40.93969262078587 1.2
vertex -12.5 40.93969262078587 1.2
endloop
endfacet
facet normal 0 0 1
outer loop
vertex -6.500000000000014 40.866025403784455 1.2
vertex -12.5 40.93969262078587 1.2
vertex -12.5 40.866025403784455 1.2
endloop
endfacet
facet normal 0 0 1
outer loop
vertex 11 40.866025403784455 1.2
vertex 11 40.93969262078587 1.2
vertex 6.342020143325761 40.93969262078587 1.2
endloop
endfacet
facet normal 0 0 1
outer loop
vertex 11 40.866025403784455 1.2
vertex 6.342020143325761 40.93969262078587 1.2
vertex 6.499999999999987 40.866025403784455 1.2
endloop
endfacet
facet normal 0 0 1
outer loop
vertex -6.342020143325655 40.93969262078587 1.2
vertex -6.173648177666919 40.98480775301221 1.2
vertex -12.5 40.98480775301221 1.2
endloop
endfacet
facet normal 0 0 1
outer loop
vertex -6.342020143325655 40.93969262078587 1.2
vertex -12.5 40.98480775301221 1.2
vertex -12.5 40.93969262078587 1.2
endloop
endfacet
facet normal 0 0 1
outer loop
vertex 11 40.93969262078587 1.2
vertex 11 40.98480775301221 1.2
vertex 6.173648177666864 40.98480775301221 1.2
endloop
endfacet
facet normal 0 0 1
outer loop
vertex 11 40.93969262078587 1.2
vertex 6.173648177666864 40.98480775301221 1.2
vertex 6.342020143325761 40.93969262078587 1.2
endloop
endfacet
facet normal 0 0 1
outer loop
vertex -6.173648177666919 40.98480775301221 1.2
vertex -6.00000000000005 41 1.2
vertex -12.5 41 1.2
endloop
endfacet
facet normal 0 0 1
outer loop
vertex -6.173648177666919 40.98480775301221 1.2
vertex -12.5 41 1.2
vertex -12.5 40.98480775301221 1.2
endloop
endfacet
facet normal 0 0 1
outer loop
vertex 11 40.98480775301221 1.2
vertex 11 41 1.2
vertex 6.00000000000002 41 1.2
endloop
endfacet
facet normal 0 0 1
outer loop
vertex 11 40.98480775301221 1.2
vertex 6.00000000000002 41 1.2
vertex 6.173648177666864 40.98480775301221 1.2
endloop
endfacet
facet normal 0 0 1
outer loop
vertex -6.00000000000005 41 1.2
vertex 6.00000000000002 41 1.2
vertex 11 41 1.2
endloop
endfacet
facet normal 0 0 1
outer loop
vertex -6.00000000000005 41 1.2
vertex 11 41 1.2
vertex 11 44.50000000000001 1.2
endloop
endfacet
facet normal 0 0 1
outer loop
vertex -6.00000000000005 41 1.2
vertex 11 44.50000000000001 1.2
vertex 5.999999999999951 44.50000000000001 1.2
endloop
endfacet
facet normal 0 0 1
outer loop
vertex -6.00000000000005 41 1.2
vertex 5.999999999999951 44.50000000000001 1.2
vertex -12.482728293476843 44.50000000000001 1.2
endloop
endfacet
facet normal 0 0 1
outer loop
vertex -6.00000000000005 41 1.2
vertex -12.482728293476843 44.50000000000001 1.2
vertex -12.5 44.279240799999975 1.2
endloop
endfacet
facet normal 0 0 1
outer loop
vertex -6.00000000000005 41 1.2
vertex -12.5 44.279240799999975 1.2
vertex -12.5 41 1.2
endloop
endfacet
facet normal 0 0 1
outer loop
vertex 5.999999999999951 44.50000000000001 1.2
vertex 5.804909677983872 44.51921471959678 1.2
vertex -12.481224976750743 44.51921471959678 1.2
endloop
endfacet
facet normal 0 0 1
outer loop
vertex 5.999999999999951 44.50000000000001 1.2
vertex -12.481224976750743 44.51921471959678 1.2
vertex -12.482728293476843 44.50000000000001 1.2
endloop
endfacet
facet normal 0 0 1
outer loop
vertex 11 44.50000000000001 1.2
vertex 11 44.51921471959678 1.2
vertex 6.1950903220162 44.51921471959678 1.2
endloop
endfacet
facet normal 0 0 1
outer loop
vertex 11 44.50000000000001 1.2
vertex 6.1950903220162 44.51921471959678 1.2
vertex 5.999999999999951 44.50000000000001 1.2
endloop
endfacet
facet normal 0 0 1
outer loop
vertex 5.804909677983872 44.51921471959678 1.2
vertex 5.61731656763493 44.57612046748871 1.2
vertex -12.476772798191163 44.57612046748871 1.2
endloop
endfacet
facet normal 0 0 1
outer loop
vertex 5.804909677983872 44.51921471959678 1.2
vertex -12.476772798191163 44.57612046748871 1.2
vertex -12.481224976750743 44.51921471959678 1.2
endloop
endfacet
facet normal 0 0 1
outer loop
vertex 11 44.51921471959678 1.2
vertex 11 44.57612046748871 1.2
vertex 6.382683432365071 44.57612046748871 1.2
endloop
endfacet
facet normal 0 0 1
outer loop
vertex 11 44.51921471959678 1.2
vertex 6.382683432365071 44.57612046748871 1.2
vertex 6.1950903220162 44.51921471959678 1.2
endloop
endfacet
facet normal 0 0 1
outer loop
vertex 5.61731656763493 44.57612046748871 1.2
vertex 5.444429766980406 44.668530387697444 1.2
vertex -12.469455614935532 44.668530387697444 1.2
endloop
endfacet
facet normal 0 0 1
outer loop
vertex 5.61731656763493 44.57612046748871 1.2
vertex -12.469455614935532 44.668530387697444 1.2
vertex -12.469585420869464 44.667986298204944 1.2
endloop
endfacet
facet normal 0 0 1
outer loop
vertex 5.61731656763493 44.57612046748871 1.2
vertex -12.469585420869464 44.667986298204944 1.2
vertex -12.476772798191163 44.57612046748871 1.2
endloop
endfacet
facet normal 0 0 1
outer loop
vertex 11 44.57612046748871 1.2
vertex 11 44.668530387697444 1.2
vertex 6.555570233019589 44.668530387697444 1.2
endloop
endfacet
facet normal 0 0 1
outer loop
vertex 11 44.57612046748871 1.2
vertex 6.555570233019589 44.668530387697444 1.2
vertex 6.382683432365071 44.57612046748871 1.2
endloop
endfacet
facet normal 0 0 1
outer loop
vertex 5.444429766980406 44.668530387697444 1.2
vertex 5.292893218813447 44.792893218813454 1.2
vertex -12.439785802042731 44.792893218813454 1.2
endloop
endfacet
facet normal 0 0 1
outer loop
vertex 5.444429766980406 44.668530387697444 1.2
vertex -12.439785802042731 44.792893218813454 1.2
vertex -12.469455614935532 44.668530387697444 1.2
endloop
endfacet
facet normal 0 0 1
outer loop
vertex 11 44.668530387697444 1.2
vertex 11 44.792893218813454 1.2
vertex 6.707106781186549 44.792893218813454 1.2
endloop
endfacet
facet normal 0 0 1
outer loop
vertex 11 44.668530387697444 1.2
vertex 6.707106781186549 44.792893218813454 1.2
vertex 6.555570233019589 44.668530387697444 1.2
endloop
endfacet
facet normal 0 0 1
outer loop
vertex 5.292893218813447 44.792893218813454 1.2
vertex 5.168530387697466 44.9444297669804 1.2
vertex -12.403633030429322 44.9444297669804 1.2
endloop
endfacet
facet normal 0 0 1
outer loop
vertex 5.292893218813447 44.792893218813454 1.2
vertex -12.403633030429322 44.9444297669804 1.2
vertex -12.439785802042731 44.792893218813454 1.2
endloop
endfacet
facet normal 0 0 1
outer loop
vertex 11 44.792893218813454 1.2
vertex 11 44.9444297669804 1.2
vertex 6.831469612302548 44.9444297669804 1.2
endloop
endfacet
facet normal 0 0 1
outer loop
vertex 11 44.792893218813454 1.2
vertex 6.831469612302548 44.9444297669804 1.2
vertex 6.707106781186549 44.792893218813454 1.2
endloop
endfacet
facet normal 0 0 1
outer loop
vertex 5.168530387697466 44.9444297669804 1.2
vertex 5.076120467488721 45.117316567634894 1.2
vertex -12.35027824819528 45.117316567634894 1.2
endloop
endfacet
facet normal 0 0 1
outer loop
vertex 5.168530387697466 44.9444297669804 1.2
vertex -12.35027824819528 45.117316567634894 1.2
vertex -12.379097926522356 45.04727015207553 1.2
endloop
endfacet
facet normal 0 0 1
outer loop
vertex 5.168530387697466 44.9444297669804 1.2
vertex -12.379097926522356 45.04727015207553 1.2
vertex -12.403633030429322 44.9444297669804 1.2
endloop
endfacet
facet normal 0 0 1
outer loop
vertex 11 44.9444297669804 1.2
vertex 11 45.117316567634894 1.2
vertex 6.923879532511281 45.117316567634894 1.2
endloop
endfacet
facet normal 0 0 1
outer loop
vertex 11 44.9444297669804 1.2
vertex 6.923879532511281 45.117316567634894 1.2
vertex 6.831469612302548 44.9444297669804 1.2
endloop
endfacet
facet normal 0 0 1
outer loop
vertex 5.076120467488721 45.117316567634894 1.2
vertex 5.019214719596768 45.304909677983886 1.2
vertex -12.273095525090039 45.304909677983886 1.2
endloop
endfacet
facet normal 0 0 1
outer loop
vertex 5.076120467488721 45.117316567634894 1.2
vertex -12.273095525090039 45.304909677983886 1.2
vertex -12.35027824819528 45.117316567634894 1.2
endloop
endfacet
facet normal 0 0 1
outer loop
vertex 11 45.117316567634894 1.2
vertex 11 45.304909677983886 1.2
vertex 6.980785280403232 45.304909677983886 1.2
endloop
endfacet
facet normal 0 0 1
outer loop
vertex 11 45.117316567634894 1.2
vertex 6.980785280403232 45.304909677983886 1.2
vertex 6.923879532511281 45.117316567634894 1.2
endloop
endfacet
facet normal 0 0 1
outer loop
vertex 5.019214719596768 45.304909677983886 1.2
vertex 5 45.5 1.2
vertex -12.1746966777092 45.5 1.2
endloop
endfacet
facet normal 0 0 1
outer loop
vertex 5.019214719596768 45.304909677983886 1.2
vertex -12.1746966777092 45.5 1.2
vertex -12.230733813160533 45.4078700942642 1.2
endloop
endfacet
facet normal 0 0 1
outer loop
vertex 5.019214719596768 45.304909677983886 1.2
vertex -12.230733813160533 45.4078700942642 1.2
vertex -12.273095525090039 45.304909677983886 1.2
endloop
endfacet
facet normal 0 0 1
outer loop
vertex 11 45.304909677983886 1.2
vertex 11 45.5 1.2
vertex 7 45.5 1.2
endloop
endfacet
facet normal 0 0 1
outer loop
vertex 11 45.304909677983886 1.2
vertex 7 45.5 1.2
vertex 6.980785280403232 45.304909677983886 1.2
endloop
endfacet
facet normal 0 0 1
outer loop
vertex 5 45.5 1.2
vertex 5.019214719596768 45.69509032201613 1.2
vertex -12.05603485218414 45.69509032201613 1.2
endloop
endfacet
facet normal 0 0 1
outer loop
vertex 5 45.5 1.2
vertex -12.05603485218414 45.69509032201613 1.2
vertex -12.1746966777092 45.5 1.2
endloop
endfacet
facet normal 0 0 1
outer loop
vertex 11 45.5 1.2
vertex 11 45.69509032201613 1.2
vertex 6.98078528040323 45.69509032201613 1.2
endloop
endfacet
facet normal 0 0 1
outer loop
vertex 11 45.5 1.2
vertex 6.98078528040323 45.69509032201613 1.2
vertex 7 45.5 1.2
endloop
endfacet
facet normal 0 0 1
outer loop
vertex 5.019214719596768 45.69509032201613 1.2
vertex 5.076120467488721 45.882683432365084 1.2
vertex -11.908147870596821 45.882683432365084 1.2
endloop
endfacet
facet normal 0 0 1
outer loop
vertex 5.019214719596768 45.69509032201613 1.2
vertex -11.908147870596821 45.882683432365084 1.2
vertex -12.028102345927103 45.741013782373244 1.2
endloop
endfacet
facet normal 0 0 1
outer loop
vertex 5.019214719596768 45.69509032201613 1.2
vertex -12.028102345927103 45.741013782373244 1.2
vertex -12.05603485218414 45.69509032201613 1.2
endloop
endfacet
facet normal 0 0 1
outer loop
vertex 11 45.69509032201613 1.2
vertex 11 45.882683432365084 1.2
vertex 6.9238795325112905 45.882683432365084 1.2
endloop
endfacet
facet normal 0 0 1
outer loop
vertex 11 45.69509032201613 1.2
vertex 6.9238795325112905 45.882683432365084 1.2
vertex 6.98078528040323 45.69509032201613 1.2
endloop
endfacet
facet normal 0 0 1
outer loop
vertex 11 45.882683432365084 1.2
vertex 11 46.00000000000001 1.2
vertex 6.8611725206788945 46.00000000000001 1.2
endloop
endfacet
facet normal 0 0 1
outer loop
vertex 11 45.882683432365084 1.2
vertex 6.8611725206788945 46.00000000000001 1.2
vertex 6.9238795325112905 45.882683432365084 1.2
endloop
endfacet
facet normal 0 0 1
outer loop
vertex 29 34 1.2
vertex 29 46.00000000000001 1.2
vertex 25 46.00000000000001 1.2
endloop
endfacet
facet normal 0 0 1
outer loop
vertex 29 34 1.2
vertex 25 46.00000000000001 1.2
vertex 25 34 1.2
endloop
endfacet
facet normal 0 0 1
outer loop
vertex 47 34 1.2
vertex 47 46.00000000000001 1.2
vertex 43 46.00000000000001 1.2
endloop
endfacet
facet normal 0 0 1
outer loop
vertex 47 34 1.2
vertex 43 46.00000000000001 1.2
vertex 43 34 1.2
endloop
endfacet
facet normal 0 0 1
outer loop
vertex 65 34 1.2
vertex 65 46.00000000000001 1.2
vertex 61 46.00000000000001 1.2
endloop
endfacet
facet normal 0 0 1
outer loop
vertex 65 34 1.2
vertex 61 46.00000000000001 1.2
vertex 61 34 1.2
endloop
endfacet
facet normal 0 0 1
outer loop
vertex 83 38.99999999999999 1.2
vertex 84.5 38.99999999999999 1.2
vertex 84.5 46.00000000000001 1.2
endloop
endfacet
facet normal 0 0 1
outer loop
vertex 83 38.99999999999999 1.2
vertex 84.5 46.00000000000001 1.2
vertex 79 46.00000000000001 1.2
endloop
endfacet
facet normal 0 0 1
outer loop
vertex 83 38.99999999999999 1.2
vertex 79 46.00000000000001 1.2
vertex 79 38.99999999999999 1.2
endloop
endfacet
facet normal 0 0 1
outer loop
vertex 5.076120467488721 45.882683432365084 1.2
vertex 5.168530387697444 46.0555702330196 1.2
vertex -11.756468473359561 46.0555702330196 1.2
endloop
endfacet
facet normal 0 0 1
outer loop
vertex 5.076120467488721 45.882683432365084 1.2
vertex -11.756468473359561 46.0555702330196 1.2
vertex -11.776132956036903 46.03859680439986 1.2
endloop
endfacet
facet normal 0 0 1
outer loop
vertex 5.076120467488721 45.882683432365084 1.2
vertex -11.776132956036903 46.03859680439986 1.2
vertex -11.908147870596821 45.882683432365084 1.2
endloop
endfacet
facet normal 0 0 1
outer loop
vertex 11 46.00000000000001 1.2
vertex 11.00486176541871 46.0555702330196 1.2
vertex 6.8314696123025405 46.0555702330196 1.2
endloop
endfacet
facet normal 0 0 1
outer loop
vertex 11 46.00000000000001 1.2
vertex 6.8314696123025405 46.0555702330196 1.2
vertex 6.8611725206788945 46.00000000000001 1.2
endloop
endfacet
facet normal 0 0 1
outer loop
vertex 11.00486176541871 46.0555702330196 1.2
vertex 11.015192246987795 46.17364817766693 1.2
vertex 6.734565547465842 46.17364817766693 1.2
endloop
endfacet
facet normal 0 0 1
outer loop
vertex 11.00486176541871 46.0555702330196 1.2
vertex 6.734565547465842 46.17364817766693 1.2
vertex 6.8314696123025405 46.0555702330196 1.2
endloop
endfacet
facet normal 0 0 1
outer loop
vertex 29 46.00000000000001 1.2
vertex 29.01519224698779 46.17364817766693 1.2
vertex 24.984807752938504 46.17364817766693 1.2
endloop
endfacet
facet normal 0 0 1
outer loop
vertex 29 46.00000000000001 1.2
vertex 24.984807752938504 46.17364817766693 1.2
vertex 25 46.00000000000001 1.2
endloop
endfacet
facet normal 0 0 1
outer loop
vertex 47 46.00000000000001 1.2
vertex 47.015192246987795 46.17364817766693 1.2
vertex 42.984807753012205 46.17364817766693 1.2
endloop
endfacet
facet normal 0 0 1
outer loop
vertex 47 46.00000000000001 1.2
vertex 42.984807753012205 46.17364817766693 1.2
vertex 43 46.00000000000001 1.2
endloop
endfacet
facet normal 0 0 1
outer loop
vertex 65 46.00000000000001 1.2
vertex 65.0151922469878 46.17364817766693 1.2
vertex 60.984807753012205 46.17364817766693 1.2
endloop
endfacet
facet normal 0 0 1
outer loop
vertex 65 46.00000000000001 1.2
vertex 60.984807753012205 46.17364817766693 1.2
vertex 61 46.00000000000001 1.2
endloop
endfacet
facet normal 0 0 1
outer loop
vertex 84.5 46.00000000000001 1.2
vertex 84.5 46.17364817766693 1.2
vertex 78.9848077530122 46.17364817766693 1.2
endloop
endfacet
facet normal 0 0 1
outer loop
vertex 84.5 46.00000000000001 1.2
vertex 78.9848077530122 46.17364817766693 1.2
vertex 79 46.00000000000001 1.2
endloop
endfacet
facet normal 0 0 1
outer loop
vertex 5.168530387697444 46.0555702330196 1.2
vertex 5.292893218813447 46.20710678118654 1.2
vertex -11.58090654694082 46.20710678118654 1.2
endloop
endfacet
facet normal 0 0 1
outer loop
vertex 5.168530387697444 46.0555702330196 1.2
vertex -11.58090654694082 46.20710678118654 1.2
vertex -11.756468473359561 46.0555702330196 1.2
endloop
endfacet
facet normal 0 0 1
outer loop
vertex 11.015192246987795 46.17364817766693 1.2
vertex 11.024157452780742 46.20710678118654 1.2
vertex 6.7071067811865515 46.20710678118654 1.2
endloop
endfacet
facet normal 0 0 1
outer loop
vertex 11.015192246987795 46.17364817766693 1.2
vertex 6.7071067811865515 46.20710678118654 1.2
vertex 6.734565547465842 46.17364817766693 1.2
endloop
endfacet
facet normal 0 0 1
outer loop
vertex 5.292893218813447 46.20710678118654 1.2
vertex 5.4444297669803845 46.33146961230254 1.2
vertex -11.419650890381758 46.33146961230254 1.2
endloop
endfacet
facet normal 0 0 1
outer loop
vertex 5.292893218813447 46.20710678118654 1.2
vertex -11.419650890381758 46.33146961230254 1.2
vertex -11.480955322126249 46.29337983538698 1.2
endloop
endfacet
facet normal 0 0 1
outer loop
vertex 5.292893218813447 46.20710678118654 1.2
vertex -11.480955322126249 46.29337983538698 1.2
vertex -11.58090654694082 46.20710678118654 1.2
endloop
endfacet
facet normal 0 0 1
outer loop
vertex 11.024157452780742 46.20710678118654 1.2
vertex 11.057480372946719 46.33146961230254 1.2
vertex 6.555570233019615 46.33146961230254 1.2
endloop
endfacet
facet normal 0 0 1
outer loop
vertex 11.024157452780742 46.20710678118654 1.2
vertex 6.555570233019615 46.33146961230254 1.2
vertex 6.7071067811865515 46.20710678118654 1.2
endloop
endfacet
facet normal 0 0 1
outer loop
vertex 11.057480372946719 46.33146961230254 1.2
vertex 11.060307379214088 46.342020143325676 1.2
vertex 6.535831577800822 46.342020143325676 1.2
endloop
endfacet
facet normal 0 0 1
outer loop
vertex 11.057480372946719 46.33146961230254 1.2
vertex 6.535831577800822 46.342020143325676 1.2
vertex 6.555570233019615 46.33146961230254 1.2
endloop
endfacet
facet normal 0 0 1
outer loop
vertex 29.01519224698779 46.17364817766693 1.2
vertex 29.060307379214105 46.342020143325676 1.2
vertex 24.939692620109547 46.342020143325676 1.2
endloop
endfacet
facet normal 0 0 1
outer loop
vertex 29.01519224698779 46.17364817766693 1.2
vertex 24.939692620109547 46.342020143325676 1.2
vertex 24.984807752938504 46.17364817766693 1.2
endloop
endfacet
facet normal 0 0 1
outer loop
vertex 47.015192246987795 46.17364817766693 1.2
vertex 47.0603073792141 46.342020143325676 1.2
vertex 42.939692620785905 46.342020143325676 1.2
endloop
endfacet
facet normal 0 0 1
outer loop
vertex 47.015192246987795 46.17364817766693 1.2
vertex 42.939692620785905 46.342020143325676 1.2
vertex 42.984807753012205 46.17364817766693 1.2
endloop
endfacet
facet normal 0 0 1
outer loop
vertex 65.0151922469878 46.17364817766693 1.2
vertex 65.06030737921411 46.342020143325676 1.2
vertex 60.939692620785905 46.342020143325676 1.2
endloop
endfacet
facet normal 0 0 1
outer loop
vertex 65.0151922469878 46.17364817766693 1.2
vertex 60.939692620785905 46.342020143325676 1.2
vertex 60.984807753012205 46.17364817766693 1.2
endloop
endfacet
facet normal 0 0 1
outer loop
vertex 84.5 46.17364817766693 1.2
vertex 84.5 46.342020143325676 1.2
vertex 78.9396926207859 46.342020143325676 1.2
endloop
endfacet
facet normal 0 0 1
outer loop
vertex 84.5 46.17364817766693 1.2
vertex 78.9396926207859 46.342020143325676 1.2
vertex 78.9848077530122 46.17364817766693 1.2
endloop
endfacet
facet normal 0 0 1
outer loop
vertex 5.4444297669803845 46.33146961230254 1.2
vertex 5.617316567634937 46.42387953251128 1.2
vertex -11.27091970567283 46.42387953251128 1.2
endloop
endfacet
facet normal 0 0 1
outer loop
vertex 5.4444297669803845 46.33146961230254 1.2
vertex -11.27091970567283 46.42387953251128 1.2
vertex -11.419650890381758 46.33146961230254 1.2
endloop
endfacet
facet normal 0 0 1
outer loop
vertex 11.060307379214088 46.342020143325676 1.2
vertex 11.098479039283246 46.42387953251128 1.2
vertex 6.3826834323651065 46.42387953251128 1.2
endloop
endfacet
facet normal 0 0 1
outer loop
vertex 11.060307379214088 46.342020143325676 1.2
vertex 6.3826834323651065 46.42387953251128 1.2
vertex 6.535831577800822 46.342020143325676 1.2
endloop
endfacet
facet normal 0 0 1
outer loop
vertex 5.617316567634937 46.42387953251128 1.2
vertex 5.804909677983829 46.480785280403225 1.2
vertex -11.179331494346611 46.480785280403225 1.2
endloop
endfacet
facet normal 0 0 1
outer loop
vertex 5.617316567634937 46.42387953251128 1.2
vertex -11.179331494346611 46.480785280403225 1.2
vertex -11.27091970567283 46.42387953251128 1.2
endloop
endfacet
facet normal 0 0 1
outer loop
vertex 11.098479039283246 46.42387953251128 1.2
vertex 11.1250146253183 46.480785280403225 1.2
vertex 6.195090322016147 46.480785280403225 1.2
endloop
endfacet
facet normal 0 0 1
outer loop
vertex 11.098479039283246 46.42387953251128 1.2
vertex 6.195090322016147 46.480785280403225 1.2
vertex 6.3826834323651065 46.42387953251128 1.2
endloop
endfacet
facet normal 0 0 1
outer loop
vertex 5.804909677983829 46.480785280403225 1.2
vertex 6.000000000000014 46.49999999999997 1.2
vertex -11.147773706842138 46.49999999999997 1.2
endloop
endfacet
facet normal 0 0 1
outer loop
vertex 5.804909677983829 46.480785280403225 1.2
vertex -11.147773706842138 46.49999999999997 1.2
vertex -11.149750253091192 46.499164749036105 1.2
endloop
endfacet
facet normal 0 0 1
outer loop
vertex 5.804909677983829 46.480785280403225 1.2
vertex -11.149750253091192 46.499164749036105 1.2
vertex -11.179331494346611 46.480785280403225 1.2
endloop
endfacet
facet normal 0 0 1
outer loop
vertex 11.1250146253183 46.480785280403225 1.2
vertex 11.133974596215566 46.49999999999997 1.2
vertex 6.000000000000014 46.49999999999997 1.2
endloop
endfacet
facet normal 0 0 1
outer loop
vertex 11.1250146253183 46.480785280403225 1.2
vertex 6.000000000000014 46.49999999999997 1.2
vertex 6.195090322016147 46.480785280403225 1.2
endloop
endfacet
facet normal 0 0 1
outer loop
vertex 29.060307379214105 46.342020143325676 1.2
vertex 29.133974596215552 46.49999999999997 1.2
vertex 24.866025401839533 46.49999999999997 1.2
endloop
endfacet
facet normal 0 0 1
outer loop
vertex 29.060307379214105 46.342020143325676 1.2
vertex 24.866025401839533 46.49999999999997 1.2
vertex 24.939692620109547 46.342020143325676 1.2
endloop
endfacet
facet normal 0 0 1
outer loop
vertex 47.0603073792141 46.342020143325676 1.2
vertex 47.13397459621558 46.49999999999997 1.2
vertex 42.86602540378446 46.49999999999997 1.2
endloop
endfacet
facet normal 0 0 1
outer loop
vertex 47.0603073792141 46.342020143325676 1.2
vertex 42.86602540378446 46.49999999999997 1.2
vertex 42.939692620785905 46.342020143325676 1.2
endloop
endfacet
facet normal 0 0 1
outer loop
vertex 65.06030737921411 46.342020143325676 1.2
vertex 65.13397459621558 46.49999999999997 1.2
vertex 60.86602540378447 46.49999999999997 1.2
endloop
endfacet
facet normal 0 0 1
outer loop
vertex 65.06030737921411 46.342020143325676 1.2
vertex 60.86602540378447 46.49999999999997 1.2
vertex 60.939692620785905 46.342020143325676 1.2
endloop
endfacet
facet normal 0 0 1
outer loop
vertex 84.5 46.342020143325676 1.2
vertex 84.5 46.49999999999997 1.2
vertex 78.8660254037844 46.49999999999997 1.2
endloop
endfacet
facet normal 0 0 1
outer loop
vertex 84.5 46.342020143325676 1.2
vertex 78.8660254037844 46.49999999999997 1.2
vertex 78.9396926207859 46.342020143325676 1.2
endloop
endfacet
facet normal 0 0 1
outer loop
vertex 6.000000000000014 46.49999999999997 1.2
vertex 11.133974596215566 46.49999999999997 1.2
vertex 11.233955556881035 46.642787609686565 1.2
endloop
endfacet
facet normal 0 0 1
outer loop
vertex 6.000000000000014 46.49999999999997 1.2
vertex 11.233955556881035 46.642787609686565 1.2
vertex -10.809879676728409 46.642787609686565 1.2
endloop
endfacet
facet normal 0 0 1
outer loop
vertex 6.000000000000014 46.49999999999997 1.2
vertex -10.809879676728409 46.642787609686565 1.2
vertex -11.147773706842138 46.49999999999997 1.2
endloop
endfacet
facet normal 0 0 1
outer loop
vertex 29.133974596215552 46.49999999999997 1.2
vertex 29.23395555688102 46.642787609686565 1.2
vertex 24.76604443911301 46.642787609686565 1.2
endloop
endfacet
facet normal 0 0 1
outer loop
vertex 29.133974596215552 46.49999999999997 1.2
vertex 24.76604443911301 46.642787609686565 1.2
vertex 24.866025401839533 46.49999999999997 1.2
endloop
endfacet
facet normal 0 0 1
outer loop
vertex 47.13397459621558 46.49999999999997 1.2
vertex 47.233955556881035 46.642787609686565 1.2
vertex 42.76604444311896 46.642787609686565 1.2
endloop
endfacet
facet normal 0 0 1
outer loop
vertex 47.13397459621558 46.49999999999997 1.2
vertex 42.76604444311896 46.642787609686565 1.2
vertex 42.86602540378446 46.49999999999997 1.2
endloop
endfacet
facet normal 0 0 1
outer loop
vertex 65.13397459621558 46.49999999999997 1.2
vertex 65.233955556881 46.642787609686565 1.2
vertex 60.76604444311896 46.642787609686565 1.2
endloop
endfacet
facet normal 0 0 1
outer loop
vertex 65.13397459621558 46.49999999999997 1.2
vertex 60.76604444311896 46.642787609686565 1.2
vertex 60.86602540378447 46.49999999999997 1.2
endloop
endfacet
facet normal 0 0 1
outer loop
vertex 84.5 46.49999999999997 1.2
vertex 84.5 46.642787609686565 1.2
vertex 78.76604444311897 46.642787609686565 1.2
endloop
endfacet
facet normal 0 0 1
outer loop
vertex 84.5 46.49999999999997 1.2
vertex 78.76604444311897 46.642787609686565 1.2
vertex 78.8660254037844 46.49999999999997 1.2
endloop
endfacet
facet normal 0 0 1
outer loop
vertex 11.233955556881035 46.642787609686565 1.2
vertex 11.357212390313471 46.76604444311895 1.2
vertex -10.445277979288564 46.76604444311895 1.2
endloop
endfacet
facet normal 0 0 1
outer loop
vertex 11.233955556881035 46.642787609686565 1.2
vertex -10.445277979288564 46.76604444311895 1.2
vertex -10.790574999999869 46.65094540000003 1.2
endloop
endfacet
facet normal 0 0 1
outer loop
vertex 11.233955556881035 46.642787609686565 1.2
vertex -10.790574999999869 46.65094540000003 1.2
vertex -10.809879676728409 46.642787609686565 1.2
endloop
endfacet
facet normal 0 0 1
outer loop
vertex 29.23395555688102 46.642787609686565 1.2
vertex 29.357212390313435 46.76604444311895 1.2
vertex 24.642787602578554 46.76604444311895 1.2
endloop
endfacet
facet normal 0 0 1
outer loop
vertex 29.23395555688102 46.642787609686565 1.2
vertex 24.642787602578554 46.76604444311895 1.2
vertex 24.76604443911301 46.642787609686565 1.2
endloop
endfacet
facet normal 0 0 1
outer loop
vertex 47.233955556881035 46.642787609686565 1.2
vertex 47.35721239031344 46.76604444311895 1.2
vertex 42.64278760968659 46.76604444311895 1.2
endloop
endfacet
facet normal 0 0 1
outer loop
vertex 47.233955556881035 46.642787609686565 1.2
vertex 42.64278760968659 46.76604444311895 1.2
vertex 42.76604444311896 46.642787609686565 1.2
endloop
endfacet
facet normal 0 0 1
outer loop
vertex 65.233955556881 46.642787609686565 1.2
vertex 65.35721239031348 46.76604444311895 1.2
vertex 60.64278760968661 46.76604444311895 1.2
endloop
endfacet
facet normal 0 0 1
outer loop
vertex 65.233955556881 46.642787609686565 1.2
vertex 60.64278760968661 46.76604444311895 1.2
vertex 60.76604444311896 46.642787609686565 1.2
endloop
endfacet
facet normal 0 0 1
outer loop
vertex 84.5 46.642787609686565 1.2
vertex 84.5 46.76604444311895 1.2
vertex 78.64278760968661 46.76604444311895 1.2
endloop
endfacet
facet normal 0 0 1
outer loop
vertex 84.5 46.642787609686565 1.2
vertex 78.64278760968661 46.76604444311895 1.2
vertex 78.76604444311897 46.642787609686565 1.2
endloop
endfacet
facet normal 0 0 1
outer loop
vertex 11.357212390313471 46.76604444311895 1.2
vertex 11.499999999999957 46.86602540378447 1.2
vertex -10.14533519166704 46.86602540378447 1.2
endloop
endfacet
facet normal 0 0 1
outer loop
vertex 11.357212390313471 46.76604444311895 1.2
vertex -10.14533519166704 46.86602540378447 1.2
vertex -10.445277979288564 46.76604444311895 1.2
endloop
endfacet
facet normal 0 0 1
outer loop
vertex 29.357212390313435 46.76604444311895 1.2
vertex 29.499999999999982 46.86602540378447 1.2
vertex 24.499999988198528 46.86602540378447 1.2
endloop
endfacet
facet normal 0 0 1
outer loop
vertex 29.357212390313435 46.76604444311895 1.2
vertex 24.499999988198528 46.86602540378447 1.2
vertex 24.642787602578554 46.76604444311895 1.2
endloop
endfacet
facet normal 0 0 1
outer loop
vertex 47.35721239031344 46.76604444311895 1.2
vertex 47.499999999999986 46.86602540378447 1.2
vertex 42.49999999999993 46.86602540378447 1.2
endloop
endfacet
facet normal 0 0 1
outer loop
vertex 47.35721239031344 46.76604444311895 1.2
vertex 42.49999999999993 46.86602540378447 1.2
vertex 42.64278760968659 46.76604444311895 1.2
endloop
endfacet
facet normal 0 0 1
outer loop
vertex 65.35721239031348 46.76604444311895 1.2
vertex 65.49999999999996 46.86602540378447 1.2
vertex 60.49999999999989 46.86602540378447 1.2
endloop
endfacet
facet normal 0 0 1
outer loop
vertex 65.35721239031348 46.76604444311895 1.2
vertex 60.49999999999989 46.86602540378447 1.2
vertex 60.64278760968661 46.76604444311895 1.2
endloop
endfacet
facet normal 0 0 1
outer loop
vertex 84.5 46.76604444311895 1.2
vertex 84.5 46.86602540378447 1.2
vertex 78.49999999999989 46.86602540378447 1.2
endloop
endfacet
facet normal 0 0 1
outer loop
vertex 84.5 46.76604444311895 1.2
vertex 78.49999999999989 46.86602540378447 1.2
vertex 78.64278760968661 46.76604444311895 1.2
endloop
endfacet
facet normal 0 0 1
outer loop
vertex 11.499999999999957 46.86602540378447 1.2
vertex 11.657979856674373 46.939692620785905 1.2
vertex -9.924333610199435 46.939692620785905 1.2
endloop
endfacet
facet normal 0 0 1
outer loop
vertex 11.499999999999957 46.86602540378447 1.2
vertex -9.924333610199435 46.939692620785905 1.2
vertex -10.14533519166704 46.86602540378447 1.2
endloop
endfacet
facet normal 0 0 1
outer loop
vertex 29.499999999999982 46.86602540378447 1.2
vertex 29.657979856674356 46.939692620785905 1.2
vertex 24.342020123761237 46.939692620785905 1.2
endloop
endfacet
facet normal 0 0 1
outer loop
vertex 29.499999999999982 46.86602540378447 1.2
vertex 24.342020123761237 46.939692620785905 1.2
vertex 24.499999988198528 46.86602540378447 1.2
endloop
endfacet
facet normal 0 0 1
outer loop
vertex 47.499999999999986 46.86602540378447 1.2
vertex 47.65797985667428 46.939692620785905 1.2
vertex 42.3420201433257 46.939692620785905 1.2
endloop
endfacet
facet normal 0 0 1
outer loop
vertex 47.499999999999986 46.86602540378447 1.2
vertex 42.3420201433257 46.939692620785905 1.2
vertex 42.49999999999993 46.86602540378447 1.2
endloop
endfacet
facet normal 0 0 1
outer loop
vertex 65.49999999999996 46.86602540378447 1.2
vertex 65.65797985667433 46.939692620785905 1.2
vertex 60.342020143325705 46.939692620785905 1.2
endloop
endfacet
facet normal 0 0 1
outer loop
vertex 65.49999999999996 46.86602540378447 1.2
vertex 60.342020143325705 46.939692620785905 1.2
vertex 60.49999999999989 46.86602540378447 1.2
endloop
endfacet
facet normal 0 0 1
outer loop
vertex 84.5 46.86602540378447 1.2
vertex 84.5 46.939692620785905 1.2
vertex 78.34202014332574 46.939692620785905 1.2
endloop
endfacet
facet normal 0 0 1
outer loop
vertex 84.5 46.86602540378447 1.2
vertex 78.34202014332574 46.939692620785905 1.2
vertex 78.49999999999989 46.86602540378447 1.2
endloop
endfacet
facet normal 0 0 1
outer loop
vertex 11.657979856674373 46.939692620785905 1.2
vertex 11.82635182233308 46.98480775301219 1.2
vertex -9.788988256106105 46.98480775301219 1.2
endloop
endfacet
facet normal 0 0 1
outer loop
vertex 11.657979856674373 46.939692620785905 1.2
vertex -9.788988256106105 46.98480775301219 1.2
vertex -9.924333610199435 46.939692620785905 1.2
endloop
endfacet
facet normal 0 0 1
outer loop
vertex 29.657979856674356 46.939692620785905 1.2
vertex 29.826351822333045 46.98480775301219 1.2
vertex 24.173648177666994 46.98480775301219 1.2
endloop
endfacet
facet normal 0 0 1
outer loop
vertex 29.657979856674356 46.939692620785905 1.2
vertex 24.173648177666994 46.98480775301219 1.2
vertex 24.342020123761237 46.939692620785905 1.2
endloop
endfacet
facet normal 0 0 1
outer loop
vertex 47.65797985667428 46.939692620785905 1.2
vertex 47.82635182233313 46.98480775301219 1.2
vertex 42.173648177667005 46.98480775301219 1.2
endloop
endfacet
facet normal 0 0 1
outer loop
vertex 47.65797985667428 46.939692620785905 1.2
vertex 42.173648177667005 46.98480775301219 1.2
vertex 42.3420201433257 46.939692620785905 1.2
endloop
endfacet
facet normal 0 0 1
outer loop
vertex 65.65797985667433 46.939692620785905 1.2
vertex 65.82635182233305 46.98480775301219 1.2
vertex 60.17364817766698 46.98480775301219 1.2
endloop
endfacet
facet normal 0 0 1
outer loop
vertex 65.65797985667433 46.939692620785905 1.2
vertex 60.17364817766698 46.98480775301219 1.2
vertex 60.342020143325705 46.939692620785905 1.2
endloop
endfacet
facet normal 0 0 1
outer loop
vertex 84.5 46.939692620785905 1.2
vertex 84.5 46.98480775301219 1.2
vertex 78.17364817766696 46.98480775301219 1.2
endloop
endfacet
facet normal 0 0 1
outer loop
vertex 84.5 46.939692620785905 1.2
vertex 78.17364817766696 46.98480775301219 1.2
vertex 78.34202014332574 46.939692620785905 1.2
endloop
endfacet
facet normal 0 0 1
outer loop
vertex 11.82635182233308 46.98480775301219 1.2
vertex 11.99999999999995 47 1.2
vertex -9.743411529483097 47 1.2
endloop
endfacet
facet normal 0 0 1
outer loop
vertex 11.82635182233308 46.98480775301219 1.2
vertex -9.743411529483097 47 1.2
vertex -9.788988256106105 46.98480775301219 1.2
endloop
endfacet
facet normal 0 0 1
outer loop
vertex 29.826351822333045 46.98480775301219 1.2
vertex 30.000000000000032 47 1.2
vertex 23.99999999999989 47 1.2
endloop
endfacet
facet normal 0 0 1
outer loop
vertex 29.826351822333045 46.98480775301219 1.2
vertex 23.99999999999989 47 1.2
vertex 24.173648177666994 46.98480775301219 1.2
endloop
endfacet
facet normal 0 0 1
outer loop
vertex 47.82635182233313 46.98480775301219 1.2
vertex 47.99999999999997 47 1.2
vertex 42.000000000000036 47 1.2
endloop
endfacet
facet normal 0 0 1
outer loop
vertex 47.82635182233313 46.98480775301219 1.2
vertex 42.000000000000036 47 1.2
vertex 42.173648177667005 46.98480775301219 1.2
endloop
endfacet
facet normal 0 0 1
outer loop
vertex 65.82635182233305 46.98480775301219 1.2
vertex 66.00000000000006 47 1.2
vertex 59.99999999999995 47 1.2
endloop
endfacet
facet normal 0 0 1
outer loop
vertex 65.82635182233305 46.98480775301219 1.2
vertex 59.99999999999995 47 1.2
vertex 60.17364817766698 46.98480775301219 1.2
endloop
endfacet
facet normal 0 0 1
outer loop
vertex 84.5 46.98480775301219 1.2
vertex 84.5 47 1.2
vertex 77.99999999999996 47 1.2
endloop
endfacet
facet normal 0 0 1
outer loop
vertex 84.5 46.98480775301219 1.2
vertex 77.99999999999996 47 1.2
vertex 78.17364817766696 46.98480775301219 1.2
endloop
endfacet
facet normal 0 0 1
outer loop
vertex 11.99999999999995 47 1.2
vertex 23.99999999999989 47 1.2
vertex 30.000000000000032 47 1.2
endloop
endfacet
facet normal 0 0 1
outer loop
vertex 11.99999999999995 47 1.2
vertex 30.000000000000032 47 1.2
vertex 42.000000000000036 47 1.2
endloop
endfacet
facet normal 0 0 1
outer loop
vertex 11.99999999999995 47 1.2
vertex 42.000000000000036 47 1.2
vertex 47.99999999999997 47 1.2
endloop
endfacet
facet normal 0 0 1
outer loop
vertex 11.99999999999995 47 1.2
vertex 47.99999999999997 47 1.2
vertex 59.99999999999995 47 1.2
endloop
endfacet
facet normal 0 0 1
outer loop
vertex 11.99999999999995 47 1.2
vertex 59.99999999999995 47 1.2
vertex 66.00000000000006 47 1.2
endloop
endfacet
facet normal 0 0 1
outer loop
vertex 11.99999999999995 47 1.2
vertex 66.00000000000006 47 1.2
vertex 77.99999999999996 47 1.2
endloop
endfacet
facet normal 0 0 1
outer loop
vertex 11.99999999999995 47 1.2
vertex 77.99999999999996 47 1.2
vertex 84.5 47 1.2
endloop
endfacet
facet normal 0 0 1
outer loop
vertex 11.99999999999995 47 1.2
vertex 84.5 47 1.2
vertex 84.5 50.00000000000002 1.2
endloop
endfacet
facet normal 0 0 1
outer loop
vertex 11.99999999999995 47 1.2
vertex 84.5 50.00000000000002 1.2
vertex 84.46201938253053 50.43412044416726 1.2
endloop
endfacet
facet normal 0 0 1
outer loop
vertex 11.99999999999995 47 1.2
vertex 84.46201938253053 50.43412044416726 1.2
vertex 84.34923155196478 50.855050358314166 1.2
endloop
endfacet
facet normal 0 0 1
outer loop
vertex 11.99999999999995 47 1.2
vertex 84.34923155196478 50.855050358314166 1.2
vertex 84.16506350946108 51.250000000000014 1.2
endloop
endfacet
facet normal 0 0 1
outer loop
vertex 11.99999999999995 47 1.2
vertex 84.16506350946108 51.250000000000014 1.2
vertex 83.91511110779739 51.60696902421642 1.2
endloop
endfacet
facet normal 0 0 1
outer loop
vertex 11.99999999999995 47 1.2
vertex 83.91511110779739 51.60696902421642 1.2
vertex 83.60696902421643 51.91511110779739 1.2
endloop
endfacet
facet normal 0 0 1
outer loop
vertex 11.99999999999995 47 1.2
vertex 83.60696902421643 51.91511110779739 1.2
vertex 83.24999999999991 52.16506350946115 1.2
endloop
endfacet
facet normal 0 0 1
outer loop
vertex 11.99999999999995 47 1.2
vertex 83.24999999999991 52.16506350946115 1.2
vertex 82.85505035831426 52.349231551964735 1.2
endloop
endfacet
facet normal 0 0 1
outer loop
vertex 11.99999999999995 47 1.2
vertex 82.85505035831426 52.349231551964735 1.2
vertex 82.4341204441673 52.462019382530514 1.2
endloop
endfacet
facet normal 0 0 1
outer loop
vertex 11.99999999999995 47 1.2
vertex 82.4341204441673 52.462019382530514 1.2
vertex 81.99999999999987 52.5 1.2
endloop
endfacet
facet normal 0 0 1
outer loop
vertex 11.99999999999995 47 1.2
vertex 81.99999999999987 52.5 1.2
vertex 25 52.500003160839384 1.2
endloop
endfacet
facet normal 0 0 1
outer loop
vertex 11.99999999999995 47 1.2
vertex 25 52.500003160839384 1.2
vertex 7.162284150000104 52.500003160839384 1.2
endloop
endfacet
facet normal 0 0 1
outer loop
vertex 11.99999999999995 47 1.2
vertex 7.162284150000104 52.500003160839384 1.2
vertex 6.894668545689669 52.485637734168705 1.2
endloop
endfacet
facet normal 0 0 1
outer loop
vertex 11.99999999999995 47 1.2
vertex 6.894668545689669 52.485637734168705 1.2
vertex 6.630128521345604 52.442706613822445 1.2
endloop
endfacet
facet normal 0 0 1
outer loop
vertex 11.99999999999995 47 1.2
vertex 6.630128521345604 52.442706613822445 1.2
vertex 6.3717082999998595 52.37170829999995 1.2
endloop
endfacet
facet normal 0 0 1
outer loop
vertex 11.99999999999995 47 1.2
vertex 6.3717082999998595 52.37170829999995 1.2
vertex -9.743411529483097 47 1.2
endloop
endfacet
facet normal 0 -1 0
outer loop
vertex 84.5 39 0
vertex 84.5 38.99999999999999 1.2
vertex 83 38.99999999999999 1.2
endloop
endfacet
facet normal 0 -1 0
outer loop
vertex 84.5 39 0
vertex 83 38.99999999999999 1.2
vertex 83 39 0
endloop
endfacet
facet normal 1 0 0
outer loop
vertex 84.5 46.000000000000036 0
vertex 84.5 46.173648177666905 0
vertex 84.5 46.34202014332567 0
endloop
endfacet
facet normal 1 0 0
outer loop
vertex 84.5 46.000000000000036 0
vertex 84.5 46.34202014332567 0
vertex 84.5 46.5 0
endloop
endfacet
facet normal 1 0 0
outer loop
vertex 84.5 46.000000000000036 0
vertex 84.5 46.5 0
vertex 84.5 46.64278760968654 0
endloop
endfacet
facet normal 1 0 0
outer loop
vertex 84.5 46.000000000000036 0
vertex 84.5 46.64278760968654 0
vertex 84.5 46.76604444311897 0
endloop
endfacet
facet normal 1 0 0
outer loop
vertex 84.5 46.000000000000036 0
vertex 84.5 46.76604444311897 0
vertex 84.5 46.866025403784455 0
endloop
endfacet
facet normal 1 0 0
outer loop
vertex 84.5 46.000000000000036 0
vertex 84.5 46.866025403784455 0
vertex 84.5 46.93969262078591 0
endloop
endfacet
facet normal 1 0 0
outer loop
vertex 84.5 46.000000000000036 0
vertex 84.5 46.93969262078591 0
vertex 84.5 46.984807753012205 0
endloop
endfacet
facet normal 1 0 0
outer loop
vertex 84.5 46.000000000000036 0
vertex 84.5 46.984807753012205 0
vertex 84.5 47 0
endloop
endfacet
facet normal 1 0 0
outer loop
vertex 84.5 46.000000000000036 0
vertex 84.5 47 0
vertex 84.5 49.999999999999986 0
endloop
endfacet
facet normal 1 0 0
outer loop
vertex 84.5 46.000000000000036 0
vertex 84.5 49.999999999999986 0
vertex 84.5 50.00000000000002 1.2
endloop
endfacet
facet normal 1 0 0
outer loop
vertex 84.5 46.000000000000036 0
vertex 84.5 50.00000000000002 1.2
vertex 84.5 47 1.2
endloop
endfacet
facet normal 1 0 0
outer loop
vertex 84.5 46.000000000000036 0
vertex 84.5 47 1.2
vertex 84.5 46.98480775301219 1.2
endloop
endfacet
facet normal 1 0 0
outer loop
vertex 84.5 46.000000000000036 0
vertex 84.5 46.98480775301219 1.2
vertex 84.5 46.939692620785905 1.2
endloop
endfacet
facet normal 1 0 0
outer loop
vertex 84.5 46.000000000000036 0
vertex 84.5 46.939692620785905 1.2
vertex 84.5 46.86602540378447 1.2
endloop
endfacet
facet normal 1 0 0
outer loop
vertex 84.5 46.000000000000036 0
vertex 84.5 46.86602540378447 1.2
vertex 84.5 46.76604444311895 1.2
endloop
endfacet
facet normal 1 0 0
outer loop
vertex 84.5 46.000000000000036 0
vertex 84.5 46.76604444311895 1.2
vertex 84.5 46.642787609686565 1.2
endloop
endfacet
facet normal 1 0 0
outer loop
vertex 84.5 46.000000000000036 0
vertex 84.5 46.642787609686565 1.2
vertex 84.5 46.49999999999997 1.2
endloop
endfacet
facet normal 1 0 0
outer loop
vertex 84.5 46.000000000000036 0
vertex 84.5 46.49999999999997 1.2
vertex 84.5 46.342020143325676 1.2
endloop
endfacet
facet normal 1 0 0
outer loop
vertex 84.5 46.000000000000036 0
vertex 84.5 46.342020143325676 1.2
vertex 84.5 46.17364817766693 1.2
endloop
endfacet
facet normal 1 0 0
outer loop
vertex 84.5 46.000000000000036 0
vertex 84.5 46.17364817766693 1.2
vertex 84.5 46.00000000000001 1.2
endloop
endfacet
facet normal 1 0 0
outer loop
vertex 84.5 46.000000000000036 0
vertex 84.5 46.00000000000001 1.2
vertex 84.5 38.99999999999999 1.2
endloop
endfacet
facet normal 1 0 0
outer loop
vertex 84.5 46.000000000000036 0
vertex 84.5 38.99999999999999 1.2
vertex 84.5 39 0
endloop
endfacet
facet normal 0.9961946980917434 0.087155742747683 0
outer loop
vertex 84.46201938253053 50.43412044416726 1.2
vertex 84.5 50.00000000000002 1.2
vertex 84.5 49.999999999999986 0
endloop
endfacet
facet normal 0.9961946980917434 0.087155742747683 0
outer loop
vertex 84.46201938253053 50.43412044416726 1.2
vertex 84.5 49.999999999999986 0
vertex 84.46201938253051 50.434120444167355 0
endloop
endfacet
facet normal 0.9659258262890742 0.2588190451024988 0
outer loop
vertex 84.34923155196478 50.855050358314166 1.2
vertex 84.46201938253053 50.43412044416726 1.2
vertex 84.46201938253051 50.434120444167355 0
endloop
endfacet
facet normal 0.9659258262890742 0.2588190451024988 0
outer loop
vertex 84.34923155196478 50.855050358314166 1.2
vertex 84.46201938253051 50.434120444167355 0
vertex 84.3492315519648 50.8550503583141 0
endloop
endfacet
facet normal 0.9063077870366388 0.4226182617407234 0
outer loop
vertex 84.16506350946108 51.250000000000014 1.2
vertex 84.34923155196478 50.855050358314166 1.2
vertex 84.3492315519648 50.8550503583141 0
endloop
endfacet
facet normal 0.9063077870366388 0.4226182617407234 0
outer loop
vertex 84.16506350946108 51.250000000000014 1.2
vertex 84.3492315519648 50.8550503583141 0
vertex 84.1650635094611 51.24999999999994 0
endloop
endfacet
facet normal 0.8191520442889936 0.5735764363510437 0
outer loop
vertex 83.91511110779739 51.60696902421642 1.2
vertex 84.16506350946108 51.250000000000014 1.2
vertex 84.1650635094611 51.24999999999994 0
endloop
endfacet
facet normal 0.8191520442889936 0.5735764363510437 0
outer loop
vertex 83.91511110779739 51.60696902421642 1.2
vertex 84.1650635094611 51.24999999999994 0
vertex 83.9151111077973 51.60696902421651 0
endloop
endfacet
facet normal 0.7071067811865476 0.7071067811865476 0
outer loop
vertex 83.60696902421643 51.91511110779739 1.2
vertex 83.91511110779739 51.60696902421642 1.2
vertex 83.9151111077973 51.60696902421651 0
endloop
endfacet
facet normal 0.7071067811865476 0.7071067811865476 0
outer loop
vertex 83.60696902421643 51.91511110779739 1.2
vertex 83.9151111077973 51.60696902421651 0
vertex 83.60696902421644 51.91511110779737 0
endloop
endfacet
facet normal 0.5735764363510599 0.8191520442889821 0
outer loop
vertex 83.24999999999991 52.16506350946115 1.2
vertex 83.60696902421643 51.91511110779739 1.2
vertex 83.60696902421644 51.91511110779737 0
endloop
endfacet
facet normal 0.5735764363510599 0.8191520442889821 0
outer loop
vertex 83.24999999999991 52.16506350946115 1.2
vertex 83.60696902421644 51.91511110779737 0
vertex 83.24999999999989 52.16506350946117 0
endloop
endfacet
facet normal 0.4226182617406946 0.9063077870366524 0
outer loop
vertex 82.85505035831426 52.349231551964735 1.2
vertex 83.24999999999991 52.16506350946115 1.2
vertex 83.24999999999989 52.16506350946117 0
endloop
endfacet
facet normal 0.4226182617406946 0.9063077870366524 0
outer loop
vertex 82.85505035831426 52.349231551964735 1.2
vertex 83.24999999999989 52.16506350946117 0
vertex 82.85505035831433 52.349231551964714 0
endloop
endfacet
facet normal 0.25881904510251297 0.9659258262890704 0
outer loop
vertex 82.4341204441673 52.462019382530514 1.2
vertex 82.85505035831426 52.349231551964735 1.2
vertex 82.85505035831433 52.349231551964714 0
endloop
endfacet
facet normal 0.25881904510251297 0.9659258262890704 0
outer loop
vertex 82.4341204441673 52.462019382530514 1.2
vertex 82.85505035831433 52.349231551964714 0
vertex 82.43412044416726 52.46201938253052 0
endloop
endfacet
facet normal 0.08715574274765456 0.996194698091746 0
outer loop
vertex 81.99999999999987 52.5 1.2
vertex 82.4341204441673 52.462019382530514 1.2
vertex 82.43412044416726 52.46201938253052 0
endloop
endfacet
facet normal 0.08715574274765456 0.996194698091746 0
outer loop
vertex 81.99999999999987 52.5 1.2
vertex 82.43412044416726 52.46201938253052 0
vertex 81.99999999999996 52.5 0
endloop
endfacet
facet normal 0 0 -1
outer loop
vertex 7.162284150000104 52.500003160839384 1.2
vertex 25 52.500003160839384 1.2
vertex 81.99999999999987 52.5 1.2
endloop
endfacet
facet normal 0 0 -1
outer loop
vertex 7.162284150000104 52.500003160839384 1.2
vertex 81.99999999999987 52.5 1.2
vertex 81.99999999999996 52.5 0
endloop
endfacet
facet normal 0 0 -1
outer loop
vertex 7.162284150000104 52.500003160839384 1.2
vertex 81.99999999999996 52.5 0
vertex 25 52.500003160839384 0
endloop
endfacet
facet normal 0 0 -1
outer loop
vertex 7.162284150000104 52.500003160839384 1.2
vertex 25 52.500003160839384 0
vertex 7.162284150000104 52.500003160839384 0
endloop
endfacet
facet normal -0.05360584055389238 0.998562173256383 0
outer loop
vertex 6.894668545689669 52.485637734168705 1.2
vertex 7.162284150000104 52.500003160839384 1.2
vertex 7.162284150000104 52.500003160839384 0
endloop
endfacet
facet normal -0.05360584055389238 0.998562173256383 0
outer loop
vertex 6.894668545689669 52.485637734168705 1.2
vertex 7.162284150000104 52.500003160839384 0
vertex 6.894668545689669 52.485637734168705 0
endloop
endfacet
facet normal -0.1601901837667228 0.9870861689968022 0
outer loop
vertex 6.630128521345604 52.442706613822445 1.2
vertex 6.894668545689669 52.485637734168705 1.2
vertex 6.894668545689669 52.485637734168705 0
endloop
endfacet
facet normal -0.1601901837667228 0.9870861689968022 0
outer loop
vertex 6.630128521345604 52.442706613822445 1.2
vertex 6.894668545689669 52.485637734168705 0
vertex 6.630128521345547 52.44270661382244 0
endloop
endfacet
facet normal -0.26492319162300515 0.9642695175832743 0
outer loop
vertex 6.3717082999998595 52.37170829999995 1.2
vertex 6.630128521345604 52.442706613822445 1.2
vertex 6.630128521345547 52.44270661382244 0
endloop
endfacet
facet normal -0.26492319162300515 0.9642695175832743 0
outer loop
vertex 6.3717082999998595 52.37170829999995 1.2
vertex 6.630128521345547 52.44270661382244 0
vertex 6.37170829999998 52.371708299999995 0
endloop
endfacet
facet normal 0 0 1
outer loop
vertex -10.790574999999869 46.65094540000003 1.2
vertex -10.445277979288564 46.76604444311895 1.2
vertex -10.14533519166704 46.86602540378447 1.2
endloop
endfacet
facet normal 0 0 1
outer loop
vertex -10.790574999999869 46.65094540000003 1.2
vertex -10.14533519166704 46.86602540378447 1.2
vertex -9.924333610199435 46.939692620785905 1.2
endloop
endfacet
facet normal 0 0 1
outer loop
vertex -10.790574999999869 46.65094540000003 1.2
vertex -9.924333610199435 46.939692620785905 1.2
vertex -9.788988256106105 46.98480775301219 1.2
endloop
endfacet
facet normal 0 0 1
outer loop
vertex -10.790574999999869 46.65094540000003 1.2
vertex -9.788988256106105 46.98480775301219 1.2
vertex -9.743411529483097 47 1.2
endloop
endfacet
facet normal 0 0 1
outer loop
vertex -10.790574999999869 46.65094540000003 1.2
vertex -9.743411529483097 47 1.2
vertex 6.3717082999998595 52.37170829999995 1.2
endloop
endfacet
facet normal 0 0 1
outer loop
vertex -10.790574999999869 46.65094540000003 1.2
vertex 6.3717082999998595 52.37170829999995 1.2
vertex 6.37170829999998 52.371708299999995 0
endloop
endfacet
facet normal 0 0 1
outer loop
vertex -10.790574999999869 46.65094540000003 1.2
vertex 6.37170829999998 52.371708299999995 0
vertex -9.743411529483108 47 0
endloop
endfacet
facet normal 0 0 1
outer loop
vertex -10.790574999999869 46.65094540000003 1.2
vertex -9.743411529483108 47 0
vertex -9.788988256106073 46.984807753012205 0
endloop
endfacet
facet normal 0 0 1
outer loop
vertex -10.790574999999869 46.65094540000003 1.2
vertex -9.788988256106073 46.984807753012205 0
vertex -9.924333610199424 46.93969262078591 0
endloop
endfacet
facet normal 0 0 1
outer loop
vertex -10.790574999999869 46.65094540000003 1.2
vertex -9.924333610199424 46.93969262078591 0
vertex -10.145335191667096 46.866025403784455 0
endloop
endfacet
facet normal 0 0 1
outer loop
vertex -10.790574999999869 46.65094540000003 1.2
vertex -10.145335191667096 46.866025403784455 0
vertex -10.445277979288512 46.76604444311897 0
endloop
endfacet
facet normal 0 0 1
outer loop
vertex -10.790574999999869 46.65094540000003 1.2
vertex -10.445277979288512 46.76604444311897 0
vertex -10.790574999999905 46.650945400000026 0
endloop
endfacet
facet normal 0 0 1
outer loop
vertex -11.149750253091192 46.499164749036105 1.2
vertex -11.147773706842138 46.49999999999997 1.2
vertex -10.809879676728409 46.642787609686565 1.2
endloop
endfacet
facet normal 0 0 1
outer loop
vertex -11.149750253091192 46.499164749036105 1.2
vertex -10.809879676728409 46.642787609686565 1.2
vertex -10.790574999999869 46.65094540000003 1.2
endloop
endfacet
facet normal 0 0 1
outer loop
vertex -11.149750253091192 46.499164749036105 1.2
vertex -10.790574999999869 46.65094540000003 1.2
vertex -10.790574999999905 46.650945400000026 0
endloop
endfacet
facet normal 0 0 1
outer loop
vertex -11.149750253091192 46.499164749036105 1.2
vertex -10.790574999999905 46.650945400000026 0
vertex -10.809879676728478 46.64278760968654 0
endloop
endfacet
facet normal 0 0 1
outer loop
vertex -11.149750253091192 46.499164749036105 1.2
vertex -10.809879676728478 46.64278760968654 0
vertex -11.147773706842079 46.5 0
endloop
endfacet
facet normal 0 0 1
outer loop
vertex -11.149750253091192 46.499164749036105 1.2
vertex -11.147773706842079 46.5 0
vertex -11.149750253091149 46.499164749036126 0
endloop
endfacet
facet normal 0 0 -1
outer loop
vertex -11.480955322126249 46.29337983538698 1.2
vertex -11.419650890381758 46.33146961230254 1.2
vertex -11.27091970567283 46.42387953251128 1.2
endloop
endfacet
facet normal 0 0 -1
outer loop
vertex -11.480955322126249 46.29337983538698 1.2
vertex -11.27091970567283 46.42387953251128 1.2
vertex -11.179331494346611 46.480785280403225 1.2
endloop
endfacet
facet normal 0 0 -1
outer loop
vertex -11.480955322126249 46.29337983538698 1.2
vertex -11.179331494346611 46.480785280403225 1.2
vertex -11.149750253091192 46.499164749036105 1.2
endloop
endfacet
facet normal 0 0 -1
outer loop
vertex -11.480955322126249 46.29337983538698 1.2
vertex -11.149750253091192 46.499164749036105 1.2
vertex -11.149750253091149 46.499164749036126 0
endloop
endfacet
facet normal 0 0 -1
outer loop
vertex -11.480955322126249 46.29337983538698 1.2
vertex -11.149750253091149 46.499164749036126 0
vertex -11.179331494346593 46.48078528040323 0
endloop
endfacet
facet normal 0 0 -1
outer loop
vertex -11.480955322126249 46.29337983538698 1.2
vertex -11.179331494346593 46.48078528040323 0
vertex -11.270919705672814 46.423879532511286 0
endloop
endfacet
facet normal 0 0 -1
outer loop
vertex -11.480955322126249 46.29337983538698 1.2
vertex -11.270919705672814 46.423879532511286 0
vertex -11.419650890381723 46.33146961230256 0
endloop
endfacet
facet normal 0 0 -1
outer loop
vertex -11.480955322126249 46.29337983538698 1.2
vertex -11.419650890381723 46.33146961230256 0
vertex -11.480955322126285 46.29337983538696 0
endloop
endfacet
facet normal 0 0 -1
outer loop
vertex -11.776132956036903 46.03859680439986 1.2
vertex -11.756468473359561 46.0555702330196 1.2
vertex -11.58090654694082 46.20710678118654 1.2
endloop
endfacet
facet normal 0 0 -1
outer loop
vertex -11.776132956036903 46.03859680439986 1.2
vertex -11.58090654694082 46.20710678118654 1.2
vertex -11.480955322126249 46.29337983538698 1.2
endloop
endfacet
facet normal 0 0 -1
outer loop
vertex -11.776132956036903 46.03859680439986 1.2
vertex -11.480955322126249 46.29337983538698 1.2
vertex -11.480955322126285 46.29337983538696 0
endloop
endfacet
facet normal 0 0 -1
outer loop
vertex -11.776132956036903 46.03859680439986 1.2
vertex -11.480955322126285 46.29337983538696 0
vertex -11.580906546940804 46.20710678118656 0
endloop
endfacet
facet normal 0 0 -1
outer loop
vertex -11.776132956036903 46.03859680439986 1.2
vertex -11.580906546940804 46.20710678118656 0
vertex -11.75646847335958 46.05557023301959 0
endloop
endfacet
facet normal 0 0 -1
outer loop
vertex -11.776132956036903 46.03859680439986 1.2
vertex -11.75646847335958 46.05557023301959 0
vertex -11.77613295603689 46.03859680439987 0
endloop
endfacet
facet normal 0 0 1
outer loop
vertex -12.028102345927103 45.741013782373244 1.2
vertex -11.908147870596821 45.882683432365084 1.2
vertex -11.776132956036903 46.03859680439986 1.2
endloop
endfacet
facet normal 0 0 1
outer loop
vertex -12.028102345927103 45.741013782373244 1.2
vertex -11.776132956036903 46.03859680439986 1.2
vertex -11.77613295603689 46.03859680439987 0
endloop
endfacet
facet normal 0 0 1
outer loop
vertex -12.028102345927103 45.741013782373244 1.2
vertex -11.77613295603689 46.03859680439987 0
vertex -11.908147870596801 45.882683432365106 0
endloop
endfacet
facet normal 0 0 1
outer loop
vertex -12.028102345927103 45.741013782373244 1.2
vertex -11.908147870596801 45.882683432365106 0
vertex -12.028102345927081 45.741013782373265 0
endloop
endfacet
facet normal 0 0 1
outer loop
vertex -12.230733813160533 45.4078700942642 1.2
vertex -12.1746966777092 45.5 1.2
vertex -12.05603485218414 45.69509032201613 1.2
endloop
endfacet
facet normal 0 0 1
outer loop
vertex -12.230733813160533 45.4078700942642 1.2
vertex -12.05603485218414 45.69509032201613 1.2
vertex -12.028102345927103 45.741013782373244 1.2
endloop
endfacet
facet normal 0 0 1
outer loop
vertex -12.230733813160533 45.4078700942642 1.2
vertex -12.028102345927103 45.741013782373244 1.2
vertex -12.028102345927081 45.741013782373265 0
endloop
endfacet
facet normal 0 0 1
outer loop
vertex -12.230733813160533 45.4078700942642 1.2
vertex -12.028102345927081 45.741013782373265 0
vertex -12.056034852184133 45.69509032201613 0
endloop
endfacet
facet normal 0 0 1
outer loop
vertex -12.230733813160533 45.4078700942642 1.2
vertex -12.056034852184133 45.69509032201613 0
vertex -12.174696677709198 45.5 0
endloop
endfacet
facet normal 0 0 1
outer loop
vertex -12.230733813160533 45.4078700942642 1.2
vertex -12.174696677709198 45.5 0
vertex -12.230733813160555 45.40787009426416 0
endloop
endfacet
facet normal 0 0 1
outer loop
vertex -12.379097926522356 45.04727015207553 1.2
vertex -12.35027824819528 45.117316567634894 1.2
vertex -12.273095525090039 45.304909677983886 1.2
endloop
endfacet
facet normal 0 0 1
outer loop
vertex -12.379097926522356 45.04727015207553 1.2
vertex -12.273095525090039 45.304909677983886 1.2
vertex -12.230733813160533 45.4078700942642 1.2
endloop
endfacet
facet normal 0 0 1
outer loop
vertex -12.379097926522356 45.04727015207553 1.2
vertex -12.230733813160533 45.4078700942642 1.2
vertex -12.230733813160555 45.40787009426416 0
endloop
endfacet
facet normal 0 0 1
outer loop
vertex -12.379097926522356 45.04727015207553 1.2
vertex -12.230733813160555 45.40787009426416 0
vertex -12.27309552509005 45.30490967798387 0
endloop
endfacet
facet normal 0 0 1
outer loop
vertex -12.379097926522356 45.04727015207553 1.2
vertex -12.27309552509005 45.30490967798387 0
vertex -12.350278248195279 45.11731656763491 0
endloop
endfacet
facet normal 0 0 1
outer loop
vertex -12.379097926522356 45.04727015207553 1.2
vertex -12.350278248195279 45.11731656763491 0
vertex -12.379097926522348 45.047270152075555 0
endloop
endfacet
facet normal 0 0 1
outer loop
vertex -12.469585420869464 44.667986298204944 1.2
vertex -12.469455614935532 44.668530387697444 1.2
vertex -12.439785802042731 44.792893218813454 1.2
endloop
endfacet
facet normal 0 0 1
outer loop
vertex -12.469585420869464 44.667986298204944 1.2
vertex -12.439785802042731 44.792893218813454 1.2
vertex -12.403633030429322 44.9444297669804 1.2
endloop
endfacet
facet normal 0 0 1
outer loop
vertex -12.469585420869464 44.667986298204944 1.2
vertex -12.403633030429322 44.9444297669804 1.2
vertex -12.379097926522356 45.04727015207553 1.2
endloop
endfacet
facet normal 0 0 1
outer loop
vertex -12.469585420869464 44.667986298204944 1.2
vertex -12.379097926522356 45.04727015207553 1.2
vertex -12.379097926522348 45.047270152075555 0
endloop
endfacet
facet normal 0 0 1
outer loop
vertex -12.469585420869464 44.667986298204944 1.2
vertex -12.379097926522348 45.047270152075555 0
vertex -12.403633030429322 44.944429766980406 0
endloop
endfacet
facet normal 0 0 1
outer loop
vertex -12.469585420869464 44.667986298204944 1.2
vertex -12.403633030429322 44.944429766980406 0
vertex -12.439785802042733 44.79289321881346 0
endloop
endfacet
facet normal 0 0 1
outer loop
vertex -12.469585420869464 44.667986298204944 1.2
vertex -12.439785802042733 44.79289321881346 0
vertex -12.469455614935534 44.66853038769745 0
endloop
endfacet
facet normal 0 0 1
outer loop
vertex -12.469585420869464 44.667986298204944 1.2
vertex -12.469455614935534 44.66853038769745 0
vertex -12.469585420869464 44.66798629820496 0
endloop
endfacet
facet normal 0 0 -1
outer loop
vertex -12.5 44.279240799999975 1.2
vertex -12.482728293476843 44.50000000000001 1.2
vertex -12.481224976750743 44.51921471959678 1.2
endloop
endfacet
facet normal 0 0 -1
outer loop
vertex -12.5 44.279240799999975 1.2
vertex -12.481224976750743 44.51921471959678 1.2
vertex -12.476772798191163 44.57612046748871 1.2
endloop
endfacet
facet normal 0 0 -1
outer loop
vertex -12.5 44.279240799999975 1.2
vertex -12.476772798191163 44.57612046748871 1.2
vertex -12.469585420869464 44.667986298204944 1.2
endloop
endfacet
facet normal 0 0 -1
outer loop
vertex -12.5 44.279240799999975 1.2
vertex -12.469585420869464 44.667986298204944 1.2
vertex -12.469585420869464 44.66798629820496 0
endloop
endfacet
facet normal 0 0 -1
outer loop
vertex -12.5 44.279240799999975 1.2
vertex -12.469585420869464 44.66798629820496 0
vertex -12.476772798191167 44.57612046748869 0
endloop
endfacet
facet normal 0 0 -1
outer loop
vertex -12.5 44.279240799999975 1.2
vertex -12.476772798191167 44.57612046748869 0
vertex -12.481224976750745 44.519214719596775 0
endloop
endfacet
facet normal 0 0 -1
outer loop
vertex -12.5 44.279240799999975 1.2
vertex -12.481224976750745 44.519214719596775 0
vertex -12.482728293476844 44.5 0
endloop
endfacet
facet normal 0 0 -1
outer loop
vertex -12.5 44.279240799999975 1.2
vertex -12.482728293476844 44.5 0
vertex -12.5 44.27924079999999 0
endloop
endfacet
facet normal -1 0 0
outer loop
vertex -12.5 -7 1.2
vertex -12.5 -6.984807753012209 1.2
vertex -12.5 -6.939692620785911 1.2
endloop
endfacet
facet normal -1 0 0
outer loop
vertex -12.5 -7 1.2
vertex -12.5 -6.939692620785911 1.2
vertex -12.5 -6.866025403784448 1.2
endloop
endfacet
facet normal -1 0 0
outer loop
vertex -12.5 -7 1.2
vertex -12.5 -6.866025403784448 1.2
vertex -12.5 -6.766044443119014 1.2
endloop
endfacet
facet normal -1 0 0
outer loop
vertex -12.5 -7 1.2
vertex -12.5 -6.766044443119014 1.2
vertex -12.5 -6.642787609686508 1.2
endloop
endfacet
facet normal -1 0 0
outer loop
vertex -12.5 -7 1.2
vertex -12.5 -6.642787609686508 1.2
vertex -12.5 -6.5 1.2
endloop
endfacet
facet normal -1 0 0
outer loop
vertex -12.5 -7 1.2
vertex -12.5 -6.5 1.2
vertex -12.5 -6.342020143325662 1.2
endloop
endfacet
facet normal -1 0 0
outer loop
vertex -12.5 -7 1.2
vertex -12.5 -6.342020143325662 1.2
vertex -12.5 -6.173648177666934 1.2
endloop
endfacet
facet normal -1 0 0
outer loop
vertex -12.5 -7 1.2
vertex -12.5 -6.173648177666934 1.2
vertex -12.5 -5.999999999999972 1.2
endloop
endfacet
facet normal -1 0 0
outer loop
vertex -12.5 -7 1.2
vertex -12.5 -5.999999999999972 1.2
vertex -12.5 5.999999999999986 1.2
endloop
endfacet
facet normal -1 0 0
outer loop
vertex -12.5 -7 1.2
vertex -12.5 5.999999999999986 1.2
vertex -12.5 6.173648177666934 1.2
endloop
endfacet
facet normal -1 0 0
outer loop
vertex -12.5 -7 1.2
vertex -12.5 6.173648177666934 1.2
vertex -12.5 6.3420201433256835 1.2
endloop
endfacet
facet normal -1 0 0
outer loop
vertex -12.5 -7 1.2
vertex -12.5 6.3420201433256835 1.2
vertex -12.5 6.499999999999986 1.2
endloop
endfacet
facet normal -1 0 0
outer loop
vertex -12.5 -7 1.2
vertex -12.5 6.499999999999986 1.2
vertex -12.5 6.64278760968655 1.2
endloop
endfacet
facet normal -1 0 0
outer loop
vertex -12.5 -7 1.2
vertex -12.5 6.64278760968655 1.2
vertex -12.5 6.766044443118975 1.2
endloop
endfacet
facet normal -1 0 0
outer loop
vertex -12.5 -7 1.2
vertex -12.5 6.766044443118975 1.2
vertex -12.5 6.86602540378443 1.2
endloop
endfacet
facet normal -1 0 0
outer loop
vertex -12.5 -7 1.2
vertex -12.5 6.86602540378443 1.2
vertex -12.5 6.939692620785912 1.2
endloop
endfacet
facet normal -1 0 0
outer loop
vertex -12.5 -7 1.2
vertex -12.5 6.939692620785912 1.2
vertex -12.5 6.984807753012207 1.2
endloop
endfacet
facet normal -1 0 0
outer loop
vertex -12.5 -7 1.2
vertex -12.5 6.984807753012207 1.2
vertex -12.5 7 1.2
endloop
endfacet
facet normal -1 0 0
outer loop
vertex -12.5 -7 1.2
vertex -12.5 7 1.2
vertex -12.5 10 1.2
endloop
endfacet
facet normal -1 0 0
outer loop
vertex -12.5 -7 1.2
vertex -12.5 10 1.2
vertex -12.5 10.015192246987791 1.2
endloop
endfacet
facet normal -1 0 0
outer loop
vertex -12.5 -7 1.2
vertex -12.5 10.015192246987791 1.2
vertex -12.5 10.060307379214091 1.2
endloop
endfacet
facet normal -1 0 0
outer loop
vertex -12.5 -7 1.2
vertex -12.5 10.060307379214091 1.2
vertex -12.5 10.133974596215559 1.2
endloop
endfacet
facet normal -1 0 0
outer loop
vertex -12.5 -7 1.2
vertex -12.5 10.133974596215559 1.2
vertex -12.5 10.233955556881021 1.2
endloop
endfacet
facet normal -1 0 0
outer loop
vertex -12.5 -7 1.2
vertex -12.5 10.233955556881021 1.2
vertex -12.5 10.357212390313466 1.2
endloop
endfacet
facet normal -1 0 0
outer loop
vertex -12.5 -7 1.2
vertex -12.5 10.357212390313466 1.2
vertex -12.5 10.499999999999998 1.2
endloop
endfacet
facet normal -1 0 0
outer loop
vertex -12.5 -7 1.2
vertex -12.5 10.499999999999998 1.2
vertex -12.5 10.657979856674332 1.2
endloop
endfacet
facet normal -1 0 0
outer loop
vertex -12.5 -7 1.2
vertex -12.5 10.657979856674332 1.2
vertex -12.5 10.82635182233307 1.2
endloop
endfacet
facet normal -1 0 0
outer loop
vertex -12.5 -7 1.2
vertex -12.5 10.82635182233307 1.2
vertex -12.5 11 1.2
endloop
endfacet
facet normal -1 0 0
outer loop
vertex -12.5 -7 1.2
vertex -12.5 11 1.2
vertex -12.5 22.999999999999993 1.2
endloop
endfacet
facet normal -1 0 0
outer loop
vertex -12.5 -7 1.2
vertex -12.5 22.999999999999993 1.2
vertex -12.5 23.173648177666934 1.2
endloop
endfacet
facet normal -1 0 0
outer loop
vertex -12.5 -7 1.2
vertex -12.5 23.173648177666934 1.2
vertex -12.5 23.34202014332567 1.2
endloop
endfacet
facet normal -1 0 0
outer loop
vertex -12.5 -7 1.2
vertex -12.5 23.34202014332567 1.2
vertex -12.5 23.49999999999999 1.2
endloop
endfacet
facet normal -1 0 0
outer loop
vertex -12.5 -7 1.2
vertex -12.5 23.49999999999999 1.2
vertex -12.5 23.642787609686543 1.2
endloop
endfacet
facet normal -1 0 0
outer loop
vertex -12.5 -7 1.2
vertex -12.5 23.642787609686543 1.2
vertex -12.5 23.766044443118975 1.2
endloop
endfacet
facet normal -1 0 0
outer loop
vertex -12.5 -7 1.2
vertex -12.5 23.766044443118975 1.2
vertex -12.5 23.866025403784445 1.2
endloop
endfacet
facet normal -1 0 0
outer loop
vertex -12.5 -7 1.2
vertex -12.5 23.866025403784445 1.2
vertex -12.5 23.93969262078591 1.2
endloop
endfacet
facet normal -1 0 0
outer loop
vertex -12.5 -7 1.2
vertex -12.5 23.93969262078591 1.2
vertex -12.5 23.98480775301221 1.2
endloop
endfacet
facet normal -1 0 0
outer loop
vertex -12.5 -7 1.2
vertex -12.5 23.98480775301221 1.2
vertex -12.5 24 1.2
endloop
endfacet
facet normal -1 0 0
outer loop
vertex -12.5 -7 1.2
vertex -12.5 24 1.2
vertex -12.5 27 1.2
endloop
endfacet
facet normal -1 0 0
outer loop
vertex -12.5 -7 1.2
vertex -12.5 27 1.2
vertex -12.5 27.015192246987795 1.2
endloop
endfacet
facet normal -1 0 0
outer loop
vertex -12.5 -7 1.2
vertex -12.5 27.015192246987795 1.2
vertex -12.5 27.060307379214084 1.2
endloop
endfacet
facet normal -1 0 0
outer loop
vertex -12.5 -7 1.2
vertex -12.5 27.060307379214084 1.2
vertex -12.5 27.133974596215563 1.2
endloop
endfacet
facet normal -1 0 0
outer loop
vertex -12.5 -7 1.2
vertex -12.5 27.133974596215563 1.2
vertex -12.5 27.233955556881018 1.2
endloop
endfacet
facet normal -1 0 0
outer loop
vertex -12.5 -7 1.2
vertex -12.5 27.233955556881018 1.2
vertex -12.5 27.35721239031347 1.2
endloop
endfacet
facet normal -1 0 0
outer loop
vertex -12.5 -7 1.2
vertex -12.5 27.35721239031347 1.2
vertex -12.5 27.500000000000007 1.2
endloop
endfacet
facet normal -1 0 0
outer loop
vertex -12.5 -7 1.2
vertex -12.5 27.500000000000007 1.2
vertex -12.5 27.657979856674324 1.2
endloop
endfacet
facet normal -1 0 0
outer loop
vertex -12.5 -7 1.2
vertex -12.5 27.657979856674324 1.2
vertex -12.5 27.82635182233307 1.2
endloop
endfacet
facet normal -1 0 0
outer loop
vertex -12.5 -7 1.2
vertex -12.5 27.82635182233307 1.2
vertex -12.5 28.000000000000004 1.2
endloop
endfacet
facet normal -1 0 0
outer loop
vertex -12.5 -7 1.2
vertex -12.5 28.000000000000004 1.2
vertex -12.5 39.99999999999999 1.2
endloop
endfacet
facet normal -1 0 0
outer loop
vertex -12.5 -7 1.2
vertex -12.5 39.99999999999999 1.2
vertex -12.5 40.17364817766693 1.2
endloop
endfacet
facet normal -1 0 0
outer loop
vertex -12.5 -7 1.2
vertex -12.5 40.17364817766693 1.2
vertex -12.5 40.34202014332566 1.2
endloop
endfacet
facet normal -1 0 0
outer loop
vertex -12.5 -7 1.2
vertex -12.5 40.34202014332566 1.2
vertex -12.5 40.500000000000014 1.2
endloop
endfacet
facet normal -1 0 0
outer loop
vertex -12.5 -7 1.2
vertex -12.5 40.500000000000014 1.2
vertex -12.5 40.64278760968655 1.2
endloop
endfacet
facet normal -1 0 0
outer loop
vertex -12.5 -7 1.2
vertex -12.5 40.64278760968655 1.2
vertex -12.5 40.76604444311897 1.2
endloop
endfacet
facet normal -1 0 0
outer loop
vertex -12.5 -7 1.2
vertex -12.5 40.76604444311897 1.2
vertex -12.5 40.866025403784455 1.2
endloop
endfacet
facet normal -1 0 0
outer loop
vertex -12.5 -7 1.2
vertex -12.5 40.866025403784455 1.2
vertex -12.5 40.93969262078587 1.2
endloop
endfacet
facet normal -1 0 0
outer loop
vertex -12.5 -7 1.2
vertex -12.5 40.93969262078587 1.2
vertex -12.5 40.98480775301221 1.2
endloop
endfacet
facet normal -1 0 0
outer loop
vertex -12.5 -7 1.2
vertex -12.5 40.98480775301221 1.2
vertex -12.5 41 1.2
endloop
endfacet
facet normal -1 0 0
outer loop
vertex -12.5 -7 1.2
vertex -12.5 41 1.2
vertex -12.5 44.279240799999975 1.2
endloop
endfacet
facet normal -1 0 0
outer loop
vertex -12.5 -7 1.2
vertex -12.5 44.279240799999975 1.2
vertex -12.5 44.27924079999999 0
endloop
endfacet
facet normal -1 0 0
outer loop
vertex -12.5 -7 1.2
vertex -12.5 44.27924079999999 0
vertex -12.5 41 0
endloop
endfacet
facet normal -1 0 0
outer loop
vertex -12.5 -7 1.2
vertex -12.5 41 0
vertex -12.5 40.98480775301221 0
endloop
endfacet
facet normal -1 0 0
outer loop
vertex -12.5 -7 1.2
vertex -12.5 40.98480775301221 0
vertex -12.5 40.93969262078589 0
endloop
endfacet
facet normal -1 0 0
outer loop
vertex -12.5 -7 1.2
vertex -12.5 40.93969262078589 0
vertex -12.5 40.86602540378445 0
endloop
endfacet
facet normal -1 0 0
outer loop
vertex -12.5 -7 1.2
vertex -12.5 40.86602540378445 0
vertex -12.5 40.766044443118965 0
endloop
endfacet
facet normal -1 0 0
outer loop
vertex -12.5 -7 1.2
vertex -12.5 40.766044443118965 0
vertex -12.5 40.642787609686536 0
endloop
endfacet
facet normal -1 0 0
outer loop
vertex -12.5 -7 1.2
vertex -12.5 40.642787609686536 0
vertex -12.5 40.500000000000014 0
endloop
endfacet
facet normal -1 0 0
outer loop
vertex -12.5 -7 1.2
vertex -12.5 40.500000000000014 0
vertex -12.5 40.342020143325655 0
endloop
endfacet
facet normal -1 0 0
outer loop
vertex -12.5 -7 1.2
vertex -12.5 40.342020143325655 0
vertex -12.5 40.17364817766695 0
endloop
endfacet
facet normal -1 0 0
outer loop
vertex -12.5 -7 1.2
vertex -12.5 40.17364817766695 0
vertex -12.5 39.999999999999986 0
endloop
endfacet
facet normal -1 0 0
outer loop
vertex -12.5 -7 1.2
vertex -12.5 39.999999999999986 0
vertex -12.5 27.999999999999993 0
endloop
endfacet
facet normal -1 0 0
outer loop
vertex -12.5 -7 1.2
vertex -12.5 27.999999999999993 0
vertex -12.5 27.826351822333073 0
endloop
endfacet
facet normal -1 0 0
outer loop
vertex -12.5 -7 1.2
vertex -12.5 27.826351822333073 0
vertex -12.5 27.657979856674324 0
endloop
endfacet
facet normal -1 0 0
outer loop
vertex -12.5 -7 1.2
vertex -12.5 27.657979856674324 0
vertex -12.5 27.500000000000004 0
endloop
endfacet
facet normal -1 0 0
outer loop
vertex -12.5 -7 1.2
vertex -12.5 27.500000000000004 0
vertex -12.5 27.35721239031346 0
endloop
endfacet
facet normal -1 0 0
outer loop
vertex -12.5 -7 1.2
vertex -12.5 27.35721239031346 0
vertex -12.5 27.233955556881014 0
endloop
endfacet
facet normal -1 0 0
outer loop
vertex -12.5 -7 1.2
vertex -12.5 27.233955556881014 0
vertex -12.5 27.13397459621557 0
endloop
endfacet
facet normal -1 0 0
outer loop
vertex -12.5 -7 1.2
vertex -12.5 27.13397459621557 0
vertex -12.5 27.06030737921409 0
endloop
endfacet
facet normal -1 0 0
outer loop
vertex -12.5 -7 1.2
vertex -12.5 27.06030737921409 0
vertex -12.5 27.015192246987795 0
endloop
endfacet
facet normal -1 0 0
outer loop
vertex -12.5 -7 1.2
vertex -12.5 27.015192246987795 0
vertex -12.5 27 0
endloop
endfacet
facet normal -1 0 0
outer loop
vertex -12.5 -7 1.2
vertex -12.5 27 0
vertex -12.5 24 0
endloop
endfacet
facet normal -1 0 0
outer loop
vertex -12.5 -7 1.2
vertex -12.5 24 0
vertex -12.5 23.98480775301221 0
endloop
endfacet
facet normal -1 0 0
outer loop
vertex -12.5 -7 1.2
vertex -12.5 23.98480775301221 0
vertex -12.5 23.939692620785916 0
endloop
endfacet
facet normal -1 0 0
outer loop
vertex -12.5 -7 1.2
vertex -12.5 23.939692620785916 0
vertex -12.5 23.866025403784445 0
endloop
endfacet
facet normal -1 0 0
outer loop
vertex -12.5 -7 1.2
vertex -12.5 23.866025403784445 0
vertex -12.5 23.76604444311899 0
endloop
endfacet
facet normal -1 0 0
outer loop
vertex -12.5 -7 1.2
vertex -12.5 23.76604444311899 0
vertex -12.5 23.642787609686536 0
endloop
endfacet
facet normal -1 0 0
outer loop
vertex -12.5 -7 1.2
vertex -12.5 23.642787609686536 0
vertex -12.5 23.500000000000004 0
endloop
endfacet
facet normal -1 0 0
outer loop
vertex -12.5 -7 1.2
vertex -12.5 23.500000000000004 0
vertex -12.5 23.342020143325655 0
endloop
endfacet
facet normal -1 0 0
outer loop
vertex -12.5 -7 1.2
vertex -12.5 23.342020143325655 0
vertex -12.5 23.173648177666934 0
endloop
endfacet
facet normal -1 0 0
outer loop
vertex -12.5 -7 1.2
vertex -12.5 23.173648177666934 0
vertex -12.5 23 0
endloop
endfacet
facet normal -1 0 0
outer loop
vertex -12.5 -7 1.2
vertex -12.5 23 0
vertex -12.5 10.999999999999998 0
endloop
endfacet
facet normal -1 0 0
outer loop
vertex -12.5 -7 1.2
vertex -12.5 10.999999999999998 0
vertex -12.5 10.82635182233307 0
endloop
endfacet
facet normal -1 0 0
outer loop
vertex -12.5 -7 1.2
vertex -12.5 10.82635182233307 0
vertex -12.5 10.65797985667433 0
endloop
endfacet
facet normal -1 0 0
outer loop
vertex -12.5 -7 1.2
vertex -12.5 10.65797985667433 0
vertex -12.5 10.500000000000002 0
endloop
endfacet
facet normal -1 0 0
outer loop
vertex -12.5 -7 1.2
vertex -12.5 10.500000000000002 0
vertex -12.5 10.35721239031346 0
endloop
endfacet
facet normal -1 0 0
outer loop
vertex -12.5 -7 1.2
vertex -12.5 10.35721239031346 0
vertex -12.5 10.233955556881007 0
endloop
endfacet
facet normal -1 0 0
outer loop
vertex -12.5 -7 1.2
vertex -12.5 10.233955556881007 0
vertex -12.5 10.133974596215552 0
endloop
endfacet
facet normal -1 0 0
outer loop
vertex -12.5 -7 1.2
vertex -12.5 10.133974596215552 0
vertex -12.5 10.060307379214095 0
endloop
endfacet
facet normal -1 0 0
outer loop
vertex -12.5 -7 1.2
vertex -12.5 10.060307379214095 0
vertex -12.5 10.015192246987795 0
endloop
endfacet
facet normal -1 0 0
outer loop
vertex -12.5 -7 1.2
vertex -12.5 10.015192246987795 0
vertex -12.5 10 0
endloop
endfacet
facet normal -1 0 0
outer loop
vertex -12.5 -7 1.2
vertex -12.5 10 0
vertex -12.5 7 0
endloop
endfacet
facet normal -1 0 0
outer loop
vertex -12.5 -7 1.2
vertex -12.5 7 0
vertex -12.5 6.984807753012208 0
endloop
endfacet
facet normal -1 0 0
outer loop
vertex -12.5 -7 1.2
vertex -12.5 6.984807753012208 0
vertex -12.5 6.939692620785908 0
endloop
endfacet
facet normal -1 0 0
outer loop
vertex -12.5 -7 1.2
vertex -12.5 6.939692620785908 0
vertex -12.5 6.866025403784436 0
endloop
endfacet
facet normal -1 0 0
outer loop
vertex -12.5 -7 1.2
vertex -12.5 6.866025403784436 0
vertex -12.5 6.76604444311898 0
endloop
endfacet
facet normal -1 0 0
outer loop
vertex -12.5 -7 1.2
vertex -12.5 6.76604444311898 0
vertex -12.5 6.642787609686541 0
endloop
endfacet
facet normal -1 0 0
outer loop
vertex -12.5 -7 1.2
vertex -12.5 6.642787609686541 0
vertex -12.5 6.499999999999993 0
endloop
endfacet
facet normal -1 0 0
outer loop
vertex -12.5 -7 1.2
vertex -12.5 6.499999999999993 0
vertex -12.5 6.342020143325675 0
endloop
endfacet
facet normal -1 0 0
outer loop
vertex -12.5 -7 1.2
vertex -12.5 6.342020143325675 0
vertex -12.5 6.17364817766693 0
endloop
endfacet
facet normal -1 0 0
outer loop
vertex -12.5 -7 1.2
vertex -12.5 6.17364817766693 0
vertex -12.5 5.9999999999999964 0
endloop
endfacet
facet normal -1 0 0
outer loop
vertex -12.5 -7 1.2
vertex -12.5 5.9999999999999964 0
vertex -12.5 -5.9999999999999964 0
endloop
endfacet
facet normal -1 0 0
outer loop
vertex -12.5 -7 1.2
vertex -12.5 -5.9999999999999964 0
vertex -12.5 -6.173648177666937 0
endloop
endfacet
facet normal -1 0 0
outer loop
vertex -12.5 -7 1.2
vertex -12.5 -6.173648177666937 0
vertex -12.5 -6.342020143325664 0
endloop
endfacet
facet normal -1 0 0
outer loop
vertex -12.5 -7 1.2
vertex -12.5 -6.342020143325664 0
vertex -12.5 -6.5 0
endloop
endfacet
facet normal -1 0 0
outer loop
vertex -12.5 -7 1.2
vertex -12.5 -6.5 0
vertex -12.5 -6.642787609686534 0
endloop
endfacet
facet normal -1 0 0
outer loop
vertex -12.5 -7 1.2
vertex -12.5 -6.642787609686534 0
vertex -12.5 -6.766044443118981 0
endloop
endfacet
facet normal -1 0 0
outer loop
vertex -12.5 -7 1.2
vertex -12.5 -6.766044443118981 0
vertex -12.5 -6.866025403784434 0
endloop
endfacet
facet normal -1 0 0
outer loop
vertex -12.5 -7 1.2
vertex -12.5 -6.866025403784434 0
vertex -12.5 -6.939692620785909 0
endloop
endfacet
facet normal -1 0 0
outer loop
vertex -12.5 -7 1.2
vertex -12.5 -6.939692620785909 0
vertex -12.5 -6.9848077530122055 0
endloop
endfacet
facet normal -1 0 0
outer loop
vertex -12.5 -7 1.2
vertex -12.5 -6.9848077530122055 0
vertex -12.5 -7 0
endloop
endfacet
facet normal -1 0 0
outer loop
vertex -12.5 -7 1.2
vertex -12.5 -7 0
vertex -12.5 -10.000000000000007 0
endloop
endfacet
facet normal -1 0 0
outer loop
vertex -12.5 -7 1.2
vertex -12.5 -10.000000000000007 0
vertex -12.5 -10.000000000000007 1.2
endloop
endfacet
facet normal -0.996194698091746 -0.08715574274765459 0
outer loop
vertex -12.46201938253052 -10.434120444167334 1.2
vertex -12.5 -10.000000000000007 1.2
vertex -12.5 -10.000000000000007 0
endloop
endfacet
facet normal -0.996194698091746 -0.08715574274765459 0
outer loop
vertex -12.46201938253052 -10.434120444167334 1.2
vertex -12.5 -10.000000000000007 0
vertex -12.46201938253052 -10.434120444167323 0
endloop
endfacet
facet normal -0.9659258262890666 -0.258819045102527 0
outer loop
vertex -12.34923155196477 -10.855050358314173 1.2
vertex -12.46201938253052 -10.434120444167334 1.2
vertex -12.46201938253052 -10.434120444167323 0
endloop
endfacet
facet normal -0.9659258262890666 -0.258819045102527 0
outer loop
vertex -12.34923155196477 -10.855050358314173 1.2
vertex -12.46201938253052 -10.434120444167323 0
vertex -12.349231551964763 -10.85505035831418 0
endloop
endfacet
facet normal -0.9063077870366489 -0.4226182617407019 0
outer loop
vertex -12.165063509461099 -11.25 1.2
vertex -12.34923155196477 -10.855050358314173 1.2
vertex -12.349231551964763 -10.85505035831418 0
endloop
endfacet
facet normal -0.9063077870366489 -0.4226182617407019 0
outer loop
vertex -12.165063509461099 -11.25 1.2
vertex -12.349231551964763 -10.85505035831418 0
vertex -12.165063509461092 -11.25 0
endloop
endfacet
facet normal -0.8191520442889911 -0.573576436351047 0
outer loop
vertex -11.915111107797465 -11.606969024216326 1.2
vertex -12.165063509461099 -11.25 1.2
vertex -12.165063509461092 -11.25 0
endloop
endfacet
facet normal -0.8191520442889911 -0.573576436351047 0
outer loop
vertex -11.915111107797465 -11.606969024216326 1.2
vertex -12.165063509461092 -11.25 0
vertex -11.915111107797458 -11.606969024216337 0
endloop
endfacet
facet normal -0.7071067811865476 -0.7071067811865476 0
outer loop
vertex -11.60696902421634 -11.915111107797443 1.2
vertex -11.915111107797465 -11.606969024216326 1.2
vertex -11.915111107797458 -11.606969024216337 0
endloop
endfacet
facet normal -0.7071067811865476 -0.7071067811865476 0
outer loop
vertex -11.60696902421634 -11.915111107797443 1.2
vertex -11.915111107797458 -11.606969024216337 0
vertex -11.606969024216333 -11.915111107797458 0
endloop
endfacet
facet normal -0.573576436351047 -0.8191520442889911 0
outer loop
vertex -11.249999999999972 -12.165063509461113 1.2
vertex -11.60696902421634 -11.915111107797443 1.2
vertex -11.606969024216333 -11.915111107797458 0
endloop
endfacet
facet normal -0.573576436351047 -0.8191520442889911 0
outer loop
vertex -11.249999999999972 -12.165063509461113 1.2
vertex -11.606969024216333 -11.915111107797458 0
vertex -11.25 -12.165063509461095 0
endloop
endfacet
facet normal -0.4226182617407019 -0.9063077870366489 0
outer loop
vertex -10.855050358314188 -12.349231551964763 1.2
vertex -11.249999999999972 -12.165063509461113 1.2
vertex -11.25 -12.165063509461095 0
endloop
endfacet
facet normal -0.4226182617407019 -0.9063077870366489 0
outer loop
vertex -10.855050358314188 -12.349231551964763 1.2
vertex -11.25 -12.165063509461095 0
vertex -10.855050358314173 -12.34923155196477 0
endloop
endfacet
facet normal -0.2588190451025199 -0.9659258262890685 0
outer loop
vertex -10.434120444167263 -12.462019382530531 1.2
vertex -10.855050358314188 -12.349231551964763 1.2
vertex -10.855050358314173 -12.34923155196477 0
endloop
endfacet
facet normal -0.2588190451025199 -0.9659258262890685 0
outer loop
vertex -10.434120444167263 -12.462019382530531 1.2
vertex -10.855050358314173 -12.34923155196477 0
vertex -10.43412044416732 -12.46201938253052 0
endloop
endfacet
facet normal -0.08715574274765815 -0.9961946980917455 0
outer loop
vertex -10.000000000000043 -12.5 1.2
vertex -10.434120444167263 -12.462019382530531 1.2
vertex -10.43412044416732 -12.46201938253052 0
endloop
endfacet
facet normal -0.08715574274765815 -0.9961946980917455 0
outer loop
vertex -10.000000000000043 -12.5 1.2
vertex -10.43412044416732 -12.46201938253052 0
vertex -10 -12.5 0
endloop
endfacet
facet normal -6.011135411654323e-8 -0.9999999999999983 0
outer loop
vertex 10.794740299999944 -12.500001250000004 1.2
vertex -10.000000000000043 -12.5 1.2
vertex -10 -12.5 0
endloop
endfacet
facet normal -6.011135411654323e-8 -0.9999999999999983 0
outer loop
vertex 10.794740299999944 -12.500001250000004 1.2
vertex -10 -12.5 0
vertex 10.79474029999993 -12.500001250000004 0
endloop
endfacet
facet normal 0.050591682721218945 -0.9987194208782743 0
outer loop
vertex 11.04736629237675 -12.487204088168284 1.2
vertex 10.794740299999944 -12.500001250000004 1.2
vertex 10.79474029999993 -12.500001250000004 0
endloop
endfacet
facet normal 0.050591682721218945 -0.9987194208782743 0
outer loop
vertex 11.04736629237675 -12.487204088168284 1.2
vertex 10.79474029999993 -12.500001250000004 0
vertex 11.047366292376772 -12.48720408816828 0
endloop
endfacet
facet normal 0.15125372206453847 -0.9884949729571837 0
outer loop
vertex 11.297406011523478 -12.44894447206546 1.2
vertex 11.04736629237675 -12.487204088168284 1.2
vertex 11.047366292376772 -12.48720408816828 0
endloop
endfacet
facet normal 0.15125372206453847 -0.9884949729571837 0
outer loop
vertex 11.297406011523478 -12.44894447206546 1.2
vertex 11.047366292376772 -12.48720408816828 0
vertex 11.297406011523485 -12.448944472065456 0
endloop
endfacet
facet normal 0.2503673187467666 -0.9681509209330718 0
outer loop
vertex 11.542299704444872 -12.385614080130662 1.2
vertex 11.297406011523478 -12.44894447206546 1.2
vertex 11.297406011523485 -12.448944472065456 0
endloop
endfacet
facet normal 0.2503673187467666 -0.9681509209330718 0
outer loop
vertex 11.542299704444872 -12.385614080130662 1.2
vertex 11.297406011523485 -12.448944472065456 0
vertex 11.542299704444886 -12.385614080130658 0
endloop
endfacet
facet normal 0.34691307582165193 -0.9378972853271093 0
outer loop
vertex 11.779540600000132 -12.297862499999951 1.2
vertex 11.542299704444872 -12.385614080130662 1.2
vertex 11.542299704444886 -12.385614080130658 0
endloop
endfacet
facet normal 0.34691307582165193 -0.9378972853271093 0
outer loop
vertex 11.779540600000132 -12.297862499999951 1.2
vertex 11.542299704444886 -12.385614080130658 0
vertex 11.779540599999976 -12.297862500000011 0
endloop
endfacet
facet normal 0 0 1
outer loop
vertex 25.307886400000015 -6.5 1.2
vertex 24.97471531155242 -6.642787609686508 1.2
vertex 24.687116034251872 -6.766044443119014 1.2
endloop
endfacet
facet normal 0 0 1
outer loop
vertex 25.307886400000015 -6.5 1.2
vertex 24.687116034251872 -6.766044443119014 1.2
vertex 24.45382712660734 -6.866025403784448 1.2
endloop
endfacet
facet normal 0 0 1
outer loop
vertex 25.307886400000015 -6.5 1.2
vertex 24.45382712660734 -6.866025403784448 1.2
vertex 24.281936954027458 -6.939692620785911 1.2
endloop
endfacet
facet normal 0 0 1
outer loop
vertex 25.307886400000015 -6.5 1.2
vertex 24.281936954027458 -6.939692620785911 1.2
vertex 24.176668312425473 -6.984807753012209 1.2
endloop
endfacet
facet normal 0 0 1
outer loop
vertex 25.307886400000015 -6.5 1.2
vertex 24.176668312425473 -6.984807753012209 1.2
vertex 24.141219736207972 -7 1.2
endloop
endfacet
facet normal 0 0 1
outer loop
vertex 25.307886400000015 -6.5 1.2
vertex 24.141219736207972 -7 1.2
vertex 11.779540600000132 -12.297862499999951 1.2
endloop
endfacet
facet normal 0 0 1
outer loop
vertex 25.307886400000015 -6.5 1.2
vertex 11.779540600000132 -12.297862499999951 1.2
vertex 11.779540599999976 -12.297862500000011 0
endloop
endfacet
facet normal 0 0 1
outer loop
vertex 25.307886400000015 -6.5 1.2
vertex 11.779540599999976 -12.297862500000011 0
vertex 24.141219736207958 -7 0
endloop
endfacet
facet normal 0 0 1
outer loop
vertex 25.307886400000015 -6.5 1.2
vertex 24.141219736207958 -7 0
vertex 24.17666831242547 -6.9848077530122055 0
endloop
endfacet
facet normal 0 0 1
outer loop
vertex 25.307886400000015 -6.5 1.2
vertex 24.17666831242547 -6.9848077530122055 0
vertex 24.28193695402745 -6.939692620785909 0
endloop
endfacet
facet normal 0 0 1
outer loop
vertex 25.307886400000015 -6.5 1.2
vertex 24.28193695402745 -6.939692620785909 0
vertex 24.453827126607358 -6.866025403784434 0
endloop
endfacet
facet normal 0 0 1
outer loop
vertex 25.307886400000015 -6.5 1.2
vertex 24.453827126607358 -6.866025403784434 0
vertex 24.687116034251936 -6.766044443118981 0
endloop
endfacet
facet normal 0 0 1
outer loop
vertex 25.307886400000015 -6.5 1.2
vertex 24.687116034251936 -6.766044443118981 0
vertex 24.974715311552345 -6.642787609686534 0
endloop
endfacet
facet normal 0 0 1
outer loop
vertex 25.307886400000015 -6.5 1.2
vertex 24.974715311552345 -6.642787609686534 0
vertex 25.3078864 -6.5 0
endloop
endfacet
facet normal 0 -1 0
outer loop
vertex 59.5 -6.5 0
vertex 59.5 -6.5 1.2
vertex 25.307886400000015 -6.5 1.2
endloop
endfacet
facet normal 0 -1 0
outer loop
vertex 59.5 -6.5 0
vertex 25.307886400000015 -6.5 1.2
vertex 25.3078864 -6.5 0
endloop
endfacet
facet normal 0 0 1
outer loop
vertex 59.5 -23.991996449999988 1.2
vertex 59.5 -23.879951861016913 1.2
vertex 59.5 -23.746422484740588 1.2
endloop
endfacet
facet normal 0 0 1
outer loop
vertex 59.5 -23.991996449999988 1.2
vertex 59.5 -23.746422484740588 1.2
vertex 59.5 -23.595465488398684 1.2
endloop
endfacet
facet normal 0 0 1
outer loop
vertex 59.5 -23.991996449999988 1.2
vertex 59.5 -23.595465488398684 1.2
vertex 59.5 -23.431667561417584 1.2
endloop
endfacet
facet normal 0 0 1
outer loop
vertex 59.5 -23.991996449999988 1.2
vertex 59.5 -23.431667561417584 1.2
vertex 59.5 -23.260005553085342 1.2
endloop
endfacet
facet normal 0 0 1
outer loop
vertex 59.5 -23.991996449999988 1.2
vertex 59.5 -23.260005553085342 1.2
vertex 59.5 -23.085695255565724 1.2
endloop
endfacet
facet normal 0 0 1
outer loop
vertex 59.5 -23.991996449999988 1.2
vertex 59.5 -23.085695255565724 1.2
vertex 59.5 -22.9140329268525 1.2
endloop
endfacet
facet normal 0 0 1
outer loop
vertex 59.5 -23.991996449999988 1.2
vertex 59.5 -22.9140329268525 1.2
vertex 59.5 -22.75023436884333 1.2
endloop
endfacet
facet normal 0 0 1
outer loop
vertex 59.5 -23.991996449999988 1.2
vertex 59.5 -22.75023436884333 1.2
vertex 59.5 -22.599272900000038 1.2
endloop
endfacet
facet normal 0 0 1
outer loop
vertex 59.5 -23.991996449999988 1.2
vertex 59.5 -22.599272900000038 1.2
vertex 59.5 -22 1.2
endloop
endfacet
facet normal 0 0 1
outer loop
vertex 59.5 -23.991996449999988 1.2
vertex 59.5 -22 1.2
vertex 59.5 -21.984807753012213 1.2
endloop
endfacet
facet normal 0 0 1
outer loop
vertex 59.5 -23.991996449999988 1.2
vertex 59.5 -21.984807753012213 1.2
vertex 59.5 -21.93969262078591 1.2
endloop
endfacet
facet normal 0 0 1
outer loop
vertex 59.5 -23.991996449999988 1.2
vertex 59.5 -21.93969262078591 1.2
vertex 59.5 -21.866025403784455 1.2
endloop
endfacet
facet normal 0 0 1
outer loop
vertex 59.5 -23.991996449999988 1.2
vertex 59.5 -21.866025403784455 1.2
vertex 59.5 -21.76604444311894 1.2
endloop
endfacet
facet normal 0 0 1
outer loop
vertex 59.5 -23.991996449999988 1.2
vertex 59.5 -21.76604444311894 1.2
vertex 59.5 -21.64278760968657 1.2
endloop
endfacet
facet normal 0 0 1
outer loop
vertex 59.5 -23.991996449999988 1.2
vertex 59.5 -21.64278760968657 1.2
vertex 59.5 -21.500000000000014 1.2
endloop
endfacet
facet normal 0 0 1
outer loop
vertex 59.5 -23.991996449999988 1.2
vertex 59.5 -21.500000000000014 1.2
vertex 59.5 -21.34202014332561 1.2
endloop
endfacet
facet normal 0 0 1
outer loop
vertex 59.5 -23.991996449999988 1.2
vertex 59.5 -21.34202014332561 1.2
vertex 59.5 -21.17364817766694 1.2
endloop
endfacet
facet normal 0 0 1
outer loop
vertex 59.5 -23.991996449999988 1.2
vertex 59.5 -21.17364817766694 1.2
vertex 59.5 -20.99999999999987 1.2
endloop
endfacet
facet normal 0 0 1
outer loop
vertex 59.5 -23.991996449999988 1.2
vertex 59.5 -20.99999999999987 1.2
vertex 59.49999999999999 -8.999999999999975 1.2
endloop
endfacet
facet normal 0 0 1
outer loop
vertex 59.5 -23.991996449999988 1.2
vertex 59.49999999999999 -8.999999999999975 1.2
vertex 59.49999999999999 -8.826351822332992 1.2
endloop
endfacet
facet normal 0 0 1
outer loop
vertex 59.5 -23.991996449999988 1.2
vertex 59.49999999999999 -8.826351822332992 1.2
vertex 59.49999999999999 -8.657979856674347 1.2
endloop
endfacet
facet normal 0 0 1
outer loop
vertex 59.5 -23.991996449999988 1.2
vertex 59.49999999999999 -8.657979856674347 1.2
vertex 59.49999999999999 -8.499999999999977 1.2
endloop
endfacet
facet normal 0 0 1
outer loop
vertex 59.5 -23.991996449999988 1.2
vertex 59.49999999999999 -8.499999999999977 1.2
vertex 59.49999999999999 -8.357212390313514 1.2
endloop
endfacet
facet normal 0 0 1
outer loop
vertex 59.5 -23.991996449999988 1.2
vertex 59.49999999999999 -8.357212390313514 1.2
vertex 59.5 -8.233955556881035 1.2
endloop
endfacet
facet normal 0 0 1
outer loop
vertex 59.5 -23.991996449999988 1.2
vertex 59.5 -8.233955556881035 1.2
vertex 59.5 -8.133974596215563 1.2
endloop
endfacet
facet normal 0 0 1
outer loop
vertex 59.5 -23.991996449999988 1.2
vertex 59.5 -8.133974596215563 1.2
vertex 59.5 -8.060307379214086 1.2
endloop
endfacet
facet normal 0 0 1
outer loop
vertex 59.5 -23.991996449999988 1.2
vertex 59.5 -8.060307379214086 1.2
vertex 59.5 -8.015192246987795 1.2
endloop
endfacet
facet normal 0 0 1
outer loop
vertex 59.5 -23.991996449999988 1.2
vertex 59.5 -8.015192246987795 1.2
vertex 59.5 -8 1.2
endloop
endfacet
facet normal 0 0 1
outer loop
vertex 59.5 -23.991996449999988 1.2
vertex 59.5 -8 1.2
vertex 59.5 -6.5 1.2
endloop
endfacet
facet normal 0 0 1
outer loop
vertex 59.5 -23.991996449999988 1.2
vertex 59.5 -6.5 1.2
vertex 59.5 -6.5 0
endloop
endfacet
facet normal 0 0 1
outer loop
vertex 59.5 -23.991996449999988 1.2
vertex 59.5 -6.5 0
vertex 59.5 -8 0
endloop
endfacet
facet normal 0 0 1
outer loop
vertex 59.5 -23.991996449999988 1.2
vertex 59.5 -8 0
vertex 59.5 -8.015192246987791 0
endloop
endfacet
facet normal 0 0 1
outer loop
vertex 59.5 -23.991996449999988 1.2
vertex 59.5 -8.015192246987791 0
vertex 59.5 -8.060307379214095 0
endloop
endfacet
facet normal 0 0 1
outer loop
vertex 59.5 -23.991996449999988 1.2
vertex 59.5 -8.060307379214095 0
vertex 59.5 -8.13397459621555 0
endloop
endfacet
facet normal 0 0 1
outer loop
vertex 59.5 -23.991996449999988 1.2
vertex 59.5 -8.13397459621555 0
vertex 59.5 -8.233955556881037 0
endloop
endfacet
facet normal 0 0 1
outer loop
vertex 59.5 -23.991996449999988 1.2
vertex 59.5 -8.233955556881037 0
vertex 59.5 -8.357212390313498 0
endloop
endfacet
facet normal 0 0 1
outer loop
vertex 59.5 -23.991996449999988 1.2
vertex 59.5 -8.357212390313498 0
vertex 59.5 -8.499999999999979 0
endloop
endfacet
facet normal 0 0 1
outer loop
vertex 59.5 -23.991996449999988 1.2
vertex 59.5 -8.499999999999979 0
vertex 59.5 -8.65797985667438 0
endloop
endfacet
facet normal 0 0 1
outer loop
vertex 59.5 -23.991996449999988 1.2
vertex 59.5 -8.65797985667438 0
vertex 59.5 -8.82635182233295 0
endloop
endfacet
facet normal 0 0 1
outer loop
vertex 59.5 -23.991996449999988 1.2
vertex 59.5 -8.82635182233295 0
vertex 59.5 -8.999999999999993 0
endloop
endfacet
facet normal 0 0 1
outer loop
vertex 59.5 -23.991996449999988 1.2
vertex 59.5 -8.999999999999993 0
vertex 59.5 -21 0
endloop
endfacet
facet normal 0 0 1
outer loop
vertex 59.5 -23.991996449999988 1.2
vertex 59.5 -21 0
vertex 59.5 -21.17364817766695 0
endloop
endfacet
facet normal 0 0 1
outer loop
vertex 59.5 -23.991996449999988 1.2
vertex 59.5 -21.17364817766695 0
vertex 59.5 -21.34202014332559 0
endloop
endfacet
facet normal 0 0 1
outer loop
vertex 59.5 -23.991996449999988 1.2
vertex 59.5 -21.34202014332559 0
vertex 59.5 -21.50000000000006 0
endloop
endfacet
facet normal 0 0 1
outer loop
vertex 59.5 -23.991996449999988 1.2
vertex 59.5 -21.50000000000006 0
vertex 59.5 -21.64278760968657 0
endloop
endfacet
facet normal 0 0 1
outer loop
vertex 59.5 -23.991996449999988 1.2
vertex 59.5 -21.64278760968657 0
vertex 59.5 -21.766044443118922 0
endloop
endfacet
facet normal 0 0 1
outer loop
vertex 59.5 -23.991996449999988 1.2
vertex 59.5 -21.766044443118922 0
vertex 59.5 -21.86602540378445 0
endloop
endfacet
facet normal 0 0 1
outer loop
vertex 59.5 -23.991996449999988 1.2
vertex 59.5 -21.86602540378445 0
vertex 59.5 -21.939692620785916 0
endloop
endfacet
facet normal 0 0 1
outer loop
vertex 59.5 -23.991996449999988 1.2
vertex 59.5 -21.939692620785916 0
vertex 59.5 -21.98480775301221 0
endloop
endfacet
facet normal 0 0 1
outer loop
vertex 59.5 -23.991996449999988 1.2
vertex 59.5 -21.98480775301221 0
vertex 59.5 -22 0
endloop
endfacet
facet normal 0 0 1
outer loop
vertex 59.5 -23.991996449999988 1.2
vertex 59.5 -22 0
vertex 59.5 -22.59927290000014 0
endloop
endfacet
facet normal 0 0 1
outer loop
vertex 59.5 -23.991996449999988 1.2
vertex 59.5 -22.59927290000014 0
vertex 59.5 -22.75023436884326 0
endloop
endfacet
facet normal 0 0 1
outer loop
vertex 59.5 -23.991996449999988 1.2
vertex 59.5 -22.75023436884326 0
vertex 59.5 -22.914032926852556 0
endloop
endfacet
facet normal 0 0 1
outer loop
vertex 59.5 -23.991996449999988 1.2
vertex 59.5 -22.914032926852556 0
vertex 59.5 -23.08569525556566 0
endloop
endfacet
facet normal 0 0 1
outer loop
vertex 59.5 -23.991996449999988 1.2
vertex 59.5 -23.08569525556566 0
vertex 59.5 -23.26000555308532 0
endloop
endfacet
facet normal 0 0 1
outer loop
vertex 59.5 -23.991996449999988 1.2
vertex 59.5 -23.26000555308532 0
vertex 59.5 -23.4316675614176 0
endloop
endfacet
facet normal 0 0 1
outer loop
vertex 59.5 -23.991996449999988 1.2
vertex 59.5 -23.4316675614176 0
vertex 59.5 -23.59546548839868 0
endloop
endfacet
facet normal 0 0 1
outer loop
vertex 59.5 -23.991996449999988 1.2
vertex 59.5 -23.59546548839868 0
vertex 59.5 -23.74642248474057 0
endloop
endfacet
facet normal 0 0 1
outer loop
vertex 59.5 -23.991996449999988 1.2
vertex 59.5 -23.74642248474057 0
vertex 59.5 -23.879951861016917 0
endloop
endfacet
facet normal 0 0 1
outer loop
vertex 59.5 -23.991996449999988 1.2
vertex 59.5 -23.879951861016917 0
vertex 59.5 -23.99199645 0
endloop
endfacet
facet normal 0 0 1
outer loop
vertex 59.5 -23.991996449999988 1.2
vertex 59.5 -23.99199645 0
vertex 59.5 -25.000000000000007 0
endloop
endfacet
facet normal 0 0 1
outer loop
vertex 59.5 -23.991996449999988 1.2
vertex 59.5 -25.000000000000007 0
vertex 59.5 -24.999999999999993 1.2
endloop
endfacet
facet normal -0.996194698091746 -0.08715574274765456 0
outer loop
vertex 59.53798061746948 -25.434120444167327 1.2
vertex 59.5 -24.999999999999993 1.2
vertex 59.5 -25.000000000000007 0
endloop
endfacet
facet normal -0.996194698091746 -0.08715574274765456 0
outer loop
vertex 59.53798061746948 -25.434120444167327 1.2
vertex 59.5 -25.000000000000007 0
vertex 59.53798061746948 -25.434120444167306 0
endloop
endfacet
facet normal -0.9659258262890685 -0.2588190451025201 0
outer loop
vertex 59.65076844803524 -25.855050358314195 1.2
vertex 59.53798061746948 -25.434120444167327 1.2
vertex 59.53798061746948 -25.434120444167306 0
endloop
endfacet
facet normal -0.9659258262890685 -0.2588190451025201 0
outer loop
vertex 59.65076844803524 -25.855050358314195 1.2
vertex 59.53798061746948 -25.434120444167306 0
vertex 59.65076844803526 -25.855050358314266 0
endloop
endfacet
facet normal -0.9063077870366523 -0.42261826174069467 0
outer loop
vertex 59.83493649053889 -26.24999999999998 1.2
vertex 59.65076844803524 -25.855050358314195 1.2
vertex 59.65076844803526 -25.855050358314266 0
endloop
endfacet
facet normal -0.9063077870366523 -0.42261826174069467 0
outer loop
vertex 59.83493649053889 -26.24999999999998 1.2
vertex 59.65076844803526 -25.855050358314266 0
vertex 59.83493649053886 -26.249999999999936 0
endloop
endfacet
facet normal -0.8191520442889866 -0.5735764363510534 0
outer loop
vertex 60.08488889220254 -26.606969024216326 1.2
vertex 59.83493649053889 -26.24999999999998 1.2
vertex 59.83493649053886 -26.249999999999936 0
endloop
endfacet
facet normal -0.8191520442889866 -0.5735764363510534 0
outer loop
vertex 60.08488889220254 -26.606969024216326 1.2
vertex 59.83493649053886 -26.249999999999936 0
vertex 60.084888892202564 -26.606969024216347 0
endloop
endfacet
facet normal -0.7071067811865493 -0.7071067811865458 0
outer loop
vertex 60.393030975783674 -26.915111107797465 1.2
vertex 60.08488889220254 -26.606969024216326 1.2
vertex 60.084888892202564 -26.606969024216347 0
endloop
endfacet
facet normal -0.7071067811865493 -0.7071067811865458 0
outer loop
vertex 60.393030975783674 -26.915111107797465 1.2
vertex 60.084888892202564 -26.606969024216347 0
vertex 60.39303097578366 -26.91511110779745 0
endloop
endfacet
facet normal -0.5735764363510434 -0.8191520442889937 0
outer loop
vertex 60.749999999999986 -27.165063509461085 1.2
vertex 60.393030975783674 -26.915111107797465 1.2
vertex 60.39303097578366 -26.91511110779745 0
endloop
endfacet
facet normal -0.5735764363510434 -0.8191520442889937 0
outer loop
vertex 60.749999999999986 -27.165063509461085 1.2
vertex 60.39303097578366 -26.91511110779745 0
vertex 60.75000000000001 -27.1650635094611 0
endloop
endfacet
facet normal -0.4226182617407004 -0.9063077870366495 0
outer loop
vertex 61.1449496416858 -27.349231551964756 1.2
vertex 60.749999999999986 -27.165063509461085 1.2
vertex 60.75000000000001 -27.1650635094611 0
endloop
endfacet
facet normal -0.4226182617407004 -0.9063077870366495 0
outer loop
vertex 61.1449496416858 -27.349231551964756 1.2
vertex 60.75000000000001 -27.1650635094611 0
vertex 61.14494964168581 -27.34923155196477 0
endloop
endfacet
facet normal -0.25881904510252335 -0.9659258262890675 0
outer loop
vertex 61.565879555832694 -27.46201938253052 1.2
vertex 61.1449496416858 -27.349231551964756 1.2
vertex 61.14494964168581 -27.34923155196477 0
endloop
endfacet
facet normal -0.25881904510252335 -0.9659258262890675 0
outer loop
vertex 61.565879555832694 -27.46201938253052 1.2
vertex 61.14494964168581 -27.34923155196477 0
vertex 61.565879555832666 -27.46201938253052 0
endloop
endfacet
facet normal -0.08715574274765459 -0.996194698091746 0
outer loop
vertex 61.99999999999998 -27.5 1.2
vertex 61.565879555832694 -27.46201938253052 1.2
vertex 61.565879555832666 -27.46201938253052 0
endloop
endfacet
facet normal -0.08715574274765459 -0.996194698091746 0
outer loop
vertex 61.99999999999998 -27.5 1.2
vertex 61.565879555832666 -27.46201938253052 0
vertex 61.99999999999999 -27.5 0
endloop
endfacet
facet normal 0 -1 0
outer loop
vertex 80.50689780000002 -27.5 0
vertex 80.50689780000002 -27.5 1.2
vertex 61.99999999999998 -27.5 1.2
endloop
endfacet
facet normal 0 -1 0
outer loop
vertex 80.50689780000002 -27.5 0
vertex 61.99999999999998 -27.5 1.2
vertex 61.99999999999999 -27.5 0
endloop
endfacet
facet normal 0 0 -1
outer loop
vertex 94.23428605000001 -37.61885035000001 1.2
vertex 85.32553742946628 -31.05195703750484 1.2
vertex 85.28447600177586 -31.02168948519337 1.2
endloop
endfacet
facet normal 0 0 -1
outer loop
vertex 94.23428605000001 -37.61885035000001 1.2
vertex 85.28447600177586 -31.02168948519337 1.2
vertex 85.20359950860421 -30.962073109788776 1.2
endloop
endfacet
facet normal 0 0 -1
outer loop
vertex 94.23428605000001 -37.61885035000001 1.2
vertex 85.20359950860421 -30.962073109788776 1.2
vertex 85.08536435814476 -30.874918599999994 1.2
endloop
endfacet
facet normal 0 0 -1
outer loop
vertex 94.23428605000001 -37.61885035000001 1.2
vertex 85.08536435814476 -30.874918599999994 1.2
vertex 80.50689780000002 -27.5 1.2
endloop
endfacet
facet normal 0 0 -1
outer loop
vertex 94.23428605000001 -37.61885035000001 1.2
vertex 80.50689780000002 -27.5 1.2
vertex 80.50689780000002 -27.5 0
endloop
endfacet
facet normal 0 0 -1
outer loop
vertex 94.23428605000001 -37.61885035000001 1.2
vertex 80.50689780000002 -27.5 0
vertex 85.08536435814473 -30.87491859999998 0
endloop
endfacet
facet normal 0 0 -1
outer loop
vertex 94.23428605000001 -37.61885035000001 1.2
vertex 85.08536435814473 -30.87491859999998 0
vertex 85.2035995086042 -30.96207310978877 0
endloop
endfacet
facet normal 0 0 -1
outer loop
vertex 94.23428605000001 -37.61885035000001 1.2
vertex 85.2035995086042 -30.96207310978877 0
vertex 85.28447600177586 -31.02168948519337 0
endloop
endfacet
facet normal 0 0 -1
outer loop
vertex 94.23428605000001 -37.61885035000001 1.2
vertex 85.28447600177586 -31.02168948519337 0
vertex 85.32553742946628 -31.05195703750484 0
endloop
endfacet
facet normal 0 0 -1
outer loop
vertex 94.23428605000001 -37.61885035000001 1.2
vertex 85.32553742946628 -31.05195703750484 0
vertex 94.23428604999997 -37.61885034999999 0
endloop
endfacet
facet normal -0.5273329637856109 -0.8496587228441098 0
outer loop
vertex 94.57275980217433 -37.82892100789929 1.2
vertex 94.23428605000001 -37.61885035000001 1.2
vertex 94.23428604999997 -37.61885034999999 0
endloop
endfacet
facet normal -0.5273329637856109 -0.8496587228441098 0
outer loop
vertex 94.57275980217433 -37.82892100789929 1.2
vertex 94.23428604999997 -37.61885034999999 0
vertex 94.57275980217432 -37.82892100789929 0
endloop
endfacet
facet normal -0.3856790844506297 -0.9226329951921967 0
outer loop
vertex 94.9403039035485 -37.982561809010775 1.2
vertex 94.57275980217433 -37.82892100789929 1.2
vertex 94.57275980217432 -37.82892100789929 0
endloop
endfacet
facet normal -0.3856790844506297 -0.9226329951921967 0
outer loop
vertex 94.9403039035485 -37.982561809010775 1.2
vertex 94.57275980217432 -37.82892100789929 0
vertex 94.94030390354844 -37.982561809010754 0
endloop
endfacet
facet normal -0.234232402044725 -0.9721806323067532 0
outer loop
vertex 95.32758601760311 -38.075871649620055 1.2
vertex 94.9403039035485 -37.982561809010775 1.2
vertex 94.94030390354844 -37.982561809010754 0
endloop
endfacet
facet normal -0.234232402044725 -0.9721806323067532 0
outer loop
vertex 95.32758601760311 -38.075871649620055 1.2
vertex 94.94030390354844 -37.982561809010754 0
vertex 95.32758601760314 -38.075871649620055 0
endloop
endfacet
facet normal -0.07683830926963965 -0.9970435668658533 0
outer loop
vertex 95.72477263863688 -38.106481293409935 1.2
vertex 95.32758601760311 -38.075871649620055 1.2
vertex 95.32758601760314 -38.075871649620055 0
endloop
endfacet
facet normal -0.07683830926963965 -0.9970435668658533 0
outer loop
vertex 95.72477263863688 -38.106481293409935 1.2
vertex 95.32758601760314 -38.075871649620055 0
vertex 95.72477263863694 -38.10648129340994 0
endloop
endfacet
facet normal 0.08250679008403239 -0.9965905024582713 0
outer loop
vertex 96.1217787749585 -38.07361352889606 1.2
vertex 95.72477263863688 -38.106481293409935 1.2
vertex 95.72477263863694 -38.10648129340994 0
endloop
endfacet
facet normal 0.08250679008403239 -0.9965905024582713 0
outer loop
vertex 96.1217787749585 -38.07361352889606 1.2
vertex 95.72477263863694 -38.10648129340994 0
vertex 96.12177877495846 -38.073613528896075 0
endloop
endfacet
facet normal 0.23975695408888936 -0.9708329428722628 0
outer loop
vertex 96.50852401757595 -37.97810290365502 1.2
vertex 96.1217787749585 -38.07361352889606 1.2
vertex 96.12177877495846 -38.073613528896075 0
endloop
endfacet
facet normal 0.23975695408888936 -0.9708329428722628 0
outer loop
vertex 96.50852401757595 -37.97810290365502 1.2
vertex 96.12177877495846 -38.073613528896075 0
vertex 96.50852401757587 -37.97810290365504 0
endloop
endfacet
facet normal 0.3909194334592603 -0.9204249000021082 0
outer loop
vertex 96.875188492526 -37.82237453427173 1.2
vertex 96.50852401757595 -37.97810290365502 1.2
vertex 96.50852401757587 -37.97810290365504 0
endloop
endfacet
facet normal 0.3909194334592603 -0.9204249000021082 0
outer loop
vertex 96.875188492526 -37.82237453427173 1.2
vertex 96.50852401757587 -37.97810290365504 0
vertex 96.87518849252608 -37.82237453427169 0
endloop
endfacet
facet normal 0.5321560517113522 -0.8466462877890536 0
outer loop
vertex 97.21246219794173 -37.61038253004432 1.2
vertex 96.875188492526 -37.82237453427173 1.2
vertex 96.87518849252608 -37.82237453427169 0
endloop
endfacet
facet normal 0.5321560517113522 -0.8466462877890536 0
outer loop
vertex 97.21246219794173 -37.61038253004432 1.2
vertex 96.87518849252608 -37.82237453427169 0
vertex 97.21246219794175 -37.61038253004432 0
endloop
endfacet
facet normal 0.6598806605559556 -0.7513704238418196 0
outer loop
vertex 97.51178139492377 -37.34750959393425 1.2
vertex 97.21246219794173 -37.61038253004432 1.2
vertex 97.21246219794175 -37.61038253004432 0
endloop
endfacet
facet normal 0.6598806605559556 -0.7513704238418196 0
outer loop
vertex 97.51178139492377 -37.34750959393425 1.2
vertex 97.21246219794175 -37.61038253004432 0
vertex 97.5117813949238 -37.34750959393422 0
endloop
endfacet
facet normal 0.7708547084856262 -0.6370110033630033 0
outer loop
vertex 97.76554210000005 -37.04043069999998 1.2
vertex 97.51178139492377 -37.34750959393425 1.2
vertex 97.5117813949238 -37.34750959393422 0
endloop
endfacet
facet normal 0.7708547084856262 -0.6370110033630033 0
outer loop
vertex 97.76554210000005 -37.04043069999998 1.2
vertex 97.5117813949238 -37.34750959393422 0
vertex 97.76554210000009 -37.04043069999993 0
endloop
endfacet
facet normal 0 0 -1
outer loop
vertex 109.22293204999987 -20.677579750000202 1.2
vertex 109.13754977025206 -20.79951829999994 1.2
vertex 102.25463598708278 -30.629339300000012 1.2
endloop
endfacet
facet normal 0 0 -1
outer loop
vertex 109.22293204999987 -20.677579750000202 1.2
vertex 102.25463598708278 -30.629339300000012 1.2
vertex 102.16113773616499 -30.762868659699727 1.2
endloop
endfacet
facet normal 0 0 -1
outer loop
vertex 109.22293204999987 -20.677579750000202 1.2
vertex 102.16113773616499 -30.762868659699727 1.2
vertex 102.08268329534971 -30.87491322892783 1.2
endloop
endfacet
facet normal 0 0 -1
outer loop
vertex 109.22293204999987 -20.677579750000202 1.2
vertex 102.08268329534971 -30.87491322892783 1.2
vertex 102.02165643062919 -30.96206863654905 1.2
endloop
endfacet
facet normal 0 0 -1
outer loop
vertex 109.22293204999987 -20.677579750000202 1.2
vertex 102.02165643062919 -30.96206863654905 1.2
vertex 101.97991138713226 -31.0216867457015 1.2
endloop
endfacet
facet normal 0 0 -1
outer loop
vertex 109.22293204999987 -20.677579750000202 1.2
vertex 101.97991138713226 -31.0216867457015 1.2
vertex 101.95874304689742 -31.051918272919586 1.2
endloop
endfacet
facet normal 0 0 -1
outer loop
vertex 109.22293204999987 -20.677579750000202 1.2
vertex 101.95874304689742 -31.051918272919586 1.2
vertex 101.95871590364648 -31.05195703750484 1.2
endloop
endfacet
facet normal 0 0 -1
outer loop
vertex 109.22293204999987 -20.677579750000202 1.2
vertex 101.95871590364648 -31.05195703750484 1.2
vertex 97.76554210000005 -37.04043069999998 1.2
endloop
endfacet
facet normal 0 0 -1
outer loop
vertex 109.22293204999987 -20.677579750000202 1.2
vertex 97.76554210000005 -37.04043069999998 1.2
vertex 97.76554210000009 -37.04043069999993 0
endloop
endfacet
facet normal 0 0 -1
outer loop
vertex 109.22293204999987 -20.677579750000202 1.2
vertex 97.76554210000009 -37.04043069999993 0
vertex 101.95871590364648 -31.05195703750484 0
endloop
endfacet
facet normal 0 0 -1
outer loop
vertex 109.22293204999987 -20.677579750000202 1.2
vertex 101.95871590364648 -31.05195703750484 0
vertex 101.95874304689742 -31.051918272919586 0
endloop
endfacet
facet normal 0 0 -1
outer loop
vertex 109.22293204999987 -20.677579750000202 1.2
vertex 101.95874304689742 -31.051918272919586 0
vertex 101.97991138713226 -31.021686745701523 0
endloop
endfacet
facet normal 0 0 -1
outer loop
vertex 109.22293204999987 -20.677579750000202 1.2
vertex 101.97991138713226 -31.021686745701523 0
vertex 102.02165643062918 -30.962068636549056 0
endloop
endfacet
facet normal 0 0 -1
outer loop
vertex 109.22293204999987 -20.677579750000202 1.2
vertex 102.02165643062918 -30.962068636549056 0
vertex 102.08268329534972 -30.874913228927788 0
endloop
endfacet
facet normal 0 0 -1
outer loop
vertex 109.22293204999987 -20.677579750000202 1.2
vertex 102.08268329534972 -30.874913228927788 0
vertex 102.16113773616499 -30.762868659699713 0
endloop
endfacet
facet normal 0 0 -1
outer loop
vertex 109.22293204999987 -20.677579750000202 1.2
vertex 102.16113773616499 -30.762868659699713 0
vertex 102.25463598708272 -30.629339300000076 0
endloop
endfacet
facet normal 0 0 -1
outer loop
vertex 109.22293204999987 -20.677579750000202 1.2
vertex 102.25463598708272 -30.629339300000076 0
vertex 109.13754977025202 -20.799518299999992 0
endloop
endfacet
facet normal 0 0 -1
outer loop
vertex 109.22293204999987 -20.677579750000202 1.2
vertex 109.13754977025202 -20.799518299999992 0
vertex 109.22293204999995 -20.677579750000085 0
endloop
endfacet
facet normal 0 0 1
outer loop
vertex 109.44082110613351 -20.300184322973173 1.2
vertex 109.43336693451828 -20.313095344434192 1.2
vertex 109.33425777712415 -20.484757673147495 1.2
endloop
endfacet
facet normal 0 0 1
outer loop
vertex 109.44082110613351 -20.300184322973173 1.2
vertex 109.33425777712415 -20.484757673147495 1.2
vertex 109.23968876371073 -20.648556231156732 1.2
endloop
endfacet
facet normal 0 0 1
outer loop
vertex 109.44082110613351 -20.300184322973173 1.2
vertex 109.23968876371073 -20.648556231156732 1.2
vertex 109.22293204999987 -20.677579750000202 1.2
endloop
endfacet
facet normal 0 0 1
outer loop
vertex 109.44082110613351 -20.300184322973173 1.2
vertex 109.22293204999987 -20.677579750000202 1.2
vertex 109.22293204999995 -20.677579750000085 0
endloop
endfacet
facet normal 0 0 1
outer loop
vertex 109.44082110613351 -20.300184322973173 1.2
vertex 109.22293204999995 -20.677579750000085 0
vertex 109.23968876371077 -20.648556231156693 0
endloop
endfacet
facet normal 0 0 1
outer loop
vertex 109.44082110613351 -20.300184322973173 1.2
vertex 109.23968876371077 -20.648556231156693 0
vertex 109.33425777712415 -20.484757673147545 0
endloop
endfacet
facet normal 0 0 1
outer loop
vertex 109.44082110613351 -20.300184322973173 1.2
vertex 109.33425777712415 -20.484757673147545 0
vertex 109.43336693451829 -20.313095344434213 0
endloop
endfacet
facet normal 0 0 1
outer loop
vertex 109.44082110613351 -20.300184322973173 1.2
vertex 109.43336693451829 -20.313095344434213 0
vertex 109.44082110613347 -20.300184322973273 0
endloop
endfacet
facet normal 0 0 -1
outer loop
vertex 109.58986593582405 -19.890686352445933 1.2
vertex 109.56204530254311 -19.967123038582464 1.2
vertex 109.49956554284307 -20.138785046914588 1.2
endloop
endfacet
facet normal 0 0 -1
outer loop
vertex 109.58986593582405 -19.890686352445933 1.2
vertex 109.49956554284307 -20.138785046914588 1.2
vertex 109.44082110613351 -20.300184322973173 1.2
endloop
endfacet
facet normal 0 0 -1
outer loop
vertex 109.58986593582405 -19.890686352445933 1.2
vertex 109.44082110613351 -20.300184322973173 1.2
vertex 109.44082110613347 -20.300184322973273 0
endloop
endfacet
facet normal 0 0 -1
outer loop
vertex 109.58986593582405 -19.890686352445933 1.2
vertex 109.44082110613347 -20.300184322973273 0
vertex 109.49956554284302 -20.138785046914716 0
endloop
endfacet
facet normal 0 0 -1
outer loop
vertex 109.58986593582405 -19.890686352445933 1.2
vertex 109.49956554284302 -20.138785046914716 0
vertex 109.56204530254313 -19.967123038582425 0
endloop
endfacet
facet normal 0 0 -1
outer loop
vertex 109.58986593582405 -19.890686352445933 1.2
vertex 109.56204530254313 -19.967123038582425 0
vertex 109.58986593582404 -19.890686352445965 0
endloop
endfacet
facet normal 0 0 -1
outer loop
vertex 109.66553789063815 -19.461528217980177 1.2
vertex 109.6554325266536 -19.518838738983142 1.2
vertex 109.63188775814884 -19.652368115259396 1.2
endloop
endfacet
facet normal 0 0 -1
outer loop
vertex 109.66553789063815 -19.461528217980177 1.2
vertex 109.63188775814884 -19.652368115259396 1.2
vertex 109.60527003827202 -19.80332511160137 1.2
endloop
endfacet
facet normal 0 0 -1
outer loop
vertex 109.66553789063815 -19.461528217980177 1.2
vertex 109.60527003827202 -19.80332511160137 1.2
vertex 109.58986593582405 -19.890686352445933 1.2
endloop
endfacet
facet normal 0 0 -1
outer loop
vertex 109.66553789063815 -19.461528217980177 1.2
vertex 109.58986593582405 -19.890686352445933 1.2
vertex 109.58986593582404 -19.890686352445965 0
endloop
endfacet
facet normal 0 0 -1
outer loop
vertex 109.66553789063815 -19.461528217980177 1.2
vertex 109.58986593582404 -19.890686352445965 0
vertex 109.60527003827202 -19.80332511160136 0
endloop
endfacet
facet normal 0 0 -1
outer loop
vertex 109.66553789063815 -19.461528217980177 1.2
vertex 109.60527003827202 -19.80332511160136 0
vertex 109.63188775814882 -19.652368115259353 0
endloop
endfacet
facet normal 0 0 -1
outer loop
vertex 109.66553789063815 -19.461528217980177 1.2
vertex 109.63188775814882 -19.652368115259353 0
vertex 109.65543252665357 -19.518838738983153 0
endloop
endfacet
facet normal 0 0 -1
outer loop
vertex 109.66553789063815 -19.461528217980177 1.2
vertex 109.65543252665357 -19.518838738983153 0
vertex 109.66553789063813 -19.46152821798015 0
endloop
endfacet
facet normal 0 0 -1
outer loop
vertex 109.66553771819412 -19.025749662836073 1.2
vertex 109.66553786897907 -19.40679414999991 1.2
vertex 109.66553789063815 -19.461528217980177 1.2
endloop
endfacet
facet normal 0 0 -1
outer loop
vertex 109.66553771819412 -19.025749662836073 1.2
vertex 109.66553789063815 -19.461528217980177 1.2
vertex 109.66553789063813 -19.46152821798015 0
endloop
endfacet
facet normal 0 0 -1
outer loop
vertex 109.66553771819412 -19.025749662836073 1.2
vertex 109.66553789063813 -19.46152821798015 0
vertex 109.66553786897906 -19.406794149999968 0
endloop
endfacet
facet normal 0 0 -1
outer loop
vertex 109.66553771819412 -19.025749662836073 1.2
vertex 109.66553786897906 -19.406794149999968 0
vertex 109.6655377181941 -19.025749662836024 0
endloop
endfacet
facet normal 0.9848076953549161 0.1736485046573647 0
outer loop
vertex 109.58986542373161 -18.59659158825959 1.2
vertex 109.66553771819412 -19.025749662836073 1.2
vertex 109.6655377181941 -19.025749662836024 0
endloop
endfacet
facet normal 0.9848076953549161 0.1736485046573647 0
outer loop
vertex 109.58986542373161 -18.59659158825959 1.2
vertex 109.6655377181941 -19.025749662836024 0
vertex 109.5898654237316 -18.596591588259525 0
endloop
endfacet
facet normal 0.9396925290031146 0.34202039549671664 0
outer loop
vertex 109.44082026995224 -18.187093735690922 1.2
vertex 109.58986542373161 -18.59659158825959 1.2
vertex 109.5898654237316 -18.596591588259525 0
endloop
endfacet
facet normal 0.9396925290031146 0.34202039549671664 0
outer loop
vertex 109.44082026995224 -18.187093735690922 1.2
vertex 109.5898654237316 -18.596591588259525 0
vertex 109.44082026995225 -18.18709373569093 0
endloop
endfacet
facet normal 0.8660253014470107 0.5000001772535829 0
outer loop
vertex 109.22293091513687 -17.809698481108097 1.2
vertex 109.44082026995224 -18.187093735690922 1.2
vertex 109.44082026995225 -18.18709373569093 0
endloop
endfacet
facet normal 0.8660253014470107 0.5000001772535829 0
outer loop
vertex 109.22293091513687 -17.809698481108097 1.2
vertex 109.44082026995225 -18.18709373569093 0
vertex 109.2229309151369 -17.809698481108132 0
endloop
endfacet
facet normal 0.7660443524892373 0.6427877176948431 0
outer loop
vertex 108.94281781225548 -17.47587278000408 1.2
vertex 109.22293091513687 -17.809698481108097 1.2
vertex 109.2229309151369 -17.809698481108132 0
endloop
endfacet
facet normal 0.7660443524892373 0.6427877176948431 0
outer loop
vertex 108.94281781225548 -17.47587278000408 1.2
vertex 109.2229309151369 -17.809698481108132 0
vertex 108.9428178122555 -17.47587278000411 0
endloop
endfacet
facet normal 0.6427902034955503 0.7660422666473103 0
outer loop
vertex 108.60899410000002 -17.195759500000012 1.2
vertex 108.94281781225548 -17.47587278000408 1.2
vertex 108.9428178122555 -17.47587278000411 0
endloop
endfacet
facet normal 0.6427902034955503 0.7660422666473103 0
outer loop
vertex 108.60899410000002 -17.195759500000012 1.2
vertex 108.9428178122555 -17.47587278000411 0
vertex 108.6089940999999 -17.195759499999934 0
endloop
endfacet
facet normal 0 0 -1
outer loop
vertex 105 -14.668714600000005 1.2
vertex 107.61517019078086 -16.4998765 1.2
vertex 108.60899410000002 -17.195759500000012 1.2
endloop
endfacet
facet normal 0 0 -1
outer loop
vertex 105 -14.668714600000005 1.2
vertex 108.60899410000002 -17.195759500000012 1.2
vertex 108.6089940999999 -17.195759499999934 0
endloop
endfacet
facet normal 0 0 -1
outer loop
vertex 105 -14.668714600000005 1.2
vertex 108.6089940999999 -17.195759499999934 0
vertex 107.61517019078084 -16.499876499999996 0
endloop
endfacet
facet normal 0 0 -1
outer loop
vertex 105 -14.668714600000005 1.2
vertex 107.61517019078084 -16.499876499999996 0
vertex 105 -14.668714600000001 0
endloop
endfacet
facet normal -1 0 0
outer loop
vertex 105 -14.668714600000005 1.2
vertex 105 -14.668714600000001 0
vertex 105 -16.499876499999996 0
endloop
endfacet
facet normal -1 0 0
outer loop
vertex 105 -14.668714600000005 1.2
vertex 105 -16.499876499999996 0
vertex 105 -16.4998765 1.2
endloop
endfacet
facet normal 0 0 -1
outer loop
vertex 90.67252270000007 -6.467659650000037 1.2
vertex 90.69126802563066 -6.480785280403232 1.2
vertex 90.71870946384563 -6.5 1.2
endloop
endfacet
facet normal 0 0 -1
outer loop
vertex 90.67252270000007 -6.467659650000037 1.2
vertex 90.71870946384563 -6.5 1.2
vertex 92.86092950068624 -8 1.2
endloop
endfacet
facet normal 0 0 -1
outer loop
vertex 90.67252270000007 -6.467659650000037 1.2
vertex 92.86092950068624 -8 1.2
vertex 92.88837093890122 -8.01921471959677 1.2
endloop
endfacet
facet normal 0 0 -1
outer loop
vertex 90.67252270000007 -6.467659650000037 1.2
vertex 92.88837093890122 -8.01921471959677 1.2
vertex 92.9696406944649 -8.076120467488707 1.2
endloop
endfacet
facet normal 0 0 -1
outer loop
vertex 90.67252270000007 -6.467659650000037 1.2
vertex 92.9696406944649 -8.076120467488707 1.2
vertex 93.10161561624759 -8.168530387697455 1.2
endloop
endfacet
facet normal 0 0 -1
outer loop
vertex 90.67252270000007 -6.467659650000037 1.2
vertex 93.10161561624759 -8.168530387697455 1.2
vertex 93.2792239820175 -8.292893218813436 1.2
endloop
endfacet
facet normal 0 0 -1
outer loop
vertex 90.67252270000007 -6.467659650000037 1.2
vertex 93.2792239820175 -8.292893218813436 1.2
vertex 93.49564041976414 -8.44442976698041 1.2
endloop
endfacet
facet normal 0 0 -1
outer loop
vertex 90.67252270000007 -6.467659650000037 1.2
vertex 93.49564041976414 -8.44442976698041 1.2
vertex 93.74254815685839 -8.617316567634827 1.2
endloop
endfacet
facet normal 0 0 -1
outer loop
vertex 90.67252270000007 -6.467659650000037 1.2
vertex 93.74254815685839 -8.617316567634827 1.2
vertex 94.01045866359144 -8.80490967798396 1.2
endloop
endfacet
facet normal 0 0 -1
outer loop
vertex 90.67252270000007 -6.467659650000037 1.2
vertex 94.01045866359144 -8.80490967798396 1.2
vertex 94.28907628943465 -8.999999999999975 1.2
endloop
endfacet
facet normal 0 0 -1
outer loop
vertex 90.67252270000007 -6.467659650000037 1.2
vertex 94.28907628943465 -8.999999999999975 1.2
vertex 94.56769391527807 -9.195090322016128 1.2
endloop
endfacet
facet normal 0 0 -1
outer loop
vertex 90.67252270000007 -6.467659650000037 1.2
vertex 94.56769391527807 -9.195090322016128 1.2
vertex 94.8356044220108 -9.382683432365049 1.2
endloop
endfacet
facet normal 0 0 -1
outer loop
vertex 90.67252270000007 -6.467659650000037 1.2
vertex 94.8356044220108 -9.382683432365049 1.2
vertex 95.08251215910532 -9.555570233019651 1.2
endloop
endfacet
facet normal 0 0 -1
outer loop
vertex 90.67252270000007 -6.467659650000037 1.2
vertex 95.08251215910532 -9.555570233019651 1.2
vertex 95.29892860069218 -9.70710678118656 1.2
endloop
endfacet
facet normal 0 0 -1
outer loop
vertex 90.67252270000007 -6.467659650000037 1.2
vertex 95.29892860069218 -9.70710678118656 1.2
vertex 95.47653698428911 -9.831469612302513 1.2
endloop
endfacet
facet normal 0 0 -1
outer loop
vertex 90.67252270000007 -6.467659650000037 1.2
vertex 95.47653698428911 -9.831469612302513 1.2
vertex 95.60851191931853 -9.923879532511297 1.2
endloop
endfacet
facet normal 0 0 -1
outer loop
vertex 90.67252270000007 -6.467659650000037 1.2
vertex 95.60851191931853 -9.923879532511297 1.2
vertex 95.68978168303947 -9.980785280403232 1.2
endloop
endfacet
facet normal 0 0 -1
outer loop
vertex 90.67252270000007 -6.467659650000037 1.2
vertex 95.68978168303947 -9.980785280403232 1.2
vertex 95.71722312400884 -10.000000000000007 1.2
endloop
endfacet
facet normal 0 0 -1
outer loop
vertex 90.67252270000007 -6.467659650000037 1.2
vertex 95.71722312400884 -10.000000000000007 1.2
vertex 99.06361634239111 -12.34317168050871 1.2
endloop
endfacet
facet normal 0 0 -1
outer loop
vertex 90.67252270000007 -6.467659650000037 1.2
vertex 99.06361634239111 -12.34317168050871 1.2
vertex 99.07729781110021 -12.352751555895388 1.2
endloop
endfacet
facet normal 0 0 -1
outer loop
vertex 90.67252270000007 -6.467659650000037 1.2
vertex 99.07729781110021 -12.352751555895388 1.2
vertex 99.1258035131999 -12.38671564202814 1.2
endloop
endfacet
facet normal 0 0 -1
outer loop
vertex 90.67252270000007 -6.467659650000037 1.2
vertex 99.1258035131999 -12.38671564202814 1.2
vertex 99.20793905133894 -12.444227612191582 1.2
endloop
endfacet
facet normal 0 0 -1
outer loop
vertex 90.67252270000007 -6.467659650000037 1.2
vertex 99.20793905133894 -12.444227612191582 1.2
vertex 99.32168375819137 -12.523872599999958 1.2
endloop
endfacet
facet normal 0 0 -1
outer loop
vertex 90.67252270000007 -6.467659650000037 1.2
vertex 99.32168375819137 -12.523872599999958 1.2
vertex 105 -16.4998765 1.2
endloop
endfacet
facet normal 0 0 -1
outer loop
vertex 90.67252270000007 -6.467659650000037 1.2
vertex 105 -16.4998765 1.2
vertex 105 -16.499876499999996 0
endloop
endfacet
facet normal 0 0 -1
outer loop
vertex 90.67252270000007 -6.467659650000037 1.2
vertex 105 -16.499876499999996 0
vertex 99.32168318590904 -12.523872599999983 0
endloop
endfacet
facet normal 0 0 -1
outer loop
vertex 90.67252270000007 -6.467659650000037 1.2
vertex 99.32168318590904 -12.523872599999983 0
vertex 99.20793846009765 -12.444227612191582 0
endloop
endfacet
facet normal 0 0 -1
outer loop
vertex 90.67252270000007 -6.467659650000037 1.2
vertex 99.20793846009765 -12.444227612191582 0
vertex 99.12580293020278 -12.386715642028143 0
endloop
endfacet
facet normal 0 0 -1
outer loop
vertex 90.67252270000007 -6.467659650000037 1.2
vertex 99.12580293020278 -12.386715642028143 0
vertex 99.07729723297173 -12.352751555895388 0
endloop
endfacet
facet normal 0 0 -1
outer loop
vertex 90.67252270000007 -6.467659650000037 1.2
vertex 99.07729723297173 -12.352751555895388 0
vertex 99.06361576563589 -12.34317168050871 0
endloop
endfacet
facet normal 0 0 -1
outer loop
vertex 90.67252270000007 -6.467659650000037 1.2
vertex 99.06361576563589 -12.34317168050871 0
vertex 95.7172228831404 -10.000000000000007 0
endloop
endfacet
facet normal 0 0 -1
outer loop
vertex 90.67252270000007 -6.467659650000037 1.2
vertex 95.7172228831404 -10.000000000000007 0
vertex 95.68978144492542 -9.980785280403232 0
endloop
endfacet
facet normal 0 0 -1
outer loop
vertex 90.67252270000007 -6.467659650000037 1.2
vertex 95.68978144492542 -9.980785280403232 0
vertex 95.60851168936173 -9.923879532511293 0
endloop
endfacet
facet normal 0 0 -1
outer loop
vertex 90.67252270000007 -6.467659650000037 1.2
vertex 95.60851168936173 -9.923879532511293 0
vertex 95.47653676757903 -9.831469612302527 0
endloop
endfacet
facet normal 0 0 -1
outer loop
vertex 90.67252270000007 -6.467659650000037 1.2
vertex 95.47653676757903 -9.831469612302527 0
vertex 95.29892840180912 -9.70710678118655 0
endloop
endfacet
facet normal 0 0 -1
outer loop
vertex 90.67252270000007 -6.467659650000037 1.2
vertex 95.29892840180912 -9.70710678118655 0
vertex 95.08251198194449 -9.555570233019587 0
endloop
endfacet
facet normal 0 0 -1
outer loop
vertex 90.67252270000007 -6.467659650000037 1.2
vertex 95.08251198194449 -9.555570233019587 0
vertex 94.8356042696329 -9.382683432365063 0
endloop
endfacet
facet normal 0 0 -1
outer loop
vertex 90.67252270000007 -6.467659650000037 1.2
vertex 94.8356042696329 -9.382683432365063 0
vertex 94.56769378979111 -9.19509032201615 0
endloop
endfacet
facet normal 0 0 -1
outer loop
vertex 90.67252270000007 -6.467659650000037 1.2
vertex 94.56769378979111 -9.19509032201615 0
vertex 94.28907619191331 -8.999999999999993 0
endloop
endfacet
facet normal 0 0 -1
outer loop
vertex 90.67252270000007 -6.467659650000037 1.2
vertex 94.28907619191331 -8.999999999999993 0
vertex 94.01045859403563 -8.804909677983915 0
endloop
endfacet
facet normal 0 0 -1
outer loop
vertex 90.67252270000007 -6.467659650000037 1.2
vertex 94.01045859403563 -8.804909677983915 0
vertex 93.74254811419361 -8.617316567634846 0
endloop
endfacet
facet normal 0 0 -1
outer loop
vertex 90.67252270000007 -6.467659650000037 1.2
vertex 93.74254811419361 -8.617316567634846 0
vertex 93.49564040188211 -8.444429766980395 0
endloop
endfacet
facet normal 0 0 -1
outer loop
vertex 90.67252270000007 -6.467659650000037 1.2
vertex 93.49564040188211 -8.444429766980395 0
vertex 93.27922398201753 -8.292893218813454 0
endloop
endfacet
facet normal 0 0 -1
outer loop
vertex 90.67252270000007 -6.467659650000037 1.2
vertex 93.27922398201753 -8.292893218813454 0
vertex 93.10161561624759 -8.168530387697455 0
endloop
endfacet
facet normal 0 0 -1
outer loop
vertex 90.67252270000007 -6.467659650000037 1.2
vertex 93.10161561624759 -8.168530387697455 0
vertex 92.9696406944649 -8.07612046748871 0
endloop
endfacet
facet normal 0 0 -1
outer loop
vertex 90.67252270000007 -6.467659650000037 1.2
vertex 92.9696406944649 -8.07612046748871 0
vertex 92.88837093890123 -8.019214719596771 0
endloop
endfacet
facet normal 0 0 -1
outer loop
vertex 90.67252270000007 -6.467659650000037 1.2
vertex 92.88837093890123 -8.019214719596771 0
vertex 92.86092950068624 -8 0
endloop
endfacet
facet normal 0 0 -1
outer loop
vertex 90.67252270000007 -6.467659650000037 1.2
vertex 92.86092950068624 -8 0
vertex 90.71870946384563 -6.5 0
endloop
endfacet
facet normal 0 0 -1
outer loop
vertex 90.67252270000007 -6.467659650000037 1.2
vertex 90.71870946384563 -6.5 0
vertex 90.69126802563063 -6.480785280403229 0
endloop
endfacet
facet normal 0 0 -1
outer loop
vertex 90.67252270000007 -6.467659650000037 1.2
vertex 90.69126802563063 -6.480785280403229 0
vertex 90.67252269999996 -6.467659649999973 0
endloop
endfacet
facet normal 0 0 -1
outer loop
vertex 90.58629481354589 -6.413607065038724 1.2
vertex 90.6026820623604 -6.423879532511286 1.2
vertex 90.67252270000007 -6.467659650000037 1.2
endloop
endfacet
facet normal 0 0 -1
outer loop
vertex 90.58629481354589 -6.413607065038724 1.2
vertex 90.67252270000007 -6.467659650000037 1.2
vertex 90.67252269999996 -6.467659649999973 0
endloop
endfacet
facet normal 0 0 -1
outer loop
vertex 90.58629481354589 -6.413607065038724 1.2
vertex 90.67252269999996 -6.467659649999973 0
vertex 90.60268206236039 -6.423879532511284 0
endloop
endfacet
facet normal 0 0 -1
outer loop
vertex 90.58629481354589 -6.413607065038724 1.2
vertex 90.60268206236039 -6.423879532511284 0
vertex 90.5862948135458 -6.413607065038679 0
endloop
endfacet
facet normal 0.4422635109811179 0.8968851581192848 0
outer loop
vertex 90.49501970356036 -6.368598347655066 1.2
vertex 90.58629481354589 -6.413607065038724 1.2
vertex 90.5862948135458 -6.413607065038679 0
endloop
endfacet
facet normal 0.4422635109811179 0.8968851581192848 0
outer loop
vertex 90.49501970356036 -6.368598347655066 1.2
vertex 90.5862948135458 -6.413607065038679 0
vertex 90.49501970356036 -6.368598347655066 0
endloop
endfacet
facet normal 0.3488280916775466 0.9371867276357477 0
outer loop
vertex 90.39964539999998 -6.3330992999999935 1.2
vertex 90.49501970356036 -6.368598347655066 1.2
vertex 90.49501970356036 -6.368598347655066 0
endloop
endfacet
facet normal 0.3488280916775466 0.9371867276357477 0
outer loop
vertex 90.39964539999998 -6.3330992999999935 1.2
vertex 90.49501970356036 -6.368598347655066 0
vertex 90.39964540000005 -6.33309930000002 0
endloop
endfacet
facet normal 0 0 1
outer loop
vertex 83.10281499999988 -4.032424999999959 1.2
vertex 84.58577826615202 -4.5 1.2
vertex 84.6467197692936 -4.51921471959677 1.2
endloop
endfacet
facet normal 0 0 1
outer loop
vertex 83.10281499999988 -4.032424999999959 1.2
vertex 84.6467197692936 -4.51921471959677 1.2
vertex 84.82720233092897 -4.576120467488714 1.2
endloop
endfacet
facet normal 0 0 1
outer loop
vertex 83.10281499999988 -4.032424999999959 1.2
vertex 84.82720233092897 -4.576120467488714 1.2
vertex 85.12029010743029 -4.668530387697459 1.2
endloop
endfacet
facet normal 0 0 1
outer loop
vertex 83.10281499999988 -4.032424999999959 1.2
vertex 85.12029010743029 -4.668530387697459 1.2
vertex 85.5147198999121 -4.792893218813445 1.2
endloop
endfacet
facet normal 0 0 1
outer loop
vertex 83.10281499999988 -4.032424999999959 1.2
vertex 85.5147198999121 -4.792893218813445 1.2
vertex 85.99533399264817 -4.9444297669804005 1.2
endloop
endfacet
facet normal 0 0 1
outer loop
vertex 83.10281499999988 -4.032424999999959 1.2
vertex 85.99533399264817 -4.9444297669804005 1.2
vertex 86.54366265558605 -5.117316567634909 1.2
endloop
endfacet
facet normal 0 0 1
outer loop
vertex 83.10281499999988 -4.032424999999959 1.2
vertex 86.54366265558605 -5.117316567634909 1.2
vertex 87.13863392571537 -5.304909677983872 1.2
endloop
endfacet
facet normal 0 0 1
outer loop
vertex 83.10281499999988 -4.032424999999959 1.2
vertex 87.13863392571537 -5.304909677983872 1.2
vertex 87.75738339078872 -5.499999999999991 1.2
endloop
endfacet
facet normal 0 0 1
outer loop
vertex 83.10281499999988 -4.032424999999959 1.2
vertex 87.75738339078872 -5.499999999999991 1.2
vertex 88.37613285586215 -5.695090322016139 1.2
endloop
endfacet
facet normal 0 0 1
outer loop
vertex 83.10281499999988 -4.032424999999959 1.2
vertex 88.37613285586215 -5.695090322016139 1.2
vertex 88.97110412599142 -5.882683432365088 1.2
endloop
endfacet
facet normal 0 0 1
outer loop
vertex 83.10281499999988 -4.032424999999959 1.2
vertex 88.97110412599142 -5.882683432365088 1.2
vertex 89.51943278892931 -6.055570233019598 1.2
endloop
endfacet
facet normal 0 0 1
outer loop
vertex 83.10281499999988 -4.032424999999959 1.2
vertex 89.51943278892931 -6.055570233019598 1.2
vertex 90.00004688166537 -6.20710678118655 1.2
endloop
endfacet
facet normal 0 0 1
outer loop
vertex 83.10281499999988 -4.032424999999959 1.2
vertex 90.00004688166537 -6.20710678118655 1.2
vertex 90.3944766741472 -6.331469612302545 1.2
endloop
endfacet
facet normal 0 0 1
outer loop
vertex 83.10281499999988 -4.032424999999959 1.2
vertex 90.3944766741472 -6.331469612302545 1.2
vertex 90.39964539999998 -6.3330992999999935 1.2
endloop
endfacet
facet normal 0 0 1
outer loop
vertex 83.10281499999988 -4.032424999999959 1.2
vertex 90.39964539999998 -6.3330992999999935 1.2
vertex 90.39964540000005 -6.33309930000002 0
endloop
endfacet
facet normal 0 0 1
outer loop
vertex 83.10281499999988 -4.032424999999959 1.2
vertex 90.39964540000005 -6.33309930000002 0
vertex 90.39447667414717 -6.331469612302543 0
endloop
endfacet
facet normal 0 0 1
outer loop
vertex 83.10281499999988 -4.032424999999959 1.2
vertex 90.39447667414717 -6.331469612302543 0
vertex 90.00004688166536 -6.20710678118655 0
endloop
endfacet
facet normal 0 0 1
outer loop
vertex 83.10281499999988 -4.032424999999959 1.2
vertex 90.00004688166536 -6.20710678118655 0
vertex 89.5194327889293 -6.055570233019598 0
endloop
endfacet
facet normal 0 0 1
outer loop
vertex 83.10281499999988 -4.032424999999959 1.2
vertex 89.5194327889293 -6.055570233019598 0
vertex 88.9711041259914 -5.882683432365084 0
endloop
endfacet
facet normal 0 0 1
outer loop
vertex 83.10281499999988 -4.032424999999959 1.2
vertex 88.9711041259914 -5.882683432365084 0
vertex 88.37613285586215 -5.69509032201614 0
endloop
endfacet
facet normal 0 0 1
outer loop
vertex 83.10281499999988 -4.032424999999959 1.2
vertex 88.37613285586215 -5.69509032201614 0
vertex 87.75738339078869 -5.499999999999986 0
endloop
endfacet
facet normal 0 0 1
outer loop
vertex 83.10281499999988 -4.032424999999959 1.2
vertex 87.75738339078869 -5.499999999999986 0
vertex 87.13863392571535 -5.304909677983872 0
endloop
endfacet
facet normal 0 0 1
outer loop
vertex 83.10281499999988 -4.032424999999959 1.2
vertex 87.13863392571535 -5.304909677983872 0
vertex 86.54366265558602 -5.117316567634905 0
endloop
endfacet
facet normal 0 0 1
outer loop
vertex 83.10281499999988 -4.032424999999959 1.2
vertex 86.54366265558602 -5.117316567634905 0
vertex 85.99533399264816 -4.944429766980404 0
endloop
endfacet
facet normal 0 0 1
outer loop
vertex 83.10281499999988 -4.032424999999959 1.2
vertex 85.99533399264816 -4.944429766980404 0
vertex 85.51471989991207 -4.792893218813443 0
endloop
endfacet
facet normal 0 0 1
outer loop
vertex 83.10281499999988 -4.032424999999959 1.2
vertex 85.51471989991207 -4.792893218813443 0
vertex 85.12029010743028 -4.668530387697455 0
endloop
endfacet
facet normal 0 0 1
outer loop
vertex 83.10281499999988 -4.032424999999959 1.2
vertex 85.12029010743028 -4.668530387697455 0
vertex 84.82720233092896 -4.576120467488714 0
endloop
endfacet
facet normal 0 0 1
outer loop
vertex 83.10281499999988 -4.032424999999959 1.2
vertex 84.82720233092896 -4.576120467488714 0
vertex 84.64671976929358 -4.519214719596768 0
endloop
endfacet
facet normal 0 0 1
outer loop
vertex 83.10281499999988 -4.032424999999959 1.2
vertex 84.64671976929358 -4.519214719596768 0
vertex 84.585778266152 -4.5 0
endloop
endfacet
facet normal 0 0 1
outer loop
vertex 83.10281499999988 -4.032424999999959 1.2
vertex 84.585778266152 -4.5 0
vertex 83.10281499999991 -4.0324249999999715 0
endloop
endfacet
facet normal 0.2753786848818117 0.961335830973112 0
outer loop
vertex 83.05175725181734 -4.017799293670775 1.2
vertex 83.10281499999988 -4.032424999999959 1.2
vertex 83.10281499999991 -4.0324249999999715 0
endloop
endfacet
facet normal 0.2753786848818117 0.961335830973112 0
outer loop
vertex 83.05175725181734 -4.017799293670775 1.2
vertex 83.10281499999991 -4.0324249999999715 0
vertex 83.05175725181724 -4.01779929367075 0
endloop
endfacet
facet normal 0.2238816669855694 0.9746163343530431 0
outer loop
vertex 83 -4.00591 1.2
vertex 83.05175725181734 -4.017799293670775 1.2
vertex 83.05175725181724 -4.01779929367075 0
endloop
endfacet
facet normal 0.2238816669855694 0.9746163343530431 0
outer loop
vertex 83 -4.00591 1.2
vertex 83.05175725181724 -4.01779929367075 0
vertex 83 -4.005909999999998 0
endloop
endfacet
facet normal 1 0 0
outer loop
vertex 83 -1 0
vertex 83 -0.9848077530122072 0
vertex 83 -0.9396926207859089 0
endloop
endfacet
facet normal 1 0 0
outer loop
vertex 83 -1 0
vertex 83 -0.9396926207859089 0
vertex 83 -0.8660254037844464 0
endloop
endfacet
facet normal 1 0 0
outer loop
vertex 83 -1 0
vertex 83 -0.8660254037844464 0
vertex 83 -0.7660444431189788 0
endloop
endfacet
facet normal 1 0 0
outer loop
vertex 83 -1 0
vertex 83 -0.7660444431189788 0
vertex 83 -0.642787609686609 0
endloop
endfacet
facet normal 1 0 0
outer loop
vertex 83 -1 0
vertex 83 -0.642787609686609 0
vertex 83 -0.4999999999999476 0
endloop
endfacet
facet normal 1 0 0
outer loop
vertex 83 -1 0
vertex 83 -0.4999999999999476 0
vertex 83 -0.34202014332571906 0
endloop
endfacet
facet normal 1 0 0
outer loop
vertex 83 -1 0
vertex 83 -0.34202014332571906 0
vertex 83 -0.17364817766696738 0
endloop
endfacet
facet normal 1 0 0
outer loop
vertex 83 -1 0
vertex 83 -0.17364817766696738 0
vertex 83 8.79296635503124e-14 0
endloop
endfacet
facet normal 1 0 0
outer loop
vertex 83 -1 0
vertex 83 8.79296635503124e-14 0
vertex 83 11.999999999999936 0
endloop
endfacet
facet normal 1 0 0
outer loop
vertex 83 -1 0
vertex 83 11.999999999999936 0
vertex 83 12.173648177666964 0
endloop
endfacet
facet normal 1 0 0
outer loop
vertex 83 -1 0
vertex 83 12.173648177666964 0
vertex 83 12.342020143325724 0
endloop
endfacet
facet normal 1 0 0
outer loop
vertex 83 -1 0
vertex 83 12.342020143325724 0
vertex 83 12.49999999999997 0
endloop
endfacet
facet normal 1 0 0
outer loop
vertex 83 -1 0
vertex 83 12.49999999999997 0
vertex 83 12.642787609686588 0
endloop
endfacet
facet normal 1 0 0
outer loop
vertex 83 -1 0
vertex 83 12.642787609686588 0
vertex 83 12.766044443118995 0
endloop
endfacet
facet normal 1 0 0
outer loop
vertex 83 -1 0
vertex 83 12.766044443118995 0
vertex 83 12.866025403784452 0
endloop
endfacet
facet normal 1 0 0
outer loop
vertex 83 -1 0
vertex 83 12.866025403784452 0
vertex 83 12.939692620785907 0
endloop
endfacet
facet normal 1 0 0
outer loop
vertex 83 -1 0
vertex 83 12.939692620785907 0
vertex 83 12.984807753012209 0
endloop
endfacet
facet normal 1 0 0
outer loop
vertex 83 -1 0
vertex 83 12.984807753012209 0
vertex 83 13 0
endloop
endfacet
facet normal 1 0 0
outer loop
vertex 83 -1 0
vertex 83 13 0
vertex 83 16 0
endloop
endfacet
facet normal 1 0 0
outer loop
vertex 83 -1 0
vertex 83 16 0
vertex 83 16.01519224698779 0
endloop
endfacet
facet normal 1 0 0
outer loop
vertex 83 -1 0
vertex 83 16.01519224698779 0
vertex 83 16.060307379214077 0
endloop
endfacet
facet normal 1 0 0
outer loop
vertex 83 -1 0
vertex 83 16.060307379214077 0
vertex 83 16.133974596215566 0
endloop
endfacet
facet normal 1 0 0
outer loop
vertex 83 -1 0
vertex 83 16.133974596215566 0
vertex 83 16.23395555688104 0
endloop
endfacet
facet normal 1 0 0
outer loop
vertex 83 -1 0
vertex 83 16.23395555688104 0
vertex 83 16.35721239031343 0
endloop
endfacet
facet normal 1 0 0
outer loop
vertex 83 -1 0
vertex 83 16.35721239031343 0
vertex 83 16.500000000000025 0
endloop
endfacet
facet normal 1 0 0
outer loop
vertex 83 -1 0
vertex 83 16.500000000000025 0
vertex 83 16.65797985667428 0
endloop
endfacet
facet normal 1 0 0
outer loop
vertex 83 -1 0
vertex 83 16.65797985667428 0
vertex 83 16.82635182233309 0
endloop
endfacet
facet normal 1 0 0
outer loop
vertex 83 -1 0
vertex 83 16.82635182233309 0
vertex 83 16.99999999999997 0
endloop
endfacet
facet normal 1 0 0
outer loop
vertex 83 -1 0
vertex 83 16.99999999999997 0
vertex 83 29.00000000000003 0
endloop
endfacet
facet normal 1 0 0
outer loop
vertex 83 -1 0
vertex 83 29.00000000000003 0
vertex 83 29.173648177666927 0
endloop
endfacet
facet normal 1 0 0
outer loop
vertex 83 -1 0
vertex 83 29.173648177666927 0
vertex 83 29.34202014332569 0
endloop
endfacet
facet normal 1 0 0
outer loop
vertex 83 -1 0
vertex 83 29.34202014332569 0
vertex 83 29.50000000000003 0
endloop
endfacet
facet normal 1 0 0
outer loop
vertex 83 -1 0
vertex 83 29.50000000000003 0
vertex 83 29.642787609686554 0
endloop
endfacet
facet normal 1 0 0
outer loop
vertex 83 -1 0
vertex 83 29.642787609686554 0
vertex 83 29.76604444311897 0
endloop
endfacet
facet normal 1 0 0
outer loop
vertex 83 -1 0
vertex 83 29.76604444311897 0
vertex 83 29.86602540378444 0
endloop
endfacet
facet normal 1 0 0
outer loop
vertex 83 -1 0
vertex 83 29.86602540378444 0
vertex 83 29.93969262078591 0
endloop
endfacet
facet normal 1 0 0
outer loop
vertex 83 -1 0
vertex 83 29.93969262078591 0
vertex 83 29.98480775301221 0
endloop
endfacet
facet normal 1 0 0
outer loop
vertex 83 -1 0
vertex 83 29.98480775301221 0
vertex 83 30 0
endloop
endfacet
facet normal 1 0 0
outer loop
vertex 83 -1 0
vertex 83 30 0
vertex 83 30.499999999999996 0
endloop
endfacet
facet normal 1 0 0
outer loop
vertex 83 -1 0
vertex 83 30.499999999999996 0
vertex 83 30.519214719596764 0
endloop
endfacet
facet normal 1 0 0
outer loop
vertex 83 -1 0
vertex 83 30.519214719596764 0
vertex 83 30.57612046748871 0
endloop
endfacet
facet normal 1 0 0
outer loop
vertex 83 -1 0
vertex 83 30.57612046748871 0
vertex 83 30.66853038769746 0
endloop
endfacet
facet normal 1 0 0
outer loop
vertex 83 -1 0
vertex 83 30.66853038769746 0
vertex 83 30.792893218813454 0
endloop
endfacet
facet normal 1 0 0
outer loop
vertex 83 -1 0
vertex 83 30.792893218813454 0
vertex 83 30.944429766980384 0
endloop
endfacet
facet normal 1 0 0
outer loop
vertex 83 -1 0
vertex 83 30.944429766980384 0
vertex 83 31.117316567634955 0
endloop
endfacet
facet normal 1 0 0
outer loop
vertex 83 -1 0
vertex 83 31.117316567634955 0
vertex 83 31.30490967798389 0
endloop
endfacet
facet normal 1 0 0
outer loop
vertex 83 -1 0
vertex 83 31.30490967798389 0
vertex 83 31.499999999999993 0
endloop
endfacet
facet normal 1 0 0
outer loop
vertex 83 -1 0
vertex 83 31.499999999999993 0
vertex 83 31.69509032201613 0
endloop
endfacet
facet normal 1 0 0
outer loop
vertex 83 -1 0
vertex 83 31.69509032201613 0
vertex 83 31.88268343236507 0
endloop
endfacet
facet normal 1 0 0
outer loop
vertex 83 -1 0
vertex 83 31.88268343236507 0
vertex 83 32.05557023301958 0
endloop
endfacet
facet normal 1 0 0
outer loop
vertex 83 -1 0
vertex 83 32.05557023301958 0
vertex 83 32.20710678118658 0
endloop
endfacet
facet normal 1 0 0
outer loop
vertex 83 -1 0
vertex 83 32.20710678118658 0
vertex 83 32.331469612302534 0
endloop
endfacet
facet normal 1 0 0
outer loop
vertex 83 -1 0
vertex 83 32.331469612302534 0
vertex 83 32.42387953251128 0
endloop
endfacet
facet normal 1 0 0
outer loop
vertex 83 -1 0
vertex 83 32.42387953251128 0
vertex 83 32.48078528040324 0
endloop
endfacet
facet normal 1 0 0
outer loop
vertex 83 -1 0
vertex 83 32.48078528040324 0
vertex 83 32.5 0
endloop
endfacet
facet normal 1 0 0
outer loop
vertex 83 -1 0
vertex 83 32.5 0
vertex 83 33 0
endloop
endfacet
facet normal 1 0 0
outer loop
vertex 83 -1 0
vertex 83 33 0
vertex 83 33.01519224698779 0
endloop
endfacet
facet normal 1 0 0
outer loop
vertex 83 -1 0
vertex 83 33.01519224698779 0
vertex 83 33.06030737921409 0
endloop
endfacet
facet normal 1 0 0
outer loop
vertex 83 -1 0
vertex 83 33.06030737921409 0
vertex 83 33.13397459621555 0
endloop
endfacet
facet normal 1 0 0
outer loop
vertex 83 -1 0
vertex 83 33.13397459621555 0
vertex 83 33.233955556881014 0
endloop
endfacet
facet normal 1 0 0
outer loop
vertex 83 -1 0
vertex 83 33.233955556881014 0
vertex 83 33.35721239031349 0
endloop
endfacet
facet normal 1 0 0
outer loop
vertex 83 -1 0
vertex 83 33.35721239031349 0
vertex 83 33.49999999999994 0
endloop
endfacet
facet normal 1 0 0
outer loop
vertex 83 -1 0
vertex 83 33.49999999999994 0
vertex 83 33.65797985667435 0
endloop
endfacet
facet normal 1 0 0
outer loop
vertex 83 -1 0
vertex 83 33.65797985667435 0
vertex 83 33.82635182233303 0
endloop
endfacet
facet normal 1 0 0
outer loop
vertex 83 -1 0
vertex 83 33.82635182233303 0
vertex 83 34.000000000000036 0
endloop
endfacet
facet normal 1 0 0
outer loop
vertex 83 -1 0
vertex 83 34.000000000000036 0
vertex 83 39 0
endloop
endfacet
facet normal 1 0 0
outer loop
vertex 83 -1 0
vertex 83 39 0
vertex 83 38.99999999999999 1.2
endloop
endfacet
facet normal 1 0 0
outer loop
vertex 83 -1 0
vertex 83 38.99999999999999 1.2
vertex 83 34 1.2
endloop
endfacet
facet normal 1 0 0
outer loop
vertex 83 -1 0
vertex 83 34 1.2
vertex 83 33.82635182233306 1.2
endloop
endfacet
facet normal 1 0 0
outer loop
vertex 83 -1 0
vertex 83 33.82635182233306 1.2
vertex 83 33.657979856674324 1.2
endloop
endfacet
facet normal 1 0 0
outer loop
vertex 83 -1 0
vertex 83 33.657979856674324 1.2
vertex 83 33.499999999999986 1.2
endloop
endfacet
facet normal 1 0 0
outer loop
vertex 83 -1 0
vertex 83 33.499999999999986 1.2
vertex 83 33.35721239031348 1.2
endloop
endfacet
facet normal 1 0 0
outer loop
vertex 83 -1 0
vertex 83 33.35721239031348 1.2
vertex 83 33.233955556881014 1.2
endloop
endfacet
facet normal 1 0 0
outer loop
vertex 83 -1 0
vertex 83 33.233955556881014 1.2
vertex 83 33.13397459621556 1.2
endloop
endfacet
facet normal 1 0 0
outer loop
vertex 83 -1 0
vertex 83 33.13397459621556 1.2
vertex 83 33.060307379214095 1.2
endloop
endfacet
facet normal 1 0 0
outer loop
vertex 83 -1 0
vertex 83 33.060307379214095 1.2
vertex 83 33.01519224698779 1.2
endloop
endfacet
facet normal 1 0 0
outer loop
vertex 83 -1 0
vertex 83 33.01519224698779 1.2
vertex 83 33 1.2
endloop
endfacet
facet normal 1 0 0
outer loop
vertex 83 -1 0
vertex 83 33 1.2
vertex 83 32.5 1.2
endloop
endfacet
facet normal 1 0 0
outer loop
vertex 83 -1 0
vertex 83 32.5 1.2
vertex 83 32.48078528040323 1.2
endloop
endfacet
facet normal 1 0 0
outer loop
vertex 83 -1 0
vertex 83 32.48078528040323 1.2
vertex 83 32.423879532511286 1.2
endloop
endfacet
facet normal 1 0 0
outer loop
vertex 83 -1 0
vertex 83 32.423879532511286 1.2
vertex 83 32.33146961230255 1.2
endloop
endfacet
facet normal 1 0 0
outer loop
vertex 83 -1 0
vertex 83 32.33146961230255 1.2
vertex 83 32.20710678118657 1.2
endloop
endfacet
facet normal 1 0 0
outer loop
vertex 83 -1 0
vertex 83 32.20710678118657 1.2
vertex 83 32.05557023301963 1.2
endloop
endfacet
facet normal 1 0 0
outer loop
vertex 83 -1 0
vertex 83 32.05557023301963 1.2
vertex 83 31.882683432365027 1.2
endloop
endfacet
facet normal 1 0 0
outer loop
vertex 83 -1 0
vertex 83 31.882683432365027 1.2
vertex 83 31.69509032201619 1.2
endloop
endfacet
facet normal 1 0 0
outer loop
vertex 83 -1 0
vertex 83 31.69509032201619 1.2
vertex 83 31.500000000000007 1.2
endloop
endfacet
facet normal 1 0 0
outer loop
vertex 83 -1 0
vertex 83 31.500000000000007 1.2
vertex 83 31.304909677983865 1.2
endloop
endfacet
facet normal 1 0 0
outer loop
vertex 83 -1 0
vertex 83 31.304909677983865 1.2
vertex 83 31.117316567634894 1.2
endloop
endfacet
facet normal 1 0 0
outer loop
vertex 83 -1 0
vertex 83 31.117316567634894 1.2
vertex 83 30.944429766980473 1.2
endloop
endfacet
facet normal 1 0 0
outer loop
vertex 83 -1 0
vertex 83 30.944429766980473 1.2
vertex 83 30.792893218813433 1.2
endloop
endfacet
facet normal 1 0 0
outer loop
vertex 83 -1 0
vertex 83 30.792893218813433 1.2
vertex 83 30.668530387697434 1.2
endloop
endfacet
facet normal 1 0 0
outer loop
vertex 83 -1 0
vertex 83 30.668530387697434 1.2
vertex 83 30.576120467488707 1.2
endloop
endfacet
facet normal 1 0 0
outer loop
vertex 83 -1 0
vertex 83 30.576120467488707 1.2
vertex 83 30.51921471959677 1.2
endloop
endfacet
facet normal 1 0 0
outer loop
vertex 83 -1 0
vertex 83 30.51921471959677 1.2
vertex 83 30.5 1.2
endloop
endfacet
facet normal 1 0 0
outer loop
vertex 83 -1 0
vertex 83 30.5 1.2
vertex 83 30 1.2
endloop
endfacet
facet normal 1 0 0
outer loop
vertex 83 -1 0
vertex 83 30 1.2
vertex 83 29.984807753012213 1.2
endloop
endfacet
facet normal 1 0 0
outer loop
vertex 83 -1 0
vertex 83 29.984807753012213 1.2
vertex 83 29.939692620785905 1.2
endloop
endfacet
facet normal 1 0 0
outer loop
vertex 83 -1 0
vertex 83 29.939692620785905 1.2
vertex 83 29.866025403784434 1.2
endloop
endfacet
facet normal 1 0 0
outer loop
vertex 83 -1 0
vertex 83 29.866025403784434 1.2
vertex 83 29.766044443118968 1.2
endloop
endfacet
facet normal 1 0 0
outer loop
vertex 83 -1 0
vertex 83 29.766044443118968 1.2
vertex 83 29.642787609686597 1.2
endloop
endfacet
facet normal 1 0 0
outer loop
vertex 83 -1 0
vertex 83 29.642787609686597 1.2
vertex 83 29.499999999999968 1.2
endloop
endfacet
facet normal 1 0 0
outer loop
vertex 83 -1 0
vertex 83 29.499999999999968 1.2
vertex 83 29.342020143325705 1.2
endloop
endfacet
facet normal 1 0 0
outer loop
vertex 83 -1 0
vertex 83 29.342020143325705 1.2
vertex 83 29.173648177666923 1.2
endloop
endfacet
facet normal 1 0 0
outer loop
vertex 83 -1 0
vertex 83 29.173648177666923 1.2
vertex 83 29.000000000000014 1.2
endloop
endfacet
facet normal 1 0 0
outer loop
vertex 83 -1 0
vertex 83 29.000000000000014 1.2
vertex 83 16.9999999999999 1.2
endloop
endfacet
facet normal 1 0 0
outer loop
vertex 83 -1 0
vertex 83 16.9999999999999 1.2
vertex 83 16.826351822333063 1.2
endloop
endfacet
facet normal 1 0 0
outer loop
vertex 83 -1 0
vertex 83 16.826351822333063 1.2
vertex 83 16.657979856674373 1.2
endloop
endfacet
facet normal 1 0 0
outer loop
vertex 83 -1 0
vertex 83 16.657979856674373 1.2
vertex 83 16.499999999999968 1.2
endloop
endfacet
facet normal 1 0 0
outer loop
vertex 83 -1 0
vertex 83 16.499999999999968 1.2
vertex 83 16.357212390313485 1.2
endloop
endfacet
facet normal 1 0 0
outer loop
vertex 83 -1 0
vertex 83 16.357212390313485 1.2
vertex 83 16.233955556881003 1.2
endloop
endfacet
facet normal 1 0 0
outer loop
vertex 83 -1 0
vertex 83 16.233955556881003 1.2
vertex 83 16.13397459621557 1.2
endloop
endfacet
facet normal 1 0 0
outer loop
vertex 83 -1 0
vertex 83 16.13397459621557 1.2
vertex 83 16.060307379214088 1.2
endloop
endfacet
facet normal 1 0 0
outer loop
vertex 83 -1 0
vertex 83 16.060307379214088 1.2
vertex 83 16.01519224698779 1.2
endloop
endfacet
facet normal 1 0 0
outer loop
vertex 83 -1 0
vertex 83 16.01519224698779 1.2
vertex 83 16 1.2
endloop
endfacet
facet normal 1 0 0
outer loop
vertex 83 -1 0
vertex 83 16 1.2
vertex 83 13 1.2
endloop
endfacet
facet normal 1 0 0
outer loop
vertex 83 -1 0
vertex 83 13 1.2
vertex 83 12.984807753012209 1.2
endloop
endfacet
facet normal 1 0 0
outer loop
vertex 83 -1 0
vertex 83 12.984807753012209 1.2
vertex 83 12.939692620785905 1.2
endloop
endfacet
facet normal 1 0 0
outer loop
vertex 83 -1 0
vertex 83 12.939692620785905 1.2
vertex 83 12.86602540378443 1.2
endloop
endfacet
facet normal 1 0 0
outer loop
vertex 83 -1 0
vertex 83 12.86602540378443 1.2
vertex 83 12.766044443118995 1.2
endloop
endfacet
facet normal 1 0 0
outer loop
vertex 83 -1 0
vertex 83 12.766044443118995 1.2
vertex 83 12.642787609686565 1.2
endloop
endfacet
facet normal 1 0 0
outer loop
vertex 83 -1 0
vertex 83 12.642787609686565 1.2
vertex 83 12.49999999999999 1.2
endloop
endfacet
facet normal 1 0 0
outer loop
vertex 83 -1 0
vertex 83 12.49999999999999 1.2
vertex 83 12.342020143325703 1.2
endloop
endfacet
facet normal 1 0 0
outer loop
vertex 83 -1 0
vertex 83 12.342020143325703 1.2
vertex 83 12.173648177666896 1.2
endloop
endfacet
facet normal 1 0 0
outer loop
vertex 83 -1 0
vertex 83 12.173648177666896 1.2
vertex 83 11.99999999999983 1.2
endloop
endfacet
facet normal 1 0 0
outer loop
vertex 83 -1 0
vertex 83 11.99999999999983 1.2
vertex 83 1.127986593019159e-13 1.2
endloop
endfacet
facet normal 1 0 0
outer loop
vertex 83 -1 0
vertex 83 1.127986593019159e-13 1.2
vertex 83 -0.17364817766700202 1.2
endloop
endfacet
facet normal 1 0 0
outer loop
vertex 83 -1 0
vertex 83 -0.17364817766700202 1.2
vertex 83 -0.34202014332565867 1.2
endloop
endfacet
facet normal 1 0 0
outer loop
vertex 83 -1 0
vertex 83 -0.34202014332565867 1.2
vertex 83 -0.4999999999999547 1.2
endloop
endfacet
facet normal 1 0 0
outer loop
vertex 83 -1 0
vertex 83 -0.4999999999999547 1.2
vertex 83 -0.642787609686593 1.2
endloop
endfacet
facet normal 1 0 0
outer loop
vertex 83 -1 0
vertex 83 -0.642787609686593 1.2
vertex 83 -0.7660444431189779 1.2
endloop
endfacet
facet normal 1 0 0
outer loop
vertex 83 -1 0
vertex 83 -0.7660444431189779 1.2
vertex 83 -0.8660254037844677 1.2
endloop
endfacet
facet normal 1 0 0
outer loop
vertex 83 -1 0
vertex 83 -0.8660254037844677 1.2
vertex 83 -0.9396926207859018 1.2
endloop
endfacet
facet normal 1 0 0
outer loop
vertex 83 -1 0
vertex 83 -0.9396926207859018 1.2
vertex 83 -0.984807753012209 1.2
endloop
endfacet
facet normal 1 0 0
outer loop
vertex 83 -1 0
vertex 83 -0.984807753012209 1.2
vertex 83 -1 1.2
endloop
endfacet
facet normal 1 0 0
outer loop
vertex 83 -1 0
vertex 83 -1 1.2
vertex 83 -4.00591 1.2
endloop
endfacet
facet normal 1 0 0
outer loop
vertex 83 -1 0
vertex 83 -4.00591 1.2
vertex 83 -4.005909999999998 0
endloop
endfacet
facet normal 0 0 1
outer loop
vertex 84.31782254999999 -23.991996449999988 1.2
vertex 89.32776639393424 -27.5 1.2
vertex 94.1476454 -30.874918599999994 1.2
endloop
endfacet
facet normal 0 0 1
outer loop
vertex 84.31782254999999 -23.991996449999988 1.2
vertex 94.1476454 -30.874918599999994 1.2
vertex 94.14764539999997 -30.87491859999998 0
endloop
endfacet
facet normal 0 0 1
outer loop
vertex 84.31782254999999 -23.991996449999988 1.2
vertex 94.14764539999997 -30.87491859999998 0
vertex 89.32776639393424 -27.5 0
endloop
endfacet
facet normal 0 0 1
outer loop
vertex 84.31782254999999 -23.991996449999988 1.2
vertex 89.32776639393424 -27.5 0
vertex 84.31782255 -23.99199645 0
endloop
endfacet
facet normal 0.49998961690722843 0.8660313983828548 0
outer loop
vertex 94.1476454 -30.874918599999994 1.2
vertex 94.29860561884341 -30.962073109788776 1.2
vertex 94.2986056188434 -30.96207310978877 0
endloop
endfacet
facet normal 0.49998961690722843 0.8660313983828548 0
outer loop
vertex 94.1476454 -30.874918599999994 1.2
vertex 94.2986056188434 -30.96207310978877 0
vertex 94.14764539999997 -30.87491859999998 0
endloop
endfacet
facet normal 0.3420129289669575 0.9396952465663764 0
outer loop
vertex 94.29860561884341 -30.962073109788776 1.2
vertex 94.46240417685237 -31.02168948519337 1.2
vertex 94.46240417685239 -31.02168948519337 0
endloop
endfacet
facet normal 0.3420129289669575 0.9396952465663764 0
outer loop
vertex 94.29860561884341 -30.962073109788776 1.2
vertex 94.46240417685239 -31.02168948519337 0
vertex 94.2986056188434 -30.96207310978877 0
endloop
endfacet
facet normal 0.17364179134419544 0.984808879071863 0
outer loop
vertex 94.46240417685237 -31.02168948519337 1.2
vertex 94.63406650556576 -31.05195703750484 1.2
vertex 94.63406650556576 -31.05195703750484 0
endloop
endfacet
facet normal 0.17364179134419544 0.984808879071863 0
outer loop
vertex 94.46240417685237 -31.02168948519337 1.2
vertex 94.63406650556576 -31.05195703750484 0
vertex 94.46240417685239 -31.02168948519337 0
endloop
endfacet
facet normal -0.000005292327244887929 0.9999999999859958 0
outer loop
vertex 94.63406650556576 -31.05195703750484 1.2
vertex 94.80837680308538 -31.05195703750484 1.2
vertex 94.80837680308541 -31.05195703750484 0
endloop
endfacet
facet normal -0.000005292327244887929 0.9999999999859958 0
outer loop
vertex 94.63406650556576 -31.05195703750484 1.2
vertex 94.80837680308541 -31.05195703750484 0
vertex 94.63406650556576 -31.05195703750484 0
endloop
endfacet
facet normal -0.173652215196178 0.9848070410783324 0
outer loop
vertex 94.80837680308538 -31.05195703750484 1.2
vertex 94.98004369546733 -31.0216867457015 1.2
vertex 94.98003881141743 -31.021686745701523 0
endloop
endfacet
facet normal -0.173652215196178 0.9848070410783324 0
outer loop
vertex 94.80837680308538 -31.05195703750484 1.2
vertex 94.98003881141743 -31.021686745701523 0
vertex 94.80837680308541 -31.05195703750484 0
endloop
endfacet
facet normal -0.34202287529730296 0.9396916264250552 0
outer loop
vertex 94.98004369546733 -31.0216867457015 1.2
vertex 95.14383673839872 -30.96206863654905 1.2
vertex 95.14383673839868 -30.962068636549056 0
endloop
endfacet
facet normal -0.34202287529730296 0.9396916264250552 0
outer loop
vertex 94.98004369546733 -31.0216867457015 1.2
vertex 95.14383673839868 -30.962068636549056 0
vertex 94.98003881141743 -31.021686745701523 0
endloop
endfacet
facet normal -0.5000014850543255 0.8660245463862263 0
outer loop
vertex 95.14383673839872 -30.96206863654905 1.2
vertex 95.29479373474058 -30.87491322892783 1.2
vertex 95.29479373474064 -30.874913228927788 0
endloop
endfacet
facet normal -0.5000014850543255 0.8660245463862263 0
outer loop
vertex 95.14383673839872 -30.96206863654905 1.2
vertex 95.29479373474064 -30.874913228927788 0
vertex 95.14383673839868 -30.962068636549056 0
endloop
endfacet
facet normal -0.642788009778284 0.7660441074019647 0
outer loop
vertex 95.29479373474058 -30.87491322892783 1.2
vertex 95.42832311101688 -30.762868659699727 1.2
vertex 95.42832311101691 -30.762868659699713 0
endloop
endfacet
facet normal -0.642788009778284 0.7660441074019647 0
outer loop
vertex 95.29479373474058 -30.87491322892783 1.2
vertex 95.42832311101691 -30.762868659699713 0
vertex 95.29479373474064 -30.874913228927788 0
endloop
endfacet
facet normal -0.7660440123043474 0.6427881231110736 0
outer loop
vertex 95.42832311101688 -30.762868659699727 1.2
vertex 95.54036769999999 -30.629339300000012 1.2
vertex 95.54036769999993 -30.629339300000076 0
endloop
endfacet
facet normal -0.7660440123043474 0.6427881231110736 0
outer loop
vertex 95.42832311101688 -30.762868659699727 1.2
vertex 95.54036769999993 -30.629339300000076 0
vertex 95.42832311101691 -30.762868659699713 0
endloop
endfacet
facet normal -0.8191517061346921 0.5735769192851322 0
outer loop
vertex 95.54036769999999 -30.629339300000012 1.2
vertex 102.42329110000004 -20.79951829999994 1.2
vertex 102.42329110000001 -20.799518299999992 0
endloop
endfacet
facet normal -0.8191517061346921 0.5735769192851322 0
outer loop
vertex 95.54036769999999 -30.629339300000012 1.2
vertex 102.42329110000001 -20.799518299999992 0
vertex 95.54036769999993 -30.629339300000076 0
endloop
endfacet
facet normal -0.866024736303753 0.5000011561086785 0
outer loop
vertex 102.42329110000004 -20.79951829999994 1.2
vertex 102.5104493597887 -20.648556231156732 1.2
vertex 102.51044935978872 -20.648556231156693 0
endloop
endfacet
facet normal -0.866024736303753 0.5000011561086785 0
outer loop
vertex 102.42329110000004 -20.79951829999994 1.2
vertex 102.51044935978872 -20.648556231156693 0
vertex 102.42329110000001 -20.799518299999992 0
endloop
endfacet
facet normal -0.9396952465663733 0.34201292896696606 0
outer loop
vertex 102.5104493597887 -20.648556231156732 1.2
vertex 102.57006573519338 -20.484757673147495 1.2
vertex 102.57006573519338 -20.484757673147545 0
endloop
endfacet
facet normal -0.9396952465663733 0.34201292896696606 0
outer loop
vertex 102.5104493597887 -20.648556231156732 1.2
vertex 102.57006573519338 -20.484757673147545 0
vertex 102.51044935978872 -20.648556231156693 0
endloop
endfacet
facet normal -0.9848088790718578 0.1736417913442241 0
outer loop
vertex 102.57006573519338 -20.484757673147495 1.2
vertex 102.60033328750484 -20.313095344434192 1.2
vertex 102.60033328750485 -20.313095344434213 0
endloop
endfacet
facet normal -0.9848088790718578 0.1736417913442241 0
outer loop
vertex 102.57006573519338 -20.484757673147495 1.2
vertex 102.60033328750485 -20.313095344434213 0
vertex 102.57006573519338 -20.484757673147545 0
endloop
endfacet
facet normal -0.9999999999859956 -0.000005292327273309639 0
outer loop
vertex 102.60033328750484 -20.313095344434192 1.2
vertex 102.6003323649977 -20.138785046914588 1.2
vertex 102.60033236499771 -20.138785046914716 0
endloop
endfacet
facet normal -0.9999999999859956 -0.000005292327273309639 0
outer loop
vertex 102.60033328750484 -20.313095344434192 1.2
vertex 102.60033236499771 -20.138785046914716 0
vertex 102.60033328750485 -20.313095344434213 0
endloop
endfacet
facet normal -0.9848070410783338 -0.17365221519617083 0
outer loop
vertex 102.6003323649977 -20.138785046914588 1.2
vertex 102.57006299570149 -19.967123038582464 1.2
vertex 102.57006299570148 -19.967123038582425 0
endloop
endfacet
facet normal -0.9848070410783338 -0.17365221519617083 0
outer loop
vertex 102.6003323649977 -20.138785046914588 1.2
vertex 102.57006299570148 -19.967123038582425 0
vertex 102.60033236499771 -20.138785046914716 0
endloop
endfacet
facet normal -0.9396916264250706 -0.3420228752972608 0
outer loop
vertex 102.57006299570149 -19.967123038582464 1.2
vertex 102.5104448865491 -19.80332511160137 1.2
vertex 102.51044488654908 -19.80332511160136 0
endloop
endfacet
facet normal -0.9396916264250706 -0.3420228752972608 0
outer loop
vertex 102.57006299570149 -19.967123038582464 1.2
vertex 102.51044488654908 -19.80332511160136 0
vertex 102.57006299570148 -19.967123038582425 0
endloop
endfacet
facet normal -0.8660245463862184 -0.5000014850543393 0
outer loop
vertex 102.5104448865491 -19.80332511160137 1.2
vertex 102.4232894832222 -19.652368115259396 1.2
vertex 102.42328947892779 -19.652368115259353 0
endloop
endfacet
facet normal -0.8660245463862184 -0.5000014850543393 0
outer loop
vertex 102.5104448865491 -19.80332511160137 1.2
vertex 102.42328947892779 -19.652368115259353 0
vertex 102.51044488654908 -19.80332511160136 0
endloop
endfacet
facet normal -0.7660441074019354 -0.6427880097783187 0
outer loop
vertex 102.4232894832222 -19.652368115259396 1.2
vertex 102.3112449135741 -19.518838738983142 1.2
vertex 102.31124490969975 -19.518838738983153 0
endloop
endfacet
facet normal -0.7660441074019354 -0.6427880097783187 0
outer loop
vertex 102.4232894832222 -19.652368115259396 1.2
vertex 102.31124490969975 -19.518838738983153 0
vertex 102.42328947892779 -19.652368115259353 0
endloop
endfacet
facet normal -0.6427881231111043 -0.7660440123043217 0
outer loop
vertex 102.3112449135741 -19.518838738983142 1.2
vertex 102.1777155518744 -19.40679414999991 1.2
vertex 102.17771554999995 -19.406794149999968 0
endloop
endfacet
facet normal -0.6427881231111043 -0.7660440123043217 0
outer loop
vertex 102.3112449135741 -19.518838738983142 1.2
vertex 102.17771554999995 -19.406794149999968 0
vertex 102.31124490969975 -19.518838738983153 0
endloop
endfacet
facet normal 0 0 -1
outer loop
vertex 102.1777155518744 -19.40679414999991 1.2
vertex 98.02620941223459 -16.4998765 1.2
vertex 92.34789080055002 -12.523872599999958 1.2
endloop
endfacet
facet normal 0 0 -1
outer loop
vertex 102.1777155518744 -19.40679414999991 1.2
vertex 92.34789080055002 -12.523872599999958 1.2
vertex 92.34789079999999 -12.523872599999983 0
endloop
endfacet
facet normal 0 0 -1
outer loop
vertex 102.1777155518744 -19.40679414999991 1.2
vertex 92.34789079999999 -12.523872599999983 0
vertex 98.0262091600286 -16.499876499999996 0
endloop
endfacet
facet normal 0 0 -1
outer loop
vertex 102.1777155518744 -19.40679414999991 1.2
vertex 98.0262091600286 -16.499876499999996 0
vertex 102.17771554999995 -19.406794149999968 0
endloop
endfacet
facet normal -0.5075625553770993 -0.8616149095617306 0
outer loop
vertex 92.34789080055002 -12.523872599999958 1.2
vertex 92.21268912241248 -12.444227612191582 1.2
vertex 92.21268912241248 -12.444227612191582 0
endloop
endfacet
facet normal -0.5075625553770993 -0.8616149095617306 0
outer loop
vertex 92.34789080055002 -12.523872599999958 1.2
vertex 92.21268912241248 -12.444227612191582 0
vertex 92.34789079999999 -12.523872599999983 0
endloop
endfacet
facet normal -0.3665052728054155 -0.9304159741781244 0
outer loop
vertex 92.21268912241248 -12.444227612191582 1.2
vertex 92.06668834229565 -12.38671564202814 1.2
vertex 92.06668834229566 -12.386715642028143 0
endloop
endfacet
facet normal -0.3665052728054155 -0.9304159741781244 0
outer loop
vertex 92.21268912241248 -12.444227612191582 1.2
vertex 92.06668834229566 -12.386715642028143 0
vertex 92.21268912241248 -12.444227612191582 0
endloop
endfacet
facet normal -0.21644218791835446 -0.97629543647869 0
outer loop
vertex 92.06668834229565 -12.38671564202814 1.2
vertex 91.913488161617 -12.352751555895388 1.2
vertex 91.91348816161701 -12.352751555895388 0
endloop
endfacet
facet normal -0.21644218791835446 -0.97629543647869 0
outer loop
vertex 92.06668834229565 -12.38671564202814 1.2
vertex 91.91348816161701 -12.352751555895388 0
vertex 92.06668834229566 -12.386715642028143 0
endloop
endfacet
facet normal -0.06104946208690266 -0.9981347419957387 0
outer loop
vertex 91.913488161617 -12.352751555895388 1.2
vertex 91.756860959336 -12.34317168050871 1.2
vertex 91.756860959336 -12.34317168050871 0
endloop
endfacet
facet normal -0.06104946208690266 -0.9981347419957387 0
outer loop
vertex 91.913488161617 -12.352751555895388 1.2
vertex 91.756860959336 -12.34317168050871 0
vertex 91.91348816161701 -12.352751555895388 0
endloop
endfacet
facet normal 0.09584653681671895 -0.995396122847704 0
outer loop
vertex 91.756860959336 -12.34317168050871 1.2
vertex 91.60066350089335 -12.358211909325831 1.2
vertex 91.60066404924623 -12.358211909325824 0
endloop
endfacet
facet normal 0.09584653681671895 -0.995396122847704 0
outer loop
vertex 91.756860959336 -12.34317168050871 1.2
vertex 91.60066404924623 -12.358211909325824 0
vertex 91.756860959336 -12.34317168050871 0
endloop
endfacet
facet normal 0.2503824245427707 -0.9681470143940349 0
outer loop
vertex 91.60066350089335 -12.358211909325831 1.2
vertex 91.44874196978023 -12.397501893940575 1.2
vertex 91.4487425001643 -12.397501893940586 0
endloop
endfacet
facet normal 0.2503824245427707 -0.9681470143940349 0
outer loop
vertex 91.60066350089335 -12.358211909325831 1.2
vertex 91.4487425001643 -12.397501893940586 0
vertex 91.60066404924623 -12.358211909325824 0
endloop
endfacet
facet normal 0.3987529318758338 -0.9170583947167305 0
outer loop
vertex 91.44874196978023 -12.397501893940575 1.2
vertex 91.304837259675 -12.460074163488283 1.2
vertex 91.30483794108535 -12.460074163488294 0
endloop
endfacet
facet normal 0.3987529318758338 -0.9170583947167305 0
outer loop
vertex 91.44874196978023 -12.397501893940575 1.2
vertex 91.30483794108535 -12.460074163488294 0
vertex 91.4487425001643 -12.397501893940586 0
endloop
endfacet
facet normal 0 0 -1
outer loop
vertex 91.304837259675 -12.460074163488283 1.2
vertex 91.24215751662737 -12.500006149834938 1.2
vertex 91.17249285922236 -12.544387947507364 1.2
endloop
endfacet
facet normal 0 0 -1
outer loop
vertex 91.304837259675 -12.460074163488283 1.2
vertex 91.17249285922236 -12.544387947507364 1.2
vertex 91.17249361402153 -12.544387947507346 0
endloop
endfacet
facet normal 0 0 -1
outer loop
vertex 91.304837259675 -12.460074163488283 1.2
vertex 91.17249361402153 -12.544387947507346 0
vertex 91.30483794108535 -12.460074163488294 0
endloop
endfacet
facet normal 0.6626257677645125 -0.7489506605207651 0
outer loop
vertex 91.17249285922236 -12.544387947507364 1.2
vertex 91.05496759768357 -12.648367115647385 1.2
vertex 91.05496759768359 -12.64836711564736 0
endloop
endfacet
facet normal 0.6626257677645125 -0.7489506605207651 0
outer loop
vertex 91.17249285922236 -12.544387947507364 1.2
vertex 91.05496759768359 -12.64836711564736 0
vertex 91.17249361402153 -12.544387947507346 0
endloop
endfacet
facet normal 0.7716305300008811 -0.6360710063904497 0
outer loop
vertex 91.05496759768357 -12.648367115647385 1.2
vertex 90.9551554000001 -12.769451299999872 1.2
vertex 90.95515540000015 -12.769451299999801 0
endloop
endfacet
facet normal 0.7716305300008811 -0.6360710063904497 0
outer loop
vertex 91.05496759768357 -12.648367115647385 1.2
vertex 90.95515540000015 -12.769451299999801 0
vertex 91.05496759768359 -12.64836711564736 0
endloop
endfacet
facet normal 0 0 -1
outer loop
vertex 90.9551554000001 -12.769451299999872 1.2
vertex 85.19206724569611 -20.99999999999987 1.2
vertex 85.0704775689678 -21.17364817766694 1.2
endloop
endfacet
facet normal 0 0 -1
outer loop
vertex 90.9551554000001 -12.769451299999872 1.2
vertex 85.0704775689678 -21.17364817766694 1.2
vertex 84.95258233303967 -21.34202014332561 1.2
endloop
endfacet
facet normal 0 0 -1
outer loop
vertex 90.9551554000001 -12.769451299999872 1.2
vertex 84.95258233303967 -21.34202014332561 1.2
vertex 84.84196372499731 -21.500000000000014 1.2
endloop
endfacet
facet normal 0 0 -1
outer loop
vertex 90.9551554000001 -12.769451299999872 1.2
vertex 84.84196372499731 -21.500000000000014 1.2
vertex 84.74198283527048 -21.64278760968657 1.2
endloop
endfacet
facet normal 0 0 -1
outer loop
vertex 90.9551554000001 -12.769451299999872 1.2
vertex 84.74198283527048 -21.64278760968657 1.2
vertex 84.65567753260079 -21.76604444311894 1.2
endloop
endfacet
facet normal 0 0 -1
outer loop
vertex 90.9551554000001 -12.769451299999872 1.2
vertex 84.65567753260079 -21.76604444311894 1.2
vertex 84.58567015993712 -21.866025403784455 1.2
endloop
endfacet
facet normal 0 0 -1
outer loop
vertex 90.9551554000001 -12.769451299999872 1.2
vertex 84.58567015993712 -21.866025403784455 1.2
vertex 84.53408785587256 -21.93969262078591 1.2
endloop
endfacet
facet normal 0 0 -1
outer loop
vertex 90.9551554000001 -12.769451299999872 1.2
vertex 84.53408785587256 -21.93969262078591 1.2
vertex 84.50249792261413 -21.984807753012213 1.2
endloop
endfacet
facet normal 0 0 -1
outer loop
vertex 90.9551554000001 -12.769451299999872 1.2
vertex 84.50249792261413 -21.984807753012213 1.2
vertex 84.49186020429863 -22 1.2
endloop
endfacet
facet normal 0 0 -1
outer loop
vertex 90.9551554000001 -12.769451299999872 1.2
vertex 84.49186020429863 -22 1.2
vertex 84.07224509999998 -22.599272900000038 1.2
endloop
endfacet
facet normal 0 0 -1
outer loop
vertex 90.9551554000001 -12.769451299999872 1.2
vertex 84.07224509999998 -22.599272900000038 1.2
vertex 84.0722450999999 -22.59927290000014 0
endloop
endfacet
facet normal 0 0 -1
outer loop
vertex 90.9551554000001 -12.769451299999872 1.2
vertex 84.0722450999999 -22.59927290000014 0
vertex 84.49186020429863 -22 0
endloop
endfacet
facet normal 0 0 -1
outer loop
vertex 90.9551554000001 -12.769451299999872 1.2
vertex 84.49186020429863 -22 0
vertex 84.50249792261413 -21.98480775301221 0
endloop
endfacet
facet normal 0 0 -1
outer loop
vertex 90.9551554000001 -12.769451299999872 1.2
vertex 84.50249792261413 -21.98480775301221 0
vertex 84.53408785587256 -21.939692620785916 0
endloop
endfacet
facet normal 0 0 -1
outer loop
vertex 90.9551554000001 -12.769451299999872 1.2
vertex 84.53408785587256 -21.939692620785916 0
vertex 84.58567015993712 -21.86602540378445 0
endloop
endfacet
facet normal 0 0 -1
outer loop
vertex 90.9551554000001 -12.769451299999872 1.2
vertex 84.58567015993712 -21.86602540378445 0
vertex 84.6556775326008 -21.766044443118922 0
endloop
endfacet
facet normal 0 0 -1
outer loop
vertex 90.9551554000001 -12.769451299999872 1.2
vertex 84.6556775326008 -21.766044443118922 0
vertex 84.74198283527048 -21.64278760968657 0
endloop
endfacet
facet normal 0 0 -1
outer loop
vertex 90.9551554000001 -12.769451299999872 1.2
vertex 84.74198283527048 -21.64278760968657 0
vertex 84.84196372499729 -21.50000000000006 0
endloop
endfacet
facet normal 0 0 -1
outer loop
vertex 90.9551554000001 -12.769451299999872 1.2
vertex 84.84196372499729 -21.50000000000006 0
vertex 84.95258233303969 -21.34202014332559 0
endloop
endfacet
facet normal 0 0 -1
outer loop
vertex 90.9551554000001 -12.769451299999872 1.2
vertex 84.95258233303969 -21.34202014332559 0
vertex 85.07047756896779 -21.17364817766695 0
endloop
endfacet
facet normal 0 0 -1
outer loop
vertex 90.9551554000001 -12.769451299999872 1.2
vertex 85.07047756896779 -21.17364817766695 0
vertex 85.19206724569601 -21 0
endloop
endfacet
facet normal 0 0 -1
outer loop
vertex 90.9551554000001 -12.769451299999872 1.2
vertex 85.19206724569601 -21 0
vertex 90.95515540000015 -12.769451299999801 0
endloop
endfacet
facet normal 0.866028595533179 -0.4999944716882674 0
outer loop
vertex 84.07224509999998 -22.599272900000038 1.2
vertex 83.98508874021128 -22.75023436884333 1.2
vertex 83.98508874021131 -22.75023436884326 0
endloop
endfacet
facet normal 0.866028595533179 -0.4999944716882674 0
outer loop
vertex 84.07224509999998 -22.599272900000038 1.2
vertex 83.98508874021131 -22.75023436884326 0
vertex 84.0722450999999 -22.59927290000014 0
endloop
endfacet
facet normal 0.9396952465663733 -0.34201292896696606 0
outer loop
vertex 83.98508874021128 -22.75023436884333 1.2
vertex 83.92547236480661 -22.9140329268525 1.2
vertex 83.9254723648066 -22.914032926852556 0
endloop
endfacet
facet normal 0.9396952465663733 -0.34201292896696606 0
outer loop
vertex 83.98508874021128 -22.75023436884333 1.2
vertex 83.9254723648066 -22.914032926852556 0
vertex 83.98508874021131 -22.75023436884326 0
endloop
endfacet
facet normal 0.9848088790718603 -0.1736417913442094 0
outer loop
vertex 83.92547236480661 -22.9140329268525 1.2
vertex 83.89520481249517 -23.085695255565724 1.2
vertex 83.89520481249517 -23.08569525556566 0
endloop
endfacet
facet normal 0.9848088790718603 -0.1736417913442094 0
outer loop
vertex 83.92547236480661 -22.9140329268525 1.2
vertex 83.89520481249517 -23.08569525556566 0
vertex 83.9254723648066 -22.914032926852556 0
endloop
endfacet
facet normal 0.9999999999859956 0.000005292327273309638 0
outer loop
vertex 83.89520481249517 -23.085695255565724 1.2
vertex 83.8952057350023 -23.260005553085342 1.2
vertex 83.8952057350023 -23.26000555308532 0
endloop
endfacet
facet normal 0.9999999999859956 0.000005292327273309638 0
outer loop
vertex 83.89520481249517 -23.085695255565724 1.2
vertex 83.8952057350023 -23.26000555308532 0
vertex 83.89520481249517 -23.08569525556566 0
endloop
endfacet
facet normal 0.9848070410783338 0.17365221519617083 0
outer loop
vertex 83.8952057350023 -23.260005553085342 1.2
vertex 83.92547510429853 -23.431667561417584 1.2
vertex 83.92547510429853 -23.4316675614176 0
endloop
endfacet
facet normal 0.9848070410783338 0.17365221519617083 0
outer loop
vertex 83.8952057350023 -23.260005553085342 1.2
vertex 83.92547510429853 -23.4316675614176 0
vertex 83.8952057350023 -23.26000555308532 0
endloop
endfacet
facet normal 0.9396916264250655 0.34202287529727443 0
outer loop
vertex 83.92547510429853 -23.431667561417584 1.2
vertex 83.98509321345092 -23.595465488398684 1.2
vertex 83.98509321345092 -23.59546548839868 0
endloop
endfacet
facet normal 0.9396916264250655 0.34202287529727443 0
outer loop
vertex 83.92547510429853 -23.431667561417584 1.2
vertex 83.98509321345092 -23.59546548839868 0
vertex 83.92547510429853 -23.4316675614176 0
endloop
endfacet
facet normal 0.8660245463862254 0.5000014850543271 0
outer loop
vertex 83.98509321345092 -23.595465488398684 1.2
vertex 84.07224862107218 -23.746422484740588 1.2
vertex 84.07224862107216 -23.74642248474057 0
endloop
endfacet
facet normal 0.8660245463862254 0.5000014850543271 0
outer loop
vertex 83.98509321345092 -23.595465488398684 1.2
vertex 84.07224862107216 -23.74642248474057 0
vertex 83.98509321345092 -23.59546548839868 0
endloop
endfacet
facet normal 0.7660441074019325 0.6427880097783222 0
outer loop
vertex 84.07224862107218 -23.746422484740588 1.2
vertex 84.18429319030031 -23.879951861016913 1.2
vertex 84.18429319030031 -23.879951861016917 0
endloop
endfacet
facet normal 0.7660441074019325 0.6427880097783222 0
outer loop
vertex 84.07224862107218 -23.746422484740588 1.2
vertex 84.18429319030031 -23.879951861016917 0
vertex 84.07224862107216 -23.74642248474057 0
endloop
endfacet
facet normal 0.6427881231111064 0.76604401230432 0
outer loop
vertex 84.18429319030031 -23.879951861016913 1.2
vertex 84.31782254999999 -23.991996449999988 1.2
vertex 84.31782255 -23.99199645 0
endloop
endfacet
facet normal 0.6427881231111064 0.76604401230432 0
outer loop
vertex 84.18429319030031 -23.879951861016913 1.2
vertex 84.31782255 -23.99199645 0
vertex 84.18429319030031 -23.879951861016917 0
endloop
endfacet
facet normal 0 1 0
outer loop
vertex 6.000000000000007 -7 1.2
vertex 5.999999999999986 -7 0
vertex -6 -7 0
endloop
endfacet
facet normal 0 1 0
outer loop
vertex 6.000000000000007 -7 1.2
vertex -6 -7 0
vertex -6 -7 1.2
endloop
endfacet
facet normal -0.08715574274765814 0.9961946980917455 0
outer loop
vertex 6.000000000000007 -7 1.2
vertex 6.1736481776669265 -6.984807753012209 1.2
vertex 6.173648177666941 -6.9848077530122055 0
endloop
endfacet
facet normal -0.08715574274765814 0.9961946980917455 0
outer loop
vertex 6.000000000000007 -7 1.2
vertex 6.173648177666941 -6.9848077530122055 0
vertex 5.999999999999986 -7 0
endloop
endfacet
facet normal -0.25881904510252435 0.9659258262890674 0
outer loop
vertex 6.1736481776669265 -6.984807753012209 1.2
vertex 6.342020143325659 -6.939692620785911 1.2
vertex 6.342020143325662 -6.939692620785909 0
endloop
endfacet
facet normal -0.25881904510252435 0.9659258262890674 0
outer loop
vertex 6.1736481776669265 -6.984807753012209 1.2
vertex 6.342020143325662 -6.939692620785909 0
vertex 6.173648177666941 -6.9848077530122055 0
endloop
endfacet
facet normal -0.42261826174069567 0.9063077870366517 0
outer loop
vertex 6.342020143325659 -6.939692620785911 1.2
vertex 6.499999999999979 -6.866025403784448 1.2
vertex 6.500000000000007 -6.866025403784434 0
endloop
endfacet
facet normal -0.42261826174069567 0.9063077870366517 0
outer loop
vertex 6.342020143325659 -6.939692620785911 1.2
vertex 6.500000000000007 -6.866025403784434 0
vertex 6.342020143325662 -6.939692620785909 0
endloop
endfacet
facet normal -0.5735764363510424 0.8191520442889944 0
outer loop
vertex 6.499999999999979 -6.866025403784448 1.2
vertex 6.6427876096865015 -6.766044443119014 1.2
vertex 6.642787609686536 -6.766044443118981 0
endloop
endfacet
facet normal -0.5735764363510424 0.8191520442889944 0
outer loop
vertex 6.499999999999979 -6.866025403784448 1.2
vertex 6.642787609686536 -6.766044443118981 0
vertex 6.500000000000007 -6.866025403784434 0
endloop
endfacet
facet normal -0.707106781186544 0.7071067811865511 0
outer loop
vertex 6.6427876096865015 -6.766044443119014 1.2
vertex 6.766044443119 -6.642787609686508 1.2
vertex 6.766044443118986 -6.642787609686534 0
endloop
endfacet
facet normal -0.707106781186544 0.7071067811865511 0
outer loop
vertex 6.6427876096865015 -6.766044443119014 1.2
vertex 6.766044443118986 -6.642787609686534 0
vertex 6.642787609686536 -6.766044443118981 0
endloop
endfacet
facet normal -0.8191520442889911 0.573576436351047 0
outer loop
vertex 6.766044443119 -6.642787609686508 1.2
vertex 6.866025403784438 -6.5 1.2
vertex 6.866025403784434 -6.5 0
endloop
endfacet
facet normal -0.8191520442889911 0.573576436351047 0
outer loop
vertex 6.766044443119 -6.642787609686508 1.2
vertex 6.866025403784434 -6.5 0
vertex 6.766044443118986 -6.642787609686534 0
endloop
endfacet
facet normal 0 0 -1
outer loop
vertex 6.866025403784438 -6.5 1.2
vertex 6.874985374681708 -6.480785280403232 1.2
vertex 6.90152096071676 -6.423879532511286 1.2
endloop
endfacet
facet normal 0 0 -1
outer loop
vertex 6.866025403784438 -6.5 1.2
vertex 6.90152096071676 -6.423879532511286 1.2
vertex 6.939692620785906 -6.342020143325662 1.2
endloop
endfacet
facet normal 0 0 -1
outer loop
vertex 6.866025403784438 -6.5 1.2
vertex 6.939692620785906 -6.342020143325662 1.2
vertex 6.939692620785912 -6.342020143325664 0
endloop
endfacet
facet normal 0 0 -1
outer loop
vertex 6.866025403784438 -6.5 1.2
vertex 6.939692620785912 -6.342020143325664 0
vertex 6.901520960716761 -6.423879532511284 0
endloop
endfacet
facet normal 0 0 -1
outer loop
vertex 6.866025403784438 -6.5 1.2
vertex 6.901520960716761 -6.423879532511284 0
vertex 6.874985374681709 -6.480785280403229 0
endloop
endfacet
facet normal 0 0 -1
outer loop
vertex 6.866025403784438 -6.5 1.2
vertex 6.874985374681709 -6.480785280403229 0
vertex 6.866025403784434 -6.5 0
endloop
endfacet
facet normal 0 0 -1
outer loop
vertex 6.939692620785906 -6.342020143325662 1.2
vertex 6.942519627053269 -6.331469612302545 1.2
vertex 6.975842547219249 -6.20710678118655 1.2
endloop
endfacet
facet normal 0 0 -1
outer loop
vertex 6.939692620785906 -6.342020143325662 1.2
vertex 6.975842547219249 -6.20710678118655 1.2
vertex 6.984807753012203 -6.173648177666934 1.2
endloop
endfacet
facet normal 0 0 -1
outer loop
vertex 6.939692620785906 -6.342020143325662 1.2
vertex 6.984807753012203 -6.173648177666934 1.2
vertex 6.9848077530122055 -6.173648177666937 0
endloop
endfacet
facet normal 0 0 -1
outer loop
vertex 6.939692620785906 -6.342020143325662 1.2
vertex 6.9848077530122055 -6.173648177666937 0
vertex 6.975842547219257 -6.20710678118655 0
endloop
endfacet
facet normal 0 0 -1
outer loop
vertex 6.939692620785906 -6.342020143325662 1.2
vertex 6.975842547219257 -6.20710678118655 0
vertex 6.942519627053278 -6.331469612302543 0
endloop
endfacet
facet normal 0 0 -1
outer loop
vertex 6.939692620785906 -6.342020143325662 1.2
vertex 6.942519627053278 -6.331469612302543 0
vertex 6.939692620785912 -6.342020143325664 0
endloop
endfacet
facet normal 0 0 1
outer loop
vertex 6.984807753012203 -6.173648177666934 1.2
vertex 6.9951382345812885 -6.055570233019598 1.2
vertex 7 -5.999999999999972 1.2
endloop
endfacet
facet normal 0 0 1
outer loop
vertex 6.984807753012203 -6.173648177666934 1.2
vertex 7 -5.999999999999972 1.2
vertex 7 -5.9999999999999964 0
endloop
endfacet
facet normal 0 0 1
outer loop
vertex 6.984807753012203 -6.173648177666934 1.2
vertex 7 -5.9999999999999964 0
vertex 6.995138234581289 -6.055570233019598 0
endloop
endfacet
facet normal 0 0 1
outer loop
vertex 6.984807753012203 -6.173648177666934 1.2
vertex 6.995138234581289 -6.055570233019598 0
vertex 6.9848077530122055 -6.173648177666937 0
endloop
endfacet
facet normal -1 0 0
outer loop
vertex 7 -5.882683432365088 1.2
vertex 7 -5.695090322016139 1.2
vertex 7 -5.499999999999991 1.2
endloop
endfacet
facet normal -1 0 0
outer loop
vertex 7 -5.882683432365088 1.2
vertex 7 -5.499999999999991 1.2
vertex 7 -5.304909677983872 1.2
endloop
endfacet
facet normal -1 0 0
outer loop
vertex 7 -5.882683432365088 1.2
vertex 7 -5.304909677983872 1.2
vertex 7 -5.117316567634909 1.2
endloop
endfacet
facet normal -1 0 0
outer loop
vertex 7 -5.882683432365088 1.2
vertex 7 -5.117316567634909 1.2
vertex 7 -4.9444297669804005 1.2
endloop
endfacet
facet normal -1 0 0
outer loop
vertex 7 -5.882683432365088 1.2
vertex 7 -4.9444297669804005 1.2
vertex 7 -4.792893218813445 1.2
endloop
endfacet
facet normal -1 0 0
outer loop
vertex 7 -5.882683432365088 1.2
vertex 7 -4.792893218813445 1.2
vertex 7 -4.668530387697459 1.2
endloop
endfacet
facet normal -1 0 0
outer loop
vertex 7 -5.882683432365088 1.2
vertex 7 -4.668530387697459 1.2
vertex 7 -4.576120467488714 1.2
endloop
endfacet
facet normal -1 0 0
outer loop
vertex 7 -5.882683432365088 1.2
vertex 7 -4.576120467488714 1.2
vertex 7 -4.51921471959677 1.2
endloop
endfacet
facet normal -1 0 0
outer loop
vertex 7 -5.882683432365088 1.2
vertex 7 -4.51921471959677 1.2
vertex 7 -4.5 1.2
endloop
endfacet
facet normal -1 0 0
outer loop
vertex 7 -5.882683432365088 1.2
vertex 7 -4.5 1.2
vertex 7 -4.00591 1.2
endloop
endfacet
facet normal -1 0 0
outer loop
vertex 7 -5.882683432365088 1.2
vertex 7 -4.00591 1.2
vertex 7 -1 1.2
endloop
endfacet
facet normal -1 0 0
outer loop
vertex 7 -5.882683432365088 1.2
vertex 7 -1 1.2
vertex 7 -0.984807753012209 1.2
endloop
endfacet
facet normal -1 0 0
outer loop
vertex 7 -5.882683432365088 1.2
vertex 7 -0.984807753012209 1.2
vertex 7 -0.9396926207859018 1.2
endloop
endfacet
facet normal -1 0 0
outer loop
vertex 7 -5.882683432365088 1.2
vertex 7 -0.9396926207859018 1.2
vertex 7 -0.8660254037844677 1.2
endloop
endfacet
facet normal -1 0 0
outer loop
vertex 7 -5.882683432365088 1.2
vertex 7 -0.8660254037844677 1.2
vertex 7 -0.7660444431189779 1.2
endloop
endfacet
facet normal -1 0 0
outer loop
vertex 7 -5.882683432365088 1.2
vertex 7 -0.7660444431189779 1.2
vertex 7 -0.642787609686593 1.2
endloop
endfacet
facet normal -1 0 0
outer loop
vertex 7 -5.882683432365088 1.2
vertex 7 -0.642787609686593 1.2
vertex 7 -0.4999999999999547 1.2
endloop
endfacet
facet normal -1 0 0
outer loop
vertex 7 -5.882683432365088 1.2
vertex 7 -0.4999999999999547 1.2
vertex 7 -0.34202014332565867 1.2
endloop
endfacet
facet normal -1 0 0
outer loop
vertex 7 -5.882683432365088 1.2
vertex 7 -0.34202014332565867 1.2
vertex 7 -0.17364817766700202 1.2
endloop
endfacet
facet normal -1 0 0
outer loop
vertex 7 -5.882683432365088 1.2
vertex 7 -0.17364817766700202 1.2
vertex 7 1.127986593019159e-13 1.2
endloop
endfacet
facet normal -1 0 0
outer loop
vertex 7 -5.882683432365088 1.2
vertex 7 1.127986593019159e-13 1.2
vertex 7 5.999999999999986 1.2
endloop
endfacet
facet normal -1 0 0
outer loop
vertex 7 -5.882683432365088 1.2
vertex 7 5.999999999999986 1.2
vertex 7 5.9999999999999964 0
endloop
endfacet
facet normal -1 0 0
outer loop
vertex 7 -5.882683432365088 1.2
vertex 7 5.9999999999999964 0
vertex 7 8.79296635503124e-14 0
endloop
endfacet
facet normal -1 0 0
outer loop
vertex 7 -5.882683432365088 1.2
vertex 7 8.79296635503124e-14 0
vertex 7 -0.17364817766696738 0
endloop
endfacet
facet normal -1 0 0
outer loop
vertex 7 -5.882683432365088 1.2
vertex 7 -0.17364817766696738 0
vertex 7 -0.34202014332571906 0
endloop
endfacet
facet normal -1 0 0
outer loop
vertex 7 -5.882683432365088 1.2
vertex 7 -0.34202014332571906 0
vertex 7 -0.4999999999999476 0
endloop
endfacet
facet normal -1 0 0
outer loop
vertex 7 -5.882683432365088 1.2
vertex 7 -0.4999999999999476 0
vertex 7 -0.642787609686609 0
endloop
endfacet
facet normal -1 0 0
outer loop
vertex 7 -5.882683432365088 1.2
vertex 7 -0.642787609686609 0
vertex 7 -0.7660444431189788 0
endloop
endfacet
facet normal -1 0 0
outer loop
vertex 7 -5.882683432365088 1.2
vertex 7 -0.7660444431189788 0
vertex 7 -0.8660254037844464 0
endloop
endfacet
facet normal -1 0 0
outer loop
vertex 7 -5.882683432365088 1.2
vertex 7 -0.8660254037844464 0
vertex 7 -0.9396926207859089 0
endloop
endfacet
facet normal -1 0 0
outer loop
vertex 7 -5.882683432365088 1.2
vertex 7 -0.9396926207859089 0
vertex 7 -0.9848077530122072 0
endloop
endfacet
facet normal -1 0 0
outer loop
vertex 7 -5.882683432365088 1.2
vertex 7 -0.9848077530122072 0
vertex 7 -1 0
endloop
endfacet
facet normal -1 0 0
outer loop
vertex 7 -5.882683432365088 1.2
vertex 7 -1 0
vertex 7 -4.005909999999998 0
endloop
endfacet
facet normal -1 0 0
outer loop
vertex 7 -5.882683432365088 1.2
vertex 7 -4.005909999999998 0
vertex 7 -4.5 0
endloop
endfacet
facet normal -1 0 0
outer loop
vertex 7 -5.882683432365088 1.2
vertex 7 -4.5 0
vertex 7 -4.519214719596768 0
endloop
endfacet
facet normal -1 0 0
outer loop
vertex 7 -5.882683432365088 1.2
vertex 7 -4.519214719596768 0
vertex 7 -4.576120467488714 0
endloop
endfacet
facet normal -1 0 0
outer loop
vertex 7 -5.882683432365088 1.2
vertex 7 -4.576120467488714 0
vertex 7 -4.668530387697455 0
endloop
endfacet
facet normal -1 0 0
outer loop
vertex 7 -5.882683432365088 1.2
vertex 7 -4.668530387697455 0
vertex 7 -4.792893218813443 0
endloop
endfacet
facet normal -1 0 0
outer loop
vertex 7 -5.882683432365088 1.2
vertex 7 -4.792893218813443 0
vertex 7 -4.944429766980404 0
endloop
endfacet
facet normal -1 0 0
outer loop
vertex 7 -5.882683432365088 1.2
vertex 7 -4.944429766980404 0
vertex 7 -5.117316567634905 0
endloop
endfacet
facet normal -1 0 0
outer loop
vertex 7 -5.882683432365088 1.2
vertex 7 -5.117316567634905 0
vertex 7 -5.304909677983872 0
endloop
endfacet
facet normal -1 0 0
outer loop
vertex 7 -5.882683432365088 1.2
vertex 7 -5.304909677983872 0
vertex 7 -5.499999999999986 0
endloop
endfacet
facet normal -1 0 0
outer loop
vertex 7 -5.882683432365088 1.2
vertex 7 -5.499999999999986 0
vertex 7 -5.69509032201614 0
endloop
endfacet
facet normal -1 0 0
outer loop
vertex 7 -5.882683432365088 1.2
vertex 7 -5.69509032201614 0
vertex 7 -5.882683432365084 0
endloop
endfacet
facet normal -1 0 0
outer loop
vertex 7 -5.882683432365088 1.2
vertex 7 -5.882683432365084 0
vertex 7 -5.9999999999999964 0
endloop
endfacet
facet normal -1 0 0
outer loop
vertex 7 -5.882683432365088 1.2
vertex 7 -5.9999999999999964 0
vertex 7 -5.999999999999972 1.2
endloop
endfacet
facet normal -1 0 0
outer loop
vertex 7 11.99999999999983 1.2
vertex 7 12.173648177666896 1.2
vertex 7 12.342020143325703 1.2
endloop
endfacet
facet normal -1 0 0
outer loop
vertex 7 11.99999999999983 1.2
vertex 7 12.342020143325703 1.2
vertex 7 12.49999999999999 1.2
endloop
endfacet
facet normal -1 0 0
outer loop
vertex 7 11.99999999999983 1.2
vertex 7 12.49999999999999 1.2
vertex 7 12.642787609686565 1.2
endloop
endfacet
facet normal -1 0 0
outer loop
vertex 7 11.99999999999983 1.2
vertex 7 12.642787609686565 1.2
vertex 7 12.766044443118995 1.2
endloop
endfacet
facet normal -1 0 0
outer loop
vertex 7 11.99999999999983 1.2
vertex 7 12.766044443118995 1.2
vertex 7 12.86602540378443 1.2
endloop
endfacet
facet normal -1 0 0
outer loop
vertex 7 11.99999999999983 1.2
vertex 7 12.86602540378443 1.2
vertex 7 12.939692620785905 1.2
endloop
endfacet
facet normal -1 0 0
outer loop
vertex 7 11.99999999999983 1.2
vertex 7 12.939692620785905 1.2
vertex 7 12.984807753012209 1.2
endloop
endfacet
facet normal -1 0 0
outer loop
vertex 7 11.99999999999983 1.2
vertex 7 12.984807753012209 1.2
vertex 7 13 1.2
endloop
endfacet
facet normal -1 0 0
outer loop
vertex 7 11.99999999999983 1.2
vertex 7 13 1.2
vertex 7 16 1.2
endloop
endfacet
facet normal -1 0 0
outer loop
vertex 7 11.99999999999983 1.2
vertex 7 16 1.2
vertex 7 16.01519224698779 1.2
endloop
endfacet
facet normal -1 0 0
outer loop
vertex 7 11.99999999999983 1.2
vertex 7 16.01519224698779 1.2
vertex 7 16.060307379214088 1.2
endloop
endfacet
facet normal -1 0 0
outer loop
vertex 7 11.99999999999983 1.2
vertex 7 16.060307379214088 1.2
vertex 7 16.13397459621557 1.2
endloop
endfacet
facet normal -1 0 0
outer loop
vertex 7 11.99999999999983 1.2
vertex 7 16.13397459621557 1.2
vertex 7 16.233955556881003 1.2
endloop
endfacet
facet normal -1 0 0
outer loop
vertex 7 11.99999999999983 1.2
vertex 7 16.233955556881003 1.2
vertex 7 16.357212390313485 1.2
endloop
endfacet
facet normal -1 0 0
outer loop
vertex 7 11.99999999999983 1.2
vertex 7 16.357212390313485 1.2
vertex 7 16.499999999999968 1.2
endloop
endfacet
facet normal -1 0 0
outer loop
vertex 7 11.99999999999983 1.2
vertex 7 16.499999999999968 1.2
vertex 7 16.657979856674373 1.2
endloop
endfacet
facet normal -1 0 0
outer loop
vertex 7 11.99999999999983 1.2
vertex 7 16.657979856674373 1.2
vertex 7 16.826351822333063 1.2
endloop
endfacet
facet normal -1 0 0
outer loop
vertex 7 11.99999999999983 1.2
vertex 7 16.826351822333063 1.2
vertex 7 16.9999999999999 1.2
endloop
endfacet
facet normal -1 0 0
outer loop
vertex 7 11.99999999999983 1.2
vertex 7 16.9999999999999 1.2
vertex 7 22.999999999999993 1.2
endloop
endfacet
facet normal -1 0 0
outer loop
vertex 7 11.99999999999983 1.2
vertex 7 22.999999999999993 1.2
vertex 7 23 0
endloop
endfacet
facet normal -1 0 0
outer loop
vertex 7 11.99999999999983 1.2
vertex 7 23 0
vertex 7 16.99999999999997 0
endloop
endfacet
facet normal -1 0 0
outer loop
vertex 7 11.99999999999983 1.2
vertex 7 16.99999999999997 0
vertex 7 16.82635182233309 0
endloop
endfacet
facet normal -1 0 0
outer loop
vertex 7 11.99999999999983 1.2
vertex 7 16.82635182233309 0
vertex 7 16.65797985667428 0
endloop
endfacet
facet normal -1 0 0
outer loop
vertex 7 11.99999999999983 1.2
vertex 7 16.65797985667428 0
vertex 7 16.500000000000025 0
endloop
endfacet
facet normal -1 0 0
outer loop
vertex 7 11.99999999999983 1.2
vertex 7 16.500000000000025 0
vertex 7 16.35721239031343 0
endloop
endfacet
facet normal -1 0 0
outer loop
vertex 7 11.99999999999983 1.2
vertex 7 16.35721239031343 0
vertex 7 16.23395555688104 0
endloop
endfacet
facet normal -1 0 0
outer loop
vertex 7 11.99999999999983 1.2
vertex 7 16.23395555688104 0
vertex 7 16.133974596215566 0
endloop
endfacet
facet normal -1 0 0
outer loop
vertex 7 11.99999999999983 1.2
vertex 7 16.133974596215566 0
vertex 7 16.060307379214077 0
endloop
endfacet
facet normal -1 0 0
outer loop
vertex 7 11.99999999999983 1.2
vertex 7 16.060307379214077 0
vertex 7 16.01519224698779 0
endloop
endfacet
facet normal -1 0 0
outer loop
vertex 7 11.99999999999983 1.2
vertex 7 16.01519224698779 0
vertex 7 16 0
endloop
endfacet
facet normal -1 0 0
outer loop
vertex 7 11.99999999999983 1.2
vertex 7 16 0
vertex 7 13 0
endloop
endfacet
facet normal -1 0 0
outer loop
vertex 7 11.99999999999983 1.2
vertex 7 13 0
vertex 7 12.984807753012209 0
endloop
endfacet
facet normal -1 0 0
outer loop
vertex 7 11.99999999999983 1.2
vertex 7 12.984807753012209 0
vertex 7 12.939692620785907 0
endloop
endfacet
facet normal -1 0 0
outer loop
vertex 7 11.99999999999983 1.2
vertex 7 12.939692620785907 0
vertex 7 12.866025403784452 0
endloop
endfacet
facet normal -1 0 0
outer loop
vertex 7 11.99999999999983 1.2
vertex 7 12.866025403784452 0
vertex 7 12.766044443118995 0
endloop
endfacet
facet normal -1 0 0
outer loop
vertex 7 11.99999999999983 1.2
vertex 7 12.766044443118995 0
vertex 7 12.642787609686588 0
endloop
endfacet
facet normal -1 0 0
outer loop
vertex 7 11.99999999999983 1.2
vertex 7 12.642787609686588 0
vertex 7 12.49999999999997 0
endloop
endfacet
facet normal -1 0 0
outer loop
vertex 7 11.99999999999983 1.2
vertex 7 12.49999999999997 0
vertex 7 12.342020143325724 0
endloop
endfacet
facet normal -1 0 0
outer loop
vertex 7 11.99999999999983 1.2
vertex 7 12.342020143325724 0
vertex 7 12.173648177666964 0
endloop
endfacet
facet normal -1 0 0
outer loop
vertex 7 11.99999999999983 1.2
vertex 7 12.173648177666964 0
vertex 7 11.999999999999936 0
endloop
endfacet
facet normal -1 0 0
outer loop
vertex 7 11.99999999999983 1.2
vertex 7 11.999999999999936 0
vertex 7 10.999999999999998 0
endloop
endfacet
facet normal -1 0 0
outer loop
vertex 7 11.99999999999983 1.2
vertex 7 10.999999999999998 0
vertex 7 11 1.2
endloop
endfacet
facet normal -1 0 0
outer loop
vertex 7 29.000000000000014 1.2
vertex 7 29.173648177666923 1.2
vertex 7 29.342020143325705 1.2
endloop
endfacet
facet normal -1 0 0
outer loop
vertex 7 29.000000000000014 1.2
vertex 7 29.342020143325705 1.2
vertex 7 29.499999999999968 1.2
endloop
endfacet
facet normal -1 0 0
outer loop
vertex 7 29.000000000000014 1.2
vertex 7 29.499999999999968 1.2
vertex 7 29.642787609686597 1.2
endloop
endfacet
facet normal -1 0 0
outer loop
vertex 7 29.000000000000014 1.2
vertex 7 29.642787609686597 1.2
vertex 7 29.766044443118968 1.2
endloop
endfacet
facet normal -1 0 0
outer loop
vertex 7 29.000000000000014 1.2
vertex 7 29.766044443118968 1.2
vertex 7 29.866025403784434 1.2
endloop
endfacet
facet normal -1 0 0
outer loop
vertex 7 29.000000000000014 1.2
vertex 7 29.866025403784434 1.2
vertex 7 29.939692620785905 1.2
endloop
endfacet
facet normal -1 0 0
outer loop
vertex 7 29.000000000000014 1.2
vertex 7 29.939692620785905 1.2
vertex 7 29.984807753012213 1.2
endloop
endfacet
facet normal -1 0 0
outer loop
vertex 7 29.000000000000014 1.2
vertex 7 29.984807753012213 1.2
vertex 7 30 1.2
endloop
endfacet
facet normal -1 0 0
outer loop
vertex 7 29.000000000000014 1.2
vertex 7 30 1.2
vertex 7 30.5 1.2
endloop
endfacet
facet normal -1 0 0
outer loop
vertex 7 29.000000000000014 1.2
vertex 7 30.5 1.2
vertex 7 30.51921471959677 1.2
endloop
endfacet
facet normal -1 0 0
outer loop
vertex 7 29.000000000000014 1.2
vertex 7 30.51921471959677 1.2
vertex 7 30.576120467488707 1.2
endloop
endfacet
facet normal -1 0 0
outer loop
vertex 7 29.000000000000014 1.2
vertex 7 30.576120467488707 1.2
vertex 7 30.668530387697434 1.2
endloop
endfacet
facet normal -1 0 0
outer loop
vertex 7 29.000000000000014 1.2
vertex 7 30.668530387697434 1.2
vertex 7 30.792893218813433 1.2
endloop
endfacet
facet normal -1 0 0
outer loop
vertex 7 29.000000000000014 1.2
vertex 7 30.792893218813433 1.2
vertex 7 30.944429766980473 1.2
endloop
endfacet
facet normal -1 0 0
outer loop
vertex 7 29.000000000000014 1.2
vertex 7 30.944429766980473 1.2
vertex 7 31.117316567634894 1.2
endloop
endfacet
facet normal -1 0 0
outer loop
vertex 7 29.000000000000014 1.2
vertex 7 31.117316567634894 1.2
vertex 7 31.304909677983865 1.2
endloop
endfacet
facet normal -1 0 0
outer loop
vertex 7 29.000000000000014 1.2
vertex 7 31.304909677983865 1.2
vertex 7 31.500000000000007 1.2
endloop
endfacet
facet normal -1 0 0
outer loop
vertex 7 29.000000000000014 1.2
vertex 7 31.500000000000007 1.2
vertex 7 31.69509032201619 1.2
endloop
endfacet
facet normal -1 0 0
outer loop
vertex 7 29.000000000000014 1.2
vertex 7 31.69509032201619 1.2
vertex 7 31.882683432365027 1.2
endloop
endfacet
facet normal -1 0 0
outer loop
vertex 7 29.000000000000014 1.2
vertex 7 31.882683432365027 1.2
vertex 7 32.05557023301963 1.2
endloop
endfacet
facet normal -1 0 0
outer loop
vertex 7 29.000000000000014 1.2
vertex 7 32.05557023301963 1.2
vertex 7 32.20710678118657 1.2
endloop
endfacet
facet normal -1 0 0
outer loop
vertex 7 29.000000000000014 1.2
vertex 7 32.20710678118657 1.2
vertex 7 32.33146961230255 1.2
endloop
endfacet
facet normal -1 0 0
outer loop
vertex 7 29.000000000000014 1.2
vertex 7 32.33146961230255 1.2
vertex 7 32.423879532511286 1.2
endloop
endfacet
facet normal -1 0 0
outer loop
vertex 7 29.000000000000014 1.2
vertex 7 32.423879532511286 1.2
vertex 7 32.48078528040323 1.2
endloop
endfacet
facet normal -1 0 0
outer loop
vertex 7 29.000000000000014 1.2
vertex 7 32.48078528040323 1.2
vertex 7 32.5 1.2
endloop
endfacet
facet normal -1 0 0
outer loop
vertex 7 29.000000000000014 1.2
vertex 7 32.5 1.2
vertex 7 33 1.2
endloop
endfacet
facet normal -1 0 0
outer loop
vertex 7 29.000000000000014 1.2
vertex 7 33 1.2
vertex 7 33.01519224698779 1.2
endloop
endfacet
facet normal -1 0 0
outer loop
vertex 7 29.000000000000014 1.2
vertex 7 33.01519224698779 1.2
vertex 7 33.060307379214095 1.2
endloop
endfacet
facet normal -1 0 0
outer loop
vertex 7 29.000000000000014 1.2
vertex 7 33.060307379214095 1.2
vertex 7 33.13397459621556 1.2
endloop
endfacet
facet normal -1 0 0
outer loop
vertex 7 29.000000000000014 1.2
vertex 7 33.13397459621556 1.2
vertex 7 33.233955556881014 1.2
endloop
endfacet
facet normal -1 0 0
outer loop
vertex 7 29.000000000000014 1.2
vertex 7 33.233955556881014 1.2
vertex 7 33.35721239031348 1.2
endloop
endfacet
facet normal -1 0 0
outer loop
vertex 7 29.000000000000014 1.2
vertex 7 33.35721239031348 1.2
vertex 7 33.499999999999986 1.2
endloop
endfacet
facet normal -1 0 0
outer loop
vertex 7 29.000000000000014 1.2
vertex 7 33.499999999999986 1.2
vertex 7 33.657979856674324 1.2
endloop
endfacet
facet normal -1 0 0
outer loop
vertex 7 29.000000000000014 1.2
vertex 7 33.657979856674324 1.2
vertex 7 33.82635182233306 1.2
endloop
endfacet
facet normal -1 0 0
outer loop
vertex 7 29.000000000000014 1.2
vertex 7 33.82635182233306 1.2
vertex 7 34 1.2
endloop
endfacet
facet normal -1 0 0
outer loop
vertex 7 29.000000000000014 1.2
vertex 7 34 1.2
vertex 7 39.99999999999999 1.2
endloop
endfacet
facet normal -1 0 0
outer loop
vertex 7 29.000000000000014 1.2
vertex 7 39.99999999999999 1.2
vertex 7 39.999999999999986 0
endloop
endfacet
facet normal -1 0 0
outer loop
vertex 7 29.000000000000014 1.2
vertex 7 39.999999999999986 0
vertex 7 34.000000000000036 0
endloop
endfacet
facet normal -1 0 0
outer loop
vertex 7 29.000000000000014 1.2
vertex 7 34.000000000000036 0
vertex 7 33.82635182233303 0
endloop
endfacet
facet normal -1 0 0
outer loop
vertex 7 29.000000000000014 1.2
vertex 7 33.82635182233303 0
vertex 7 33.65797985667435 0
endloop
endfacet
facet normal -1 0 0
outer loop
vertex 7 29.000000000000014 1.2
vertex 7 33.65797985667435 0
vertex 7 33.49999999999994 0
endloop
endfacet
facet normal -1 0 0
outer loop
vertex 7 29.000000000000014 1.2
vertex 7 33.49999999999994 0
vertex 7 33.35721239031349 0
endloop
endfacet
facet normal -1 0 0
outer loop
vertex 7 29.000000000000014 1.2
vertex 7 33.35721239031349 0
vertex 7 33.233955556881014 0
endloop
endfacet
facet normal -1 0 0
outer loop
vertex 7 29.000000000000014 1.2
vertex 7 33.233955556881014 0
vertex 7 33.13397459621555 0
endloop
endfacet
facet normal -1 0 0
outer loop
vertex 7 29.000000000000014 1.2
vertex 7 33.13397459621555 0
vertex 7 33.06030737921409 0
endloop
endfacet
facet normal -1 0 0
outer loop
vertex 7 29.000000000000014 1.2
vertex 7 33.06030737921409 0
vertex 7 33.01519224698779 0
endloop
endfacet
facet normal -1 0 0
outer loop
vertex 7 29.000000000000014 1.2
vertex 7 33.01519224698779 0
vertex 7 33 0
endloop
endfacet
facet normal -1 0 0
outer loop
vertex 7 29.000000000000014 1.2
vertex 7 33 0
vertex 7 32.5 0
endloop
endfacet
facet normal -1 0 0
outer loop
vertex 7 29.000000000000014 1.2
vertex 7 32.5 0
vertex 7 32.48078528040324 0
endloop
endfacet
facet normal -1 0 0
outer loop
vertex 7 29.000000000000014 1.2
vertex 7 32.48078528040324 0
vertex 7 32.42387953251128 0
endloop
endfacet
facet normal -1 0 0
outer loop
vertex 7 29.000000000000014 1.2
vertex 7 32.42387953251128 0
vertex 7 32.331469612302534 0
endloop
endfacet
facet normal -1 0 0
outer loop
vertex 7 29.000000000000014 1.2
vertex 7 32.331469612302534 0
vertex 7 32.20710678118658 0
endloop
endfacet
facet normal -1 0 0
outer loop
vertex 7 29.000000000000014 1.2
vertex 7 32.20710678118658 0
vertex 7 32.05557023301958 0
endloop
endfacet
facet normal -1 0 0
outer loop
vertex 7 29.000000000000014 1.2
vertex 7 32.05557023301958 0
vertex 7 31.88268343236507 0
endloop
endfacet
facet normal -1 0 0
outer loop
vertex 7 29.000000000000014 1.2
vertex 7 31.88268343236507 0
vertex 7 31.69509032201613 0
endloop
endfacet
facet normal -1 0 0
outer loop
vertex 7 29.000000000000014 1.2
vertex 7 31.69509032201613 0
vertex 7 31.499999999999993 0
endloop
endfacet
facet normal -1 0 0
outer loop
vertex 7 29.000000000000014 1.2
vertex 7 31.499999999999993 0
vertex 7 31.30490967798389 0
endloop
endfacet
facet normal -1 0 0
outer loop
vertex 7 29.000000000000014 1.2
vertex 7 31.30490967798389 0
vertex 7 31.117316567634955 0
endloop
endfacet
facet normal -1 0 0
outer loop
vertex 7 29.000000000000014 1.2
vertex 7 31.117316567634955 0
vertex 7 30.944429766980384 0
endloop
endfacet
facet normal -1 0 0
outer loop
vertex 7 29.000000000000014 1.2
vertex 7 30.944429766980384 0
vertex 7 30.792893218813454 0
endloop
endfacet
facet normal -1 0 0
outer loop
vertex 7 29.000000000000014 1.2
vertex 7 30.792893218813454 0
vertex 7 30.66853038769746 0
endloop
endfacet
facet normal -1 0 0
outer loop
vertex 7 29.000000000000014 1.2
vertex 7 30.66853038769746 0
vertex 7 30.57612046748871 0
endloop
endfacet
facet normal -1 0 0
outer loop
vertex 7 29.000000000000014 1.2
vertex 7 30.57612046748871 0
vertex 7 30.519214719596764 0
endloop
endfacet
facet normal -1 0 0
outer loop
vertex 7 29.000000000000014 1.2
vertex 7 30.519214719596764 0
vertex 7 30.499999999999996 0
endloop
endfacet
facet normal -1 0 0
outer loop
vertex 7 29.000000000000014 1.2
vertex 7 30.499999999999996 0
vertex 7 30 0
endloop
endfacet
facet normal -1 0 0
outer loop
vertex 7 29.000000000000014 1.2
vertex 7 30 0
vertex 7 29.98480775301221 0
endloop
endfacet
facet normal -1 0 0
outer loop
vertex 7 29.000000000000014 1.2
vertex 7 29.98480775301221 0
vertex 7 29.93969262078591 0
endloop
endfacet
facet normal -1 0 0
outer loop
vertex 7 29.000000000000014 1.2
vertex 7 29.93969262078591 0
vertex 7 29.86602540378444 0
endloop
endfacet
facet normal -1 0 0
outer loop
vertex 7 29.000000000000014 1.2
vertex 7 29.86602540378444 0
vertex 7 29.76604444311897 0
endloop
endfacet
facet normal -1 0 0
outer loop
vertex 7 29.000000000000014 1.2
vertex 7 29.76604444311897 0
vertex 7 29.642787609686554 0
endloop
endfacet
facet normal -1 0 0
outer loop
vertex 7 29.000000000000014 1.2
vertex 7 29.642787609686554 0
vertex 7 29.50000000000003 0
endloop
endfacet
facet normal -1 0 0
outer loop
vertex 7 29.000000000000014 1.2
vertex 7 29.50000000000003 0
vertex 7 29.34202014332569 0
endloop
endfacet
facet normal -1 0 0
outer loop
vertex 7 29.000000000000014 1.2
vertex 7 29.34202014332569 0
vertex 7 29.173648177666927 0
endloop
endfacet
facet normal -1 0 0
outer loop
vertex 7 29.000000000000014 1.2
vertex 7 29.173648177666927 0
vertex 7 29.00000000000003 0
endloop
endfacet
facet normal -1 0 0
outer loop
vertex 7 29.000000000000014 1.2
vertex 7 29.00000000000003 0
vertex 7 27.999999999999993 0
endloop
endfacet
facet normal -1 0 0
outer loop
vertex 7 29.000000000000014 1.2
vertex 7 27.999999999999993 0
vertex 7 28.000000000000004 1.2
endloop
endfacet
facet normal -0.9961946980917452 -0.0871557427476617 0
outer loop
vertex 7 5.999999999999986 1.2
vertex 6.984807753012206 6.173648177666934 1.2
vertex 6.9848077530122055 6.17364817766693 0
endloop
endfacet
facet normal -0.9961946980917452 -0.0871557427476617 0
outer loop
vertex 7 5.999999999999986 1.2
vertex 6.9848077530122055 6.17364817766693 0
vertex 7 5.9999999999999964 0
endloop
endfacet
facet normal -0.9659258262890686 -0.25881904510251985 0
outer loop
vertex 6.984807753012206 6.173648177666934 1.2
vertex 6.9396926207859035 6.3420201433256835 1.2
vertex 6.939692620785905 6.342020143325675 0
endloop
endfacet
facet normal -0.9659258262890686 -0.25881904510251985 0
outer loop
vertex 6.984807753012206 6.173648177666934 1.2
vertex 6.939692620785905 6.342020143325675 0
vertex 6.9848077530122055 6.17364817766693 0
endloop
endfacet
facet normal -0.9063077870366487 -0.42261826174070194 0
outer loop
vertex 6.9396926207859035 6.3420201433256835 1.2
vertex 6.866025403784448 6.499999999999986 1.2
vertex 6.866025403784441 6.499999999999993 0
endloop
endfacet
facet normal -0.9063077870366487 -0.42261826174070194 0
outer loop
vertex 6.9396926207859035 6.3420201433256835 1.2
vertex 6.866025403784441 6.499999999999993 0
vertex 6.939692620785905 6.342020143325675 0
endloop
endfacet
facet normal -0.8191520442889911 -0.573576436351047 0
outer loop
vertex 6.866025403784448 6.499999999999986 1.2
vertex 6.766044443118971 6.64278760968655 1.2
vertex 6.766044443118979 6.642787609686541 0
endloop
endfacet
facet normal -0.8191520442889911 -0.573576436351047 0
outer loop
vertex 6.866025403784448 6.499999999999986 1.2
vertex 6.766044443118979 6.642787609686541 0
vertex 6.866025403784441 6.499999999999993 0
endloop
endfacet
facet normal -0.7071067811865493 -0.7071067811865458 0
outer loop
vertex 6.766044443118971 6.64278760968655 1.2
vertex 6.642787609686547 6.766044443118975 1.2
vertex 6.642787609686536 6.76604444311898 0
endloop
endfacet
facet normal -0.7071067811865493 -0.7071067811865458 0
outer loop
vertex 6.766044443118971 6.64278760968655 1.2
vertex 6.642787609686536 6.76604444311898 0
vertex 6.766044443118979 6.642787609686541 0
endloop
endfacet
facet normal -0.573576436351047 -0.8191520442889911 0
outer loop
vertex 6.642787609686547 6.766044443118975 1.2
vertex 6.500000000000018 6.86602540378443 1.2
vertex 6.500000000000007 6.866025403784436 0
endloop
endfacet
facet normal -0.573576436351047 -0.8191520442889911 0
outer loop
vertex 6.642787609686547 6.766044443118975 1.2
vertex 6.500000000000007 6.866025403784436 0
vertex 6.642787609686536 6.76604444311898 0
endloop
endfacet
facet normal -0.4226182617406984 -0.9063077870366505 0
outer loop
vertex 6.500000000000018 6.86602540378443 1.2
vertex 6.342020143325656 6.939692620785912 1.2
vertex 6.342020143325669 6.939692620785908 0
endloop
endfacet
facet normal -0.4226182617406984 -0.9063077870366505 0
outer loop
vertex 6.500000000000018 6.86602540378443 1.2
vertex 6.342020143325669 6.939692620785908 0
vertex 6.500000000000007 6.866025403784436 0
endloop
endfacet
facet normal -0.25881904510252157 -0.965925826289068 0
outer loop
vertex 6.342020143325656 6.939692620785912 1.2
vertex 6.173648177666936 6.984807753012207 1.2
vertex 6.173648177666934 6.984807753012208 0
endloop
endfacet
facet normal -0.25881904510252157 -0.965925826289068 0
outer loop
vertex 6.342020143325656 6.939692620785912 1.2
vertex 6.173648177666934 6.984807753012208 0
vertex 6.342020143325669 6.939692620785908 0
endloop
endfacet
facet normal -0.08715574274765814 -0.9961946980917455 0
outer loop
vertex 6.173648177666936 6.984807753012207 1.2
vertex 5.999999999999994 7 1.2
vertex 6.0000000000000036 7 0
endloop
endfacet
facet normal -0.08715574274765814 -0.9961946980917455 0
outer loop
vertex 6.173648177666936 6.984807753012207 1.2
vertex 6.0000000000000036 7 0
vertex 6.173648177666934 6.984807753012208 0
endloop
endfacet
facet normal 0 -1 0
outer loop
vertex 6.0000000000000036 7 0
vertex 5.999999999999994 7 1.2
vertex -6 7 1.2
endloop
endfacet
facet normal 0 -1 0
outer loop
vertex 6.0000000000000036 7 0
vertex -6 7 1.2
vertex -5.999999999999993 7 0
endloop
endfacet
facet normal 0.08715574274765814 -0.9961946980917457 0
outer loop
vertex -6 7 1.2
vertex -6.173648177666919 6.984807753012207 1.2
vertex -6.173648177666923 6.984807753012208 0
endloop
endfacet
facet normal 0.08715574274765814 -0.9961946980917457 0
outer loop
vertex -6 7 1.2
vertex -6.173648177666923 6.984807753012208 0
vertex -5.999999999999993 7 0
endloop
endfacet
facet normal 0.25881904510252074 -0.9659258262890683 0
outer loop
vertex -6.173648177666919 6.984807753012207 1.2
vertex -6.3420201433256835 6.939692620785912 1.2
vertex -6.342020143325668 6.939692620785908 0
endloop
endfacet
facet normal 0.25881904510252074 -0.9659258262890683 0
outer loop
vertex -6.173648177666919 6.984807753012207 1.2
vertex -6.342020143325668 6.939692620785908 0
vertex -6.173648177666923 6.984807753012208 0
endloop
endfacet
facet normal 0.4226182617407027 -0.9063077870366485 0
outer loop
vertex -6.3420201433256835 6.939692620785912 1.2
vertex -6.499999999999993 6.86602540378443 1.2
vertex -6.500000000000004 6.866025403784436 0
endloop
endfacet
facet normal 0.4226182617407027 -0.9063077870366485 0
outer loop
vertex -6.3420201433256835 6.939692620785912 1.2
vertex -6.500000000000004 6.866025403784436 0
vertex -6.342020143325668 6.939692620785908 0
endloop
endfacet
facet normal 0.5735764363510408 -0.8191520442889956 0
outer loop
vertex -6.499999999999993 6.86602540378443 1.2
vertex -6.642787609686536 6.766044443118975 1.2
vertex -6.6427876096865335 6.76604444311898 0
endloop
endfacet
facet normal 0.5735764363510408 -0.8191520442889956 0
outer loop
vertex -6.499999999999993 6.86602540378443 1.2
vertex -6.6427876096865335 6.76604444311898 0
vertex -6.500000000000004 6.866025403784436 0
endloop
endfacet
facet normal 0.7071067811865422 -0.7071067811865529 0
outer loop
vertex -6.642787609686536 6.766044443118975 1.2
vertex -6.766044443118979 6.64278760968655 1.2
vertex -6.766044443118982 6.642787609686541 0
endloop
endfacet
facet normal 0.7071067811865422 -0.7071067811865529 0
outer loop
vertex -6.642787609686536 6.766044443118975 1.2
vertex -6.766044443118982 6.642787609686541 0
vertex -6.6427876096865335 6.76604444311898 0
endloop
endfacet
facet normal 0.8191520442889911 -0.573576436351047 0
outer loop
vertex -6.766044443118979 6.64278760968655 1.2
vertex -6.866025403784434 6.499999999999986 1.2
vertex -6.866025403784445 6.499999999999993 0
endloop
endfacet
facet normal 0.8191520442889911 -0.573576436351047 0
outer loop
vertex -6.766044443118979 6.64278760968655 1.2
vertex -6.866025403784445 6.499999999999993 0
vertex -6.766044443118982 6.642787609686541 0
endloop
endfacet
facet normal 0.9063077870366487 -0.42261826174070194 0
outer loop
vertex -6.866025403784434 6.499999999999986 1.2
vertex -6.939692620785905 6.3420201433256835 1.2
vertex -6.939692620785898 6.342020143325675 0
endloop
endfacet
facet normal 0.9063077870366487 -0.42261826174070194 0
outer loop
vertex -6.866025403784434 6.499999999999986 1.2
vertex -6.939692620785898 6.342020143325675 0
vertex -6.866025403784445 6.499999999999993 0
endloop
endfacet
facet normal 0.9659258262890686 -0.25881904510251985 0
outer loop
vertex -6.939692620785905 6.3420201433256835 1.2
vertex -6.9848077530122055 6.173648177666934 1.2
vertex -6.984807753012207 6.17364817766693 0
endloop
endfacet
facet normal 0.9659258262890686 -0.25881904510251985 0
outer loop
vertex -6.939692620785905 6.3420201433256835 1.2
vertex -6.984807753012207 6.17364817766693 0
vertex -6.939692620785898 6.342020143325675 0
endloop
endfacet
facet normal 0.9961946980917459 -0.08715574274765459 0
outer loop
vertex -6.9848077530122055 6.173648177666934 1.2
vertex -7 5.999999999999986 1.2
vertex -6.999999999999997 5.9999999999999964 0
endloop
endfacet
facet normal 0.9961946980917459 -0.08715574274765459 0
outer loop
vertex -6.9848077530122055 6.173648177666934 1.2
vertex -6.999999999999997 5.9999999999999964 0
vertex -6.984807753012207 6.17364817766693 0
endloop
endfacet
facet normal 1 0 0
outer loop
vertex -6.999999999999997 5.9999999999999964 0
vertex -7 5.999999999999986 1.2
vertex -7 -5.999999999999972 1.2
endloop
endfacet
facet normal 1 0 0
outer loop
vertex -6.999999999999997 5.9999999999999964 0
vertex -7 -5.999999999999972 1.2
vertex -7 -5.9999999999999964 0
endloop
endfacet
facet normal 1 0 0
outer loop
vertex -7 23 0
vertex -7 22.999999999999993 1.2
vertex -7 11 1.2
endloop
endfacet
facet normal 1 0 0
outer loop
vertex -7 23 0
vertex -7 11 1.2
vertex -7 10.999999999999998 0
endloop
endfacet
facet normal 1 0 0
outer loop
vertex -7 39.999999999999986 0
vertex -7 39.99999999999999 1.2
vertex -7 28.000000000000004 1.2
endloop
endfacet
facet normal 1 0 0
outer loop
vertex -7 39.999999999999986 0
vertex -7 28.000000000000004 1.2
vertex -7 27.999999999999993 0
endloop
endfacet
facet normal 0.9961946980917453 0.08715574274766169 0
outer loop
vertex -7 -5.999999999999972 1.2
vertex -6.9848077530122055 -6.173648177666934 1.2
vertex -6.984807753012207 -6.173648177666937 0
endloop
endfacet
facet normal 0.9961946980917453 0.08715574274766169 0
outer loop
vertex -7 -5.999999999999972 1.2
vertex -6.984807753012207 -6.173648177666937 0
vertex -7 -5.9999999999999964 0
endloop
endfacet
facet normal 0.9659258262890686 0.25881904510251985 0
outer loop
vertex -6.9848077530122055 -6.173648177666934 1.2
vertex -6.939692620785905 -6.342020143325662 1.2
vertex -6.939692620785909 -6.342020143325664 0
endloop
endfacet
facet normal 0.9659258262890686 0.25881904510251985 0
outer loop
vertex -6.9848077530122055 -6.173648177666934 1.2
vertex -6.939692620785909 -6.342020143325664 0
vertex -6.984807753012207 -6.173648177666937 0
endloop
endfacet
facet normal 0.9063077870366489 0.4226182617407019 0
outer loop
vertex -6.939692620785905 -6.342020143325662 1.2
vertex -6.866025403784441 -6.5 1.2
vertex -6.866025403784435 -6.5 0
endloop
endfacet
facet normal 0.9063077870366489 0.4226182617407019 0
outer loop
vertex -6.939692620785905 -6.342020143325662 1.2
vertex -6.866025403784435 -6.5 0
vertex -6.939692620785909 -6.342020143325664 0
endloop
endfacet
facet normal 0.8191520442889912 0.573576436351047 0
outer loop
vertex -6.866025403784441 -6.5 1.2
vertex -6.766044443118972 -6.642787609686508 1.2
vertex -6.766044443118979 -6.642787609686534 0
endloop
endfacet
facet normal 0.8191520442889912 0.573576436351047 0
outer loop
vertex -6.866025403784441 -6.5 1.2
vertex -6.766044443118979 -6.642787609686534 0
vertex -6.866025403784435 -6.5 0
endloop
endfacet
facet normal 0.7071067811865476 0.7071067811865476 0
outer loop
vertex -6.766044443118972 -6.642787609686508 1.2
vertex -6.642787609686543 -6.766044443119014 1.2
vertex -6.642787609686538 -6.766044443118981 0
endloop
endfacet
facet normal 0.7071067811865476 0.7071067811865476 0
outer loop
vertex -6.766044443118972 -6.642787609686508 1.2
vertex -6.642787609686538 -6.766044443118981 0
vertex -6.766044443118979 -6.642787609686534 0
endloop
endfacet
facet normal 0.573576436351047 0.8191520442889911 0
outer loop
vertex -6.642787609686543 -6.766044443119014 1.2
vertex -6.499999999999993 -6.866025403784448 1.2
vertex -6.500000000000006 -6.866025403784434 0
endloop
endfacet
facet normal 0.573576436351047 0.8191520442889911 0
outer loop
vertex -6.642787609686543 -6.766044443119014 1.2
vertex -6.500000000000006 -6.866025403784434 0
vertex -6.642787609686538 -6.766044443118981 0
endloop
endfacet
facet normal 0.4226182617407002 0.9063077870366497 0
outer loop
vertex -6.499999999999993 -6.866025403784448 1.2
vertex -6.342020143325676 -6.939692620785911 1.2
vertex -6.3420201433256675 -6.939692620785909 0
endloop
endfacet
facet normal 0.4226182617407002 0.9063077870366497 0
outer loop
vertex -6.499999999999993 -6.866025403784448 1.2
vertex -6.3420201433256675 -6.939692620785909 0
vertex -6.500000000000006 -6.866025403784434 0
endloop
endfacet
facet normal 0.2588190451025182 0.965925826289069 0
outer loop
vertex -6.342020143325676 -6.939692620785911 1.2
vertex -6.1736481776669265 -6.984807753012209 1.2
vertex -6.173648177666941 -6.9848077530122055 0
endloop
endfacet
facet normal 0.2588190451025182 0.965925826289069 0
outer loop
vertex -6.342020143325676 -6.939692620785911 1.2
vertex -6.173648177666941 -6.9848077530122055 0
vertex -6.3420201433256675 -6.939692620785909 0
endloop
endfacet
facet normal 0.08715574274765814 0.9961946980917455 0
outer loop
vertex -6.1736481776669265 -6.984807753012209 1.2
vertex -6 -7 1.2
vertex -6 -7 0
endloop
endfacet
facet normal 0.08715574274765814 0.9961946980917455 0
outer loop
vertex -6.1736481776669265 -6.984807753012209 1.2
vertex -6 -7 0
vertex -6.173648177666941 -6.9848077530122055 0
endloop
endfacet
facet normal 0 1 0
outer loop
vertex 5.999999999999993 10 1.2
vertex 5.999999999999993 10 0
vertex -6 10 0
endloop
endfacet
facet normal 0 1 0
outer loop
vertex 5.999999999999993 10 1.2
vertex -6 10 0
vertex -5.999999999999993 10 1.2
endloop
endfacet
facet normal -0.08715574274766347 0.9961946980917451 0
outer loop
vertex 5.999999999999993 10 1.2
vertex 6.173648177666914 10.015192246987791 1.2
vertex 6.173648177666934 10.015192246987795 0
endloop
endfacet
facet normal -0.08715574274766347 0.9961946980917451 0
outer loop
vertex 5.999999999999993 10 1.2
vertex 6.173648177666934 10.015192246987795 0
vertex 5.999999999999993 10 0
endloop
endfacet
facet normal -0.25881904510251263 0.9659258262890704 0
outer loop
vertex 6.173648177666914 10.015192246987791 1.2
vertex 6.342020143325668 10.060307379214091 1.2
vertex 6.342020143325676 10.060307379214095 0
endloop
endfacet
facet normal -0.25881904510251263 0.9659258262890704 0
outer loop
vertex 6.173648177666914 10.015192246987791 1.2
vertex 6.342020143325676 10.060307379214095 0
vertex 6.173648177666934 10.015192246987795 0
endloop
endfacet
facet normal -0.4226182617406975 0.9063077870366509 0
outer loop
vertex 6.342020143325668 10.060307379214091 1.2
vertex 6.499999999999996 10.133974596215559 1.2
vertex 6.499999999999986 10.133974596215552 0
endloop
endfacet
facet normal -0.4226182617406975 0.9063077870366509 0
outer loop
vertex 6.342020143325668 10.060307379214091 1.2
vertex 6.499999999999986 10.133974596215552 0
vertex 6.342020143325676 10.060307379214095 0
endloop
endfacet
facet normal -0.573576436351047 0.8191520442889911 0
outer loop
vertex 6.499999999999996 10.133974596215559 1.2
vertex 6.642787609686539 10.233955556881021 1.2
vertex 6.642787609686522 10.233955556881007 0
endloop
endfacet
facet normal -0.573576436351047 0.8191520442889911 0
outer loop
vertex 6.499999999999996 10.133974596215559 1.2
vertex 6.642787609686522 10.233955556881007 0
vertex 6.499999999999986 10.133974596215552 0
endloop
endfacet
facet normal -0.7071067811865493 0.7071067811865458 0
outer loop
vertex 6.642787609686539 10.233955556881021 1.2
vertex 6.76604444311898 10.357212390313466 1.2
vertex 6.766044443118979 10.35721239031346 0
endloop
endfacet
facet normal -0.7071067811865493 0.7071067811865458 0
outer loop
vertex 6.642787609686539 10.233955556881021 1.2
vertex 6.766044443118979 10.35721239031346 0
vertex 6.642787609686522 10.233955556881007 0
endloop
endfacet
facet normal -0.8191520442889957 0.5735764363510406 0
outer loop
vertex 6.76604444311898 10.357212390313466 1.2
vertex 6.86602540378444 10.499999999999998 1.2
vertex 6.866025403784441 10.500000000000002 0
endloop
endfacet
facet normal -0.8191520442889957 0.5735764363510406 0
outer loop
vertex 6.76604444311898 10.357212390313466 1.2
vertex 6.866025403784441 10.500000000000002 0
vertex 6.766044443118979 10.35721239031346 0
endloop
endfacet
facet normal -0.9063077870366523 0.4226182617406945 0
outer loop
vertex 6.86602540378444 10.499999999999998 1.2
vertex 6.93969262078591 10.657979856674332 1.2
vertex 6.939692620785905 10.65797985667433 0
endloop
endfacet
facet normal -0.9063077870366523 0.4226182617406945 0
outer loop
vertex 6.86602540378444 10.499999999999998 1.2
vertex 6.939692620785905 10.65797985667433 0
vertex 6.866025403784441 10.500000000000002 0
endloop
endfacet
facet normal -0.9659258262890686 0.2588190451025194 0
outer loop
vertex 6.93969262078591 10.657979856674332 1.2
vertex 6.984807753012207 10.82635182233307 1.2
vertex 6.9848077530122055 10.82635182233307 0
endloop
endfacet
facet normal -0.9659258262890686 0.2588190451025194 0
outer loop
vertex 6.93969262078591 10.657979856674332 1.2
vertex 6.9848077530122055 10.82635182233307 0
vertex 6.939692620785905 10.65797985667433 0
endloop
endfacet
facet normal -0.9961946980917453 0.08715574274766169 0
outer loop
vertex 6.984807753012207 10.82635182233307 1.2
vertex 7 11 1.2
vertex 7 10.999999999999998 0
endloop
endfacet
facet normal -0.9961946980917453 0.08715574274766169 0
outer loop
vertex 6.984807753012207 10.82635182233307 1.2
vertex 7 10.999999999999998 0
vertex 6.9848077530122055 10.82635182233307 0
endloop
endfacet
facet normal -0.996194698091746 -0.08715574274765459 0
outer loop
vertex 7 22.999999999999993 1.2
vertex 6.984807753012207 23.173648177666934 1.2
vertex 6.9848077530122055 23.173648177666934 0
endloop
endfacet
facet normal -0.996194698091746 -0.08715574274765459 0
outer loop
vertex 7 22.999999999999993 1.2
vertex 6.9848077530122055 23.173648177666934 0
vertex 7 23 0
endloop
endfacet
facet normal -0.9659258262890685 -0.25881904510251996 0
outer loop
vertex 6.984807753012207 23.173648177666934 1.2
vertex 6.939692620785907 23.34202014332567 1.2
vertex 6.939692620785912 23.342020143325655 0
endloop
endfacet
facet normal -0.9659258262890685 -0.25881904510251996 0
outer loop
vertex 6.984807753012207 23.173648177666934 1.2
vertex 6.939692620785912 23.342020143325655 0
vertex 6.9848077530122055 23.173648177666934 0
endloop
endfacet
facet normal -0.9063077870366489 -0.4226182617407019 0
outer loop
vertex 6.939692620785907 23.34202014332567 1.2
vertex 6.86602540378444 23.49999999999999 1.2
vertex 6.866025403784434 23.500000000000004 0
endloop
endfacet
facet normal -0.9063077870366489 -0.4226182617407019 0
outer loop
vertex 6.939692620785907 23.34202014332567 1.2
vertex 6.866025403784434 23.500000000000004 0
vertex 6.939692620785912 23.342020143325655 0
endloop
endfacet
facet normal -0.8191520442889911 -0.573576436351047 0
outer loop
vertex 6.86602540378444 23.49999999999999 1.2
vertex 6.766044443118971 23.642787609686543 1.2
vertex 6.766044443118979 23.642787609686536 0
endloop
endfacet
facet normal -0.8191520442889911 -0.573576436351047 0
outer loop
vertex 6.86602540378444 23.49999999999999 1.2
vertex 6.766044443118979 23.642787609686536 0
vertex 6.866025403784434 23.500000000000004 0
endloop
endfacet
facet normal -0.7071067811865492 -0.7071067811865457 0
outer loop
vertex 6.766044443118971 23.642787609686543 1.2
vertex 6.6427876096865415 23.766044443118975 1.2
vertex 6.642787609686529 23.76604444311899 0
endloop
endfacet
facet normal -0.7071067811865492 -0.7071067811865457 0
outer loop
vertex 6.766044443118971 23.642787609686543 1.2
vertex 6.642787609686529 23.76604444311899 0
vertex 6.766044443118979 23.642787609686536 0
endloop
endfacet
facet normal -0.5735764363510365 -0.8191520442889985 0
outer loop
vertex 6.6427876096865415 23.766044443118975 1.2
vertex 6.499999999999988 23.866025403784445 1.2
vertex 6.499999999999993 23.866025403784445 0
endloop
endfacet
facet normal -0.5735764363510365 -0.8191520442889985 0
outer loop
vertex 6.6427876096865415 23.766044443118975 1.2
vertex 6.499999999999993 23.866025403784445 0
vertex 6.642787609686529 23.76604444311899 0
endloop
endfacet
facet normal -0.42261826174070544 -0.9063077870366472 0
outer loop
vertex 6.499999999999988 23.866025403784445 1.2
vertex 6.342020143325669 23.93969262078591 1.2
vertex 6.342020143325691 23.939692620785916 0
endloop
endfacet
facet normal -0.42261826174070544 -0.9063077870366472 0
outer loop
vertex 6.499999999999988 23.866025403784445 1.2
vertex 6.342020143325691 23.939692620785916 0
vertex 6.499999999999993 23.866025403784445 0
endloop
endfacet
facet normal -0.25881904510252335 -0.9659258262890676 0
outer loop
vertex 6.342020143325669 23.93969262078591 1.2
vertex 6.173648177666935 23.98480775301221 1.2
vertex 6.173648177666948 23.98480775301221 0
endloop
endfacet
facet normal -0.25881904510252335 -0.9659258262890676 0
outer loop
vertex 6.342020143325669 23.93969262078591 1.2
vertex 6.173648177666948 23.98480775301221 0
vertex 6.342020143325691 23.939692620785916 0
endloop
endfacet
facet normal -0.08715574274765459 -0.996194698091746 0
outer loop
vertex 6.173648177666935 23.98480775301221 1.2
vertex 6 24 1.2
vertex 6.000000000000005 24 0
endloop
endfacet
facet normal -0.08715574274765459 -0.996194698091746 0
outer loop
vertex 6.173648177666935 23.98480775301221 1.2
vertex 6.000000000000005 24 0
vertex 6.173648177666948 23.98480775301221 0
endloop
endfacet
facet normal 0 -1 0
outer loop
vertex 6.000000000000005 24 0
vertex 6 24 1.2
vertex -6.000000000000021 24 1.2
endloop
endfacet
facet normal 0 -1 0
outer loop
vertex 6.000000000000005 24 0
vertex -6.000000000000021 24 1.2
vertex -6.000000000000028 24 0
endloop
endfacet
facet normal 0.0871557427476546 -0.996194698091746 0
outer loop
vertex -6.000000000000021 24 1.2
vertex -6.173648177666934 23.98480775301221 1.2
vertex -6.173648177666956 23.98480775301221 0
endloop
endfacet
facet normal 0.0871557427476546 -0.996194698091746 0
outer loop
vertex -6.000000000000021 24 1.2
vertex -6.173648177666956 23.98480775301221 0
vertex -6.000000000000028 24 0
endloop
endfacet
facet normal 0.25881904510251985 -0.9659258262890686 0
outer loop
vertex -6.173648177666934 23.98480775301221 1.2
vertex -6.342020143325669 23.93969262078591 1.2
vertex -6.342020143325653 23.939692620785916 0
endloop
endfacet
facet normal 0.25881904510251985 -0.9659258262890686 0
outer loop
vertex -6.173648177666934 23.98480775301221 1.2
vertex -6.342020143325653 23.939692620785916 0
vertex -6.173648177666956 23.98480775301221 0
endloop
endfacet
facet normal 0.42261826174070904 -0.9063077870366456 0
outer loop
vertex -6.342020143325669 23.93969262078591 1.2
vertex -6.499999999999986 23.866025403784445 1.2
vertex -6.499999999999982 23.866025403784445 0
endloop
endfacet
facet normal 0.42261826174070904 -0.9063077870366456 0
outer loop
vertex -6.342020143325669 23.93969262078591 1.2
vertex -6.499999999999982 23.866025403784445 0
vertex -6.342020143325653 23.939692620785916 0
endloop
endfacet
facet normal 0.5735764363510397 -0.8191520442889962 0
outer loop
vertex -6.499999999999986 23.866025403784445 1.2
vertex -6.64278760968655 23.766044443118975 1.2
vertex -6.64278760968652 23.76604444311899 0
endloop
endfacet
facet normal 0.5735764363510397 -0.8191520442889962 0
outer loop
vertex -6.499999999999986 23.866025403784445 1.2
vertex -6.64278760968652 23.76604444311899 0
vertex -6.499999999999982 23.866025403784445 0
endloop
endfacet
facet normal 0.7071067811865547 -0.7071067811865405 0
outer loop
vertex -6.64278760968655 23.766044443118975 1.2
vertex -6.766044443118972 23.642787609686543 1.2
vertex -6.766044443119001 23.642787609686536 0
endloop
endfacet
facet normal 0.7071067811865547 -0.7071067811865405 0
outer loop
vertex -6.64278760968655 23.766044443118975 1.2
vertex -6.766044443119001 23.642787609686536 0
vertex -6.64278760968652 23.76604444311899 0
endloop
endfacet
facet normal 0.8191520442889911 -0.573576436351047 0
outer loop
vertex -6.766044443118972 23.642787609686543 1.2
vertex -6.866025403784441 23.49999999999999 1.2
vertex -6.86602540378443 23.500000000000004 0
endloop
endfacet
facet normal 0.8191520442889911 -0.573576436351047 0
outer loop
vertex -6.766044443118972 23.642787609686543 1.2
vertex -6.86602540378443 23.500000000000004 0
vertex -6.766044443119001 23.642787609686536 0
endloop
endfacet
facet normal 0.9063077870366489 -0.4226182617407019 0
outer loop
vertex -6.866025403784441 23.49999999999999 1.2
vertex -6.939692620785912 23.34202014332567 1.2
vertex -6.939692620785915 23.342020143325655 0
endloop
endfacet
facet normal 0.9063077870366489 -0.4226182617407019 0
outer loop
vertex -6.866025403784441 23.49999999999999 1.2
vertex -6.939692620785915 23.342020143325655 0
vertex -6.86602540378443 23.500000000000004 0
endloop
endfacet
facet normal 0.9659258262890686 -0.25881904510251985 0
outer loop
vertex -6.939692620785912 23.34202014332567 1.2
vertex -6.9848077530122055 23.173648177666934 1.2
vertex -6.984807753012207 23.173648177666934 0
endloop
endfacet
facet normal 0.9659258262890686 -0.25881904510251985 0
outer loop
vertex -6.939692620785912 23.34202014332567 1.2
vertex -6.984807753012207 23.173648177666934 0
vertex -6.939692620785915 23.342020143325655 0
endloop
endfacet
facet normal 0.9961946980917453 -0.08715574274766169 0
outer loop
vertex -6.9848077530122055 23.173648177666934 1.2
vertex -7 22.999999999999993 1.2
vertex -7 23 0
endloop
endfacet
facet normal 0.9961946980917453 -0.08715574274766169 0
outer loop
vertex -6.9848077530122055 23.173648177666934 1.2
vertex -7 23 0
vertex -6.984807753012207 23.173648177666934 0
endloop
endfacet
facet normal 0.9961946980917459 0.08715574274765459 0
outer loop
vertex -7 11 1.2
vertex -6.9848077530122055 10.82635182233307 1.2
vertex -6.984807753012208 10.82635182233307 0
endloop
endfacet
facet normal 0.9961946980917459 0.08715574274765459 0
outer loop
vertex -7 11 1.2
vertex -6.984807753012208 10.82635182233307 0
vertex -7 10.999999999999998 0
endloop
endfacet
facet normal 0.9659258262890684 0.25881904510252024 0
outer loop
vertex -6.9848077530122055 10.82635182233307 1.2
vertex -6.939692620785912 10.657979856674332 1.2
vertex -6.939692620785906 10.65797985667433 0
endloop
endfacet
facet normal 0.9659258262890684 0.25881904510252024 0
outer loop
vertex -6.9848077530122055 10.82635182233307 1.2
vertex -6.939692620785906 10.65797985667433 0
vertex -6.984807753012208 10.82635182233307 0
endloop
endfacet
facet normal 0.9063077870366489 0.42261826174070194 0
outer loop
vertex -6.939692620785912 10.657979856674332 1.2
vertex -6.866025403784441 10.499999999999998 1.2
vertex -6.866025403784438 10.500000000000002 0
endloop
endfacet
facet normal 0.9063077870366489 0.42261826174070194 0
outer loop
vertex -6.939692620785912 10.657979856674332 1.2
vertex -6.866025403784438 10.500000000000002 0
vertex -6.939692620785906 10.65797985667433 0
endloop
endfacet
facet normal 0.8191520442889912 0.573576436351047 0
outer loop
vertex -6.866025403784441 10.499999999999998 1.2
vertex -6.766044443118986 10.357212390313466 1.2
vertex -6.76604444311898 10.35721239031346 0
endloop
endfacet
facet normal 0.8191520442889912 0.573576436351047 0
outer loop
vertex -6.866025403784441 10.499999999999998 1.2
vertex -6.76604444311898 10.35721239031346 0
vertex -6.866025403784438 10.500000000000002 0
endloop
endfacet
facet normal 0.7071067811865495 0.7071067811865457 0
outer loop
vertex -6.766044443118986 10.357212390313466 1.2
vertex -6.642787609686536 10.233955556881021 1.2
vertex -6.642787609686526 10.233955556881007 0
endloop
endfacet
facet normal 0.7071067811865495 0.7071067811865457 0
outer loop
vertex -6.766044443118986 10.357212390313466 1.2
vertex -6.642787609686526 10.233955556881007 0
vertex -6.76604444311898 10.35721239031346 0
endloop
endfacet
facet normal 0.5735764363510414 0.8191520442889951 0
outer loop
vertex -6.642787609686536 10.233955556881021 1.2
vertex -6.5 10.133974596215559 1.2
vertex -6.5 10.133974596215552 0
endloop
endfacet
facet normal 0.5735764363510414 0.8191520442889951 0
outer loop
vertex -6.642787609686536 10.233955556881021 1.2
vertex -6.5 10.133974596215552 0
vertex -6.642787609686526 10.233955556881007 0
endloop
endfacet
facet normal 0.4226182617407002 0.9063077870366497 0
outer loop
vertex -6.5 10.133974596215559 1.2
vertex -6.342020143325655 10.060307379214091 1.2
vertex -6.342020143325685 10.060307379214095 0
endloop
endfacet
facet normal 0.4226182617407002 0.9063077870366497 0
outer loop
vertex -6.5 10.133974596215559 1.2
vertex -6.342020143325685 10.060307379214095 0
vertex -6.5 10.133974596215552 0
endloop
endfacet
facet normal 0.2588190451025136 0.9659258262890702 0
outer loop
vertex -6.342020143325655 10.060307379214091 1.2
vertex -6.173648177666941 10.015192246987791 1.2
vertex -6.173648177666934 10.015192246987795 0
endloop
endfacet
facet normal 0.2588190451025136 0.9659258262890702 0
outer loop
vertex -6.342020143325655 10.060307379214091 1.2
vertex -6.173648177666934 10.015192246987795 0
vertex -6.342020143325685 10.060307379214095 0
endloop
endfacet
facet normal 0.08715574274766348 0.9961946980917451 0
outer loop
vertex -6.173648177666941 10.015192246987791 1.2
vertex -5.999999999999993 10 1.2
vertex -6 10 0
endloop
endfacet
facet normal 0.08715574274766348 0.9961946980917451 0
outer loop
vertex -6.173648177666941 10.015192246987791 1.2
vertex -6 10 0
vertex -6.173648177666934 10.015192246987795 0
endloop
endfacet
facet normal 0 1 0
outer loop
vertex 5.999999999999979 27 1.2
vertex 6 27 0
vertex -5.999999999999993 27 0
endloop
endfacet
facet normal 0 1 0
outer loop
vertex 5.999999999999979 27 1.2
vertex -5.999999999999993 27 0
vertex -6 27 1.2
endloop
endfacet
facet normal -0.08715574274765459 0.996194698091746 0
outer loop
vertex 5.999999999999979 27 1.2
vertex 6.173648177666955 27.015192246987795 1.2
vertex 6.173648177666941 27.015192246987795 0
endloop
endfacet
facet normal -0.08715574274765459 0.996194698091746 0
outer loop
vertex 5.999999999999979 27 1.2
vertex 6.173648177666941 27.015192246987795 0
vertex 6 27 0
endloop
endfacet
facet normal -0.2588190451025269 0.9659258262890666 0
outer loop
vertex 6.173648177666955 27.015192246987795 1.2
vertex 6.342020143325652 27.060307379214084 1.2
vertex 6.342020143325662 27.06030737921409 0
endloop
endfacet
facet normal -0.2588190451025269 0.9659258262890666 0
outer loop
vertex 6.173648177666955 27.015192246987795 1.2
vertex 6.342020143325662 27.06030737921409 0
vertex 6.173648177666941 27.015192246987795 0
endloop
endfacet
facet normal -0.42261826174070183 0.9063077870366489 0
outer loop
vertex 6.342020143325652 27.060307379214084 1.2
vertex 6.5000000000000036 27.133974596215563 1.2
vertex 6.500000000000014 27.13397459621557 0
endloop
endfacet
facet normal -0.42261826174070183 0.9063077870366489 0
outer loop
vertex 6.342020143325652 27.060307379214084 1.2
vertex 6.500000000000014 27.13397459621557 0
vertex 6.342020143325662 27.06030737921409 0
endloop
endfacet
facet normal -0.5735764363510397 0.8191520442889962 0
outer loop
vertex 6.5000000000000036 27.133974596215563 1.2
vertex 6.642787609686529 27.233955556881018 1.2
vertex 6.642787609686536 27.233955556881014 0
endloop
endfacet
facet normal -0.5735764363510397 0.8191520442889962 0
outer loop
vertex 6.5000000000000036 27.133974596215563 1.2
vertex 6.642787609686536 27.233955556881014 0
vertex 6.500000000000014 27.13397459621557 0
endloop
endfacet
facet normal -0.7071067811865511 0.707106781186544 0
outer loop
vertex 6.642787609686529 27.233955556881018 1.2
vertex 6.766044443118983 27.35721239031347 1.2
vertex 6.766044443118979 27.35721239031346 0
endloop
endfacet
facet normal -0.7071067811865511 0.707106781186544 0
outer loop
vertex 6.642787609686529 27.233955556881018 1.2
vertex 6.766044443118979 27.35721239031346 0
vertex 6.642787609686536 27.233955556881014 0
endloop
endfacet
facet normal -0.8191520442889969 0.5735764363510387 0
outer loop
vertex 6.766044443118983 27.35721239031347 1.2
vertex 6.866025403784444 27.500000000000007 1.2
vertex 6.866025403784441 27.500000000000004 0
endloop
endfacet
facet normal -0.8191520442889969 0.5735764363510387 0
outer loop
vertex 6.766044443118983 27.35721239031347 1.2
vertex 6.866025403784441 27.500000000000004 0
vertex 6.766044443118979 27.35721239031346 0
endloop
endfacet
facet normal -0.9063077870366489 0.4226182617407019 0
outer loop
vertex 6.866025403784444 27.500000000000007 1.2
vertex 6.939692620785903 27.657979856674324 1.2
vertex 6.939692620785905 27.657979856674324 0
endloop
endfacet
facet normal -0.9063077870366489 0.4226182617407019 0
outer loop
vertex 6.866025403784444 27.500000000000007 1.2
vertex 6.939692620785905 27.657979856674324 0
vertex 6.866025403784441 27.500000000000004 0
endloop
endfacet
facet normal -0.9659258262890684 0.2588190451025205 0
outer loop
vertex 6.939692620785903 27.657979856674324 1.2
vertex 6.98480775301221 27.82635182233307 1.2
vertex 6.9848077530122055 27.826351822333073 0
endloop
endfacet
facet normal -0.9659258262890684 0.2588190451025205 0
outer loop
vertex 6.939692620785903 27.657979856674324 1.2
vertex 6.9848077530122055 27.826351822333073 0
vertex 6.939692620785905 27.657979856674324 0
endloop
endfacet
facet normal -0.9961946980917453 0.08715574274766169 0
outer loop
vertex 6.98480775301221 27.82635182233307 1.2
vertex 7 28.000000000000004 1.2
vertex 7 27.999999999999993 0
endloop
endfacet
facet normal -0.9961946980917453 0.08715574274766169 0
outer loop
vertex 6.98480775301221 27.82635182233307 1.2
vertex 7 27.999999999999993 0
vertex 6.9848077530122055 27.826351822333073 0
endloop
endfacet
facet normal -0.9961946980917453 -0.08715574274766169 0
outer loop
vertex 7 39.99999999999999 1.2
vertex 6.984807753012208 40.17364817766693 1.2
vertex 6.9848077530122055 40.17364817766695 0
endloop
endfacet
facet normal -0.9961946980917453 -0.08715574274766169 0
outer loop
vertex 7 39.99999999999999 1.2
vertex 6.9848077530122055 40.17364817766695 0
vertex 7 39.999999999999986 0
endloop
endfacet
facet normal -0.9659258262890666 -0.2588190451025269 0
outer loop
vertex 6.984807753012208 40.17364817766693 1.2
vertex 6.939692620785906 40.34202014332566 1.2
vertex 6.939692620785912 40.342020143325655 0
endloop
endfacet
facet normal -0.9659258262890666 -0.2588190451025269 0
outer loop
vertex 6.984807753012208 40.17364817766693 1.2
vertex 6.939692620785912 40.342020143325655 0
vertex 6.9848077530122055 40.17364817766695 0
endloop
endfacet
facet normal -0.9063077870366472 -0.4226182617407054 0
outer loop
vertex 6.939692620785906 40.34202014332566 1.2
vertex 6.866025403784425 40.500000000000014 1.2
vertex 6.866025403784434 40.500000000000014 0
endloop
endfacet
facet normal -0.9063077870366472 -0.4226182617407054 0
outer loop
vertex 6.939692620785906 40.34202014332566 1.2
vertex 6.866025403784434 40.500000000000014 0
vertex 6.939692620785912 40.342020143325655 0
endloop
endfacet
facet normal -0.8191520442889839 -0.5735764363510576 0
outer loop
vertex 6.866025403784425 40.500000000000014 1.2
vertex 6.766044443118966 40.64278760968655 1.2
vertex 6.766044443118986 40.642787609686536 0
endloop
endfacet
facet normal -0.8191520442889839 -0.5735764363510576 0
outer loop
vertex 6.866025403784425 40.500000000000014 1.2
vertex 6.766044443118986 40.642787609686536 0
vertex 6.866025403784434 40.500000000000014 0
endloop
endfacet
facet normal -0.7071067811865617 -0.7071067811865333 0
outer loop
vertex 6.766044443118966 40.64278760968655 1.2
vertex 6.642787609686555 40.76604444311897 1.2
vertex 6.6427876096865575 40.766044443118965 0
endloop
endfacet
facet normal -0.7071067811865617 -0.7071067811865333 0
outer loop
vertex 6.766044443118966 40.64278760968655 1.2
vertex 6.6427876096865575 40.766044443118965 0
vertex 6.766044443118986 40.642787609686536 0
endloop
endfacet
facet normal -0.5735764363510534 -0.8191520442889866 0
outer loop
vertex 6.642787609686555 40.76604444311897 1.2
vertex 6.499999999999987 40.866025403784455 1.2
vertex 6.499999999999993 40.86602540378445 0
endloop
endfacet
facet normal -0.5735764363510534 -0.8191520442889866 0
outer loop
vertex 6.642787609686555 40.76604444311897 1.2
vertex 6.499999999999993 40.86602540378445 0
vertex 6.6427876096865575 40.766044443118965 0
endloop
endfacet
facet normal -0.4226182617406737 -0.906307787036662 0
outer loop
vertex 6.499999999999987 40.866025403784455 1.2
vertex 6.342020143325761 40.93969262078587 1.2
vertex 6.342020143325712 40.93969262078589 0
endloop
endfacet
facet normal -0.4226182617406737 -0.906307787036662 0
outer loop
vertex 6.499999999999987 40.866025403784455 1.2
vertex 6.342020143325712 40.93969262078589 0
vertex 6.499999999999993 40.86602540378445 0
endloop
endfacet
facet normal -0.25881904510252 -0.9659258262890685 0
outer loop
vertex 6.342020143325761 40.93969262078587 1.2
vertex 6.173648177666864 40.98480775301221 1.2
vertex 6.173648177666891 40.98480775301221 0
endloop
endfacet
facet normal -0.25881904510252 -0.9659258262890685 0
outer loop
vertex 6.342020143325761 40.93969262078587 1.2
vertex 6.173648177666891 40.98480775301221 0
vertex 6.342020143325712 40.93969262078589 0
endloop
endfacet
facet normal -0.0871557427476759 -0.996194698091744 0
outer loop
vertex 6.173648177666864 40.98480775301221 1.2
vertex 6.00000000000002 41 1.2
vertex 6.000000000000041 41 0
endloop
endfacet
facet normal -0.0871557427476759 -0.996194698091744 0
outer loop
vertex 6.173648177666864 40.98480775301221 1.2
vertex 6.000000000000041 41 0
vertex 6.173648177666891 40.98480775301221 0
endloop
endfacet
facet normal 0 -1 0
outer loop
vertex 6.000000000000041 41 0
vertex 6.00000000000002 41 1.2
vertex -6.00000000000005 41 1.2
endloop
endfacet
facet normal 0 -1 0
outer loop
vertex 6.000000000000041 41 0
vertex -6.00000000000005 41 1.2
vertex -6.000000000000021 41 0
endloop
endfacet
facet normal 0.0871557427476759 -0.996194698091744 0
outer loop
vertex -6.00000000000005 41 1.2
vertex -6.173648177666919 40.98480775301221 1.2
vertex -6.173648177666881 40.98480775301221 0
endloop
endfacet
facet normal 0.0871557427476759 -0.996194698091744 0
outer loop
vertex -6.00000000000005 41 1.2
vertex -6.173648177666881 40.98480775301221 0
vertex -6.000000000000021 41 0
endloop
endfacet
facet normal 0.25881904510252 -0.9659258262890685 0
outer loop
vertex -6.173648177666919 40.98480775301221 1.2
vertex -6.342020143325655 40.93969262078587 1.2
vertex -6.342020143325731 40.93969262078589 0
endloop
endfacet
facet normal 0.25881904510252 -0.9659258262890685 0
outer loop
vertex -6.173648177666919 40.98480775301221 1.2
vertex -6.342020143325731 40.93969262078589 0
vertex -6.173648177666881 40.98480775301221 0
endloop
endfacet
facet normal 0.4226182617406803 -0.906307787036659 0
outer loop
vertex -6.342020143325655 40.93969262078587 1.2
vertex -6.500000000000014 40.866025403784455 1.2
vertex -6.499999999999963 40.86602540378445 0
endloop
endfacet
facet normal 0.4226182617406803 -0.906307787036659 0
outer loop
vertex -6.342020143325655 40.93969262078587 1.2
vertex -6.499999999999963 40.86602540378445 0
vertex -6.342020143325731 40.93969262078589 0
endloop
endfacet
facet normal 0.5735764363510552 -0.8191520442889855 0
outer loop
vertex -6.500000000000014 40.866025403784455 1.2
vertex -6.642787609686565 40.76604444311897 1.2
vertex -6.642787609686569 40.766044443118965 0
endloop
endfacet
facet normal 0.5735764363510552 -0.8191520442889855 0
outer loop
vertex -6.500000000000014 40.866025403784455 1.2
vertex -6.642787609686569 40.766044443118965 0
vertex -6.499999999999963 40.86602540378445 0
endloop
endfacet
facet normal 0.7071067811865581 -0.7071067811865368 0
outer loop
vertex -6.642787609686565 40.76604444311897 1.2
vertex -6.766044443118979 40.64278760968655 1.2
vertex -6.766044443118976 40.642787609686536 0
endloop
endfacet
facet normal 0.7071067811865581 -0.7071067811865368 0
outer loop
vertex -6.642787609686565 40.76604444311897 1.2
vertex -6.766044443118976 40.642787609686536 0
vertex -6.642787609686569 40.766044443118965 0
endloop
endfacet
facet normal 0.8191520442889911 -0.573576436351047 0
outer loop
vertex -6.766044443118979 40.64278760968655 1.2
vertex -6.866025403784434 40.500000000000014 1.2
vertex -6.8660254037844295 40.500000000000014 0
endloop
endfacet
facet normal 0.8191520442889911 -0.573576436351047 0
outer loop
vertex -6.766044443118979 40.64278760968655 1.2
vertex -6.8660254037844295 40.500000000000014 0
vertex -6.766044443118976 40.642787609686536 0
endloop
endfacet
facet normal 0.9063077870366438 -0.4226182617407126 0
outer loop
vertex -6.866025403784434 40.500000000000014 1.2
vertex -6.939692620785912 40.34202014332566 1.2
vertex -6.939692620785919 40.342020143325655 0
endloop
endfacet
facet normal 0.9063077870366438 -0.4226182617407126 0
outer loop
vertex -6.866025403784434 40.500000000000014 1.2
vertex -6.939692620785919 40.342020143325655 0
vertex -6.8660254037844295 40.500000000000014 0
endloop
endfacet
facet normal 0.9659258262890666 -0.2588190451025269 0
outer loop
vertex -6.939692620785912 40.34202014332566 1.2
vertex -6.9848077530122055 40.17364817766693 1.2
vertex -6.984807753012205 40.17364817766695 0
endloop
endfacet
facet normal 0.9659258262890666 -0.2588190451025269 0
outer loop
vertex -6.939692620785912 40.34202014332566 1.2
vertex -6.984807753012205 40.17364817766695 0
vertex -6.939692620785919 40.342020143325655 0
endloop
endfacet
facet normal 0.9961946980917459 -0.08715574274765459 0
outer loop
vertex -6.9848077530122055 40.17364817766693 1.2
vertex -7 39.99999999999999 1.2
vertex -7 39.999999999999986 0
endloop
endfacet
facet normal 0.9961946980917459 -0.08715574274765459 0
outer loop
vertex -6.9848077530122055 40.17364817766693 1.2
vertex -7 39.999999999999986 0
vertex -6.984807753012205 40.17364817766695 0
endloop
endfacet
facet normal 0.9961946980917453 0.08715574274766169 0
outer loop
vertex -7 28.000000000000004 1.2
vertex -6.9848077530122055 27.82635182233307 1.2
vertex -6.984807753012209 27.826351822333073 0
endloop
endfacet
facet normal 0.9961946980917453 0.08715574274766169 0
outer loop
vertex -7 28.000000000000004 1.2
vertex -6.984807753012209 27.826351822333073 0
vertex -7 27.999999999999993 0
endloop
endfacet
facet normal 0.9659258262890685 0.25881904510252 0
outer loop
vertex -6.9848077530122055 27.82635182233307 1.2
vertex -6.939692620785905 27.657979856674324 1.2
vertex -6.939692620785904 27.657979856674324 0
endloop
endfacet
facet normal 0.9659258262890685 0.25881904510252 0
outer loop
vertex -6.9848077530122055 27.82635182233307 1.2
vertex -6.939692620785904 27.657979856674324 0
vertex -6.984807753012209 27.826351822333073 0
endloop
endfacet
facet normal 0.9063077870366489 0.42261826174070194 0
outer loop
vertex -6.939692620785905 27.657979856674324 1.2
vertex -6.866025403784441 27.500000000000007 1.2
vertex -6.866025403784441 27.500000000000004 0
endloop
endfacet
facet normal 0.9063077870366489 0.42261826174070194 0
outer loop
vertex -6.939692620785905 27.657979856674324 1.2
vertex -6.866025403784441 27.500000000000004 0
vertex -6.939692620785904 27.657979856674324 0
endloop
endfacet
facet normal 0.8191520442889912 0.573576436351047 0
outer loop
vertex -6.866025403784441 27.500000000000007 1.2
vertex -6.766044443118979 27.35721239031347 1.2
vertex -6.766044443118978 27.35721239031346 0
endloop
endfacet
facet normal 0.8191520442889912 0.573576436351047 0
outer loop
vertex -6.866025403784441 27.500000000000007 1.2
vertex -6.766044443118978 27.35721239031346 0
vertex -6.866025403784441 27.500000000000004 0
endloop
endfacet
facet normal 0.7071067811865529 0.7071067811865422 0
outer loop
vertex -6.766044443118979 27.35721239031347 1.2
vertex -6.642787609686529 27.233955556881018 1.2
vertex -6.642787609686539 27.233955556881014 0
endloop
endfacet
facet normal 0.7071067811865529 0.7071067811865422 0
outer loop
vertex -6.766044443118979 27.35721239031347 1.2
vertex -6.642787609686539 27.233955556881014 0
vertex -6.766044443118978 27.35721239031346 0
endloop
endfacet
facet normal 0.5735764363510378 0.8191520442889978 0
outer loop
vertex -6.642787609686529 27.233955556881018 1.2
vertex -6.500000000000014 27.133974596215563 1.2
vertex -6.500000000000016 27.13397459621557 0
endloop
endfacet
facet normal 0.5735764363510378 0.8191520442889978 0
outer loop
vertex -6.642787609686529 27.233955556881018 1.2
vertex -6.500000000000016 27.13397459621557 0
vertex -6.642787609686539 27.233955556881014 0
endloop
endfacet
facet normal 0.4226182617407061 0.9063077870366469 0
outer loop
vertex -6.500000000000014 27.133974596215563 1.2
vertex -6.342020143325648 27.060307379214084 1.2
vertex -6.342020143325667 27.06030737921409 0
endloop
endfacet
facet normal 0.4226182617407061 0.9063077870366469 0
outer loop
vertex -6.500000000000014 27.133974596215563 1.2
vertex -6.342020143325667 27.06030737921409 0
vertex -6.500000000000016 27.13397459621557 0
endloop
endfacet
facet normal 0.25881904510252335 0.9659258262890676 0
outer loop
vertex -6.342020143325648 27.060307379214084 1.2
vertex -6.173648177666941 27.015192246987795 1.2
vertex -6.173648177666946 27.015192246987795 0
endloop
endfacet
facet normal 0.25881904510252335 0.9659258262890676 0
outer loop
vertex -6.342020143325648 27.060307379214084 1.2
vertex -6.173648177666946 27.015192246987795 0
vertex -6.342020143325667 27.06030737921409 0
endloop
endfacet
facet normal 0.08715574274765456 0.996194698091746 0
outer loop
vertex -6.173648177666941 27.015192246987795 1.2
vertex -6 27 1.2
vertex -5.999999999999993 27 0
endloop
endfacet
facet normal 0.08715574274765456 0.996194698091746 0
outer loop
vertex -6.173648177666941 27.015192246987795 1.2
vertex -5.999999999999993 27 0
vertex -6.173648177666946 27.015192246987795 0
endloop
endfacet
facet normal 0 1 0
outer loop
vertex 24 -1 1.2
vertex 24 -1 0
vertex 12 -1 0
endloop
endfacet
facet normal 0 1 0
outer loop
vertex 24 -1 1.2
vertex 12 -1 0
vertex 12 -1 1.2
endloop
endfacet
facet normal 0 1 0
outer loop
vertex 41.99999999999999 -1 1.2
vertex 42.00000000000001 -1 0
vertex 30 -1 0
endloop
endfacet
facet normal 0 1 0
outer loop
vertex 41.99999999999999 -1 1.2
vertex 30 -1 0
vertex 29.999999999999993 -1 1.2
endloop
endfacet
facet normal 0 1 0
outer loop
vertex 60 -1 1.2
vertex 60 -1 0
vertex 47.999999999999986 -1 0
endloop
endfacet
facet normal 0 1 0
outer loop
vertex 60 -1 1.2
vertex 47.999999999999986 -1 0
vertex 48.00000000000001 -1 1.2
endloop
endfacet
facet normal 0 1 0
outer loop
vertex 78 -1 1.2
vertex 78 -1 0
vertex 66 -1 0
endloop
endfacet
facet normal 0 1 0
outer loop
vertex 78 -1 1.2
vertex 66 -1 0
vertex 66 -1 1.2
endloop
endfacet
facet normal -0.0871557427476577 0.9961946980917455 0
outer loop
vertex 24 -1 1.2
vertex 24.17364817766692 -0.984807753012209 1.2
vertex 24.17364817766693 -0.9848077530122072 0
endloop
endfacet
facet normal -0.0871557427476577 0.9961946980917455 0
outer loop
vertex 24 -1 1.2
vertex 24.17364817766693 -0.9848077530122072 0
vertex 24 -1 0
endloop
endfacet
facet normal -0.2588190451025198 0.9659258262890685 0
outer loop
vertex 24.17364817766692 -0.984807753012209 1.2
vertex 24.34202014332569 -0.9396926207859018 1.2
vertex 24.34202014332568 -0.9396926207859089 0
endloop
endfacet
facet normal -0.2588190451025198 0.9659258262890685 0
outer loop
vertex 24.17364817766692 -0.984807753012209 1.2
vertex 24.34202014332568 -0.9396926207859089 0
vertex 24.17364817766693 -0.9848077530122072 0
endloop
endfacet
facet normal -0.42261826174070183 0.9063077870366489 0
outer loop
vertex 24.34202014332569 -0.9396926207859018 1.2
vertex 24.49999999999991 -0.8660254037844677 1.2
vertex 24.499999999999996 -0.8660254037844464 0
endloop
endfacet
facet normal -0.42261826174070183 0.9063077870366489 0
outer loop
vertex 24.34202014332569 -0.9396926207859018 1.2
vertex 24.499999999999996 -0.8660254037844464 0
vertex 24.34202014332568 -0.9396926207859089 0
endloop
endfacet
facet normal -0.573576436351045 0.8191520442889926 0
outer loop
vertex 24.49999999999991 -0.8660254037844677 1.2
vertex 24.642787609686597 -0.7660444431189779 1.2
vertex 24.64278760968653 -0.7660444431189788 0
endloop
endfacet
facet normal -0.573576436351045 0.8191520442889926 0
outer loop
vertex 24.49999999999991 -0.8660254037844677 1.2
vertex 24.64278760968653 -0.7660444431189788 0
vertex 24.499999999999996 -0.8660254037844464 0
endloop
endfacet
facet normal -0.7071067811865485 0.7071067811865467 0
outer loop
vertex 24.642787609686597 -0.7660444431189779 1.2
vertex 24.766044443118908 -0.642787609686593 1.2
vertex 24.766044443118982 -0.642787609686609 0
endloop
endfacet
facet normal -0.7071067811865485 0.7071067811865467 0
outer loop
vertex 24.642787609686597 -0.7660444431189779 1.2
vertex 24.766044443118982 -0.642787609686609 0
vertex 24.64278760968653 -0.7660444431189788 0
endloop
endfacet
facet normal -0.8191520442889961 0.5735764363510397 0
outer loop
vertex 24.766044443118908 -0.642787609686593 1.2
vertex 24.866025403784512 -0.4999999999999547 1.2
vertex 24.866025403784434 -0.4999999999999476 0
endloop
endfacet
facet normal -0.8191520442889961 0.5735764363510397 0
outer loop
vertex 24.766044443118908 -0.642787609686593 1.2
vertex 24.866025403784434 -0.4999999999999476 0
vertex 24.766044443118982 -0.642787609686609 0
endloop
endfacet
facet normal -0.9063077870366489 0.42261826174070183 0
outer loop
vertex 24.866025403784512 -0.4999999999999547 1.2
vertex 24.93969262078589 -0.34202014332565867 1.2
vertex 24.93969262078591 -0.34202014332571906 0
endloop
endfacet
facet normal -0.9063077870366489 0.42261826174070183 0
outer loop
vertex 24.866025403784512 -0.4999999999999547 1.2
vertex 24.93969262078591 -0.34202014332571906 0
vertex 24.866025403784434 -0.4999999999999476 0
endloop
endfacet
facet normal -0.9659258262890675 0.25881904510252335 0
outer loop
vertex 24.93969262078589 -0.34202014332565867 1.2
vertex 24.984807753012188 -0.17364817766700202 1.2
vertex 24.98480775301221 -0.17364817766696738 0
endloop
endfacet
facet normal -0.9659258262890675 0.25881904510252335 0
outer loop
vertex 24.93969262078589 -0.34202014332565867 1.2
vertex 24.98480775301221 -0.17364817766696738 0
vertex 24.93969262078591 -0.34202014332571906 0
endloop
endfacet
facet normal -0.9961946980917462 0.08715574274765103 0
outer loop
vertex 24.984807753012188 -0.17364817766700202 1.2
vertex 25.000000000000014 1.127986593019159e-13 1.2
vertex 25 8.79296635503124e-14 0
endloop
endfacet
facet normal -0.9961946980917462 0.08715574274765103 0
outer loop
vertex 24.984807753012188 -0.17364817766700202 1.2
vertex 25 8.79296635503124e-14 0
vertex 24.98480775301221 -0.17364817766696738 0
endloop
endfacet
facet normal -1 0 0
outer loop
vertex 25 11.99999999999983 1.2
vertex 25 11.999999999999936 0
vertex 25 8.79296635503124e-14 0
endloop
endfacet
facet normal -1 0 0
outer loop
vertex 25 11.99999999999983 1.2
vertex 25 8.79296635503124e-14 0
vertex 25.000000000000014 1.127986593019159e-13 1.2
endloop
endfacet
facet normal -1 0 0
outer loop
vertex 25 29.000000000000014 1.2
vertex 25 29.00000000000003 0
vertex 25 16.99999999999997 0
endloop
endfacet
facet normal -1 0 0
outer loop
vertex 25 29.000000000000014 1.2
vertex 25 16.99999999999997 0
vertex 25 16.9999999999999 1.2
endloop
endfacet
facet normal -1 0 0
outer loop
vertex 25 46.00000000000001 1.2
vertex 25 46.000000000000036 0
vertex 25 34.000000000000036 0
endloop
endfacet
facet normal -1 0 0
outer loop
vertex 25 46.00000000000001 1.2
vertex 25 34.000000000000036 0
vertex 25 34 1.2
endloop
endfacet
facet normal -0.996194698091746 -0.0871557427476546 0
outer loop
vertex 25 11.99999999999983 1.2
vertex 24.9848077530122 12.173648177666896 1.2
vertex 24.984807753012213 12.173648177666964 0
endloop
endfacet
facet normal -0.996194698091746 -0.0871557427476546 0
outer loop
vertex 25 11.99999999999983 1.2
vertex 24.984807753012213 12.173648177666964 0
vertex 25 11.999999999999936 0
endloop
endfacet
facet normal -0.9659258262890675 -0.25881904510252357 0
outer loop
vertex 24.9848077530122 12.173648177666896 1.2
vertex 24.93969262078589 12.342020143325703 1.2
vertex 24.939692620785905 12.342020143325724 0
endloop
endfacet
facet normal -0.9659258262890675 -0.25881904510252357 0
outer loop
vertex 24.9848077530122 12.173648177666896 1.2
vertex 24.939692620785905 12.342020143325724 0
vertex 24.984807753012213 12.173648177666964 0
endloop
endfacet
facet normal -0.9063077870366456 -0.42261826174070904 0
outer loop
vertex 24.93969262078589 12.342020143325703 1.2
vertex 24.866025403784455 12.49999999999999 1.2
vertex 24.86602540378443 12.49999999999997 0
endloop
endfacet
facet normal -0.9063077870366456 -0.42261826174070904 0
outer loop
vertex 24.93969262078589 12.342020143325703 1.2
vertex 24.86602540378443 12.49999999999997 0
vertex 24.939692620785905 12.342020143325724 0
endloop
endfacet
facet normal -0.8191520442890007 -0.5735764363510333 0
outer loop
vertex 24.866025403784455 12.49999999999999 1.2
vertex 24.766044443118947 12.642787609686565 1.2
vertex 24.766044443118993 12.642787609686588 0
endloop
endfacet
facet normal -0.8191520442890007 -0.5735764363510333 0
outer loop
vertex 24.866025403784455 12.49999999999999 1.2
vertex 24.766044443118993 12.642787609686588 0
vertex 24.86602540378443 12.49999999999997 0
endloop
endfacet
facet normal -0.7071067811865493 -0.7071067811865458 0
outer loop
vertex 24.766044443118947 12.642787609686565 1.2
vertex 24.64278760968656 12.766044443118995 1.2
vertex 24.642787609686533 12.766044443118995 0
endloop
endfacet
facet normal -0.7071067811865493 -0.7071067811865458 0
outer loop
vertex 24.766044443118947 12.642787609686565 1.2
vertex 24.642787609686533 12.766044443118995 0
vertex 24.766044443118993 12.642787609686588 0
endloop
endfacet
facet normal -0.5735764363510462 -0.8191520442889917 0
outer loop
vertex 24.64278760968656 12.766044443118995 1.2
vertex 24.500000000000032 12.86602540378443 1.2
vertex 24.499999999999996 12.866025403784452 0
endloop
endfacet
facet normal -0.5735764363510462 -0.8191520442889917 0
outer loop
vertex 24.64278760968656 12.766044443118995 1.2
vertex 24.499999999999996 12.866025403784452 0
vertex 24.642787609686533 12.766044443118995 0
endloop
endfacet
facet normal -0.4226182617406982 -0.9063077870366506 0
outer loop
vertex 24.500000000000032 12.86602540378443 1.2
vertex 24.34202014332565 12.939692620785905 1.2
vertex 24.342020143325662 12.939692620785907 0
endloop
endfacet
facet normal -0.4226182617406982 -0.9063077870366506 0
outer loop
vertex 24.500000000000032 12.86602540378443 1.2
vertex 24.342020143325662 12.939692620785907 0
vertex 24.499999999999996 12.866025403784452 0
endloop
endfacet
facet normal -0.25881904510251263 -0.9659258262890704 0
outer loop
vertex 24.34202014332565 12.939692620785905 1.2
vertex 24.17364817766691 12.984807753012209 1.2
vertex 24.17364817766693 12.984807753012209 0
endloop
endfacet
facet normal -0.25881904510251263 -0.9659258262890704 0
outer loop
vertex 24.34202014332565 12.939692620785905 1.2
vertex 24.17364817766693 12.984807753012209 0
vertex 24.342020143325662 12.939692620785907 0
endloop
endfacet
facet normal -0.08715574274766524 -0.996194698091745 0
outer loop
vertex 24.17364817766691 12.984807753012209 1.2
vertex 24.000000000000014 13 1.2
vertex 24.00000000000002 13 0
endloop
endfacet
facet normal -0.08715574274766524 -0.996194698091745 0
outer loop
vertex 24.17364817766691 12.984807753012209 1.2
vertex 24.00000000000002 13 0
vertex 24.17364817766693 12.984807753012209 0
endloop
endfacet
facet normal 0 -1 0
outer loop
vertex 24.00000000000002 13 0
vertex 24.000000000000014 13 1.2
vertex 11.999999999999979 13 1.2
endloop
endfacet
facet normal 0 -1 0
outer loop
vertex 24.00000000000002 13 0
vertex 11.999999999999979 13 1.2
vertex 12.000000000000014 13 0
endloop
endfacet
facet normal 0 -1 0
outer loop
vertex 41.99999999999999 13 0
vertex 42 13 1.2
vertex 30.000000000000004 13 1.2
endloop
endfacet
facet normal 0 -1 0
outer loop
vertex 41.99999999999999 13 0
vertex 30.000000000000004 13 1.2
vertex 30.000000000000018 13 0
endloop
endfacet
facet normal 0 -1 0
outer loop
vertex 59.99999999999999 13 0
vertex 59.999999999999986 13 1.2
vertex 47.999999999999986 13 1.2
endloop
endfacet
facet normal 0 -1 0
outer loop
vertex 59.99999999999999 13 0
vertex 47.999999999999986 13 1.2
vertex 47.99999999999999 13 0
endloop
endfacet
facet normal 0 -1 0
outer loop
vertex 77.99999999999999 13 0
vertex 77.99999999999999 13 1.2
vertex 66 13 1.2
endloop
endfacet
facet normal 0 -1 0
outer loop
vertex 77.99999999999999 13 0
vertex 66 13 1.2
vertex 66 13 0
endloop
endfacet
facet normal 0.08715574274766169 -0.9961946980917453 0
outer loop
vertex 11.999999999999979 13 1.2
vertex 11.826351822333066 12.984807753012209 1.2
vertex 11.826351822333104 12.984807753012209 0
endloop
endfacet
facet normal 0.08715574274766169 -0.9961946980917453 0
outer loop
vertex 11.999999999999979 13 1.2
vertex 11.826351822333104 12.984807753012209 0
vertex 12.000000000000014 13 0
endloop
endfacet
facet normal 0.2588190451025128 -0.9659258262890705 0
outer loop
vertex 11.826351822333066 12.984807753012209 1.2
vertex 11.657979856674316 12.939692620785905 1.2
vertex 11.657979856674308 12.939692620785907 0
endloop
endfacet
facet normal 0.2588190451025128 -0.9659258262890705 0
outer loop
vertex 11.826351822333066 12.984807753012209 1.2
vertex 11.657979856674308 12.939692620785907 0
vertex 11.826351822333104 12.984807753012209 0
endloop
endfacet
facet normal 0.4226182617407002 -0.9063077870366497 0
outer loop
vertex 11.657979856674316 12.939692620785905 1.2
vertex 11.500000000000014 12.86602540378443 1.2
vertex 11.500000000000037 12.866025403784452 0
endloop
endfacet
facet normal 0.4226182617407002 -0.9063077870366497 0
outer loop
vertex 11.657979856674316 12.939692620785905 1.2
vertex 11.500000000000037 12.866025403784452 0
vertex 11.657979856674308 12.939692620785907 0
endloop
endfacet
facet normal 0.573576436351047 -0.8191520442889911 0
outer loop
vertex 11.500000000000014 12.86602540378443 1.2
vertex 11.357212390313457 12.766044443118995 1.2
vertex 11.357212390313473 12.766044443118995 0
endloop
endfacet
facet normal 0.573576436351047 -0.8191520442889911 0
outer loop
vertex 11.500000000000014 12.86602540378443 1.2
vertex 11.357212390313473 12.766044443118995 0
vertex 11.500000000000037 12.866025403784452 0
endloop
endfacet
facet normal 0.7071067811865493 -0.7071067811865457 0
outer loop
vertex 11.357212390313457 12.766044443118995 1.2
vertex 11.233955556881021 12.642787609686565 1.2
vertex 11.233955556881057 12.642787609686588 0
endloop
endfacet
facet normal 0.7071067811865493 -0.7071067811865457 0
outer loop
vertex 11.357212390313457 12.766044443118995 1.2
vertex 11.233955556881057 12.642787609686588 0
vertex 11.357212390313473 12.766044443118995 0
endloop
endfacet
facet normal 0.8191520442889912 -0.5735764363510469 0
outer loop
vertex 11.233955556881021 12.642787609686565 1.2
vertex 11.133974596215559 12.49999999999999 1.2
vertex 11.1339745962155 12.49999999999997 0
endloop
endfacet
facet normal 0.8191520442889912 -0.5735764363510469 0
outer loop
vertex 11.233955556881021 12.642787609686565 1.2
vertex 11.1339745962155 12.49999999999997 0
vertex 11.233955556881057 12.642787609686588 0
endloop
endfacet
facet normal 0.9063077870366483 -0.42261826174070327 0
outer loop
vertex 11.133974596215559 12.49999999999999 1.2
vertex 11.060307379214095 12.342020143325703 1.2
vertex 11.060307379214128 12.342020143325724 0
endloop
endfacet
facet normal 0.9063077870366483 -0.42261826174070327 0
outer loop
vertex 11.133974596215559 12.49999999999999 1.2
vertex 11.060307379214128 12.342020143325724 0
vertex 11.1339745962155 12.49999999999997 0
endloop
endfacet
facet normal 0.9659258262890705 -0.2588190451025128 0
outer loop
vertex 11.060307379214095 12.342020143325703 1.2
vertex 11.015192246987795 12.173648177666896 1.2
vertex 11.015192246987791 12.173648177666964 0
endloop
endfacet
facet normal 0.9659258262890705 -0.2588190451025128 0
outer loop
vertex 11.060307379214095 12.342020143325703 1.2
vertex 11.015192246987791 12.173648177666964 0
vertex 11.060307379214128 12.342020143325724 0
endloop
endfacet
facet normal 0.9961946980917447 -0.08715574274766881 0
outer loop
vertex 11.015192246987795 12.173648177666896 1.2
vertex 11 11.99999999999983 1.2
vertex 10.999999999999993 11.999999999999936 0
endloop
endfacet
facet normal 0.9961946980917447 -0.08715574274766881 0
outer loop
vertex 11.015192246987795 12.173648177666896 1.2
vertex 10.999999999999993 11.999999999999936 0
vertex 11.015192246987791 12.173648177666964 0
endloop
endfacet
facet normal 0 0 1
outer loop
vertex 11 5.9999999999999964 0
vertex 11 6.17364817766693 0
vertex 11 6.342020143325675 0
endloop
endfacet
facet normal 0 0 1
outer loop
vertex 11 5.9999999999999964 0
vertex 11 6.342020143325675 0
vertex 11 6.499999999999993 0
endloop
endfacet
facet normal 0 0 1
outer loop
vertex 11 5.9999999999999964 0
vertex 11 6.499999999999993 0
vertex 11 6.642787609686541 0
endloop
endfacet
facet normal 0 0 1
outer loop
vertex 11 5.9999999999999964 0
vertex 11 6.642787609686541 0
vertex 11 6.76604444311898 0
endloop
endfacet
facet normal 0 0 1
outer loop
vertex 11 5.9999999999999964 0
vertex 11 6.76604444311898 0
vertex 11 6.866025403784436 0
endloop
endfacet
facet normal 0 0 1
outer loop
vertex 11 5.9999999999999964 0
vertex 11 6.866025403784436 0
vertex 11 6.939692620785908 0
endloop
endfacet
facet normal 0 0 1
outer loop
vertex 11 5.9999999999999964 0
vertex 11 6.939692620785908 0
vertex 11 6.984807753012208 0
endloop
endfacet
facet normal 0 0 1
outer loop
vertex 11 5.9999999999999964 0
vertex 11 6.984807753012208 0
vertex 11 7 0
endloop
endfacet
facet normal 0 0 1
outer loop
vertex 11 5.9999999999999964 0
vertex 11 7 0
vertex 11 10 0
endloop
endfacet
facet normal 0 0 1
outer loop
vertex 11 5.9999999999999964 0
vertex 11 10 0
vertex 11 10.015192246987795 0
endloop
endfacet
facet normal 0 0 1
outer loop
vertex 11 5.9999999999999964 0
vertex 11 10.015192246987795 0
vertex 11 10.060307379214095 0
endloop
endfacet
facet normal 0 0 1
outer loop
vertex 11 5.9999999999999964 0
vertex 11 10.060307379214095 0
vertex 11 10.133974596215552 0
endloop
endfacet
facet normal 0 0 1
outer loop
vertex 11 5.9999999999999964 0
vertex 11 10.133974596215552 0
vertex 11 10.233955556881007 0
endloop
endfacet
facet normal 0 0 1
outer loop
vertex 11 5.9999999999999964 0
vertex 11 10.233955556881007 0
vertex 11 10.35721239031346 0
endloop
endfacet
facet normal 0 0 1
outer loop
vertex 11 5.9999999999999964 0
vertex 11 10.35721239031346 0
vertex 11 10.500000000000002 0
endloop
endfacet
facet normal 0 0 1
outer loop
vertex 11 5.9999999999999964 0
vertex 11 10.500000000000002 0
vertex 11 10.65797985667433 0
endloop
endfacet
facet normal 0 0 1
outer loop
vertex 11 5.9999999999999964 0
vertex 11 10.65797985667433 0
vertex 11 10.82635182233307 0
endloop
endfacet
facet normal 0 0 1
outer loop
vertex 11 5.9999999999999964 0
vertex 11 10.82635182233307 0
vertex 11 10.999999999999998 0
endloop
endfacet
facet normal 0 0 1
outer loop
vertex 11 5.9999999999999964 0
vertex 11 10.999999999999998 0
vertex 10.999999999999993 11.999999999999936 0
endloop
endfacet
facet normal 0 0 1
outer loop
vertex 11 5.9999999999999964 0
vertex 10.999999999999993 11.999999999999936 0
vertex 11 11.99999999999983 1.2
endloop
endfacet
facet normal 0 0 1
outer loop
vertex 11 5.9999999999999964 0
vertex 11 11.99999999999983 1.2
vertex 11 11 1.2
endloop
endfacet
facet normal 0 0 1
outer loop
vertex 11 5.9999999999999964 0
vertex 11 11 1.2
vertex 11 10.82635182233307 1.2
endloop
endfacet
facet normal 0 0 1
outer loop
vertex 11 5.9999999999999964 0
vertex 11 10.82635182233307 1.2
vertex 11 10.657979856674332 1.2
endloop
endfacet
facet normal 0 0 1
outer loop
vertex 11 5.9999999999999964 0
vertex 11 10.657979856674332 1.2
vertex 11 10.499999999999998 1.2
endloop
endfacet
facet normal 0 0 1
outer loop
vertex 11 5.9999999999999964 0
vertex 11 10.499999999999998 1.2
vertex 11 10.357212390313466 1.2
endloop
endfacet
facet normal 0 0 1
outer loop
vertex 11 5.9999999999999964 0
vertex 11 10.357212390313466 1.2
vertex 11 10.233955556881021 1.2
endloop
endfacet
facet normal 0 0 1
outer loop
vertex 11 5.9999999999999964 0
vertex 11 10.233955556881021 1.2
vertex 11 10.133974596215559 1.2
endloop
endfacet
facet normal 0 0 1
outer loop
vertex 11 5.9999999999999964 0
vertex 11 10.133974596215559 1.2
vertex 11 10.060307379214091 1.2
endloop
endfacet
facet normal 0 0 1
outer loop
vertex 11 5.9999999999999964 0
vertex 11 10.060307379214091 1.2
vertex 11 10.015192246987791 1.2
endloop
endfacet
facet normal 0 0 1
outer loop
vertex 11 5.9999999999999964 0
vertex 11 10.015192246987791 1.2
vertex 11 10 1.2
endloop
endfacet
facet normal 0 0 1
outer loop
vertex 11 5.9999999999999964 0
vertex 11 10 1.2
vertex 11 7 1.2
endloop
endfacet
facet normal 0 0 1
outer loop
vertex 11 5.9999999999999964 0
vertex 11 7 1.2
vertex 11 6.984807753012207 1.2
endloop
endfacet
facet normal 0 0 1
outer loop
vertex 11 5.9999999999999964 0
vertex 11 6.984807753012207 1.2
vertex 11 6.939692620785912 1.2
endloop
endfacet
facet normal 0 0 1
outer loop
vertex 11 5.9999999999999964 0
vertex 11 6.939692620785912 1.2
vertex 11 6.86602540378443 1.2
endloop
endfacet
facet normal 0 0 1
outer loop
vertex 11 5.9999999999999964 0
vertex 11 6.86602540378443 1.2
vertex 11 6.766044443118975 1.2
endloop
endfacet
facet normal 0 0 1
outer loop
vertex 11 5.9999999999999964 0
vertex 11 6.766044443118975 1.2
vertex 11 6.64278760968655 1.2
endloop
endfacet
facet normal 0 0 1
outer loop
vertex 11 5.9999999999999964 0
vertex 11 6.64278760968655 1.2
vertex 11 6.499999999999986 1.2
endloop
endfacet
facet normal 0 0 1
outer loop
vertex 11 5.9999999999999964 0
vertex 11 6.499999999999986 1.2
vertex 11 6.3420201433256835 1.2
endloop
endfacet
facet normal 0 0 1
outer loop
vertex 11 5.9999999999999964 0
vertex 11 6.3420201433256835 1.2
vertex 11 6.173648177666934 1.2
endloop
endfacet
facet normal 0 0 1
outer loop
vertex 11 5.9999999999999964 0
vertex 11 6.173648177666934 1.2
vertex 11 5.999999999999986 1.2
endloop
endfacet
facet normal 0 0 1
outer loop
vertex 11 5.9999999999999964 0
vertex 11 5.999999999999986 1.2
vertex 11 1.127986593019159e-13 1.2
endloop
endfacet
facet normal 0 0 1
outer loop
vertex 11 5.9999999999999964 0
vertex 11 1.127986593019159e-13 1.2
vertex 11 8.79296635503124e-14 0
endloop
endfacet
facet normal 1 0 0
outer loop
vertex 11 23 0
vertex 11 23.173648177666934 0
vertex 11 23.342020143325655 0
endloop
endfacet
facet normal 1 0 0
outer loop
vertex 11 23 0
vertex 11 23.342020143325655 0
vertex 11 23.500000000000004 0
endloop
endfacet
facet normal 1 0 0
outer loop
vertex 11 23 0
vertex 11 23.500000000000004 0
vertex 11 23.642787609686536 0
endloop
endfacet
facet normal 1 0 0
outer loop
vertex 11 23 0
vertex 11 23.642787609686536 0
vertex 11 23.76604444311899 0
endloop
endfacet
facet normal 1 0 0
outer loop
vertex 11 23 0
vertex 11 23.76604444311899 0
vertex 11 23.866025403784445 0
endloop
endfacet
facet normal 1 0 0
outer loop
vertex 11 23 0
vertex 11 23.866025403784445 0
vertex 11 23.939692620785916 0
endloop
endfacet
facet normal 1 0 0
outer loop
vertex 11 23 0
vertex 11 23.939692620785916 0
vertex 11 23.98480775301221 0
endloop
endfacet
facet normal 1 0 0
outer loop
vertex 11 23 0
vertex 11 23.98480775301221 0
vertex 11 24 0
endloop
endfacet
facet normal 1 0 0
outer loop
vertex 11 23 0
vertex 11 24 0
vertex 11 27 0
endloop
endfacet
facet normal 1 0 0
outer loop
vertex 11 23 0
vertex 11 27 0
vertex 11 27.015192246987795 0
endloop
endfacet
facet normal 1 0 0
outer loop
vertex 11 23 0
vertex 11 27.015192246987795 0
vertex 11 27.06030737921409 0
endloop
endfacet
facet normal 1 0 0
outer loop
vertex 11 23 0
vertex 11 27.06030737921409 0
vertex 11 27.13397459621557 0
endloop
endfacet
facet normal 1 0 0
outer loop
vertex 11 23 0
vertex 11 27.13397459621557 0
vertex 11 27.233955556881014 0
endloop
endfacet
facet normal 1 0 0
outer loop
vertex 11 23 0
vertex 11 27.233955556881014 0
vertex 11 27.35721239031346 0
endloop
endfacet
facet normal 1 0 0
outer loop
vertex 11 23 0
vertex 11 27.35721239031346 0
vertex 11 27.500000000000004 0
endloop
endfacet
facet normal 1 0 0
outer loop
vertex 11 23 0
vertex 11 27.500000000000004 0
vertex 11 27.657979856674324 0
endloop
endfacet
facet normal 1 0 0
outer loop
vertex 11 23 0
vertex 11 27.657979856674324 0
vertex 11 27.826351822333073 0
endloop
endfacet
facet normal 1 0 0
outer loop
vertex 11 23 0
vertex 11 27.826351822333073 0
vertex 11 27.999999999999993 0
endloop
endfacet
facet normal 1 0 0
outer loop
vertex 11 23 0
vertex 11 27.999999999999993 0
vertex 11 29.00000000000003 0
endloop
endfacet
facet normal 1 0 0
outer loop
vertex 11 23 0
vertex 11 29.00000000000003 0
vertex 11 29.000000000000014 1.2
endloop
endfacet
facet normal 1 0 0
outer loop
vertex 11 23 0
vertex 11 29.000000000000014 1.2
vertex 11 28.000000000000004 1.2
endloop
endfacet
facet normal 1 0 0
outer loop
vertex 11 23 0
vertex 11 28.000000000000004 1.2
vertex 11 27.82635182233307 1.2
endloop
endfacet
facet normal 1 0 0
outer loop
vertex 11 23 0
vertex 11 27.82635182233307 1.2
vertex 11 27.657979856674324 1.2
endloop
endfacet
facet normal 1 0 0
outer loop
vertex 11 23 0
vertex 11 27.657979856674324 1.2
vertex 11 27.500000000000007 1.2
endloop
endfacet
facet normal 1 0 0
outer loop
vertex 11 23 0
vertex 11 27.500000000000007 1.2
vertex 11 27.35721239031347 1.2
endloop
endfacet
facet normal 1 0 0
outer loop
vertex 11 23 0
vertex 11 27.35721239031347 1.2
vertex 11 27.233955556881018 1.2
endloop
endfacet
facet normal 1 0 0
outer loop
vertex 11 23 0
vertex 11 27.233955556881018 1.2
vertex 11 27.133974596215563 1.2
endloop
endfacet
facet normal 1 0 0
outer loop
vertex 11 23 0
vertex 11 27.133974596215563 1.2
vertex 11 27.060307379214084 1.2
endloop
endfacet
facet normal 1 0 0
outer loop
vertex 11 23 0
vertex 11 27.060307379214084 1.2
vertex 11 27.015192246987795 1.2
endloop
endfacet
facet normal 1 0 0
outer loop
vertex 11 23 0
vertex 11 27.015192246987795 1.2
vertex 11 27 1.2
endloop
endfacet
facet normal 1 0 0
outer loop
vertex 11 23 0
vertex 11 27 1.2
vertex 11 24 1.2
endloop
endfacet
facet normal 1 0 0
outer loop
vertex 11 23 0
vertex 11 24 1.2
vertex 11 23.98480775301221 1.2
endloop
endfacet
facet normal 1 0 0
outer loop
vertex 11 23 0
vertex 11 23.98480775301221 1.2
vertex 11 23.93969262078591 1.2
endloop
endfacet
facet normal 1 0 0
outer loop
vertex 11 23 0
vertex 11 23.93969262078591 1.2
vertex 11 23.866025403784445 1.2
endloop
endfacet
facet normal 1 0 0
outer loop
vertex 11 23 0
vertex 11 23.866025403784445 1.2
vertex 11 23.766044443118975 1.2
endloop
endfacet
facet normal 1 0 0
outer loop
vertex 11 23 0
vertex 11 23.766044443118975 1.2
vertex 11 23.642787609686543 1.2
endloop
endfacet
facet normal 1 0 0
outer loop
vertex 11 23 0
vertex 11 23.642787609686543 1.2
vertex 11 23.49999999999999 1.2
endloop
endfacet
facet normal 1 0 0
outer loop
vertex 11 23 0
vertex 11 23.49999999999999 1.2
vertex 11 23.34202014332567 1.2
endloop
endfacet
facet normal 1 0 0
outer loop
vertex 11 23 0
vertex 11 23.34202014332567 1.2
vertex 11 23.173648177666934 1.2
endloop
endfacet
facet normal 1 0 0
outer loop
vertex 11 23 0
vertex 11 23.173648177666934 1.2
vertex 11 22.999999999999993 1.2
endloop
endfacet
facet normal 1 0 0
outer loop
vertex 11 23 0
vertex 11 22.999999999999993 1.2
vertex 11 16.9999999999999 1.2
endloop
endfacet
facet normal 1 0 0
outer loop
vertex 11 23 0
vertex 11 16.9999999999999 1.2
vertex 11 16.99999999999997 0
endloop
endfacet
facet normal 1 0 0
outer loop
vertex 11 39.999999999999986 0
vertex 11 40.17364817766695 0
vertex 11 40.342020143325655 0
endloop
endfacet
facet normal 1 0 0
outer loop
vertex 11 39.999999999999986 0
vertex 11 40.342020143325655 0
vertex 11 40.500000000000014 0
endloop
endfacet
facet normal 1 0 0
outer loop
vertex 11 39.999999999999986 0
vertex 11 40.500000000000014 0
vertex 11 40.642787609686536 0
endloop
endfacet
facet normal 1 0 0
outer loop
vertex 11 39.999999999999986 0
vertex 11 40.642787609686536 0
vertex 11 40.766044443118965 0
endloop
endfacet
facet normal 1 0 0
outer loop
vertex 11 39.999999999999986 0
vertex 11 40.766044443118965 0
vertex 11 40.86602540378445 0
endloop
endfacet
facet normal 1 0 0
outer loop
vertex 11 39.999999999999986 0
vertex 11 40.86602540378445 0
vertex 11 40.93969262078589 0
endloop
endfacet
facet normal 1 0 0
outer loop
vertex 11 39.999999999999986 0
vertex 11 40.93969262078589 0
vertex 11 40.98480775301221 0
endloop
endfacet
facet normal 1 0 0
outer loop
vertex 11 39.999999999999986 0
vertex 11 40.98480775301221 0
vertex 11 41 0
endloop
endfacet
facet normal 1 0 0
outer loop
vertex 11 39.999999999999986 0
vertex 11 41 0
vertex 11 44.5 0
endloop
endfacet
facet normal 1 0 0
outer loop
vertex 11 39.999999999999986 0
vertex 11 44.5 0
vertex 11 44.519214719596775 0
endloop
endfacet
facet normal 1 0 0
outer loop
vertex 11 39.999999999999986 0
vertex 11 44.519214719596775 0
vertex 11 44.57612046748869 0
endloop
endfacet
facet normal 1 0 0
outer loop
vertex 11 39.999999999999986 0
vertex 11 44.57612046748869 0
vertex 11 44.66853038769745 0
endloop
endfacet
facet normal 1 0 0
outer loop
vertex 11 39.999999999999986 0
vertex 11 44.66853038769745 0
vertex 11 44.79289321881346 0
endloop
endfacet
facet normal 1 0 0
outer loop
vertex 11 39.999999999999986 0
vertex 11 44.79289321881346 0
vertex 11 44.944429766980406 0
endloop
endfacet
facet normal 1 0 0
outer loop
vertex 11 39.999999999999986 0
vertex 11 44.944429766980406 0
vertex 11 45.11731656763491 0
endloop
endfacet
facet normal 1 0 0
outer loop
vertex 11 39.999999999999986 0
vertex 11 45.11731656763491 0
vertex 11 45.30490967798387 0
endloop
endfacet
facet normal 1 0 0
outer loop
vertex 11 39.999999999999986 0
vertex 11 45.30490967798387 0
vertex 11 45.5 0
endloop
endfacet
facet normal 1 0 0
outer loop
vertex 11 39.999999999999986 0
vertex 11 45.5 0
vertex 11 45.69509032201613 0
endloop
endfacet
facet normal 1 0 0
outer loop
vertex 11 39.999999999999986 0
vertex 11 45.69509032201613 0
vertex 11 45.882683432365106 0
endloop
endfacet
facet normal 1 0 0
outer loop
vertex 11 39.999999999999986 0
vertex 11 45.882683432365106 0
vertex 11 46.000000000000036 0
endloop
endfacet
facet normal 1 0 0
outer loop
vertex 11 39.999999999999986 0
vertex 11 46.000000000000036 0
vertex 11 46.00000000000001 1.2
endloop
endfacet
facet normal 1 0 0
outer loop
vertex 11 39.999999999999986 0
vertex 11 46.00000000000001 1.2
vertex 11 45.882683432365084 1.2
endloop
endfacet
facet normal 1 0 0
outer loop
vertex 11 39.999999999999986 0
vertex 11 45.882683432365084 1.2
vertex 11 45.69509032201613 1.2
endloop
endfacet
facet normal 1 0 0
outer loop
vertex 11 39.999999999999986 0
vertex 11 45.69509032201613 1.2
vertex 11 45.5 1.2
endloop
endfacet
facet normal 1 0 0
outer loop
vertex 11 39.999999999999986 0
vertex 11 45.5 1.2
vertex 11 45.304909677983886 1.2
endloop
endfacet
facet normal 1 0 0
outer loop
vertex 11 39.999999999999986 0
vertex 11 45.304909677983886 1.2
vertex 11 45.117316567634894 1.2
endloop
endfacet
facet normal 1 0 0
outer loop
vertex 11 39.999999999999986 0
vertex 11 45.117316567634894 1.2
vertex 11 44.9444297669804 1.2
endloop
endfacet
facet normal 1 0 0
outer loop
vertex 11 39.999999999999986 0
vertex 11 44.9444297669804 1.2
vertex 11 44.792893218813454 1.2
endloop
endfacet
facet normal 1 0 0
outer loop
vertex 11 39.999999999999986 0
vertex 11 44.792893218813454 1.2
vertex 11 44.668530387697444 1.2
endloop
endfacet
facet normal 1 0 0
outer loop
vertex 11 39.999999999999986 0
vertex 11 44.668530387697444 1.2
vertex 11 44.57612046748871 1.2
endloop
endfacet
facet normal 1 0 0
outer loop
vertex 11 39.999999999999986 0
vertex 11 44.57612046748871 1.2
vertex 11 44.51921471959678 1.2
endloop
endfacet
facet normal 1 0 0
outer loop
vertex 11 39.999999999999986 0
vertex 11 44.51921471959678 1.2
vertex 11 44.50000000000001 1.2
endloop
endfacet
facet normal 1 0 0
outer loop
vertex 11 39.999999999999986 0
vertex 11 44.50000000000001 1.2
vertex 11 41 1.2
endloop
endfacet
facet normal 1 0 0
outer loop
vertex 11 39.999999999999986 0
vertex 11 41 1.2
vertex 11 40.98480775301221 1.2
endloop
endfacet
facet normal 1 0 0
outer loop
vertex 11 39.999999999999986 0
vertex 11 40.98480775301221 1.2
vertex 11 40.93969262078587 1.2
endloop
endfacet
facet normal 1 0 0
outer loop
vertex 11 39.999999999999986 0
vertex 11 40.93969262078587 1.2
vertex 11 40.866025403784455 1.2
endloop
endfacet
facet normal 1 0 0
outer loop
vertex 11 39.999999999999986 0
vertex 11 40.866025403784455 1.2
vertex 11 40.76604444311897 1.2
endloop
endfacet
facet normal 1 0 0
outer loop
vertex 11 39.999999999999986 0
vertex 11 40.76604444311897 1.2
vertex 11 40.64278760968655 1.2
endloop
endfacet
facet normal 1 0 0
outer loop
vertex 11 39.999999999999986 0
vertex 11 40.64278760968655 1.2
vertex 11 40.500000000000014 1.2
endloop
endfacet
facet normal 1 0 0
outer loop
vertex 11 39.999999999999986 0
vertex 11 40.500000000000014 1.2
vertex 11 40.34202014332566 1.2
endloop
endfacet
facet normal 1 0 0
outer loop
vertex 11 39.999999999999986 0
vertex 11 40.34202014332566 1.2
vertex 11 40.17364817766693 1.2
endloop
endfacet
facet normal 1 0 0
outer loop
vertex 11 39.999999999999986 0
vertex 11 40.17364817766693 1.2
vertex 11 39.99999999999999 1.2
endloop
endfacet
facet normal 1 0 0
outer loop
vertex 11 39.999999999999986 0
vertex 11 39.99999999999999 1.2
vertex 11 34 1.2
endloop
endfacet
facet normal 1 0 0
outer loop
vertex 11 39.999999999999986 0
vertex 11 34 1.2
vertex 11 34.000000000000036 0
endloop
endfacet
facet normal 0.996194698091746 0.08715574274765459 0
outer loop
vertex 11 1.127986593019159e-13 1.2
vertex 11.015192246987787 -0.17364817766700202 1.2
vertex 11.0151922469878 -0.17364817766696738 0
endloop
endfacet
facet normal 0.996194698091746 0.08715574274765459 0
outer loop
vertex 11 1.127986593019159e-13 1.2
vertex 11.0151922469878 -0.17364817766696738 0
vertex 11 8.79296635503124e-14 0
endloop
endfacet
facet normal 0.9659258262890686 0.25881904510251985 0
outer loop
vertex 11.015192246987787 -0.17364817766700202 1.2
vertex 11.060307379214095 -0.34202014332565867 1.2
vertex 11.060307379214104 -0.34202014332571906 0
endloop
endfacet
facet normal 0.9659258262890686 0.25881904510251985 0
outer loop
vertex 11.015192246987787 -0.17364817766700202 1.2
vertex 11.060307379214104 -0.34202014332571906 0
vertex 11.0151922469878 -0.17364817766696738 0
endloop
endfacet
facet normal 0.9063077870366488 0.422618261740702 0
outer loop
vertex 11.060307379214095 -0.34202014332565867 1.2
vertex 11.133974596215566 -0.4999999999999547 1.2
vertex 11.133974596215536 -0.4999999999999476 0
endloop
endfacet
facet normal 0.9063077870366488 0.422618261740702 0
outer loop
vertex 11.060307379214095 -0.34202014332565867 1.2
vertex 11.133974596215536 -0.4999999999999476 0
vertex 11.060307379214104 -0.34202014332571906 0
endloop
endfacet
facet normal 0.8191520442889911 0.573576436351047 0
outer loop
vertex 11.133974596215566 -0.4999999999999547 1.2
vertex 11.233955556881028 -0.642787609686593 1.2
vertex 11.233955556881094 -0.642787609686609 0
endloop
endfacet
facet normal 0.8191520442889911 0.573576436351047 0
outer loop
vertex 11.133974596215566 -0.4999999999999547 1.2
vertex 11.233955556881094 -0.642787609686609 0
vertex 11.133974596215536 -0.4999999999999476 0
endloop
endfacet
facet normal 0.707106781186544 0.7071067811865511 0
outer loop
vertex 11.233955556881028 -0.642787609686593 1.2
vertex 11.357212390313464 -0.7660444431189779 1.2
vertex 11.357212390313421 -0.7660444431189788 0
endloop
endfacet
facet normal 0.707106781186544 0.7071067811865511 0
outer loop
vertex 11.233955556881028 -0.642787609686593 1.2
vertex 11.357212390313421 -0.7660444431189788 0
vertex 11.233955556881094 -0.642787609686609 0
endloop
endfacet
facet normal 0.5735764363510414 0.8191520442889951 0
outer loop
vertex 11.357212390313464 -0.7660444431189779 1.2
vertex 11.5 -0.8660254037844677 1.2
vertex 11.500000000000012 -0.8660254037844464 0
endloop
endfacet
facet normal 0.5735764363510414 0.8191520442889951 0
outer loop
vertex 11.357212390313464 -0.7660444431189779 1.2
vertex 11.500000000000012 -0.8660254037844464 0
vertex 11.357212390313421 -0.7660444431189788 0
endloop
endfacet
facet normal 0.4226182617407006 0.9063077870366496 0
outer loop
vertex 11.5 -0.8660254037844677 1.2
vertex 11.65797985667433 -0.9396926207859018 1.2
vertex 11.657979856674324 -0.9396926207859089 0
endloop
endfacet
facet normal 0.4226182617407006 0.9063077870366496 0
outer loop
vertex 11.5 -0.8660254037844677 1.2
vertex 11.657979856674324 -0.9396926207859089 0
vertex 11.500000000000012 -0.8660254037844464 0
endloop
endfacet
facet normal 0.2588190451025188 0.9659258262890689 0
outer loop
vertex 11.65797985667433 -0.9396926207859018 1.2
vertex 11.826351822333066 -0.984807753012209 1.2
vertex 11.82635182233307 -0.9848077530122072 0
endloop
endfacet
facet normal 0.2588190451025188 0.9659258262890689 0
outer loop
vertex 11.65797985667433 -0.9396926207859018 1.2
vertex 11.82635182233307 -0.9848077530122072 0
vertex 11.657979856674324 -0.9396926207859089 0
endloop
endfacet
facet normal 0.08715574274765846 0.9961946980917455 0
outer loop
vertex 11.826351822333066 -0.984807753012209 1.2
vertex 12 -1 1.2
vertex 12 -1 0
endloop
endfacet
facet normal 0.08715574274765846 0.9961946980917455 0
outer loop
vertex 11.826351822333066 -0.984807753012209 1.2
vertex 12 -1 0
vertex 11.82635182233307 -0.9848077530122072 0
endloop
endfacet
facet normal 0 1 0
outer loop
vertex 24.000000000000004 16 1.2
vertex 23.999999999999982 16 0
vertex 12.000000000000014 16 0
endloop
endfacet
facet normal 0 1 0
outer loop
vertex 24.000000000000004 16 1.2
vertex 12.000000000000014 16 0
vertex 12.000000000000007 16 1.2
endloop
endfacet
facet normal 0 1 0
outer loop
vertex 42 16 1.2
vertex 42 16 0
vertex 30.000000000000007 16 0
endloop
endfacet
facet normal 0 1 0
outer loop
vertex 42 16 1.2
vertex 30.000000000000007 16 0
vertex 30.000000000000014 16 1.2
endloop
endfacet
facet normal 0 1 0
outer loop
vertex 60.000000000000014 16 1.2
vertex 60.00000000000002 16 0
vertex 47.99999999999999 16 0
endloop
endfacet
facet normal 0 1 0
outer loop
vertex 60.000000000000014 16 1.2
vertex 47.99999999999999 16 0
vertex 47.999999999999986 16 1.2
endloop
endfacet
facet normal 0 1 0
outer loop
vertex 78 16 1.2
vertex 78 16 0
vertex 66 16 0
endloop
endfacet
facet normal 0 1 0
outer loop
vertex 78 16 1.2
vertex 66 16 0
vertex 66.00000000000001 16 1.2
endloop
endfacet
facet normal -0.08715574274765103 0.9961946980917462 0
outer loop
vertex 24.000000000000004 16 1.2
vertex 24.17364817766693 16.01519224698779 1.2
vertex 24.173648177666937 16.01519224698779 0
endloop
endfacet
facet normal -0.08715574274765103 0.9961946980917462 0
outer loop
vertex 24.000000000000004 16 1.2
vertex 24.173648177666937 16.01519224698779 0
vertex 23.999999999999982 16 0
endloop
endfacet
facet normal -0.2588190451025199 0.9659258262890685 0
outer loop
vertex 24.17364817766693 16.01519224698779 1.2
vertex 24.34202014332566 16.060307379214088 1.2
vertex 24.342020143325676 16.060307379214077 0
endloop
endfacet
facet normal -0.2588190451025199 0.9659258262890685 0
outer loop
vertex 24.17364817766693 16.01519224698779 1.2
vertex 24.342020143325676 16.060307379214077 0
vertex 24.173648177666937 16.01519224698779 0
endloop
endfacet
facet normal -0.42261826174070943 0.9063077870366454 0
outer loop
vertex 24.34202014332566 16.060307379214088 1.2
vertex 24.500000000000018 16.13397459621557 1.2
vertex 24.499999999999993 16.133974596215566 0
endloop
endfacet
facet normal -0.42261826174070943 0.9063077870366454 0
outer loop
vertex 24.34202014332566 16.060307379214088 1.2
vertex 24.499999999999993 16.133974596215566 0
vertex 24.342020143325676 16.060307379214077 0
endloop
endfacet
facet normal -0.5735764363510366 0.8191520442889985 0
outer loop
vertex 24.500000000000018 16.13397459621557 1.2
vertex 24.64278760968651 16.233955556881003 1.2
vertex 24.64278760968655 16.23395555688104 0
endloop
endfacet
facet normal -0.5735764363510366 0.8191520442889985 0
outer loop
vertex 24.500000000000018 16.13397459621557 1.2
vertex 24.64278760968655 16.23395555688104 0
vertex 24.499999999999993 16.133974596215566 0
endloop
endfacet
facet normal -0.7071067811865491 0.707106781186546 0
outer loop
vertex 24.64278760968651 16.233955556881003 1.2
vertex 24.76604444311902 16.357212390313485 1.2
vertex 24.766044443118982 16.35721239031343 0
endloop
endfacet
facet normal -0.7071067811865491 0.707106781186546 0
outer loop
vertex 24.64278760968651 16.233955556881003 1.2
vertex 24.766044443118982 16.35721239031343 0
vertex 24.64278760968655 16.23395555688104 0
endloop
endfacet
facet normal -0.8191520442889975 0.5735764363510382 0
outer loop
vertex 24.76604444311902 16.357212390313485 1.2
vertex 24.866025403784406 16.499999999999968 1.2
vertex 24.86602540378444 16.500000000000025 0
endloop
endfacet
facet normal -0.8191520442889975 0.5735764363510382 0
outer loop
vertex 24.76604444311902 16.357212390313485 1.2
vertex 24.86602540378444 16.500000000000025 0
vertex 24.766044443118982 16.35721239031343 0
endloop
endfacet
facet normal -0.9063077870366456 0.42261826174070904 0
outer loop
vertex 24.866025403784406 16.499999999999968 1.2
vertex 24.939692620785934 16.657979856674373 1.2
vertex 24.939692620785898 16.65797985667428 0
endloop
endfacet
facet normal -0.9063077870366456 0.42261826174070904 0
outer loop
vertex 24.866025403784406 16.499999999999968 1.2
vertex 24.939692620785898 16.65797985667428 0
vertex 24.86602540378444 16.500000000000025 0
endloop
endfacet
facet normal -0.9659258262890675 0.25881904510252335 0
outer loop
vertex 24.939692620785934 16.657979856674373 1.2
vertex 24.984807753012202 16.826351822333063 1.2
vertex 24.98480775301221 16.82635182233309 0
endloop
endfacet
facet normal -0.9659258262890675 0.25881904510252335 0
outer loop
vertex 24.939692620785934 16.657979856674373 1.2
vertex 24.98480775301221 16.82635182233309 0
vertex 24.939692620785898 16.65797985667428 0
endloop
endfacet
facet normal -0.9961946980917459 0.0871557427476546 0
outer loop
vertex 24.984807753012202 16.826351822333063 1.2
vertex 25 16.9999999999999 1.2
vertex 25 16.99999999999997 0
endloop
endfacet
facet normal -0.9961946980917459 0.0871557427476546 0
outer loop
vertex 24.984807753012202 16.826351822333063 1.2
vertex 25 16.99999999999997 0
vertex 24.98480775301221 16.82635182233309 0
endloop
endfacet
facet normal -0.996194698091746 -0.08715574274765456 0
outer loop
vertex 25 29.000000000000014 1.2
vertex 24.984807753012213 29.173648177666923 1.2
vertex 24.984807753012213 29.173648177666927 0
endloop
endfacet
facet normal -0.996194698091746 -0.08715574274765456 0
outer loop
vertex 25 29.000000000000014 1.2
vertex 24.984807753012213 29.173648177666927 0
vertex 25 29.00000000000003 0
endloop
endfacet
facet normal -0.9659258262890676 -0.25881904510252335 0
outer loop
vertex 24.984807753012213 29.173648177666923 1.2
vertex 24.9396926207859 29.342020143325705 1.2
vertex 24.939692620785905 29.34202014332569 0
endloop
endfacet
facet normal -0.9659258262890676 -0.25881904510252335 0
outer loop
vertex 24.984807753012213 29.173648177666923 1.2
vertex 24.939692620785905 29.34202014332569 0
vertex 24.984807753012213 29.173648177666927 0
endloop
endfacet
facet normal -0.9063077870366456 -0.42261826174070904 0
outer loop
vertex 24.9396926207859 29.342020143325705 1.2
vertex 24.866025403784462 29.499999999999968 1.2
vertex 24.866025403784445 29.50000000000003 0
endloop
endfacet
facet normal -0.9063077870366456 -0.42261826174070904 0
outer loop
vertex 24.9396926207859 29.342020143325705 1.2
vertex 24.866025403784445 29.50000000000003 0
vertex 24.939692620785905 29.34202014332569 0
endloop
endfacet
facet normal -0.8191520442890013 -0.5735764363510325 0
outer loop
vertex 24.866025403784462 29.499999999999968 1.2
vertex 24.76604444311893 29.642787609686597 1.2
vertex 24.766044443118997 29.642787609686554 0
endloop
endfacet
facet normal -0.8191520442890013 -0.5735764363510325 0
outer loop
vertex 24.866025403784462 29.499999999999968 1.2
vertex 24.766044443118997 29.642787609686554 0
vertex 24.866025403784445 29.50000000000003 0
endloop
endfacet
facet normal -0.7071067811865493 -0.7071067811865458 0
outer loop
vertex 24.76604444311893 29.642787609686597 1.2
vertex 24.642787609686625 29.766044443118968 1.2
vertex 24.64278760968651 29.76604444311897 0
endloop
endfacet
facet normal -0.7071067811865493 -0.7071067811865458 0
outer loop
vertex 24.76604444311893 29.642787609686597 1.2
vertex 24.64278760968651 29.76604444311897 0
vertex 24.766044443118997 29.642787609686554 0
endloop
endfacet
facet normal -0.5735764363510365 -0.8191520442889986 0
outer loop
vertex 24.642787609686625 29.766044443118968 1.2
vertex 24.49999999999997 29.866025403784434 1.2
vertex 24.50000000000002 29.86602540378444 0
endloop
endfacet
facet normal -0.5735764363510365 -0.8191520442889986 0
outer loop
vertex 24.642787609686625 29.766044443118968 1.2
vertex 24.50000000000002 29.86602540378444 0
vertex 24.64278760968651 29.76604444311897 0
endloop
endfacet
facet normal -0.42261826174070904 -0.9063077870366456 0
outer loop
vertex 24.49999999999997 29.866025403784434 1.2
vertex 24.342020143325684 29.939692620785905 1.2
vertex 24.34202014332567 29.93969262078591 0
endloop
endfacet
facet normal -0.42261826174070904 -0.9063077870366456 0
outer loop
vertex 24.49999999999997 29.866025403784434 1.2
vertex 24.34202014332567 29.93969262078591 0
vertex 24.50000000000002 29.86602540378444 0
endloop
endfacet
facet normal -0.25881904510251963 -0.9659258262890686 0
outer loop
vertex 24.342020143325684 29.939692620785905 1.2
vertex 24.173648177666923 29.984807753012213 1.2
vertex 24.173648177666934 29.98480775301221 0
endloop
endfacet
facet normal -0.25881904510251963 -0.9659258262890686 0
outer loop
vertex 24.342020143325684 29.939692620785905 1.2
vertex 24.173648177666934 29.98480775301221 0
vertex 24.34202014332567 29.93969262078591 0
endloop
endfacet
facet normal -0.08715574274765459 -0.996194698091746 0
outer loop
vertex 24.173648177666923 29.984807753012213 1.2
vertex 24.000000000000032 30 1.2
vertex 24.000000000000014 30 0
endloop
endfacet
facet normal -0.08715574274765459 -0.996194698091746 0
outer loop
vertex 24.173648177666923 29.984807753012213 1.2
vertex 24.000000000000014 30 0
vertex 24.173648177666934 29.98480775301221 0
endloop
endfacet
facet normal 0 -1 0
outer loop
vertex 24.000000000000014 30 0
vertex 24.000000000000032 30 1.2
vertex 11.999999999999979 30 1.2
endloop
endfacet
facet normal 0 -1 0
outer loop
vertex 24.000000000000014 30 0
vertex 11.999999999999979 30 1.2
vertex 12 30 0
endloop
endfacet
facet normal 0 -1 0
outer loop
vertex 41.99999999999997 30 0
vertex 41.99999999999998 30 1.2
vertex 29.99999999999998 30 1.2
endloop
endfacet
facet normal 0 -1 0
outer loop
vertex 41.99999999999997 30 0
vertex 29.99999999999998 30 1.2
vertex 30 30 0
endloop
endfacet
facet normal 0 -1 0
outer loop
vertex 59.99999999999997 30 0
vertex 59.999999999999986 30 1.2
vertex 47.99999999999996 30 1.2
endloop
endfacet
facet normal 0 -1 0
outer loop
vertex 59.99999999999997 30 0
vertex 47.99999999999996 30 1.2
vertex 47.99999999999997 30 0
endloop
endfacet
facet normal 0 -1 0
outer loop
vertex 77.99999999999999 30 0
vertex 77.99999999999996 30 1.2
vertex 66 30 1.2
endloop
endfacet
facet normal 0 -1 0
outer loop
vertex 77.99999999999999 30 0
vertex 66 30 1.2
vertex 66.00000000000003 30 0
endloop
endfacet
facet normal 0.0871557427476546 -0.996194698091746 0
outer loop
vertex 11.999999999999979 30 1.2
vertex 11.826351822333088 29.984807753012213 1.2
vertex 11.826351822333068 29.98480775301221 0
endloop
endfacet
facet normal 0.0871557427476546 -0.996194698091746 0
outer loop
vertex 11.999999999999979 30 1.2
vertex 11.826351822333068 29.98480775301221 0
vertex 12 30 0
endloop
endfacet
facet normal 0.2588190451025269 -0.9659258262890666 0
outer loop
vertex 11.826351822333088 29.984807753012213 1.2
vertex 11.657979856674345 29.939692620785905 1.2
vertex 11.657979856674329 29.93969262078591 0
endloop
endfacet
facet normal 0.2588190451025269 -0.9659258262890666 0
outer loop
vertex 11.826351822333088 29.984807753012213 1.2
vertex 11.657979856674329 29.93969262078591 0
vertex 11.826351822333068 29.98480775301221 0
endloop
endfacet
facet normal 0.4226182617407126 -0.9063077870366438 0
outer loop
vertex 11.657979856674345 29.939692620785905 1.2
vertex 11.499999999999979 29.866025403784434 1.2
vertex 11.500000000000007 29.86602540378444 0
endloop
endfacet
facet normal 0.4226182617407126 -0.9063077870366438 0
outer loop
vertex 11.657979856674345 29.939692620785905 1.2
vertex 11.500000000000007 29.86602540378444 0
vertex 11.657979856674329 29.93969262078591 0
endloop
endfacet
facet normal 0.5735764363510397 -0.8191520442889962 0
outer loop
vertex 11.499999999999979 29.866025403784434 1.2
vertex 11.357212390313478 29.766044443118968 1.2
vertex 11.357212390313455 29.76604444311897 0
endloop
endfacet
facet normal 0.5735764363510397 -0.8191520442889962 0
outer loop
vertex 11.499999999999979 29.866025403784434 1.2
vertex 11.357212390313455 29.76604444311897 0
vertex 11.500000000000007 29.86602540378444 0
endloop
endfacet
facet normal 0.7071067811865476 -0.7071067811865476 0
outer loop
vertex 11.357212390313478 29.766044443118968 1.2
vertex 11.233955556881021 29.642787609686597 1.2
vertex 11.233955556881043 29.642787609686554 0
endloop
endfacet
facet normal 0.7071067811865476 -0.7071067811865476 0
outer loop
vertex 11.357212390313478 29.766044443118968 1.2
vertex 11.233955556881043 29.642787609686554 0
vertex 11.357212390313455 29.76604444311897 0
endloop
endfacet
facet normal 0.8191520442889956 -0.5735764363510408 0
outer loop
vertex 11.233955556881021 29.642787609686597 1.2
vertex 11.133974596215559 29.499999999999968 1.2
vertex 11.133974596215579 29.50000000000003 0
endloop
endfacet
facet normal 0.8191520442889956 -0.5735764363510408 0
outer loop
vertex 11.233955556881021 29.642787609686597 1.2
vertex 11.133974596215579 29.50000000000003 0
vertex 11.233955556881043 29.642787609686554 0
endloop
endfacet
facet normal 0.9063077870366489 -0.42261826174070194 0
outer loop
vertex 11.133974596215559 29.499999999999968 1.2
vertex 11.060307379214095 29.342020143325705 1.2
vertex 11.060307379214093 29.34202014332569 0
endloop
endfacet
facet normal 0.9063077870366489 -0.42261826174070194 0
outer loop
vertex 11.133974596215559 29.499999999999968 1.2
vertex 11.060307379214093 29.34202014332569 0
vertex 11.133974596215579 29.50000000000003 0
endloop
endfacet
facet normal 0.9659258262890704 -0.2588190451025132 0
outer loop
vertex 11.060307379214095 29.342020143325705 1.2
vertex 11.015192246987795 29.173648177666923 1.2
vertex 11.015192246987793 29.173648177666927 0
endloop
endfacet
facet normal 0.9659258262890704 -0.2588190451025132 0
outer loop
vertex 11.060307379214095 29.342020143325705 1.2
vertex 11.015192246987793 29.173648177666927 0
vertex 11.060307379214093 29.34202014332569 0
endloop
endfacet
facet normal 0.9961946980917453 -0.08715574274766169 0
outer loop
vertex 11.015192246987795 29.173648177666923 1.2
vertex 11 29.000000000000014 1.2
vertex 11 29.00000000000003 0
endloop
endfacet
facet normal 0.9961946980917453 -0.08715574274766169 0
outer loop
vertex 11.015192246987795 29.173648177666923 1.2
vertex 11 29.00000000000003 0
vertex 11.015192246987793 29.173648177666927 0
endloop
endfacet
facet normal 0.9961946980917464 0.08715574274764748 0
outer loop
vertex 11 16.9999999999999 1.2
vertex 11.015192246987795 16.826351822333063 1.2
vertex 11.015192246987787 16.82635182233309 0
endloop
endfacet
facet normal 0.9961946980917464 0.08715574274764748 0
outer loop
vertex 11 16.9999999999999 1.2
vertex 11.015192246987787 16.82635182233309 0
vertex 11 16.99999999999997 0
endloop
endfacet
facet normal 0.9659258262890686 0.25881904510251985 0
outer loop
vertex 11.015192246987795 16.826351822333063 1.2
vertex 11.060307379214088 16.657979856674373 1.2
vertex 11.060307379214112 16.65797985667428 0
endloop
endfacet
facet normal 0.9659258262890686 0.25881904510251985 0
outer loop
vertex 11.015192246987795 16.826351822333063 1.2
vertex 11.060307379214112 16.65797985667428 0
vertex 11.015192246987787 16.82635182233309 0
endloop
endfacet
facet normal 0.9063077870366489 0.4226182617407019 0
outer loop
vertex 11.060307379214088 16.657979856674373 1.2
vertex 11.133974596215566 16.499999999999968 1.2
vertex 11.133974596215529 16.500000000000025 0
endloop
endfacet
facet normal 0.9063077870366489 0.4226182617407019 0
outer loop
vertex 11.060307379214088 16.657979856674373 1.2
vertex 11.133974596215529 16.500000000000025 0
vertex 11.060307379214112 16.65797985667428 0
endloop
endfacet
facet normal 0.8191520442889911 0.573576436351047 0
outer loop
vertex 11.133974596215566 16.499999999999968 1.2
vertex 11.233955556881028 16.357212390313485 1.2
vertex 11.23395555688106 16.35721239031343 0
endloop
endfacet
facet normal 0.8191520442889911 0.573576436351047 0
outer loop
vertex 11.133974596215566 16.499999999999968 1.2
vertex 11.23395555688106 16.35721239031343 0
vertex 11.133974596215529 16.500000000000025 0
endloop
endfacet
facet normal 0.7071067811865485 0.7071067811865467 0
outer loop
vertex 11.233955556881028 16.357212390313485 1.2
vertex 11.35721239031345 16.233955556881003 1.2
vertex 11.357212390313425 16.23395555688104 0
endloop
endfacet
facet normal 0.7071067811865485 0.7071067811865467 0
outer loop
vertex 11.233955556881028 16.357212390313485 1.2
vertex 11.357212390313425 16.23395555688104 0
vertex 11.23395555688106 16.35721239031343 0
endloop
endfacet
facet normal 0.5735764363510378 0.8191520442889978 0
outer loop
vertex 11.35721239031345 16.233955556881003 1.2
vertex 11.500000000000007 16.13397459621557 1.2
vertex 11.500000000000005 16.133974596215566 0
endloop
endfacet
facet normal 0.5735764363510378 0.8191520442889978 0
outer loop
vertex 11.35721239031345 16.233955556881003 1.2
vertex 11.500000000000005 16.133974596215566 0
vertex 11.357212390313425 16.23395555688104 0
endloop
endfacet
facet normal 0.42261826174070904 0.9063077870366456 0
outer loop
vertex 11.500000000000007 16.13397459621557 1.2
vertex 11.65797985667433 16.060307379214088 1.2
vertex 11.657979856674366 16.060307379214077 0
endloop
endfacet
facet normal 0.42261826174070904 0.9063077870366456 0
outer loop
vertex 11.500000000000007 16.13397459621557 1.2
vertex 11.657979856674366 16.060307379214077 0
vertex 11.500000000000005 16.133974596215566 0
endloop
endfacet
facet normal 0.25881904510252335 0.9659258262890675 0
outer loop
vertex 11.65797985667433 16.060307379214088 1.2
vertex 11.826351822333052 16.01519224698779 1.2
vertex 11.826351822333056 16.01519224698779 0
endloop
endfacet
facet normal 0.25881904510252335 0.9659258262890675 0
outer loop
vertex 11.65797985667433 16.060307379214088 1.2
vertex 11.826351822333056 16.01519224698779 0
vertex 11.657979856674366 16.060307379214077 0
endloop
endfacet
facet normal 0.0871557427476546 0.996194698091746 0
outer loop
vertex 11.826351822333052 16.01519224698779 1.2
vertex 12.000000000000007 16 1.2
vertex 12.000000000000014 16 0
endloop
endfacet
facet normal 0.0871557427476546 0.996194698091746 0
outer loop
vertex 11.826351822333052 16.01519224698779 1.2
vertex 12.000000000000014 16 0
vertex 11.826351822333056 16.01519224698779 0
endloop
endfacet
facet normal 0 1 0
outer loop
vertex 23.999999999999968 33 1.2
vertex 23.999999999999986 33 0
vertex 11.999999999999993 33 0
endloop
endfacet
facet normal 0 1 0
outer loop
vertex 23.999999999999968 33 1.2
vertex 11.999999999999993 33 0
vertex 12.000000000000007 33 1.2
endloop
endfacet
facet normal 0 1 0
outer loop
vertex 42.00000000000003 33 1.2
vertex 42.00000000000003 33 0
vertex 29.99999999999998 33 0
endloop
endfacet
facet normal 0 1 0
outer loop
vertex 42.00000000000003 33 1.2
vertex 29.99999999999998 33 0
vertex 30.000000000000007 33 1.2
endloop
endfacet
facet normal 0 1 0
outer loop
vertex 60.00000000000003 33 1.2
vertex 60.000000000000036 33 0
vertex 47.999999999999986 33 0
endloop
endfacet
facet normal 0 1 0
outer loop
vertex 60.00000000000003 33 1.2
vertex 47.999999999999986 33 0
vertex 47.999999999999964 33 1.2
endloop
endfacet
facet normal 0 1 0
outer loop
vertex 78.00000000000003 33 1.2
vertex 78.00000000000003 33 0
vertex 66 33 0
endloop
endfacet
facet normal 0 1 0
outer loop
vertex 78.00000000000003 33 1.2
vertex 66 33 0
vertex 65.99999999999997 33 1.2
endloop
endfacet
facet normal -0.0871557427476759 0.996194698091744 0
outer loop
vertex 23.999999999999968 33 1.2
vertex 24.173648177666838 33.01519224698779 1.2
vertex 24.17364817766696 33.01519224698779 0
endloop
endfacet
facet normal -0.0871557427476759 0.996194698091744 0
outer loop
vertex 23.999999999999968 33 1.2
vertex 24.17364817766696 33.01519224698779 0
vertex 23.999999999999986 33 0
endloop
endfacet
facet normal -0.2588190451025269 0.9659258262890666 0
outer loop
vertex 24.173648177666838 33.01519224698779 1.2
vertex 24.342020143325716 33.060307379214095 1.2
vertex 24.342020143325673 33.06030737921409 0
endloop
endfacet
facet normal -0.2588190451025269 0.9659258262890666 0
outer loop
vertex 24.173648177666838 33.01519224698779 1.2
vertex 24.342020143325673 33.06030737921409 0
vertex 24.17364817766696 33.01519224698779 0
endloop
endfacet
facet normal -0.4226182617406698 0.9063077870366639 0
outer loop
vertex 24.342020143325716 33.060307379214095 1.2
vertex 24.5 33.13397459621556 1.2
vertex 24.500000000000004 33.13397459621555 0
endloop
endfacet
facet normal -0.4226182617406698 0.9063077870366639 0
outer loop
vertex 24.342020143325716 33.060307379214095 1.2
vertex 24.500000000000004 33.13397459621555 0
vertex 24.342020143325673 33.06030737921409 0
endloop
endfacet
facet normal -0.5735764363510539 0.8191520442889864 0
outer loop
vertex 24.5 33.13397459621556 1.2
vertex 24.64278760968654 33.233955556881014 1.2
vertex 24.642787609686525 33.233955556881014 0
endloop
endfacet
facet normal -0.5735764363510539 0.8191520442889864 0
outer loop
vertex 24.5 33.13397459621556 1.2
vertex 24.642787609686525 33.233955556881014 0
vertex 24.500000000000004 33.13397459621555 0
endloop
endfacet
facet normal -0.7071067811865638 0.7071067811865314 0
outer loop
vertex 24.64278760968654 33.233955556881014 1.2
vertex 24.766044443118982 33.35721239031348 1.2
vertex 24.766044443118982 33.35721239031349 0
endloop
endfacet
facet normal -0.7071067811865638 0.7071067811865314 0
outer loop
vertex 24.64278760968654 33.233955556881014 1.2
vertex 24.766044443118982 33.35721239031349 0
vertex 24.642787609686525 33.233955556881014 0
endloop
endfacet
facet normal -0.8191520442889911 0.5735764363510472 0
outer loop
vertex 24.766044443118982 33.35721239031348 1.2
vertex 24.86602540378443 33.499999999999986 1.2
vertex 24.86602540378443 33.49999999999994 0
endloop
endfacet
facet normal -0.8191520442889911 0.5735764363510472 0
outer loop
vertex 24.766044443118982 33.35721239031348 1.2
vertex 24.86602540378443 33.49999999999994 0
vertex 24.766044443118982 33.35721239031349 0
endloop
endfacet
facet normal -0.9063077870366453 0.42261826174070977 0
outer loop
vertex 24.86602540378443 33.499999999999986 1.2
vertex 24.939692620785895 33.657979856674324 1.2
vertex 24.939692620785912 33.65797985667435 0
endloop
endfacet
facet normal -0.9063077870366453 0.42261826174070977 0
outer loop
vertex 24.86602540378443 33.499999999999986 1.2
vertex 24.939692620785912 33.65797985667435 0
vertex 24.86602540378443 33.49999999999994 0
endloop
endfacet
facet normal -0.9659258262890668 0.2588190451025269 0
outer loop
vertex 24.939692620785895 33.657979856674324 1.2
vertex 24.984807753012202 33.82635182233306 1.2
vertex 24.984807753012213 33.82635182233303 0
endloop
endfacet
facet normal -0.9659258262890668 0.2588190451025269 0
outer loop
vertex 24.939692620785895 33.657979856674324 1.2
vertex 24.984807753012213 33.82635182233303 0
vertex 24.939692620785912 33.65797985667435 0
endloop
endfacet
facet normal -0.9961946980917462 0.08715574274765103 0
outer loop
vertex 24.984807753012202 33.82635182233306 1.2
vertex 25 34 1.2
vertex 25 34.000000000000036 0
endloop
endfacet
facet normal -0.9961946980917462 0.08715574274765103 0
outer loop
vertex 24.984807753012202 33.82635182233306 1.2
vertex 25 34.000000000000036 0
vertex 24.984807753012213 33.82635182233303 0
endloop
endfacet
facet normal -0.9961946980917462 -0.08715574274765103 0
outer loop
vertex 25 46.00000000000001 1.2
vertex 24.984807752938504 46.17364817766693 1.2
vertex 24.984807753012216 46.173648177666905 0
endloop
endfacet
facet normal -0.9961946980917462 -0.08715574274765103 0
outer loop
vertex 25 46.00000000000001 1.2
vertex 24.984807753012216 46.173648177666905 0
vertex 25 46.000000000000036 0
endloop
endfacet
facet normal -0.9659258262890666 -0.2588190451025271 0
outer loop
vertex 24.984807752938504 46.17364817766693 1.2
vertex 24.939692620109547 46.342020143325676 1.2
vertex 24.93969262078591 46.34202014332567 0
endloop
endfacet
facet normal -0.9659258262890666 -0.2588190451025271 0
outer loop
vertex 24.984807752938504 46.17364817766693 1.2
vertex 24.93969262078591 46.34202014332567 0
vertex 24.984807753012216 46.173648177666905 0
endloop
endfacet
facet normal -0.9063077870366456 -0.42261826174070904 0
outer loop
vertex 24.939692620109547 46.342020143325676 1.2
vertex 24.866025401839533 46.49999999999997 1.2
vertex 24.866025403784437 46.5 0
endloop
endfacet
facet normal -0.9063077870366456 -0.42261826174070904 0
outer loop
vertex 24.939692620109547 46.342020143325676 1.2
vertex 24.866025403784437 46.5 0
vertex 24.93969262078591 46.34202014332567 0
endloop
endfacet
facet normal -0.8191520442889911 -0.573576436351047 0
outer loop
vertex 24.866025401839533 46.49999999999997 1.2
vertex 24.76604443911301 46.642787609686565 1.2
vertex 24.76604444311897 46.64278760968654 0
endloop
endfacet
facet normal -0.8191520442889911 -0.573576436351047 0
outer loop
vertex 24.866025401839533 46.49999999999997 1.2
vertex 24.76604444311897 46.64278760968654 0
vertex 24.866025403784437 46.5 0
endloop
endfacet
facet normal -0.7071067811865618 -0.7071067811865334 0
outer loop
vertex 24.76604443911301 46.642787609686565 1.2
vertex 24.642787602578554 46.76604444311895 1.2
vertex 24.642787609686547 46.76604444311897 0
endloop
endfacet
facet normal -0.7071067811865618 -0.7071067811865334 0
outer loop
vertex 24.76604443911301 46.642787609686565 1.2
vertex 24.642787609686547 46.76604444311897 0
vertex 24.76604444311897 46.64278760968654 0
endloop
endfacet
facet normal -0.5735764363510536 -0.8191520442889867 0
outer loop
vertex 24.642787602578554 46.76604444311895 1.2
vertex 24.499999988198528 46.86602540378447 1.2
vertex 24.499999999999975 46.866025403784455 0
endloop
endfacet
facet normal -0.5735764363510536 -0.8191520442889867 0
outer loop
vertex 24.642787602578554 46.76604444311895 1.2
vertex 24.499999999999975 46.866025403784455 0
vertex 24.642787609686547 46.76604444311897 0
endloop
endfacet
facet normal -0.4226182617406731 -0.9063077870366624 0
outer loop
vertex 24.499999988198528 46.86602540378447 1.2
vertex 24.342020123761237 46.939692620785905 1.2
vertex 24.342020143325662 46.93969262078591 0
endloop
endfacet
facet normal -0.4226182617406731 -0.9063077870366624 0
outer loop
vertex 24.499999988198528 46.86602540378447 1.2
vertex 24.342020143325662 46.93969262078591 0
vertex 24.499999999999975 46.866025403784455 0
endloop
endfacet
facet normal -0.25881904510252 -0.9659258262890685 0
outer loop
vertex 24.342020123761237 46.939692620785905 1.2
vertex 24.173648177666994 46.98480775301219 1.2
vertex 24.17364817766696 46.984807753012205 0
endloop
endfacet
facet normal -0.25881904510252 -0.9659258262890685 0
outer loop
vertex 24.342020123761237 46.939692620785905 1.2
vertex 24.17364817766696 46.984807753012205 0
vertex 24.342020143325662 46.93969262078591 0
endloop
endfacet
facet normal -0.0871557427476759 -0.996194698091744 0
outer loop
vertex 24.173648177666994 46.98480775301219 1.2
vertex 23.99999999999989 47 1.2
vertex 24.00000000000003 47 0
endloop
endfacet
facet normal -0.0871557427476759 -0.996194698091744 0
outer loop
vertex 24.173648177666994 46.98480775301219 1.2
vertex 24.00000000000003 47 0
vertex 24.17364817766696 46.984807753012205 0
endloop
endfacet
facet normal 0 -1 0
outer loop
vertex 24.00000000000003 47 0
vertex 23.99999999999989 47 1.2
vertex 11.99999999999995 47 1.2
endloop
endfacet
facet normal 0 -1 0
outer loop
vertex 24.00000000000003 47 0
vertex 11.99999999999995 47 1.2
vertex 11.999999999999964 47 0
endloop
endfacet
facet normal 0 -1 0
outer loop
vertex 42.00000000000001 47 0
vertex 42.000000000000036 47 1.2
vertex 30.000000000000032 47 1.2
endloop
endfacet
facet normal 0 -1 0
outer loop
vertex 42.00000000000001 47 0
vertex 30.000000000000032 47 1.2
vertex 30.000000000000025 47 0
endloop
endfacet
facet normal 0 -1 0
outer loop
vertex 60.00000000000001 47 0
vertex 59.99999999999995 47 1.2
vertex 47.99999999999997 47 1.2
endloop
endfacet
facet normal 0 -1 0
outer loop
vertex 60.00000000000001 47 0
vertex 47.99999999999997 47 1.2
vertex 48.00000000000003 47 0
endloop
endfacet
facet normal 0 -1 0
outer loop
vertex 77.99999999999999 47 0
vertex 77.99999999999996 47 1.2
vertex 66.00000000000006 47 1.2
endloop
endfacet
facet normal 0 -1 0
outer loop
vertex 77.99999999999999 47 0
vertex 66.00000000000006 47 1.2
vertex 66.00000000000009 47 0
endloop
endfacet
facet normal 0.08715574274767586 -0.996194698091744 0
outer loop
vertex 11.99999999999995 47 1.2
vertex 11.82635182233308 46.98480775301219 1.2
vertex 11.826351822333026 46.984807753012205 0
endloop
endfacet
facet normal 0.08715574274767586 -0.996194698091744 0
outer loop
vertex 11.99999999999995 47 1.2
vertex 11.826351822333026 46.984807753012205 0
vertex 11.999999999999964 47 0
endloop
endfacet
facet normal 0.25881904510252 -0.9659258262890685 0
outer loop
vertex 11.82635182233308 46.98480775301219 1.2
vertex 11.657979856674373 46.939692620785905 1.2
vertex 11.657979856674359 46.93969262078591 0
endloop
endfacet
facet normal 0.25881904510252 -0.9659258262890685 0
outer loop
vertex 11.82635182233308 46.98480775301219 1.2
vertex 11.657979856674359 46.93969262078591 0
vertex 11.826351822333026 46.984807753012205 0
endloop
endfacet
facet normal 0.42261826174067374 -0.906307787036662 0
outer loop
vertex 11.657979856674373 46.939692620785905 1.2
vertex 11.499999999999957 46.86602540378447 1.2
vertex 11.500000000000037 46.866025403784455 0
endloop
endfacet
facet normal 0.42261826174067374 -0.906307787036662 0
outer loop
vertex 11.657979856674373 46.939692620785905 1.2
vertex 11.500000000000037 46.866025403784455 0
vertex 11.657979856674359 46.93969262078591 0
endloop
endfacet
facet normal 0.573576436351047 -0.8191520442889911 0
outer loop
vertex 11.499999999999957 46.86602540378447 1.2
vertex 11.357212390313471 46.76604444311895 1.2
vertex 11.357212390313414 46.76604444311897 0
endloop
endfacet
facet normal 0.573576436351047 -0.8191520442889911 0
outer loop
vertex 11.499999999999957 46.86602540378447 1.2
vertex 11.357212390313414 46.76604444311897 0
vertex 11.500000000000037 46.866025403784455 0
endloop
endfacet
facet normal 0.7071067811865547 -0.7071067811865405 0
outer loop
vertex 11.357212390313471 46.76604444311895 1.2
vertex 11.233955556881035 46.642787609686565 1.2
vertex 11.233955556881044 46.64278760968654 0
endloop
endfacet
facet normal 0.7071067811865547 -0.7071067811865405 0
outer loop
vertex 11.357212390313471 46.76604444311895 1.2
vertex 11.233955556881044 46.64278760968654 0
vertex 11.357212390313414 46.76604444311897 0
endloop
endfacet
facet normal 0.8191520442889854 -0.5735764363510556 0
outer loop
vertex 11.233955556881035 46.642787609686565 1.2
vertex 11.133974596215566 46.49999999999997 1.2
vertex 11.133974596215575 46.5 0
endloop
endfacet
facet normal 0.8191520442889854 -0.5735764363510556 0
outer loop
vertex 11.233955556881035 46.642787609686565 1.2
vertex 11.133974596215575 46.5 0
vertex 11.233955556881044 46.64278760968654 0
endloop
endfacet
facet normal 0 0 1
outer loop
vertex 11.133974596215566 46.49999999999997 1.2
vertex 11.1250146253183 46.480785280403225 1.2
vertex 11.098479039283246 46.42387953251128 1.2
endloop
endfacet
facet normal 0 0 1
outer loop
vertex 11.133974596215566 46.49999999999997 1.2
vertex 11.098479039283246 46.42387953251128 1.2
vertex 11.060307379214088 46.342020143325676 1.2
endloop
endfacet
facet normal 0 0 1
outer loop
vertex 11.133974596215566 46.49999999999997 1.2
vertex 11.060307379214088 46.342020143325676 1.2
vertex 11.060307379214096 46.34202014332567 0
endloop
endfacet
facet normal 0 0 1
outer loop
vertex 11.133974596215566 46.49999999999997 1.2
vertex 11.060307379214096 46.34202014332567 0
vertex 11.098479039283239 46.423879532511286 0
endloop
endfacet
facet normal 0 0 1
outer loop
vertex 11.133974596215566 46.49999999999997 1.2
vertex 11.098479039283239 46.423879532511286 0
vertex 11.125014625318292 46.48078528040323 0
endloop
endfacet
facet normal 0 0 1
outer loop
vertex 11.133974596215566 46.49999999999997 1.2
vertex 11.125014625318292 46.48078528040323 0
vertex 11.133974596215575 46.5 0
endloop
endfacet
facet normal 0 0 1
outer loop
vertex 11.060307379214088 46.342020143325676 1.2
vertex 11.057480372946719 46.33146961230254 1.2
vertex 11.024157452780742 46.20710678118654 1.2
endloop
endfacet
facet normal 0 0 1
outer loop
vertex 11.060307379214088 46.342020143325676 1.2
vertex 11.024157452780742 46.20710678118654 1.2
vertex 11.015192246987795 46.17364817766693 1.2
endloop
endfacet
facet normal 0 0 1
outer loop
vertex 11.060307379214088 46.342020143325676 1.2
vertex 11.015192246987795 46.17364817766693 1.2
vertex 11.015192246987784 46.173648177666905 0
endloop
endfacet
facet normal 0 0 1
outer loop
vertex 11.060307379214088 46.342020143325676 1.2
vertex 11.015192246987784 46.173648177666905 0
vertex 11.024157452780749 46.20710678118656 0
endloop
endfacet
facet normal 0 0 1
outer loop
vertex 11.060307379214088 46.342020143325676 1.2
vertex 11.024157452780749 46.20710678118656 0
vertex 11.057480372946728 46.33146961230256 0
endloop
endfacet
facet normal 0 0 1
outer loop
vertex 11.060307379214088 46.342020143325676 1.2
vertex 11.057480372946728 46.33146961230256 0
vertex 11.060307379214096 46.34202014332567 0
endloop
endfacet
facet normal 0 0 -1
outer loop
vertex 11.015192246987795 46.17364817766693 1.2
vertex 11.00486176541871 46.0555702330196 1.2
vertex 11 46.00000000000001 1.2
endloop
endfacet
facet normal 0 0 -1
outer loop
vertex 11.015192246987795 46.17364817766693 1.2
vertex 11 46.00000000000001 1.2
vertex 11 46.000000000000036 0
endloop
endfacet
facet normal 0 0 -1
outer loop
vertex 11.015192246987795 46.17364817766693 1.2
vertex 11 46.000000000000036 0
vertex 11.004861765418708 46.05557023301959 0
endloop
endfacet
facet normal 0 0 -1
outer loop
vertex 11.015192246987795 46.17364817766693 1.2
vertex 11.004861765418708 46.05557023301959 0
vertex 11.015192246987784 46.173648177666905 0
endloop
endfacet
facet normal 0.996194698091746 0.08715574274765459 0
outer loop
vertex 11 34 1.2
vertex 11.015192246987795 33.82635182233306 1.2
vertex 11.015192246987798 33.82635182233303 0
endloop
endfacet
facet normal 0.996194698091746 0.08715574274765459 0
outer loop
vertex 11 34 1.2
vertex 11.015192246987798 33.82635182233303 0
vertex 11 34.000000000000036 0
endloop
endfacet
facet normal 0.9659258262890695 0.2588190451025163 0
outer loop
vertex 11.015192246987795 33.82635182233306 1.2
vertex 11.060307379214095 33.657979856674324 1.2
vertex 11.060307379214079 33.65797985667435 0
endloop
endfacet
facet normal 0.9659258262890695 0.2588190451025163 0
outer loop
vertex 11.015192246987795 33.82635182233306 1.2
vertex 11.060307379214079 33.65797985667435 0
vertex 11.015192246987798 33.82635182233303 0
endloop
endfacet
facet normal 0.9063077870366505 0.4226182617406982 0
outer loop
vertex 11.060307379214095 33.657979856674324 1.2
vertex 11.133974596215559 33.499999999999986 1.2
vertex 11.133974596215593 33.49999999999994 0
endloop
endfacet
facet normal 0.9063077870366505 0.4226182617406982 0
outer loop
vertex 11.060307379214095 33.657979856674324 1.2
vertex 11.133974596215593 33.49999999999994 0
vertex 11.060307379214079 33.65797985667435 0
endloop
endfacet
facet normal 0.819152044288986 0.5735764363510543 0
outer loop
vertex 11.133974596215559 33.499999999999986 1.2
vertex 11.233955556881028 33.35721239031348 1.2
vertex 11.233955556880982 33.35721239031349 0
endloop
endfacet
facet normal 0.819152044288986 0.5735764363510543 0
outer loop
vertex 11.133974596215559 33.499999999999986 1.2
vertex 11.233955556880982 33.35721239031349 0
vertex 11.133974596215593 33.49999999999994 0
endloop
endfacet
facet normal 0.7071067811865565 0.7071067811865387 0
outer loop
vertex 11.233955556881028 33.35721239031348 1.2
vertex 11.35721239031345 33.233955556881014 1.2
vertex 11.357212390313489 33.233955556881014 0
endloop
endfacet
facet normal 0.7071067811865565 0.7071067811865387 0
outer loop
vertex 11.233955556881028 33.35721239031348 1.2
vertex 11.357212390313489 33.233955556881014 0
vertex 11.233955556880982 33.35721239031349 0
endloop
endfacet
facet normal 0.5735764363510534 0.8191520442889866 0
outer loop
vertex 11.35721239031345 33.233955556881014 1.2
vertex 11.499999999999972 33.13397459621556 1.2
vertex 11.499999999999998 33.13397459621555 0
endloop
endfacet
facet normal 0.5735764363510534 0.8191520442889866 0
outer loop
vertex 11.35721239031345 33.233955556881014 1.2
vertex 11.499999999999998 33.13397459621555 0
vertex 11.357212390313489 33.233955556881014 0
endloop
endfacet
facet normal 0.4226182617406737 0.906307787036662 0
outer loop
vertex 11.499999999999972 33.13397459621556 1.2
vertex 11.657979856674373 33.060307379214095 1.2
vertex 11.657979856674347 33.06030737921409 0
endloop
endfacet
facet normal 0.4226182617406737 0.906307787036662 0
outer loop
vertex 11.499999999999972 33.13397459621556 1.2
vertex 11.657979856674347 33.06030737921409 0
vertex 11.499999999999998 33.13397459621555 0
endloop
endfacet
facet normal 0.25881904510252 0.9659258262890685 0
outer loop
vertex 11.657979856674373 33.060307379214095 1.2
vertex 11.826351822333066 33.01519224698779 1.2
vertex 11.826351822333097 33.01519224698779 0
endloop
endfacet
facet normal 0.25881904510252 0.9659258262890685 0
outer loop
vertex 11.657979856674373 33.060307379214095 1.2
vertex 11.826351822333097 33.01519224698779 0
vertex 11.657979856674347 33.06030737921409 0
endloop
endfacet
facet normal 0.0871557427476759 0.996194698091744 0
outer loop
vertex 11.826351822333066 33.01519224698779 1.2
vertex 12.000000000000007 33 1.2
vertex 11.999999999999993 33 0
endloop
endfacet
facet normal 0.0871557427476759 0.996194698091744 0
outer loop
vertex 11.826351822333066 33.01519224698779 1.2
vertex 11.999999999999993 33 0
vertex 11.826351822333097 33.01519224698779 0
endloop
endfacet
facet normal -0.08715574274765636 0.9961946980917458 0
outer loop
vertex 41.99999999999999 -1 1.2
vertex 42.17364817766691 -0.984807753012209 1.2
vertex 42.17364817766695 -0.9848077530122072 0
endloop
endfacet
facet normal -0.08715574274765636 0.9961946980917458 0
outer loop
vertex 41.99999999999999 -1 1.2
vertex 42.17364817766695 -0.9848077530122072 0
vertex 42.00000000000001 -1 0
endloop
endfacet
facet normal -0.2588190451025235 0.9659258262890676 0
outer loop
vertex 42.17364817766691 -0.984807753012209 1.2
vertex 42.34202014332571 -0.9396926207859018 1.2
vertex 42.34202014332566 -0.9396926207859089 0
endloop
endfacet
facet normal -0.2588190451025235 0.9659258262890676 0
outer loop
vertex 42.17364817766691 -0.984807753012209 1.2
vertex 42.34202014332566 -0.9396926207859089 0
vertex 42.17364817766695 -0.9848077530122072 0
endloop
endfacet
facet normal -0.4226182617406982 0.9063077870366506 0
outer loop
vertex 42.34202014332571 -0.9396926207859018 1.2
vertex 42.499999999999915 -0.8660254037844677 1.2
vertex 42.49999999999999 -0.8660254037844464 0
endloop
endfacet
facet normal -0.4226182617406982 0.9063077870366506 0
outer loop
vertex 42.34202014332571 -0.9396926207859018 1.2
vertex 42.49999999999999 -0.8660254037844464 0
vertex 42.34202014332566 -0.9396926207859089 0
endloop
endfacet
facet normal -0.5735764363510503 0.8191520442889889 0
outer loop
vertex 42.499999999999915 -0.8660254037844677 1.2
vertex 42.642787609686565 -0.7660444431189779 1.2
vertex 42.64278760968653 -0.7660444431189788 0
endloop
endfacet
facet normal -0.5735764363510503 0.8191520442889889 0
outer loop
vertex 42.499999999999915 -0.8660254037844677 1.2
vertex 42.64278760968653 -0.7660444431189788 0
vertex 42.49999999999999 -0.8660254037844464 0
endloop
endfacet
facet normal -0.7071067811865351 0.70710678118656 0
outer loop
vertex 42.642787609686565 -0.7660444431189779 1.2
vertex 42.76604444311892 -0.642787609686593 1.2
vertex 42.76604444311896 -0.642787609686609 0
endloop
endfacet
facet normal -0.7071067811865351 0.70710678118656 0
outer loop
vertex 42.642787609686565 -0.7660444431189779 1.2
vertex 42.76604444311896 -0.642787609686609 0
vertex 42.64278760968653 -0.7660444431189788 0
endloop
endfacet
facet normal -0.8191520442889896 0.5735764363510495 0
outer loop
vertex 42.76604444311892 -0.642787609686593 1.2
vertex 42.866025403784505 -0.4999999999999547 1.2
vertex 42.86602540378446 -0.4999999999999476 0
endloop
endfacet
facet normal -0.8191520442889896 0.5735764363510495 0
outer loop
vertex 42.76604444311892 -0.642787609686593 1.2
vertex 42.86602540378446 -0.4999999999999476 0
vertex 42.76604444311896 -0.642787609686609 0
endloop
endfacet
facet normal -0.906307787036662 0.4226182617406737 0
outer loop
vertex 42.866025403784505 -0.4999999999999547 1.2
vertex 42.93969262078588 -0.34202014332565867 1.2
vertex 42.9396926207859 -0.34202014332571906 0
endloop
endfacet
facet normal -0.906307787036662 0.4226182617406737 0
outer loop
vertex 42.866025403784505 -0.4999999999999547 1.2
vertex 42.9396926207859 -0.34202014332571906 0
vertex 42.86602540378446 -0.4999999999999476 0
endloop
endfacet
facet normal -0.9659258262890685 0.2588190451025201 0
outer loop
vertex 42.93969262078588 -0.34202014332565867 1.2
vertex 42.9848077530122 -0.17364817766700202 1.2
vertex 42.98480775301221 -0.17364817766696738 0
endloop
endfacet
facet normal -0.9659258262890685 0.2588190451025201 0
outer loop
vertex 42.93969262078588 -0.34202014332565867 1.2
vertex 42.98480775301221 -0.17364817766696738 0
vertex 42.9396926207859 -0.34202014332571906 0
endloop
endfacet
facet normal -0.9961946980917434 0.08715574274768303 0
outer loop
vertex 42.9848077530122 -0.17364817766700202 1.2
vertex 43.00000000000002 1.127986593019159e-13 1.2
vertex 43 8.79296635503124e-14 0
endloop
endfacet
facet normal -0.9961946980917434 0.08715574274768303 0
outer loop
vertex 42.9848077530122 -0.17364817766700202 1.2
vertex 43 8.79296635503124e-14 0
vertex 42.98480775301221 -0.17364817766696738 0
endloop
endfacet
facet normal -1 0 0
outer loop
vertex 43 11.99999999999983 1.2
vertex 43 11.999999999999936 0
vertex 43 8.79296635503124e-14 0
endloop
endfacet
facet normal -1 0 0
outer loop
vertex 43 11.99999999999983 1.2
vertex 43 8.79296635503124e-14 0
vertex 43.00000000000002 1.127986593019159e-13 1.2
endloop
endfacet
facet normal -1 0 0
outer loop
vertex 43 29.000000000000014 1.2
vertex 43 29.00000000000003 0
vertex 43 16.99999999999997 0
endloop
endfacet
facet normal -1 0 0
outer loop
vertex 43 29.000000000000014 1.2
vertex 43 16.99999999999997 0
vertex 43 16.9999999999999 1.2
endloop
endfacet
facet normal -1 0 0
outer loop
vertex 43 46.00000000000001 1.2
vertex 43 46.000000000000036 0
vertex 43 34.000000000000036 0
endloop
endfacet
facet normal -1 0 0
outer loop
vertex 43 46.00000000000001 1.2
vertex 43 34.000000000000036 0
vertex 43 34 1.2
endloop
endfacet
facet normal -0.996194698091744 -0.08715574274767586 0
outer loop
vertex 43 11.99999999999983 1.2
vertex 42.9848077530122 12.173648177666896 1.2
vertex 42.9848077530122 12.173648177666964 0
endloop
endfacet
facet normal -0.996194698091744 -0.08715574274767586 0
outer loop
vertex 43 11.99999999999983 1.2
vertex 42.9848077530122 12.173648177666964 0
vertex 43 11.999999999999936 0
endloop
endfacet
facet normal -0.9659258262890686 -0.25881904510251963 0
outer loop
vertex 42.9848077530122 12.173648177666896 1.2
vertex 42.939692620785884 12.342020143325703 1.2
vertex 42.93969262078593 12.342020143325724 0
endloop
endfacet
facet normal -0.9659258262890686 -0.25881904510251963 0
outer loop
vertex 42.9848077530122 12.173648177666896 1.2
vertex 42.93969262078593 12.342020143325724 0
vertex 42.9848077530122 12.173648177666964 0
endloop
endfacet
facet normal -0.9063077870366624 -0.4226182617406731 0
outer loop
vertex 42.939692620785884 12.342020143325703 1.2
vertex 42.866025403784484 12.49999999999999 1.2
vertex 42.86602540378444 12.49999999999997 0
endloop
endfacet
facet normal -0.9063077870366624 -0.4226182617406731 0
outer loop
vertex 42.939692620785884 12.342020143325703 1.2
vertex 42.86602540378444 12.49999999999997 0
vertex 42.93969262078593 12.342020143325724 0
endloop
endfacet
facet normal -0.8191520442889867 -0.5735764363510536 0
outer loop
vertex 42.866025403784484 12.49999999999999 1.2
vertex 42.76604444311895 12.642787609686565 1.2
vertex 42.766044443118965 12.642787609686588 0
endloop
endfacet
facet normal -0.8191520442889867 -0.5735764363510536 0
outer loop
vertex 42.866025403784484 12.49999999999999 1.2
vertex 42.766044443118965 12.642787609686588 0
vertex 42.86602540378444 12.49999999999997 0
endloop
endfacet
facet normal -0.7071067811865387 -0.7071067811865565 0
outer loop
vertex 42.76604444311895 12.642787609686565 1.2
vertex 42.64278760968653 12.766044443118995 1.2
vertex 42.64278760968655 12.766044443118995 0
endloop
endfacet
facet normal -0.7071067811865387 -0.7071067811865565 0
outer loop
vertex 42.76604444311895 12.642787609686565 1.2
vertex 42.64278760968655 12.766044443118995 0
vertex 42.766044443118965 12.642787609686588 0
endloop
endfacet
facet normal -0.5735764363510552 -0.8191520442889855 0
outer loop
vertex 42.64278760968653 12.766044443118995 1.2
vertex 42.50000000000003 12.86602540378443 1.2
vertex 42.49999999999997 12.866025403784452 0
endloop
endfacet
facet normal -0.5735764363510552 -0.8191520442889855 0
outer loop
vertex 42.64278760968653 12.766044443118995 1.2
vertex 42.49999999999997 12.866025403784452 0
vertex 42.64278760968655 12.766044443118995 0
endloop
endfacet
facet normal -0.42261826174070183 -0.9063077870366489 0
outer loop
vertex 42.50000000000003 12.86602540378443 1.2
vertex 42.34202014332567 12.939692620785905 1.2
vertex 42.34202014332565 12.939692620785907 0
endloop
endfacet
facet normal -0.42261826174070183 -0.9063077870366489 0
outer loop
vertex 42.50000000000003 12.86602540378443 1.2
vertex 42.34202014332565 12.939692620785907 0
vertex 42.49999999999997 12.866025403784452 0
endloop
endfacet
facet normal -0.2588190451025163 -0.9659258262890695 0
outer loop
vertex 42.34202014332567 12.939692620785905 1.2
vertex 42.17364817766693 12.984807753012209 1.2
vertex 42.17364817766695 12.984807753012209 0
endloop
endfacet
facet normal -0.2588190451025163 -0.9659258262890695 0
outer loop
vertex 42.34202014332567 12.939692620785905 1.2
vertex 42.17364817766695 12.984807753012209 0
vertex 42.34202014332565 12.939692620785907 0
endloop
endfacet
facet normal -0.08715574274766169 -0.9961946980917452 0
outer loop
vertex 42.17364817766693 12.984807753012209 1.2
vertex 42 13 1.2
vertex 41.99999999999999 13 0
endloop
endfacet
facet normal -0.08715574274766169 -0.9961946980917452 0
outer loop
vertex 42.17364817766693 12.984807753012209 1.2
vertex 41.99999999999999 13 0
vertex 42.17364817766695 12.984807753012209 0
endloop
endfacet
facet normal 0.08715574274766347 -0.9961946980917452 0
outer loop
vertex 30.000000000000004 13 1.2
vertex 29.826351822333073 12.984807753012209 1.2
vertex 29.82635182233311 12.984807753012209 0
endloop
endfacet
facet normal 0.08715574274766347 -0.9961946980917452 0
outer loop
vertex 30.000000000000004 13 1.2
vertex 29.82635182233311 12.984807753012209 0
vertex 30.000000000000018 13 0
endloop
endfacet
facet normal 0.2588190451025136 -0.9659258262890702 0
outer loop
vertex 29.826351822333073 12.984807753012209 1.2
vertex 29.65797985667431 12.939692620785905 1.2
vertex 29.65797985667431 12.939692620785907 0
endloop
endfacet
facet normal 0.2588190451025136 -0.9659258262890702 0
outer loop
vertex 29.826351822333073 12.984807753012209 1.2
vertex 29.65797985667431 12.939692620785907 0
vertex 29.82635182233311 12.984807753012209 0
endloop
endfacet
facet normal 0.42261826174070316 -0.9063077870366483 0
outer loop
vertex 29.65797985667431 12.939692620785905 1.2
vertex 29.500000000000007 12.86602540378443 1.2
vertex 29.50000000000002 12.866025403784452 0
endloop
endfacet
facet normal 0.42261826174070316 -0.9063077870366483 0
outer loop
vertex 29.65797985667431 12.939692620785905 1.2
vertex 29.50000000000002 12.866025403784452 0
vertex 29.65797985667431 12.939692620785907 0
endloop
endfacet
facet normal 0.5735764363510444 -0.819152044288993 0
outer loop
vertex 29.500000000000007 12.86602540378443 1.2
vertex 29.357212390313464 12.766044443118995 1.2
vertex 29.357212390313478 12.766044443118995 0
endloop
endfacet
facet normal 0.5735764363510444 -0.819152044288993 0
outer loop
vertex 29.500000000000007 12.86602540378443 1.2
vertex 29.357212390313478 12.766044443118995 0
vertex 29.50000000000002 12.866025403784452 0
endloop
endfacet
facet normal 0.707106781186544 -0.7071067811865511 0
outer loop
vertex 29.357212390313464 12.766044443118995 1.2
vertex 29.233955556881014 12.642787609686565 1.2
vertex 29.233955556881043 12.642787609686588 0
endloop
endfacet
facet normal 0.707106781186544 -0.7071067811865511 0
outer loop
vertex 29.357212390313464 12.766044443118995 1.2
vertex 29.233955556881043 12.642787609686588 0
vertex 29.357212390313478 12.766044443118995 0
endloop
endfacet
facet normal 0.8191520442889999 -0.5735764363510345 0
outer loop
vertex 29.233955556881014 12.642787609686565 1.2
vertex 29.13397459621556 12.49999999999999 1.2
vertex 29.133974596215513 12.49999999999997 0
endloop
endfacet
facet normal 0.8191520442889999 -0.5735764363510345 0
outer loop
vertex 29.233955556881014 12.642787609686565 1.2
vertex 29.133974596215513 12.49999999999997 0
vertex 29.233955556881043 12.642787609686588 0
endloop
endfacet
facet normal 0.9063077870366456 -0.42261826174070904 0
outer loop
vertex 29.13397459621556 12.49999999999999 1.2
vertex 29.060307379214102 12.342020143325703 1.2
vertex 29.060307379214116 12.342020143325724 0
endloop
endfacet
facet normal 0.9063077870366456 -0.42261826174070904 0
outer loop
vertex 29.13397459621556 12.49999999999999 1.2
vertex 29.060307379214116 12.342020143325724 0
vertex 29.133974596215513 12.49999999999997 0
endloop
endfacet
facet normal 0.9659258262890675 -0.25881904510252335 0
outer loop
vertex 29.060307379214102 12.342020143325703 1.2
vertex 29.01519224698779 12.173648177666896 1.2
vertex 29.015192246987795 12.173648177666964 0
endloop
endfacet
facet normal 0.9659258262890675 -0.25881904510252335 0
outer loop
vertex 29.060307379214102 12.342020143325703 1.2
vertex 29.015192246987795 12.173648177666964 0
vertex 29.060307379214116 12.342020143325724 0
endloop
endfacet
facet normal 0.996194698091746 -0.08715574274765456 0
outer loop
vertex 29.01519224698779 12.173648177666896 1.2
vertex 29 11.99999999999983 1.2
vertex 28.999999999999993 11.999999999999936 0
endloop
endfacet
facet normal 0.996194698091746 -0.08715574274765456 0
outer loop
vertex 29.01519224698779 12.173648177666896 1.2
vertex 28.999999999999993 11.999999999999936 0
vertex 29.015192246987795 12.173648177666964 0
endloop
endfacet
facet normal 1 0 0
outer loop
vertex 28.999999999999993 11.999999999999936 0
vertex 29 11.99999999999983 1.2
vertex 29 1.127986593019159e-13 1.2
endloop
endfacet
facet normal 1 0 0
outer loop
vertex 28.999999999999993 11.999999999999936 0
vertex 29 1.127986593019159e-13 1.2
vertex 29 8.79296635503124e-14 0
endloop
endfacet
facet normal 1 0 0
outer loop
vertex 29 29.00000000000003 0
vertex 29 29.000000000000014 1.2
vertex 29 16.9999999999999 1.2
endloop
endfacet
facet normal 1 0 0
outer loop
vertex 29 29.00000000000003 0
vertex 29 16.9999999999999 1.2
vertex 29 16.99999999999997 0
endloop
endfacet
facet normal 1 0 0
outer loop
vertex 29 46.000000000000036 0
vertex 29 46.00000000000001 1.2
vertex 29 34 1.2
endloop
endfacet
facet normal 1 0 0
outer loop
vertex 29 46.000000000000036 0
vertex 29 34 1.2
vertex 29 34.000000000000036 0
endloop
endfacet
facet normal 0.996194698091746 0.08715574274765459 0
outer loop
vertex 29 1.127986593019159e-13 1.2
vertex 29.01519224698779 -0.17364817766700202 1.2
vertex 29.015192246987798 -0.17364817766696738 0
endloop
endfacet
facet normal 0.996194698091746 0.08715574274765459 0
outer loop
vertex 29 1.127986593019159e-13 1.2
vertex 29.015192246987798 -0.17364817766696738 0
vertex 29 8.79296635503124e-14 0
endloop
endfacet
facet normal 0.9659258262890675 0.25881904510252335 0
outer loop
vertex 29.01519224698779 -0.17364817766700202 1.2
vertex 29.0603073792141 -0.34202014332565867 1.2
vertex 29.0603073792141 -0.34202014332571906 0
endloop
endfacet
facet normal 0.9659258262890675 0.25881904510252335 0
outer loop
vertex 29.01519224698779 -0.17364817766700202 1.2
vertex 29.0603073792141 -0.34202014332571906 0
vertex 29.015192246987798 -0.17364817766696738 0
endloop
endfacet
facet normal 0.9063077870366456 0.42261826174070904 0
outer loop
vertex 29.0603073792141 -0.34202014332565867 1.2
vertex 29.133974596215563 -0.4999999999999547 1.2
vertex 29.13397459621553 -0.4999999999999476 0
endloop
endfacet
facet normal 0.9063077870366456 0.42261826174070904 0
outer loop
vertex 29.0603073792141 -0.34202014332565867 1.2
vertex 29.13397459621553 -0.4999999999999476 0
vertex 29.0603073792141 -0.34202014332571906 0
endloop
endfacet
facet normal 0.8191520442889962 0.5735764363510398 0
outer loop
vertex 29.133974596215563 -0.4999999999999547 1.2
vertex 29.233955556881014 -0.642787609686593 1.2
vertex 29.23395555688107 -0.642787609686609 0
endloop
endfacet
facet normal 0.8191520442889962 0.5735764363510398 0
outer loop
vertex 29.133974596215563 -0.4999999999999547 1.2
vertex 29.23395555688107 -0.642787609686609 0
vertex 29.13397459621553 -0.4999999999999476 0
endloop
endfacet
facet normal 0.7071067811865431 0.707106781186552 0
outer loop
vertex 29.233955556881014 -0.642787609686593 1.2
vertex 29.357212390313478 -0.7660444431189779 1.2
vertex 29.357212390313457 -0.7660444431189788 0
endloop
endfacet
facet normal 0.7071067811865431 0.707106781186552 0
outer loop
vertex 29.233955556881014 -0.642787609686593 1.2
vertex 29.357212390313457 -0.7660444431189788 0
vertex 29.23395555688107 -0.642787609686609 0
endloop
endfacet
facet normal 0.573576436351045 0.8191520442889926 0
outer loop
vertex 29.357212390313478 -0.7660444431189779 1.2
vertex 29.49999999999999 -0.8660254037844677 1.2
vertex 29.50000000000001 -0.8660254037844464 0
endloop
endfacet
facet normal 0.573576436351045 0.8191520442889926 0
outer loop
vertex 29.357212390313478 -0.7660444431189779 1.2
vertex 29.50000000000001 -0.8660254037844464 0
vertex 29.357212390313457 -0.7660444431189788 0
endloop
endfacet
facet normal 0.42261826174070183 0.9063077870366489 0
outer loop
vertex 29.49999999999999 -0.8660254037844677 1.2
vertex 29.65797985667433 -0.9396926207859018 1.2
vertex 29.657979856674324 -0.9396926207859089 0
endloop
endfacet
facet normal 0.42261826174070183 0.9063077870366489 0
outer loop
vertex 29.49999999999999 -0.8660254037844677 1.2
vertex 29.657979856674324 -0.9396926207859089 0
vertex 29.50000000000001 -0.8660254037844464 0
endloop
endfacet
facet normal 0.25881904510251896 0.9659258262890689 0
outer loop
vertex 29.65797985667433 -0.9396926207859018 1.2
vertex 29.826351822333063 -0.984807753012209 1.2
vertex 29.826351822333063 -0.9848077530122072 0
endloop
endfacet
facet normal 0.25881904510251896 0.9659258262890689 0
outer loop
vertex 29.65797985667433 -0.9396926207859018 1.2
vertex 29.826351822333063 -0.9848077530122072 0
vertex 29.657979856674324 -0.9396926207859089 0
endloop
endfacet
facet normal 0.08715574274765793 0.9961946980917455 0
outer loop
vertex 29.826351822333063 -0.984807753012209 1.2
vertex 29.999999999999993 -1 1.2
vertex 30 -1 0
endloop
endfacet
facet normal 0.08715574274765793 0.9961946980917455 0
outer loop
vertex 29.826351822333063 -0.984807753012209 1.2
vertex 30 -1 0
vertex 29.826351822333063 -0.9848077530122072 0
endloop
endfacet
facet normal -0.08715574274764748 0.9961946980917464 0
outer loop
vertex 42 16 1.2
vertex 42.173648177666934 16.01519224698779 1.2
vertex 42.17364817766693 16.01519224698779 0
endloop
endfacet
facet normal -0.08715574274764748 0.9961946980917464 0
outer loop
vertex 42 16 1.2
vertex 42.17364817766693 16.01519224698779 0
vertex 42 16 0
endloop
endfacet
facet normal -0.25881904510252696 0.9659258262890666 0
outer loop
vertex 42.173648177666934 16.01519224698779 1.2
vertex 42.342020143325655 16.060307379214088 1.2
vertex 42.34202014332568 16.060307379214077 0
endloop
endfacet
facet normal -0.25881904510252696 0.9659258262890666 0
outer loop
vertex 42.173648177666934 16.01519224698779 1.2
vertex 42.34202014332568 16.060307379214077 0
vertex 42.17364817766693 16.01519224698779 0
endloop
endfacet
facet normal -0.42261826174070904 0.9063077870366456 0
outer loop
vertex 42.342020143325655 16.060307379214088 1.2
vertex 42.50000000000002 16.13397459621557 1.2
vertex 42.49999999999998 16.133974596215566 0
endloop
endfacet
facet normal -0.42261826174070904 0.9063077870366456 0
outer loop
vertex 42.342020143325655 16.060307379214088 1.2
vertex 42.49999999999998 16.133974596215566 0
vertex 42.34202014332568 16.060307379214077 0
endloop
endfacet
facet normal -0.573576436351047 0.8191520442889911 0
outer loop
vertex 42.50000000000002 16.13397459621557 1.2
vertex 42.64278760968651 16.233955556881003 1.2
vertex 42.64278760968656 16.23395555688104 0
endloop
endfacet
facet normal -0.573576436351047 0.8191520442889911 0
outer loop
vertex 42.50000000000002 16.13397459621557 1.2
vertex 42.64278760968656 16.23395555688104 0
vertex 42.49999999999998 16.133974596215566 0
endloop
endfacet
facet normal -0.7071067811865351 0.70710678118656 0
outer loop
vertex 42.64278760968651 16.233955556881003 1.2
vertex 42.766044443119014 16.357212390313485 1.2
vertex 42.76604444311897 16.35721239031343 0
endloop
endfacet
facet normal -0.7071067811865351 0.70710678118656 0
outer loop
vertex 42.64278760968651 16.233955556881003 1.2
vertex 42.76604444311897 16.35721239031343 0
vertex 42.64278760968656 16.23395555688104 0
endloop
endfacet
facet normal -0.8191520442889911 0.573576436351047 0
outer loop
vertex 42.766044443119014 16.357212390313485 1.2
vertex 42.8660254037844 16.499999999999968 1.2
vertex 42.86602540378445 16.500000000000025 0
endloop
endfacet
facet normal -0.8191520442889911 0.573576436351047 0
outer loop
vertex 42.766044443119014 16.357212390313485 1.2
vertex 42.86602540378445 16.500000000000025 0
vertex 42.76604444311897 16.35721239031343 0
endloop
endfacet
facet normal -0.906307787036659 0.42261826174068023 0
outer loop
vertex 42.8660254037844 16.499999999999968 1.2
vertex 42.93969262078594 16.657979856674373 1.2
vertex 42.939692620785905 16.65797985667428 0
endloop
endfacet
facet normal -0.906307787036659 0.42261826174068023 0
outer loop
vertex 42.8660254037844 16.499999999999968 1.2
vertex 42.939692620785905 16.65797985667428 0
vertex 42.86602540378445 16.500000000000025 0
endloop
endfacet
facet normal -0.9659258262890685 0.2588190451025201 0
outer loop
vertex 42.93969262078594 16.657979856674373 1.2
vertex 42.9848077530122 16.826351822333063 1.2
vertex 42.984807753012205 16.82635182233309 0
endloop
endfacet
facet normal -0.9659258262890685 0.2588190451025201 0
outer loop
vertex 42.93969262078594 16.657979856674373 1.2
vertex 42.984807753012205 16.82635182233309 0
vertex 42.939692620785905 16.65797985667428 0
endloop
endfacet
facet normal -0.996194698091744 0.0871557427476759 0
outer loop
vertex 42.9848077530122 16.826351822333063 1.2
vertex 43 16.9999999999999 1.2
vertex 43 16.99999999999997 0
endloop
endfacet
facet normal -0.996194698091744 0.0871557427476759 0
outer loop
vertex 42.9848077530122 16.826351822333063 1.2
vertex 43 16.99999999999997 0
vertex 42.984807753012205 16.82635182233309 0
endloop
endfacet
facet normal -0.996194698091744 -0.0871557427476759 0
outer loop
vertex 43 29.000000000000014 1.2
vertex 42.984807753012205 29.173648177666923 1.2
vertex 42.9848077530122 29.173648177666927 0
endloop
endfacet
facet normal -0.996194698091744 -0.0871557427476759 0
outer loop
vertex 43 29.000000000000014 1.2
vertex 42.9848077530122 29.173648177666927 0
vertex 43 29.00000000000003 0
endloop
endfacet
facet normal -0.9659258262890686 -0.25881904510251963 0
outer loop
vertex 42.984807753012205 29.173648177666923 1.2
vertex 42.9396926207859 29.342020143325705 1.2
vertex 42.93969262078592 29.34202014332569 0
endloop
endfacet
facet normal -0.9659258262890686 -0.25881904510251963 0
outer loop
vertex 42.984807753012205 29.173648177666923 1.2
vertex 42.93969262078592 29.34202014332569 0
vertex 42.9848077530122 29.173648177666927 0
endloop
endfacet
facet normal -0.9063077870366624 -0.4226182617406731 0
outer loop
vertex 42.9396926207859 29.342020143325705 1.2
vertex 42.86602540378446 29.499999999999968 1.2
vertex 42.86602540378443 29.50000000000003 0
endloop
endfacet
facet normal -0.9063077870366624 -0.4226182617406731 0
outer loop
vertex 42.9396926207859 29.342020143325705 1.2
vertex 42.86602540378443 29.50000000000003 0
vertex 42.93969262078592 29.34202014332569 0
endloop
endfacet
facet normal -0.8191520442889866 -0.5735764363510534 0
outer loop
vertex 42.86602540378446 29.499999999999968 1.2
vertex 42.76604444311893 29.642787609686597 1.2
vertex 42.76604444311897 29.642787609686554 0
endloop
endfacet
facet normal -0.8191520442889866 -0.5735764363510534 0
outer loop
vertex 42.86602540378446 29.499999999999968 1.2
vertex 42.76604444311897 29.642787609686554 0
vertex 42.86602540378443 29.50000000000003 0
endloop
endfacet
facet normal -0.7071067811865368 -0.7071067811865581 0
outer loop
vertex 42.76604444311893 29.642787609686597 1.2
vertex 42.64278760968655 29.766044443118968 1.2
vertex 42.64278760968654 29.76604444311897 0
endloop
endfacet
facet normal -0.7071067811865368 -0.7071067811865581 0
outer loop
vertex 42.76604444311893 29.642787609686597 1.2
vertex 42.64278760968654 29.76604444311897 0
vertex 42.76604444311897 29.642787609686554 0
endloop
endfacet
facet normal -0.5735764363510486 -0.8191520442889899 0
outer loop
vertex 42.64278760968655 29.766044443118968 1.2
vertex 42.5 29.866025403784434 1.2
vertex 42.49999999999997 29.86602540378444 0
endloop
endfacet
facet normal -0.5735764363510486 -0.8191520442889899 0
outer loop
vertex 42.64278760968655 29.766044443118968 1.2
vertex 42.49999999999997 29.86602540378444 0
vertex 42.64278760968654 29.76604444311897 0
endloop
endfacet
facet normal -0.42261826174070904 -0.9063077870366456 0
outer loop
vertex 42.5 29.866025403784434 1.2
vertex 42.34202014332567 29.939692620785905 1.2
vertex 42.34202014332573 29.93969262078591 0
endloop
endfacet
facet normal -0.42261826174070904 -0.9063077870366456 0
outer loop
vertex 42.5 29.866025403784434 1.2
vertex 42.34202014332573 29.93969262078591 0
vertex 42.49999999999997 29.86602540378444 0
endloop
endfacet
facet normal -0.2588190451025271 -0.9659258262890666 0
outer loop
vertex 42.34202014332567 29.939692620785905 1.2
vertex 42.173648177666905 29.984807753012213 1.2
vertex 42.17364817766691 29.98480775301221 0
endloop
endfacet
facet normal -0.2588190451025271 -0.9659258262890666 0
outer loop
vertex 42.34202014332567 29.939692620785905 1.2
vertex 42.17364817766691 29.98480775301221 0
vertex 42.34202014332573 29.93969262078591 0
endloop
endfacet
facet normal -0.0871557427476546 -0.996194698091746 0
outer loop
vertex 42.173648177666905 29.984807753012213 1.2
vertex 41.99999999999998 30 1.2
vertex 41.99999999999997 30 0
endloop
endfacet
facet normal -0.0871557427476546 -0.996194698091746 0
outer loop
vertex 42.173648177666905 29.984807753012213 1.2
vertex 41.99999999999997 30 0
vertex 42.17364817766691 29.98480775301221 0
endloop
endfacet
facet normal 0.0871557427476546 -0.996194698091746 0
outer loop
vertex 29.99999999999998 30 1.2
vertex 29.82635182233309 29.984807753012213 1.2
vertex 29.826351822333066 29.98480775301221 0
endloop
endfacet
facet normal 0.0871557427476546 -0.996194698091746 0
outer loop
vertex 29.99999999999998 30 1.2
vertex 29.826351822333066 29.98480775301221 0
vertex 30 30 0
endloop
endfacet
facet normal 0.25881904510251985 -0.9659258262890686 0
outer loop
vertex 29.82635182233309 29.984807753012213 1.2
vertex 29.657979856674324 29.939692620785905 1.2
vertex 29.65797985667433 29.93969262078591 0
endloop
endfacet
facet normal 0.25881904510251985 -0.9659258262890686 0
outer loop
vertex 29.82635182233309 29.984807753012213 1.2
vertex 29.65797985667433 29.93969262078591 0
vertex 29.826351822333066 29.98480775301221 0
endloop
endfacet
facet normal 0.42261826174070904 -0.9063077870366456 0
outer loop
vertex 29.657979856674324 29.939692620785905 1.2
vertex 29.499999999999993 29.866025403784434 1.2
vertex 29.500000000000007 29.86602540378444 0
endloop
endfacet
facet normal 0.42261826174070904 -0.9063077870366456 0
outer loop
vertex 29.657979856674324 29.939692620785905 1.2
vertex 29.500000000000007 29.86602540378444 0
vertex 29.65797985667433 29.93969262078591 0
endloop
endfacet
facet normal 0.5735764363510365 -0.8191520442889985 0
outer loop
vertex 29.499999999999993 29.866025403784434 1.2
vertex 29.357212390313464 29.766044443118968 1.2
vertex 29.35721239031345 29.76604444311897 0
endloop
endfacet
facet normal 0.5735764363510365 -0.8191520442889985 0
outer loop
vertex 29.499999999999993 29.866025403784434 1.2
vertex 29.35721239031345 29.76604444311897 0
vertex 29.500000000000007 29.86602540378444 0
endloop
endfacet
facet normal 0.7071067811865493 -0.7071067811865458 0
outer loop
vertex 29.357212390313464 29.766044443118968 1.2
vertex 29.23395555688103 29.642787609686597 1.2
vertex 29.233955556881046 29.642787609686554 0
endloop
endfacet
facet normal 0.7071067811865493 -0.7071067811865458 0
outer loop
vertex 29.357212390313464 29.766044443118968 1.2
vertex 29.233955556881046 29.642787609686554 0
vertex 29.35721239031345 29.76604444311897 0
endloop
endfacet
facet normal 0.8191520442889956 -0.5735764363510408 0
outer loop
vertex 29.23395555688103 29.642787609686597 1.2
vertex 29.133974596215555 29.499999999999968 1.2
vertex 29.13397459621558 29.50000000000003 0
endloop
endfacet
facet normal 0.8191520442889956 -0.5735764363510408 0
outer loop
vertex 29.23395555688103 29.642787609686597 1.2
vertex 29.13397459621558 29.50000000000003 0
vertex 29.233955556881046 29.642787609686554 0
endloop
endfacet
facet normal 0.9063077870366456 -0.42261826174070904 0
outer loop
vertex 29.133974596215555 29.499999999999968 1.2
vertex 29.0603073792141 29.342020143325705 1.2
vertex 29.060307379214095 29.34202014332569 0
endloop
endfacet
facet normal 0.9063077870366456 -0.42261826174070904 0
outer loop
vertex 29.133974596215555 29.499999999999968 1.2
vertex 29.060307379214095 29.34202014332569 0
vertex 29.13397459621558 29.50000000000003 0
endloop
endfacet
facet normal 0.9659258262890675 -0.25881904510252335 0
outer loop
vertex 29.0603073792141 29.342020143325705 1.2
vertex 29.015192246987787 29.173648177666923 1.2
vertex 29.01519224698779 29.173648177666927 0
endloop
endfacet
facet normal 0.9659258262890675 -0.25881904510252335 0
outer loop
vertex 29.0603073792141 29.342020143325705 1.2
vertex 29.01519224698779 29.173648177666927 0
vertex 29.060307379214095 29.34202014332569 0
endloop
endfacet
facet normal 0.9961946980917459 -0.0871557427476546 0
outer loop
vertex 29.015192246987787 29.173648177666923 1.2
vertex 29 29.000000000000014 1.2
vertex 29 29.00000000000003 0
endloop
endfacet
facet normal 0.9961946980917459 -0.0871557427476546 0
outer loop
vertex 29.015192246987787 29.173648177666923 1.2
vertex 29 29.00000000000003 0
vertex 29.01519224698779 29.173648177666927 0
endloop
endfacet
facet normal 0.9961946980917459 0.0871557427476546 0
outer loop
vertex 29 16.9999999999999 1.2
vertex 29.01519224698779 16.826351822333063 1.2
vertex 29.015192246987787 16.82635182233309 0
endloop
endfacet
facet normal 0.9961946980917459 0.0871557427476546 0
outer loop
vertex 29 16.9999999999999 1.2
vertex 29.015192246987787 16.82635182233309 0
vertex 29 16.99999999999997 0
endloop
endfacet
facet normal 0.9659258262890668 0.2588190451025269 0
outer loop
vertex 29.01519224698779 16.826351822333063 1.2
vertex 29.060307379214105 16.657979856674373 1.2
vertex 29.06030737921411 16.65797985667428 0
endloop
endfacet
facet normal 0.9659258262890668 0.2588190451025269 0
outer loop
vertex 29.01519224698779 16.826351822333063 1.2
vertex 29.06030737921411 16.65797985667428 0
vertex 29.015192246987787 16.82635182233309 0
endloop
endfacet
facet normal 0.9063077870366456 0.42261826174070904 0
outer loop
vertex 29.060307379214105 16.657979856674373 1.2
vertex 29.133974596215552 16.499999999999968 1.2
vertex 29.133974596215545 16.500000000000025 0
endloop
endfacet
facet normal 0.9063077870366456 0.42261826174070904 0
outer loop
vertex 29.060307379214105 16.657979856674373 1.2
vertex 29.133974596215545 16.500000000000025 0
vertex 29.06030737921411 16.65797985667428 0
endloop
endfacet
facet normal 0.8191520442889969 0.5735764363510389 0
outer loop
vertex 29.133974596215552 16.499999999999968 1.2
vertex 29.233955556881035 16.357212390313485 1.2
vertex 29.23395555688105 16.35721239031343 0
endloop
endfacet
facet normal 0.8191520442889969 0.5735764363510389 0
outer loop
vertex 29.133974596215552 16.499999999999968 1.2
vertex 29.23395555688105 16.35721239031343 0
vertex 29.133974596215545 16.500000000000025 0
endloop
endfacet
facet normal 0.7071067811865493 0.7071067811865458 0
outer loop
vertex 29.233955556881035 16.357212390313485 1.2
vertex 29.357212390313475 16.233955556881003 1.2
vertex 29.357212390313435 16.23395555688104 0
endloop
endfacet
facet normal 0.7071067811865493 0.7071067811865458 0
outer loop
vertex 29.233955556881035 16.357212390313485 1.2
vertex 29.357212390313435 16.23395555688104 0
vertex 29.23395555688105 16.35721239031343 0
endloop
endfacet
facet normal 0.5735764363510365 0.8191520442889986 0
outer loop
vertex 29.357212390313475 16.233955556881003 1.2
vertex 29.49999999999994 16.13397459621557 1.2
vertex 29.499999999999993 16.133974596215566 0
endloop
endfacet
facet normal 0.5735764363510365 0.8191520442889986 0
outer loop
vertex 29.357212390313475 16.233955556881003 1.2
vertex 29.499999999999993 16.133974596215566 0
vertex 29.357212390313435 16.23395555688104 0
endloop
endfacet
facet normal 0.4226182617407126 0.9063077870366438 0
outer loop
vertex 29.49999999999994 16.13397459621557 1.2
vertex 29.65797985667435 16.060307379214088 1.2
vertex 29.657979856674363 16.060307379214077 0
endloop
endfacet
facet normal 0.4226182617407126 0.9063077870366438 0
outer loop
vertex 29.49999999999994 16.13397459621557 1.2
vertex 29.657979856674363 16.060307379214077 0
vertex 29.499999999999993 16.133974596215566 0
endloop
endfacet
facet normal 0.2588190451025269 0.9659258262890666 0
outer loop
vertex 29.65797985667435 16.060307379214088 1.2
vertex 29.826351822333056 16.01519224698779 1.2
vertex 29.826351822333056 16.01519224698779 0
endloop
endfacet
facet normal 0.2588190451025269 0.9659258262890666 0
outer loop
vertex 29.65797985667435 16.060307379214088 1.2
vertex 29.826351822333056 16.01519224698779 0
vertex 29.657979856674363 16.060307379214077 0
endloop
endfacet
facet normal 0.08715574274765456 0.996194698091746 0
outer loop
vertex 29.826351822333056 16.01519224698779 1.2
vertex 30.000000000000014 16 1.2
vertex 30.000000000000007 16 0
endloop
endfacet
facet normal 0.08715574274765456 0.996194698091746 0
outer loop
vertex 29.826351822333056 16.01519224698779 1.2
vertex 30.000000000000007 16 0
vertex 29.826351822333056 16.01519224698779 0
endloop
endfacet
facet normal -0.0871557427476688 0.9961946980917447 0
outer loop
vertex 42.00000000000003 33 1.2
vertex 42.173648177666884 33.01519224698779 1.2
vertex 42.17364817766691 33.01519224698779 0
endloop
endfacet
facet normal -0.0871557427476688 0.9961946980917447 0
outer loop
vertex 42.00000000000003 33 1.2
vertex 42.17364817766691 33.01519224698779 0
vertex 42.00000000000003 33 0
endloop
endfacet
facet normal -0.2588190451025269 0.9659258262890666 0
outer loop
vertex 42.173648177666884 33.01519224698779 1.2
vertex 42.34202014332567 33.060307379214095 1.2
vertex 42.342020143325655 33.06030737921409 0
endloop
endfacet
facet normal -0.2588190451025269 0.9659258262890666 0
outer loop
vertex 42.173648177666884 33.01519224698779 1.2
vertex 42.342020143325655 33.06030737921409 0
vertex 42.17364817766691 33.01519224698779 0
endloop
endfacet
facet normal -0.42261826174067696 0.9063077870366605 0
outer loop
vertex 42.34202014332567 33.060307379214095 1.2
vertex 42.5 33.13397459621556 1.2
vertex 42.49999999999999 33.13397459621555 0
endloop
endfacet
facet normal -0.42261826174067696 0.9063077870366605 0
outer loop
vertex 42.34202014332567 33.060307379214095 1.2
vertex 42.49999999999999 33.13397459621555 0
vertex 42.342020143325655 33.06030737921409 0
endloop
endfacet
facet normal -0.5735764363510598 0.8191520442889821 0
outer loop
vertex 42.5 33.13397459621556 1.2
vertex 42.642787609686536 33.233955556881014 1.2
vertex 42.64278760968652 33.233955556881014 0
endloop
endfacet
facet normal -0.5735764363510598 0.8191520442889821 0
outer loop
vertex 42.5 33.13397459621556 1.2
vertex 42.64278760968652 33.233955556881014 0
vertex 42.49999999999999 33.13397459621555 0
endloop
endfacet
facet normal -0.7071067811865472 0.7071067811865477 0
outer loop
vertex 42.642787609686536 33.233955556881014 1.2
vertex 42.76604444311899 33.35721239031348 1.2
vertex 42.766044443118986 33.35721239031349 0
endloop
endfacet
facet normal -0.7071067811865472 0.7071067811865477 0
outer loop
vertex 42.642787609686536 33.233955556881014 1.2
vertex 42.766044443118986 33.35721239031349 0
vertex 42.64278760968652 33.233955556881014 0
endloop
endfacet
facet normal -0.8191520442889824 0.5735764363510596 0
outer loop
vertex 42.76604444311899 33.35721239031348 1.2
vertex 42.86602540378442 33.499999999999986 1.2
vertex 42.86602540378442 33.49999999999994 0
endloop
endfacet
facet normal -0.8191520442889824 0.5735764363510596 0
outer loop
vertex 42.76604444311899 33.35721239031348 1.2
vertex 42.86602540378442 33.49999999999994 0
vertex 42.766044443118986 33.35721239031349 0
endloop
endfacet
facet normal -0.906307787036659 0.42261826174068023 0
outer loop
vertex 42.86602540378442 33.499999999999986 1.2
vertex 42.9396926207859 33.657979856674324 1.2
vertex 42.93969262078591 33.65797985667435 0
endloop
endfacet
facet normal -0.906307787036659 0.42261826174068023 0
outer loop
vertex 42.86602540378442 33.499999999999986 1.2
vertex 42.93969262078591 33.65797985667435 0
vertex 42.86602540378442 33.49999999999994 0
endloop
endfacet
facet normal -0.9659258262890666 0.2588190451025269 0
outer loop
vertex 42.9396926207859 33.657979856674324 1.2
vertex 42.9848077530122 33.82635182233306 1.2
vertex 42.984807753012205 33.82635182233303 0
endloop
endfacet
facet normal -0.9659258262890666 0.2588190451025269 0
outer loop
vertex 42.9396926207859 33.657979856674324 1.2
vertex 42.984807753012205 33.82635182233303 0
vertex 42.93969262078591 33.65797985667435 0
endloop
endfacet
facet normal -0.9961946980917447 0.08715574274766877 0
outer loop
vertex 42.9848077530122 33.82635182233306 1.2
vertex 43 34 1.2
vertex 43 34.000000000000036 0
endloop
endfacet
facet normal -0.9961946980917447 0.08715574274766877 0
outer loop
vertex 42.9848077530122 33.82635182233306 1.2
vertex 43 34.000000000000036 0
vertex 42.984807753012205 33.82635182233303 0
endloop
endfacet
facet normal -0.9961946980917447 -0.08715574274766881 0
outer loop
vertex 43 46.00000000000001 1.2
vertex 42.984807753012205 46.17364817766693 1.2
vertex 42.98480775301221 46.173648177666905 0
endloop
endfacet
facet normal -0.9961946980917447 -0.08715574274766881 0
outer loop
vertex 43 46.00000000000001 1.2
vertex 42.98480775301221 46.173648177666905 0
vertex 43 46.000000000000036 0
endloop
endfacet
facet normal -0.9659258262890666 -0.2588190451025271 0
outer loop
vertex 42.984807753012205 46.17364817766693 1.2
vertex 42.939692620785905 46.342020143325676 1.2
vertex 42.939692620785905 46.34202014332567 0
endloop
endfacet
facet normal -0.9659258262890666 -0.2588190451025271 0
outer loop
vertex 42.984807753012205 46.17364817766693 1.2
vertex 42.939692620785905 46.34202014332567 0
vertex 42.98480775301221 46.173648177666905 0
endloop
endfacet
facet normal -0.906307787036659 -0.42261826174068023 0
outer loop
vertex 42.939692620785905 46.342020143325676 1.2
vertex 42.86602540378446 46.49999999999997 1.2
vertex 42.866025403784455 46.5 0
endloop
endfacet
facet normal -0.906307787036659 -0.42261826174068023 0
outer loop
vertex 42.939692620785905 46.342020143325676 1.2
vertex 42.866025403784455 46.5 0
vertex 42.939692620785905 46.34202014332567 0
endloop
endfacet
facet normal -0.8191520442889821 -0.5735764363510598 0
outer loop
vertex 42.86602540378446 46.49999999999997 1.2
vertex 42.76604444311896 46.642787609686565 1.2
vertex 42.76604444311902 46.64278760968654 0
endloop
endfacet
facet normal -0.8191520442889821 -0.5735764363510598 0
outer loop
vertex 42.86602540378446 46.49999999999997 1.2
vertex 42.76604444311902 46.64278760968654 0
vertex 42.866025403784455 46.5 0
endloop
endfacet
facet normal -0.707106781186544 -0.7071067811865511 0
outer loop
vertex 42.76604444311896 46.642787609686565 1.2
vertex 42.64278760968659 46.76604444311895 1.2
vertex 42.64278760968653 46.76604444311897 0
endloop
endfacet
facet normal -0.707106781186544 -0.7071067811865511 0
outer loop
vertex 42.76604444311896 46.642787609686565 1.2
vertex 42.64278760968653 46.76604444311897 0
vertex 42.76604444311902 46.64278760968654 0
endloop
endfacet
facet normal -0.5735764363510599 -0.8191520442889821 0
outer loop
vertex 42.64278760968659 46.76604444311895 1.2
vertex 42.49999999999993 46.86602540378447 1.2
vertex 42.50000000000001 46.866025403784455 0
endloop
endfacet
facet normal -0.5735764363510599 -0.8191520442889821 0
outer loop
vertex 42.64278760968659 46.76604444311895 1.2
vertex 42.50000000000001 46.866025403784455 0
vertex 42.64278760968653 46.76604444311897 0
endloop
endfacet
facet normal -0.4226182617406731 -0.9063077870366624 0
outer loop
vertex 42.49999999999993 46.86602540378447 1.2
vertex 42.3420201433257 46.939692620785905 1.2
vertex 42.34202014332566 46.93969262078591 0
endloop
endfacet
facet normal -0.4226182617406731 -0.9063077870366624 0
outer loop
vertex 42.49999999999993 46.86602540378447 1.2
vertex 42.34202014332566 46.93969262078591 0
vertex 42.50000000000001 46.866025403784455 0
endloop
endfacet
facet normal -0.2588190451025271 -0.9659258262890666 0
outer loop
vertex 42.3420201433257 46.939692620785905 1.2
vertex 42.173648177667005 46.98480775301219 1.2
vertex 42.17364817766695 46.984807753012205 0
endloop
endfacet
facet normal -0.2588190451025271 -0.9659258262890666 0
outer loop
vertex 42.3420201433257 46.939692620785905 1.2
vertex 42.17364817766695 46.984807753012205 0
vertex 42.34202014332566 46.93969262078591 0
endloop
endfacet
facet normal -0.08715574274766881 -0.9961946980917447 0
outer loop
vertex 42.173648177667005 46.98480775301219 1.2
vertex 42.000000000000036 47 1.2
vertex 42.00000000000001 47 0
endloop
endfacet
facet normal -0.08715574274766881 -0.9961946980917447 0
outer loop
vertex 42.173648177667005 46.98480775301219 1.2
vertex 42.00000000000001 47 0
vertex 42.17364817766695 46.984807753012205 0
endloop
endfacet
facet normal 0.08715574274767586 -0.996194698091744 0
outer loop
vertex 30.000000000000032 47 1.2
vertex 29.826351822333045 46.98480775301219 1.2
vertex 29.826351822333077 46.984807753012205 0
endloop
endfacet
facet normal 0.08715574274767586 -0.996194698091744 0
outer loop
vertex 30.000000000000032 47 1.2
vertex 29.826351822333077 46.984807753012205 0
vertex 30.000000000000025 47 0
endloop
endfacet
facet normal 0.25881904510252 -0.9659258262890685 0
outer loop
vertex 29.826351822333045 46.98480775301219 1.2
vertex 29.657979856674356 46.939692620785905 1.2
vertex 29.65797985667434 46.93969262078591 0
endloop
endfacet
facet normal 0.25881904510252 -0.9659258262890685 0
outer loop
vertex 29.826351822333045 46.98480775301219 1.2
vertex 29.65797985667434 46.93969262078591 0
vertex 29.826351822333077 46.984807753012205 0
endloop
endfacet
facet normal 0.42261826174067374 -0.906307787036662 0
outer loop
vertex 29.657979856674356 46.939692620785905 1.2
vertex 29.499999999999982 46.86602540378447 1.2
vertex 29.50000000000005 46.866025403784455 0
endloop
endfacet
facet normal 0.42261826174067374 -0.906307787036662 0
outer loop
vertex 29.657979856674356 46.939692620785905 1.2
vertex 29.50000000000005 46.866025403784455 0
vertex 29.65797985667434 46.93969262078591 0
endloop
endfacet
facet normal 0.5735764363510534 -0.8191520442889866 0
outer loop
vertex 29.499999999999982 46.86602540378447 1.2
vertex 29.357212390313435 46.76604444311895 1.2
vertex 29.357212390313407 46.76604444311897 0
endloop
endfacet
facet normal 0.5735764363510534 -0.8191520442889866 0
outer loop
vertex 29.499999999999982 46.86602540378447 1.2
vertex 29.357212390313407 46.76604444311897 0
vertex 29.50000000000005 46.866025403784455 0
endloop
endfacet
facet normal 0.7071067811865563 -0.7071067811865386 0
outer loop
vertex 29.357212390313435 46.76604444311895 1.2
vertex 29.23395555688102 46.642787609686565 1.2
vertex 29.233955556881046 46.64278760968654 0
endloop
endfacet
facet normal 0.7071067811865563 -0.7071067811865386 0
outer loop
vertex 29.357212390313435 46.76604444311895 1.2
vertex 29.233955556881046 46.64278760968654 0
vertex 29.357212390313407 46.76604444311897 0
endloop
endfacet
facet normal 0.8191520442889895 -0.5735764363510495 0
outer loop
vertex 29.23395555688102 46.642787609686565 1.2
vertex 29.133974596215552 46.49999999999997 1.2
vertex 29.133974596215563 46.5 0
endloop
endfacet
facet normal 0.8191520442889895 -0.5735764363510495 0
outer loop
vertex 29.23395555688102 46.642787609686565 1.2
vertex 29.133974596215563 46.5 0
vertex 29.233955556881046 46.64278760968654 0
endloop
endfacet
facet normal 0.9063077870366456 -0.42261826174070904 0
outer loop
vertex 29.133974596215552 46.49999999999997 1.2
vertex 29.060307379214105 46.342020143325676 1.2
vertex 29.06030737921409 46.34202014332567 0
endloop
endfacet
facet normal 0.9063077870366456 -0.42261826174070904 0
outer loop
vertex 29.133974596215552 46.49999999999997 1.2
vertex 29.06030737921409 46.34202014332567 0
vertex 29.133974596215563 46.5 0
endloop
endfacet
facet normal 0.9659258262890668 -0.2588190451025269 0
outer loop
vertex 29.060307379214105 46.342020143325676 1.2
vertex 29.01519224698779 46.17364817766693 1.2
vertex 29.015192246987787 46.173648177666905 0
endloop
endfacet
facet normal 0.9659258262890668 -0.2588190451025269 0
outer loop
vertex 29.060307379214105 46.342020143325676 1.2
vertex 29.015192246987787 46.173648177666905 0
vertex 29.06030737921409 46.34202014332567 0
endloop
endfacet
facet normal 0.9961946980917462 -0.08715574274765103 0
outer loop
vertex 29.01519224698779 46.17364817766693 1.2
vertex 29 46.00000000000001 1.2
vertex 29 46.000000000000036 0
endloop
endfacet
facet normal 0.9961946980917462 -0.08715574274765103 0
outer loop
vertex 29.01519224698779 46.17364817766693 1.2
vertex 29 46.000000000000036 0
vertex 29.015192246987787 46.173648177666905 0
endloop
endfacet
facet normal 0.9961946980917459 0.0871557427476546 0
outer loop
vertex 29 34 1.2
vertex 29.015192246987795 33.82635182233306 1.2
vertex 29.015192246987798 33.82635182233303 0
endloop
endfacet
facet normal 0.9961946980917459 0.0871557427476546 0
outer loop
vertex 29 34 1.2
vertex 29.015192246987798 33.82635182233303 0
vertex 29 34.000000000000036 0
endloop
endfacet
facet normal 0.9659258262890666 0.2588190451025271 0
outer loop
vertex 29.015192246987795 33.82635182233306 1.2
vertex 29.06030737921409 33.657979856674324 1.2
vertex 29.06030737921408 33.65797985667435 0
endloop
endfacet
facet normal 0.9659258262890666 0.2588190451025271 0
outer loop
vertex 29.015192246987795 33.82635182233306 1.2
vertex 29.06030737921408 33.65797985667435 0
vertex 29.015192246987798 33.82635182233303 0
endloop
endfacet
facet normal 0.9063077870366456 0.42261826174070904 0
outer loop
vertex 29.06030737921409 33.657979856674324 1.2
vertex 29.13397459621557 33.499999999999986 1.2
vertex 29.13397459621559 33.49999999999994 0
endloop
endfacet
facet normal 0.9063077870366456 0.42261826174070904 0
outer loop
vertex 29.06030737921409 33.657979856674324 1.2
vertex 29.13397459621559 33.49999999999994 0
vertex 29.06030737921408 33.65797985667435 0
endloop
endfacet
facet normal 0.8191520442889911 0.573576436351047 0
outer loop
vertex 29.13397459621557 33.499999999999986 1.2
vertex 29.233955556881007 33.35721239031348 1.2
vertex 29.233955556880993 33.35721239031349 0
endloop
endfacet
facet normal 0.8191520442889911 0.573576436351047 0
outer loop
vertex 29.13397459621557 33.499999999999986 1.2
vertex 29.233955556880993 33.35721239031349 0
vertex 29.13397459621559 33.49999999999994 0
endloop
endfacet
facet normal 0.7071067811865582 0.7071067811865369 0
outer loop
vertex 29.233955556881007 33.35721239031348 1.2
vertex 29.35721239031345 33.233955556881014 1.2
vertex 29.357212390313467 33.233955556881014 0
endloop
endfacet
facet normal 0.7071067811865582 0.7071067811865369 0
outer loop
vertex 29.233955556881007 33.35721239031348 1.2
vertex 29.357212390313467 33.233955556881014 0
vertex 29.233955556880993 33.35721239031349 0
endloop
endfacet
facet normal 0.5735764363510535 0.8191520442889867 0
outer loop
vertex 29.35721239031345 33.233955556881014 1.2
vertex 29.500000000000004 33.13397459621556 1.2
vertex 29.500000000000014 33.13397459621555 0
endloop
endfacet
facet normal 0.5735764363510535 0.8191520442889867 0
outer loop
vertex 29.35721239031345 33.233955556881014 1.2
vertex 29.500000000000014 33.13397459621555 0
vertex 29.357212390313467 33.233955556881014 0
endloop
endfacet
facet normal 0.4226182617406803 0.906307787036659 0
outer loop
vertex 29.500000000000004 33.13397459621556 1.2
vertex 29.657979856674363 33.060307379214095 1.2
vertex 29.657979856674352 33.06030737921409 0
endloop
endfacet
facet normal 0.4226182617406803 0.906307787036659 0
outer loop
vertex 29.500000000000004 33.13397459621556 1.2
vertex 29.657979856674352 33.06030737921409 0
vertex 29.500000000000014 33.13397459621555 0
endloop
endfacet
facet normal 0.25881904510251963 0.9659258262890686 0
outer loop
vertex 29.657979856674363 33.060307379214095 1.2
vertex 29.826351822333052 33.01519224698779 1.2
vertex 29.826351822333077 33.01519224698779 0
endloop
endfacet
facet normal 0.25881904510251963 0.9659258262890686 0
outer loop
vertex 29.657979856674363 33.060307379214095 1.2
vertex 29.826351822333077 33.01519224698779 0
vertex 29.657979856674352 33.06030737921409 0
endloop
endfacet
facet normal 0.0871557427476759 0.996194698091744 0
outer loop
vertex 29.826351822333052 33.01519224698779 1.2
vertex 30.000000000000007 33 1.2
vertex 29.99999999999998 33 0
endloop
endfacet
facet normal 0.0871557427476759 0.996194698091744 0
outer loop
vertex 29.826351822333052 33.01519224698779 1.2
vertex 29.99999999999998 33 0
vertex 29.826351822333077 33.01519224698779 0
endloop
endfacet
facet normal -0.08715574274765459 0.9961946980917459 0
outer loop
vertex 60 -1 1.2
vertex 60.17364817766692 -0.984807753012209 1.2
vertex 60.173648177666934 -0.9848077530122072 0
endloop
endfacet
facet normal -0.08715574274765459 0.9961946980917459 0
outer loop
vertex 60 -1 1.2
vertex 60.173648177666934 -0.9848077530122072 0
vertex 60 -1 0
endloop
endfacet
facet normal -0.25881904510252335 0.9659258262890675 0
outer loop
vertex 60.17364817766692 -0.984807753012209 1.2
vertex 60.342020143325705 -0.9396926207859018 1.2
vertex 60.34202014332567 -0.9396926207859089 0
endloop
endfacet
facet normal -0.25881904510252335 0.9659258262890675 0
outer loop
vertex 60.17364817766692 -0.984807753012209 1.2
vertex 60.34202014332567 -0.9396926207859089 0
vertex 60.173648177666934 -0.9848077530122072 0
endloop
endfacet
facet normal -0.42261826174070183 0.9063077870366489 0
outer loop
vertex 60.342020143325705 -0.9396926207859018 1.2
vertex 60.499999999999936 -0.8660254037844677 1.2
vertex 60.50000000000002 -0.8660254037844464 0
endloop
endfacet
facet normal -0.42261826174070183 0.9063077870366489 0
outer loop
vertex 60.342020143325705 -0.9396926207859018 1.2
vertex 60.50000000000002 -0.8660254037844464 0
vertex 60.34202014332567 -0.9396926207859089 0
endloop
endfacet
facet normal -0.5735764363510576 0.8191520442889839 0
outer loop
vertex 60.499999999999936 -0.8660254037844677 1.2
vertex 60.64278760968657 -0.7660444431189779 1.2
vertex 60.64278760968654 -0.7660444431189788 0
endloop
endfacet
facet normal -0.5735764363510576 0.8191520442889839 0
outer loop
vertex 60.499999999999936 -0.8660254037844677 1.2
vertex 60.64278760968654 -0.7660444431189788 0
vertex 60.50000000000002 -0.8660254037844464 0
endloop
endfacet
facet normal -0.7071067811865351 0.70710678118656 0
outer loop
vertex 60.64278760968657 -0.7660444431189779 1.2
vertex 60.76604444311893 -0.642787609686593 1.2
vertex 60.766044443118915 -0.642787609686609 0
endloop
endfacet
facet normal -0.7071067811865351 0.70710678118656 0
outer loop
vertex 60.64278760968657 -0.7660444431189779 1.2
vertex 60.766044443118915 -0.642787609686609 0
vertex 60.64278760968654 -0.7660444431189788 0
endloop
endfacet
facet normal -0.8191520442889866 0.5735764363510534 0
outer loop
vertex 60.76604444311893 -0.642787609686593 1.2
vertex 60.86602540378446 -0.4999999999999547 1.2
vertex 60.86602540378444 -0.4999999999999476 0
endloop
endfacet
facet normal -0.8191520442889866 0.5735764363510534 0
outer loop
vertex 60.76604444311893 -0.642787609686593 1.2
vertex 60.86602540378444 -0.4999999999999476 0
vertex 60.766044443118915 -0.642787609686609 0
endloop
endfacet
facet normal -0.9063077870366624 0.4226182617406731 0
outer loop
vertex 60.86602540378446 -0.4999999999999547 1.2
vertex 60.93969262078591 -0.34202014332565867 1.2
vertex 60.939692620785934 -0.34202014332571906 0
endloop
endfacet
facet normal -0.9063077870366624 0.4226182617406731 0
outer loop
vertex 60.86602540378446 -0.4999999999999547 1.2
vertex 60.939692620785934 -0.34202014332571906 0
vertex 60.86602540378444 -0.4999999999999476 0
endloop
endfacet
facet normal -0.9659258262890685 0.2588190451025201 0
outer loop
vertex 60.93969262078591 -0.34202014332565867 1.2
vertex 60.984807753012205 -0.17364817766700202 1.2
vertex 60.984807753012205 -0.17364817766696738 0
endloop
endfacet
facet normal -0.9659258262890685 0.2588190451025201 0
outer loop
vertex 60.93969262078591 -0.34202014332565867 1.2
vertex 60.984807753012205 -0.17364817766696738 0
vertex 60.939692620785934 -0.34202014332571906 0
endloop
endfacet
facet normal -0.996194698091744 0.08715574274767594 0
outer loop
vertex 60.984807753012205 -0.17364817766700202 1.2
vertex 61.00000000000001 1.127986593019159e-13 1.2
vertex 61 8.79296635503124e-14 0
endloop
endfacet
facet normal -0.996194698091744 0.08715574274767594 0
outer loop
vertex 60.984807753012205 -0.17364817766700202 1.2
vertex 61 8.79296635503124e-14 0
vertex 60.984807753012205 -0.17364817766696738 0
endloop
endfacet
facet normal -1 0 0
outer loop
vertex 61 11.99999999999983 1.2
vertex 61 11.999999999999936 0
vertex 61 8.79296635503124e-14 0
endloop
endfacet
facet normal -1 0 0
outer loop
vertex 61 11.99999999999983 1.2
vertex 61 8.79296635503124e-14 0
vertex 61.00000000000001 1.127986593019159e-13 1.2
endloop
endfacet
facet normal -1 0 0
outer loop
vertex 61 29.000000000000014 1.2
vertex 61 29.00000000000003 0
vertex 61 16.99999999999997 0
endloop
endfacet
facet normal -1 0 0
outer loop
vertex 61 29.000000000000014 1.2
vertex 61 16.99999999999997 0
vertex 61 16.9999999999999 1.2
endloop
endfacet
facet normal -1 0 0
outer loop
vertex 61 46.00000000000001 1.2
vertex 61 46.000000000000036 0
vertex 61 34.000000000000036 0
endloop
endfacet
facet normal -1 0 0
outer loop
vertex 61 46.00000000000001 1.2
vertex 61 34.000000000000036 0
vertex 61 34 1.2
endloop
endfacet
facet normal -0.996194698091744 -0.08715574274767586 0
outer loop
vertex 61 11.99999999999983 1.2
vertex 60.9848077530122 12.173648177666896 1.2
vertex 60.98480775301221 12.173648177666964 0
endloop
endfacet
facet normal -0.996194698091744 -0.08715574274767586 0
outer loop
vertex 61 11.99999999999983 1.2
vertex 60.98480775301221 12.173648177666964 0
vertex 61 11.999999999999936 0
endloop
endfacet
facet normal -0.9659258262890686 -0.25881904510251963 0
outer loop
vertex 60.9848077530122 12.173648177666896 1.2
vertex 60.9396926207859 12.342020143325703 1.2
vertex 60.939692620785905 12.342020143325724 0
endloop
endfacet
facet normal -0.9659258262890686 -0.25881904510251963 0
outer loop
vertex 60.9848077530122 12.173648177666896 1.2
vertex 60.939692620785905 12.342020143325724 0
vertex 60.98480775301221 12.173648177666964 0
endloop
endfacet
facet normal -0.906307787036665 -0.4226182617406672 0
outer loop
vertex 60.9396926207859 12.342020143325703 1.2
vertex 60.86602540378447 12.49999999999999 1.2
vertex 60.86602540378442 12.49999999999997 0
endloop
endfacet
facet normal -0.906307787036665 -0.4226182617406672 0
outer loop
vertex 60.9396926207859 12.342020143325703 1.2
vertex 60.86602540378442 12.49999999999997 0
vertex 60.939692620785905 12.342020143325724 0
endloop
endfacet
facet normal -0.8191520442889855 -0.5735764363510552 0
outer loop
vertex 60.86602540378447 12.49999999999999 1.2
vertex 60.76604444311893 12.642787609686565 1.2
vertex 60.76604444311895 12.642787609686588 0
endloop
endfacet
facet normal -0.8191520442889855 -0.5735764363510552 0
outer loop
vertex 60.86602540378447 12.49999999999999 1.2
vertex 60.76604444311895 12.642787609686588 0
vertex 60.86602540378442 12.49999999999997 0
endloop
endfacet
facet normal -0.7071067811865368 -0.7071067811865581 0
outer loop
vertex 60.76604444311893 12.642787609686565 1.2
vertex 60.642787609686515 12.766044443118995 1.2
vertex 60.642787609686586 12.766044443118995 0
endloop
endfacet
facet normal -0.7071067811865368 -0.7071067811865581 0
outer loop
vertex 60.76604444311893 12.642787609686565 1.2
vertex 60.642787609686586 12.766044443118995 0
vertex 60.76604444311895 12.642787609686588 0
endloop
endfacet
facet normal -0.5735764363510552 -0.8191520442889855 0
outer loop
vertex 60.642787609686515 12.766044443118995 1.2
vertex 60.500000000000064 12.86602540378443 1.2
vertex 60.500000000000014 12.866025403784452 0
endloop
endfacet
facet normal -0.5735764363510552 -0.8191520442889855 0
outer loop
vertex 60.642787609686515 12.766044443118995 1.2
vertex 60.500000000000014 12.866025403784452 0
vertex 60.642787609686586 12.766044443118995 0
endloop
endfacet
facet normal -0.4226182617407019 -0.9063077870366489 0
outer loop
vertex 60.500000000000064 12.86602540378443 1.2
vertex 60.34202014332566 12.939692620785905 1.2
vertex 60.34202014332565 12.939692620785907 0
endloop
endfacet
facet normal -0.4226182617407019 -0.9063077870366489 0
outer loop
vertex 60.500000000000064 12.86602540378443 1.2
vertex 60.34202014332565 12.939692620785907 0
vertex 60.500000000000014 12.866025403784452 0
endloop
endfacet
facet normal -0.25881904510251275 -0.9659258262890704 0
outer loop
vertex 60.34202014332566 12.939692620785905 1.2
vertex 60.17364817766692 12.984807753012209 1.2
vertex 60.17364817766694 12.984807753012209 0
endloop
endfacet
facet normal -0.25881904510251275 -0.9659258262890704 0
outer loop
vertex 60.34202014332566 12.939692620785905 1.2
vertex 60.17364817766694 12.984807753012209 0
vertex 60.34202014332565 12.939692620785907 0
endloop
endfacet
facet normal -0.08715574274766169 -0.9961946980917452 0
outer loop
vertex 60.17364817766692 12.984807753012209 1.2
vertex 59.999999999999986 13 1.2
vertex 59.99999999999999 13 0
endloop
endfacet
facet normal -0.08715574274766169 -0.9961946980917452 0
outer loop
vertex 60.17364817766692 12.984807753012209 1.2
vertex 59.99999999999999 13 0
vertex 60.17364817766694 12.984807753012209 0
endloop
endfacet
facet normal 0.08715574274766169 -0.9961946980917452 0
outer loop
vertex 47.999999999999986 13 1.2
vertex 47.82635182233308 12.984807753012209 1.2
vertex 47.82635182233308 12.984807753012209 0
endloop
endfacet
facet normal 0.08715574274766169 -0.9961946980917452 0
outer loop
vertex 47.999999999999986 13 1.2
vertex 47.82635182233308 12.984807753012209 0
vertex 47.99999999999999 13 0
endloop
endfacet
facet normal 0.25881904510251885 -0.9659258262890689 0
outer loop
vertex 47.82635182233308 12.984807753012209 1.2
vertex 47.657979856674324 12.939692620785905 1.2
vertex 47.657979856674324 12.939692620785907 0
endloop
endfacet
facet normal 0.25881904510251885 -0.9659258262890689 0
outer loop
vertex 47.82635182233308 12.984807753012209 1.2
vertex 47.657979856674324 12.939692620785907 0
vertex 47.82635182233308 12.984807753012209 0
endloop
endfacet
facet normal 0.42261826174069583 -0.9063077870366517 0
outer loop
vertex 47.657979856674324 12.939692620785905 1.2
vertex 47.5 12.86602540378443 1.2
vertex 47.50000000000002 12.866025403784452 0
endloop
endfacet
facet normal 0.42261826174069583 -0.9063077870366517 0
outer loop
vertex 47.657979856674324 12.939692620785905 1.2
vertex 47.50000000000002 12.866025403784452 0
vertex 47.657979856674324 12.939692620785907 0
endloop
endfacet
facet normal 0.5735764363510556 -0.8191520442889854 0
outer loop
vertex 47.5 12.86602540378443 1.2
vertex 47.35721239031344 12.766044443118995 1.2
vertex 47.35721239031348 12.766044443118995 0
endloop
endfacet
facet normal 0.5735764363510556 -0.8191520442889854 0
outer loop
vertex 47.5 12.86602540378443 1.2
vertex 47.35721239031348 12.766044443118995 0
vertex 47.50000000000002 12.866025403784452 0
endloop
endfacet
facet normal 0.7071067811865369 -0.7071067811865582 0
outer loop
vertex 47.35721239031344 12.766044443118995 1.2
vertex 47.23395555688102 12.642787609686565 1.2
vertex 47.23395555688105 12.642787609686588 0
endloop
endfacet
facet normal 0.7071067811865369 -0.7071067811865582 0
outer loop
vertex 47.35721239031344 12.766044443118995 1.2
vertex 47.23395555688105 12.642787609686588 0
vertex 47.35721239031348 12.766044443118995 0
endloop
endfacet
facet normal 0.8191520442889866 -0.5735764363510534 0
outer loop
vertex 47.23395555688102 12.642787609686565 1.2
vertex 47.13397459621558 12.49999999999999 1.2
vertex 47.1339745962155 12.49999999999997 0
endloop
endfacet
facet normal 0.8191520442889866 -0.5735764363510534 0
outer loop
vertex 47.23395555688102 12.642787609686565 1.2
vertex 47.1339745962155 12.49999999999997 0
vertex 47.23395555688105 12.642787609686588 0
endloop
endfacet
facet normal 0.9063077870366624 -0.4226182617406731 0
outer loop
vertex 47.13397459621558 12.49999999999999 1.2
vertex 47.060307379214095 12.342020143325703 1.2
vertex 47.060307379214144 12.342020143325724 0
endloop
endfacet
facet normal 0.9063077870366624 -0.4226182617406731 0
outer loop
vertex 47.13397459621558 12.49999999999999 1.2
vertex 47.060307379214144 12.342020143325724 0
vertex 47.1339745962155 12.49999999999997 0
endloop
endfacet
facet normal 0.9659258262890686 -0.25881904510251963 0
outer loop
vertex 47.060307379214095 12.342020143325703 1.2
vertex 47.015192246987795 12.173648177666896 1.2
vertex 47.015192246987795 12.173648177666964 0
endloop
endfacet
facet normal 0.9659258262890686 -0.25881904510251963 0
outer loop
vertex 47.060307379214095 12.342020143325703 1.2
vertex 47.015192246987795 12.173648177666964 0
vertex 47.060307379214144 12.342020143325724 0
endloop
endfacet
facet normal 0.996194698091744 -0.08715574274767586 0
outer loop
vertex 47.015192246987795 12.173648177666896 1.2
vertex 47 11.99999999999983 1.2
vertex 46.99999999999999 11.999999999999936 0
endloop
endfacet
facet normal 0.996194698091744 -0.08715574274767586 0
outer loop
vertex 47.015192246987795 12.173648177666896 1.2
vertex 46.99999999999999 11.999999999999936 0
vertex 47.015192246987795 12.173648177666964 0
endloop
endfacet
facet normal 1 0 0
outer loop
vertex 46.99999999999999 11.999999999999936 0
vertex 47 11.99999999999983 1.2
vertex 47 1.127986593019159e-13 1.2
endloop
endfacet
facet normal 1 0 0
outer loop
vertex 46.99999999999999 11.999999999999936 0
vertex 47 1.127986593019159e-13 1.2
vertex 47 8.79296635503124e-14 0
endloop
endfacet
facet normal 1 0 0
outer loop
vertex 47 29.00000000000003 0
vertex 47 29.000000000000014 1.2
vertex 47 16.9999999999999 1.2
endloop
endfacet
facet normal 1 0 0
outer loop
vertex 47 29.00000000000003 0
vertex 47 16.9999999999999 1.2
vertex 47 16.99999999999997 0
endloop
endfacet
facet normal 1 0 0
outer loop
vertex 47 46.000000000000036 0
vertex 47 46.00000000000001 1.2
vertex 47 34 1.2
endloop
endfacet
facet normal 1 0 0
outer loop
vertex 47 46.000000000000036 0
vertex 47 34 1.2
vertex 47 34.000000000000036 0
endloop
endfacet
facet normal 0.996194698091744 0.0871557427476759 0
outer loop
vertex 47 1.127986593019159e-13 1.2
vertex 47.01519224698781 -0.17364817766700202 1.2
vertex 47.01519224698781 -0.17364817766696738 0
endloop
endfacet
facet normal 0.996194698091744 0.0871557427476759 0
outer loop
vertex 47 1.127986593019159e-13 1.2
vertex 47.01519224698781 -0.17364817766696738 0
vertex 47 8.79296635503124e-14 0
endloop
endfacet
facet normal 0.9659258262890685 0.2588190451025201 0
outer loop
vertex 47.01519224698781 -0.17364817766700202 1.2
vertex 47.06030737921409 -0.34202014332565867 1.2
vertex 47.06030737921411 -0.34202014332571906 0
endloop
endfacet
facet normal 0.9659258262890685 0.2588190451025201 0
outer loop
vertex 47.01519224698781 -0.17364817766700202 1.2
vertex 47.06030737921411 -0.34202014332571906 0
vertex 47.01519224698781 -0.17364817766696738 0
endloop
endfacet
facet normal 0.9063077870366624 0.4226182617406731 0
outer loop
vertex 47.06030737921409 -0.34202014332565867 1.2
vertex 47.13397459621553 -0.4999999999999547 1.2
vertex 47.13397459621553 -0.4999999999999476 0
endloop
endfacet
facet normal 0.9063077870366624 0.4226182617406731 0
outer loop
vertex 47.06030737921409 -0.34202014332565867 1.2
vertex 47.13397459621553 -0.4999999999999476 0
vertex 47.06030737921411 -0.34202014332571906 0
endloop
endfacet
facet normal 0.8191520442889866 0.5735764363510534 0
outer loop
vertex 47.13397459621553 -0.4999999999999547 1.2
vertex 47.23395555688103 -0.642787609686593 1.2
vertex 47.23395555688108 -0.642787609686609 0
endloop
endfacet
facet normal 0.8191520442889866 0.5735764363510534 0
outer loop
vertex 47.13397459621553 -0.4999999999999547 1.2
vertex 47.23395555688108 -0.642787609686609 0
vertex 47.13397459621553 -0.4999999999999476 0
endloop
endfacet
facet normal 0.7071067811865351 0.70710678118656 0
outer loop
vertex 47.23395555688103 -0.642787609686593 1.2
vertex 47.357212390313485 -0.7660444431189779 1.2
vertex 47.35721239031344 -0.7660444431189788 0
endloop
endfacet
facet normal 0.7071067811865351 0.70710678118656 0
outer loop
vertex 47.23395555688103 -0.642787609686593 1.2
vertex 47.35721239031344 -0.7660444431189788 0
vertex 47.23395555688108 -0.642787609686609 0
endloop
endfacet
facet normal 0.5735764363510534 0.8191520442889866 0
outer loop
vertex 47.357212390313485 -0.7660444431189779 1.2
vertex 47.49999999999999 -0.8660254037844677 1.2
vertex 47.500000000000014 -0.8660254037844464 0
endloop
endfacet
facet normal 0.5735764363510534 0.8191520442889866 0
outer loop
vertex 47.357212390313485 -0.7660444431189779 1.2
vertex 47.500000000000014 -0.8660254037844464 0
vertex 47.35721239031344 -0.7660444431189788 0
endloop
endfacet
facet normal 0.4226182617406982 0.9063077870366505 0
outer loop
vertex 47.49999999999999 -0.8660254037844677 1.2
vertex 47.65797985667434 -0.9396926207859018 1.2
vertex 47.65797985667431 -0.9396926207859089 0
endloop
endfacet
facet normal 0.4226182617406982 0.9063077870366505 0
outer loop
vertex 47.49999999999999 -0.8660254037844677 1.2
vertex 47.65797985667431 -0.9396926207859089 0
vertex 47.500000000000014 -0.8660254037844464 0
endloop
endfacet
facet normal 0.2588190451025251 0.9659258262890671 0
outer loop
vertex 47.65797985667434 -0.9396926207859018 1.2
vertex 47.82635182233306 -0.984807753012209 1.2
vertex 47.82635182233306 -0.9848077530122072 0
endloop
endfacet
facet normal 0.2588190451025251 0.9659258262890671 0
outer loop
vertex 47.65797985667434 -0.9396926207859018 1.2
vertex 47.82635182233306 -0.9848077530122072 0
vertex 47.65797985667431 -0.9396926207859089 0
endloop
endfacet
facet normal 0.08715574274765592 0.9961946980917458 0
outer loop
vertex 47.82635182233306 -0.984807753012209 1.2
vertex 48.00000000000001 -1 1.2
vertex 47.999999999999986 -1 0
endloop
endfacet
facet normal 0.08715574274765592 0.9961946980917458 0
outer loop
vertex 47.82635182233306 -0.984807753012209 1.2
vertex 47.999999999999986 -1 0
vertex 47.82635182233306 -0.9848077530122072 0
endloop
endfacet
facet normal -0.08715574274765103 0.9961946980917462 0
outer loop
vertex 60.000000000000014 16 1.2
vertex 60.17364817766695 16.01519224698779 1.2
vertex 60.17364817766692 16.01519224698779 0
endloop
endfacet
facet normal -0.08715574274765103 0.9961946980917462 0
outer loop
vertex 60.000000000000014 16 1.2
vertex 60.17364817766692 16.01519224698779 0
vertex 60.00000000000002 16 0
endloop
endfacet
facet normal -0.25881904510252535 0.9659258262890671 0
outer loop
vertex 60.17364817766695 16.01519224698779 1.2
vertex 60.34202014332565 16.060307379214088 1.2
vertex 60.342020143325655 16.060307379214077 0
endloop
endfacet
facet normal -0.25881904510252535 0.9659258262890671 0
outer loop
vertex 60.17364817766695 16.01519224698779 1.2
vertex 60.342020143325655 16.060307379214077 0
vertex 60.17364817766692 16.01519224698779 0
endloop
endfacet
facet normal -0.42261826174070904 0.9063077870366456 0
outer loop
vertex 60.34202014332565 16.060307379214088 1.2
vertex 60.50000000000002 16.13397459621557 1.2
vertex 60.49999999999998 16.133974596215566 0
endloop
endfacet
facet normal -0.42261826174070904 0.9063077870366456 0
outer loop
vertex 60.34202014332565 16.060307379214088 1.2
vertex 60.49999999999998 16.133974596215566 0
vertex 60.342020143325655 16.060307379214077 0
endloop
endfacet
facet normal -0.573576436351047 0.8191520442889911 0
outer loop
vertex 60.50000000000002 16.13397459621557 1.2
vertex 60.64278760968648 16.233955556881003 1.2
vertex 60.64278760968652 16.23395555688104 0
endloop
endfacet
facet normal -0.573576436351047 0.8191520442889911 0
outer loop
vertex 60.50000000000002 16.13397459621557 1.2
vertex 60.64278760968652 16.23395555688104 0
vertex 60.49999999999998 16.133974596215566 0
endloop
endfacet
facet normal -0.707106781186535 0.7071067811865599 0
outer loop
vertex 60.64278760968648 16.233955556881003 1.2
vertex 60.76604444311901 16.357212390313485 1.2
vertex 60.76604444311901 16.35721239031343 0
endloop
endfacet
facet normal -0.707106781186535 0.7071067811865599 0
outer loop
vertex 60.64278760968648 16.233955556881003 1.2
vertex 60.76604444311901 16.35721239031343 0
vertex 60.64278760968652 16.23395555688104 0
endloop
endfacet
facet normal -0.8191520442889866 0.5735764363510534 0
outer loop
vertex 60.76604444311901 16.357212390313485 1.2
vertex 60.86602540378444 16.499999999999968 1.2
vertex 60.86602540378442 16.500000000000025 0
endloop
endfacet
facet normal -0.8191520442889866 0.5735764363510534 0
outer loop
vertex 60.76604444311901 16.357212390313485 1.2
vertex 60.86602540378442 16.500000000000025 0
vertex 60.76604444311901 16.35721239031343 0
endloop
endfacet
facet normal -0.9063077870366624 0.4226182617406731 0
outer loop
vertex 60.86602540378444 16.499999999999968 1.2
vertex 60.939692620785934 16.657979856674373 1.2
vertex 60.93969262078591 16.65797985667428 0
endloop
endfacet
facet normal -0.9063077870366624 0.4226182617406731 0
outer loop
vertex 60.86602540378444 16.499999999999968 1.2
vertex 60.93969262078591 16.65797985667428 0
vertex 60.86602540378442 16.500000000000025 0
endloop
endfacet
facet normal -0.9659258262890685 0.2588190451025201 0
outer loop
vertex 60.939692620785934 16.657979856674373 1.2
vertex 60.984807753012205 16.826351822333063 1.2
vertex 60.984807753012205 16.82635182233309 0
endloop
endfacet
facet normal -0.9659258262890685 0.2588190451025201 0
outer loop
vertex 60.939692620785934 16.657979856674373 1.2
vertex 60.984807753012205 16.82635182233309 0
vertex 60.93969262078591 16.65797985667428 0
endloop
endfacet
facet normal -0.996194698091744 0.08715574274767594 0
outer loop
vertex 60.984807753012205 16.826351822333063 1.2
vertex 61 16.9999999999999 1.2
vertex 61 16.99999999999997 0
endloop
endfacet
facet normal -0.996194698091744 0.08715574274767594 0
outer loop
vertex 60.984807753012205 16.826351822333063 1.2
vertex 61 16.99999999999997 0
vertex 60.984807753012205 16.82635182233309 0
endloop
endfacet
facet normal -0.9961946980917447 -0.08715574274766881 0
outer loop
vertex 61 29.000000000000014 1.2
vertex 60.984807753012205 29.173648177666923 1.2
vertex 60.98480775301221 29.173648177666927 0
endloop
endfacet
facet normal -0.9961946980917447 -0.08715574274766881 0
outer loop
vertex 61 29.000000000000014 1.2
vertex 60.98480775301221 29.173648177666927 0
vertex 61 29.00000000000003 0
endloop
endfacet
facet normal -0.9659258262890704 -0.25881904510251297 0
outer loop
vertex 60.984807753012205 29.173648177666923 1.2
vertex 60.9396926207859 29.342020143325705 1.2
vertex 60.93969262078589 29.34202014332569 0
endloop
endfacet
facet normal -0.9659258262890704 -0.25881904510251297 0
outer loop
vertex 60.984807753012205 29.173648177666923 1.2
vertex 60.93969262078589 29.34202014332569 0
vertex 60.98480775301221 29.173648177666927 0
endloop
endfacet
facet normal -0.906307787036659 -0.4226182617406803 0
outer loop
vertex 60.9396926207859 29.342020143325705 1.2
vertex 60.86602540378448 29.499999999999968 1.2
vertex 60.866025403784434 29.50000000000003 0
endloop
endfacet
facet normal -0.906307787036659 -0.4226182617406803 0
outer loop
vertex 60.9396926207859 29.342020143325705 1.2
vertex 60.866025403784434 29.50000000000003 0
vertex 60.93969262078589 29.34202014332569 0
endloop
endfacet
facet normal -0.8191520442889911 -0.573576436351047 0
outer loop
vertex 60.86602540378448 29.499999999999968 1.2
vertex 60.76604444311893 29.642787609686597 1.2
vertex 60.76604444311899 29.642787609686554 0
endloop
endfacet
facet normal -0.8191520442889911 -0.573576436351047 0
outer loop
vertex 60.86602540378448 29.499999999999968 1.2
vertex 60.76604444311899 29.642787609686554 0
vertex 60.866025403784434 29.50000000000003 0
endloop
endfacet
facet normal -0.7071067811865404 -0.7071067811865546 0
outer loop
vertex 60.76604444311893 29.642787609686597 1.2
vertex 60.64278760968654 29.766044443118968 1.2
vertex 60.64278760968652 29.76604444311897 0
endloop
endfacet
facet normal -0.7071067811865404 -0.7071067811865546 0
outer loop
vertex 60.76604444311893 29.642787609686597 1.2
vertex 60.64278760968652 29.76604444311897 0
vertex 60.76604444311899 29.642787609686554 0
endloop
endfacet
facet normal -0.573576436351047 -0.8191520442889911 0
outer loop
vertex 60.64278760968654 29.766044443118968 1.2
vertex 60.49999999999999 29.866025403784434 1.2
vertex 60.50000000000002 29.86602540378444 0
endloop
endfacet
facet normal -0.573576436351047 -0.8191520442889911 0
outer loop
vertex 60.64278760968654 29.766044443118968 1.2
vertex 60.50000000000002 29.86602540378444 0
vertex 60.64278760968652 29.76604444311897 0
endloop
endfacet
facet normal -0.42261826174070904 -0.9063077870366456 0
outer loop
vertex 60.49999999999999 29.866025403784434 1.2
vertex 60.34202014332568 29.939692620785905 1.2
vertex 60.34202014332566 29.93969262078591 0
endloop
endfacet
facet normal -0.42261826174070904 -0.9063077870366456 0
outer loop
vertex 60.49999999999999 29.866025403784434 1.2
vertex 60.34202014332566 29.93969262078591 0
vertex 60.50000000000002 29.86602540378444 0
endloop
endfacet
facet normal -0.2588190451025267 -0.9659258262890666 0
outer loop
vertex 60.34202014332568 29.939692620785905 1.2
vertex 60.17364817766691 29.984807753012213 1.2
vertex 60.173648177666934 29.98480775301221 0
endloop
endfacet
facet normal -0.2588190451025267 -0.9659258262890666 0
outer loop
vertex 60.34202014332568 29.939692620785905 1.2
vertex 60.173648177666934 29.98480775301221 0
vertex 60.34202014332566 29.93969262078591 0
endloop
endfacet
facet normal -0.0871557427476546 -0.996194698091746 0
outer loop
vertex 60.17364817766691 29.984807753012213 1.2
vertex 59.999999999999986 30 1.2
vertex 59.99999999999997 30 0
endloop
endfacet
facet normal -0.0871557427476546 -0.996194698091746 0
outer loop
vertex 60.17364817766691 29.984807753012213 1.2
vertex 59.99999999999997 30 0
vertex 60.173648177666934 29.98480775301221 0
endloop
endfacet
facet normal 0.08715574274765103 -0.9961946980917462 0
outer loop
vertex 47.99999999999996 30 1.2
vertex 47.82635182233308 29.984807753012213 1.2
vertex 47.826351822333045 29.98480775301221 0
endloop
endfacet
facet normal 0.08715574274765103 -0.9961946980917462 0
outer loop
vertex 47.99999999999996 30 1.2
vertex 47.826351822333045 29.98480775301221 0
vertex 47.99999999999997 30 0
endloop
endfacet
facet normal 0.2588190451025269 -0.9659258262890666 0
outer loop
vertex 47.82635182233308 29.984807753012213 1.2
vertex 47.65797985667435 29.939692620785905 1.2
vertex 47.65797985667434 29.93969262078591 0
endloop
endfacet
facet normal 0.2588190451025269 -0.9659258262890666 0
outer loop
vertex 47.82635182233308 29.984807753012213 1.2
vertex 47.65797985667434 29.93969262078591 0
vertex 47.826351822333045 29.98480775301221 0
endloop
endfacet
facet normal 0.42261826174070904 -0.9063077870366456 0
outer loop
vertex 47.65797985667435 29.939692620785905 1.2
vertex 47.499999999999986 29.866025403784434 1.2
vertex 47.5 29.86602540378444 0
endloop
endfacet
facet normal 0.42261826174070904 -0.9063077870366456 0
outer loop
vertex 47.65797985667435 29.939692620785905 1.2
vertex 47.5 29.86602540378444 0
vertex 47.65797985667434 29.93969262078591 0
endloop
endfacet
facet normal 0.5735764363510469 -0.8191520442889911 0
outer loop
vertex 47.499999999999986 29.866025403784434 1.2
vertex 47.35721239031347 29.766044443118968 1.2
vertex 47.357212390313435 29.76604444311897 0
endloop
endfacet
facet normal 0.5735764363510469 -0.8191520442889911 0
outer loop
vertex 47.499999999999986 29.866025403784434 1.2
vertex 47.357212390313435 29.76604444311897 0
vertex 47.5 29.86602540378444 0
endloop
endfacet
facet normal 0.7071067811865351 -0.70710678118656 0
outer loop
vertex 47.35721239031347 29.766044443118968 1.2
vertex 47.23395555688102 29.642787609686597 1.2
vertex 47.23395555688105 29.642787609686554 0
endloop
endfacet
facet normal 0.7071067811865351 -0.70710678118656 0
outer loop
vertex 47.35721239031347 29.766044443118968 1.2
vertex 47.23395555688105 29.642787609686554 0
vertex 47.357212390313435 29.76604444311897 0
endloop
endfacet
facet normal 0.8191520442889912 -0.573576436351047 0
outer loop
vertex 47.23395555688102 29.642787609686597 1.2
vertex 47.13397459621557 29.499999999999968 1.2
vertex 47.133974596215566 29.50000000000003 0
endloop
endfacet
facet normal 0.8191520442889912 -0.573576436351047 0
outer loop
vertex 47.23395555688102 29.642787609686597 1.2
vertex 47.133974596215566 29.50000000000003 0
vertex 47.23395555688105 29.642787609686554 0
endloop
endfacet
facet normal 0.906307787036659 -0.42261826174068023 0
outer loop
vertex 47.13397459621557 29.499999999999968 1.2
vertex 47.06030737921408 29.342020143325705 1.2
vertex 47.060307379214095 29.34202014332569 0
endloop
endfacet
facet normal 0.906307787036659 -0.42261826174068023 0
outer loop
vertex 47.13397459621557 29.499999999999968 1.2
vertex 47.060307379214095 29.34202014332569 0
vertex 47.133974596215566 29.50000000000003 0
endloop
endfacet
facet normal 0.9659258262890685 -0.2588190451025201 0
outer loop
vertex 47.06030737921408 29.342020143325705 1.2
vertex 47.01519224698781 29.173648177666923 1.2
vertex 47.01519224698779 29.173648177666927 0
endloop
endfacet
facet normal 0.9659258262890685 -0.2588190451025201 0
outer loop
vertex 47.06030737921408 29.342020143325705 1.2
vertex 47.01519224698779 29.173648177666927 0
vertex 47.060307379214095 29.34202014332569 0
endloop
endfacet
facet normal 0.996194698091744 -0.0871557427476759 0
outer loop
vertex 47.01519224698781 29.173648177666923 1.2
vertex 47 29.000000000000014 1.2
vertex 47 29.00000000000003 0
endloop
endfacet
facet normal 0.996194698091744 -0.0871557427476759 0
outer loop
vertex 47.01519224698781 29.173648177666923 1.2
vertex 47 29.00000000000003 0
vertex 47.01519224698779 29.173648177666927 0
endloop
endfacet
facet normal 0.996194698091744 0.0871557427476759 0
outer loop
vertex 47 16.9999999999999 1.2
vertex 47.0151922469878 16.826351822333063 1.2
vertex 47.01519224698779 16.82635182233309 0
endloop
endfacet
facet normal 0.996194698091744 0.0871557427476759 0
outer loop
vertex 47 16.9999999999999 1.2
vertex 47.01519224698779 16.82635182233309 0
vertex 47 16.99999999999997 0
endloop
endfacet
facet normal 0.9659258262890685 0.2588190451025201 0
outer loop
vertex 47.0151922469878 16.826351822333063 1.2
vertex 47.06030737921406 16.657979856674373 1.2
vertex 47.060307379214116 16.65797985667428 0
endloop
endfacet
facet normal 0.9659258262890685 0.2588190451025201 0
outer loop
vertex 47.0151922469878 16.826351822333063 1.2
vertex 47.060307379214116 16.65797985667428 0
vertex 47.01519224698779 16.82635182233309 0
endloop
endfacet
facet normal 0.9063077870366624 0.4226182617406731 0
outer loop
vertex 47.06030737921406 16.657979856674373 1.2
vertex 47.13397459621557 16.499999999999968 1.2
vertex 47.133974596215516 16.500000000000025 0
endloop
endfacet
facet normal 0.9063077870366624 0.4226182617406731 0
outer loop
vertex 47.06030737921406 16.657979856674373 1.2
vertex 47.133974596215516 16.500000000000025 0
vertex 47.060307379214116 16.65797985667428 0
endloop
endfacet
facet normal 0.8191520442889866 0.5735764363510534 0
outer loop
vertex 47.13397459621557 16.499999999999968 1.2
vertex 47.23395555688099 16.357212390313485 1.2
vertex 47.233955556881085 16.35721239031343 0
endloop
endfacet
facet normal 0.8191520442889866 0.5735764363510534 0
outer loop
vertex 47.13397459621557 16.499999999999968 1.2
vertex 47.233955556881085 16.35721239031343 0
vertex 47.133974596215516 16.500000000000025 0
endloop
endfacet
facet normal 0.7071067811865386 0.7071067811865563 0
outer loop
vertex 47.23395555688099 16.357212390313485 1.2
vertex 47.3572123903135 16.233955556881003 1.2
vertex 47.35721239031342 16.23395555688104 0
endloop
endfacet
facet normal 0.7071067811865386 0.7071067811865563 0
outer loop
vertex 47.23395555688099 16.357212390313485 1.2
vertex 47.35721239031342 16.23395555688104 0
vertex 47.233955556881085 16.35721239031343 0
endloop
endfacet
facet normal 0.573576436351047 0.8191520442889911 0
outer loop
vertex 47.3572123903135 16.233955556881003 1.2
vertex 47.499999999999964 16.13397459621557 1.2
vertex 47.50000000000001 16.133974596215566 0
endloop
endfacet
facet normal 0.573576436351047 0.8191520442889911 0
outer loop
vertex 47.3572123903135 16.233955556881003 1.2
vertex 47.50000000000001 16.133974596215566 0
vertex 47.35721239031342 16.23395555688104 0
endloop
endfacet
facet normal 0.4226182617407126 0.9063077870366438 0
outer loop
vertex 47.499999999999964 16.13397459621557 1.2
vertex 47.65797985667437 16.060307379214088 1.2
vertex 47.65797985667435 16.060307379214077 0
endloop
endfacet
facet normal 0.4226182617407126 0.9063077870366438 0
outer loop
vertex 47.499999999999964 16.13397459621557 1.2
vertex 47.65797985667435 16.060307379214077 0
vertex 47.50000000000001 16.133974596215566 0
endloop
endfacet
facet normal 0.2588190451025269 0.9659258262890666 0
outer loop
vertex 47.65797985667437 16.060307379214088 1.2
vertex 47.826351822333045 16.01519224698779 1.2
vertex 47.826351822333045 16.01519224698779 0
endloop
endfacet
facet normal 0.2588190451025269 0.9659258262890666 0
outer loop
vertex 47.65797985667437 16.060307379214088 1.2
vertex 47.826351822333045 16.01519224698779 0
vertex 47.65797985667435 16.060307379214077 0
endloop
endfacet
facet normal 0.08715574274765103 0.9961946980917462 0
outer loop
vertex 47.826351822333045 16.01519224698779 1.2
vertex 47.999999999999986 16 1.2
vertex 47.99999999999999 16 0
endloop
endfacet
facet normal 0.08715574274765103 0.9961946980917462 0
outer loop
vertex 47.826351822333045 16.01519224698779 1.2
vertex 47.99999999999999 16 0
vertex 47.826351822333045 16.01519224698779 0
endloop
endfacet
facet normal -0.08715574274767235 0.9961946980917444 0
outer loop
vertex 60.00000000000003 33 1.2
vertex 60.173648177666884 33.01519224698779 1.2
vertex 60.17364817766692 33.01519224698779 0
endloop
endfacet
facet normal -0.08715574274767235 0.9961946980917444 0
outer loop
vertex 60.00000000000003 33 1.2
vertex 60.17364817766692 33.01519224698779 0
vertex 60.000000000000036 33 0
endloop
endfacet
facet normal -0.25881904510252857 0.9659258262890662 0
outer loop
vertex 60.173648177666884 33.01519224698779 1.2
vertex 60.342020143325676 33.060307379214095 1.2
vertex 60.34202014332567 33.06030737921409 0
endloop
endfacet
facet normal -0.25881904510252857 0.9659258262890662 0
outer loop
vertex 60.173648177666884 33.01519224698779 1.2
vertex 60.34202014332567 33.06030737921409 0
vertex 60.17364817766692 33.01519224698779 0
endloop
endfacet
facet normal -0.42261826174067174 0.9063077870366629 0
outer loop
vertex 60.342020143325676 33.060307379214095 1.2
vertex 60.500000000000014 33.13397459621556 1.2
vertex 60.50000000000001 33.13397459621555 0
endloop
endfacet
facet normal -0.42261826174067174 0.9063077870366629 0
outer loop
vertex 60.342020143325676 33.060307379214095 1.2
vertex 60.50000000000001 33.13397459621555 0
vertex 60.34202014332567 33.06030737921409 0
endloop
endfacet
facet normal -0.5735764363510601 0.8191520442889819 0
outer loop
vertex 60.500000000000014 33.13397459621556 1.2
vertex 60.64278760968652 33.233955556881014 1.2
vertex 60.64278760968656 33.233955556881014 0
endloop
endfacet
facet normal -0.5735764363510601 0.8191520442889819 0
outer loop
vertex 60.500000000000014 33.13397459621556 1.2
vertex 60.64278760968656 33.233955556881014 0
vertex 60.50000000000001 33.13397459621555 0
endloop
endfacet
facet normal -0.7071067811865476 0.7071067811865476 0
outer loop
vertex 60.64278760968652 33.233955556881014 1.2
vertex 60.76604444311901 33.35721239031348 1.2
vertex 60.76604444311896 33.35721239031349 0
endloop
endfacet
facet normal -0.7071067811865476 0.7071067811865476 0
outer loop
vertex 60.64278760968652 33.233955556881014 1.2
vertex 60.76604444311896 33.35721239031349 0
vertex 60.64278760968656 33.233955556881014 0
endloop
endfacet
facet normal -0.8191520442889809 0.5735764363510615 0
outer loop
vertex 60.76604444311901 33.35721239031348 1.2
vertex 60.86602540378442 33.499999999999986 1.2
vertex 60.866025403784434 33.49999999999994 0
endloop
endfacet
facet normal -0.8191520442889809 0.5735764363510615 0
outer loop
vertex 60.76604444311901 33.35721239031348 1.2
vertex 60.866025403784434 33.49999999999994 0
vertex 60.76604444311896 33.35721239031349 0
endloop
endfacet
facet normal -0.9063077870366624 0.422618261740673 0
outer loop
vertex 60.86602540378442 33.499999999999986 1.2
vertex 60.9396926207859 33.657979856674324 1.2
vertex 60.93969262078591 33.65797985667435 0
endloop
endfacet
facet normal -0.9063077870366624 0.422618261740673 0
outer loop
vertex 60.86602540378442 33.499999999999986 1.2
vertex 60.93969262078591 33.65797985667435 0
vertex 60.866025403784434 33.49999999999994 0
endloop
endfacet
facet normal -0.9659258262890666 0.2588190451025271 0
outer loop
vertex 60.9396926207859 33.657979856674324 1.2
vertex 60.9848077530122 33.82635182233306 1.2
vertex 60.984807753012205 33.82635182233303 0
endloop
endfacet
facet normal -0.9659258262890666 0.2588190451025271 0
outer loop
vertex 60.9396926207859 33.657979856674324 1.2
vertex 60.984807753012205 33.82635182233303 0
vertex 60.93969262078591 33.65797985667435 0
endloop
endfacet
facet normal -0.9961946980917447 0.08715574274766881 0
outer loop
vertex 60.9848077530122 33.82635182233306 1.2
vertex 61 34 1.2
vertex 61 34.000000000000036 0
endloop
endfacet
facet normal -0.9961946980917447 0.08715574274766881 0
outer loop
vertex 60.9848077530122 33.82635182233306 1.2
vertex 61 34.000000000000036 0
vertex 60.984807753012205 33.82635182233303 0
endloop
endfacet
facet normal -0.9961946980917447 -0.08715574274766881 0
outer loop
vertex 61 46.00000000000001 1.2
vertex 60.984807753012205 46.17364817766693 1.2
vertex 60.9848077530122 46.173648177666905 0
endloop
endfacet
facet normal -0.9961946980917447 -0.08715574274766881 0
outer loop
vertex 61 46.00000000000001 1.2
vertex 60.9848077530122 46.173648177666905 0
vertex 61 46.000000000000036 0
endloop
endfacet
facet normal -0.9659258262890704 -0.25881904510251297 0
outer loop
vertex 60.984807753012205 46.17364817766693 1.2
vertex 60.939692620785905 46.342020143325676 1.2
vertex 60.93969262078591 46.34202014332567 0
endloop
endfacet
facet normal -0.9659258262890704 -0.25881904510251297 0
outer loop
vertex 60.984807753012205 46.17364817766693 1.2
vertex 60.93969262078591 46.34202014332567 0
vertex 60.9848077530122 46.173648177666905 0
endloop
endfacet
facet normal -0.9063077870366583 -0.42261826174068157 0
outer loop
vertex 60.939692620785905 46.342020143325676 1.2
vertex 60.86602540378447 46.49999999999997 1.2
vertex 60.86602540378448 46.5 0
endloop
endfacet
facet normal -0.9063077870366583 -0.42261826174068157 0
outer loop
vertex 60.939692620785905 46.342020143325676 1.2
vertex 60.86602540378448 46.5 0
vertex 60.93969262078591 46.34202014332567 0
endloop
endfacet
facet normal -0.8191520442889821 -0.5735764363510598 0
outer loop
vertex 60.86602540378447 46.49999999999997 1.2
vertex 60.76604444311896 46.642787609686565 1.2
vertex 60.76604444311892 46.64278760968654 0
endloop
endfacet
facet normal -0.8191520442889821 -0.5735764363510598 0
outer loop
vertex 60.86602540378447 46.49999999999997 1.2
vertex 60.76604444311892 46.64278760968654 0
vertex 60.86602540378448 46.5 0
endloop
endfacet
facet normal -0.7071067811865511 -0.707106781186544 0
outer loop
vertex 60.76604444311896 46.642787609686565 1.2
vertex 60.64278760968661 46.76604444311895 1.2
vertex 60.64278760968653 46.76604444311897 0
endloop
endfacet
facet normal -0.7071067811865511 -0.707106781186544 0
outer loop
vertex 60.76604444311896 46.642787609686565 1.2
vertex 60.64278760968653 46.76604444311897 0
vertex 60.76604444311892 46.64278760968654 0
endloop
endfacet
facet normal -0.5735764363510599 -0.8191520442889821 0
outer loop
vertex 60.64278760968661 46.76604444311895 1.2
vertex 60.49999999999989 46.86602540378447 1.2
vertex 60.50000000000003 46.866025403784455 0
endloop
endfacet
facet normal -0.5735764363510599 -0.8191520442889821 0
outer loop
vertex 60.64278760968661 46.76604444311895 1.2
vertex 60.50000000000003 46.866025403784455 0
vertex 60.64278760968653 46.76604444311897 0
endloop
endfacet
facet normal -0.4226182617406731 -0.9063077870366624 0
outer loop
vertex 60.49999999999989 46.86602540378447 1.2
vertex 60.342020143325705 46.939692620785905 1.2
vertex 60.3420201433257 46.93969262078591 0
endloop
endfacet
facet normal -0.4226182617406731 -0.9063077870366624 0
outer loop
vertex 60.49999999999989 46.86602540378447 1.2
vertex 60.3420201433257 46.93969262078591 0
vertex 60.50000000000003 46.866025403784455 0
endloop
endfacet
facet normal -0.2588190451025271 -0.9659258262890666 0
outer loop
vertex 60.342020143325705 46.939692620785905 1.2
vertex 60.17364817766698 46.98480775301219 1.2
vertex 60.17364817766693 46.984807753012205 0
endloop
endfacet
facet normal -0.2588190451025271 -0.9659258262890666 0
outer loop
vertex 60.342020143325705 46.939692620785905 1.2
vertex 60.17364817766693 46.984807753012205 0
vertex 60.3420201433257 46.93969262078591 0
endloop
endfacet
facet normal -0.08715574274766881 -0.9961946980917447 0
outer loop
vertex 60.17364817766698 46.98480775301219 1.2
vertex 59.99999999999995 47 1.2
vertex 60.00000000000001 47 0
endloop
endfacet
facet normal -0.08715574274766881 -0.9961946980917447 0
outer loop
vertex 60.17364817766698 46.98480775301219 1.2
vertex 60.00000000000001 47 0
vertex 60.17364817766693 46.984807753012205 0
endloop
endfacet
facet normal 0.08715574274766877 -0.9961946980917447 0
outer loop
vertex 47.99999999999997 47 1.2
vertex 47.82635182233313 46.98480775301219 1.2
vertex 47.82635182233308 46.984807753012205 0
endloop
endfacet
facet normal 0.08715574274766877 -0.9961946980917447 0
outer loop
vertex 47.99999999999997 47 1.2
vertex 47.82635182233308 46.984807753012205 0
vertex 48.00000000000003 47 0
endloop
endfacet
facet normal 0.2588190451025271 -0.9659258262890666 0
outer loop
vertex 47.82635182233313 46.98480775301219 1.2
vertex 47.65797985667428 46.939692620785905 1.2
vertex 47.65797985667439 46.93969262078591 0
endloop
endfacet
facet normal 0.2588190451025271 -0.9659258262890666 0
outer loop
vertex 47.82635182233313 46.98480775301219 1.2
vertex 47.65797985667439 46.93969262078591 0
vertex 47.82635182233308 46.984807753012205 0
endloop
endfacet
facet normal 0.42261826174067013 -0.9063077870366637 0
outer loop
vertex 47.65797985667428 46.939692620785905 1.2
vertex 47.499999999999986 46.86602540378447 1.2
vertex 47.49999999999998 46.866025403784455 0
endloop
endfacet
facet normal 0.42261826174067013 -0.9063077870366637 0
outer loop
vertex 47.65797985667428 46.939692620785905 1.2
vertex 47.49999999999998 46.866025403784455 0
vertex 47.65797985667439 46.93969262078591 0
endloop
endfacet
facet normal 0.5735764363510611 -0.8191520442889813 0
outer loop
vertex 47.499999999999986 46.86602540378447 1.2
vertex 47.35721239031344 46.76604444311895 1.2
vertex 47.357212390313414 46.76604444311897 0
endloop
endfacet
facet normal 0.5735764363510611 -0.8191520442889813 0
outer loop
vertex 47.499999999999986 46.86602540378447 1.2
vertex 47.357212390313414 46.76604444311897 0
vertex 47.49999999999998 46.866025403784455 0
endloop
endfacet
facet normal 0.7071067811865493 -0.7071067811865457 0
outer loop
vertex 47.35721239031344 46.76604444311895 1.2
vertex 47.233955556881035 46.642787609686565 1.2
vertex 47.23395555688105 46.64278760968654 0
endloop
endfacet
facet normal 0.7071067811865493 -0.7071067811865457 0
outer loop
vertex 47.35721239031344 46.76604444311895 1.2
vertex 47.23395555688105 46.64278760968654 0
vertex 47.357212390313414 46.76604444311897 0
endloop
endfacet
facet normal 0.8191520442889813 -0.5735764363510611 0
outer loop
vertex 47.233955556881035 46.642787609686565 1.2
vertex 47.13397459621558 46.49999999999997 1.2
vertex 47.13397459621556 46.5 0
endloop
endfacet
facet normal 0.8191520442889813 -0.5735764363510611 0
outer loop
vertex 47.233955556881035 46.642787609686565 1.2
vertex 47.13397459621556 46.5 0
vertex 47.23395555688105 46.64278760968654 0
endloop
endfacet
facet normal 0.9063077870366606 -0.4226182617406766 0
outer loop
vertex 47.13397459621558 46.49999999999997 1.2
vertex 47.0603073792141 46.342020143325676 1.2
vertex 47.060307379214095 46.34202014332567 0
endloop
endfacet
facet normal 0.9063077870366606 -0.4226182617406766 0
outer loop
vertex 47.13397459621558 46.49999999999997 1.2
vertex 47.060307379214095 46.34202014332567 0
vertex 47.13397459621556 46.5 0
endloop
endfacet
facet normal 0.9659258262890666 -0.2588190451025271 0
outer loop
vertex 47.0603073792141 46.342020143325676 1.2
vertex 47.015192246987795 46.17364817766693 1.2
vertex 47.01519224698779 46.173648177666905 0
endloop
endfacet
facet normal 0.9659258262890666 -0.2588190451025271 0
outer loop
vertex 47.0603073792141 46.342020143325676 1.2
vertex 47.01519224698779 46.173648177666905 0
vertex 47.060307379214095 46.34202014332567 0
endloop
endfacet
facet normal 0.9961946980917447 -0.08715574274766881 0
outer loop
vertex 47.015192246987795 46.17364817766693 1.2
vertex 47 46.00000000000001 1.2
vertex 47 46.000000000000036 0
endloop
endfacet
facet normal 0.9961946980917447 -0.08715574274766881 0
outer loop
vertex 47.015192246987795 46.17364817766693 1.2
vertex 47 46.000000000000036 0
vertex 47.01519224698779 46.173648177666905 0
endloop
endfacet
facet normal 0.996194698091744 0.0871557427476759 0
outer loop
vertex 47 34 1.2
vertex 47.01519224698778 33.82635182233306 1.2
vertex 47.015192246987795 33.82635182233303 0
endloop
endfacet
facet normal 0.996194698091744 0.0871557427476759 0
outer loop
vertex 47 34 1.2
vertex 47.015192246987795 33.82635182233303 0
vertex 47 34.000000000000036 0
endloop
endfacet
facet normal 0.9659258262890685 0.2588190451025201 0
outer loop
vertex 47.01519224698778 33.82635182233306 1.2
vertex 47.0603073792141 33.657979856674324 1.2
vertex 47.06030737921409 33.65797985667435 0
endloop
endfacet
facet normal 0.9659258262890685 0.2588190451025201 0
outer loop
vertex 47.01519224698778 33.82635182233306 1.2
vertex 47.06030737921409 33.65797985667435 0
vertex 47.015192246987795 33.82635182233303 0
endloop
endfacet
facet normal 0.9063077870366624 0.4226182617406731 0
outer loop
vertex 47.0603073792141 33.657979856674324 1.2
vertex 47.13397459621559 33.499999999999986 1.2
vertex 47.133974596215594 33.49999999999994 0
endloop
endfacet
facet normal 0.9063077870366624 0.4226182617406731 0
outer loop
vertex 47.0603073792141 33.657979856674324 1.2
vertex 47.133974596215594 33.49999999999994 0
vertex 47.06030737921409 33.65797985667435 0
endloop
endfacet
facet normal 0.8191520442889821 0.5735764363510598 0
outer loop
vertex 47.13397459621559 33.499999999999986 1.2
vertex 47.233955556881035 33.35721239031348 1.2
vertex 47.23395555688099 33.35721239031349 0
endloop
endfacet
facet normal 0.8191520442889821 0.5735764363510598 0
outer loop
vertex 47.13397459621559 33.499999999999986 1.2
vertex 47.23395555688099 33.35721239031349 0
vertex 47.133974596215594 33.49999999999994 0
endloop
endfacet
facet normal 0.7071067811865476 0.7071067811865476 0
outer loop
vertex 47.233955556881035 33.35721239031348 1.2
vertex 47.357212390313435 33.233955556881014 1.2
vertex 47.35721239031349 33.233955556881014 0
endloop
endfacet
facet normal 0.7071067811865476 0.7071067811865476 0
outer loop
vertex 47.233955556881035 33.35721239031348 1.2
vertex 47.35721239031349 33.233955556881014 0
vertex 47.23395555688099 33.35721239031349 0
endloop
endfacet
facet normal 0.5735764363510616 0.819152044288981 0
outer loop
vertex 47.357212390313435 33.233955556881014 1.2
vertex 47.499999999999986 33.13397459621556 1.2
vertex 47.49999999999999 33.13397459621555 0
endloop
endfacet
facet normal 0.5735764363510616 0.819152044288981 0
outer loop
vertex 47.357212390313435 33.233955556881014 1.2
vertex 47.49999999999999 33.13397459621555 0
vertex 47.35721239031349 33.233955556881014 0
endloop
endfacet
facet normal 0.4226182617406731 0.9063077870366624 0
outer loop
vertex 47.499999999999986 33.13397459621556 1.2
vertex 47.65797985667435 33.060307379214095 1.2
vertex 47.657979856674345 33.06030737921409 0
endloop
endfacet
facet normal 0.4226182617406731 0.9063077870366624 0
outer loop
vertex 47.499999999999986 33.13397459621556 1.2
vertex 47.657979856674345 33.06030737921409 0
vertex 47.49999999999999 33.13397459621555 0
endloop
endfacet
facet normal 0.2588190451025271 0.9659258262890666 0
outer loop
vertex 47.65797985667435 33.060307379214095 1.2
vertex 47.82635182233306 33.01519224698779 1.2
vertex 47.82635182233309 33.01519224698779 0
endloop
endfacet
facet normal 0.2588190451025271 0.9659258262890666 0
outer loop
vertex 47.65797985667435 33.060307379214095 1.2
vertex 47.82635182233309 33.01519224698779 0
vertex 47.657979856674345 33.06030737921409 0
endloop
endfacet
facet normal 0.08715574274766881 0.9961946980917447 0
outer loop
vertex 47.82635182233306 33.01519224698779 1.2
vertex 47.999999999999964 33 1.2
vertex 47.999999999999986 33 0
endloop
endfacet
facet normal 0.08715574274766881 0.9961946980917447 0
outer loop
vertex 47.82635182233306 33.01519224698779 1.2
vertex 47.999999999999986 33 0
vertex 47.82635182233309 33.01519224698779 0
endloop
endfacet
facet normal -0.08715574274765814 0.9961946980917457 0
outer loop
vertex 78 -1 1.2
vertex 78.17364817766692 -0.984807753012209 1.2
vertex 78.17364817766693 -0.9848077530122072 0
endloop
endfacet
facet normal -0.08715574274765814 0.9961946980917457 0
outer loop
vertex 78 -1 1.2
vertex 78.17364817766693 -0.9848077530122072 0
vertex 78 -1 0
endloop
endfacet
facet normal -0.25881904510252335 0.9659258262890675 0
outer loop
vertex 78.17364817766692 -0.984807753012209 1.2
vertex 78.3420201433257 -0.9396926207859018 1.2
vertex 78.34202014332567 -0.9396926207859089 0
endloop
endfacet
facet normal -0.25881904510252335 0.9659258262890675 0
outer loop
vertex 78.17364817766692 -0.984807753012209 1.2
vertex 78.34202014332567 -0.9396926207859089 0
vertex 78.17364817766693 -0.9848077530122072 0
endloop
endfacet
facet normal -0.42261826174070183 0.9063077870366489 0
outer loop
vertex 78.3420201433257 -0.9396926207859018 1.2
vertex 78.49999999999996 -0.8660254037844677 1.2
vertex 78.49999999999999 -0.8660254037844464 0
endloop
endfacet
facet normal -0.42261826174070183 0.9063077870366489 0
outer loop
vertex 78.3420201433257 -0.9396926207859018 1.2
vertex 78.49999999999999 -0.8660254037844464 0
vertex 78.34202014332567 -0.9396926207859089 0
endloop
endfacet
facet normal -0.5735764363510536 0.8191520442889867 0
outer loop
vertex 78.49999999999996 -0.8660254037844677 1.2
vertex 78.64278760968654 -0.7660444431189779 1.2
vertex 78.64278760968655 -0.7660444431189788 0
endloop
endfacet
facet normal -0.5735764363510536 0.8191520442889867 0
outer loop
vertex 78.49999999999996 -0.8660254037844677 1.2
vertex 78.64278760968655 -0.7660444431189788 0
vertex 78.49999999999999 -0.8660254037844464 0
endloop
endfacet
facet normal -0.7071067811865546 0.7071067811865404 0
outer loop
vertex 78.64278760968654 -0.7660444431189779 1.2
vertex 78.76604444311893 -0.642787609686593 1.2
vertex 78.766044443119 -0.642787609686609 0
endloop
endfacet
facet normal -0.7071067811865546 0.7071067811865404 0
outer loop
vertex 78.64278760968654 -0.7660444431189779 1.2
vertex 78.766044443119 -0.642787609686609 0
vertex 78.64278760968655 -0.7660444431189788 0
endloop
endfacet
facet normal -0.8191520442889821 0.5735764363510599 0
outer loop
vertex 78.76604444311893 -0.642787609686593 1.2
vertex 78.86602540378456 -0.4999999999999547 1.2
vertex 78.86602540378436 -0.4999999999999476 0
endloop
endfacet
facet normal -0.8191520442889821 0.5735764363510599 0
outer loop
vertex 78.76604444311893 -0.642787609686593 1.2
vertex 78.86602540378436 -0.4999999999999476 0
vertex 78.766044443119 -0.642787609686609 0
endloop
endfacet
facet normal -0.9063077870366456 0.42261826174070904 0
outer loop
vertex 78.86602540378456 -0.4999999999999547 1.2
vertex 78.93969262078586 -0.34202014332565867 1.2
vertex 78.93969262078589 -0.34202014332571906 0
endloop
endfacet
facet normal -0.9063077870366456 0.42261826174070904 0
outer loop
vertex 78.86602540378456 -0.4999999999999547 1.2
vertex 78.93969262078589 -0.34202014332571906 0
vertex 78.86602540378436 -0.4999999999999476 0
endloop
endfacet
facet normal -0.9659258262890666 0.2588190451025271 0
outer loop
vertex 78.93969262078586 -0.34202014332565867 1.2
vertex 78.98480775301216 -0.17364817766700202 1.2
vertex 78.98480775301222 -0.17364817766696738 0
endloop
endfacet
facet normal -0.9659258262890666 0.2588190451025271 0
outer loop
vertex 78.93969262078586 -0.34202014332565867 1.2
vertex 78.98480775301222 -0.17364817766696738 0
vertex 78.93969262078589 -0.34202014332571906 0
endloop
endfacet
facet normal -0.996194698091746 0.08715574274765457 0
outer loop
vertex 78.98480775301216 -0.17364817766700202 1.2
vertex 79.00000000000001 1.127986593019159e-13 1.2
vertex 79 8.79296635503124e-14 0
endloop
endfacet
facet normal -0.996194698091746 0.08715574274765457 0
outer loop
vertex 78.98480775301216 -0.17364817766700202 1.2
vertex 79 8.79296635503124e-14 0
vertex 78.98480775301222 -0.17364817766696738 0
endloop
endfacet
facet normal -1 0 0
outer loop
vertex 79 -12.769451299999872 1.2
vertex 79 -12.648367115647385 1.2
vertex 79 -12.544387947507364 1.2
endloop
endfacet
facet normal -1 0 0
outer loop
vertex 79 -12.769451299999872 1.2
vertex 79 -12.544387947507364 1.2
vertex 79 -12.500004177739125 1.2
endloop
endfacet
facet normal -1 0 0
outer loop
vertex 79 -12.769451299999872 1.2
vertex 79 -12.500004177739125 1.2
vertex 79 -12.460074163488283 1.2
endloop
endfacet
facet normal -1 0 0
outer loop
vertex 79 -12.769451299999872 1.2
vertex 79 -12.460074163488283 1.2
vertex 79 -12.397501893940575 1.2
endloop
endfacet
facet normal -1 0 0
outer loop
vertex 79 -12.769451299999872 1.2
vertex 79 -12.397501893940575 1.2
vertex 79 -12.358211909325831 1.2
endloop
endfacet
facet normal -1 0 0
outer loop
vertex 79 -12.769451299999872 1.2
vertex 79 -12.358211909325831 1.2
vertex 79 -12.34317168050871 1.2
endloop
endfacet
facet normal -1 0 0
outer loop
vertex 79 -12.769451299999872 1.2
vertex 79 -12.34317168050871 1.2
vertex 79 -10.000000000000007 1.2
endloop
endfacet
facet normal -1 0 0
outer loop
vertex 79 -12.769451299999872 1.2
vertex 79 -10.000000000000007 1.2
vertex 79 -9.980785280403232 1.2
endloop
endfacet
facet normal -1 0 0
outer loop
vertex 79 -12.769451299999872 1.2
vertex 79 -9.980785280403232 1.2
vertex 79 -9.923879532511297 1.2
endloop
endfacet
facet normal -1 0 0
outer loop
vertex 79 -12.769451299999872 1.2
vertex 79 -9.923879532511297 1.2
vertex 79 -9.831469612302513 1.2
endloop
endfacet
facet normal -1 0 0
outer loop
vertex 79 -12.769451299999872 1.2
vertex 79 -9.831469612302513 1.2
vertex 79 -9.70710678118656 1.2
endloop
endfacet
facet normal -1 0 0
outer loop
vertex 79 -12.769451299999872 1.2
vertex 79 -9.70710678118656 1.2
vertex 79 -9.555570233019651 1.2
endloop
endfacet
facet normal -1 0 0
outer loop
vertex 79 -12.769451299999872 1.2
vertex 79 -9.555570233019651 1.2
vertex 79 -9.382683432365049 1.2
endloop
endfacet
facet normal -1 0 0
outer loop
vertex 79 -12.769451299999872 1.2
vertex 79 -9.382683432365049 1.2
vertex 79 -9.195090322016128 1.2
endloop
endfacet
facet normal -1 0 0
outer loop
vertex 79 -12.769451299999872 1.2
vertex 79 -9.195090322016128 1.2
vertex 79 -8.999999999999975 1.2
endloop
endfacet
facet normal -1 0 0
outer loop
vertex 79 -12.769451299999872 1.2
vertex 79 -8.999999999999975 1.2
vertex 79 -8.999999999999993 0
endloop
endfacet
facet normal -1 0 0
outer loop
vertex 79 -12.769451299999872 1.2
vertex 79 -8.999999999999993 0
vertex 79 -9.19509032201615 0
endloop
endfacet
facet normal -1 0 0
outer loop
vertex 79 -12.769451299999872 1.2
vertex 79 -9.19509032201615 0
vertex 79 -9.382683432365063 0
endloop
endfacet
facet normal -1 0 0
outer loop
vertex 79 -12.769451299999872 1.2
vertex 79 -9.382683432365063 0
vertex 79 -9.555570233019587 0
endloop
endfacet
facet normal -1 0 0
outer loop
vertex 79 -12.769451299999872 1.2
vertex 79 -9.555570233019587 0
vertex 79 -9.70710678118655 0
endloop
endfacet
facet normal -1 0 0
outer loop
vertex 79 -12.769451299999872 1.2
vertex 79 -9.70710678118655 0
vertex 79 -9.831469612302527 0
endloop
endfacet
facet normal -1 0 0
outer loop
vertex 79 -12.769451299999872 1.2
vertex 79 -9.831469612302527 0
vertex 79 -9.923879532511293 0
endloop
endfacet
facet normal -1 0 0
outer loop
vertex 79 -12.769451299999872 1.2
vertex 79 -9.923879532511293 0
vertex 79 -9.980785280403232 0
endloop
endfacet
facet normal -1 0 0
outer loop
vertex 79 -12.769451299999872 1.2
vertex 79 -9.980785280403232 0
vertex 79 -10.000000000000007 0
endloop
endfacet
facet normal -1 0 0
outer loop
vertex 79 -12.769451299999872 1.2
vertex 79 -10.000000000000007 0
vertex 79 -12.34317168050871 0
endloop
endfacet
facet normal -1 0 0
outer loop
vertex 79 -12.769451299999872 1.2
vertex 79 -12.34317168050871 0
vertex 79 -12.358211909325824 0
endloop
endfacet
facet normal -1 0 0
outer loop
vertex 79 -12.769451299999872 1.2
vertex 79 -12.358211909325824 0
vertex 79 -12.397501893940586 0
endloop
endfacet
facet normal -1 0 0
outer loop
vertex 79 -12.769451299999872 1.2
vertex 79 -12.397501893940586 0
vertex 79 -12.460074163488294 0
endloop
endfacet
facet normal -1 0 0
outer loop
vertex 79 -12.769451299999872 1.2
vertex 79 -12.460074163488294 0
vertex 79 -12.544387947507346 0
endloop
endfacet
facet normal -1 0 0
outer loop
vertex 79 -12.769451299999872 1.2
vertex 79 -12.544387947507346 0
vertex 79 -12.64836711564736 0
endloop
endfacet
facet normal -1 0 0
outer loop
vertex 79 -12.769451299999872 1.2
vertex 79 -12.64836711564736 0
vertex 79 -12.769451299999801 0
endloop
endfacet
facet normal -1 0 0
outer loop
vertex 79 -12.769451299999872 1.2
vertex 79 -12.769451299999801 0
vertex 79 -21 0
endloop
endfacet
facet normal -1 0 0
outer loop
vertex 79 -12.769451299999872 1.2
vertex 79 -21 0
vertex 79 -20.99999999999987 1.2
endloop
endfacet
facet normal -1 0 0
outer loop
vertex 79 11.99999999999983 1.2
vertex 79 11.999999999999936 0
vertex 79 8.79296635503124e-14 0
endloop
endfacet
facet normal -1 0 0
outer loop
vertex 79 11.99999999999983 1.2
vertex 79 8.79296635503124e-14 0
vertex 79.00000000000001 1.127986593019159e-13 1.2
endloop
endfacet
facet normal -1 0 0
outer loop
vertex 79 29.000000000000014 1.2
vertex 79 29.00000000000003 0
vertex 79 16.99999999999997 0
endloop
endfacet
facet normal -1 0 0
outer loop
vertex 79 29.000000000000014 1.2
vertex 79 16.99999999999997 0
vertex 79 16.9999999999999 1.2
endloop
endfacet
facet normal -1 0 0
outer loop
vertex 79 38.99999999999999 1.2
vertex 79 46.00000000000001 1.2
vertex 79 46.000000000000036 0
endloop
endfacet
facet normal -1 0 0
outer loop
vertex 79 38.99999999999999 1.2
vertex 79 46.000000000000036 0
vertex 79 39 0
endloop
endfacet
facet normal -1 0 0
outer loop
vertex 79 38.99999999999999 1.2
vertex 79 39 0
vertex 79 34.000000000000036 0
endloop
endfacet
facet normal -1 0 0
outer loop
vertex 79 38.99999999999999 1.2
vertex 79 34.000000000000036 0
vertex 79 34 1.2
endloop
endfacet
facet normal -0.9961946980917447 -0.08715574274766881 0
outer loop
vertex 79 11.99999999999983 1.2
vertex 78.9848077530122 12.173648177666896 1.2
vertex 78.98480775301219 12.173648177666964 0
endloop
endfacet
facet normal -0.9961946980917447 -0.08715574274766881 0
outer loop
vertex 79 11.99999999999983 1.2
vertex 78.98480775301219 12.173648177666964 0
vertex 79 11.999999999999936 0
endloop
endfacet
facet normal -0.9659258262890666 -0.2588190451025271 0
outer loop
vertex 78.9848077530122 12.173648177666896 1.2
vertex 78.93969262078589 12.342020143325703 1.2
vertex 78.93969262078588 12.342020143325724 0
endloop
endfacet
facet normal -0.9659258262890666 -0.2588190451025271 0
outer loop
vertex 78.9848077530122 12.173648177666896 1.2
vertex 78.93969262078588 12.342020143325724 0
vertex 78.98480775301219 12.173648177666964 0
endloop
endfacet
facet normal -0.9063077870366456 -0.42261826174070904 0
outer loop
vertex 78.93969262078589 12.342020143325703 1.2
vertex 78.86602540378443 12.49999999999999 1.2
vertex 78.86602540378445 12.49999999999997 0
endloop
endfacet
facet normal -0.9063077870366456 -0.42261826174070904 0
outer loop
vertex 78.93969262078589 12.342020143325703 1.2
vertex 78.86602540378445 12.49999999999997 0
vertex 78.93969262078588 12.342020143325724 0
endloop
endfacet
facet normal -0.8191520442889911 -0.573576436351047 0
outer loop
vertex 78.86602540378443 12.49999999999999 1.2
vertex 78.76604444311894 12.642787609686565 1.2
vertex 78.76604444311893 12.642787609686588 0
endloop
endfacet
facet normal -0.8191520442889911 -0.573576436351047 0
outer loop
vertex 78.86602540378443 12.49999999999999 1.2
vertex 78.76604444311893 12.642787609686588 0
vertex 78.86602540378445 12.49999999999997 0
endloop
endfacet
facet normal -0.7071067811865547 -0.7071067811865405 0
outer loop
vertex 78.76604444311894 12.642787609686565 1.2
vertex 78.64278760968652 12.766044443118995 1.2
vertex 78.64278760968652 12.766044443118995 0
endloop
endfacet
facet normal -0.7071067811865547 -0.7071067811865405 0
outer loop
vertex 78.76604444311894 12.642787609686565 1.2
vertex 78.64278760968652 12.766044443118995 0
vertex 78.76604444311893 12.642787609686588 0
endloop
endfacet
facet normal -0.573576436351055 -0.8191520442889855 0
outer loop
vertex 78.64278760968652 12.766044443118995 1.2
vertex 78.50000000000003 12.86602540378443 1.2
vertex 78.49999999999999 12.866025403784452 0
endloop
endfacet
facet normal -0.573576436351055 -0.8191520442889855 0
outer loop
vertex 78.64278760968652 12.766044443118995 1.2
vertex 78.49999999999999 12.866025403784452 0
vertex 78.64278760968652 12.766044443118995 0
endloop
endfacet
facet normal -0.42261826174070183 -0.9063077870366489 0
outer loop
vertex 78.50000000000003 12.86602540378443 1.2
vertex 78.34202014332568 12.939692620785905 1.2
vertex 78.34202014332567 12.939692620785907 0
endloop
endfacet
facet normal -0.42261826174070183 -0.9063077870366489 0
outer loop
vertex 78.50000000000003 12.86602540378443 1.2
vertex 78.34202014332567 12.939692620785907 0
vertex 78.49999999999999 12.866025403784452 0
endloop
endfacet
facet normal -0.25881904510251275 -0.9659258262890704 0
outer loop
vertex 78.34202014332568 12.939692620785905 1.2
vertex 78.17364817766692 12.984807753012209 1.2
vertex 78.17364817766692 12.984807753012209 0
endloop
endfacet
facet normal -0.25881904510251275 -0.9659258262890704 0
outer loop
vertex 78.34202014332568 12.939692620785905 1.2
vertex 78.17364817766692 12.984807753012209 0
vertex 78.34202014332567 12.939692620785907 0
endloop
endfacet
facet normal -0.08715574274766169 -0.9961946980917452 0
outer loop
vertex 78.17364817766692 12.984807753012209 1.2
vertex 77.99999999999999 13 1.2
vertex 77.99999999999999 13 0
endloop
endfacet
facet normal -0.08715574274766169 -0.9961946980917452 0
outer loop
vertex 78.17364817766692 12.984807753012209 1.2
vertex 77.99999999999999 13 0
vertex 78.17364817766692 12.984807753012209 0
endloop
endfacet
facet normal 0.08715574274765991 -0.9961946980917454 0
outer loop
vertex 66 13 1.2
vertex 65.82635182233307 12.984807753012209 1.2
vertex 65.82635182233308 12.984807753012209 0
endloop
endfacet
facet normal 0.08715574274765991 -0.9961946980917454 0
outer loop
vertex 66 13 1.2
vertex 65.82635182233308 12.984807753012209 0
vertex 66 13 0
endloop
endfacet
facet normal 0.25881904510251363 -0.9659258262890703 0
outer loop
vertex 65.82635182233307 12.984807753012209 1.2
vertex 65.65797985667432 12.939692620785905 1.2
vertex 65.65797985667432 12.939692620785907 0
endloop
endfacet
facet normal 0.25881904510251363 -0.9659258262890703 0
outer loop
vertex 65.82635182233307 12.984807753012209 1.2
vertex 65.65797985667432 12.939692620785907 0
vertex 65.82635182233308 12.984807753012209 0
endloop
endfacet
facet normal 0.42261826174070394 -0.9063077870366478 0
outer loop
vertex 65.65797985667432 12.939692620785905 1.2
vertex 65.50000000000001 12.86602540378443 1.2
vertex 65.50000000000004 12.866025403784452 0
endloop
endfacet
facet normal 0.42261826174070394 -0.9063077870366478 0
outer loop
vertex 65.65797985667432 12.939692620785905 1.2
vertex 65.50000000000004 12.866025403784452 0
vertex 65.65797985667432 12.939692620785907 0
endloop
endfacet
facet normal 0.5735764363510543 -0.819152044288986 0
outer loop
vertex 65.50000000000001 12.86602540378443 1.2
vertex 65.35721239031345 12.766044443118995 1.2
vertex 65.35721239031342 12.766044443118995 0
endloop
endfacet
facet normal 0.5735764363510543 -0.819152044288986 0
outer loop
vertex 65.50000000000001 12.86602540378443 1.2
vertex 65.35721239031342 12.766044443118995 0
vertex 65.50000000000004 12.866025403784452 0
endloop
endfacet
facet normal 0.7071067811865565 -0.7071067811865387 0
outer loop
vertex 65.35721239031345 12.766044443118995 1.2
vertex 65.23395555688106 12.642787609686565 1.2
vertex 65.23395555688106 12.642787609686588 0
endloop
endfacet
facet normal 0.7071067811865565 -0.7071067811865387 0
outer loop
vertex 65.35721239031345 12.766044443118995 1.2
vertex 65.23395555688106 12.642787609686588 0
vertex 65.35721239031342 12.766044443118995 0
endloop
endfacet
facet normal 0.8191520442889867 -0.5735764363510536 0
outer loop
vertex 65.23395555688106 12.642787609686565 1.2
vertex 65.13397459621555 12.49999999999999 1.2
vertex 65.13397459621552 12.49999999999997 0
endloop
endfacet
facet normal 0.8191520442889867 -0.5735764363510536 0
outer loop
vertex 65.23395555688106 12.642787609686565 1.2
vertex 65.13397459621552 12.49999999999997 0
vertex 65.23395555688106 12.642787609686588 0
endloop
endfacet
facet normal 0.9063077870366456 -0.42261826174070904 0
outer loop
vertex 65.13397459621555 12.49999999999999 1.2
vertex 65.06030737921412 12.342020143325703 1.2
vertex 65.06030737921414 12.342020143325724 0
endloop
endfacet
facet normal 0.9063077870366456 -0.42261826174070904 0
outer loop
vertex 65.13397459621555 12.49999999999999 1.2
vertex 65.06030737921414 12.342020143325724 0
vertex 65.13397459621552 12.49999999999997 0
endloop
endfacet
facet normal 0.9659258262890666 -0.2588190451025271 0
outer loop
vertex 65.06030737921412 12.342020143325703 1.2
vertex 65.01519224698778 12.173648177666896 1.2
vertex 65.0151922469878 12.173648177666964 0
endloop
endfacet
facet normal 0.9659258262890666 -0.2588190451025271 0
outer loop
vertex 65.06030737921412 12.342020143325703 1.2
vertex 65.0151922469878 12.173648177666964 0
vertex 65.06030737921414 12.342020143325724 0
endloop
endfacet
facet normal 0.9961946980917434 -0.087155742747683 0
outer loop
vertex 65.01519224698778 12.173648177666896 1.2
vertex 65 11.99999999999983 1.2
vertex 64.99999999999999 11.999999999999936 0
endloop
endfacet
facet normal 0.9961946980917434 -0.087155742747683 0
outer loop
vertex 65.01519224698778 12.173648177666896 1.2
vertex 64.99999999999999 11.999999999999936 0
vertex 65.0151922469878 12.173648177666964 0
endloop
endfacet
facet normal 1 0 0
outer loop
vertex 65 -8.999999999999993 0
vertex 65 -8.999999999999975 1.2
vertex 65 -20.99999999999987 1.2
endloop
endfacet
facet normal 1 0 0
outer loop
vertex 65 -8.999999999999993 0
vertex 65 -20.99999999999987 1.2
vertex 65 -21 0
endloop
endfacet
facet normal 1 0 0
outer loop
vertex 64.99999999999999 11.999999999999936 0
vertex 65 11.99999999999983 1.2
vertex 65 1.127986593019159e-13 1.2
endloop
endfacet
facet normal 1 0 0
outer loop
vertex 64.99999999999999 11.999999999999936 0
vertex 65 1.127986593019159e-13 1.2
vertex 65 8.79296635503124e-14 0
endloop
endfacet
facet normal 1 0 0
outer loop
vertex 65 29.00000000000003 0
vertex 65 29.000000000000014 1.2
vertex 65 16.9999999999999 1.2
endloop
endfacet
facet normal 1 0 0
outer loop
vertex 65 29.00000000000003 0
vertex 65 16.9999999999999 1.2
vertex 65 16.99999999999997 0
endloop
endfacet
facet normal 1 0 0
outer loop
vertex 65 46.000000000000036 0
vertex 65 46.00000000000001 1.2
vertex 65 34 1.2
endloop
endfacet
facet normal 1 0 0
outer loop
vertex 65 46.000000000000036 0
vertex 65 34 1.2
vertex 65 34.000000000000036 0
endloop
endfacet
facet normal 0.9961946980917447 0.08715574274766881 0
outer loop
vertex 65 1.127986593019159e-13 1.2
vertex 65.0151922469878 -0.17364817766700202 1.2
vertex 65.01519224698781 -0.17364817766696738 0
endloop
endfacet
facet normal 0.9961946980917447 0.08715574274766881 0
outer loop
vertex 65 1.127986593019159e-13 1.2
vertex 65.01519224698781 -0.17364817766696738 0
vertex 65 8.79296635503124e-14 0
endloop
endfacet
facet normal 0.9659258262890686 0.25881904510251963 0
outer loop
vertex 65.0151922469878 -0.17364817766700202 1.2
vertex 65.0603073792141 -0.34202014332565867 1.2
vertex 65.06030737921411 -0.34202014332571906 0
endloop
endfacet
facet normal 0.9659258262890686 0.25881904510251963 0
outer loop
vertex 65.0151922469878 -0.17364817766700202 1.2
vertex 65.06030737921411 -0.34202014332571906 0
vertex 65.01519224698781 -0.17364817766696738 0
endloop
endfacet
facet normal 0.9063077870366456 0.42261826174070904 0
outer loop
vertex 65.0603073792141 -0.34202014332565867 1.2
vertex 65.13397459621552 -0.4999999999999547 1.2
vertex 65.13397459621554 -0.4999999999999476 0
endloop
endfacet
facet normal 0.9063077870366456 0.42261826174070904 0
outer loop
vertex 65.0603073792141 -0.34202014332565867 1.2
vertex 65.13397459621554 -0.4999999999999476 0
vertex 65.06030737921411 -0.34202014332571906 0
endloop
endfacet
facet normal 0.8191520442889866 0.5735764363510534 0
outer loop
vertex 65.13397459621552 -0.4999999999999547 1.2
vertex 65.23395555688104 -0.642787609686593 1.2
vertex 65.23395555688109 -0.642787609686609 0
endloop
endfacet
facet normal 0.8191520442889866 0.5735764363510534 0
outer loop
vertex 65.13397459621552 -0.4999999999999547 1.2
vertex 65.23395555688109 -0.642787609686609 0
vertex 65.13397459621554 -0.4999999999999476 0
endloop
endfacet
facet normal 0.7071067811865563 0.7071067811865386 0
outer loop
vertex 65.23395555688104 -0.642787609686593 1.2
vertex 65.35721239031346 -0.7660444431189779 1.2
vertex 65.3572123903134 -0.7660444431189788 0
endloop
endfacet
facet normal 0.7071067811865563 0.7071067811865386 0
outer loop
vertex 65.23395555688104 -0.642787609686593 1.2
vertex 65.3572123903134 -0.7660444431189788 0
vertex 65.23395555688109 -0.642787609686609 0
endloop
endfacet
facet normal 0.5735764363510552 0.8191520442889855 0
outer loop
vertex 65.35721239031346 -0.7660444431189779 1.2
vertex 65.5 -0.8660254037844677 1.2
vertex 65.49999999999999 -0.8660254037844464 0
endloop
endfacet
facet normal 0.5735764363510552 0.8191520442889855 0
outer loop
vertex 65.35721239031346 -0.7660444431189779 1.2
vertex 65.49999999999999 -0.8660254037844464 0
vertex 65.3572123903134 -0.7660444431189788 0
endloop
endfacet
facet normal 0.4226182617407054 0.9063077870366472 0
outer loop
vertex 65.5 -0.8660254037844677 1.2
vertex 65.65797985667433 -0.9396926207859018 1.2
vertex 65.65797985667432 -0.9396926207859089 0
endloop
endfacet
facet normal 0.4226182617407054 0.9063077870366472 0
outer loop
vertex 65.5 -0.8660254037844677 1.2
vertex 65.65797985667432 -0.9396926207859089 0
vertex 65.49999999999999 -0.8660254037844464 0
endloop
endfacet
facet normal 0.2588190451025215 0.9659258262890682 0
outer loop
vertex 65.65797985667433 -0.9396926207859018 1.2
vertex 65.82635182233305 -0.984807753012209 1.2
vertex 65.82635182233307 -0.9848077530122072 0
endloop
endfacet
facet normal 0.2588190451025215 0.9659258262890682 0
outer loop
vertex 65.65797985667433 -0.9396926207859018 1.2
vertex 65.82635182233307 -0.9848077530122072 0
vertex 65.65797985667432 -0.9396926207859089 0
endloop
endfacet
facet normal 0.08715574274765638 0.9961946980917458 0
outer loop
vertex 65.82635182233305 -0.984807753012209 1.2
vertex 66 -1 1.2
vertex 66 -1 0
endloop
endfacet
facet normal 0.08715574274765638 0.9961946980917458 0
outer loop
vertex 65.82635182233305 -0.984807753012209 1.2
vertex 66 -1 0
vertex 65.82635182233307 -0.9848077530122072 0
endloop
endfacet
facet normal -0.08715574274765103 0.9961946980917462 0
outer loop
vertex 78 16 1.2
vertex 78.17364817766693 16.01519224698779 1.2
vertex 78.17364817766693 16.01519224698779 0
endloop
endfacet
facet normal -0.08715574274765103 0.9961946980917462 0
outer loop
vertex 78 16 1.2
vertex 78.17364817766693 16.01519224698779 0
vertex 78 16 0
endloop
endfacet
facet normal -0.258819045102527 0.9659258262890666 0
outer loop
vertex 78.17364817766693 16.01519224698779 1.2
vertex 78.34202014332566 16.060307379214088 1.2
vertex 78.34202014332563 16.060307379214077 0
endloop
endfacet
facet normal -0.258819045102527 0.9659258262890666 0
outer loop
vertex 78.17364817766693 16.01519224698779 1.2
vertex 78.34202014332563 16.060307379214077 0
vertex 78.17364817766693 16.01519224698779 0
endloop
endfacet
facet normal -0.4226182617407087 0.9063077870366457 0
outer loop
vertex 78.34202014332566 16.060307379214088 1.2
vertex 78.50000000000001 16.13397459621557 1.2
vertex 78.5 16.133974596215566 0
endloop
endfacet
facet normal -0.4226182617407087 0.9063077870366457 0
outer loop
vertex 78.34202014332566 16.060307379214088 1.2
vertex 78.5 16.133974596215566 0
vertex 78.34202014332563 16.060307379214077 0
endloop
endfacet
facet normal -0.573576436351047 0.8191520442889911 0
outer loop
vertex 78.50000000000001 16.13397459621557 1.2
vertex 78.64278760968651 16.233955556881003 1.2
vertex 78.64278760968655 16.23395555688104 0
endloop
endfacet
facet normal -0.573576436351047 0.8191520442889911 0
outer loop
vertex 78.50000000000001 16.13397459621557 1.2
vertex 78.64278760968655 16.23395555688104 0
vertex 78.5 16.133974596215566 0
endloop
endfacet
facet normal -0.7071067811865565 0.7071067811865387 0
outer loop
vertex 78.64278760968651 16.233955556881003 1.2
vertex 78.766044443119 16.357212390313485 1.2
vertex 78.76604444311894 16.35721239031343 0
endloop
endfacet
facet normal -0.7071067811865565 0.7071067811865387 0
outer loop
vertex 78.64278760968651 16.233955556881003 1.2
vertex 78.76604444311894 16.35721239031343 0
vertex 78.64278760968655 16.23395555688104 0
endloop
endfacet
facet normal -0.8191520442889911 0.573576436351047 0
outer loop
vertex 78.766044443119 16.357212390313485 1.2
vertex 78.86602540378442 16.499999999999968 1.2
vertex 78.86602540378445 16.500000000000025 0
endloop
endfacet
facet normal -0.8191520442889911 0.573576436351047 0
outer loop
vertex 78.766044443119 16.357212390313485 1.2
vertex 78.86602540378445 16.500000000000025 0
vertex 78.76604444311894 16.35721239031343 0
endloop
endfacet
facet normal -0.9063077870366456 0.42261826174070904 0
outer loop
vertex 78.86602540378442 16.499999999999968 1.2
vertex 78.93969262078592 16.657979856674373 1.2
vertex 78.93969262078588 16.65797985667428 0
endloop
endfacet
facet normal -0.9063077870366456 0.42261826174070904 0
outer loop
vertex 78.86602540378442 16.499999999999968 1.2
vertex 78.93969262078588 16.65797985667428 0
vertex 78.86602540378445 16.500000000000025 0
endloop
endfacet
facet normal -0.9659258262890666 0.2588190451025271 0
outer loop
vertex 78.93969262078592 16.657979856674373 1.2
vertex 78.9848077530122 16.826351822333063 1.2
vertex 78.9848077530122 16.82635182233309 0
endloop
endfacet
facet normal -0.9659258262890666 0.2588190451025271 0
outer loop
vertex 78.93969262078592 16.657979856674373 1.2
vertex 78.9848077530122 16.82635182233309 0
vertex 78.93969262078588 16.65797985667428 0
endloop
endfacet
facet normal -0.9961946980917447 0.08715574274766881 0
outer loop
vertex 78.9848077530122 16.826351822333063 1.2
vertex 79 16.9999999999999 1.2
vertex 79 16.99999999999997 0
endloop
endfacet
facet normal -0.9961946980917447 0.08715574274766881 0
outer loop
vertex 78.9848077530122 16.826351822333063 1.2
vertex 79 16.99999999999997 0
vertex 78.9848077530122 16.82635182233309 0
endloop
endfacet
facet normal -0.9961946980917459 -0.08715574274765463 0
outer loop
vertex 79 29.000000000000014 1.2
vertex 78.9848077530122 29.173648177666923 1.2
vertex 78.98480775301219 29.173648177666927 0
endloop
endfacet
facet normal -0.9961946980917459 -0.08715574274765463 0
outer loop
vertex 79 29.000000000000014 1.2
vertex 78.98480775301219 29.173648177666927 0
vertex 79 29.00000000000003 0
endloop
endfacet
facet normal -0.9659258262890629 -0.2588190451025413 0
outer loop
vertex 78.9848077530122 29.173648177666923 1.2
vertex 78.93969262078588 29.342020143325705 1.2
vertex 78.93969262078589 29.34202014332569 0
endloop
endfacet
facet normal -0.9659258262890629 -0.2588190451025413 0
outer loop
vertex 78.9848077530122 29.173648177666923 1.2
vertex 78.93969262078589 29.34202014332569 0
vertex 78.98480775301219 29.173648177666927 0
endloop
endfacet
facet normal -0.9063077870366456 -0.42261826174070904 0
outer loop
vertex 78.93969262078588 29.342020143325705 1.2
vertex 78.86602540378442 29.499999999999968 1.2
vertex 78.86602540378442 29.50000000000003 0
endloop
endfacet
facet normal -0.9063077870366456 -0.42261826174070904 0
outer loop
vertex 78.93969262078588 29.342020143325705 1.2
vertex 78.86602540378442 29.50000000000003 0
vertex 78.93969262078589 29.34202014332569 0
endloop
endfacet
facet normal -0.8191520442889912 -0.573576436351047 0
outer loop
vertex 78.86602540378442 29.499999999999968 1.2
vertex 78.76604444311893 29.642787609686597 1.2
vertex 78.76604444311909 29.642787609686554 0
endloop
endfacet
facet normal -0.8191520442889912 -0.573576436351047 0
outer loop
vertex 78.86602540378442 29.499999999999968 1.2
vertex 78.76604444311909 29.642787609686554 0
vertex 78.86602540378442 29.50000000000003 0
endloop
endfacet
facet normal -0.7071067811865547 -0.7071067811865405 0
outer loop
vertex 78.76604444311893 29.642787609686597 1.2
vertex 78.6427876096866 29.766044443118968 1.2
vertex 78.64278760968644 29.76604444311897 0
endloop
endfacet
facet normal -0.7071067811865547 -0.7071067811865405 0
outer loop
vertex 78.76604444311893 29.642787609686597 1.2
vertex 78.64278760968644 29.76604444311897 0
vertex 78.76604444311909 29.642787609686554 0
endloop
endfacet
facet normal -0.573576436351047 -0.8191520442889911 0
outer loop
vertex 78.6427876096866 29.766044443118968 1.2
vertex 78.49999999999994 29.866025403784434 1.2
vertex 78.49999999999999 29.86602540378444 0
endloop
endfacet
facet normal -0.573576436351047 -0.8191520442889911 0
outer loop
vertex 78.6427876096866 29.766044443118968 1.2
vertex 78.49999999999999 29.86602540378444 0
vertex 78.64278760968644 29.76604444311897 0
endloop
endfacet
facet normal -0.42261826174070904 -0.9063077870366456 0
outer loop
vertex 78.49999999999994 29.866025403784434 1.2
vertex 78.3420201433257 29.939692620785905 1.2
vertex 78.34202014332571 29.93969262078591 0
endloop
endfacet
facet normal -0.42261826174070904 -0.9063077870366456 0
outer loop
vertex 78.49999999999994 29.866025403784434 1.2
vertex 78.34202014332571 29.93969262078591 0
vertex 78.49999999999999 29.86602540378444 0
endloop
endfacet
facet normal -0.2588190451025271 -0.9659258262890666 0
outer loop
vertex 78.3420201433257 29.939692620785905 1.2
vertex 78.17364817766693 29.984807753012213 1.2
vertex 78.17364817766695 29.98480775301221 0
endloop
endfacet
facet normal -0.2588190451025271 -0.9659258262890666 0
outer loop
vertex 78.3420201433257 29.939692620785905 1.2
vertex 78.17364817766695 29.98480775301221 0
vertex 78.34202014332571 29.93969262078591 0
endloop
endfacet
facet normal -0.08715574274765456 -0.996194698091746 0
outer loop
vertex 78.17364817766693 29.984807753012213 1.2
vertex 77.99999999999996 30 1.2
vertex 77.99999999999999 30 0
endloop
endfacet
facet normal -0.08715574274765456 -0.996194698091746 0
outer loop
vertex 78.17364817766693 29.984807753012213 1.2
vertex 77.99999999999999 30 0
vertex 78.17364817766695 29.98480775301221 0
endloop
endfacet
facet normal 0.08715574274765103 -0.9961946980917462 0
outer loop
vertex 66 30 1.2
vertex 65.82635182233305 29.984807753012213 1.2
vertex 65.8263518223331 29.98480775301221 0
endloop
endfacet
facet normal 0.08715574274765103 -0.9961946980917462 0
outer loop
vertex 66 30 1.2
vertex 65.8263518223331 29.98480775301221 0
vertex 66.00000000000003 30 0
endloop
endfacet
facet normal 0.2588190451025269 -0.9659258262890666 0
outer loop
vertex 65.82635182233305 29.984807753012213 1.2
vertex 65.65797985667436 29.939692620785905 1.2
vertex 65.65797985667433 29.93969262078591 0
endloop
endfacet
facet normal 0.2588190451025269 -0.9659258262890666 0
outer loop
vertex 65.82635182233305 29.984807753012213 1.2
vertex 65.65797985667433 29.93969262078591 0
vertex 65.8263518223331 29.98480775301221 0
endloop
endfacet
facet normal 0.42261826174070904 -0.9063077870366456 0
outer loop
vertex 65.65797985667436 29.939692620785905 1.2
vertex 65.50000000000001 29.866025403784434 1.2
vertex 65.49999999999999 29.86602540378444 0
endloop
endfacet
facet normal 0.42261826174070904 -0.9063077870366456 0
outer loop
vertex 65.65797985667436 29.939692620785905 1.2
vertex 65.49999999999999 29.86602540378444 0
vertex 65.65797985667433 29.93969262078591 0
endloop
endfacet
facet normal 0.5735764363510523 -0.8191520442889875 0
outer loop
vertex 65.50000000000001 29.866025403784434 1.2
vertex 65.3572123903134 29.766044443118968 1.2
vertex 65.35721239031348 29.76604444311897 0
endloop
endfacet
facet normal 0.5735764363510523 -0.8191520442889875 0
outer loop
vertex 65.50000000000001 29.866025403784434 1.2
vertex 65.35721239031348 29.76604444311897 0
vertex 65.49999999999999 29.86602540378444 0
endloop
endfacet
facet normal 0.7071067811865565 -0.7071067811865387 0
outer loop
vertex 65.3572123903134 29.766044443118968 1.2
vertex 65.23395555688107 29.642787609686597 1.2
vertex 65.23395555688101 29.642787609686554 0
endloop
endfacet
facet normal 0.7071067811865565 -0.7071067811865387 0
outer loop
vertex 65.3572123903134 29.766044443118968 1.2
vertex 65.23395555688101 29.642787609686554 0
vertex 65.35721239031348 29.76604444311897 0
endloop
endfacet
facet normal 0.8191520442889866 -0.5735764363510534 0
outer loop
vertex 65.23395555688107 29.642787609686597 1.2
vertex 65.13397459621555 29.499999999999968 1.2
vertex 65.1339745962156 29.50000000000003 0
endloop
endfacet
facet normal 0.8191520442889866 -0.5735764363510534 0
outer loop
vertex 65.23395555688107 29.642787609686597 1.2
vertex 65.1339745962156 29.50000000000003 0
vertex 65.23395555688101 29.642787609686554 0
endloop
endfacet
facet normal 0.9063077870366456 -0.42261826174070904 0
outer loop
vertex 65.13397459621555 29.499999999999968 1.2
vertex 65.06030737921411 29.342020143325705 1.2
vertex 65.0603073792141 29.34202014332569 0
endloop
endfacet
facet normal 0.9063077870366456 -0.42261826174070904 0
outer loop
vertex 65.13397459621555 29.499999999999968 1.2
vertex 65.0603073792141 29.34202014332569 0
vertex 65.1339745962156 29.50000000000003 0
endloop
endfacet
facet normal 0.9659258262890704 -0.2588190451025125 0
outer loop
vertex 65.06030737921411 29.342020143325705 1.2
vertex 65.0151922469878 29.173648177666923 1.2
vertex 65.0151922469878 29.173648177666927 0
endloop
endfacet
facet normal 0.9659258262890704 -0.2588190451025125 0
outer loop
vertex 65.06030737921411 29.342020143325705 1.2
vertex 65.0151922469878 29.173648177666927 0
vertex 65.0603073792141 29.34202014332569 0
endloop
endfacet
facet normal 0.996194698091744 -0.08715574274767586 0
outer loop
vertex 65.0151922469878 29.173648177666923 1.2
vertex 65 29.000000000000014 1.2
vertex 65 29.00000000000003 0
endloop
endfacet
facet normal 0.996194698091744 -0.08715574274767586 0
outer loop
vertex 65.0151922469878 29.173648177666923 1.2
vertex 65 29.00000000000003 0
vertex 65.0151922469878 29.173648177666927 0
endloop
endfacet
facet normal 0.9961946980917447 0.08715574274766881 0
outer loop
vertex 65 16.9999999999999 1.2
vertex 65.0151922469878 16.826351822333063 1.2
vertex 65.0151922469878 16.82635182233309 0
endloop
endfacet
facet normal 0.9961946980917447 0.08715574274766881 0
outer loop
vertex 65 16.9999999999999 1.2
vertex 65.0151922469878 16.82635182233309 0
vertex 65 16.99999999999997 0
endloop
endfacet
facet normal 0.9659258262890666 0.2588190451025271 0
outer loop
vertex 65.0151922469878 16.826351822333063 1.2
vertex 65.0603073792141 16.657979856674373 1.2
vertex 65.0603073792141 16.65797985667428 0
endloop
endfacet
facet normal 0.9659258262890666 0.2588190451025271 0
outer loop
vertex 65.0151922469878 16.826351822333063 1.2
vertex 65.0603073792141 16.65797985667428 0
vertex 65.0151922469878 16.82635182233309 0
endloop
endfacet
facet normal 0.9063077870366456 0.42261826174070904 0
outer loop
vertex 65.0603073792141 16.657979856674373 1.2
vertex 65.13397459621557 16.499999999999968 1.2
vertex 65.13397459621554 16.500000000000025 0
endloop
endfacet
facet normal 0.9063077870366456 0.42261826174070904 0
outer loop
vertex 65.0603073792141 16.657979856674373 1.2
vertex 65.13397459621554 16.500000000000025 0
vertex 65.0603073792141 16.65797985667428 0
endloop
endfacet
facet normal 0.8191520442889821 0.5735764363510599 0
outer loop
vertex 65.13397459621557 16.499999999999968 1.2
vertex 65.23395555688104 16.357212390313485 1.2
vertex 65.23395555688107 16.35721239031343 0
endloop
endfacet
facet normal 0.8191520442889821 0.5735764363510599 0
outer loop
vertex 65.13397459621557 16.499999999999968 1.2
vertex 65.23395555688107 16.35721239031343 0
vertex 65.13397459621554 16.500000000000025 0
endloop
endfacet
facet normal 0.7071067811865581 0.7071067811865368 0
outer loop
vertex 65.23395555688104 16.357212390313485 1.2
vertex 65.35721239031348 16.233955556881003 1.2
vertex 65.35721239031344 16.23395555688104 0
endloop
endfacet
facet normal 0.7071067811865581 0.7071067811865368 0
outer loop
vertex 65.23395555688104 16.357212390313485 1.2
vertex 65.35721239031344 16.23395555688104 0
vertex 65.23395555688107 16.35721239031343 0
endloop
endfacet
facet normal 0.573576436351047 0.8191520442889911 0
outer loop
vertex 65.35721239031348 16.233955556881003 1.2
vertex 65.50000000000003 16.13397459621557 1.2
vertex 65.50000000000001 16.133974596215566 0
endloop
endfacet
facet normal 0.573576436351047 0.8191520442889911 0
outer loop
vertex 65.35721239031348 16.233955556881003 1.2
vertex 65.50000000000001 16.133974596215566 0
vertex 65.35721239031344 16.23395555688104 0
endloop
endfacet
facet normal 0.42261826174070904 0.9063077870366456 0
outer loop
vertex 65.50000000000003 16.13397459621557 1.2
vertex 65.65797985667432 16.060307379214088 1.2
vertex 65.65797985667437 16.060307379214077 0
endloop
endfacet
facet normal 0.42261826174070904 0.9063077870366456 0
outer loop
vertex 65.50000000000003 16.13397459621557 1.2
vertex 65.65797985667437 16.060307379214077 0
vertex 65.50000000000001 16.133974596215566 0
endloop
endfacet
facet normal 0.2588190451025271 0.9659258262890666 0
outer loop
vertex 65.65797985667432 16.060307379214088 1.2
vertex 65.82635182233307 16.01519224698779 1.2
vertex 65.82635182233305 16.01519224698779 0
endloop
endfacet
facet normal 0.2588190451025271 0.9659258262890666 0
outer loop
vertex 65.65797985667432 16.060307379214088 1.2
vertex 65.82635182233305 16.01519224698779 0
vertex 65.65797985667437 16.060307379214077 0
endloop
endfacet
facet normal 0.08715574274764747 0.9961946980917465 0
outer loop
vertex 65.82635182233307 16.01519224698779 1.2
vertex 66.00000000000001 16 1.2
vertex 66 16 0
endloop
endfacet
facet normal 0.08715574274764747 0.9961946980917465 0
outer loop
vertex 65.82635182233307 16.01519224698779 1.2
vertex 66 16 0
vertex 65.82635182233305 16.01519224698779 0
endloop
endfacet
facet normal -0.08715574274767235 0.9961946980917444 0
outer loop
vertex 78.00000000000003 33 1.2
vertex 78.17364817766689 33.01519224698779 1.2
vertex 78.17364817766692 33.01519224698779 0
endloop
endfacet
facet normal -0.08715574274767235 0.9961946980917444 0
outer loop
vertex 78.00000000000003 33 1.2
vertex 78.17364817766692 33.01519224698779 0
vertex 78.00000000000003 33 0
endloop
endfacet
facet normal -0.2588190451025269 0.9659258262890666 0
outer loop
vertex 78.17364817766689 33.01519224698779 1.2
vertex 78.34202014332567 33.060307379214095 1.2
vertex 78.34202014332564 33.06030737921409 0
endloop
endfacet
facet normal -0.2588190451025269 0.9659258262890666 0
outer loop
vertex 78.17364817766689 33.01519224698779 1.2
vertex 78.34202014332564 33.06030737921409 0
vertex 78.17364817766692 33.01519224698779 0
endloop
endfacet
facet normal -0.42261826174067446 0.9063077870366617 0
outer loop
vertex 78.34202014332567 33.060307379214095 1.2
vertex 78.49999999999999 33.13397459621556 1.2
vertex 78.50000000000001 33.13397459621555 0
endloop
endfacet
facet normal -0.42261826174067446 0.9063077870366617 0
outer loop
vertex 78.34202014332567 33.060307379214095 1.2
vertex 78.50000000000001 33.13397459621555 0
vertex 78.34202014332564 33.06030737921409 0
endloop
endfacet
facet normal -0.5735764363510587 0.819152044288983 0
outer loop
vertex 78.49999999999999 33.13397459621556 1.2
vertex 78.64278760968651 33.233955556881014 1.2
vertex 78.64278760968658 33.233955556881014 0
endloop
endfacet
facet normal -0.5735764363510587 0.819152044288983 0
outer loop
vertex 78.49999999999999 33.13397459621556 1.2
vertex 78.64278760968658 33.233955556881014 0
vertex 78.50000000000001 33.13397459621555 0
endloop
endfacet
facet normal -0.7071067811865671 0.707106781186528 0
outer loop
vertex 78.64278760968651 33.233955556881014 1.2
vertex 78.76604444311901 33.35721239031348 1.2
vertex 78.76604444311896 33.35721239031349 0
endloop
endfacet
facet normal -0.7071067811865671 0.707106781186528 0
outer loop
vertex 78.64278760968651 33.233955556881014 1.2
vertex 78.76604444311896 33.35721239031349 0
vertex 78.64278760968658 33.233955556881014 0
endloop
endfacet
facet normal -0.8191520442889765 0.573576436351068 0
outer loop
vertex 78.76604444311901 33.35721239031348 1.2
vertex 78.8660254037844 33.499999999999986 1.2
vertex 78.86602540378442 33.49999999999994 0
endloop
endfacet
facet normal -0.8191520442889765 0.573576436351068 0
outer loop
vertex 78.76604444311901 33.35721239031348 1.2
vertex 78.86602540378442 33.49999999999994 0
vertex 78.76604444311896 33.35721239031349 0
endloop
endfacet
facet normal -0.9063077870366456 0.42261826174070904 0
outer loop
vertex 78.8660254037844 33.499999999999986 1.2
vertex 78.93969262078589 33.657979856674324 1.2
vertex 78.93969262078592 33.65797985667435 0
endloop
endfacet
facet normal -0.9063077870366456 0.42261826174070904 0
outer loop
vertex 78.8660254037844 33.499999999999986 1.2
vertex 78.93969262078592 33.65797985667435 0
vertex 78.86602540378442 33.49999999999994 0
endloop
endfacet
facet normal -0.9659258262890704 0.25881904510251297 0
outer loop
vertex 78.93969262078589 33.657979856674324 1.2
vertex 78.98480775301219 33.82635182233306 1.2
vertex 78.9848077530122 33.82635182233303 0
endloop
endfacet
facet normal -0.9659258262890704 0.25881904510251297 0
outer loop
vertex 78.93969262078589 33.657979856674324 1.2
vertex 78.9848077530122 33.82635182233303 0
vertex 78.93969262078592 33.65797985667435 0
endloop
endfacet
facet normal -0.9961946980917447 0.08715574274766881 0
outer loop
vertex 78.98480775301219 33.82635182233306 1.2
vertex 79 34 1.2
vertex 79 34.000000000000036 0
endloop
endfacet
facet normal -0.9961946980917447 0.08715574274766881 0
outer loop
vertex 78.98480775301219 33.82635182233306 1.2
vertex 79 34.000000000000036 0
vertex 78.9848077530122 33.82635182233303 0
endloop
endfacet
facet normal -0.9961946980917447 -0.08715574274766881 0
outer loop
vertex 79 46.00000000000001 1.2
vertex 78.9848077530122 46.17364817766693 1.2
vertex 78.9848077530122 46.173648177666905 0
endloop
endfacet
facet normal -0.9961946980917447 -0.08715574274766881 0
outer loop
vertex 79 46.00000000000001 1.2
vertex 78.9848077530122 46.173648177666905 0
vertex 79 46.000000000000036 0
endloop
endfacet
facet normal -0.9659258262890704 -0.25881904510251297 0
outer loop
vertex 78.9848077530122 46.17364817766693 1.2
vertex 78.9396926207859 46.342020143325676 1.2
vertex 78.93969262078586 46.34202014332567 0
endloop
endfacet
facet normal -0.9659258262890704 -0.25881904510251297 0
outer loop
vertex 78.9848077530122 46.17364817766693 1.2
vertex 78.93969262078586 46.34202014332567 0
vertex 78.9848077530122 46.173648177666905 0
endloop
endfacet
facet normal -0.9063077870366388 -0.4226182617407234 0
outer loop
vertex 78.9396926207859 46.342020143325676 1.2
vertex 78.8660254037844 46.49999999999997 1.2
vertex 78.86602540378448 46.5 0
endloop
endfacet
facet normal -0.9063077870366388 -0.4226182617407234 0
outer loop
vertex 78.9396926207859 46.342020143325676 1.2
vertex 78.86602540378448 46.5 0
vertex 78.93969262078586 46.34202014332567 0
endloop
endfacet
facet normal -0.8191520442889821 -0.5735764363510599 0
outer loop
vertex 78.8660254037844 46.49999999999997 1.2
vertex 78.76604444311897 46.642787609686565 1.2
vertex 78.76604444311896 46.64278760968654 0
endloop
endfacet
facet normal -0.8191520442889821 -0.5735764363510599 0
outer loop
vertex 78.8660254037844 46.49999999999997 1.2
vertex 78.76604444311896 46.64278760968654 0
vertex 78.86602540378448 46.5 0
endloop
endfacet
facet normal -0.7071067811865689 -0.7071067811865263 0
outer loop
vertex 78.76604444311897 46.642787609686565 1.2
vertex 78.64278760968661 46.76604444311895 1.2
vertex 78.64278760968642 46.76604444311897 0
endloop
endfacet
facet normal -0.7071067811865689 -0.7071067811865263 0
outer loop
vertex 78.76604444311897 46.642787609686565 1.2
vertex 78.64278760968642 46.76604444311897 0
vertex 78.76604444311896 46.64278760968654 0
endloop
endfacet
facet normal -0.5735764363510599 -0.819152044288982 0
outer loop
vertex 78.64278760968661 46.76604444311895 1.2
vertex 78.49999999999989 46.86602540378447 1.2
vertex 78.50000000000014 46.866025403784455 0
endloop
endfacet
facet normal -0.5735764363510599 -0.819152044288982 0
outer loop
vertex 78.64278760968661 46.76604444311895 1.2
vertex 78.50000000000014 46.866025403784455 0
vertex 78.64278760968642 46.76604444311897 0
endloop
endfacet
facet normal -0.42261826174068157 -0.9063077870366583 0
outer loop
vertex 78.49999999999989 46.86602540378447 1.2
vertex 78.34202014332574 46.939692620785905 1.2
vertex 78.34202014332561 46.93969262078591 0
endloop
endfacet
facet normal -0.42261826174068157 -0.9063077870366583 0
outer loop
vertex 78.49999999999989 46.86602540378447 1.2
vertex 78.34202014332561 46.93969262078591 0
vertex 78.50000000000014 46.866025403784455 0
endloop
endfacet
facet normal -0.2588190451025271 -0.9659258262890666 0
outer loop
vertex 78.34202014332574 46.939692620785905 1.2
vertex 78.17364817766696 46.98480775301219 1.2
vertex 78.17364817766692 46.984807753012205 0
endloop
endfacet
facet normal -0.2588190451025271 -0.9659258262890666 0
outer loop
vertex 78.34202014332574 46.939692620785905 1.2
vertex 78.17364817766692 46.984807753012205 0
vertex 78.34202014332561 46.93969262078591 0
endloop
endfacet
facet normal -0.08715574274766881 -0.9961946980917447 0
outer loop
vertex 78.17364817766696 46.98480775301219 1.2
vertex 77.99999999999996 47 1.2
vertex 77.99999999999999 47 0
endloop
endfacet
facet normal -0.08715574274766881 -0.9961946980917447 0
outer loop
vertex 78.17364817766696 46.98480775301219 1.2
vertex 77.99999999999999 47 0
vertex 78.17364817766692 46.984807753012205 0
endloop
endfacet
facet normal 0.08715574274766877 -0.9961946980917447 0
outer loop
vertex 66.00000000000006 47 1.2
vertex 65.82635182233305 46.98480775301219 1.2
vertex 65.82635182233312 46.984807753012205 0
endloop
endfacet
facet normal 0.08715574274766877 -0.9961946980917447 0
outer loop
vertex 66.00000000000006 47 1.2
vertex 65.82635182233312 46.984807753012205 0
vertex 66.00000000000009 47 0
endloop
endfacet
facet normal 0.2588190451025269 -0.9659258262890666 0
outer loop
vertex 65.82635182233305 46.98480775301219 1.2
vertex 65.65797985667433 46.939692620785905 1.2
vertex 65.65797985667433 46.93969262078591 0
endloop
endfacet
facet normal 0.2588190451025269 -0.9659258262890666 0
outer loop
vertex 65.82635182233305 46.98480775301219 1.2
vertex 65.65797985667433 46.93969262078591 0
vertex 65.82635182233312 46.984807753012205 0
endloop
endfacet
facet normal 0.42261826174068057 -0.9063077870366587 0
outer loop
vertex 65.65797985667433 46.939692620785905 1.2
vertex 65.49999999999996 46.86602540378447 1.2
vertex 65.50000000000001 46.866025403784455 0
endloop
endfacet
facet normal 0.42261826174068057 -0.9063077870366587 0
outer loop
vertex 65.65797985667433 46.939692620785905 1.2
vertex 65.50000000000001 46.866025403784455 0
vertex 65.65797985667433 46.93969262078591 0
endloop
endfacet
facet normal 0.5735764363510631 -0.8191520442889799 0
outer loop
vertex 65.49999999999996 46.86602540378447 1.2
vertex 65.35721239031348 46.76604444311895 1.2
vertex 65.3572123903134 46.76604444311897 0
endloop
endfacet
facet normal 0.5735764363510631 -0.8191520442889799 0
outer loop
vertex 65.49999999999996 46.86602540378447 1.2
vertex 65.3572123903134 46.76604444311897 0
vertex 65.50000000000001 46.866025403784455 0
endloop
endfacet
facet normal 0.7071067811865689 -0.7071067811865263 0
outer loop
vertex 65.35721239031348 46.76604444311895 1.2
vertex 65.233955556881 46.642787609686565 1.2
vertex 65.23395555688104 46.64278760968654 0
endloop
endfacet
facet normal 0.7071067811865689 -0.7071067811865263 0
outer loop
vertex 65.35721239031348 46.76604444311895 1.2
vertex 65.23395555688104 46.64278760968654 0
vertex 65.3572123903134 46.76604444311897 0
endloop
endfacet
facet normal 0.8191520442889845 -0.5735764363510567 0
outer loop
vertex 65.233955556881 46.642787609686565 1.2
vertex 65.13397459621558 46.49999999999997 1.2
vertex 65.13397459621557 46.5 0
endloop
endfacet
facet normal 0.8191520442889845 -0.5735764363510567 0
outer loop
vertex 65.233955556881 46.642787609686565 1.2
vertex 65.13397459621557 46.5 0
vertex 65.23395555688104 46.64278760968654 0
endloop
endfacet
facet normal 0.9063077870366456 -0.42261826174070904 0
outer loop
vertex 65.13397459621558 46.49999999999997 1.2
vertex 65.06030737921411 46.342020143325676 1.2
vertex 65.0603073792141 46.34202014332567 0
endloop
endfacet
facet normal 0.9063077870366456 -0.42261826174070904 0
outer loop
vertex 65.13397459621558 46.49999999999997 1.2
vertex 65.0603073792141 46.34202014332567 0
vertex 65.13397459621557 46.5 0
endloop
endfacet
facet normal 0.9659258262890666 -0.2588190451025271 0
outer loop
vertex 65.06030737921411 46.342020143325676 1.2
vertex 65.0151922469878 46.17364817766693 1.2
vertex 65.0151922469878 46.173648177666905 0
endloop
endfacet
facet normal 0.9659258262890666 -0.2588190451025271 0
outer loop
vertex 65.06030737921411 46.342020143325676 1.2
vertex 65.0151922469878 46.173648177666905 0
vertex 65.0603073792141 46.34202014332567 0
endloop
endfacet
facet normal 0.9961946980917447 -0.08715574274766881 0
outer loop
vertex 65.0151922469878 46.17364817766693 1.2
vertex 65 46.00000000000001 1.2
vertex 65 46.000000000000036 0
endloop
endfacet
facet normal 0.9961946980917447 -0.08715574274766881 0
outer loop
vertex 65.0151922469878 46.17364817766693 1.2
vertex 65 46.000000000000036 0
vertex 65.0151922469878 46.173648177666905 0
endloop
endfacet
facet normal 0.9961946980917447 0.08715574274766881 0
outer loop
vertex 65 34 1.2
vertex 65.01519224698781 33.82635182233306 1.2
vertex 65.01519224698781 33.82635182233303 0
endloop
endfacet
facet normal 0.9961946980917447 0.08715574274766881 0
outer loop
vertex 65 34 1.2
vertex 65.01519224698781 33.82635182233303 0
vertex 65 34.000000000000036 0
endloop
endfacet
facet normal 0.9659258262890704 0.25881904510251297 0
outer loop
vertex 65.01519224698781 33.82635182233306 1.2
vertex 65.06030737921411 33.657979856674324 1.2
vertex 65.0603073792141 33.65797985667435 0
endloop
endfacet
facet normal 0.9659258262890704 0.25881904510251297 0
outer loop
vertex 65.01519224698781 33.82635182233306 1.2
vertex 65.0603073792141 33.65797985667435 0
vertex 65.01519224698781 33.82635182233303 0
endloop
endfacet
facet normal 0.9063077870366516 0.42261826174069594 0
outer loop
vertex 65.06030737921411 33.657979856674324 1.2
vertex 65.13397459621562 33.499999999999986 1.2
vertex 65.13397459621562 33.49999999999994 0
endloop
endfacet
facet normal 0.9063077870366516 0.42261826174069594 0
outer loop
vertex 65.06030737921411 33.657979856674324 1.2
vertex 65.13397459621562 33.49999999999994 0
vertex 65.0603073792141 33.65797985667435 0
endloop
endfacet
facet normal 0.8191520442889821 0.5735764363510599 0
outer loop
vertex 65.13397459621562 33.499999999999986 1.2
vertex 65.233955556881 33.35721239031348 1.2
vertex 65.23395555688099 33.35721239031349 0
endloop
endfacet
facet normal 0.8191520442889821 0.5735764363510599 0
outer loop
vertex 65.13397459621562 33.499999999999986 1.2
vertex 65.23395555688099 33.35721239031349 0
vertex 65.13397459621562 33.49999999999994 0
endloop
endfacet
facet normal 0.7071067811865689 0.7071067811865263 0
outer loop
vertex 65.233955556881 33.35721239031348 1.2
vertex 65.35721239031346 33.233955556881014 1.2
vertex 65.35721239031348 33.233955556881014 0
endloop
endfacet
facet normal 0.7071067811865689 0.7071067811865263 0
outer loop
vertex 65.233955556881 33.35721239031348 1.2
vertex 65.35721239031348 33.233955556881014 0
vertex 65.23395555688099 33.35721239031349 0
endloop
endfacet
facet normal 0.5735764363510599 0.8191520442889821 0
outer loop
vertex 65.35721239031346 33.233955556881014 1.2
vertex 65.49999999999999 33.13397459621556 1.2
vertex 65.50000000000001 33.13397459621555 0
endloop
endfacet
facet normal 0.5735764363510599 0.8191520442889821 0
outer loop
vertex 65.35721239031346 33.233955556881014 1.2
vertex 65.50000000000001 33.13397459621555 0
vertex 65.35721239031348 33.233955556881014 0
endloop
endfacet
facet normal 0.4226182617406731 0.9063077870366624 0
outer loop
vertex 65.49999999999999 33.13397459621556 1.2
vertex 65.65797985667436 33.060307379214095 1.2
vertex 65.65797985667433 33.06030737921409 0
endloop
endfacet
facet normal 0.4226182617406731 0.9063077870366624 0
outer loop
vertex 65.49999999999999 33.13397459621556 1.2
vertex 65.65797985667433 33.06030737921409 0
vertex 65.50000000000001 33.13397459621555 0
endloop
endfacet
facet normal 0.2588190451025271 0.9659258262890666 0
outer loop
vertex 65.65797985667436 33.060307379214095 1.2
vertex 65.82635182233308 33.01519224698779 1.2
vertex 65.8263518223331 33.01519224698779 0
endloop
endfacet
facet normal 0.2588190451025271 0.9659258262890666 0
outer loop
vertex 65.65797985667436 33.060307379214095 1.2
vertex 65.8263518223331 33.01519224698779 0
vertex 65.65797985667433 33.06030737921409 0
endloop
endfacet
facet normal 0.08715574274766878 0.9961946980917447 0
outer loop
vertex 65.82635182233308 33.01519224698779 1.2
vertex 65.99999999999997 33 1.2
vertex 66 33 0
endloop
endfacet
facet normal 0.08715574274766878 0.9961946980917447 0
outer loop
vertex 65.82635182233308 33.01519224698779 1.2
vertex 66 33 0
vertex 65.8263518223331 33.01519224698779 0
endloop
endfacet
facet normal 0 1 0
outer loop
vertex 78 -22 1.2
vertex 78 -22 0
vertex 66.00000000000001 -22 0
endloop
endfacet
facet normal 0 1 0
outer loop
vertex 78 -22 1.2
vertex 66.00000000000001 -22 0
vertex 66 -22 1.2
endloop
endfacet
facet normal -0.08715574274765456 0.996194698091746 0
outer loop
vertex 78 -22 1.2
vertex 78.1736481776669 -21.984807753012213 1.2
vertex 78.17364817766695 -21.98480775301221 0
endloop
endfacet
facet normal -0.08715574274765456 0.996194698091746 0
outer loop
vertex 78 -22 1.2
vertex 78.17364817766695 -21.98480775301221 0
vertex 78 -22 0
endloop
endfacet
facet normal -0.2588190451025271 0.9659258262890666 0
outer loop
vertex 78.1736481776669 -21.984807753012213 1.2
vertex 78.34202014332567 -21.93969262078591 1.2
vertex 78.34202014332564 -21.939692620785916 0
endloop
endfacet
facet normal -0.2588190451025271 0.9659258262890666 0
outer loop
vertex 78.1736481776669 -21.984807753012213 1.2
vertex 78.34202014332564 -21.939692620785916 0
vertex 78.17364817766695 -21.98480775301221 0
endloop
endfacet
facet normal -0.42261826174070904 0.9063077870366456 0
outer loop
vertex 78.34202014332567 -21.93969262078591 1.2
vertex 78.49999999999996 -21.866025403784455 1.2
vertex 78.49999999999996 -21.86602540378445 0
endloop
endfacet
facet normal -0.42261826174070904 0.9063077870366456 0
outer loop
vertex 78.34202014332567 -21.93969262078591 1.2
vertex 78.49999999999996 -21.86602540378445 0
vertex 78.34202014332564 -21.939692620785916 0
endloop
endfacet
facet normal -0.573576436351047 0.8191520442889912 0
outer loop
vertex 78.49999999999996 -21.866025403784455 1.2
vertex 78.64278760968658 -21.76604444311894 1.2
vertex 78.64278760968661 -21.766044443118922 0
endloop
endfacet
facet normal -0.573576436351047 0.8191520442889912 0
outer loop
vertex 78.49999999999996 -21.866025403784455 1.2
vertex 78.64278760968661 -21.766044443118922 0
vertex 78.49999999999996 -21.86602540378445 0
endloop
endfacet
facet normal -0.7071067811865547 0.7071067811865405 0
outer loop
vertex 78.64278760968658 -21.76604444311894 1.2
vertex 78.76604444311894 -21.64278760968657 1.2
vertex 78.76604444311894 -21.64278760968657 0
endloop
endfacet
facet normal -0.7071067811865547 0.7071067811865405 0
outer loop
vertex 78.64278760968658 -21.76604444311894 1.2
vertex 78.76604444311894 -21.64278760968657 0
vertex 78.64278760968661 -21.766044443118922 0
endloop
endfacet
facet normal -0.8191520442889821 0.5735764363510599 0
outer loop
vertex 78.76604444311894 -21.64278760968657 1.2
vertex 78.86602540378442 -21.500000000000014 1.2
vertex 78.86602540378439 -21.50000000000006 0
endloop
endfacet
facet normal -0.8191520442889821 0.5735764363510599 0
outer loop
vertex 78.76604444311894 -21.64278760968657 1.2
vertex 78.86602540378439 -21.50000000000006 0
vertex 78.76604444311894 -21.64278760968657 0
endloop
endfacet
facet normal -0.9063077870366456 0.42261826174070904 0
outer loop
vertex 78.86602540378442 -21.500000000000014 1.2
vertex 78.93969262078592 -21.34202014332561 1.2
vertex 78.93969262078592 -21.34202014332559 0
endloop
endfacet
facet normal -0.9063077870366456 0.42261826174070904 0
outer loop
vertex 78.86602540378442 -21.500000000000014 1.2
vertex 78.93969262078592 -21.34202014332559 0
vertex 78.86602540378439 -21.50000000000006 0
endloop
endfacet
facet normal -0.9659258262890666 0.2588190451025271 0
outer loop
vertex 78.93969262078592 -21.34202014332561 1.2
vertex 78.9848077530122 -21.17364817766694 1.2
vertex 78.98480775301219 -21.17364817766695 0
endloop
endfacet
facet normal -0.9659258262890666 0.2588190451025271 0
outer loop
vertex 78.93969262078592 -21.34202014332561 1.2
vertex 78.98480775301219 -21.17364817766695 0
vertex 78.93969262078592 -21.34202014332559 0
endloop
endfacet
facet normal -0.9961946980917447 0.08715574274766881 0
outer loop
vertex 78.9848077530122 -21.17364817766694 1.2
vertex 79 -20.99999999999987 1.2
vertex 79 -21 0
endloop
endfacet
facet normal -0.9961946980917447 0.08715574274766881 0
outer loop
vertex 78.9848077530122 -21.17364817766694 1.2
vertex 79 -21 0
vertex 78.98480775301219 -21.17364817766695 0
endloop
endfacet
facet normal -0.9961946980917434 -0.087155742747683 0
outer loop
vertex 79 -8.999999999999975 1.2
vertex 78.9848077530122 -8.826351822332992 1.2
vertex 78.98480775301219 -8.82635182233295 0
endloop
endfacet
facet normal -0.9961946980917434 -0.087155742747683 0
outer loop
vertex 79 -8.999999999999975 1.2
vertex 78.98480775301219 -8.82635182233295 0
vertex 79 -8.999999999999993 0
endloop
endfacet
facet normal 0 0 -1
outer loop
vertex 78.9848077530122 -8.826351822332992 1.2
vertex 78.97906234774987 -8.80490967798396 1.2
vertex 78.93969262078592 -8.657979856674347 1.2
endloop
endfacet
facet normal 0 0 -1
outer loop
vertex 78.9848077530122 -8.826351822332992 1.2
vertex 78.93969262078592 -8.657979856674347 1.2
vertex 78.93969262078593 -8.65797985667438 0
endloop
endfacet
facet normal 0 0 -1
outer loop
vertex 78.9848077530122 -8.826351822332992 1.2
vertex 78.93969262078593 -8.65797985667438 0
vertex 78.97906234774987 -8.804909677983915 0
endloop
endfacet
facet normal 0 0 -1
outer loop
vertex 78.9848077530122 -8.826351822332992 1.2
vertex 78.97906234774987 -8.804909677983915 0
vertex 78.98480775301219 -8.82635182233295 0
endloop
endfacet
facet normal 0 0 -1
outer loop
vertex 78.93969262078592 -8.657979856674347 1.2
vertex 78.92073101770102 -8.617316567634827 1.2
vertex 78.86602540378443 -8.499999999999977 1.2
endloop
endfacet
facet normal 0 0 -1
outer loop
vertex 78.93969262078592 -8.657979856674347 1.2
vertex 78.86602540378443 -8.499999999999977 1.2
vertex 78.86602540378443 -8.499999999999979 0
endloop
endfacet
facet normal 0 0 -1
outer loop
vertex 78.93969262078592 -8.657979856674347 1.2
vertex 78.86602540378443 -8.499999999999979 0
vertex 78.92073101770103 -8.617316567634846 0
endloop
endfacet
facet normal 0 0 -1
outer loop
vertex 78.93969262078592 -8.657979856674347 1.2
vertex 78.92073101770103 -8.617316567634846 0
vertex 78.93969262078593 -8.65797985667438 0
endloop
endfacet
facet normal 0 0 1
outer loop
vertex 78.86602540378443 -8.499999999999977 1.2
vertex 78.82711470772406 -8.44442976698041 1.2
vertex 78.76604444311903 -8.357212390313514 1.2
endloop
endfacet
facet normal 0 0 1
outer loop
vertex 78.86602540378443 -8.499999999999977 1.2
vertex 78.76604444311903 -8.357212390313514 1.2
vertex 78.76604444311901 -8.357212390313498 0
endloop
endfacet
facet normal 0 0 1
outer loop
vertex 78.86602540378443 -8.499999999999977 1.2
vertex 78.76604444311901 -8.357212390313498 0
vertex 78.82711470772405 -8.444429766980395 0
endloop
endfacet
facet normal 0 0 1
outer loop
vertex 78.86602540378443 -8.499999999999977 1.2
vertex 78.82711470772405 -8.444429766980395 0
vertex 78.86602540378443 -8.499999999999979 0
endloop
endfacet
facet normal 0 0 1
outer loop
vertex 78.76604444311903 -8.357212390313514 1.2
vertex 78.70172527161895 -8.292893218813436 1.2
vertex 78.64278760968655 -8.233955556881035 1.2
endloop
endfacet
facet normal 0 0 1
outer loop
vertex 78.76604444311903 -8.357212390313514 1.2
vertex 78.64278760968655 -8.233955556881035 1.2
vertex 78.64278760968655 -8.233955556881037 0
endloop
endfacet
facet normal 0 0 1
outer loop
vertex 78.76604444311903 -8.357212390313514 1.2
vertex 78.64278760968655 -8.233955556881037 0
vertex 78.70172527161897 -8.292893218813454 0
endloop
endfacet
facet normal 0 0 1
outer loop
vertex 78.76604444311903 -8.357212390313514 1.2
vertex 78.70172527161897 -8.292893218813454 0
vertex 78.76604444311901 -8.357212390313498 0
endloop
endfacet
facet normal 0 0 -1
outer loop
vertex 78.64278760968655 -8.233955556881035 1.2
vertex 78.54935078472626 -8.168530387697455 1.2
vertex 78.5 -8.133974596215563 1.2
endloop
endfacet
facet normal 0 0 -1
outer loop
vertex 78.64278760968655 -8.233955556881035 1.2
vertex 78.5 -8.133974596215563 1.2
vertex 78.49999999999997 -8.13397459621555 0
endloop
endfacet
facet normal 0 0 -1
outer loop
vertex 78.64278760968655 -8.233955556881035 1.2
vertex 78.49999999999997 -8.13397459621555 0
vertex 78.54935078472626 -8.168530387697455 0
endloop
endfacet
facet normal 0 0 -1
outer loop
vertex 78.64278760968655 -8.233955556881035 1.2
vertex 78.54935078472626 -8.168530387697455 0
vertex 78.64278760968655 -8.233955556881037 0
endloop
endfacet
facet normal 0 0 1
outer loop
vertex 78.5 -8.133974596215563 1.2
vertex 78.37593142056521 -8.076120467488707 1.2
vertex 78.34202014332566 -8.060307379214086 1.2
endloop
endfacet
facet normal 0 0 1
outer loop
vertex 78.5 -8.133974596215563 1.2
vertex 78.34202014332566 -8.060307379214086 1.2
vertex 78.34202014332567 -8.060307379214095 0
endloop
endfacet
facet normal 0 0 1
outer loop
vertex 78.5 -8.133974596215563 1.2
vertex 78.34202014332567 -8.060307379214095 0
vertex 78.37593142056521 -8.07612046748871 0
endloop
endfacet
facet normal 0 0 1
outer loop
vertex 78.5 -8.133974596215563 1.2
vertex 78.37593142056521 -8.07612046748871 0
vertex 78.49999999999997 -8.13397459621555 0
endloop
endfacet
facet normal 0 0 1
outer loop
vertex 78.34202014332566 -8.060307379214086 1.2
vertex 78.1886602498157 -8.01921471959677 1.2
vertex 78.17364817766695 -8.015192246987795 1.2
endloop
endfacet
facet normal 0 0 1
outer loop
vertex 78.34202014332566 -8.060307379214086 1.2
vertex 78.17364817766695 -8.015192246987795 1.2
vertex 78.17364817766692 -8.015192246987791 0
endloop
endfacet
facet normal 0 0 1
outer loop
vertex 78.34202014332566 -8.060307379214086 1.2
vertex 78.17364817766692 -8.015192246987791 0
vertex 78.18866024981568 -8.019214719596771 0
endloop
endfacet
facet normal 0 0 1
outer loop
vertex 78.34202014332566 -8.060307379214086 1.2
vertex 78.18866024981568 -8.019214719596771 0
vertex 78.34202014332567 -8.060307379214095 0
endloop
endfacet
facet normal -0.08715574274766147 -0.9961946980917453 0
outer loop
vertex 78.17364817766695 -8.015192246987795 1.2
vertex 78 -8 1.2
vertex 78 -8 0
endloop
endfacet
facet normal -0.08715574274766147 -0.9961946980917453 0
outer loop
vertex 78.17364817766695 -8.015192246987795 1.2
vertex 78 -8 0
vertex 78.17364817766692 -8.015192246987791 0
endloop
endfacet
facet normal 0 -1 0
outer loop
vertex 78 -8 0
vertex 78 -8 1.2
vertex 66 -8 1.2
endloop
endfacet
facet normal 0 -1 0
outer loop
vertex 78 -8 0
vertex 66 -8 1.2
vertex 66.00000000000001 -8 0
endloop
endfacet
facet normal 0.08715574274766169 -0.9961946980917452 0
outer loop
vertex 66 -8 1.2
vertex 65.8263518223331 -8.015192246987795 1.2
vertex 65.8263518223331 -8.015192246987791 0
endloop
endfacet
facet normal 0.08715574274766169 -0.9961946980917452 0
outer loop
vertex 66 -8 1.2
vertex 65.8263518223331 -8.015192246987791 0
vertex 66.00000000000001 -8 0
endloop
endfacet
facet normal 0.2588190451025163 -0.9659258262890695 0
outer loop
vertex 65.8263518223331 -8.015192246987795 1.2
vertex 65.65797985667427 -8.060307379214086 1.2
vertex 65.65797985667432 -8.060307379214095 0
endloop
endfacet
facet normal 0.2588190451025163 -0.9659258262890695 0
outer loop
vertex 65.8263518223331 -8.015192246987795 1.2
vertex 65.65797985667432 -8.060307379214095 0
vertex 65.8263518223331 -8.015192246987791 0
endloop
endfacet
facet normal 0.42261826174070183 -0.9063077870366489 0
outer loop
vertex 65.65797985667427 -8.060307379214086 1.2
vertex 65.50000000000004 -8.133974596215563 1.2
vertex 65.50000000000003 -8.13397459621555 0
endloop
endfacet
facet normal 0.42261826174070183 -0.9063077870366489 0
outer loop
vertex 65.65797985667427 -8.060307379214086 1.2
vertex 65.50000000000003 -8.13397459621555 0
vertex 65.65797985667432 -8.060307379214095 0
endloop
endfacet
facet normal 0.573576436351055 -0.8191520442889855 0
outer loop
vertex 65.50000000000004 -8.133974596215563 1.2
vertex 65.35721239031344 -8.233955556881035 1.2
vertex 65.35721239031348 -8.233955556881037 0
endloop
endfacet
facet normal 0.573576436351055 -0.8191520442889855 0
outer loop
vertex 65.50000000000004 -8.133974596215563 1.2
vertex 65.35721239031348 -8.233955556881037 0
vertex 65.50000000000003 -8.13397459621555 0
endloop
endfacet
facet normal 0.7071067811865618 -0.7071067811865334 0
outer loop
vertex 65.35721239031344 -8.233955556881035 1.2
vertex 65.23395555688101 -8.357212390313514 1.2
vertex 65.23395555688096 -8.357212390313498 0
endloop
endfacet
facet normal 0.7071067811865618 -0.7071067811865334 0
outer loop
vertex 65.35721239031344 -8.233955556881035 1.2
vertex 65.23395555688096 -8.357212390313498 0
vertex 65.35721239031348 -8.233955556881037 0
endloop
endfacet
facet normal 0.8191520442889911 -0.573576436351047 0
outer loop
vertex 65.23395555688101 -8.357212390313514 1.2
vertex 65.13397459621557 -8.499999999999977 1.2
vertex 65.13397459621561 -8.499999999999979 0
endloop
endfacet
facet normal 0.8191520442889911 -0.573576436351047 0
outer loop
vertex 65.23395555688101 -8.357212390313514 1.2
vertex 65.13397459621561 -8.499999999999979 0
vertex 65.23395555688096 -8.357212390313498 0
endloop
endfacet
facet normal 0.9063077870366456 -0.42261826174070904 0
outer loop
vertex 65.13397459621557 -8.499999999999977 1.2
vertex 65.06030737921411 -8.657979856674347 1.2
vertex 65.06030737921407 -8.65797985667438 0
endloop
endfacet
facet normal 0.9063077870366456 -0.42261826174070904 0
outer loop
vertex 65.13397459621557 -8.499999999999977 1.2
vertex 65.06030737921407 -8.65797985667438 0
vertex 65.13397459621561 -8.499999999999979 0
endloop
endfacet
facet normal 0.9659258262890666 -0.2588190451025271 0
outer loop
vertex 65.06030737921411 -8.657979856674347 1.2
vertex 65.0151922469878 -8.826351822332992 1.2
vertex 65.01519224698784 -8.82635182233295 0
endloop
endfacet
facet normal 0.9659258262890666 -0.2588190451025271 0
outer loop
vertex 65.06030737921411 -8.657979856674347 1.2
vertex 65.01519224698784 -8.82635182233295 0
vertex 65.06030737921407 -8.65797985667438 0
endloop
endfacet
facet normal 0.9961946980917447 -0.08715574274766881 0
outer loop
vertex 65.0151922469878 -8.826351822332992 1.2
vertex 65 -8.999999999999975 1.2
vertex 65 -8.999999999999993 0
endloop
endfacet
facet normal 0.9961946980917447 -0.08715574274766881 0
outer loop
vertex 65.0151922469878 -8.826351822332992 1.2
vertex 65 -8.999999999999993 0
vertex 65.01519224698784 -8.82635182233295 0
endloop
endfacet
facet normal 0.9961946980917434 0.087155742747683 0
outer loop
vertex 65 -20.99999999999987 1.2
vertex 65.0151922469878 -21.17364817766694 1.2
vertex 65.0151922469878 -21.17364817766695 0
endloop
endfacet
facet normal 0.9961946980917434 0.087155742747683 0
outer loop
vertex 65 -20.99999999999987 1.2
vertex 65.0151922469878 -21.17364817766695 0
vertex 65 -21 0
endloop
endfacet
facet normal 0.9659258262890685 0.2588190451025201 0
outer loop
vertex 65.0151922469878 -21.17364817766694 1.2
vertex 65.06030737921408 -21.34202014332561 1.2
vertex 65.06030737921408 -21.34202014332559 0
endloop
endfacet
facet normal 0.9659258262890685 0.2588190451025201 0
outer loop
vertex 65.0151922469878 -21.17364817766694 1.2
vertex 65.06030737921408 -21.34202014332559 0
vertex 65.0151922469878 -21.17364817766695 0
endloop
endfacet
facet normal 0.9063077870366456 0.42261826174070904 0
outer loop
vertex 65.06030737921408 -21.34202014332561 1.2
vertex 65.13397459621557 -21.500000000000014 1.2
vertex 65.13397459621562 -21.50000000000006 0
endloop
endfacet
facet normal 0.9063077870366456 0.42261826174070904 0
outer loop
vertex 65.06030737921408 -21.34202014332561 1.2
vertex 65.13397459621562 -21.50000000000006 0
vertex 65.06030737921408 -21.34202014332559 0
endloop
endfacet
facet normal 0.8191520442889866 0.5735764363510534 0
outer loop
vertex 65.13397459621557 -21.500000000000014 1.2
vertex 65.23395555688103 -21.64278760968657 1.2
vertex 65.23395555688103 -21.64278760968657 0
endloop
endfacet
facet normal 0.8191520442889866 0.5735764363510534 0
outer loop
vertex 65.13397459621557 -21.500000000000014 1.2
vertex 65.23395555688103 -21.64278760968657 0
vertex 65.13397459621562 -21.50000000000006 0
endloop
endfacet
facet normal 0.7071067811865565 0.7071067811865387 0
outer loop
vertex 65.23395555688103 -21.64278760968657 1.2
vertex 65.35721239031349 -21.76604444311894 1.2
vertex 65.35721239031336 -21.766044443118922 0
endloop
endfacet
facet normal 0.7071067811865565 0.7071067811865387 0
outer loop
vertex 65.23395555688103 -21.64278760968657 1.2
vertex 65.35721239031336 -21.766044443118922 0
vertex 65.23395555688103 -21.64278760968657 0
endloop
endfacet
facet normal 0.573576436351047 0.8191520442889911 0
outer loop
vertex 65.35721239031349 -21.76604444311894 1.2
vertex 65.5 -21.866025403784455 1.2
vertex 65.50000000000007 -21.86602540378445 0
endloop
endfacet
facet normal 0.573576436351047 0.8191520442889911 0
outer loop
vertex 65.35721239031349 -21.76604444311894 1.2
vertex 65.50000000000007 -21.86602540378445 0
vertex 65.35721239031336 -21.766044443118922 0
endloop
endfacet
facet normal 0.4226182617407089 0.9063077870366457 0
outer loop
vertex 65.5 -21.866025403784455 1.2
vertex 65.6579798566743 -21.93969262078591 1.2
vertex 65.65797985667433 -21.939692620785916 0
endloop
endfacet
facet normal 0.4226182617407089 0.9063077870366457 0
outer loop
vertex 65.5 -21.866025403784455 1.2
vertex 65.65797985667433 -21.939692620785916 0
vertex 65.50000000000007 -21.86602540378445 0
endloop
endfacet
facet normal 0.25881904510252696 0.9659258262890666 0
outer loop
vertex 65.6579798566743 -21.93969262078591 1.2
vertex 65.82635182233307 -21.984807753012213 1.2
vertex 65.82635182233307 -21.98480775301221 0
endloop
endfacet
facet normal 0.25881904510252696 0.9659258262890666 0
outer loop
vertex 65.6579798566743 -21.93969262078591 1.2
vertex 65.82635182233307 -21.98480775301221 0
vertex 65.65797985667433 -21.939692620785916 0
endloop
endfacet
facet normal 0.08715574274765103 0.9961946980917462 0
outer loop
vertex 65.82635182233307 -21.984807753012213 1.2
vertex 66 -22 1.2
vertex 66.00000000000001 -22 0
endloop
endfacet
facet normal 0.08715574274765103 0.9961946980917462 0
outer loop
vertex 65.82635182233307 -21.984807753012213 1.2
vertex 66.00000000000001 -22 0
vertex 65.82635182233307 -21.98480775301221 0
endloop
endfacet
facet normal -0.9951847266721969 0.09801714032955999 0
outer loop
vertex 6.980785280403232 45.304909677983886 1.2
vertex 7 45.5 1.2
vertex 7 45.5 0
endloop
endfacet
facet normal -0.9951847266721969 0.09801714032955999 0
outer loop
vertex 6.980785280403232 45.304909677983886 1.2
vertex 7 45.5 0
vertex 6.98078528040323 45.30490967798387 0
endloop
endfacet
facet normal -0.9951847266721969 -0.09801714032955999 0
outer loop
vertex 7 45.5 1.2
vertex 6.98078528040323 45.69509032201613 1.2
vertex 6.980785280403232 45.69509032201613 0
endloop
endfacet
facet normal -0.9951847266721969 -0.09801714032955999 0
outer loop
vertex 7 45.5 1.2
vertex 6.980785280403232 45.69509032201613 0
vertex 7 45.5 0
endloop
endfacet
facet normal -0.9569403357322102 -0.29028467725445845 0
outer loop
vertex 6.98078528040323 45.69509032201613 1.2
vertex 6.9238795325112905 45.882683432365084 1.2
vertex 6.923879532511279 45.882683432365106 0
endloop
endfacet
facet normal -0.9569403357322102 -0.29028467725445845 0
outer loop
vertex 6.98078528040323 45.69509032201613 1.2
vertex 6.923879532511279 45.882683432365106 0
vertex 6.980785280403232 45.69509032201613 0
endloop
endfacet
facet normal 0 0 -1
outer loop
vertex 6.9238795325112905 45.882683432365084 1.2
vertex 6.8611725206788945 46.00000000000001 1.2
vertex 6.8314696123025405 46.0555702330196 1.2
endloop
endfacet
facet normal 0 0 -1
outer loop
vertex 6.9238795325112905 45.882683432365084 1.2
vertex 6.8314696123025405 46.0555702330196 1.2
vertex 6.831469612302556 46.05557023301959 0
endloop
endfacet
facet normal 0 0 -1
outer loop
vertex 6.9238795325112905 45.882683432365084 1.2
vertex 6.831469612302556 46.05557023301959 0
vertex 6.861172520678884 46.000000000000036 0
endloop
endfacet
facet normal 0 0 -1
outer loop
vertex 6.9238795325112905 45.882683432365084 1.2
vertex 6.861172520678884 46.000000000000036 0
vertex 6.923879532511279 45.882683432365106 0
endloop
endfacet
facet normal 0 0 1
outer loop
vertex 6.8314696123025405 46.0555702330196 1.2
vertex 6.734565547465842 46.17364817766693 1.2
vertex 6.7071067811865515 46.20710678118654 1.2
endloop
endfacet
facet normal 0 0 1
outer loop
vertex 6.8314696123025405 46.0555702330196 1.2
vertex 6.7071067811865515 46.20710678118654 1.2
vertex 6.707106781186553 46.20710678118656 0
endloop
endfacet
facet normal 0 0 1
outer loop
vertex 6.8314696123025405 46.0555702330196 1.2
vertex 6.707106781186553 46.20710678118656 0
vertex 6.734565547465863 46.173648177666905 0
endloop
endfacet
facet normal 0 0 1
outer loop
vertex 6.8314696123025405 46.0555702330196 1.2
vertex 6.734565547465863 46.173648177666905 0
vertex 6.831469612302556 46.05557023301959 0
endloop
endfacet
facet normal -0.6343932841636577 -0.7730104533627269 0
outer loop
vertex 6.7071067811865515 46.20710678118654 1.2
vertex 6.555570233019615 46.33146961230254 1.2
vertex 6.555570233019587 46.33146961230256 0
endloop
endfacet
facet normal -0.6343932841636577 -0.7730104533627269 0
outer loop
vertex 6.7071067811865515 46.20710678118654 1.2
vertex 6.555570233019587 46.33146961230256 0
vertex 6.707106781186553 46.20710678118656 0
endloop
endfacet
facet normal 0 0 -1
outer loop
vertex 6.555570233019615 46.33146961230254 1.2
vertex 6.535831577800822 46.342020143325676 1.2
vertex 6.3826834323651065 46.42387953251128 1.2
endloop
endfacet
facet normal 0 0 -1
outer loop
vertex 6.555570233019615 46.33146961230254 1.2
vertex 6.3826834323651065 46.42387953251128 1.2
vertex 6.382683432365113 46.423879532511286 0
endloop
endfacet
facet normal 0 0 -1
outer loop
vertex 6.555570233019615 46.33146961230254 1.2
vertex 6.382683432365113 46.423879532511286 0
vertex 6.535831577800853 46.34202014332567 0
endloop
endfacet
facet normal 0 0 -1
outer loop
vertex 6.555570233019615 46.33146961230254 1.2
vertex 6.535831577800853 46.34202014332567 0
vertex 6.555570233019587 46.33146961230256 0
endloop
endfacet
facet normal -0.29028467725447643 -0.9569403357322047 0
outer loop
vertex 6.3826834323651065 46.42387953251128 1.2
vertex 6.195090322016147 46.480785280403225 1.2
vertex 6.195090322016135 46.48078528040323 0
endloop
endfacet
facet normal -0.29028467725447643 -0.9569403357322047 0
outer loop
vertex 6.3826834323651065 46.42387953251128 1.2
vertex 6.195090322016135 46.48078528040323 0
vertex 6.382683432365113 46.423879532511286 0
endloop
endfacet
facet normal -0.09801714032955289 -0.9951847266721976 0
outer loop
vertex 6.195090322016147 46.480785280403225 1.2
vertex 6.000000000000014 46.49999999999997 1.2
vertex 5.999999999999986 46.5 0
endloop
endfacet
facet normal -0.09801714032955289 -0.9951847266721976 0
outer loop
vertex 6.195090322016147 46.480785280403225 1.2
vertex 5.999999999999986 46.5 0
vertex 6.195090322016135 46.48078528040323 0
endloop
endfacet
facet normal 0.09801714032955285 -0.9951847266721976 0
outer loop
vertex 6.000000000000014 46.49999999999997 1.2
vertex 5.804909677983829 46.480785280403225 1.2
vertex 5.804909677983877 46.48078528040323 0
endloop
endfacet
facet normal 0.09801714032955285 -0.9951847266721976 0
outer loop
vertex 6.000000000000014 46.49999999999997 1.2
vertex 5.804909677983877 46.48078528040323 0
vertex 5.999999999999986 46.5 0
endloop
endfacet
facet normal 0.29028467725447643 -0.9569403357322047 0
outer loop
vertex 5.804909677983829 46.480785280403225 1.2
vertex 5.617316567634937 46.42387953251128 1.2
vertex 5.617316567634908 46.423879532511286 0
endloop
endfacet
facet normal 0.29028467725447643 -0.9569403357322047 0
outer loop
vertex 5.804909677983829 46.480785280403225 1.2
vertex 5.617316567634908 46.423879532511286 0
vertex 5.804909677983877 46.48078528040323 0
endloop
endfacet
facet normal 0.47139673682598043 -0.8819212643483644 0
outer loop
vertex 5.617316567634937 46.42387953251128 1.2
vertex 5.4444297669803845 46.33146961230254 1.2
vertex 5.444429766980418 46.33146961230256 0
endloop
endfacet
facet normal 0.47139673682598043 -0.8819212643483644 0
outer loop
vertex 5.617316567634937 46.42387953251128 1.2
vertex 5.444429766980418 46.33146961230256 0
vertex 5.617316567634908 46.423879532511286 0
endloop
endfacet
facet normal 0.634393284163656 -0.7730104533627283 0
outer loop
vertex 5.4444297669803845 46.33146961230254 1.2
vertex 5.292893218813447 46.20710678118654 1.2
vertex 5.292893218813462 46.20710678118656 0
endloop
endfacet
facet normal 0.634393284163656 -0.7730104533627283 0
outer loop
vertex 5.4444297669803845 46.33146961230254 1.2
vertex 5.292893218813462 46.20710678118656 0
vertex 5.444429766980418 46.33146961230256 0
endloop
endfacet
facet normal 0.7730104533627413 -0.6343932841636402 0
outer loop
vertex 5.292893218813447 46.20710678118654 1.2
vertex 5.168530387697444 46.0555702330196 1.2
vertex 5.168530387697442 46.05557023301959 0
endloop
endfacet
facet normal 0.7730104533627413 -0.6343932841636402 0
outer loop
vertex 5.292893218813447 46.20710678118654 1.2
vertex 5.168530387697442 46.05557023301959 0
vertex 5.292893218813462 46.20710678118656 0
endloop
endfacet
facet normal 0.881921264348354 -0.4713967368259997 0
outer loop
vertex 5.168530387697444 46.0555702330196 1.2
vertex 5.076120467488721 45.882683432365084 1.2
vertex 5.076120467488729 45.882683432365106 0
endloop
endfacet
facet normal 0.881921264348354 -0.4713967368259997 0
outer loop
vertex 5.168530387697444 46.0555702330196 1.2
vertex 5.076120467488729 45.882683432365106 0
vertex 5.168530387697442 46.05557023301959 0
endloop
endfacet
facet normal 0.956940335732211 -0.2902846772544549 0
outer loop
vertex 5.076120467488721 45.882683432365084 1.2
vertex 5.019214719596768 45.69509032201613 1.2
vertex 5.019214719596773 45.69509032201613 0
endloop
endfacet
facet normal 0.956940335732211 -0.2902846772544549 0
outer loop
vertex 5.076120467488721 45.882683432365084 1.2
vertex 5.019214719596773 45.69509032201613 0
vertex 5.076120467488729 45.882683432365106 0
endloop
endfacet
facet normal 0.9951847266721969 -0.09801714032956006 0
outer loop
vertex 5.019214719596768 45.69509032201613 1.2
vertex 5 45.5 1.2
vertex 4.999999999999999 45.5 0
endloop
endfacet
facet normal 0.9951847266721969 -0.09801714032956006 0
outer loop
vertex 5.019214719596768 45.69509032201613 1.2
vertex 4.999999999999999 45.5 0
vertex 5.019214719596773 45.69509032201613 0
endloop
endfacet
facet normal 0.9951847266721969 0.09801714032955999 0
outer loop
vertex 5 45.5 1.2
vertex 5.019214719596768 45.304909677983886 1.2
vertex 5.01921471959677 45.30490967798387 0
endloop
endfacet
facet normal 0.9951847266721969 0.09801714032955999 0
outer loop
vertex 5 45.5 1.2
vertex 5.01921471959677 45.30490967798387 0
vertex 4.999999999999999 45.5 0
endloop
endfacet
facet normal 0.9569403357322102 0.29028467725445845 0
outer loop
vertex 5.019214719596768 45.304909677983886 1.2
vertex 5.076120467488721 45.117316567634894 1.2
vertex 5.076120467488711 45.11731656763491 0
endloop
endfacet
facet normal 0.9569403357322102 0.29028467725445845 0
outer loop
vertex 5.019214719596768 45.304909677983886 1.2
vertex 5.076120467488711 45.11731656763491 0
vertex 5.01921471959677 45.30490967798387 0
endloop
endfacet
facet normal 0.8819212643483529 0.47139673682600136 0
outer loop
vertex 5.076120467488721 45.117316567634894 1.2
vertex 5.168530387697466 44.9444297669804 1.2
vertex 5.1685303876974515 44.944429766980406 0
endloop
endfacet
facet normal 0.8819212643483529 0.47139673682600136 0
outer loop
vertex 5.076120467488721 45.117316567634894 1.2
vertex 5.1685303876974515 44.944429766980406 0
vertex 5.076120467488711 45.11731656763491 0
endloop
endfacet
facet normal 0.7730104533627382 0.634393284163644 0
outer loop
vertex 5.168530387697466 44.9444297669804 1.2
vertex 5.292893218813447 44.792893218813454 1.2
vertex 5.292893218813455 44.79289321881346 0
endloop
endfacet
facet normal 0.7730104533627382 0.634393284163644 0
outer loop
vertex 5.168530387697466 44.9444297669804 1.2
vertex 5.292893218813455 44.79289321881346 0
vertex 5.1685303876974515 44.944429766980406 0
endloop
endfacet
facet normal 0.6343932841636599 0.7730104533627252 0
outer loop
vertex 5.292893218813447 44.792893218813454 1.2
vertex 5.444429766980406 44.668530387697444 1.2
vertex 5.444429766980399 44.66853038769745 0
endloop
endfacet
facet normal 0.6343932841636599 0.7730104533627252 0
outer loop
vertex 5.292893218813447 44.792893218813454 1.2
vertex 5.444429766980399 44.66853038769745 0
vertex 5.292893218813455 44.79289321881346 0
endloop
endfacet
facet normal 0.47139673682598743 0.8819212643483606 0
outer loop
vertex 5.444429766980406 44.668530387697444 1.2
vertex 5.61731656763493 44.57612046748871 1.2
vertex 5.6173165676349734 44.57612046748869 0
endloop
endfacet
facet normal 0.47139673682598743 0.8819212643483606 0
outer loop
vertex 5.444429766980406 44.668530387697444 1.2
vertex 5.6173165676349734 44.57612046748869 0
vertex 5.444429766980399 44.66853038769745 0
endloop
endfacet
facet normal 0.2902846772544764 0.9569403357322046 0
outer loop
vertex 5.61731656763493 44.57612046748871 1.2
vertex 5.804909677983872 44.51921471959678 1.2
vertex 5.8049096779838365 44.519214719596775 0
endloop
endfacet
facet normal 0.2902846772544764 0.9569403357322046 0
outer loop
vertex 5.61731656763493 44.57612046748871 1.2
vertex 5.8049096779838365 44.519214719596775 0
vertex 5.6173165676349734 44.57612046748869 0
endloop
endfacet
facet normal 0.09801714032955294 0.9951847266721977 0
outer loop
vertex 5.804909677983872 44.51921471959678 1.2
vertex 5.999999999999951 44.50000000000001 1.2
vertex 6.000000000000023 44.5 0
endloop
endfacet
facet normal 0.09801714032955294 0.9951847266721977 0
outer loop
vertex 5.804909677983872 44.51921471959678 1.2
vertex 6.000000000000023 44.5 0
vertex 5.8049096779838365 44.519214719596775 0
endloop
endfacet
facet normal -0.0980171403295529 0.9951847266721977 0
outer loop
vertex 5.999999999999951 44.50000000000001 1.2
vertex 6.1950903220162 44.51921471959678 1.2
vertex 6.195090322016178 44.519214719596775 0
endloop
endfacet
facet normal -0.0980171403295529 0.9951847266721977 0
outer loop
vertex 5.999999999999951 44.50000000000001 1.2
vertex 6.195090322016178 44.519214719596775 0
vertex 6.000000000000023 44.5 0
endloop
endfacet
facet normal -0.2902846772544764 0.9569403357322046 0
outer loop
vertex 6.1950903220162 44.51921471959678 1.2
vertex 6.382683432365071 44.57612046748871 1.2
vertex 6.3826834323650345 44.57612046748869 0
endloop
endfacet
facet normal -0.2902846772544764 0.9569403357322046 0
outer loop
vertex 6.1950903220162 44.51921471959678 1.2
vertex 6.3826834323650345 44.57612046748869 0
vertex 6.195090322016178 44.519214719596775 0
endloop
endfacet
facet normal -0.47139673682598043 0.8819212643483644 0
outer loop
vertex 6.382683432365071 44.57612046748871 1.2
vertex 6.555570233019589 44.668530387697444 1.2
vertex 6.555570233019594 44.66853038769745 0
endloop
endfacet
facet normal -0.47139673682598043 0.8819212643483644 0
outer loop
vertex 6.382683432365071 44.57612046748871 1.2
vertex 6.555570233019594 44.66853038769745 0
vertex 6.3826834323650345 44.57612046748869 0
endloop
endfacet
facet normal -0.634393284163656 0.7730104533627282 0
outer loop
vertex 6.555570233019589 44.668530387697444 1.2
vertex 6.707106781186549 44.792893218813454 1.2
vertex 6.707106781186553 44.79289321881346 0
endloop
endfacet
facet normal -0.634393284163656 0.7730104533627282 0
outer loop
vertex 6.555570233019589 44.668530387697444 1.2
vertex 6.707106781186553 44.79289321881346 0
vertex 6.555570233019594 44.66853038769745 0
endloop
endfacet
facet normal -0.7730104533627339 0.6343932841636492 0
outer loop
vertex 6.707106781186549 44.792893218813454 1.2
vertex 6.831469612302548 44.9444297669804 1.2
vertex 6.8314696123025485 44.944429766980406 0
endloop
endfacet
facet normal -0.7730104533627339 0.6343932841636492 0
outer loop
vertex 6.707106781186549 44.792893218813454 1.2
vertex 6.8314696123025485 44.944429766980406 0
vertex 6.707106781186553 44.79289321881346 0
endloop
endfacet
facet normal -0.8819212643483493 0.47139673682600836 0
outer loop
vertex 6.831469612302548 44.9444297669804 1.2
vertex 6.923879532511281 45.117316567634894 1.2
vertex 6.923879532511286 45.11731656763491 0
endloop
endfacet
facet normal -0.8819212643483493 0.47139673682600836 0
outer loop
vertex 6.831469612302548 44.9444297669804 1.2
vertex 6.923879532511286 45.11731656763491 0
vertex 6.8314696123025485 44.944429766980406 0
endloop
endfacet
facet normal -0.9569403357322093 0.2902846772544611 0
outer loop
vertex 6.923879532511281 45.117316567634894 1.2
vertex 6.980785280403232 45.304909677983886 1.2
vertex 6.98078528040323 45.30490967798387 0
endloop
endfacet
facet normal -0.9569403357322093 0.2902846772544611 0
outer loop
vertex 6.923879532511281 45.117316567634894 1.2
vertex 6.98078528040323 45.30490967798387 0
vertex 6.923879532511286 45.11731656763491 0
endloop
endfacet
facet normal -0.9951847266721969 0.09801714032955999 0
outer loop
vertex 13.980785280403225 -5.695090322016139 1.2
vertex 14 -5.499999999999991 1.2
vertex 14 -5.499999999999986 0
endloop
endfacet
facet normal -0.9951847266721969 0.09801714032955999 0
outer loop
vertex 13.980785280403225 -5.695090322016139 1.2
vertex 14 -5.499999999999986 0
vertex 13.980785280403229 -5.69509032201614 0
endloop
endfacet
facet normal -0.9951847266721969 -0.09801714032955997 0
outer loop
vertex 14 -5.499999999999991 1.2
vertex 13.98078528040323 -5.304909677983872 1.2
vertex 13.980785280403232 -5.304909677983872 0
endloop
endfacet
facet normal -0.9951847266721969 -0.09801714032955997 0
outer loop
vertex 14 -5.499999999999991 1.2
vertex 13.980785280403232 -5.304909677983872 0
vertex 14 -5.499999999999986 0
endloop
endfacet
facet normal -0.956940335732209 -0.29028467725446205 0
outer loop
vertex 13.98078528040323 -5.304909677983872 1.2
vertex 13.923879532511286 -5.117316567634909 1.2
vertex 13.923879532511286 -5.117316567634905 0
endloop
endfacet
facet normal -0.956940335732209 -0.29028467725446205 0
outer loop
vertex 13.98078528040323 -5.304909677983872 1.2
vertex 13.923879532511286 -5.117316567634905 0
vertex 13.980785280403232 -5.304909677983872 0
endloop
endfacet
facet normal -0.8819212643483568 -0.4713967368259944 0
outer loop
vertex 13.923879532511286 -5.117316567634909 1.2
vertex 13.831469612302547 -4.9444297669804005 1.2
vertex 13.831469612302548 -4.944429766980404 0
endloop
endfacet
facet normal -0.8819212643483568 -0.4713967368259944 0
outer loop
vertex 13.923879532511286 -5.117316567634909 1.2
vertex 13.831469612302548 -4.944429766980404 0
vertex 13.923879532511286 -5.117316567634905 0
endloop
endfacet
facet normal -0.7730104533627397 -0.6343932841636423 0
outer loop
vertex 13.831469612302547 -4.9444297669804005 1.2
vertex 13.707106781186543 -4.792893218813445 1.2
vertex 13.707106781186539 -4.792893218813443 0
endloop
endfacet
facet normal -0.7730104533627397 -0.6343932841636423 0
outer loop
vertex 13.831469612302547 -4.9444297669804005 1.2
vertex 13.707106781186539 -4.792893218813443 0
vertex 13.831469612302548 -4.944429766980404 0
endloop
endfacet
facet normal -0.6343932841636459 -0.7730104533627367 0
outer loop
vertex 13.707106781186543 -4.792893218813445 1.2
vertex 13.555570233019607 -4.668530387697459 1.2
vertex 13.555570233019608 -4.668530387697455 0
endloop
endfacet
facet normal -0.6343932841636459 -0.7730104533627367 0
outer loop
vertex 13.707106781186543 -4.792893218813445 1.2
vertex 13.555570233019608 -4.668530387697455 0
vertex 13.707106781186539 -4.792893218813443 0
endloop
endfacet
facet normal -0.47139673682599703 -0.8819212643483554 0
outer loop
vertex 13.555570233019607 -4.668530387697459 1.2
vertex 13.38268343236509 -4.576120467488714 1.2
vertex 13.382683432365091 -4.576120467488714 0
endloop
endfacet
facet normal -0.47139673682599703 -0.8819212643483554 0
outer loop
vertex 13.555570233019607 -4.668530387697459 1.2
vertex 13.382683432365091 -4.576120467488714 0
vertex 13.555570233019608 -4.668530387697455 0
endloop
endfacet
facet normal -0.2902846772544596 -0.9569403357322097 0
outer loop
vertex 13.38268343236509 -4.576120467488714 1.2
vertex 13.195090322016126 -4.51921471959677 1.2
vertex 13.195090322016128 -4.519214719596768 0
endloop
endfacet
facet normal -0.2902846772544596 -0.9569403357322097 0
outer loop
vertex 13.38268343236509 -4.576120467488714 1.2
vertex 13.195090322016128 -4.519214719596768 0
vertex 13.382683432365091 -4.576120467488714 0
endloop
endfacet
facet normal -0.09801714032956044 -0.9951847266721969 0
outer loop
vertex 13.195090322016126 -4.51921471959677 1.2
vertex 13 -4.5 1.2
vertex 13 -4.5 0
endloop
endfacet
facet normal -0.09801714032956044 -0.9951847266721969 0
outer loop
vertex 13.195090322016126 -4.51921471959677 1.2
vertex 13 -4.5 0
vertex 13.195090322016128 -4.519214719596768 0
endloop
endfacet
facet normal 0.09801714032955999 -0.9951847266721969 0
outer loop
vertex 13 -4.5 1.2
vertex 12.804909677983872 -4.51921471959677 1.2
vertex 12.80490967798389 -4.519214719596768 0
endloop
endfacet
facet normal 0.09801714032955999 -0.9951847266721969 0
outer loop
vertex 13 -4.5 1.2
vertex 12.80490967798389 -4.519214719596768 0
vertex 13 -4.5 0
endloop
endfacet
facet normal 0.2902846772544576 -0.9569403357322104 0
outer loop
vertex 12.804909677983872 -4.51921471959677 1.2
vertex 12.617316567634902 -4.576120467488714 1.2
vertex 12.617316567634909 -4.576120467488714 0
endloop
endfacet
facet normal 0.2902846772544576 -0.9569403357322104 0
outer loop
vertex 12.804909677983872 -4.51921471959677 1.2
vertex 12.617316567634909 -4.576120467488714 0
vertex 12.80490967798389 -4.519214719596768 0
endloop
endfacet
facet normal 0.47139673682600514 -0.8819212643483512 0
outer loop
vertex 12.617316567634902 -4.576120467488714 1.2
vertex 12.444429766980399 -4.668530387697459 1.2
vertex 12.444429766980386 -4.668530387697455 0
endloop
endfacet
facet normal 0.47139673682600514 -0.8819212643483512 0
outer loop
vertex 12.617316567634902 -4.576120467488714 1.2
vertex 12.444429766980386 -4.668530387697455 0
vertex 12.617316567634909 -4.576120467488714 0
endloop
endfacet
facet normal 0.6343932841636408 -0.7730104533627409 0
outer loop
vertex 12.444429766980399 -4.668530387697459 1.2
vertex 12.292893218813447 -4.792893218813445 1.2
vertex 12.29289321881347 -4.792893218813443 0
endloop
endfacet
facet normal 0.6343932841636408 -0.7730104533627409 0
outer loop
vertex 12.444429766980399 -4.668530387697459 1.2
vertex 12.29289321881347 -4.792893218813443 0
vertex 12.444429766980386 -4.668530387697455 0
endloop
endfacet
facet normal 0.7730104533627389 -0.6343932841636432 0
outer loop
vertex 12.292893218813447 -4.792893218813445 1.2
vertex 12.168530387697459 -4.9444297669804005 1.2
vertex 12.168530387697439 -4.944429766980404 0
endloop
endfacet
facet normal 0.7730104533627389 -0.6343932841636432 0
outer loop
vertex 12.292893218813447 -4.792893218813445 1.2
vertex 12.168530387697439 -4.944429766980404 0
vertex 12.29289321881347 -4.792893218813443 0
endloop
endfacet
facet normal 0.881921264348353 -0.4713967368260014 0
outer loop
vertex 12.168530387697459 -4.9444297669804005 1.2
vertex 12.076120467488707 -5.117316567634909 1.2
vertex 12.076120467488721 -5.117316567634905 0
endloop
endfacet
facet normal 0.881921264348353 -0.4713967368260014 0
outer loop
vertex 12.168530387697459 -4.9444297669804005 1.2
vertex 12.076120467488721 -5.117316567634905 0
vertex 12.168530387697439 -4.944429766980404 0
endloop
endfacet
facet normal 0.9569403357322068 -0.29028467725446916 0
outer loop
vertex 12.076120467488707 -5.117316567634909 1.2
vertex 12.019214719596768 -5.304909677983872 1.2
vertex 12.019214719596768 -5.304909677983872 0
endloop
endfacet
facet normal 0.9569403357322068 -0.29028467725446916 0
outer loop
vertex 12.076120467488707 -5.117316567634909 1.2
vertex 12.019214719596768 -5.304909677983872 0
vertex 12.076120467488721 -5.117316567634905 0
endloop
endfacet
facet normal 0.9951847266721969 -0.09801714032955997 0
outer loop
vertex 12.019214719596768 -5.304909677983872 1.2
vertex 12 -5.499999999999991 1.2
vertex 11.999999999999998 -5.499999999999986 0
endloop
endfacet
facet normal 0.9951847266721969 -0.09801714032955997 0
outer loop
vertex 12.019214719596768 -5.304909677983872 1.2
vertex 11.999999999999998 -5.499999999999986 0
vertex 12.019214719596768 -5.304909677983872 0
endloop
endfacet
facet normal 0.9951847266721969 0.09801714032955999 0
outer loop
vertex 12 -5.499999999999991 1.2
vertex 12.019214719596775 -5.695090322016139 1.2
vertex 12.019214719596771 -5.69509032201614 0
endloop
endfacet
facet normal 0.9951847266721969 0.09801714032955999 0
outer loop
vertex 12 -5.499999999999991 1.2
vertex 12.019214719596771 -5.69509032201614 0
vertex 11.999999999999998 -5.499999999999986 0
endloop
endfacet
facet normal 0.9569403357322068 0.29028467725446916 0
outer loop
vertex 12.019214719596775 -5.695090322016139 1.2
vertex 12.076120467488714 -5.882683432365088 1.2
vertex 12.076120467488712 -5.882683432365084 0
endloop
endfacet
facet normal 0.9569403357322068 0.29028467725446916 0
outer loop
vertex 12.019214719596775 -5.695090322016139 1.2
vertex 12.076120467488712 -5.882683432365084 0
vertex 12.019214719596771 -5.69509032201614 0
endloop
endfacet
facet normal 0 0 -1
outer loop
vertex 12.076120467488714 -5.882683432365088 1.2
vertex 12.138827479321083 -5.999999999999972 1.2
vertex 12.168530387697452 -6.055570233019598 1.2
endloop
endfacet
facet normal 0 0 -1
outer loop
vertex 12.076120467488714 -5.882683432365088 1.2
vertex 12.168530387697452 -6.055570233019598 1.2
vertex 12.16853038769745 -6.055570233019598 0
endloop
endfacet
facet normal 0 0 -1
outer loop
vertex 12.076120467488714 -5.882683432365088 1.2
vertex 12.16853038769745 -6.055570233019598 0
vertex 12.138827479321092 -5.9999999999999964 0
endloop
endfacet
facet normal 0 0 -1
outer loop
vertex 12.076120467488714 -5.882683432365088 1.2
vertex 12.138827479321092 -5.9999999999999964 0
vertex 12.076120467488712 -5.882683432365084 0
endloop
endfacet
facet normal 0 0 -1
outer loop
vertex 12.168530387697452 -6.055570233019598 1.2
vertex 12.26543445253416 -6.173648177666934 1.2
vertex 12.292893218813454 -6.20710678118655 1.2
endloop
endfacet
facet normal 0 0 -1
outer loop
vertex 12.168530387697452 -6.055570233019598 1.2
vertex 12.292893218813454 -6.20710678118655 1.2
vertex 12.292893218813454 -6.20710678118655 0
endloop
endfacet
facet normal 0 0 -1
outer loop
vertex 12.168530387697452 -6.055570233019598 1.2
vertex 12.292893218813454 -6.20710678118655 0
vertex 12.265434452534164 -6.173648177666937 0
endloop
endfacet
facet normal 0 0 -1
outer loop
vertex 12.168530387697452 -6.055570233019598 1.2
vertex 12.265434452534164 -6.173648177666937 0
vertex 12.16853038769745 -6.055570233019598 0
endloop
endfacet
facet normal 0.6343932841636385 0.7730104533627427 0
outer loop
vertex 12.292893218813454 -6.20710678118655 1.2
vertex 12.444429766980399 -6.331469612302545 1.2
vertex 12.444429766980395 -6.331469612302543 0
endloop
endfacet
facet normal 0.6343932841636385 0.7730104533627427 0
outer loop
vertex 12.292893218813454 -6.20710678118655 1.2
vertex 12.444429766980395 -6.331469612302543 0
vertex 12.292893218813454 -6.20710678118655 0
endloop
endfacet
facet normal 0 0 -1
outer loop
vertex 12.444429766980399 -6.331469612302545 1.2
vertex 12.464168422199153 -6.342020143325662 1.2
vertex 12.617316567634909 -6.423879532511286 1.2
endloop
endfacet
facet normal 0 0 -1
outer loop
vertex 12.444429766980399 -6.331469612302545 1.2
vertex 12.617316567634909 -6.423879532511286 1.2
vertex 12.6173165676349 -6.423879532511284 0
endloop
endfacet
facet normal 0 0 -1
outer loop
vertex 12.444429766980399 -6.331469612302545 1.2
vertex 12.6173165676349 -6.423879532511284 0
vertex 12.464168422199153 -6.342020143325664 0
endloop
endfacet
facet normal 0 0 -1
outer loop
vertex 12.444429766980399 -6.331469612302545 1.2
vertex 12.464168422199153 -6.342020143325664 0
vertex 12.444429766980395 -6.331469612302543 0
endloop
endfacet
facet normal 0.29028467725446605 0.9569403357322077 0
outer loop
vertex 12.617316567634909 -6.423879532511286 1.2
vertex 12.804909677983872 -6.480785280403232 1.2
vertex 12.804909677983863 -6.480785280403229 0
endloop
endfacet
facet normal 0.29028467725446605 0.9569403357322077 0
outer loop
vertex 12.617316567634909 -6.423879532511286 1.2
vertex 12.804909677983863 -6.480785280403229 0
vertex 12.6173165676349 -6.423879532511284 0
endloop
endfacet
facet normal 0.09801714032955999 0.9951847266721969 0
outer loop
vertex 12.804909677983872 -6.480785280403232 1.2
vertex 12.999999999999982 -6.5 1.2
vertex 13.000000000000018 -6.5 0
endloop
endfacet
facet normal 0.09801714032955999 0.9951847266721969 0
outer loop
vertex 12.804909677983872 -6.480785280403232 1.2
vertex 13.000000000000018 -6.5 0
vertex 12.804909677983863 -6.480785280403229 0
endloop
endfacet
facet normal -0.09801714032956177 0.9951847266721968 0
outer loop
vertex 12.999999999999982 -6.5 1.2
vertex 13.195090322016103 -6.480785280403232 1.2
vertex 13.195090322016128 -6.480785280403229 0
endloop
endfacet
facet normal -0.09801714032956177 0.9951847266721968 0
outer loop
vertex 12.999999999999982 -6.5 1.2
vertex 13.195090322016128 -6.480785280403229 0
vertex 13.000000000000018 -6.5 0
endloop
endfacet
facet normal -0.2902846772544603 0.9569403357322095 0
outer loop
vertex 13.195090322016103 -6.480785280403232 1.2
vertex 13.382683432365095 -6.423879532511286 1.2
vertex 13.382683432365098 -6.423879532511284 0
endloop
endfacet
facet normal -0.2902846772544603 0.9569403357322095 0
outer loop
vertex 13.195090322016103 -6.480785280403232 1.2
vertex 13.382683432365098 -6.423879532511284 0
vertex 13.195090322016128 -6.480785280403229 0
endloop
endfacet
facet normal -0.47139673682599614 0.8819212643483558 0
outer loop
vertex 13.382683432365095 -6.423879532511286 1.2
vertex 13.555570233019607 -6.331469612302545 1.2
vertex 13.555570233019594 -6.331469612302543 0
endloop
endfacet
facet normal -0.47139673682599614 0.8819212643483558 0
outer loop
vertex 13.382683432365095 -6.423879532511286 1.2
vertex 13.555570233019594 -6.331469612302543 0
vertex 13.382683432365098 -6.423879532511284 0
endloop
endfacet
facet normal -0.6343932841636443 0.773010453362738 0
outer loop
vertex 13.555570233019607 -6.331469612302545 1.2
vertex 13.707106781186539 -6.20710678118655 1.2
vertex 13.707106781186546 -6.20710678118655 0
endloop
endfacet
facet normal -0.6343932841636443 0.773010453362738 0
outer loop
vertex 13.555570233019607 -6.331469612302545 1.2
vertex 13.707106781186546 -6.20710678118655 0
vertex 13.555570233019594 -6.331469612302543 0
endloop
endfacet
facet normal -0.7730104533627395 0.6343932841636424 0
outer loop
vertex 13.707106781186539 -6.20710678118655 1.2
vertex 13.831469612302548 -6.055570233019598 1.2
vertex 13.831469612302548 -6.055570233019598 0
endloop
endfacet
facet normal -0.7730104533627395 0.6343932841636424 0
outer loop
vertex 13.707106781186539 -6.20710678118655 1.2
vertex 13.831469612302548 -6.055570233019598 0
vertex 13.707106781186546 -6.20710678118655 0
endloop
endfacet
facet normal -0.8819212643483568 0.4713967368259944 0
outer loop
vertex 13.831469612302548 -6.055570233019598 1.2
vertex 13.923879532511283 -5.882683432365088 1.2
vertex 13.923879532511293 -5.882683432365084 0
endloop
endfacet
facet normal -0.8819212643483568 0.4713967368259944 0
outer loop
vertex 13.831469612302548 -6.055570233019598 1.2
vertex 13.923879532511293 -5.882683432365084 0
vertex 13.831469612302548 -6.055570233019598 0
endloop
endfacet
facet normal -0.956940335732209 0.29028467725446205 0
outer loop
vertex 13.923879532511283 -5.882683432365088 1.2
vertex 13.980785280403225 -5.695090322016139 1.2
vertex 13.980785280403229 -5.69509032201614 0
endloop
endfacet
facet normal -0.956940335732209 0.29028467725446205 0
outer loop
vertex 13.923879532511283 -5.882683432365088 1.2
vertex 13.980785280403229 -5.69509032201614 0
vertex 13.923879532511293 -5.882683432365084 0
endloop
endfacet
facet normal -0.9951847266721956 0.09801714032957423 0
outer loop
vertex 86.48078528040321 -9.195090322016128 1.2
vertex 86.50000000000001 -8.999999999999975 1.2
vertex 86.5 -8.999999999999993 0
endloop
endfacet
facet normal -0.9951847266721956 0.09801714032957423 0
outer loop
vertex 86.48078528040321 -9.195090322016128 1.2
vertex 86.5 -8.999999999999993 0
vertex 86.48078528040321 -9.19509032201615 0
endloop
endfacet
facet normal -0.9951847266721943 -0.0980171403295884 0
outer loop
vertex 86.50000000000001 -8.999999999999975 1.2
vertex 86.48078528040325 -8.80490967798396 1.2
vertex 86.48078528040324 -8.804909677983915 0
endloop
endfacet
facet normal -0.9951847266721943 -0.0980171403295884 0
outer loop
vertex 86.50000000000001 -8.999999999999975 1.2
vertex 86.48078528040324 -8.804909677983915 0
vertex 86.5 -8.999999999999993 0
endloop
endfacet
facet normal -0.9569403357322264 -0.29028467725440493 0
outer loop
vertex 86.48078528040325 -8.80490967798396 1.2
vertex 86.42387953251125 -8.617316567634827 1.2
vertex 86.42387953251126 -8.617316567634846 0
endloop
endfacet
facet normal -0.9569403357322264 -0.29028467725440493 0
outer loop
vertex 86.48078528040325 -8.80490967798396 1.2
vertex 86.42387953251126 -8.617316567634846 0
vertex 86.48078528040324 -8.804909677983915 0
endloop
endfacet
facet normal -0.8819212643483343 -0.4713967368260364 0
outer loop
vertex 86.42387953251125 -8.617316567634827 1.2
vertex 86.33146961230256 -8.44442976698041 1.2
vertex 86.33146961230254 -8.444429766980395 0
endloop
endfacet
facet normal -0.8819212643483343 -0.4713967368260364 0
outer loop
vertex 86.42387953251125 -8.617316567634827 1.2
vertex 86.33146961230254 -8.444429766980395 0
vertex 86.42387953251126 -8.617316567634846 0
endloop
endfacet
facet normal -0.7730104533627636 -0.6343932841636132 0
outer loop
vertex 86.33146961230256 -8.44442976698041 1.2
vertex 86.20710678118654 -8.292893218813436 1.2
vertex 86.20710678118655 -8.292893218813454 0
endloop
endfacet
facet normal -0.7730104533627636 -0.6343932841636132 0
outer loop
vertex 86.33146961230256 -8.44442976698041 1.2
vertex 86.20710678118655 -8.292893218813454 0
vertex 86.33146961230254 -8.444429766980395 0
endloop
endfacet
facet normal -0.634393284163644 -0.7730104533627381 0
outer loop
vertex 86.20710678118654 -8.292893218813436 1.2
vertex 86.0555702330196 -8.168530387697455 1.2
vertex 86.05557023301961 -8.168530387697455 0
endloop
endfacet
facet normal -0.634393284163644 -0.7730104533627381 0
outer loop
vertex 86.20710678118654 -8.292893218813436 1.2
vertex 86.05557023301961 -8.168530387697455 0
vertex 86.20710678118655 -8.292893218813454 0
endloop
endfacet
facet normal -0.4713967368259726 -0.8819212643483684 0
outer loop
vertex 86.0555702330196 -8.168530387697455 1.2
vertex 85.88268343236506 -8.076120467488707 1.2
vertex 85.88268343236508 -8.07612046748871 0
endloop
endfacet
facet normal -0.4713967368259726 -0.8819212643483684 0
outer loop
vertex 86.0555702330196 -8.168530387697455 1.2
vertex 85.88268343236508 -8.07612046748871 0
vertex 86.05557023301961 -8.168530387697455 0
endloop
endfacet
facet normal -0.29028467725447266 -0.9569403357322058 0
outer loop
vertex 85.88268343236506 -8.076120467488707 1.2
vertex 85.69509032201613 -8.01921471959677 1.2
vertex 85.69509032201614 -8.019214719596771 0
endloop
endfacet
facet normal -0.29028467725447266 -0.9569403357322058 0
outer loop
vertex 85.88268343236506 -8.076120467488707 1.2
vertex 85.69509032201614 -8.019214719596771 0
vertex 85.88268343236508 -8.07612046748871 0
endloop
endfacet
facet normal -0.09801714032956221 -0.9951847266721968 0
outer loop
vertex 85.69509032201613 -8.01921471959677 1.2
vertex 85.49999999999999 -8 1.2
vertex 85.49999999999999 -8 0
endloop
endfacet
facet normal -0.09801714032956221 -0.9951847266721968 0
outer loop
vertex 85.69509032201613 -8.01921471959677 1.2
vertex 85.49999999999999 -8 0
vertex 85.69509032201614 -8.019214719596771 0
endloop
endfacet
facet normal 0 0 1
outer loop
vertex 85.49999999999999 -8 1.2
vertex 85.34575052776228 -8.015192246987795 1.2
vertex 85.3049096779839 -8.01921471959677 1.2
endloop
endfacet
facet normal 0 0 1
outer loop
vertex 85.49999999999999 -8 1.2
vertex 85.3049096779839 -8.01921471959677 1.2
vertex 85.30490967798384 -8.019214719596771 0
endloop
endfacet
facet normal 0 0 1
outer loop
vertex 85.49999999999999 -8 1.2
vertex 85.30490967798384 -8.019214719596771 0
vertex 85.3457505277623 -8.015192246987791 0
endloop
endfacet
facet normal 0 0 1
outer loop
vertex 85.49999999999999 -8 1.2
vertex 85.3457505277623 -8.015192246987791 0
vertex 85.49999999999999 -8 0
endloop
endfacet
facet normal 0 0 -1
outer loop
vertex 85.3049096779839 -8.01921471959677 1.2
vertex 85.16944533359533 -8.060307379214086 1.2
vertex 85.11731656763489 -8.076120467488707 1.2
endloop
endfacet
facet normal 0 0 -1
outer loop
vertex 85.3049096779839 -8.01921471959677 1.2
vertex 85.11731656763489 -8.076120467488707 1.2
vertex 85.11731656763493 -8.07612046748871 0
endloop
endfacet
facet normal 0 0 -1
outer loop
vertex 85.3049096779839 -8.01921471959677 1.2
vertex 85.11731656763493 -8.07612046748871 0
vertex 85.16944533359528 -8.060307379214095 0
endloop
endfacet
facet normal 0 0 -1
outer loop
vertex 85.3049096779839 -8.01921471959677 1.2
vertex 85.16944533359528 -8.060307379214095 0
vertex 85.30490967798384 -8.019214719596771 0
endloop
endfacet
facet normal 0 0 1
outer loop
vertex 85.11731656763489 -8.076120467488707 1.2
vertex 85.00907910570821 -8.133974596215563 1.2
vertex 84.9444297669804 -8.168530387697455 1.2
endloop
endfacet
facet normal 0 0 1
outer loop
vertex 85.11731656763489 -8.076120467488707 1.2
vertex 84.9444297669804 -8.168530387697455 1.2
vertex 84.94442976698042 -8.168530387697455 0
endloop
endfacet
facet normal 0 0 1
outer loop
vertex 85.11731656763489 -8.076120467488707 1.2
vertex 84.94442976698042 -8.168530387697455 0
vertex 85.0090791057083 -8.13397459621555 0
endloop
endfacet
facet normal 0 0 1
outer loop
vertex 85.11731656763489 -8.076120467488707 1.2
vertex 85.0090791057083 -8.13397459621555 0
vertex 85.11731656763493 -8.07612046748871 0
endloop
endfacet
facet normal 0 0 -1
outer loop
vertex 84.9444297669804 -8.168530387697455 1.2
vertex 84.86470896766802 -8.233955556881035 1.2
vertex 84.79289321881346 -8.292893218813436 1.2
endloop
endfacet
facet normal 0 0 -1
outer loop
vertex 84.9444297669804 -8.168530387697455 1.2
vertex 84.79289321881346 -8.292893218813436 1.2
vertex 84.79289321881345 -8.292893218813454 0
endloop
endfacet
facet normal 0 0 -1
outer loop
vertex 84.9444297669804 -8.168530387697455 1.2
vertex 84.79289321881345 -8.292893218813454 0
vertex 84.86470896766801 -8.233955556881037 0
endloop
endfacet
facet normal 0 0 -1
outer loop
vertex 84.9444297669804 -8.168530387697455 1.2
vertex 84.86470896766801 -8.233955556881037 0
vertex 84.94442976698042 -8.168530387697455 0
endloop
endfacet
facet normal 0 0 -1
outer loop
vertex 84.79289321881346 -8.292893218813436 1.2
vertex 84.74010783891968 -8.357212390313514 1.2
vertex 84.66853038769742 -8.44442976698041 1.2
endloop
endfacet
facet normal 0 0 -1
outer loop
vertex 84.79289321881346 -8.292893218813436 1.2
vertex 84.66853038769742 -8.44442976698041 1.2
vertex 84.66853038769747 -8.444429766980395 0
endloop
endfacet
facet normal 0 0 -1
outer loop
vertex 84.79289321881346 -8.292893218813436 1.2
vertex 84.66853038769747 -8.444429766980395 0
vertex 84.74010783891971 -8.357212390313498 0
endloop
endfacet
facet normal 0 0 -1
outer loop
vertex 84.79289321881346 -8.292893218813436 1.2
vertex 84.74010783891971 -8.357212390313498 0
vertex 84.79289321881345 -8.292893218813454 0
endloop
endfacet
facet normal 0 0 -1
outer loop
vertex 84.66853038769742 -8.44442976698041 1.2
vertex 84.63882747932108 -8.499999999999977 1.2
vertex 84.5761204674887 -8.617316567634827 1.2
endloop
endfacet
facet normal 0 0 -1
outer loop
vertex 84.66853038769742 -8.44442976698041 1.2
vertex 84.5761204674887 -8.617316567634827 1.2
vertex 84.5761204674887 -8.617316567634846 0
endloop
endfacet
facet normal 0 0 -1
outer loop
vertex 84.66853038769742 -8.44442976698041 1.2
vertex 84.5761204674887 -8.617316567634846 0
vertex 84.63882747932107 -8.499999999999979 0
endloop
endfacet
facet normal 0 0 -1
outer loop
vertex 84.66853038769742 -8.44442976698041 1.2
vertex 84.63882747932107 -8.499999999999979 0
vertex 84.66853038769747 -8.444429766980395 0
endloop
endfacet
facet normal 0 0 1
outer loop
vertex 84.5761204674887 -8.617316567634827 1.2
vertex 84.56378539361401 -8.657979856674347 1.2
vertex 84.51921471959677 -8.80490967798396 1.2
endloop
endfacet
facet normal 0 0 1
outer loop
vertex 84.5761204674887 -8.617316567634827 1.2
vertex 84.51921471959677 -8.80490967798396 1.2
vertex 84.51921471959677 -8.804909677983915 0
endloop
endfacet
facet normal 0 0 1
outer loop
vertex 84.5761204674887 -8.617316567634827 1.2
vertex 84.51921471959677 -8.804909677983915 0
vertex 84.56378539361404 -8.65797985667438 0
endloop
endfacet
facet normal 0 0 1
outer loop
vertex 84.5761204674887 -8.617316567634827 1.2
vertex 84.56378539361404 -8.65797985667438 0
vertex 84.5761204674887 -8.617316567634846 0
endloop
endfacet
facet normal 0 0 1
outer loop
vertex 84.51921471959677 -8.80490967798396 1.2
vertex 84.51710285270885 -8.826351822332992 1.2
vertex 84.5 -8.999999999999975 1.2
endloop
endfacet
facet normal 0 0 1
outer loop
vertex 84.51921471959677 -8.80490967798396 1.2
vertex 84.5 -8.999999999999975 1.2
vertex 84.5 -8.999999999999993 0
endloop
endfacet
facet normal 0 0 1
outer loop
vertex 84.51921471959677 -8.80490967798396 1.2
vertex 84.5 -8.999999999999993 0
vertex 84.51710285270883 -8.82635182233295 0
endloop
endfacet
facet normal 0 0 1
outer loop
vertex 84.51921471959677 -8.80490967798396 1.2
vertex 84.51710285270883 -8.82635182233295 0
vertex 84.51921471959677 -8.804909677983915 0
endloop
endfacet
facet normal 0.9951847266721928 0.09801714032960264 0
outer loop
vertex 84.5 -8.999999999999975 1.2
vertex 84.51921471959677 -9.195090322016128 1.2
vertex 84.51921471959677 -9.19509032201615 0
endloop
endfacet
facet normal 0.9951847266721928 0.09801714032960264 0
outer loop
vertex 84.5 -8.999999999999975 1.2
vertex 84.51921471959677 -9.19509032201615 0
vertex 84.5 -8.999999999999993 0
endloop
endfacet
facet normal 0.9569403357322264 0.29028467725440493 0
outer loop
vertex 84.51921471959677 -9.195090322016128 1.2
vertex 84.57612046748868 -9.382683432365049 1.2
vertex 84.57612046748869 -9.382683432365063 0
endloop
endfacet
facet normal 0.9569403357322264 0.29028467725440493 0
outer loop
vertex 84.51921471959677 -9.195090322016128 1.2
vertex 84.57612046748869 -9.382683432365063 0
vertex 84.51921471959677 -9.19509032201615 0
endloop
endfacet
facet normal 0.8819212643483343 0.4713967368260364 0
outer loop
vertex 84.57612046748868 -9.382683432365049 1.2
vertex 84.6685303876975 -9.555570233019651 1.2
vertex 84.66853038769744 -9.555570233019587 0
endloop
endfacet
facet normal 0.8819212643483343 0.4713967368260364 0
outer loop
vertex 84.57612046748868 -9.382683432365049 1.2
vertex 84.66853038769744 -9.555570233019587 0
vertex 84.57612046748869 -9.382683432365063 0
endloop
endfacet
facet normal 0.7730104533627636 0.6343932841636132 0
outer loop
vertex 84.6685303876975 -9.555570233019651 1.2
vertex 84.79289321881346 -9.70710678118656 1.2
vertex 84.79289321881345 -9.70710678118655 0
endloop
endfacet
facet normal 0.7730104533627636 0.6343932841636132 0
outer loop
vertex 84.6685303876975 -9.555570233019651 1.2
vertex 84.79289321881345 -9.70710678118655 0
vertex 84.66853038769744 -9.555570233019587 0
endloop
endfacet
facet normal 0.6343932841636423 0.7730104533627397 0
outer loop
vertex 84.79289321881346 -9.70710678118656 1.2
vertex 84.94442976698035 -9.831469612302513 1.2
vertex 84.94442976698036 -9.831469612302527 0
endloop
endfacet
facet normal 0.6343932841636423 0.7730104533627397 0
outer loop
vertex 84.79289321881346 -9.70710678118656 1.2
vertex 84.94442976698036 -9.831469612302527 0
vertex 84.79289321881345 -9.70710678118655 0
endloop
endfacet
facet normal 0.4713967368259699 0.8819212643483698 0
outer loop
vertex 84.94442976698035 -9.831469612302513 1.2
vertex 85.11731656763496 -9.923879532511297 1.2
vertex 85.11731656763493 -9.923879532511293 0
endloop
endfacet
facet normal 0.4713967368259699 0.8819212643483698 0
outer loop
vertex 84.94442976698035 -9.831469612302513 1.2
vertex 85.11731656763493 -9.923879532511293 0
vertex 84.94442976698036 -9.831469612302527 0
endloop
endfacet
facet normal 0.29028467725447266 0.9569403357322058 0
outer loop
vertex 85.11731656763496 -9.923879532511297 1.2
vertex 85.30490967798389 -9.980785280403232 1.2
vertex 85.30490967798389 -9.980785280403232 0
endloop
endfacet
facet normal 0.29028467725447266 0.9569403357322058 0
outer loop
vertex 85.11731656763496 -9.923879532511297 1.2
vertex 85.30490967798389 -9.980785280403232 0
vertex 85.11731656763493 -9.923879532511293 0
endloop
endfacet
facet normal 0.09801714032955978 0.995184726672197 0
outer loop
vertex 85.30490967798389 -9.980785280403232 1.2
vertex 85.50000000000007 -10.000000000000007 1.2
vertex 85.50000000000006 -10.000000000000007 0
endloop
endfacet
facet normal 0.09801714032955978 0.995184726672197 0
outer loop
vertex 85.30490967798389 -9.980785280403232 1.2
vertex 85.50000000000006 -10.000000000000007 0
vertex 85.30490967798389 -9.980785280403232 0
endloop
endfacet
facet normal -0.09801714032955999 0.9951847266721969 0
outer loop
vertex 85.50000000000007 -10.000000000000007 1.2
vertex 85.69509032201613 -9.980785280403232 1.2
vertex 85.69509032201613 -9.980785280403232 0
endloop
endfacet
facet normal -0.09801714032955999 0.9951847266721969 0
outer loop
vertex 85.50000000000007 -10.000000000000007 1.2
vertex 85.69509032201613 -9.980785280403232 0
vertex 85.50000000000006 -10.000000000000007 0
endloop
endfacet
facet normal -0.2902846772544764 0.9569403357322046 0
outer loop
vertex 85.69509032201613 -9.980785280403232 1.2
vertex 85.88268343236507 -9.923879532511297 1.2
vertex 85.88268343236507 -9.923879532511293 0
endloop
endfacet
facet normal -0.2902846772544764 0.9569403357322046 0
outer loop
vertex 85.69509032201613 -9.980785280403232 1.2
vertex 85.88268343236507 -9.923879532511293 0
vertex 85.69509032201613 -9.980785280403232 0
endloop
endfacet
facet normal -0.4713967368259734 0.881921264348368 0
outer loop
vertex 85.88268343236507 -9.923879532511297 1.2
vertex 86.05557023301968 -9.831469612302513 1.2
vertex 86.05557023301962 -9.831469612302527 0
endloop
endfacet
facet normal -0.4713967368259734 0.881921264348368 0
outer loop
vertex 85.88268343236507 -9.923879532511297 1.2
vertex 86.05557023301962 -9.831469612302527 0
vertex 85.88268343236507 -9.923879532511293 0
endloop
endfacet
facet normal -0.6343932841636484 0.7730104533627347 0
outer loop
vertex 86.05557023301968 -9.831469612302513 1.2
vertex 86.20710678118654 -9.70710678118656 1.2
vertex 86.20710678118655 -9.70710678118655 0
endloop
endfacet
facet normal -0.6343932841636484 0.7730104533627347 0
outer loop
vertex 86.05557023301968 -9.831469612302513 1.2
vertex 86.20710678118655 -9.70710678118655 0
vertex 86.05557023301962 -9.831469612302527 0
endloop
endfacet
facet normal -0.773010453362767 0.634393284163609 0
outer loop
vertex 86.20710678118654 -9.70710678118656 1.2
vertex 86.33146961230251 -9.555570233019651 1.2
vertex 86.33146961230253 -9.555570233019587 0
endloop
endfacet
facet normal -0.773010453362767 0.634393284163609 0
outer loop
vertex 86.20710678118654 -9.70710678118656 1.2
vertex 86.33146961230253 -9.555570233019587 0
vertex 86.20710678118655 -9.70710678118655 0
endloop
endfacet
facet normal -0.8819212643483344 0.4713967368260365 0
outer loop
vertex 86.33146961230251 -9.555570233019651 1.2
vertex 86.42387953251131 -9.382683432365049 1.2
vertex 86.42387953251128 -9.382683432365063 0
endloop
endfacet
facet normal -0.8819212643483344 0.4713967368260365 0
outer loop
vertex 86.33146961230251 -9.555570233019651 1.2
vertex 86.42387953251128 -9.382683432365063 0
vertex 86.33146961230253 -9.555570233019587 0
endloop
endfacet
facet normal -0.9569403357322223 0.290284677254419 0
outer loop
vertex 86.42387953251131 -9.382683432365049 1.2
vertex 86.48078528040321 -9.195090322016128 1.2
vertex 86.48078528040321 -9.19509032201615 0
endloop
endfacet
facet normal -0.9569403357322223 0.290284677254419 0
outer loop
vertex 86.42387953251131 -9.382683432365049 1.2
vertex 86.48078528040321 -9.19509032201615 0
vertex 86.42387953251128 -9.382683432365063 0
endloop
endfacet
facet normal -0.9951847266721977 0.09801714032955294 0
outer loop
vertex 63.98078528040324 31.304909677983865 1.2
vertex 64 31.500000000000007 1.2
vertex 64 31.499999999999993 0
endloop
endfacet
facet normal -0.9951847266721977 0.09801714032955294 0
outer loop
vertex 63.98078528040324 31.304909677983865 1.2
vertex 64 31.499999999999993 0
vertex 63.98078528040323 31.30490967798389 0
endloop
endfacet
facet normal -0.9951847266721985 -0.09801714032954574 0
outer loop
vertex 64 31.500000000000007 1.2
vertex 63.980785280403225 31.69509032201619 1.2
vertex 63.98078528040323 31.69509032201613 0
endloop
endfacet
facet normal -0.9951847266721985 -0.09801714032954574 0
outer loop
vertex 64 31.500000000000007 1.2
vertex 63.98078528040323 31.69509032201613 0
vertex 64 31.499999999999993 0
endloop
endfacet
facet normal -0.9569403357322049 -0.29028467725447593 0
outer loop
vertex 63.980785280403225 31.69509032201619 1.2
vertex 63.923879532511314 31.882683432365027 1.2
vertex 63.92387953251129 31.88268343236507 0
endloop
endfacet
facet normal -0.9569403357322049 -0.29028467725447593 0
outer loop
vertex 63.980785280403225 31.69509032201619 1.2
vertex 63.92387953251129 31.88268343236507 0
vertex 63.98078528040323 31.69509032201613 0
endloop
endfacet
facet normal -0.8819212643483643 -0.47139673682598043 0
outer loop
vertex 63.923879532511314 31.882683432365027 1.2
vertex 63.83146961230253 32.05557023301963 1.2
vertex 63.831469612302556 32.05557023301958 0
endloop
endfacet
facet normal -0.8819212643483643 -0.47139673682598043 0
outer loop
vertex 63.923879532511314 31.882683432365027 1.2
vertex 63.831469612302556 32.05557023301958 0
vertex 63.92387953251129 31.88268343236507 0
endloop
endfacet
facet normal -0.7730104533627283 -0.634393284163656 0
outer loop
vertex 63.83146961230253 32.05557023301963 1.2
vertex 63.707106781186525 32.20710678118657 1.2
vertex 63.70710678118652 32.20710678118658 0
endloop
endfacet
facet normal -0.7730104533627283 -0.634393284163656 0
outer loop
vertex 63.83146961230253 32.05557023301963 1.2
vertex 63.70710678118652 32.20710678118658 0
vertex 63.831469612302556 32.05557023301958 0
endloop
endfacet
facet normal -0.6343932841636672 -0.7730104533627191 0
outer loop
vertex 63.707106781186525 32.20710678118657 1.2
vertex 63.55557023301964 32.33146961230255 1.2
vertex 63.55557023301959 32.331469612302534 0
endloop
endfacet
facet normal -0.6343932841636672 -0.7730104533627191 0
outer loop
vertex 63.707106781186525 32.20710678118657 1.2
vertex 63.55557023301959 32.331469612302534 0
vertex 63.70710678118652 32.20710678118658 0
endloop
endfacet
facet normal -0.4713967368259944 -0.8819212643483568 0
outer loop
vertex 63.55557023301964 32.33146961230255 1.2
vertex 63.38268343236507 32.423879532511286 1.2
vertex 63.38268343236511 32.42387953251128 0
endloop
endfacet
facet normal -0.4713967368259944 -0.8819212643483568 0
outer loop
vertex 63.55557023301964 32.33146961230255 1.2
vertex 63.38268343236511 32.42387953251128 0
vertex 63.55557023301959 32.331469612302534 0
endloop
endfacet
facet normal -0.2902846772544764 -0.9569403357322046 0
outer loop
vertex 63.38268343236507 32.423879532511286 1.2
vertex 63.19509032201613 32.48078528040323 1.2
vertex 63.19509032201611 32.48078528040324 0
endloop
endfacet
facet normal -0.2902846772544764 -0.9569403357322046 0
outer loop
vertex 63.38268343236507 32.423879532511286 1.2
vertex 63.19509032201611 32.48078528040324 0
vertex 63.38268343236511 32.42387953251128 0
endloop
endfacet
facet normal -0.0980171403295529 -0.9951847266721977 0
outer loop
vertex 63.19509032201613 32.48078528040323 1.2
vertex 62.999999999999986 32.5 1.2
vertex 63.00000000000001 32.5 0
endloop
endfacet
facet normal -0.0980171403295529 -0.9951847266721977 0
outer loop
vertex 63.19509032201613 32.48078528040323 1.2
vertex 63.00000000000001 32.5 0
vertex 63.19509032201611 32.48078528040324 0
endloop
endfacet
facet normal 0.0980171403295529 -0.9951847266721977 0
outer loop
vertex 62.999999999999986 32.5 1.2
vertex 62.804909677983886 32.48078528040323 1.2
vertex 62.804909677983964 32.48078528040324 0
endloop
endfacet
facet normal 0.0980171403295529 -0.9951847266721977 0
outer loop
vertex 62.999999999999986 32.5 1.2
vertex 62.804909677983964 32.48078528040324 0
vertex 63.00000000000001 32.5 0
endloop
endfacet
facet normal 0.29028467725447277 -0.9569403357322057 0
outer loop
vertex 62.804909677983886 32.48078528040323 1.2
vertex 62.617316567634916 32.423879532511286 1.2
vertex 62.61731656763488 32.42387953251128 0
endloop
endfacet
facet normal 0.29028467725447277 -0.9569403357322057 0
outer loop
vertex 62.804909677983886 32.48078528040323 1.2
vertex 62.61731656763488 32.42387953251128 0
vertex 62.804909677983964 32.48078528040324 0
endloop
endfacet
facet normal 0.4713967368259859 -0.8819212643483614 0
outer loop
vertex 62.617316567634916 32.423879532511286 1.2
vertex 62.44442976698039 32.33146961230255 1.2
vertex 62.44442976698038 32.331469612302534 0
endloop
endfacet
facet normal 0.4713967368259859 -0.8819212643483614 0
outer loop
vertex 62.617316567634916 32.423879532511286 1.2
vertex 62.44442976698038 32.331469612302534 0
vertex 62.61731656763488 32.42387953251128 0
endloop
endfacet
facet normal 0.6343932841636608 -0.7730104533627244 0
outer loop
vertex 62.44442976698039 32.33146961230255 1.2
vertex 62.292893218813475 32.20710678118657 1.2
vertex 62.29289321881349 32.20710678118658 0
endloop
endfacet
facet normal 0.6343932841636608 -0.7730104533627244 0
outer loop
vertex 62.44442976698039 32.33146961230255 1.2
vertex 62.29289321881349 32.20710678118658 0
vertex 62.44442976698038 32.331469612302534 0
endloop
endfacet
facet normal 0.773010453362722 -0.6343932841636638 0
outer loop
vertex 62.292893218813475 32.20710678118657 1.2
vertex 62.16853038769744 32.05557023301963 1.2
vertex 62.16853038769742 32.05557023301958 0
endloop
endfacet
facet normal 0.773010453362722 -0.6343932841636638 0
outer loop
vertex 62.292893218813475 32.20710678118657 1.2
vertex 62.16853038769742 32.05557023301958 0
vertex 62.29289321881349 32.20710678118658 0
endloop
endfacet
facet normal 0.8819212643483605 -0.4713967368259874 0
outer loop
vertex 62.16853038769744 32.05557023301963 1.2
vertex 62.07612046748872 31.882683432365027 1.2
vertex 62.07612046748869 31.88268343236507 0
endloop
endfacet
facet normal 0.8819212643483605 -0.4713967368259874 0
outer loop
vertex 62.16853038769744 32.05557023301963 1.2
vertex 62.07612046748869 31.88268343236507 0
vertex 62.16853038769742 32.05557023301958 0
endloop
endfacet
facet normal 0.956940335732209 -0.29028467725446194 0
outer loop
vertex 62.07612046748872 31.882683432365027 1.2
vertex 62.019214719596775 31.69509032201619 1.2
vertex 62.01921471959676 31.69509032201613 0
endloop
endfacet
facet normal 0.956940335732209 -0.29028467725446194 0
outer loop
vertex 62.07612046748872 31.882683432365027 1.2
vertex 62.01921471959676 31.69509032201613 0
vertex 62.07612046748869 31.88268343236507 0
endloop
endfacet
facet normal 0.9951847266721984 -0.09801714032954581 0
outer loop
vertex 62.019214719596775 31.69509032201619 1.2
vertex 62 31.500000000000007 1.2
vertex 62.000000000000014 31.499999999999993 0
endloop
endfacet
facet normal 0.9951847266721984 -0.09801714032954581 0
outer loop
vertex 62.019214719596775 31.69509032201619 1.2
vertex 62.000000000000014 31.499999999999993 0
vertex 62.01921471959676 31.69509032201613 0
endloop
endfacet
facet normal 0.9951847266721984 0.09801714032954581 0
outer loop
vertex 62 31.500000000000007 1.2
vertex 62.01921471959677 31.304909677983865 1.2
vertex 62.01921471959676 31.30490967798389 0
endloop
endfacet
facet normal 0.9951847266721984 0.09801714032954581 0
outer loop
vertex 62 31.500000000000007 1.2
vertex 62.01921471959676 31.30490967798389 0
vertex 62.000000000000014 31.499999999999993 0
endloop
endfacet
facet normal 0.9569403357322049 0.29028467725447593 0
outer loop
vertex 62.01921471959677 31.304909677983865 1.2
vertex 62.076120467488714 31.117316567634894 1.2
vertex 62.0761204674887 31.117316567634955 0
endloop
endfacet
facet normal 0.9569403357322049 0.29028467725447593 0
outer loop
vertex 62.01921471959677 31.304909677983865 1.2
vertex 62.0761204674887 31.117316567634955 0
vertex 62.01921471959676 31.30490967798389 0
endloop
endfacet
facet normal 0.8819212643483568 0.4713967368259944 0
outer loop
vertex 62.076120467488714 31.117316567634894 1.2
vertex 62.1685303876974 30.944429766980473 1.2
vertex 62.168530387697466 30.944429766980384 0
endloop
endfacet
facet normal 0.8819212643483568 0.4713967368259944 0
outer loop
vertex 62.076120467488714 31.117316567634894 1.2
vertex 62.168530387697466 30.944429766980384 0
vertex 62.0761204674887 31.117316567634955 0
endloop
endfacet
facet normal 0.7730104533627283 0.634393284163656 0
outer loop
vertex 62.1685303876974 30.944429766980473 1.2
vertex 62.29289321881348 30.792893218813433 1.2
vertex 62.292893218813454 30.792893218813454 0
endloop
endfacet
facet normal 0.7730104533627283 0.634393284163656 0
outer loop
vertex 62.1685303876974 30.944429766980473 1.2
vertex 62.292893218813454 30.792893218813454 0
vertex 62.168530387697466 30.944429766980384 0
endloop
endfacet
facet normal 0.6343932841636518 0.7730104533627319 0
outer loop
vertex 62.29289321881348 30.792893218813433 1.2
vertex 62.44442976698043 30.668530387697434 1.2
vertex 62.4444297669804 30.66853038769746 0
endloop
endfacet
facet normal 0.6343932841636518 0.7730104533627319 0
outer loop
vertex 62.29289321881348 30.792893218813433 1.2
vertex 62.4444297669804 30.66853038769746 0
vertex 62.292893218813454 30.792893218813454 0
endloop
endfacet
facet normal 0.47139673682600136 0.8819212643483529 0
outer loop
vertex 62.44442976698043 30.668530387697434 1.2
vertex 62.61731656763491 30.576120467488707 1.2
vertex 62.61731656763492 30.57612046748871 0
endloop
endfacet
facet normal 0.47139673682600136 0.8819212643483529 0
outer loop
vertex 62.44442976698043 30.668530387697434 1.2
vertex 62.61731656763492 30.57612046748871 0
vertex 62.4444297669804 30.66853038769746 0
endloop
endfacet
facet normal 0.2902846772544479 0.9569403357322133 0
outer loop
vertex 62.61731656763491 30.576120467488707 1.2
vertex 62.80490967798385 30.51921471959677 1.2
vertex 62.80490967798389 30.519214719596764 0
endloop
endfacet
facet normal 0.2902846772544479 0.9569403357322133 0
outer loop
vertex 62.61731656763491 30.576120467488707 1.2
vertex 62.80490967798389 30.519214719596764 0
vertex 62.61731656763492 30.57612046748871 0
endloop
endfacet
facet normal 0.09801714032956706 0.9951847266721963 0
outer loop
vertex 62.80490967798385 30.51921471959677 1.2
vertex 62.99999999999998 30.5 1.2
vertex 62.99999999999998 30.499999999999996 0
endloop
endfacet
facet normal 0.09801714032956706 0.9951847266721963 0
outer loop
vertex 62.80490967798385 30.51921471959677 1.2
vertex 62.99999999999998 30.499999999999996 0
vertex 62.80490967798389 30.519214719596764 0
endloop
endfacet
facet normal -0.0980171403295529 0.9951847266721977 0
outer loop
vertex 62.99999999999998 30.5 1.2
vertex 63.19509032201614 30.51921471959677 1.2
vertex 63.195090322016135 30.519214719596764 0
endloop
endfacet
facet normal -0.0980171403295529 0.9951847266721977 0
outer loop
vertex 62.99999999999998 30.5 1.2
vertex 63.195090322016135 30.519214719596764 0
vertex 62.99999999999998 30.499999999999996 0
endloop
endfacet
facet normal -0.29028467725447266 0.9569403357322057 0
outer loop
vertex 63.19509032201614 30.51921471959677 1.2
vertex 63.38268343236507 30.576120467488707 1.2
vertex 63.3826834323651 30.57612046748871 0
endloop
endfacet
facet normal -0.29028467725447266 0.9569403357322057 0
outer loop
vertex 63.19509032201614 30.51921471959677 1.2
vertex 63.3826834323651 30.57612046748871 0
vertex 63.195090322016135 30.519214719596764 0
endloop
endfacet
facet normal -0.47139673682599703 0.8819212643483554 0
outer loop
vertex 63.38268343236507 30.576120467488707 1.2
vertex 63.55557023301957 30.668530387697434 1.2
vertex 63.55557023301959 30.66853038769746 0
endloop
endfacet
facet normal -0.47139673682599703 0.8819212643483554 0
outer loop
vertex 63.38268343236507 30.576120467488707 1.2
vertex 63.55557023301959 30.66853038769746 0
vertex 63.3826834323651 30.57612046748871 0
endloop
endfacet
facet normal -0.634393284163647 0.7730104533627357 0
outer loop
vertex 63.55557023301957 30.668530387697434 1.2
vertex 63.70710678118654 30.792893218813433 1.2
vertex 63.70710678118654 30.792893218813454 0
endloop
endfacet
facet normal -0.634393284163647 0.7730104533627357 0
outer loop
vertex 63.55557023301957 30.668530387697434 1.2
vertex 63.70710678118654 30.792893218813454 0
vertex 63.55557023301959 30.66853038769746 0
endloop
endfacet
facet normal -0.773010453362722 0.6343932841636638 0
outer loop
vertex 63.70710678118654 30.792893218813433 1.2
vertex 63.83146961230262 30.944429766980473 1.2
vertex 63.831469612302534 30.944429766980384 0
endloop
endfacet
facet normal -0.773010453362722 0.6343932841636638 0
outer loop
vertex 63.70710678118654 30.792893218813433 1.2
vertex 63.831469612302534 30.944429766980384 0
vertex 63.70710678118654 30.792893218813454 0
endloop
endfacet
facet normal -0.8819212643483605 0.4713967368259874 0
outer loop
vertex 63.83146961230262 30.944429766980473 1.2
vertex 63.92387953251126 31.117316567634894 1.2
vertex 63.92387953251129 31.117316567634955 0
endloop
endfacet
facet normal -0.8819212643483605 0.4713967368259874 0
outer loop
vertex 63.83146961230262 30.944429766980473 1.2
vertex 63.92387953251129 31.117316567634955 0
vertex 63.831469612302534 30.944429766980384 0
endloop
endfacet
facet normal -0.9569403357322046 0.2902846772544764 0
outer loop
vertex 63.92387953251126 31.117316567634894 1.2
vertex 63.98078528040324 31.304909677983865 1.2
vertex 63.98078528040323 31.30490967798389 0
endloop
endfacet
facet normal -0.9569403357322046 0.2902846772544764 0
outer loop
vertex 63.92387953251126 31.117316567634894 1.2
vertex 63.98078528040323 31.30490967798389 0
vertex 63.92387953251129 31.117316567634955 0
endloop
endfacet
endsolid csg.js
