999
dxfrw 0.6.3
  0
SECTION
  2
HEADER
  9
$ACADVER
  1
AC1021
  9
$DWGCODEPAGE
  3
ANSI_1252
  9
$INSBASE
 10
0
 20
0
 30
0
  9
$EXTMIN
 10
0.5272220089608983
 20
0.09146128495255545
 30
0
  9
$EXTMAX
 10
5.224897323921528
 20
3.546325418810823
 30
0
  9
$LIMMIN
 10
0
 20
0
  9
$LIMMAX
 10
420
 20
297
  9
$ORTHOMODE
 70
    0
  9
$REGENMODE
 70
    1
  9
$FILLMODE
 70
    1
  9
$QTEXTMODE
 70
    0
  9
$MIRRTEXT
 70
    0
  9
$LTSCALE
 40
1
  9
$ATTMODE
 70
    0
  9
$TEXTSIZE
 40
2.5
  9
$TRACEWID
 40
15.68
  9
$TEXTSTYLE
  7
STANDARD
  9
$CLAYER
  8
0
  9
$CELTYPE
  6
BYLAYER
  9
$CECOLOR
 62
  256
  9
$CELTSCALE
 40
1
  9
$DISPSILH
 70
    0
  9
$DIMSCALE
 40
2.5
  9
$DIMASZ
 40
2.5
  9
$DIMEXO
 40
0.625
  9
$DIMDLI
 40
3.75
  9
$DIMRND
 40
0
  9
$DIMDLE
 40
0
  9
$DIMEXE
 40
1.25
  9
$DIMTP
 40
0
  9
$DIMTM
 40
0
  9
$DIMTXT
 40
2.5
  9
$DIMCEN
 40
2.5
  9
$DIMTSZ
 40
0
  9
$DIMTOL
 70
    0
  9
$DIMLIM
 70
    0
  9
$DIMTIH
 70
    0
  9
$DIMTOH
 70
    0
  9
$DIMSE1
 70
    0
  9
$DIMSE2
 70
    0
  9
$DIMTAD
 70
    1
  9
$DIMZIN
 70
    8
  9
$DIMBLK
  1

  9
$DIMASO
 70
    1
  9
$DIMSHO
 70
    1
  9
$DIMPOST
  1

  9
$DIMAPOST
  1

  9
$DIMALT
 70
    0
  9
$DIMALTD
 70
    3
  9
$DIMALTF
 40
0.03937
  9
$DIMLFAC
 40
1
  9
$DIMTOFL
 70
    1
  9
$DIMTVP
 40
0
  9
$DIMTIX
 70
    0
  9
$DIMSOXD
 70
    0
  9
$DIMSAH
 70
    0
  9
$DIMBLK1
  1

  9
$DIMBLK2
  1

  9
$DIMSTYLE
  2
Standard
  9
$DIMCLRD
 70
    0
  9
$DIMCLRE
 70
    0
  9
$DIMCLRT
 70
    0
  9
$DIMTFAC
 40
1
  9
$DIMGAP
 40
0.625
  9
$DIMJUST
 70
    0
  9
$DIMSD1
 70
    0
  9
$DIMSD2
 70
    0
  9
$DIMTOLJ
 70
    0
  9
$DIMTZIN
 70
    8
  9
$DIMALTZ
 70
    0
  9
$DIMALTTZ
 70
    0
  9
$DIMUPT
 70
    0
  9
$DIMDEC
 70
    2
  9
$DIMTDEC
 70
    2
  9
$DIMALTU
 70
    2
  9
$DIMALTTD
 70
    3
  9
$DIMTXSTY
  7
STANDARD
  9
$DIMAUNIT
 70
    0
  9
$DIMADEC
 70
    0
  9
$DIMALTRND
 40
0
  9
$DIMAZIN
 70
    0
  9
$DIMDSEP
 70
   44
  9
$DIMATFIT
 70
    3
  9
$DIMFRAC
 70
    0
  9
$DIMLDRBLK
  1
STANDARD
  9
$DIMLUNIT
 70
    2
  9
$DIMLWD
 70
   -2
  9
$DIMLWE
 70
   -2
  9
$DIMTMOVE
 70
    0
  9
$DIMFXL
 40
1
  9
$DIMFXLON
 70
    0
  9
$DIMJOGANG
 40
0.7854
  9
$DIMTFILL
 70
    0
  9
$DIMTFILLCLR
 70
    0
  9
$DIMARCSYM
 70
    0
  9
$DIMLTYPE
  6

  9
$DIMLTEX1
  6

  9
$DIMLTEX2
  6

  9
$LUNITS
 70
    2
  9
$LUPREC
 70
    4
  9
$SKETCHINC
 40
1
  9
$FILLETRAD
 40
0
  9
$AUNITS
 70
    0
  9
$AUPREC
 70
    2
  9
$MENU
  1
.
  9
$ELEVATION
 40
0
  9
$PELEVATION
 40
0
  9
$THICKNESS
 40
0
  9
$LIMCHECK
 70
    0
  9
$CHAMFERA
 40
0
  9
$CHAMFERB
 40
0
  9
$CHAMFERC
 40
0
  9
$CHAMFERD
 40
0
  9
$SKPOLY
 70
    0
  9
$USRTIMER
 70
    1
  9
$ANGBASE
 50
0
  9
$ANGDIR
 70
    1
  9
$PDMODE
 70
   34
  9
$PDSIZE
 40
0
  9
$PLINEWID
 40
0
  9
$SPLFRAME
 70
    0
  9
$SPLINETYPE
 70
    2
  9
$SPLINESEGS
 70
    8
  9
$HANDSEED
  5
20000
  9
$SURFTAB1
 70
    6
  9
$SURFTAB2
 70
    6
  9
$SURFTYPE
 70
    6
  9
$SURFU
 70
    6
  9
$SURFV
 70
    6
  9
$UCSBASE
  2

  9
$UCSNAME
  2

  9
$UCSORG
 10
0
 20
0
 30
0
  9
$UCSXDIR
 10
1
 20
0
 30
0
  9
$UCSYDIR
 10
0
 20
1
 30
0
  9
$UCSORTHOREF
  2

  9
$UCSORTHOVIEW
 70
    0
  9
$UCSORGTOP
 10
0
 20
0
 30
0
  9
$UCSORGBOTTOM
 10
0
 20
0
 30
0
  9
$UCSORGLEFT
 10
0
 20
0
 30
0
  9
$UCSORGRIGHT
 10
0
 20
0
 30
0
  9
$UCSORGFRONT
 10
0
 20
0
 30
0
  9
$UCSORGBACK
 10
0
 20
0
 30
0
  9
$PUCSBASE
  2

  9
$PUCSNAME
  2

  9
$PUCSORG
 10
0
 20
0
 30
0
  9
$PUCSXDIR
 10
1
 20
0
 30
0
  9
$PUCSYDIR
 10
0
 20
1
 30
0
  9
$PUCSORTHOREF
  2

  9
$PUCSORTHOVIEW
 70
    0
  9
$PUCSORGTOP
 10
0
 20
0
 30
0
  9
$PUCSORGBOTTOM
 10
0
 20
0
 30
0
  9
$PUCSORGLEFT
 10
0
 20
0
 30
0
  9
$PUCSORGRIGHT
 10
0
 20
0
 30
0
  9
$PUCSORGFRONT
 10
0
 20
0
 30
0
  9
$PUCSORGBACK
 10
0
 20
0
 30
0
  9
$USERI1
 70
    0
  9
$USERI2
 70
    0
  9
$USERI3
 70
    0
  9
$USERI4
 70
    0
  9
$USERI5
 70
    0
  9
$USERR1
 40
0
  9
$USERR2
 40
0
  9
$USERR3
 40
0
  9
$USERR4
 40
0
  9
$USERR5
 40
0
  9
$WORLDVIEW
 70
    1
  9
$SHADEDGE
 70
    3
  9
$SHADEDIF
 70
   70
  9
$TILEMODE
 70
    1
  9
$MAXACTVP
 70
   64
  9
$PINSBASE
 10
0
 20
0
 30
0
  9
$PLIMCHECK
 70
    0
  9
$PEXTMIN
 10
0
 20
0
 30
0
  9
$PEXTMAX
 10
0
 20
0
 30
0
  9
$SNAPSTYLE
 70
    0
  9
$PLIMMIN
 10
0
 20
0
  9
$PLIMMAX
 10
297
 20
210
  9
$UNITMODE
 70
    0
  9
$VISRETAIN
 70
    1
  9
$PLINEGEN
 70
    0
  9
$PSLTSCALE
 70
    1
  9
$TREEDEPTH
 70
 3020
  9
$CMLSTYLE
  2
Standard
  9
$CMLJUST
 70
    0
  9
$CMLSCALE
 40
20
  9
$PROXYGRAPHICS
 70
    1
  9
$MEASUREMENT
 70
    1
  9
$CELWEIGHT
370
   -1
  9
$ENDCAPS
280
    0
  9
$JOINSTYLE
280
    0
  9
$LWDISPLAY
290
    0
  9
$INSUNITS
 70
    4
  9
$HYPERLINKBASE
  1

  9
$STYLESHEET
  1

  9
$XEDIT
290
    1
  9
$CEPSNTYPE
380
    0
  9
$PSTYLEMODE
290
    1
  9
$EXTNAMES
290
    1
  9
$PSVPSCALE
 40
1
  9
$OLESTARTUP
290
    0
  9
$SORTENTS
280
  127
  9
$INDEXCTL
280
    0
  9
$HIDETEXT
280
    1
  9
$XCLIPFRAME
290
    0
  9
$HALOGAP
280
    0
  9
$OBSCOLOR
 70
  257
  9
$OBSLTYPE
280
    0
  9
$INTERSECTIONDISPLAY
280
    0
  9
$INTERSECTIONCOLOR
 70
  257
  9
$DIMASSOC
280
    1
  9
$PROJECTNAME
  1

  9
$CAMERADISPLAY
290
    0
  9
$LENSLENGTH
 40
50
  9
$CAMERAHEIGHT
 40
0
  9
$STEPSPERSEC
 40
2
  9
$STEPSIZE
 40
50
  9
$3DDWFPREC
 40
2
  9
$PSOLWIDTH
 40
5
  9
$PSOLHEIGHT
 40
80
  9
$LOFTANG1
 40
1.570796326794897
  9
$LOFTANG2
 40
1.570796326794897
  9
$LOFTMAG1
 40
0
  9
$LOFTMAG2
 40
0
  9
$LOFTPARAM
 70
    7
  9
$LOFTNORMALS
280
    1
  9
$LATITUDE
 40
1
  9
$LONGITUDE
 40
1
  9
$NORTHDIRECTION
 40
0
  9
$TIMEZONE
 70
-8000
  9
$LIGHTGLYPHDISPLAY
280
    1
  9
$TILEMODELIGHTSYNCH
280
    1
  9
$SOLIDHIST
280
    1
  9
$SHOWHIST
280
    1
  9
$DWFFRAME
280
    2
  9
$DGNFRAME
280
    0
  9
$REALWORLDSCALE
290
    1
  9
$INTERFERECOLOR
 62
    1
  9
$CSHADOW
280
    0
  9
$SHADOWPLANELOCATION
 40
0
  0
ENDSEC
  0
SECTION
  2
CLASSES
  0
ENDSEC
  0
SECTION
  2
TABLES
  0
TABLE
  2
VPORT
  5
8
330
0
100
AcDbSymbolTable
 70
    1
  0
VPORT
  5
31
330
2
100
AcDbSymbolTableRecord
100
AcDbViewportTableRecord
  2
*ACTIVE
 70
    0
 10
0
 20
0
 11
1
 21
1
 12
5.449823857745729
 22
2.202876169867747
 13
0
 23
0
 14
10
 24
10
 15
10
 25
10
 16
0
 26
0
 36
1
 17
0
 27
0
 37
0
 40
8.685298232238983
 41
2.079260237780713
 42
50
 43
0
 44
0
 50
0
 51
0
 71
    0
 72
  100
 73
    1
 74
    3
 75
    0
 76
    1
 77
    0
 78
    0
281
    0
 65
    1
110
0
120
0
130
0
111
1
121
0
131
0
112
0
122
1
132
0
 79
    0
146
0
348
10020
 60
    7
 61
    5
292
1
282
    1
141
0
142
0
 63
  250
421
3358443
  0
ENDTAB
  0
TABLE
  2
LTYPE
  5
5
330
0
100
AcDbSymbolTable
 70
    4
  0
LTYPE
  5
14
330
5
100
AcDbSymbolTableRecord
100
AcDbLinetypeTableRecord
  2
ByBlock
 70
    0
  3

 72
   65
 73
    0
 40
0
  0
LTYPE
  5
15
330
5
100
AcDbSymbolTableRecord
100
AcDbLinetypeTableRecord
  2
ByLayer
 70
    0
  3

 72
   65
 73
    0
 40
0
  0
LTYPE
  5
16
330
5
100
AcDbSymbolTableRecord
100
AcDbLinetypeTableRecord
  2
Continuous
 70
    0
  3
Solid line
 72
   65
 73
    0
 40
0
  0
LTYPE
  5
32
330
5
100
AcDbSymbolTableRecord
100
AcDbLinetypeTableRecord
  2
DOT
 70
    0
  3
Dot . . . . . . . . . . . . . . . . . . . . . .
 72
   65
 73
    2
 40
6.35
 49
0
 74
    0
 49
-6.35
 74
    0
  0
LTYPE
  5
33
330
5
100
AcDbSymbolTableRecord
100
AcDbLinetypeTableRecord
  2
DOTTINY
 70
    0
  3
Dot (.15x) .....................................
 72
   65
 73
    2
 40
0.9525
 49
0
 74
    0
 49
-0.9525
 74
    0
  0
LTYPE
  5
34
330
5
100
AcDbSymbolTableRecord
100
AcDbLinetypeTableRecord
  2
DOT2
 70
    0
  3
Dot (.5x) .....................................
 72
   65
 73
    2
 40
3.175
 49
0
 74
    0
 49
-3.175
 74
    0
  0
LTYPE
  5
35
330
5
100
AcDbSymbolTableRecord
100
AcDbLinetypeTableRecord
  2
DOTX2
 70
    0
  3
Dot (2x) .  .  .  .  .  .  .  .  .  .  .  .  .
 72
   65
 73
    2
 40
12.7
 49
0
 74
    0
 49
-12.7
 74
    0
  0
LTYPE
  5
36
330
5
100
AcDbSymbolTableRecord
100
AcDbLinetypeTableRecord
  2
DASHED
 70
    0
  3
Dashed _ _ _ _ _ _ _ _ _ _ _ _ _ _ _ _ _
 72
   65
 73
    2
 40
19.05
 49
12.7
 74
    0
 49
-6.35
 74
    0
  0
LTYPE
  5
37
330
5
100
AcDbSymbolTableRecord
100
AcDbLinetypeTableRecord
  2
DASHEDTINY
 70
    0
  3
Dashed (.15x) _ _ _ _ _ _ _ _ _ _ _ _ _ _ _ _ _
 72
   65
 73
    2
 40
2.8575
 49
1.905
 74
    0
 49
-0.9525
 74
    0
  0
LTYPE
  5
38
330
5
100
AcDbSymbolTableRecord
100
AcDbLinetypeTableRecord
  2
DASHED2
 70
    0
  3
Dashed (.5x) _ _ _ _ _ _ _ _ _ _ _ _ _ _ _ _ _
 72
   65
 73
    2
 40
9.524999999999999
 49
6.35
 74
    0
 49
-3.175
 74
    0
  0
LTYPE
  5
39
330
5
100
AcDbSymbolTableRecord
100
AcDbLinetypeTableRecord
  2
DASHEDX2
 70
    0
  3
Dashed (2x) ____  ____  ____  ____  ____  ___
 72
   65
 73
    2
 40
38.09999999999999
 49
25.4
 74
    0
 49
-12.7
 74
    0
  0
LTYPE
  5
3A
330
5
100
AcDbSymbolTableRecord
100
AcDbLinetypeTableRecord
  2
DASHDOT
 70
    0
  3
Dash dot __ . __ . __ . __ . __ . __ . __ . __
 72
   65
 73
    4
 40
25.4
 49
12.7
 74
    0
 49
-6.35
 74
    0
 49
0
 74
    0
 49
-6.35
 74
    0
  0
LTYPE
  5
3B
330
5
100
AcDbSymbolTableRecord
100
AcDbLinetypeTableRecord
  2
DASHDOTTINY
 70
    0
  3
Dash dot (.15x) _._._._._._._._._._._._._._._.
 72
   65
 73
    4
 40
3.81
 49
1.905
 74
    0
 49
-0.9525
 74
    0
 49
0
 74
    0
 49
-0.9525
 74
    0
  0
LTYPE
  5
3C
330
5
100
AcDbSymbolTableRecord
100
AcDbLinetypeTableRecord
  2
DASHDOT2
 70
    0
  3
Dash dot (.5x) _._._._._._._._._._._._._._._.
 72
   65
 73
    4
 40
12.7
 49
6.35
 74
    0
 49
-3.175
 74
    0
 49
0
 74
    0
 49
-3.175
 74
    0
  0
LTYPE
  5
3D
330
5
100
AcDbSymbolTableRecord
100
AcDbLinetypeTableRecord
  2
DASHDOTX2
 70
    0
  3
Dash dot (2x) ____  .  ____  .  ____  .  ___
 72
   65
 73
    4
 40
50.8
 49
25.4
 74
    0
 49
-12.7
 74
    0
 49
0
 74
    0
 49
-12.7
 74
    0
  0
LTYPE
  5
3E
330
5
100
AcDbSymbolTableRecord
100
AcDbLinetypeTableRecord
  2
DIVIDE
 70
    0
  3
Divide ____ . . ____ . . ____ . . ____ . . ____
 72
   65
 73
    6
 40
31.75
 49
12.7
 74
    0
 49
-6.35
 74
    0
 49
0
 74
    0
 49
-6.35
 74
    0
 49
0
 74
    0
 49
-6.35
 74
    0
  0
LTYPE
  5
3F
330
5
100
AcDbSymbolTableRecord
100
AcDbLinetypeTableRecord
  2
DIVIDETINY
 70
    0
  3
Divide (.15x) __..__..__..__..__..__..__..__.._
 72
   65
 73
    6
 40
4.7625
 49
1.905
 74
    0
 49
-0.9525
 74
    0
 49
0
 74
    0
 49
-0.9525
 74
    0
 49
0
 74
    0
 49
-0.9525
 74
    0
  0
LTYPE
  5
40
330
5
100
AcDbSymbolTableRecord
100
AcDbLinetypeTableRecord
  2
DIVIDE2
 70
    0
  3
Divide (.5x) __..__..__..__..__..__..__..__.._
 72
   65
 73
    6
 40
15.875
 49
6.35
 74
    0
 49
-3.175
 74
    0
 49
0
 74
    0
 49
-3.175
 74
    0
 49
0
 74
    0
 49
-3.175
 74
    0
  0
LTYPE
  5
41
330
5
100
AcDbSymbolTableRecord
100
AcDbLinetypeTableRecord
  2
DIVIDEX2
 70
    0
  3
Divide (2x) ________  .  .  ________  .  .  _
 72
   65
 73
    6
 40
63.5
 49
25.4
 74
    0
 49
-12.7
 74
    0
 49
0
 74
    0
 49
-12.7
 74
    0
 49
0
 74
    0
 49
-12.7
 74
    0
  0
LTYPE
  5
42
330
5
100
AcDbSymbolTableRecord
100
AcDbLinetypeTableRecord
  2
BORDER
 70
    0
  3
Border __ __ . __ __ . __ __ . __ __ . __ __ .
 72
   65
 73
    6
 40
44.45
 49
12.7
 74
    0
 49
-6.35
 74
    0
 49
12.7
 74
    0
 49
-6.35
 74
    0
 49
0
 74
    0
 49
-6.35
 74
    0
  0
LTYPE
  5
43
330
5
100
AcDbSymbolTableRecord
100
AcDbLinetypeTableRecord
  2
BORDERTINY
 70
    0
  3
Border (.15x) __.__.__.__.__.__.__.__.__.__.__.
 72
   65
 73
    6
 40
6.6675
 49
1.905
 74
    0
 49
-0.9525
 74
    0
 49
1.905
 74
    0
 49
-0.9525
 74
    0
 49
0
 74
    0
 49
-0.9525
 74
    0
  0
LTYPE
  5
44
330
5
100
AcDbSymbolTableRecord
100
AcDbLinetypeTableRecord
  2
BORDER2
 70
    0
  3
Border (.5x) __.__.__.__.__.__.__.__.__.__.__.
 72
   65
 73
    6
 40
22.225
 49
6.35
 74
    0
 49
-3.175
 74
    0
 49
6.35
 74
    0
 49
-3.175
 74
    0
 49
0
 74
    0
 49
-3.175
 74
    0
  0
LTYPE
  5
45
330
5
100
AcDbSymbolTableRecord
100
AcDbLinetypeTableRecord
  2
BORDERX2
 70
    0
  3
Border (2x) ____  ____  .  ____  ____  .  ___
 72
   65
 73
    6
 40
88.89999999999999
 49
25.4
 74
    0
 49
-12.7
 74
    0
 49
25.4
 74
    0
 49
-12.7
 74
    0
 49
0
 74
    0
 49
-12.7
 74
    0
  0
LTYPE
  5
46
330
5
100
AcDbSymbolTableRecord
100
AcDbLinetypeTableRecord
  2
CENTER
 70
    0
  3
Center ____ _ ____ _ ____ _ ____ _ ____ _ ____
 72
   65
 73
    4
 40
50.8
 49
31.75
 74
    0
 49
-6.35
 74
    0
 49
6.35
 74
    0
 49
-6.35
 74
    0
  0
LTYPE
  5
47
330
5
100
AcDbSymbolTableRecord
100
AcDbLinetypeTableRecord
  2
CENTERTINY
 70
    0
  3
Center (.15x) ___ _ ___ _ ___ _ ___ _ ___ _ ___
 72
   65
 73
    4
 40
7.619999999999999
 49
4.7625
 74
    0
 49
-0.9525
 74
    0
 49
0.9525
 74
    0
 49
-0.9525
 74
    0
  0
LTYPE
  5
48
330
5
100
AcDbSymbolTableRecord
100
AcDbLinetypeTableRecord
  2
CENTER2
 70
    0
  3
Center (.5x) ___ _ ___ _ ___ _ ___ _ ___ _ ___
 72
   65
 73
    4
 40
28.575
 49
19.05
 74
    0
 49
-3.175
 74
    0
 49
3.175
 74
    0
 49
-3.175
 74
    0
  0
LTYPE
  5
49
330
5
100
AcDbSymbolTableRecord
100
AcDbLinetypeTableRecord
  2
CENTERX2
 70
    0
  3
Center (2x) ________  __  ________  __  _____
 72
   65
 73
    4
 40
101.6
 49
63.5
 74
    0
 49
-12.7
 74
    0
 49
12.7
 74
    0
 49
-12.7
 74
    0
  0
ENDTAB
  0
TABLE
  2
LAYER
  5
2
330
0
100
AcDbSymbolTable
 70
    1
  0
LAYER
  5
10
330
2
100
AcDbSymbolTableRecord
100
AcDbLayerTableRecord
  2
0
 70
    0
 62
    7
  6
CONTINUOUS
370
    0
390
F
  0
LAYER
  5
4A
330
2
100
AcDbSymbolTableRecord
100
AcDbLayerTableRecord
  2
BLACK
 70
    0
 62
    7
  6
CONTINUOUS
370
   -3
390
F
  0
ENDTAB
  0
TABLE
  2
STYLE
  5
3
330
0
100
AcDbSymbolTable
 70
    3
  0
STYLE
  5
4B
330
2
100
AcDbSymbolTableRecord
100
AcDbTextStyleTableRecord
  2
Standard
 70
    0
 40
0
 41
1
 50
0
 71
    0
 42
1
  3
txt
  4

  0
ENDTAB
  0
TABLE
  2
VIEW
  5
6
330
0
100
AcDbSymbolTable
 70
    0
  0
ENDTAB
  0
TABLE
  2
UCS
  5
7
330
0
100
AcDbSymbolTable
 70
    0
  0
ENDTAB
  0
TABLE
  2
APPID
  5
9
330
0
100
AcDbSymbolTable
 70
    1
  0
APPID
  5
12
330
9
100
AcDbSymbolTableRecord
100
AcDbRegAppTableRecord
  2
ACAD
 70
    0
  0
APPID
  5
4C
330
9
100
AcDbSymbolTableRecord
100
AcDbRegAppTableRecord
  2
LibreCad
 70
    0
  0
ENDTAB
  0
TABLE
  2
DIMSTYLE
  5
A
330
0
100
AcDbSymbolTable
 70
    1
100
AcDbDimStyleTable
 71
    1
  0
DIMSTYLE
105
4D
330
A
100
AcDbSymbolTableRecord
100
AcDbDimStyleTableRecord
  2
Standard
 70
    0
 40
1
 41
2.5
 42
0.625
 43
0.38
 44
1.25
 45
0
 46
0
 47
0
 48
0
 49
1
140
2.5
141
0.09
142
2.5
143
25.4
144
1
145
0
146
1
147
0.625
148
0
 71
    0
 72
    0
 73
    0
 74
    1
 75
    0
 76
    0
 77
    0
 78
    1
 79
    0
170
    0
171
    2
172
    0
173
    0
174
    0
175
    0
176
    0
177
    0
178
    0
179
    0
271
    2
272
    4
273
    2
274
    2
275
    0
276
    0
277
    2
278
    0
279
    0
280
    0
281
    0
282
    0
283
    1
284
    0
285
    0
286
    0
288
    0
289
    3
340
standard
341

371
   -2
372
   -2
  0
ENDTAB
  0
TABLE
  2
BLOCK_RECORD
  5
1
330
0
100
AcDbSymbolTable
 70
    2
  0
BLOCK_RECORD
  5
1F
330
1
100
AcDbSymbolTableRecord
100
AcDbBlockTableRecord
  2
*Model_Space
 70
    0
280
    1
281
    0
  0
BLOCK_RECORD
  5
1E
330
1
100
AcDbSymbolTableRecord
100
AcDbBlockTableRecord
  2
*Paper_Space
 70
    0
280
    1
281
    0
  0
ENDTAB
  0
ENDSEC
  0
SECTION
  2
BLOCKS
  0
BLOCK
  5
20
330
1F
100
AcDbEntity
  8
0
100
AcDbBlockBegin
  2
*Model_Space
 70
    0
 10
0
 20
0
 30
0
  3
*Model_Space
  1

  0
ENDBLK
  5
21
330
1F
100
AcDbEntity
  8
0
100
AcDbBlockEnd
  0
BLOCK
  5
1C
330
1B
100
AcDbEntity
  8
0
100
AcDbBlockBegin
  2
*Paper_Space
 70
    0
 10
0
 20
0
 30
0
  3
*Paper_Space
  1

  0
ENDBLK
  5
1D
330
1F
100
AcDbEntity
  8
0
100
AcDbBlockEnd
  0
ENDSEC
  0
SECTION
  2
ENTITIES
  0
LINE
  5
4E
100
AcDbEntity
  8
BLACK
  6
CONTINUOUS
 62
  256
370
   -1
100
AcDbLine
 10
5.128571082973349
 20
1.514477366784076
 11
5.128570768012719
 21
1.514474571508486
  0
LINE
  5
4F
100
AcDbEntity
  8
BLACK
  6
CONTINUOUS
 62
  256
370
   -1
100
AcDbLine
 10
4.284791182189245
 20
0.837510576291138
 11
4.324712914472709
 21
0.8366632140864138
  0
LINE
  5
50
100
AcDbEntity
  8
BLACK
  6
CONTINUOUS
 62
  256
370
   -1
100
AcDbLine
 10
4.324712914472709
 20
0.8366632140864138
 11
4.324713229433339
 21
0.836663174716335
  0
LINE
  5
51
100
AcDbEntity
  8
BLACK
  6
CONTINUOUS
 62
  256
370
   -1
100
AcDbLine
 10
4.324713229433339
 20
0.836663174716335
 11
4.324713426283733
 21
0.8366632140864138
  0
LINE
  5
52
100
AcDbEntity
  8
BLACK
  6
CONTINUOUS
 62
  256
370
   -1
100
AcDbLine
 10
4.324713426283733
 20
0.8366632140864138
 11
4.324919725496331
 21
0.8366175054249964
  0
LINE
  5
53
100
AcDbEntity
  8
BLACK
  6
CONTINUOUS
 62
  256
370
   -1
100
AcDbLine
 10
4.324919725496331
 20
0.8366175054249964
 11
4.325087914472709
 21
0.8365803400706656
  0
LINE
  5
54
100
AcDbEntity
  8
BLACK
  6
CONTINUOUS
 62
  256
370
   -1
100
AcDbLine
 10
4.325087914472709
 20
0.8365803400706656
 11
4.325087993212867
 21
0.8365802613305081
  0
LINE
  5
55
100
AcDbEntity
  8
BLACK
  6
CONTINUOUS
 62
  256
370
   -1
100
AcDbLine
 10
4.325087993212867
 20
0.8365802613305081
 11
4.325088386913654
 21
0.8365801432202719
  0
LINE
  5
56
100
AcDbEntity
  8
BLACK
  6
CONTINUOUS
 62
  256
370
   -1
100
AcDbLine
 10
4.325088386913654
 20
0.8365801432202719
 11
4.361648386913654
 21
0.8204967967635791
  0
LINE
  5
57
100
AcDbEntity
  8
BLACK
  6
CONTINUOUS
 62
  256
370
   -1
100
AcDbLine
 10
4.361648386913654
 20
0.8204967967635791
 11
4.36172787510263
 21
0.8204411668423194
  0
LINE
  5
58
100
AcDbEntity
  8
BLACK
  6
CONTINUOUS
 62
  256
370
   -1
100
AcDbLine
 10
4.36172787510263
 20
0.8204411668423194
 11
4.361816575890032
 21
0.820402111724209
  0
LINE
  5
59
100
AcDbEntity
  8
BLACK
  6
CONTINUOUS
 62
  256
370
   -1
100
AcDbLine
 10
4.361816575890032
 20
0.820402111724209
 11
4.405354213685308
 21
0.7899167573935003
  0
LINE
  5
5A
100
AcDbEntity
  8
BLACK
  6
CONTINUOUS
 62
  256
370
   -1
100
AcDbLine
 10
4.405354213685308
 20
0.7899167573935003
 11
4.405354292425465
 21
0.7899166786533428
  0
LINE
  5
5B
100
AcDbEntity
  8
BLACK
  6
CONTINUOUS
 62
  256
370
   -1
100
AcDbLine
 10
4.405354292425465
 20
0.7899166786533428
 11
4.460179331795544
 21
0.7515277810155475
  0
LINE
  5
5C
100
AcDbEntity
  8
BLACK
  6
CONTINUOUS
 62
  256
370
   -1
100
AcDbLine
 10
4.460179331795544
 20
0.7515277810155475
 11
4.494041930220741
 21
0.727816954243894
  0
LINE
  5
5D
100
AcDbEntity
  8
BLACK
  6
CONTINUOUS
 62
  256
370
   -1
100
AcDbLine
 10
4.494041930220741
 20
0.727816954243894
 11
4.494206457779796
 21
0.7276451038501933
  0
LINE
  5
5E
100
AcDbEntity
  8
BLACK
  6
CONTINUOUS
 62
  256
370
   -1
100
AcDbLine
 10
4.494206457779796
 20
0.7276451038501933
 11
4.494249528645938
 21
0.727621048732083
  0
LINE
  5
5F
100
AcDbEntity
  8
BLACK
  6
CONTINUOUS
 62
  256
370
   -1
100
AcDbLine
 10
4.494249528645938
 20
0.727621048732083
 11
4.494272481401843
 21
0.7275761668423192
  0
LINE
  5
60
100
AcDbEntity
  8
BLACK
  6
CONTINUOUS
 62
  256
370
   -1
100
AcDbLine
 10
4.494272481401843
 20
0.7275761668423192
 11
4.494307520771922
 21
0.7275395526690908
  0
LINE
  5
61
100
AcDbEntity
  8
BLACK
  6
CONTINUOUS
 62
  256
370
   -1
100
AcDbLine
 10
4.494307520771922
 20
0.7275395526690908
 11
4.494316103449087
 21
0.7274908125116105
  0
LINE
  5
62
100
AcDbEntity
  8
BLACK
  6
CONTINUOUS
 62
  256
370
   -1
100
AcDbLine
 10
4.494316103449087
 20
0.7274908125116105
 11
4.494424331795544
 21
0.7272791195982248
  0
LINE
  5
63
100
AcDbEntity
  8
BLACK
  6
CONTINUOUS
 62
  256
370
   -1
100
AcDbLine
 10
4.494424331795544
 20
0.7272791195982248
 11
4.531724134945151
 21
0.5956951825903506
  0
LINE
  5
64
100
AcDbEntity
  8
BLACK
  6
CONTINUOUS
 62
  256
370
   -1
100
AcDbLine
 10
4.531724134945151
 20
0.5956951825903506
 11
4.647537599512079
 21
0.5146017573935003
  0
LINE
  5
65
100
AcDbEntity
  8
BLACK
  6
CONTINUOUS
 62
  256
370
   -1
100
AcDbLine
 10
4.647537599512079
 20
0.5146017573935003
 11
4.647582756992394
 21
0.5145545920391695
  0
LINE
  5
66
100
AcDbEntity
  8
BLACK
  6
CONTINUOUS
 62
  256
370
   -1
100
AcDbLine
 10
4.647582756992394
 20
0.5145545920391695
 11
4.647638386913654
 21
0.5145207731415319
  0
LINE
  5
67
100
AcDbEntity
  8
BLACK
  6
CONTINUOUS
 62
  256
370
   -1
100
AcDbLine
 10
4.647638386913654
 20
0.5145207731415319
 11
4.667332953842788
 21
0.4964529778659413
  0
LINE
  5
68
100
AcDbEntity
  8
BLACK
  6
CONTINUOUS
 62
  256
370
   -1
100
AcDbLine
 10
4.667332953842788
 20
0.4964529778659413
 11
4.667408544393969
 21
0.4963497495194845
  0
LINE
  5
69
100
AcDbEntity
  8
BLACK
  6
CONTINUOUS
 62
  256
370
   -1
100
AcDbLine
 10
4.667408544393969
 20
0.4963497495194845
 11
4.667497166441214
 21
0.4962573479446813
  0
LINE
  5
6A
100
AcDbEntity
  8
BLACK
  6
CONTINUOUS
 62
  256
370
   -1
100
AcDbLine
 10
4.667497166441214
 20
0.4962573479446813
 11
4.681869292425465
 21
0.4737458518816894
  0
LINE
  5
6B
100
AcDbEntity
  8
BLACK
  6
CONTINUOUS
 62
  256
370
   -1
100
AcDbLine
 10
4.681869292425465
 20
0.4737458518816894
 11
4.681916497149874
 21
0.4736247495194846
  0
LINE
  5
6C
100
AcDbEntity
  8
BLACK
  6
CONTINUOUS
 62
  256
370
   -1
100
AcDbLine
 10
4.681916497149874
 20
0.4736247495194846
 11
4.681978780614442
 21
0.4735108912517682
  0
LINE
  5
6D
100
AcDbEntity
  8
BLACK
  6
CONTINUOUS
 62
  256
370
   -1
100
AcDbLine
 10
4.681978780614442
 20
0.4735108912517682
 11
4.689980473527827
 21
0.4480103794407445
  0
LINE
  5
6E
100
AcDbEntity
  8
BLACK
  6
CONTINUOUS
 62
  256
370
   -1
100
AcDbLine
 10
4.689980473527827
 20
0.4480103794407445
 11
4.689994134945151
 21
0.4478838046375949
  0
LINE
  5
6F
100
AcDbEntity
  8
BLACK
  6
CONTINUOUS
 62
  256
370
   -1
100
AcDbLine
 10
4.689994134945151
 20
0.4478838046375949
 11
4.690024646756173
 21
0.4477599857399571
  0
LINE
  5
70
100
AcDbEntity
  8
BLACK
  6
CONTINUOUS
 62
  256
370
   -1
100
AcDbLine
 10
4.690024646756173
 20
0.4477599857399571
 11
4.691227205811292
 21
0.4210605369210595
  0
LINE
  5
71
100
AcDbEntity
  8
BLACK
  6
CONTINUOUS
 62
  256
370
   -1
100
AcDbLine
 10
4.691227205811292
 20
0.4210605369210595
 11
4.691207560142001
 21
0.4209320329840515
  0
LINE
  5
72
100
AcDbEntity
  8
BLACK
  6
CONTINUOUS
 62
  256
370
   -1
100
AcDbLine
 10
4.691207560142001
 20
0.4209320329840515
 11
4.691204646756174
 21
0.4208023085746028
  0
LINE
  5
73
100
AcDbEntity
  8
BLACK
  6
CONTINUOUS
 62
  256
370
   -1
100
AcDbLine
 10
4.691204646756174
 20
0.4208023085746028
 11
4.685398662504205
 21
0.3947328203856263
  0
LINE
  5
74
100
AcDbEntity
  8
BLACK
  6
CONTINUOUS
 62
  256
370
   -1
100
AcDbLine
 10
4.685398662504205
 20
0.3947328203856263
 11
4.685346969590819
 21
0.3946156944013745
  0
LINE
  5
75
100
AcDbEntity
  8
BLACK
  6
CONTINUOUS
 62
  256
370
   -1
100
AcDbLine
 10
4.685346969590819
 20
0.3946156944013745
 11
4.685311260929402
 21
0.394492859755705
  0
LINE
  5
76
100
AcDbEntity
  8
BLACK
  6
CONTINUOUS
 62
  256
370
   -1
100
AcDbLine
 10
4.685311260929402
 20
0.394492859755705
 11
4.672984016834913
 21
0.3707787652675162
  0
LINE
  5
77
100
AcDbEntity
  8
BLACK
  6
CONTINUOUS
 62
  256
370
   -1
100
AcDbLine
 10
4.672984016834913
 20
0.3707787652675162
 11
4.672903071953025
 21
0.3706778203856264
  0
LINE
  5
78
100
AcDbEntity
  8
BLACK
  6
CONTINUOUS
 62
  256
370
   -1
100
AcDbLine
 10
4.672903071953025
 20
0.3706778203856264
 11
4.672835985338851
 21
0.3705673873147602
  0
LINE
  5
79
100
AcDbEntity
  8
BLACK
  6
CONTINUOUS
 62
  256
370
   -1
100
AcDbLine
 10
4.672835985338851
 20
0.3705673873147602
 11
4.65476819006326
 21
0.350872859755705
  0
LINE
  5
7A
100
AcDbEntity
  8
BLACK
  6
CONTINUOUS
 62
  256
370
   -1
100
AcDbLine
 10
4.65476819006326
 20
0.350872859755705
 11
4.654665040456961
 21
0.3507973479446814
  0
LINE
  5
7B
100
AcDbEntity
  8
BLACK
  6
CONTINUOUS
 62
  256
370
   -1
100
AcDbLine
 10
4.654665040456961
 20
0.3507973479446814
 11
4.654572560142
 21
0.3507086077872011
  0
LINE
  5
7C
100
AcDbEntity
  8
BLACK
  6
CONTINUOUS
 62
  256
370
   -1
100
AcDbLine
 10
4.654572560142
 20
0.3507086077872011
 11
4.632061064079009
 21
0.3363364818029492
  0
LINE
  5
7D
100
AcDbEntity
  8
BLACK
  6
CONTINUOUS
 62
  256
370
   -1
100
AcDbLine
 10
4.632061064079009
 20
0.3363364818029492
 11
4.631939922346724
 21
0.3362892770785396
  0
LINE
  5
7E
100
AcDbEntity
  8
BLACK
  6
CONTINUOUS
 62
  256
370
   -1
100
AcDbLine
 10
4.631939922346724
 20
0.3362892770785396
 11
4.631826103449088
 21
0.3362269936139727
  0
LINE
  5
7F
100
AcDbEntity
  8
BLACK
  6
CONTINUOUS
 62
  256
370
   -1
100
AcDbLine
 10
4.631826103449088
 20
0.3362269936139727
 11
4.606325591638063
 21
0.328225300700587
  0
LINE
  5
80
100
AcDbEntity
  8
BLACK
  6
CONTINUOUS
 62
  256
370
   -1
100
AcDbLine
 10
4.606325591638063
 20
0.328225300700587
 11
4.606198977464835
 21
0.328211639283264
  0
LINE
  5
81
100
AcDbEntity
  8
BLACK
  6
CONTINUOUS
 62
  256
370
   -1
100
AcDbLine
 10
4.606198977464835
 20
0.328211639283264
 11
4.606075197937276
 21
0.3281811274722405
  0
LINE
  5
82
100
AcDbEntity
  8
BLACK
  6
CONTINUOUS
 62
  256
370
   -1
100
AcDbLine
 10
4.606075197937276
 20
0.3281811274722405
 11
4.579375788488457
 21
0.3269785684171224
  0
LINE
  5
83
100
AcDbEntity
  8
BLACK
  6
CONTINUOUS
 62
  256
370
   -1
100
AcDbLine
 10
4.579375788488457
 20
0.3269785684171224
 11
4.579247245181371
 21
0.326998174716335
  0
LINE
  5
84
100
AcDbEntity
  8
BLACK
  6
CONTINUOUS
 62
  256
370
   -1
100
AcDbLine
 10
4.579247245181371
 20
0.326998174716335
 11
4.579117520771922
 21
0.3270011274722405
  0
LINE
  5
85
100
AcDbEntity
  8
BLACK
  6
CONTINUOUS
 62
  256
370
   -1
100
AcDbLine
 10
4.579117520771922
 20
0.3270011274722405
 11
4.553048032582945
 21
0.332807111724209
  0
LINE
  5
86
100
AcDbEntity
  8
BLACK
  6
CONTINUOUS
 62
  256
370
   -1
100
AcDbLine
 10
4.553048032582945
 20
0.332807111724209
 11
4.552930867228614
 21
0.3328588046375948
  0
LINE
  5
87
100
AcDbEntity
  8
BLACK
  6
CONTINUOUS
 62
  256
370
   -1
100
AcDbLine
 10
4.552930867228614
 20
0.3328588046375948
 11
4.552808071953024
 21
0.3328945132990121
  0
LINE
  5
88
100
AcDbEntity
  8
BLACK
  6
CONTINUOUS
 62
  256
370
   -1
100
AcDbLine
 10
4.552808071953024
 20
0.3328945132990121
 11
4.529093977464836
 21
0.3452217573935003
  0
LINE
  5
89
100
AcDbEntity
  8
BLACK
  6
CONTINUOUS
 62
  256
370
   -1
100
AcDbLine
 10
4.529093977464836
 20
0.3452217573935003
 11
4.529043111323103
 21
0.3452625447950751
  0
LINE
  5
8A
100
AcDbEntity
  8
BLACK
  6
CONTINUOUS
 62
  256
370
   -1
100
AcDbLine
 10
4.529043111323103
 20
0.3452625447950751
 11
4.528983386913654
 21
0.3452888046375949
  0
LINE
  5
8B
100
AcDbEntity
  8
BLACK
  6
CONTINUOUS
 62
  256
370
   -1
100
AcDbLine
 10
4.528983386913654
 20
0.3452888046375949
 11
4.387083071953024
 21
0.4446485290470436
  0
LINE
  5
8C
100
AcDbEntity
  8
BLACK
  6
CONTINUOUS
 62
  256
370
   -1
100
AcDbLine
 10
4.387083071953024
 20
0.4446485290470436
 11
4.386918505023891
 21
0.4448204188108232
  0
LINE
  5
8D
100
AcDbEntity
  8
BLACK
  6
CONTINUOUS
 62
  256
370
   -1
100
AcDbLine
 10
4.386918505023891
 20
0.4448204188108232
 11
4.386875473527827
 21
0.4448444345588546
  0
LINE
  5
8E
100
AcDbEntity
  8
BLACK
  6
CONTINUOUS
 62
  256
370
   -1
100
AcDbLine
 10
4.386875473527827
 20
0.4448444345588546
 11
4.386852481401843
 21
0.4448893558186972
  0
LINE
  5
8F
100
AcDbEntity
  8
BLACK
  6
CONTINUOUS
 62
  256
370
   -1
100
AcDbLine
 10
4.386852481401843
 20
0.4448893558186972
 11
4.386817481401843
 21
0.4449259306218468
  0
LINE
  5
90
100
AcDbEntity
  8
BLACK
  6
CONTINUOUS
 62
  256
370
   -1
100
AcDbLine
 10
4.386817481401843
 20
0.4449259306218468
 11
4.386808859354598
 21
0.4449747101494058
  0
LINE
  5
91
100
AcDbEntity
  8
BLACK
  6
CONTINUOUS
 62
  256
370
   -1
100
AcDbLine
 10
4.386808859354598
 20
0.4449747101494058
 11
4.386700670378221
 21
0.445186363692713
  0
LINE
  5
92
100
AcDbEntity
  8
BLACK
  6
CONTINUOUS
 62
  256
370
   -1
100
AcDbLine
 10
4.386700670378221
 20
0.445186363692713
 11
4.349400788488458
 21
0.576770300700587
  0
LINE
  5
93
100
AcDbEntity
  8
BLACK
  6
CONTINUOUS
 62
  256
370
   -1
100
AcDbLine
 10
4.349400788488458
 20
0.576770300700587
 11
4.243262442031764
 21
0.6510891983383821
  0
LINE
  5
94
100
AcDbEntity
  8
BLACK
  6
CONTINUOUS
 62
  256
370
   -1
100
AcDbLine
 10
4.243262442031764
 20
0.6510891983383821
 11
4.243195355417591
 21
0.6511592770785396
  0
LINE
  5
95
100
AcDbEntity
  8
BLACK
  6
CONTINUOUS
 62
  256
370
   -1
100
AcDbLine
 10
4.243195355417591
 20
0.6511592770785396
 11
4.243115945968772
 21
0.6512148676297208
  0
LINE
  5
96
100
AcDbEntity
  8
BLACK
  6
CONTINUOUS
 62
  256
370
   -1
100
AcDbLine
 10
4.243115945968772
 20
0.6512148676297208
 11
4.215498308173497
 21
0.6800692377084611
  0
LINE
  5
97
100
AcDbEntity
  8
BLACK
  6
CONTINUOUS
 62
  256
370
   -1
100
AcDbLine
 10
4.215498308173497
 20
0.6800692377084611
 11
4.215498111323103
 21
0.6800695132990121
  0
LINE
  5
98
100
AcDbEntity
  8
BLACK
  6
CONTINUOUS
 62
  256
370
   -1
100
AcDbLine
 10
4.215498111323103
 20
0.6800695132990121
 11
4.215497914472709
 21
0.6800695920391696
  0
LINE
  5
99
100
AcDbEntity
  8
BLACK
  6
CONTINUOUS
 62
  256
370
   -1
100
AcDbLine
 10
4.215497914472709
 20
0.6800695920391696
 11
4.215370631008142
 21
0.6802696314092483
  0
LINE
  5
9A
100
AcDbEntity
  8
BLACK
  6
CONTINUOUS
 62
  256
370
   -1
100
AcDbLine
 10
4.215370631008142
 20
0.6802696314092483
 11
4.215291969590819
 21
0.6803931353462561
  0
LINE
  5
9B
100
AcDbEntity
  8
BLACK
  6
CONTINUOUS
 62
  256
370
   -1
100
AcDbLine
 10
4.215291969590819
 20
0.6803931353462561
 11
4.215291969590819
 21
0.6803933321966499
  0
LINE
  5
9C
100
AcDbEntity
  8
BLACK
  6
CONTINUOUS
 62
  256
370
   -1
100
AcDbLine
 10
4.215291969590819
 20
0.6803933321966499
 11
4.215291772740425
 21
0.6803936077872011
  0
LINE
  5
9D
100
AcDbEntity
  8
BLACK
  6
CONTINUOUS
 62
  256
370
   -1
100
AcDbLine
 10
4.215291772740425
 20
0.6803936077872011
 11
4.20084102470893
 21
0.717619080228146
  0
LINE
  5
9E
100
AcDbEntity
  8
BLACK
  6
CONTINUOUS
 62
  256
370
   -1
100
AcDbLine
 10
4.20084102470893
 20
0.717619080228146
 11
4.200805040456961
 21
0.7178237652675162
  0
LINE
  5
9F
100
AcDbEntity
  8
BLACK
  6
CONTINUOUS
 62
  256
370
   -1
100
AcDbLine
 10
4.200805040456961
 20
0.7178237652675162
 11
4.200774568016016
 21
0.7179961668423193
  0
LINE
  5
A0
100
AcDbEntity
  8
BLACK
  6
CONTINUOUS
 62
  256
370
   -1
100
AcDbLine
 10
4.200774568016016
 20
0.7179961668423193
 11
4.200774568016016
 21
0.7179971904643666
  0
LINE
  5
A1
100
AcDbEntity
  8
BLACK
  6
CONTINUOUS
 62
  256
370
   -1
100
AcDbLine
 10
4.200774568016016
 20
0.7179971904643666
 11
4.200774568016016
 21
0.7179973085746026
  0
LINE
  5
A2
100
AcDbEntity
  8
BLACK
  6
CONTINUOUS
 62
  256
370
   -1
100
AcDbLine
 10
4.200774568016016
 20
0.7179973085746026
 11
4.200774568016016
 21
0.7179973873147601
  0
LINE
  5
A3
100
AcDbEntity
  8
BLACK
  6
CONTINUOUS
 62
  256
370
   -1
100
AcDbLine
 10
4.200774568016016
 20
0.7179973873147601
 11
4.201621969590819
 21
0.7579190408580673
  0
LINE
  5
A4
100
AcDbEntity
  8
BLACK
  6
CONTINUOUS
 62
  256
370
   -1
100
AcDbLine
 10
4.201621969590819
 20
0.7579190408580673
 11
4.201622008960898
 21
0.7579193951887758
  0
LINE
  5
A5
100
AcDbEntity
  8
BLACK
  6
CONTINUOUS
 62
  256
370
   -1
100
AcDbLine
 10
4.201622008960898
 20
0.7579193951887758
 11
4.201621969590819
 21
0.7579195526690908
  0
LINE
  5
A6
100
AcDbEntity
  8
BLACK
  6
CONTINUOUS
 62
  256
370
   -1
100
AcDbLine
 10
4.201621969590819
 20
0.7579195526690908
 11
4.201667678252237
 21
0.758125891251768
  0
LINE
  5
A7
100
AcDbEntity
  8
BLACK
  6
CONTINUOUS
 62
  256
370
   -1
100
AcDbLine
 10
4.201667678252237
 20
0.758125891251768
 11
4.201704843606567
 21
0.7582940408580673
  0
LINE
  5
A8
100
AcDbEntity
  8
BLACK
  6
CONTINUOUS
 62
  256
370
   -1
100
AcDbLine
 10
4.201704843606567
 20
0.7582940408580673
 11
4.201704922346725
 21
0.7582941589683033
  0
LINE
  5
A9
100
AcDbEntity
  8
BLACK
  6
CONTINUOUS
 62
  256
370
   -1
100
AcDbLine
 10
4.201704922346725
 20
0.7582941589683033
 11
4.201705040456961
 21
0.7582945132990121
  0
LINE
  5
AA
100
AcDbEntity
  8
BLACK
  6
CONTINUOUS
 62
  256
370
   -1
100
AcDbLine
 10
4.201705040456961
 20
0.7582945132990121
 11
4.217788386913654
 21
0.794854552669091
  0
LINE
  5
AB
100
AcDbEntity
  8
BLACK
  6
CONTINUOUS
 62
  256
370
   -1
100
AcDbLine
 10
4.217788386913654
 20
0.794854552669091
 11
4.217788386913654
 21
0.7948546314092485
  0
LINE
  5
AC
100
AcDbEntity
  8
BLACK
  6
CONTINUOUS
 62
  256
370
   -1
100
AcDbLine
 10
4.217788386913654
 20
0.7948546314092485
 11
4.217788426283732
 21
0.7948547101494058
  0
LINE
  5
AD
100
AcDbEntity
  8
BLACK
  6
CONTINUOUS
 62
  256
370
   -1
100
AcDbLine
 10
4.217788426283732
 20
0.7948547101494058
 11
4.217905040456961
 21
0.7950212455824767
  0
LINE
  5
AE
100
AcDbEntity
  8
BLACK
  6
CONTINUOUS
 62
  256
370
   -1
100
AcDbLine
 10
4.217905040456961
 20
0.7950212455824767
 11
4.218008623134127
 21
0.7951691589683035
  0
LINE
  5
AF
100
AcDbEntity
  8
BLACK
  6
CONTINUOUS
 62
  256
370
   -1
100
AcDbLine
 10
4.218008623134127
 20
0.7951691589683035
 11
4.218008701874284
 21
0.7951691983383823
  0
LINE
  5
B0
100
AcDbEntity
  8
BLACK
  6
CONTINUOUS
 62
  256
370
   -1
100
AcDbLine
 10
4.218008701874284
 20
0.7951691983383823
 11
4.218008741244363
 21
0.795169237708461
  0
LINE
  5
B1
100
AcDbEntity
  8
BLACK
  6
CONTINUOUS
 62
  256
370
   -1
100
AcDbLine
 10
4.218008741244363
 20
0.795169237708461
 11
4.246863071953024
 21
0.8227868755037365
  0
LINE
  5
B2
100
AcDbEntity
  8
BLACK
  6
CONTINUOUS
 62
  256
370
   -1
100
AcDbLine
 10
4.246863071953024
 20
0.8227868755037365
 11
4.246863386913654
 21
0.822787111724209
  0
LINE
  5
B3
100
AcDbEntity
  8
BLACK
  6
CONTINUOUS
 62
  256
370
   -1
100
AcDbLine
 10
4.246863386913654
 20
0.822787111724209
 11
4.246863465653812
 21
0.8227872298344453
  0
LINE
  5
B4
100
AcDbEntity
  8
BLACK
  6
CONTINUOUS
 62
  256
370
   -1
100
AcDbLine
 10
4.246863465653812
 20
0.8227872298344453
 11
4.247025040456961
 21
0.8228900644801144
  0
LINE
  5
B5
100
AcDbEntity
  8
BLACK
  6
CONTINUOUS
 62
  256
370
   -1
100
AcDbLine
 10
4.247025040456961
 20
0.8228900644801144
 11
4.247187008960898
 21
0.8229932140864137
  0
LINE
  5
B6
100
AcDbEntity
  8
BLACK
  6
CONTINUOUS
 62
  256
370
   -1
100
AcDbLine
 10
4.247187008960898
 20
0.8229932140864137
 11
4.247187166441213
 21
0.8229932140864137
  0
LINE
  5
B7
100
AcDbEntity
  8
BLACK
  6
CONTINUOUS
 62
  256
370
   -1
100
AcDbLine
 10
4.247187166441213
 20
0.8229932140864137
 11
4.247187481401843
 21
0.8229934109368074
  0
LINE
  5
B8
100
AcDbEntity
  8
BLACK
  6
CONTINUOUS
 62
  256
370
   -1
100
AcDbLine
 10
4.247187481401843
 20
0.8229934109368074
 11
4.284412914472709
 21
0.8374441195982248
  0
LINE
  5
B9
100
AcDbEntity
  8
BLACK
  6
CONTINUOUS
 62
  256
370
   -1
100
AcDbLine
 10
4.284412914472709
 20
0.8374441195982248
 11
4.284617560142001
 21
0.8374801038501932
  0
LINE
  5
BA
100
AcDbEntity
  8
BLACK
  6
CONTINUOUS
 62
  256
370
   -1
100
AcDbLine
 10
4.284617560142001
 20
0.8374801038501932
 11
4.284790001086883
 21
0.837510576291138
  0
LINE
  5
BB
100
AcDbEntity
  8
BLACK
  6
CONTINUOUS
 62
  256
370
   -1
100
AcDbLine
 10
4.284790001086883
 20
0.837510576291138
 11
4.284790985338851
 21
0.837510576291138
  0
LINE
  5
BC
100
AcDbEntity
  8
BLACK
  6
CONTINUOUS
 62
  256
370
   -1
100
AcDbLine
 10
4.284790985338851
 20
0.837510576291138
 11
4.284791142819167
 21
0.837510576291138
  0
LINE
  5
BD
100
AcDbEntity
  8
BLACK
  6
CONTINUOUS
 62
  256
370
   -1
100
AcDbLine
 10
4.284791142819167
 20
0.837510576291138
 11
4.284791182189245
 21
0.837510576291138
  0
LINE
  5
BE
100
AcDbEntity
  8
BLACK
  6
CONTINUOUS
 62
  256
370
   -1
100
AcDbLine
 10
4.248082560142
 20
0.8212292377084608
 11
4.219511379039638
 21
0.7938826629053114
  0
LINE
  5
BF
100
AcDbEntity
  8
BLACK
  6
CONTINUOUS
 62
  256
370
   -1
100
AcDbLine
 10
4.219511379039638
 20
0.7938826629053114
 11
4.203585827858536
 21
0.7576812455824767
  0
LINE
  5
C0
100
AcDbEntity
  8
BLACK
  6
CONTINUOUS
 62
  256
370
   -1
100
AcDbLine
 10
4.203585827858536
 20
0.7576812455824767
 11
4.202746733370347
 21
0.7181495920391697
  0
LINE
  5
C1
100
AcDbEntity
  8
BLACK
  6
CONTINUOUS
 62
  256
370
   -1
100
AcDbLine
 10
4.202746733370347
 20
0.7181495920391697
 11
4.217055906598693
 21
0.6812887258974373
  0
LINE
  5
C2
100
AcDbEntity
  8
BLACK
  6
CONTINUOUS
 62
  256
370
   -1
100
AcDbLine
 10
4.217055906598693
 20
0.6812887258974373
 11
4.244470945968772
 21
0.6526460881021617
  0
LINE
  5
C3
100
AcDbEntity
  8
BLACK
  6
CONTINUOUS
 62
  256
370
   -1
100
AcDbLine
 10
4.244470945968772
 20
0.6526460881021617
 11
4.350816772740426
 21
0.5781819148738153
  0
LINE
  5
C4
100
AcDbEntity
  8
BLACK
  6
CONTINUOUS
 62
  256
370
   -1
100
AcDbLine
 10
4.350816772740426
 20
0.5781819148738153
 11
4.350981260929402
 21
0.5780100644801146
  0
LINE
  5
C5
100
AcDbEntity
  8
BLACK
  6
CONTINUOUS
 62
  256
370
   -1
100
AcDbLine
 10
4.350981260929402
 20
0.5780100644801146
 11
4.351024331795544
 21
0.5779860093620043
  0
LINE
  5
C6
100
AcDbEntity
  8
BLACK
  6
CONTINUOUS
 62
  256
370
   -1
100
AcDbLine
 10
4.351024331795544
 20
0.5779860093620043
 11
4.351047284551449
 21
0.577941048732083
  0
LINE
  5
C7
100
AcDbEntity
  8
BLACK
  6
CONTINUOUS
 62
  256
370
   -1
100
AcDbLine
 10
4.351047284551449
 20
0.577941048732083
 11
4.351082323921528
 21
0.5779044739289333
  0
LINE
  5
C8
100
AcDbEntity
  8
BLACK
  6
CONTINUOUS
 62
  256
370
   -1
100
AcDbLine
 10
4.351082323921528
 20
0.5779044739289333
 11
4.351090906598694
 21
0.5778557731415318
  0
LINE
  5
C9
100
AcDbEntity
  8
BLACK
  6
CONTINUOUS
 62
  256
370
   -1
100
AcDbLine
 10
4.351090906598694
 20
0.5778557731415318
 11
4.35119913494515
 21
0.5776440802281458
  0
LINE
  5
CA
100
AcDbEntity
  8
BLACK
  6
CONTINUOUS
 62
  256
370
   -1
100
AcDbLine
 10
4.35119913494515
 20
0.5776440802281458
 11
4.388498977464835
 21
0.4460601825903506
  0
LINE
  5
CB
100
AcDbEntity
  8
BLACK
  6
CONTINUOUS
 62
  256
370
   -1
100
AcDbLine
 10
4.388498977464835
 20
0.4460601825903506
 11
4.530059371165622
 21
0.3469385290470436
  0
LINE
  5
CC
100
AcDbEntity
  8
BLACK
  6
CONTINUOUS
 62
  256
370
   -1
100
AcDbLine
 10
4.530059371165622
 20
0.3469385290470436
 11
4.553601694000268
 21
0.3347005369210593
  0
LINE
  5
CD
100
AcDbEntity
  8
BLACK
  6
CONTINUOUS
 62
  256
370
   -1
100
AcDbLine
 10
4.553601694000268
 20
0.3347005369210593
 11
4.579417756992394
 21
0.3289510093620042
  0
LINE
  5
CE
100
AcDbEntity
  8
BLACK
  6
CONTINUOUS
 62
  256
370
   -1
100
AcDbLine
 10
4.579417756992394
 20
0.3289510093620042
 11
4.605858583764048
 21
0.3301419148738153
  0
LINE
  5
CF
100
AcDbEntity
  8
BLACK
  6
CONTINUOUS
 62
  256
370
   -1
100
AcDbLine
 10
4.605858583764048
 20
0.3301419148738153
 11
4.631111890850661
 21
0.3380660487320829
  0
LINE
  5
D0
100
AcDbEntity
  8
BLACK
  6
CONTINUOUS
 62
  256
370
   -1
100
AcDbLine
 10
4.631111890850661
 20
0.3380660487320829
 11
4.65340476486641
 21
0.3522985684171224
  0
LINE
  5
D1
100
AcDbEntity
  8
BLACK
  6
CONTINUOUS
 62
  256
370
   -1
100
AcDbLine
 10
4.65340476486641
 20
0.3522985684171224
 11
4.671297442031764
 21
0.3718022298344451
  0
LINE
  5
D2
100
AcDbEntity
  8
BLACK
  6
CONTINUOUS
 62
  256
370
   -1
100
AcDbLine
 10
4.671297442031764
 20
0.3718022298344451
 11
4.683505237307354
 21
0.395286521173028
  0
LINE
  5
D3
100
AcDbEntity
  8
BLACK
  6
CONTINUOUS
 62
  256
370
   -1
100
AcDbLine
 10
4.683505237307354
 20
0.395286521173028
 11
4.68925476486641
 21
0.4211025841651538
  0
LINE
  5
D4
100
AcDbEntity
  8
BLACK
  6
CONTINUOUS
 62
  256
370
   -1
100
AcDbLine
 10
4.68925476486641
 20
0.4211025841651538
 11
4.6880638593546
 21
0.4475434503068861
  0
LINE
  5
D5
100
AcDbEntity
  8
BLACK
  6
CONTINUOUS
 62
  256
370
   -1
100
AcDbLine
 10
4.6880638593546
 20
0.4475434503068861
 11
4.680139725496331
 21
0.4727967180234215
  0
LINE
  5
D6
100
AcDbEntity
  8
BLACK
  6
CONTINUOUS
 62
  256
370
   -1
100
AcDbLine
 10
4.680139725496331
 20
0.4727967180234215
 11
4.665907205811292
 21
0.4950895920391697
  0
LINE
  5
D7
100
AcDbEntity
  8
BLACK
  6
CONTINUOUS
 62
  256
370
   -1
100
AcDbLine
 10
4.665907205811292
 20
0.4950895920391697
 11
4.646355473527827
 21
0.5130263636927129
  0
LINE
  5
D8
100
AcDbEntity
  8
BLACK
  6
CONTINUOUS
 62
  256
370
   -1
100
AcDbLine
 10
4.646355473527827
 20
0.5130263636927129
 11
4.53030822943334
 21
0.5942835290470435
  0
LINE
  5
D9
100
AcDbEntity
  8
BLACK
  6
CONTINUOUS
 62
  256
370
   -1
100
AcDbLine
 10
4.53030822943334
 20
0.5942835290470435
 11
4.530143662504205
 21
0.5944554188108232
  0
LINE
  5
DA
100
AcDbEntity
  8
BLACK
  6
CONTINUOUS
 62
  256
370
   -1
100
AcDbLine
 10
4.530143662504205
 20
0.5944554188108232
 11
4.530100631008143
 21
0.5944794345588545
  0
LINE
  5
DB
100
AcDbEntity
  8
BLACK
  6
CONTINUOUS
 62
  256
370
   -1
100
AcDbLine
 10
4.530100631008143
 20
0.5944794345588545
 11
4.530077638882158
 21
0.5945243558186971
  0
LINE
  5
DC
100
AcDbEntity
  8
BLACK
  6
CONTINUOUS
 62
  256
370
   -1
100
AcDbLine
 10
4.530077638882158
 20
0.5945243558186971
 11
4.530042638882158
 21
0.5945609306218468
  0
LINE
  5
DD
100
AcDbEntity
  8
BLACK
  6
CONTINUOUS
 62
  256
370
   -1
100
AcDbLine
 10
4.530042638882158
 20
0.5945609306218468
 11
4.530034016834914
 21
0.5946097101494058
  0
LINE
  5
DE
100
AcDbEntity
  8
BLACK
  6
CONTINUOUS
 62
  256
370
   -1
100
AcDbLine
 10
4.530034016834914
 20
0.5946097101494058
 11
4.529925827858536
 21
0.594821363692713
  0
LINE
  5
DF
100
AcDbEntity
  8
BLACK
  6
CONTINUOUS
 62
  256
370
   -1
100
AcDbLine
 10
4.529925827858536
 20
0.594821363692713
 11
4.492625985338851
 21
0.726405300700587
  0
LINE
  5
E0
100
AcDbEntity
  8
BLACK
  6
CONTINUOUS
 62
  256
370
   -1
100
AcDbLine
 10
4.492625985338851
 20
0.726405300700587
 11
4.459050316047512
 21
0.7499152219604294
  0
LINE
  5
E1
100
AcDbEntity
  8
BLACK
  6
CONTINUOUS
 62
  256
370
   -1
100
AcDbLine
 10
4.459050316047512
 20
0.7499152219604294
 11
4.459050237307355
 21
0.7499152613305081
  0
LINE
  5
E2
100
AcDbEntity
  8
BLACK
  6
CONTINUOUS
 62
  256
370
   -1
100
AcDbLine
 10
4.459050237307355
 20
0.7499152613305081
 11
4.404225119197118
 21
0.7883042377084609
  0
LINE
  5
E3
100
AcDbEntity
  8
BLACK
  6
CONTINUOUS
 62
  256
370
   -1
100
AcDbLine
 10
4.404225119197118
 20
0.7883042377084609
 11
4.360767008960899
 21
0.8187339227478311
  0
LINE
  5
E4
100
AcDbEntity
  8
BLACK
  6
CONTINUOUS
 62
  256
370
   -1
100
AcDbLine
 10
4.360767008960899
 20
0.8187339227478311
 11
4.32447507982704
 21
0.8346993558186971
  0
LINE
  5
E5
100
AcDbEntity
  8
BLACK
  6
CONTINUOUS
 62
  256
370
   -1
100
AcDbLine
 10
4.32447507982704
 20
0.8346993558186971
 11
4.284943386913654
 21
0.8355384109368075
  0
LINE
  5
E6
100
AcDbEntity
  8
BLACK
  6
CONTINUOUS
 62
  256
370
   -1
100
AcDbLine
 10
4.284943386913654
 20
0.8355384109368075
 11
4.248082560142
 21
0.8212292377084608
  0
LINE
  5
E7
100
AcDbEntity
  8
BLACK
  6
CONTINUOUS
 62
  256
370
   -1
100
AcDbLine
 10
3.547891300299481
 20
0.9026243951887759
 11
3.614820434157748
 21
0.9026243951887759
  0
LINE
  5
E8
100
AcDbEntity
  8
BLACK
  6
CONTINUOUS
 62
  256
370
   -1
100
AcDbLine
 10
3.614820434157748
 20
0.9026243951887759
 11
3.656159016834915
 21
0.9026243951887759
  0
LINE
  5
E9
100
AcDbEntity
  8
BLACK
  6
CONTINUOUS
 62
  256
370
   -1
100
AcDbLine
 10
3.656159016834915
 20
0.9026243951887759
 11
3.656392245181371
 21
0.9025780172360199
  0
LINE
  5
EA
100
AcDbEntity
  8
BLACK
  6
CONTINUOUS
 62
  256
370
   -1
100
AcDbLine
 10
3.656392245181371
 20
0.9025780172360199
 11
3.656441418409717
 21
0.90258301723602
  0
LINE
  5
EB
100
AcDbEntity
  8
BLACK
  6
CONTINUOUS
 62
  256
370
   -1
100
AcDbLine
 10
3.656441418409717
 20
0.90258301723602
 11
3.656486103449087
 21
0.9025593558186972
  0
LINE
  5
EC
100
AcDbEntity
  8
BLACK
  6
CONTINUOUS
 62
  256
370
   -1
100
AcDbLine
 10
3.656486103449087
 20
0.9025593558186972
 11
3.65653567037822
 21
0.9025494739289334
  0
LINE
  5
ED
100
AcDbEntity
  8
BLACK
  6
CONTINUOUS
 62
  256
370
   -1
100
AcDbLine
 10
3.65653567037822
 20
0.9025494739289334
 11
3.656570552267985
 21
0.9025145920391696
  0
LINE
  5
EE
100
AcDbEntity
  8
BLACK
  6
CONTINUOUS
 62
  256
370
   -1
100
AcDbLine
 10
3.656570552267985
 20
0.9025145920391696
 11
3.656780749118378
 21
0.9024031747163349
  0
LINE
  5
EF
100
AcDbEntity
  8
BLACK
  6
CONTINUOUS
 62
  256
370
   -1
100
AcDbLine
 10
3.656780749118378
 20
0.9024031747163349
 11
3.762808465653812
 21
0.8160102219604296
  0
LINE
  5
F0
100
AcDbEntity
  8
BLACK
  6
CONTINUOUS
 62
  256
370
   -1
100
AcDbLine
 10
3.762808465653812
 20
0.8160102219604296
 11
3.904190512897906
 21
0.8160102219604296
  0
LINE
  5
F1
100
AcDbEntity
  8
BLACK
  6
CONTINUOUS
 62
  256
370
   -1
100
AcDbLine
 10
3.904190512897906
 20
0.8160102219604296
 11
3.904254489275859
 21
0.8159975054249965
  0
LINE
  5
F2
100
AcDbEntity
  8
BLACK
  6
CONTINUOUS
 62
  256
370
   -1
100
AcDbLine
 10
3.904254489275859
 20
0.8159975054249965
 11
3.904319568016016
 21
0.8160017180234217
  0
LINE
  5
F3
100
AcDbEntity
  8
BLACK
  6
CONTINUOUS
 62
  256
370
   -1
100
AcDbLine
 10
3.904319568016016
 20
0.8160017180234217
 11
3.930815591638064
 21
0.8124977810155475
  0
LINE
  5
F4
100
AcDbEntity
  8
BLACK
  6
CONTINUOUS
 62
  256
370
   -1
100
AcDbLine
 10
3.930815591638064
 20
0.8124977810155475
 11
3.930936654630189
 21
0.8124565999131853
  0
LINE
  5
F5
100
AcDbEntity
  8
BLACK
  6
CONTINUOUS
 62
  256
370
   -1
100
AcDbLine
 10
3.930936654630189
 20
0.8124565999131853
 11
3.931062363291607
 21
0.8124317180234216
  0
LINE
  5
F6
100
AcDbEntity
  8
BLACK
  6
CONTINUOUS
 62
  256
370
   -1
100
AcDbLine
 10
3.931062363291607
 20
0.8124317180234216
 11
3.955747402661686
 21
0.8022348676297207
  0
LINE
  5
F7
100
AcDbEntity
  8
BLACK
  6
CONTINUOUS
 62
  256
370
   -1
100
AcDbLine
 10
3.955747402661686
 20
0.8022348676297207
 11
3.955855473527827
 21
0.8021628203856263
  0
LINE
  5
F8
100
AcDbEntity
  8
BLACK
  6
CONTINUOUS
 62
  256
370
   -1
100
AcDbLine
 10
3.955855473527827
 20
0.8021628203856263
 11
3.955971851480584
 21
0.8021052219604293
  0
LINE
  5
F9
100
AcDbEntity
  8
BLACK
  6
CONTINUOUS
 62
  256
370
   -1
100
AcDbLine
 10
3.955971851480584
 20
0.8021052219604293
 11
3.977152953842788
 21
0.7858060093620042
  0
LINE
  5
FA
100
AcDbEntity
  8
BLACK
  6
CONTINUOUS
 62
  256
370
   -1
100
AcDbLine
 10
3.977152953842788
 20
0.7858060093620042
 11
3.977236812110505
 21
0.7857101038501934
  0
LINE
  5
FB
100
AcDbEntity
  8
BLACK
  6
CONTINUOUS
 62
  256
370
   -1
100
AcDbLine
 10
3.977236812110505
 20
0.7857101038501934
 11
3.977332756992395
 21
0.7856262062123981
  0
LINE
  5
FC
100
AcDbEntity
  8
BLACK
  6
CONTINUOUS
 62
  256
370
   -1
100
AcDbLine
 10
3.977332756992395
 20
0.7856262062123981
 11
3.993631969590819
 21
0.7644451038501933
  0
LINE
  5
FD
100
AcDbEntity
  8
BLACK
  6
CONTINUOUS
 62
  256
370
   -1
100
AcDbLine
 10
3.993631969590819
 20
0.7644451038501933
 11
3.993689568016016
 21
0.7643287258974373
  0
LINE
  5
FE
100
AcDbEntity
  8
BLACK
  6
CONTINUOUS
 62
  256
370
   -1
100
AcDbLine
 10
3.993689568016016
 20
0.7643287258974373
 11
3.993761615260111
 21
0.7642206550312954
  0
LINE
  5
FF
100
AcDbEntity
  8
BLACK
  6
CONTINUOUS
 62
  256
370
   -1
100
AcDbLine
 10
3.993761615260111
 20
0.7642206550312954
 11
4.003958465653811
 21
0.7395355762911381
  0
LINE
  5
100
100
AcDbEntity
  8
BLACK
  6
CONTINUOUS
 62
  256
370
   -1
100
AcDbLine
 10
4.003958465653811
 20
0.7395355762911381
 11
4.003983308173497
 21
0.7394100644801146
  0
LINE
  5
101
100
AcDbEntity
  8
BLACK
  6
CONTINUOUS
 62
  256
370
   -1
100
AcDbLine
 10
4.003983308173497
 20
0.7394100644801146
 11
4.004024528645937
 21
0.7392888833777523
  0
LINE
  5
102
100
AcDbEntity
  8
BLACK
  6
CONTINUOUS
 62
  256
370
   -1
100
AcDbLine
 10
4.004024528645937
 20
0.7392888833777523
 11
4.007528465653811
 21
0.7127928203856263
  0
LINE
  5
103
100
AcDbEntity
  8
BLACK
  6
CONTINUOUS
 62
  256
370
   -1
100
AcDbLine
 10
4.007528465653811
 20
0.7127928203856263
 11
4.007520079827041
 21
0.7126637652675162
  0
LINE
  5
104
100
AcDbEntity
  8
BLACK
  6
CONTINUOUS
 62
  256
370
   -1
100
AcDbLine
 10
4.007520079827041
 20
0.7126637652675162
 11
4.007528465653811
 21
0.7125347101494058
  0
LINE
  5
105
100
AcDbEntity
  8
BLACK
  6
CONTINUOUS
 62
  256
370
   -1
100
AcDbLine
 10
4.007528465653811
 20
0.7125347101494058
 11
4.004024528645937
 21
0.6860386471572798
  0
LINE
  5
106
100
AcDbEntity
  8
BLACK
  6
CONTINUOUS
 62
  256
370
   -1
100
AcDbLine
 10
4.004024528645937
 20
0.6860386471572798
 11
4.003983308173497
 21
0.6859175054249965
  0
LINE
  5
107
100
AcDbEntity
  8
BLACK
  6
CONTINUOUS
 62
  256
370
   -1
100
AcDbLine
 10
4.003983308173497
 20
0.6859175054249965
 11
4.003958465653811
 21
0.6857919542438941
  0
LINE
  5
108
100
AcDbEntity
  8
BLACK
  6
CONTINUOUS
 62
  256
370
   -1
100
AcDbLine
 10
4.003958465653811
 20
0.6857919542438941
 11
3.993761615260111
 21
0.6611068755037365
  0
LINE
  5
109
100
AcDbEntity
  8
BLACK
  6
CONTINUOUS
 62
  256
370
   -1
100
AcDbLine
 10
3.993761615260111
 20
0.6611068755037365
 11
3.993689568016016
 21
0.6609988440076734
  0
LINE
  5
10A
100
AcDbEntity
  8
BLACK
  6
CONTINUOUS
 62
  256
370
   -1
100
AcDbLine
 10
3.993689568016016
 20
0.6609988440076734
 11
3.993631969590819
 21
0.6608824266848389
  0
LINE
  5
10B
100
AcDbEntity
  8
BLACK
  6
CONTINUOUS
 62
  256
370
   -1
100
AcDbLine
 10
3.993631969590819
 20
0.6608824266848389
 11
3.977332756992395
 21
0.6397013243226343
  0
LINE
  5
10C
100
AcDbEntity
  8
BLACK
  6
CONTINUOUS
 62
  256
370
   -1
100
AcDbLine
 10
3.977332756992395
 20
0.6397013243226343
 11
3.977236812110505
 21
0.6396174660549178
  0
LINE
  5
10D
100
AcDbEntity
  8
BLACK
  6
CONTINUOUS
 62
  256
370
   -1
100
AcDbLine
 10
3.977236812110505
 20
0.6396174660549178
 11
3.977152953842788
 21
0.6395215211730277
  0
LINE
  5
10E
100
AcDbEntity
  8
BLACK
  6
CONTINUOUS
 62
  256
370
   -1
100
AcDbLine
 10
3.977152953842788
 20
0.6395215211730277
 11
3.955971851480584
 21
0.6232223085746026
  0
LINE
  5
10F
100
AcDbEntity
  8
BLACK
  6
CONTINUOUS
 62
  256
370
   -1
100
AcDbLine
 10
3.955971851480584
 20
0.6232223085746026
 11
3.955855473527827
 21
0.6231647495194844
  0
LINE
  5
110
100
AcDbEntity
  8
BLACK
  6
CONTINUOUS
 62
  256
370
   -1
100
AcDbLine
 10
3.955855473527827
 20
0.6231647495194844
 11
3.955747402661686
 21
0.6230926629053114
  0
LINE
  5
111
100
AcDbEntity
  8
BLACK
  6
CONTINUOUS
 62
  256
370
   -1
100
AcDbLine
 10
3.955747402661686
 20
0.6230926629053114
 11
3.931062363291607
 21
0.6128958125116105
  0
LINE
  5
112
100
AcDbEntity
  8
BLACK
  6
CONTINUOUS
 62
  256
370
   -1
100
AcDbLine
 10
3.931062363291607
 20
0.6128958125116105
 11
3.930936654630189
 21
0.6128709699919256
  0
LINE
  5
113
100
AcDbEntity
  8
BLACK
  6
CONTINUOUS
 62
  256
370
   -1
100
AcDbLine
 10
3.930936654630189
 20
0.6128709699919256
 11
3.930815591638064
 21
0.6128297495194844
  0
LINE
  5
114
100
AcDbEntity
  8
BLACK
  6
CONTINUOUS
 62
  256
370
   -1
100
AcDbLine
 10
3.930815591638064
 20
0.6128297495194844
 11
3.904319568016016
 21
0.6093258125116107
  0
LINE
  5
115
100
AcDbEntity
  8
BLACK
  6
CONTINUOUS
 62
  256
370
   -1
100
AcDbLine
 10
3.904319568016016
 20
0.6093258125116107
 11
3.904254489275859
 21
0.6093300644801146
  0
LINE
  5
116
100
AcDbEntity
  8
BLACK
  6
CONTINUOUS
 62
  256
370
   -1
100
AcDbLine
 10
3.904254489275859
 20
0.6093300644801146
 11
3.904190512897906
 21
0.6093173085746028
  0
LINE
  5
117
100
AcDbEntity
  8
BLACK
  6
CONTINUOUS
 62
  256
370
   -1
100
AcDbLine
 10
3.904190512897906
 20
0.6093173085746028
 11
3.730962166441213
 21
0.6093173085746028
  0
LINE
  5
118
100
AcDbEntity
  8
BLACK
  6
CONTINUOUS
 62
  256
370
   -1
100
AcDbLine
 10
3.730962166441213
 20
0.6093173085746028
 11
3.730728898724678
 21
0.6093637258974375
  0
LINE
  5
119
100
AcDbEntity
  8
BLACK
  6
CONTINUOUS
 62
  256
370
   -1
100
AcDbLine
 10
3.730728898724678
 20
0.6093637258974375
 11
3.730679764866411
 21
0.6093586865273585
  0
LINE
  5
11A
100
AcDbEntity
  8
BLACK
  6
CONTINUOUS
 62
  256
370
   -1
100
AcDbLine
 10
3.730679764866411
 20
0.6093586865273585
 11
3.730635040456962
 21
0.60938238731476
  0
LINE
  5
11B
100
AcDbEntity
  8
BLACK
  6
CONTINUOUS
 62
  256
370
   -1
100
AcDbLine
 10
3.730635040456962
 20
0.60938238731476
 11
3.730585512897906
 21
0.6093922298344451
  0
LINE
  5
11C
100
AcDbEntity
  8
BLACK
  6
CONTINUOUS
 62
  256
370
   -1
100
AcDbLine
 10
3.730585512897906
 20
0.6093922298344451
 11
3.730550591638064
 21
0.6094271510942876
  0
LINE
  5
11D
100
AcDbEntity
  8
BLACK
  6
CONTINUOUS
 62
  256
370
   -1
100
AcDbLine
 10
3.730550591638064
 20
0.6094271510942876
 11
3.730340434157748
 21
0.6095385290470438
  0
LINE
  5
11E
100
AcDbEntity
  8
BLACK
  6
CONTINUOUS
 62
  256
370
   -1
100
AcDbLine
 10
3.730340434157748
 20
0.6095385290470438
 11
3.624312717622315
 21
0.6959314818029491
  0
LINE
  5
11F
100
AcDbEntity
  8
BLACK
  6
CONTINUOUS
 62
  256
370
   -1
100
AcDbLine
 10
3.624312717622315
 20
0.6959314818029491
 11
3.494741694000268
 21
0.6959314818029491
  0
LINE
  5
120
100
AcDbEntity
  8
BLACK
  6
CONTINUOUS
 62
  256
370
   -1
100
AcDbLine
 10
3.494741694000268
 20
0.6959314818029491
 11
3.494646536519953
 21
0.6959504188108233
  0
LINE
  5
121
100
AcDbEntity
  8
BLACK
  6
CONTINUOUS
 62
  256
370
   -1
100
AcDbLine
 10
3.494646536519953
 20
0.6959504188108233
 11
3.494549607386095
 21
0.6959504188108233
  0
LINE
  5
122
100
AcDbEntity
  8
BLACK
  6
CONTINUOUS
 62
  256
370
   -1
100
AcDbLine
 10
3.494549607386095
 20
0.6959504188108233
 11
3.455376379039638
 21
0.7037456944013744
  0
LINE
  5
123
100
AcDbEntity
  8
BLACK
  6
CONTINUOUS
 62
  256
370
   -1
100
AcDbLine
 10
3.455376379039638
 20
0.7037456944013744
 11
3.455376064079009
 21
0.7037458518816894
  0
LINE
  5
124
100
AcDbEntity
  8
BLACK
  6
CONTINUOUS
 62
  256
370
   -1
100
AcDbLine
 10
3.455376064079009
 20
0.7037458518816894
 11
3.455375867228615
 21
0.7037457731415319
  0
LINE
  5
125
100
AcDbEntity
  8
BLACK
  6
CONTINUOUS
 62
  256
370
   -1
100
AcDbLine
 10
3.455375867228615
 20
0.7037457731415319
 11
3.455183544393969
 21
0.7038255762911382
  0
LINE
  5
126
100
AcDbEntity
  8
BLACK
  6
CONTINUOUS
 62
  256
370
   -1
100
AcDbLine
 10
3.455183544393969
 20
0.7038255762911382
 11
3.455021575890032
 21
0.7038926629053114
  0
LINE
  5
127
100
AcDbEntity
  8
BLACK
  6
CONTINUOUS
 62
  256
370
   -1
100
AcDbLine
 10
3.455021575890032
 20
0.7038926629053114
 11
3.455021457779796
 21
0.7038928203856264
  0
LINE
  5
128
100
AcDbEntity
  8
BLACK
  6
CONTINUOUS
 62
  256
370
   -1
100
AcDbLine
 10
3.455021457779796
 20
0.7038928203856264
 11
3.455021182189244
 21
0.7038929384958627
  0
LINE
  5
129
100
AcDbEntity
  8
BLACK
  6
CONTINUOUS
 62
  256
370
   -1
100
AcDbLine
 10
3.455021182189244
 20
0.7038929384958627
 11
3.421832166441213
 21
0.7260977022753902
  0
LINE
  5
12A
100
AcDbEntity
  8
BLACK
  6
CONTINUOUS
 62
  256
370
   -1
100
AcDbLine
 10
3.421832166441213
 20
0.7260977022753902
 11
3.421696851480583
 21
0.7262331353462562
  0
LINE
  5
12B
100
AcDbEntity
  8
BLACK
  6
CONTINUOUS
 62
  256
370
   -1
100
AcDbLine
 10
3.421696851480583
 20
0.7262331353462562
 11
3.421561457779796
 21
0.7263684109368073
  0
LINE
  5
12C
100
AcDbEntity
  8
BLACK
  6
CONTINUOUS
 62
  256
370
   -1
100
AcDbLine
 10
3.421561457779796
 20
0.7263684109368073
 11
3.399356733370347
 21
0.7595573873147602
  0
LINE
  5
12D
100
AcDbEntity
  8
BLACK
  6
CONTINUOUS
 62
  256
370
   -1
100
AcDbLine
 10
3.399356733370347
 20
0.7595573873147602
 11
3.399356575890032
 21
0.75955770227539
  0
LINE
  5
12E
100
AcDbEntity
  8
BLACK
  6
CONTINUOUS
 62
  256
370
   -1
100
AcDbLine
 10
3.399356575890032
 20
0.75955770227539
 11
3.399356418409717
 21
0.7595578203856262
  0
LINE
  5
12F
100
AcDbEntity
  8
BLACK
  6
CONTINUOUS
 62
  256
370
   -1
100
AcDbLine
 10
3.399356418409717
 20
0.7595578203856262
 11
3.399282481401843
 21
0.7597362849525554
  0
LINE
  5
130
100
AcDbEntity
  8
BLACK
  6
CONTINUOUS
 62
  256
370
   -1
100
AcDbLine
 10
3.399282481401843
 20
0.7597362849525554
 11
3.399209528645938
 21
0.759912111724209
  0
LINE
  5
131
100
AcDbEntity
  8
BLACK
  6
CONTINUOUS
 62
  256
370
   -1
100
AcDbLine
 10
3.399209528645938
 20
0.759912111724209
 11
3.399209568016016
 21
0.7599123479446815
  0
LINE
  5
132
100
AcDbEntity
  8
BLACK
  6
CONTINUOUS
 62
  256
370
   -1
100
AcDbLine
 10
3.399209568016016
 20
0.7599123479446815
 11
3.39920944990578
 21
0.7599126235352326
  0
LINE
  5
133
100
AcDbEntity
  8
BLACK
  6
CONTINUOUS
 62
  256
370
   -1
100
AcDbLine
 10
3.39920944990578
 20
0.7599126235352326
 11
3.391414174315229
 21
0.7990858518816893
  0
LINE
  5
134
100
AcDbEntity
  8
BLACK
  6
CONTINUOUS
 62
  256
370
   -1
100
AcDbLine
 10
3.391414174315229
 20
0.7990858518816893
 11
3.39141413494515
 21
0.7990859699919254
  0
LINE
  5
135
100
AcDbEntity
  8
BLACK
  6
CONTINUOUS
 62
  256
370
   -1
100
AcDbLine
 10
3.39141413494515
 20
0.7990859699919254
 11
3.39141413494515
 21
0.7990860093620041
  0
LINE
  5
136
100
AcDbEntity
  8
BLACK
  6
CONTINUOUS
 62
  256
370
   -1
100
AcDbLine
 10
3.39141413494515
 20
0.7990860093620041
 11
3.39141413494515
 21
0.7992779384958625
  0
LINE
  5
137
100
AcDbEntity
  8
BLACK
  6
CONTINUOUS
 62
  256
370
   -1
100
AcDbLine
 10
3.39141413494515
 20
0.7992779384958625
 11
3.39141413494515
 21
0.7994698676297208
  0
LINE
  5
138
100
AcDbEntity
  8
BLACK
  6
CONTINUOUS
 62
  256
370
   -1
100
AcDbLine
 10
3.39141413494515
 20
0.7994698676297208
 11
3.39141413494515
 21
0.7994699463698783
  0
LINE
  5
139
100
AcDbEntity
  8
BLACK
  6
CONTINUOUS
 62
  256
370
   -1
100
AcDbLine
 10
3.39141413494515
 20
0.7994699463698783
 11
3.391414174315229
 21
0.7994700251100358
  0
LINE
  5
13A
100
AcDbEntity
  8
BLACK
  6
CONTINUOUS
 62
  256
370
   -1
100
AcDbLine
 10
3.391414174315229
 20
0.7994700251100358
 11
3.39920944990578
 21
0.8386432534564926
  0
LINE
  5
13B
100
AcDbEntity
  8
BLACK
  6
CONTINUOUS
 62
  256
370
   -1
100
AcDbLine
 10
3.39920944990578
 20
0.8386432534564926
 11
3.399209568016016
 21
0.8386435684171224
  0
LINE
  5
13C
100
AcDbEntity
  8
BLACK
  6
CONTINUOUS
 62
  256
370
   -1
100
AcDbLine
 10
3.399209568016016
 20
0.8386435684171224
 11
3.399209528645938
 21
0.8386437652675159
  0
LINE
  5
13D
100
AcDbEntity
  8
BLACK
  6
CONTINUOUS
 62
  256
370
   -1
100
AcDbLine
 10
3.399209528645938
 20
0.8386437652675159
 11
3.399282481401843
 21
0.8388196314092483
  0
LINE
  5
13E
100
AcDbEntity
  8
BLACK
  6
CONTINUOUS
 62
  256
370
   -1
100
AcDbLine
 10
3.399282481401843
 20
0.8388196314092483
 11
3.399356418409717
 21
0.8389980566060987
  0
LINE
  5
13F
100
AcDbEntity
  8
BLACK
  6
CONTINUOUS
 62
  256
370
   -1
100
AcDbLine
 10
3.399356418409717
 20
0.8389980566060987
 11
3.399356575890032
 21
0.8389982140864137
  0
LINE
  5
140
100
AcDbEntity
  8
BLACK
  6
CONTINUOUS
 62
  256
370
   -1
100
AcDbLine
 10
3.399356575890032
 20
0.8389982140864137
 11
3.399356733370347
 21
0.838998489676965
  0
LINE
  5
141
100
AcDbEntity
  8
BLACK
  6
CONTINUOUS
 62
  256
370
   -1
100
AcDbLine
 10
3.399356733370347
 20
0.838998489676965
 11
3.421561457779796
 21
0.8721874660549177
  0
LINE
  5
142
100
AcDbEntity
  8
BLACK
  6
CONTINUOUS
 62
  256
370
   -1
100
AcDbLine
 10
3.421561457779796
 20
0.8721874660549177
 11
3.421696851480583
 21
0.8723227810155475
  0
LINE
  5
143
100
AcDbEntity
  8
BLACK
  6
CONTINUOUS
 62
  256
370
   -1
100
AcDbLine
 10
3.421696851480583
 20
0.8723227810155475
 11
3.421832166441213
 21
0.8724581747163348
  0
LINE
  5
144
100
AcDbEntity
  8
BLACK
  6
CONTINUOUS
 62
  256
370
   -1
100
AcDbLine
 10
3.421832166441213
 20
0.8724581747163348
 11
3.455021182189244
 21
0.8946629384958625
  0
LINE
  5
145
100
AcDbEntity
  8
BLACK
  6
CONTINUOUS
 62
  256
370
   -1
100
AcDbLine
 10
3.455021182189244
 20
0.8946629384958625
 11
3.455021457779796
 21
0.8946630959761773
  0
LINE
  5
146
100
AcDbEntity
  8
BLACK
  6
CONTINUOUS
 62
  256
370
   -1
100
AcDbLine
 10
3.455021457779796
 20
0.8946630959761773
 11
3.455021575890032
 21
0.8946632140864136
  0
LINE
  5
147
100
AcDbEntity
  8
BLACK
  6
CONTINUOUS
 62
  256
370
   -1
100
AcDbLine
 10
3.455021575890032
 20
0.8946632140864136
 11
3.455183544393969
 21
0.8947303400706655
  0
LINE
  5
148
100
AcDbEntity
  8
BLACK
  6
CONTINUOUS
 62
  256
370
   -1
100
AcDbLine
 10
3.455183544393969
 20
0.8947303400706655
 11
3.455375867228615
 21
0.8948101038501931
  0
LINE
  5
149
100
AcDbEntity
  8
BLACK
  6
CONTINUOUS
 62
  256
370
   -1
100
AcDbLine
 10
3.455375867228615
 20
0.8948101038501931
 11
3.455376064079009
 21
0.8948100644801144
  0
LINE
  5
14A
100
AcDbEntity
  8
BLACK
  6
CONTINUOUS
 62
  256
370
   -1
100
AcDbLine
 10
3.455376064079009
 20
0.8948100644801144
 11
3.455376379039638
 21
0.8948101825903506
  0
LINE
  5
14B
100
AcDbEntity
  8
BLACK
  6
CONTINUOUS
 62
  256
370
   -1
100
AcDbLine
 10
3.455376379039638
 20
0.8948101825903506
 11
3.494549607386095
 21
0.9026054581809019
  0
LINE
  5
14C
100
AcDbEntity
  8
BLACK
  6
CONTINUOUS
 62
  256
370
   -1
100
AcDbLine
 10
3.494549607386095
 20
0.9026054581809019
 11
3.494646536519953
 21
0.9026054975509806
  0
LINE
  5
14D
100
AcDbEntity
  8
BLACK
  6
CONTINUOUS
 62
  256
370
   -1
100
AcDbLine
 10
3.494646536519953
 20
0.9026054975509806
 11
3.494741694000268
 21
0.9026243951887759
  0
LINE
  5
14E
100
AcDbEntity
  8
BLACK
  6
CONTINUOUS
 62
  256
370
   -1
100
AcDbLine
 10
3.494741694000268
 20
0.9026243951887759
 11
3.547891300299481
 21
0.9026243951887759
  0
LINE
  5
14F
100
AcDbEntity
  8
BLACK
  6
CONTINUOUS
 62
  256
370
   -1
100
AcDbLine
 10
3.494838623134127
 20
0.900655891251768
 11
3.455952835732552
 21
0.8929178203856264
  0
LINE
  5
150
100
AcDbEntity
  8
BLACK
  6
CONTINUOUS
 62
  256
370
   -1
100
AcDbLine
 10
3.455952835732552
 20
0.8929178203856264
 11
3.423089016834914
 21
0.8709306550312955
  0
LINE
  5
151
100
AcDbEntity
  8
BLACK
  6
CONTINUOUS
 62
  256
370
   -1
100
AcDbLine
 10
3.423089016834914
 20
0.8709306550312955
 11
3.401101812110504
 21
0.8380667967635792
  0
LINE
  5
152
100
AcDbEntity
  8
BLACK
  6
CONTINUOUS
 62
  256
370
   -1
100
AcDbLine
 10
3.401101812110504
 20
0.8380667967635792
 11
3.393382993212867
 21
0.7992779384958625
  0
LINE
  5
153
100
AcDbEntity
  8
BLACK
  6
CONTINUOUS
 62
  256
370
   -1
100
AcDbLine
 10
3.393382993212867
 20
0.7992779384958625
 11
3.401101812110504
 21
0.7604891195982247
  0
LINE
  5
154
100
AcDbEntity
  8
BLACK
  6
CONTINUOUS
 62
  256
370
   -1
100
AcDbLine
 10
3.401101812110504
 20
0.7604891195982247
 11
3.423089016834914
 21
0.7276252613305082
  0
LINE
  5
155
100
AcDbEntity
  8
BLACK
  6
CONTINUOUS
 62
  256
370
   -1
100
AcDbLine
 10
3.423089016834914
 20
0.7276252613305082
 11
3.455952835732552
 21
0.7056380959761773
  0
LINE
  5
156
100
AcDbEntity
  8
BLACK
  6
CONTINUOUS
 62
  256
370
   -1
100
AcDbLine
 10
3.455952835732552
 20
0.7056380959761773
 11
3.494838623134127
 21
0.6978999857399569
  0
LINE
  5
157
100
AcDbEntity
  8
BLACK
  6
CONTINUOUS
 62
  256
370
   -1
100
AcDbLine
 10
3.494838623134127
 20
0.6978999857399569
 11
3.624662953842789
 21
0.6978999857399569
  0
LINE
  5
158
100
AcDbEntity
  8
BLACK
  6
CONTINUOUS
 62
  256
370
   -1
100
AcDbLine
 10
3.624662953842789
 20
0.6978999857399569
 11
3.624896182189245
 21
0.697853607787201
  0
LINE
  5
159
100
AcDbEntity
  8
BLACK
  6
CONTINUOUS
 62
  256
370
   -1
100
AcDbLine
 10
3.624896182189245
 20
0.697853607787201
 11
3.624945355417591
 21
0.6978586077872012
  0
LINE
  5
15A
100
AcDbEntity
  8
BLACK
  6
CONTINUOUS
 62
  256
370
   -1
100
AcDbLine
 10
3.624945355417591
 20
0.6978586077872012
 11
3.624990040456961
 21
0.6978349463698784
  0
LINE
  5
15B
100
AcDbEntity
  8
BLACK
  6
CONTINUOUS
 62
  256
370
   -1
100
AcDbLine
 10
3.624990040456961
 20
0.6978349463698784
 11
3.625039607386094
 21
0.6978250644801146
  0
LINE
  5
15C
100
AcDbEntity
  8
BLACK
  6
CONTINUOUS
 62
  256
370
   -1
100
AcDbLine
 10
3.625039607386094
 20
0.6978250644801146
 11
3.625074489275859
 21
0.6977901825903509
  0
LINE
  5
15D
100
AcDbEntity
  8
BLACK
  6
CONTINUOUS
 62
  256
370
   -1
100
AcDbLine
 10
3.625074489275859
 20
0.6977901825903509
 11
3.625284686126252
 21
0.6976787652675159
  0
LINE
  5
15E
100
AcDbEntity
  8
BLACK
  6
CONTINUOUS
 62
  256
370
   -1
100
AcDbLine
 10
3.625284686126252
 20
0.6976787652675159
 11
3.731312402661686
 21
0.6112858125116106
  0
LINE
  5
15F
100
AcDbEntity
  8
BLACK
  6
CONTINUOUS
 62
  256
370
   -1
100
AcDbLine
 10
3.731312402661686
 20
0.6112858125116106
 11
3.904125749118379
 21
0.6112858125116106
  0
LINE
  5
160
100
AcDbEntity
  8
BLACK
  6
CONTINUOUS
 62
  256
370
   -1
100
AcDbLine
 10
3.904125749118379
 20
0.6112858125116106
 11
3.930429804236489
 21
0.6147643951887759
  0
LINE
  5
161
100
AcDbEntity
  8
BLACK
  6
CONTINUOUS
 62
  256
370
   -1
100
AcDbLine
 10
3.930429804236489
 20
0.6147643951887759
 11
3.954874922346725
 21
0.6248621117242089
  0
LINE
  5
162
100
AcDbEntity
  8
BLACK
  6
CONTINUOUS
 62
  256
370
   -1
100
AcDbLine
 10
3.954874922346725
 20
0.6248621117242089
 11
3.975850867228615
 21
0.6410034109368073
  0
LINE
  5
163
100
AcDbEntity
  8
BLACK
  6
CONTINUOUS
 62
  256
370
   -1
100
AcDbLine
 10
3.975850867228615
 20
0.6410034109368073
 11
3.991992127071134
 21
0.6619793164486184
  0
LINE
  5
164
100
AcDbEntity
  8
BLACK
  6
CONTINUOUS
 62
  256
370
   -1
100
AcDbLine
 10
3.991992127071134
 20
0.6619793164486184
 11
4.002089882976646
 21
0.6864244739289332
  0
LINE
  5
165
100
AcDbEntity
  8
BLACK
  6
CONTINUOUS
 62
  256
370
   -1
100
AcDbLine
 10
4.002089882976646
 20
0.6864244739289332
 11
4.005559882976646
 21
0.7126637652675162
  0
LINE
  5
166
100
AcDbEntity
  8
BLACK
  6
CONTINUOUS
 62
  256
370
   -1
100
AcDbLine
 10
4.005559882976646
 20
0.7126637652675162
 11
4.002089882976646
 21
0.7389030959761774
  0
LINE
  5
167
100
AcDbEntity
  8
BLACK
  6
CONTINUOUS
 62
  256
370
   -1
100
AcDbLine
 10
4.002089882976646
 20
0.7389030959761774
 11
3.991992127071134
 21
0.7633482534564925
  0
LINE
  5
168
100
AcDbEntity
  8
BLACK
  6
CONTINUOUS
 62
  256
370
   -1
100
AcDbLine
 10
3.991992127071134
 20
0.7633482534564925
 11
3.975850867228615
 21
0.7843241589683033
  0
LINE
  5
169
100
AcDbEntity
  8
BLACK
  6
CONTINUOUS
 62
  256
370
   -1
100
AcDbLine
 10
3.975850867228615
 20
0.7843241589683033
 11
3.954874922346725
 21
0.8004654581809018
  0
LINE
  5
16A
100
AcDbEntity
  8
BLACK
  6
CONTINUOUS
 62
  256
370
   -1
100
AcDbLine
 10
3.954874922346725
 20
0.8004654581809018
 11
3.930429804236489
 21
0.810563174716335
  0
LINE
  5
16B
100
AcDbEntity
  8
BLACK
  6
CONTINUOUS
 62
  256
370
   -1
100
AcDbLine
 10
3.930429804236489
 20
0.810563174716335
 11
3.904125749118379
 21
0.8140417180234217
  0
LINE
  5
16C
100
AcDbEntity
  8
BLACK
  6
CONTINUOUS
 62
  256
370
   -1
100
AcDbLine
 10
3.904125749118379
 20
0.8140417180234217
 11
3.762458229433339
 21
0.8140417180234217
  0
LINE
  5
16D
100
AcDbEntity
  8
BLACK
  6
CONTINUOUS
 62
  256
370
   -1
100
AcDbLine
 10
3.762458229433339
 20
0.8140417180234217
 11
3.762224961716804
 21
0.8140881353462562
  0
LINE
  5
16E
100
AcDbEntity
  8
BLACK
  6
CONTINUOUS
 62
  256
370
   -1
100
AcDbLine
 10
3.762224961716804
 20
0.8140881353462562
 11
3.762175827858536
 21
0.8140830959761775
  0
LINE
  5
16F
100
AcDbEntity
  8
BLACK
  6
CONTINUOUS
 62
  256
370
   -1
100
AcDbLine
 10
3.762175827858536
 20
0.8140830959761775
 11
3.762131103449088
 21
0.814106796763579
  0
LINE
  5
170
100
AcDbEntity
  8
BLACK
  6
CONTINUOUS
 62
  256
370
   -1
100
AcDbLine
 10
3.762131103449088
 20
0.814106796763579
 11
3.762081575890032
 21
0.8141166392832641
  0
LINE
  5
171
100
AcDbEntity
  8
BLACK
  6
CONTINUOUS
 62
  256
370
   -1
100
AcDbLine
 10
3.762081575890032
 20
0.8141166392832641
 11
3.76204665463019
 21
0.8141515605431066
  0
LINE
  5
172
100
AcDbEntity
  8
BLACK
  6
CONTINUOUS
 62
  256
370
   -1
100
AcDbLine
 10
3.76204665463019
 20
0.8141515605431066
 11
3.761836497149874
 21
0.8142629384958625
  0
LINE
  5
173
100
AcDbEntity
  8
BLACK
  6
CONTINUOUS
 62
  256
370
   -1
100
AcDbLine
 10
3.761836497149874
 20
0.8142629384958625
 11
3.655808780614441
 21
0.900655891251768
  0
LINE
  5
174
100
AcDbEntity
  8
BLACK
  6
CONTINUOUS
 62
  256
370
   -1
100
AcDbLine
 10
3.655808780614441
 20
0.900655891251768
 11
3.614820434157748
 21
0.900655891251768
  0
LINE
  5
175
100
AcDbEntity
  8
BLACK
  6
CONTINUOUS
 62
  256
370
   -1
100
AcDbLine
 10
3.614820434157748
 20
0.900655891251768
 11
3.547891300299481
 21
0.900655891251768
  0
LINE
  5
176
100
AcDbEntity
  8
BLACK
  6
CONTINUOUS
 62
  256
370
   -1
100
AcDbLine
 10
3.547891300299481
 20
0.900655891251768
 11
3.494838623134127
 21
0.900655891251768
  0
LINE
  5
177
100
AcDbEntity
  8
BLACK
  6
CONTINUOUS
 62
  256
370
   -1
100
AcDbLine
 10
0.7132456310081423
 20
1.493175576291138
 11
0.7801747648664099
 21
1.493175576291138
  0
LINE
  5
178
100
AcDbEntity
  8
BLACK
  6
CONTINUOUS
 62
  256
370
   -1
100
AcDbLine
 10
0.7801747648664099
 20
1.493175576291138
 11
0.8215133475435754
 21
1.493175576291138
  0
LINE
  5
179
100
AcDbEntity
  8
BLACK
  6
CONTINUOUS
 62
  256
370
   -1
100
AcDbLine
 10
0.8215133475435754
 20
1.493175576291138
 11
0.8217466152601107
 21
1.493129198338382
  0
LINE
  5
17A
100
AcDbEntity
  8
BLACK
  6
CONTINUOUS
 62
  256
370
   -1
100
AcDbLine
 10
0.8217466152601107
 20
1.493129198338382
 11
0.8217957491183785
 21
1.493134198338382
  0
LINE
  5
17B
100
AcDbEntity
  8
BLACK
  6
CONTINUOUS
 62
  256
370
   -1
100
AcDbLine
 10
0.8217957491183785
 20
1.493134198338382
 11
0.8218404735278273
 21
1.493110536921059
  0
LINE
  5
17C
100
AcDbEntity
  8
BLACK
  6
CONTINUOUS
 62
  256
370
   -1
100
AcDbLine
 10
0.8218404735278273
 20
1.493110536921059
 11
0.8218900010868826
 21
1.493100655031296
  0
LINE
  5
17D
100
AcDbEntity
  8
BLACK
  6
CONTINUOUS
 62
  256
370
   -1
100
AcDbLine
 10
0.8218900010868826
 20
1.493100655031296
 11
0.8219249223467251
 21
1.493065773141532
  0
LINE
  5
17E
100
AcDbEntity
  8
BLACK
  6
CONTINUOUS
 62
  256
370
   -1
100
AcDbLine
 10
0.8219249223467251
 20
1.493065773141532
 11
0.8221350798270399
 21
1.492954355818697
  0
LINE
  5
17F
100
AcDbEntity
  8
BLACK
  6
CONTINUOUS
 62
  256
370
   -1
100
AcDbLine
 10
0.8221350798270399
 20
1.492954355818697
 11
0.928162796362473
 21
1.406561403062792
  0
LINE
  5
180
100
AcDbEntity
  8
BLACK
  6
CONTINUOUS
 62
  256
370
   -1
100
AcDbLine
 10
0.928162796362473
 20
1.406561403062792
 11
1.069544843606568
 21
1.406561403062792
  0
LINE
  5
181
100
AcDbEntity
  8
BLACK
  6
CONTINUOUS
 62
  256
370
   -1
100
AcDbLine
 10
1.069544843606568
 20
1.406561403062792
 11
1.06960881998452
 21
1.406548686527358
  0
LINE
  5
182
100
AcDbEntity
  8
BLACK
  6
CONTINUOUS
 62
  256
370
   -1
100
AcDbLine
 10
1.06960881998452
 20
1.406548686527358
 11
1.069673898724678
 21
1.406552899125784
  0
LINE
  5
183
100
AcDbEntity
  8
BLACK
  6
CONTINUOUS
 62
  256
370
   -1
100
AcDbLine
 10
1.069673898724678
 20
1.406552899125784
 11
1.096169922346725
 21
1.40304896211791
  0
LINE
  5
184
100
AcDbEntity
  8
BLACK
  6
CONTINUOUS
 62
  256
370
   -1
100
AcDbLine
 10
1.096169922346725
 20
1.40304896211791
 11
1.096290985338851
 21
1.403007781015547
  0
LINE
  5
185
100
AcDbEntity
  8
BLACK
  6
CONTINUOUS
 62
  256
370
   -1
100
AcDbLine
 10
1.096290985338851
 20
1.403007781015547
 11
1.096416694000268
 21
1.402982899125784
  0
LINE
  5
186
100
AcDbEntity
  8
BLACK
  6
CONTINUOUS
 62
  256
370
   -1
100
AcDbLine
 10
1.096416694000268
 20
1.402982899125784
 11
1.121101733370347
 21
1.392786048732083
  0
LINE
  5
187
100
AcDbEntity
  8
BLACK
  6
CONTINUOUS
 62
  256
370
   -1
100
AcDbLine
 10
1.121101733370347
 20
1.392786048732083
 11
1.121209804236489
 21
1.392714001487988
  0
LINE
  5
188
100
AcDbEntity
  8
BLACK
  6
CONTINUOUS
 62
  256
370
   -1
100
AcDbLine
 10
1.121209804236489
 20
1.392714001487988
 11
1.121326182189245
 21
1.392656403062792
  0
LINE
  5
189
100
AcDbEntity
  8
BLACK
  6
CONTINUOUS
 62
  256
370
   -1
100
AcDbLine
 10
1.121326182189245
 20
1.392656403062792
 11
1.142507284551449
 21
1.376357190464367
  0
LINE
  5
18A
100
AcDbEntity
  8
BLACK
  6
CONTINUOUS
 62
  256
370
   -1
100
AcDbLine
 10
1.142507284551449
 20
1.376357190464367
 11
1.142591142819166
 21
1.376261284952555
  0
LINE
  5
18B
100
AcDbEntity
  8
BLACK
  6
CONTINUOUS
 62
  256
370
   -1
100
AcDbLine
 10
1.142591142819166
 20
1.376261284952555
 11
1.142687087701056
 21
1.37617738731476
  0
LINE
  5
18C
100
AcDbEntity
  8
BLACK
  6
CONTINUOUS
 62
  256
370
   -1
100
AcDbLine
 10
1.142687087701056
 20
1.37617738731476
 11
1.158986300299481
 21
1.354996284952555
  0
LINE
  5
18D
100
AcDbEntity
  8
BLACK
  6
CONTINUOUS
 62
  256
370
   -1
100
AcDbLine
 10
1.158986300299481
 20
1.354996284952555
 11
1.159043898724678
 21
1.3548799069998
  0
LINE
  5
18E
100
AcDbEntity
  8
BLACK
  6
CONTINUOUS
 62
  256
370
   -1
100
AcDbLine
 10
1.159043898724678
 20
1.3548799069998
 11
1.159115945968772
 21
1.354771836133658
  0
LINE
  5
18F
100
AcDbEntity
  8
BLACK
  6
CONTINUOUS
 62
  256
370
   -1
100
AcDbLine
 10
1.159115945968772
 20
1.354771836133658
 11
1.169312796362473
 21
1.3300867573935
  0
LINE
  5
190
100
AcDbEntity
  8
BLACK
  6
CONTINUOUS
 62
  256
370
   -1
100
AcDbLine
 10
1.169312796362473
 20
1.3300867573935
 11
1.169337638882158
 21
1.329961245582477
  0
LINE
  5
191
100
AcDbEntity
  8
BLACK
  6
CONTINUOUS
 62
  256
370
   -1
100
AcDbLine
 10
1.169337638882158
 20
1.329961245582477
 11
1.169378859354599
 21
1.329840064480114
  0
LINE
  5
192
100
AcDbEntity
  8
BLACK
  6
CONTINUOUS
 62
  256
370
   -1
100
AcDbLine
 10
1.169378859354599
 20
1.329840064480114
 11
1.172882796362473
 21
1.303344001487988
  0
LINE
  5
193
100
AcDbEntity
  8
BLACK
  6
CONTINUOUS
 62
  256
370
   -1
100
AcDbLine
 10
1.172882796362473
 20
1.303344001487988
 11
1.172874410535701
 21
1.303214946369878
  0
LINE
  5
194
100
AcDbEntity
  8
BLACK
  6
CONTINUOUS
 62
  256
370
   -1
100
AcDbLine
 10
1.172874410535701
 20
1.303214946369878
 11
1.172882796362473
 21
1.303085891251768
  0
LINE
  5
195
100
AcDbEntity
  8
BLACK
  6
CONTINUOUS
 62
  256
370
   -1
100
AcDbLine
 10
1.172882796362473
 20
1.303085891251768
 11
1.169378859354599
 21
1.276589828259642
  0
LINE
  5
196
100
AcDbEntity
  8
BLACK
  6
CONTINUOUS
 62
  256
370
   -1
100
AcDbLine
 10
1.169378859354599
 20
1.276589828259642
 11
1.169337638882158
 21
1.276468686527358
  0
LINE
  5
197
100
AcDbEntity
  8
BLACK
  6
CONTINUOUS
 62
  256
370
   -1
100
AcDbLine
 10
1.169337638882158
 20
1.276468686527358
 11
1.169312796362473
 21
1.276343135346256
  0
LINE
  5
198
100
AcDbEntity
  8
BLACK
  6
CONTINUOUS
 62
  256
370
   -1
100
AcDbLine
 10
1.169312796362473
 20
1.276343135346256
 11
1.159115945968772
 21
1.251658056606099
  0
LINE
  5
199
100
AcDbEntity
  8
BLACK
  6
CONTINUOUS
 62
  256
370
   -1
100
AcDbLine
 10
1.159115945968772
 20
1.251658056606099
 11
1.159043898724678
 21
1.251550025110036
  0
LINE
  5
19A
100
AcDbEntity
  8
BLACK
  6
CONTINUOUS
 62
  256
370
   -1
100
AcDbLine
 10
1.159043898724678
 20
1.251550025110036
 11
1.158986300299481
 21
1.251433607787201
  0
LINE
  5
19B
100
AcDbEntity
  8
BLACK
  6
CONTINUOUS
 62
  256
370
   -1
100
AcDbLine
 10
1.158986300299481
 20
1.251433607787201
 11
1.142687087701056
 21
1.230252505424996
  0
LINE
  5
19C
100
AcDbEntity
  8
BLACK
  6
CONTINUOUS
 62
  256
370
   -1
100
AcDbLine
 10
1.142687087701056
 20
1.230252505424996
 11
1.142591142819166
 21
1.23016864715728
  0
LINE
  5
19D
100
AcDbEntity
  8
BLACK
  6
CONTINUOUS
 62
  256
370
   -1
100
AcDbLine
 10
1.142591142819166
 20
1.23016864715728
 11
1.142507284551449
 21
1.23007270227539
  0
LINE
  5
19E
100
AcDbEntity
  8
BLACK
  6
CONTINUOUS
 62
  256
370
   -1
100
AcDbLine
 10
1.142507284551449
 20
1.23007270227539
 11
1.121326182189245
 21
1.213773489676965
  0
LINE
  5
19F
100
AcDbEntity
  8
BLACK
  6
CONTINUOUS
 62
  256
370
   -1
100
AcDbLine
 10
1.121326182189245
 20
1.213773489676965
 11
1.121209804236489
 21
1.213715930621847
  0
LINE
  5
1A0
100
AcDbEntity
  8
BLACK
  6
CONTINUOUS
 62
  256
370
   -1
100
AcDbLine
 10
1.121209804236489
 20
1.213715930621847
 11
1.121101733370347
 21
1.213643844007674
  0
LINE
  5
1A1
100
AcDbEntity
  8
BLACK
  6
CONTINUOUS
 62
  256
370
   -1
100
AcDbLine
 10
1.121101733370347
 20
1.213643844007674
 11
1.096416694000268
 21
1.203446993613972
  0
LINE
  5
1A2
100
AcDbEntity
  8
BLACK
  6
CONTINUOUS
 62
  256
370
   -1
100
AcDbLine
 10
1.096416694000268
 20
1.203446993613972
 11
1.096290985338851
 21
1.203422151094288
  0
LINE
  5
1A3
100
AcDbEntity
  8
BLACK
  6
CONTINUOUS
 62
  256
370
   -1
100
AcDbLine
 10
1.096290985338851
 20
1.203422151094288
 11
1.096169922346725
 21
1.203380930621847
  0
LINE
  5
1A4
100
AcDbEntity
  8
BLACK
  6
CONTINUOUS
 62
  256
370
   -1
100
AcDbLine
 10
1.096169922346725
 20
1.203380930621847
 11
1.069673898724678
 21
1.199876993613973
  0
LINE
  5
1A5
100
AcDbEntity
  8
BLACK
  6
CONTINUOUS
 62
  256
370
   -1
100
AcDbLine
 10
1.069673898724678
 20
1.199876993613973
 11
1.06960881998452
 21
1.199881245582477
  0
LINE
  5
1A6
100
AcDbEntity
  8
BLACK
  6
CONTINUOUS
 62
  256
370
   -1
100
AcDbLine
 10
1.06960881998452
 20
1.199881245582477
 11
1.069544843606568
 21
1.199868489676965
  0
LINE
  5
1A7
100
AcDbEntity
  8
BLACK
  6
CONTINUOUS
 62
  256
370
   -1
100
AcDbLine
 10
1.069544843606568
 20
1.199868489676965
 11
0.8963164971498747
 21
1.199868489676965
  0
LINE
  5
1A8
100
AcDbEntity
  8
BLACK
  6
CONTINUOUS
 62
  256
370
   -1
100
AcDbLine
 10
0.8963164971498747
 20
1.199868489676965
 11
0.8960832688034179
 21
1.199914906999799
  0
LINE
  5
1A9
100
AcDbEntity
  8
BLACK
  6
CONTINUOUS
 62
  256
370
   -1
100
AcDbLine
 10
0.8960832688034179
 20
1.199914906999799
 11
0.8960340955750714
 21
1.199909867629721
  0
LINE
  5
1AA
100
AcDbEntity
  8
BLACK
  6
CONTINUOUS
 62
  256
370
   -1
100
AcDbLine
 10
0.8960340955750714
 20
1.199909867629721
 11
0.8959894105357014
 21
1.199933568417122
  0
LINE
  5
1AB
100
AcDbEntity
  8
BLACK
  6
CONTINUOUS
 62
  256
370
   -1
100
AcDbLine
 10
0.8959894105357014
 20
1.199933568417122
 11
0.8959398436065675
 21
1.199943410936807
  0
LINE
  5
1AC
100
AcDbEntity
  8
BLACK
  6
CONTINUOUS
 62
  256
370
   -1
100
AcDbLine
 10
0.8959398436065675
 20
1.199943410936807
 11
0.8959049617168038
 21
1.19997833219665
  0
LINE
  5
1AD
100
AcDbEntity
  8
BLACK
  6
CONTINUOUS
 62
  256
370
   -1
100
AcDbLine
 10
0.8959049617168038
 20
1.19997833219665
 11
0.89569476486641
 21
1.200089710149406
  0
LINE
  5
1AE
100
AcDbEntity
  8
BLACK
  6
CONTINUOUS
 62
  256
370
   -1
100
AcDbLine
 10
0.89569476486641
 20
1.200089710149406
 11
0.7896670483309769
 21
1.286482662905311
  0
LINE
  5
1AF
100
AcDbEntity
  8
BLACK
  6
CONTINUOUS
 62
  256
370
   -1
100
AcDbLine
 10
0.7896670483309769
 20
1.286482662905311
 11
0.6600960247089298
 21
1.286482662905311
  0
LINE
  5
1B0
100
AcDbEntity
  8
BLACK
  6
CONTINUOUS
 62
  256
370
   -1
100
AcDbLine
 10
0.6600960247089298
 20
1.286482662905311
 11
0.6600009065986936
 21
1.286501599913185
  0
LINE
  5
1B1
100
AcDbEntity
  8
BLACK
  6
CONTINUOUS
 62
  256
370
   -1
100
AcDbLine
 10
0.6600009065986936
 20
1.286501599913185
 11
0.6599039380947564
 21
1.286501599913185
  0
LINE
  5
1B2
100
AcDbEntity
  8
BLACK
  6
CONTINUOUS
 62
  256
370
   -1
100
AcDbLine
 10
0.6599039380947564
 20
1.286501599913185
 11
0.6207307097482997
 21
1.294296875503736
  0
LINE
  5
1B3
100
AcDbEntity
  8
BLACK
  6
CONTINUOUS
 62
  256
370
   -1
100
AcDbLine
 10
0.6207307097482997
 20
1.294296875503736
 11
0.6207304341577486
 21
1.294297032984051
  0
LINE
  5
1B4
100
AcDbEntity
  8
BLACK
  6
CONTINUOUS
 62
  256
370
   -1
100
AcDbLine
 10
0.6207304341577486
 20
1.294297032984051
 11
0.6207301979372761
 21
1.294296954243894
  0
LINE
  5
1B5
100
AcDbEntity
  8
BLACK
  6
CONTINUOUS
 62
  256
370
   -1
100
AcDbLine
 10
0.6207301979372761
 20
1.294296954243894
 11
0.6205379144727092
 21
1.2943767573935
  0
LINE
  5
1B6
100
AcDbEntity
  8
BLACK
  6
CONTINUOUS
 62
  256
370
   -1
100
AcDbLine
 10
0.6205379144727092
 20
1.2943767573935
 11
0.6203759065986936
 21
1.294443844007673
  0
LINE
  5
1B7
100
AcDbEntity
  8
BLACK
  6
CONTINUOUS
 62
  256
370
   -1
100
AcDbLine
 10
0.6203759065986936
 20
1.294443844007673
 11
0.6203758278585361
 21
1.294444001487988
  0
LINE
  5
1B8
100
AcDbEntity
  8
BLACK
  6
CONTINUOUS
 62
  256
370
   -1
100
AcDbLine
 10
0.6203758278585361
 20
1.294444001487988
 11
0.620375512897906
 21
1.294444119598225
  0
LINE
  5
1B9
100
AcDbEntity
  8
BLACK
  6
CONTINUOUS
 62
  256
370
   -1
100
AcDbLine
 10
0.620375512897906
 20
1.294444119598225
 11
0.5871864971498746
 21
1.316648883377752
  0
LINE
  5
1BA
100
AcDbEntity
  8
BLACK
  6
CONTINUOUS
 62
  256
370
   -1
100
AcDbLine
 10
0.5871864971498746
 20
1.316648883377752
 11
0.5870512215593235
 21
1.316784316448619
  0
LINE
  5
1BB
100
AcDbEntity
  8
BLACK
  6
CONTINUOUS
 62
  256
370
   -1
100
AcDbLine
 10
0.5870512215593235
 20
1.316784316448619
 11
0.5869157884884573
 21
1.31691959203917
  0
LINE
  5
1BC
100
AcDbEntity
  8
BLACK
  6
CONTINUOUS
 62
  256
370
   -1
100
AcDbLine
 10
0.5869157884884573
 20
1.31691959203917
 11
0.5647110640790083
 21
1.350108568417122
  0
LINE
  5
1BD
100
AcDbEntity
  8
BLACK
  6
CONTINUOUS
 62
  256
370
   -1
100
AcDbLine
 10
0.5647110640790083
 20
1.350108568417122
 11
0.5647109459687722
 21
1.350108883377752
  0
LINE
  5
1BE
100
AcDbEntity
  8
BLACK
  6
CONTINUOUS
 62
  256
370
   -1
100
AcDbLine
 10
0.5647109459687722
 20
1.350108883377752
 11
0.5647107491183785
 21
1.350109001487989
  0
LINE
  5
1BF
100
AcDbEntity
  8
BLACK
  6
CONTINUOUS
 62
  256
370
   -1
100
AcDbLine
 10
0.5647107491183785
 20
1.350109001487989
 11
0.5646368514805833
 21
1.350287466054918
  0
LINE
  5
1C0
100
AcDbEntity
  8
BLACK
  6
CONTINUOUS
 62
  256
370
   -1
100
AcDbLine
 10
0.5646368514805833
 20
1.350287466054918
 11
0.564563859354599
 21
1.350463292826571
  0
LINE
  5
1C1
100
AcDbEntity
  8
BLACK
  6
CONTINUOUS
 62
  256
370
   -1
100
AcDbLine
 10
0.564563859354599
 20
1.350463292826571
 11
0.5645639380947565
 21
1.350463529047043
  0
LINE
  5
1C2
100
AcDbEntity
  8
BLACK
  6
CONTINUOUS
 62
  256
370
   -1
100
AcDbLine
 10
0.5645639380947565
 20
1.350463529047043
 11
0.5645637806144415
 21
1.350463804637595
  0
LINE
  5
1C3
100
AcDbEntity
  8
BLACK
  6
CONTINUOUS
 62
  256
370
   -1
100
AcDbLine
 10
0.5645637806144415
 20
1.350463804637595
 11
0.5567685050238902
 21
1.389637032984052
  0
LINE
  5
1C4
100
AcDbEntity
  8
BLACK
  6
CONTINUOUS
 62
  256
370
   -1
100
AcDbLine
 10
0.5567685050238902
 20
1.389637032984052
 11
0.5567685050238902
 21
1.389637151094288
  0
LINE
  5
1C5
100
AcDbEntity
  8
BLACK
  6
CONTINUOUS
 62
  256
370
   -1
100
AcDbLine
 10
0.5567685050238902
 20
1.389637151094288
 11
0.5567684656538117
 21
1.389637190464367
  0
LINE
  5
1C6
100
AcDbEntity
  8
BLACK
  6
CONTINUOUS
 62
  256
370
   -1
100
AcDbLine
 10
0.5567684656538117
 20
1.389637190464367
 11
0.5567685050238902
 21
1.389829119598225
  0
LINE
  5
1C7
100
AcDbEntity
  8
BLACK
  6
CONTINUOUS
 62
  256
370
   -1
100
AcDbLine
 10
0.5567685050238902
 20
1.389829119598225
 11
0.5567684656538117
 21
1.390021048732083
  0
LINE
  5
1C8
100
AcDbEntity
  8
BLACK
  6
CONTINUOUS
 62
  256
370
   -1
100
AcDbLine
 10
0.5567684656538117
 20
1.390021048732083
 11
0.5567685050238902
 21
1.39002112747224
  0
LINE
  5
1C9
100
AcDbEntity
  8
BLACK
  6
CONTINUOUS
 62
  256
370
   -1
100
AcDbLine
 10
0.5567685050238902
 20
1.39002112747224
 11
0.5567685050238902
 21
1.390021206212398
  0
LINE
  5
1CA
100
AcDbEntity
  8
BLACK
  6
CONTINUOUS
 62
  256
370
   -1
100
AcDbLine
 10
0.5567685050238902
 20
1.390021206212398
 11
0.5645637806144415
 21
1.429194434558855
  0
LINE
  5
1CB
100
AcDbEntity
  8
BLACK
  6
CONTINUOUS
 62
  256
370
   -1
100
AcDbLine
 10
0.5645637806144415
 20
1.429194434558855
 11
0.5645639380947565
 21
1.429194749519485
  0
LINE
  5
1CC
100
AcDbEntity
  8
BLACK
  6
CONTINUOUS
 62
  256
370
   -1
100
AcDbLine
 10
0.5645639380947565
 20
1.429194749519485
 11
0.564563859354599
 21
1.429194946369878
  0
LINE
  5
1CD
100
AcDbEntity
  8
BLACK
  6
CONTINUOUS
 62
  256
370
   -1
100
AcDbLine
 10
0.564563859354599
 20
1.429194946369878
 11
0.5646368514805833
 21
1.42937081251161
  0
LINE
  5
1CE
100
AcDbEntity
  8
BLACK
  6
CONTINUOUS
 62
  256
370
   -1
100
AcDbLine
 10
0.5646368514805833
 20
1.42937081251161
 11
0.5647107491183785
 21
1.429549237708461
  0
LINE
  5
1CF
100
AcDbEntity
  8
BLACK
  6
CONTINUOUS
 62
  256
370
   -1
100
AcDbLine
 10
0.5647107491183785
 20
1.429549237708461
 11
0.5647109459687722
 21
1.429549395188776
  0
LINE
  5
1D0
100
AcDbEntity
  8
BLACK
  6
CONTINUOUS
 62
  256
370
   -1
100
AcDbLine
 10
0.5647109459687722
 20
1.429549395188776
 11
0.5647110640790083
 21
1.429549670779327
  0
LINE
  5
1D1
100
AcDbEntity
  8
BLACK
  6
CONTINUOUS
 62
  256
370
   -1
100
AcDbLine
 10
0.5647110640790083
 20
1.429549670779327
 11
0.5869157884884573
 21
1.46273864715728
  0
LINE
  5
1D2
100
AcDbEntity
  8
BLACK
  6
CONTINUOUS
 62
  256
370
   -1
100
AcDbLine
 10
0.5869157884884573
 20
1.46273864715728
 11
0.5870512215593235
 21
1.46287396211791
  0
LINE
  5
1D3
100
AcDbEntity
  8
BLACK
  6
CONTINUOUS
 62
  256
370
   -1
100
AcDbLine
 10
0.5870512215593235
 20
1.46287396211791
 11
0.5871864971498746
 21
1.463009355818697
  0
LINE
  5
1D4
100
AcDbEntity
  8
BLACK
  6
CONTINUOUS
 62
  256
370
   -1
100
AcDbLine
 10
0.5871864971498746
 20
1.463009355818697
 11
0.620375512897906
 21
1.485214119598225
  0
LINE
  5
1D5
100
AcDbEntity
  8
BLACK
  6
CONTINUOUS
 62
  256
370
   -1
100
AcDbLine
 10
0.620375512897906
 20
1.485214119598225
 11
0.6203758278585361
 21
1.48521427707854
  0
LINE
  5
1D6
100
AcDbEntity
  8
BLACK
  6
CONTINUOUS
 62
  256
370
   -1
100
AcDbLine
 10
0.6203758278585361
 20
1.48521427707854
 11
0.6203759065986936
 21
1.485214395188776
  0
LINE
  5
1D7
100
AcDbEntity
  8
BLACK
  6
CONTINUOUS
 62
  256
370
   -1
100
AcDbLine
 10
0.6203759065986936
 20
1.485214395188776
 11
0.6205379144727092
 21
1.485281521173028
  0
LINE
  5
1D8
100
AcDbEntity
  8
BLACK
  6
CONTINUOUS
 62
  256
370
   -1
100
AcDbLine
 10
0.6205379144727092
 20
1.485281521173028
 11
0.6207301979372761
 21
1.485361284952555
  0
LINE
  5
1D9
100
AcDbEntity
  8
BLACK
  6
CONTINUOUS
 62
  256
370
   -1
100
AcDbLine
 10
0.6207301979372761
 20
1.485361284952555
 11
0.6207304341577486
 21
1.485361245582477
  0
LINE
  5
1DA
100
AcDbEntity
  8
BLACK
  6
CONTINUOUS
 62
  256
370
   -1
100
AcDbLine
 10
0.6207304341577486
 20
1.485361245582477
 11
0.6207307097482997
 21
1.485361363692713
  0
LINE
  5
1DB
100
AcDbEntity
  8
BLACK
  6
CONTINUOUS
 62
  256
370
   -1
100
AcDbLine
 10
0.6207307097482997
 20
1.485361363692713
 11
0.6599039380947564
 21
1.493156639283264
  0
LINE
  5
1DC
100
AcDbEntity
  8
BLACK
  6
CONTINUOUS
 62
  256
370
   -1
100
AcDbLine
 10
0.6599039380947564
 20
1.493156639283264
 11
0.6600009065986936
 21
1.493156678653343
  0
LINE
  5
1DD
100
AcDbEntity
  8
BLACK
  6
CONTINUOUS
 62
  256
370
   -1
100
AcDbLine
 10
0.6600009065986936
 20
1.493156678653343
 11
0.6600960247089298
 21
1.493175576291138
  0
LINE
  5
1DE
100
AcDbEntity
  8
BLACK
  6
CONTINUOUS
 62
  256
370
   -1
100
AcDbLine
 10
0.6600960247089298
 20
1.493175576291138
 11
0.7132456310081423
 21
1.493175576291138
  0
LINE
  5
1DF
100
AcDbEntity
  8
BLACK
  6
CONTINUOUS
 62
  256
370
   -1
100
AcDbLine
 10
0.660192953842788
 20
1.49120707235413
 11
0.6213072058112918
 21
1.483469001487988
  0
LINE
  5
1E0
100
AcDbEntity
  8
BLACK
  6
CONTINUOUS
 62
  256
370
   -1
100
AcDbLine
 10
0.6213072058112918
 20
1.483469001487988
 11
0.5884433869136541
 21
1.461481836133658
  0
LINE
  5
1E1
100
AcDbEntity
  8
BLACK
  6
CONTINUOUS
 62
  256
370
   -1
100
AcDbLine
 10
0.5884433869136541
 20
1.461481836133658
 11
0.5664561821892447
 21
1.428617977865941
  0
LINE
  5
1E2
100
AcDbEntity
  8
BLACK
  6
CONTINUOUS
 62
  256
370
   -1
100
AcDbLine
 10
0.5664561821892447
 20
1.428617977865941
 11
0.5587373632916068
 21
1.389829119598225
  0
LINE
  5
1E3
100
AcDbEntity
  8
BLACK
  6
CONTINUOUS
 62
  256
370
   -1
100
AcDbLine
 10
0.5587373632916068
 20
1.389829119598225
 11
0.5664561821892447
 21
1.351040300700587
  0
LINE
  5
1E4
100
AcDbEntity
  8
BLACK
  6
CONTINUOUS
 62
  256
370
   -1
100
AcDbLine
 10
0.5664561821892447
 20
1.351040300700587
 11
0.5884433869136541
 21
1.318176442432871
  0
LINE
  5
1E5
100
AcDbEntity
  8
BLACK
  6
CONTINUOUS
 62
  256
370
   -1
100
AcDbLine
 10
0.5884433869136541
 20
1.318176442432871
 11
0.6213072058112918
 21
1.29618927707854
  0
LINE
  5
1E6
100
AcDbEntity
  8
BLACK
  6
CONTINUOUS
 62
  256
370
   -1
100
AcDbLine
 10
0.6213072058112918
 20
1.29618927707854
 11
0.660192953842788
 21
1.288451166842319
  0
LINE
  5
1E7
100
AcDbEntity
  8
BLACK
  6
CONTINUOUS
 62
  256
370
   -1
100
AcDbLine
 10
0.660192953842788
 20
1.288451166842319
 11
0.7900172845514495
 21
1.288451166842319
  0
LINE
  5
1E8
100
AcDbEntity
  8
BLACK
  6
CONTINUOUS
 62
  256
370
   -1
100
AcDbLine
 10
0.7900172845514495
 20
1.288451166842319
 11
0.7902505522679848
 21
1.288404788889563
  0
LINE
  5
1E9
100
AcDbEntity
  8
BLACK
  6
CONTINUOUS
 62
  256
370
   -1
100
AcDbLine
 10
0.7902505522679848
 20
1.288404788889563
 11
0.7902996861262526
 21
1.288409788889563
  0
LINE
  5
1EA
100
AcDbEntity
  8
BLACK
  6
CONTINUOUS
 62
  256
370
   -1
100
AcDbLine
 10
0.7902996861262526
 20
1.288409788889563
 11
0.7903444105357014
 21
1.28838612747224
  0
LINE
  5
1EB
100
AcDbEntity
  8
BLACK
  6
CONTINUOUS
 62
  256
370
   -1
100
AcDbLine
 10
0.7903444105357014
 20
1.28838612747224
 11
0.7903939380947564
 21
1.288376245582477
  0
LINE
  5
1EC
100
AcDbEntity
  8
BLACK
  6
CONTINUOUS
 62
  256
370
   -1
100
AcDbLine
 10
0.7903939380947564
 20
1.288376245582477
 11
0.7904288593545989
 21
1.288341363692713
  0
LINE
  5
1ED
100
AcDbEntity
  8
BLACK
  6
CONTINUOUS
 62
  256
370
   -1
100
AcDbLine
 10
0.7904288593545989
 20
1.288341363692713
 11
0.790639016834914
 21
1.288229946369878
  0
LINE
  5
1EE
100
AcDbEntity
  8
BLACK
  6
CONTINUOUS
 62
  256
370
   -1
100
AcDbLine
 10
0.790639016834914
 20
1.288229946369878
 11
0.8966667333703471
 21
1.201836993613973
  0
LINE
  5
1EF
100
AcDbEntity
  8
BLACK
  6
CONTINUOUS
 62
  256
370
   -1
100
AcDbLine
 10
0.8966667333703471
 20
1.201836993613973
 11
1.06948007982704
 21
1.201836993613973
  0
LINE
  5
1F0
100
AcDbEntity
  8
BLACK
  6
CONTINUOUS
 62
  256
370
   -1
100
AcDbLine
 10
1.06948007982704
 20
1.201836993613973
 11
1.09578413494515
 21
1.205315576291138
  0
LINE
  5
1F1
100
AcDbEntity
  8
BLACK
  6
CONTINUOUS
 62
  256
370
   -1
100
AcDbLine
 10
1.09578413494515
 20
1.205315576291138
 11
1.120229253055386
 21
1.215413292826571
  0
LINE
  5
1F2
100
AcDbEntity
  8
BLACK
  6
CONTINUOUS
 62
  256
370
   -1
100
AcDbLine
 10
1.120229253055386
 20
1.215413292826571
 11
1.141205197937276
 21
1.23155459203917
  0
LINE
  5
1F3
100
AcDbEntity
  8
BLACK
  6
CONTINUOUS
 62
  256
370
   -1
100
AcDbLine
 10
1.141205197937276
 20
1.23155459203917
 11
1.157346457779796
 21
1.252530497550981
  0
LINE
  5
1F4
100
AcDbEntity
  8
BLACK
  6
CONTINUOUS
 62
  256
370
   -1
100
AcDbLine
 10
1.157346457779796
 20
1.252530497550981
 11
1.167444213685308
 21
1.276975655031296
  0
LINE
  5
1F5
100
AcDbEntity
  8
BLACK
  6
CONTINUOUS
 62
  256
370
   -1
100
AcDbLine
 10
1.167444213685308
 20
1.276975655031296
 11
1.170914213685308
 21
1.303214946369878
  0
LINE
  5
1F6
100
AcDbEntity
  8
BLACK
  6
CONTINUOUS
 62
  256
370
   -1
100
AcDbLine
 10
1.170914213685308
 20
1.303214946369878
 11
1.167444213685308
 21
1.32945427707854
  0
LINE
  5
1F7
100
AcDbEntity
  8
BLACK
  6
CONTINUOUS
 62
  256
370
   -1
100
AcDbLine
 10
1.167444213685308
 20
1.32945427707854
 11
1.157346457779796
 21
1.353899434558855
  0
LINE
  5
1F8
100
AcDbEntity
  8
BLACK
  6
CONTINUOUS
 62
  256
370
   -1
100
AcDbLine
 10
1.157346457779796
 20
1.353899434558855
 11
1.141205197937276
 21
1.374875340070666
  0
LINE
  5
1F9
100
AcDbEntity
  8
BLACK
  6
CONTINUOUS
 62
  256
370
   -1
100
AcDbLine
 10
1.141205197937276
 20
1.374875340070666
 11
1.120229253055386
 21
1.391016639283264
  0
LINE
  5
1FA
100
AcDbEntity
  8
BLACK
  6
CONTINUOUS
 62
  256
370
   -1
100
AcDbLine
 10
1.120229253055386
 20
1.391016639283264
 11
1.09578413494515
 21
1.401114355818697
  0
LINE
  5
1FB
100
AcDbEntity
  8
BLACK
  6
CONTINUOUS
 62
  256
370
   -1
100
AcDbLine
 10
1.09578413494515
 20
1.401114355818697
 11
1.06948007982704
 21
1.404592899125784
  0
LINE
  5
1FC
100
AcDbEntity
  8
BLACK
  6
CONTINUOUS
 62
  256
370
   -1
100
AcDbLine
 10
1.06948007982704
 20
1.404592899125784
 11
0.9278125601420006
 21
1.404592899125784
  0
LINE
  5
1FD
100
AcDbEntity
  8
BLACK
  6
CONTINUOUS
 62
  256
370
   -1
100
AcDbLine
 10
0.9278125601420006
 20
1.404592899125784
 11
0.9275793317955439
 21
1.404639316448618
  0
LINE
  5
1FE
100
AcDbEntity
  8
BLACK
  6
CONTINUOUS
 62
  256
370
   -1
100
AcDbLine
 10
0.9275793317955439
 20
1.404639316448618
 11
0.9275301585671973
 21
1.404634277078539
  0
LINE
  5
1FF
100
AcDbEntity
  8
BLACK
  6
CONTINUOUS
 62
  256
370
   -1
100
AcDbLine
 10
0.9275301585671973
 20
1.404634277078539
 11
0.9274854735278273
 21
1.404657977865941
  0
LINE
  5
200
100
AcDbEntity
  8
BLACK
  6
CONTINUOUS
 62
  256
370
   -1
100
AcDbLine
 10
0.9274854735278273
 20
1.404657977865941
 11
0.9274359065986935
 21
1.404667820385626
  0
LINE
  5
201
100
AcDbEntity
  8
BLACK
  6
CONTINUOUS
 62
  256
370
   -1
100
AcDbLine
 10
0.9274359065986935
 20
1.404667820385626
 11
0.9274010247089297
 21
1.404702741645468
  0
LINE
  5
202
100
AcDbEntity
  8
BLACK
  6
CONTINUOUS
 62
  256
370
   -1
100
AcDbLine
 10
0.9274010247089297
 20
1.404702741645468
 11
0.9271908278585359
 21
1.404814119598225
  0
LINE
  5
203
100
AcDbEntity
  8
BLACK
  6
CONTINUOUS
 62
  256
370
   -1
100
AcDbLine
 10
0.9271908278585359
 20
1.404814119598225
 11
0.8211631113231028
 21
1.49120707235413
  0
LINE
  5
204
100
AcDbEntity
  8
BLACK
  6
CONTINUOUS
 62
  256
370
   -1
100
AcDbLine
 10
0.8211631113231028
 20
1.49120707235413
 11
0.7801747648664099
 21
1.49120707235413
  0
LINE
  5
205
100
AcDbEntity
  8
BLACK
  6
CONTINUOUS
 62
  256
370
   -1
100
AcDbLine
 10
0.7801747648664099
 20
1.49120707235413
 11
0.7132456310081423
 21
1.49120707235413
  0
LINE
  5
206
100
AcDbEntity
  8
BLACK
  6
CONTINUOUS
 62
  256
370
   -1
100
AcDbLine
 10
0.7132456310081423
 20
1.49120707235413
 11
0.660192953842788
 21
1.49120707235413
  0
LINE
  5
207
100
AcDbEntity
  8
BLACK
  6
CONTINUOUS
 62
  256
370
   -1
100
AcDbLine
 10
1.421907048330977
 20
1.729396048732083
 11
1.488836182189245
 21
1.729396048732083
  0
LINE
  5
208
100
AcDbEntity
  8
BLACK
  6
CONTINUOUS
 62
  256
370
   -1
100
AcDbLine
 10
1.488836182189245
 20
1.729396048732083
 11
1.53017476486641
 21
1.729396048732083
  0
LINE
  5
209
100
AcDbEntity
  8
BLACK
  6
CONTINUOUS
 62
  256
370
   -1
100
AcDbLine
 10
1.53017476486641
 20
1.729396048732083
 11
1.530407993212867
 21
1.729349631409248
  0
LINE
  5
20A
100
AcDbEntity
  8
BLACK
  6
CONTINUOUS
 62
  256
370
   -1
100
AcDbLine
 10
1.530407993212867
 20
1.729349631409248
 11
1.530457166441213
 21
1.729354670779327
  0
LINE
  5
20B
100
AcDbEntity
  8
BLACK
  6
CONTINUOUS
 62
  256
370
   -1
100
AcDbLine
 10
1.530457166441213
 20
1.729354670779327
 11
1.530501851480583
 21
1.729330969991925
  0
LINE
  5
20C
100
AcDbEntity
  8
BLACK
  6
CONTINUOUS
 62
  256
370
   -1
100
AcDbLine
 10
1.530501851480583
 20
1.729330969991925
 11
1.530551418409717
 21
1.72932112747224
  0
LINE
  5
20D
100
AcDbEntity
  8
BLACK
  6
CONTINUOUS
 62
  256
370
   -1
100
AcDbLine
 10
1.530551418409717
 20
1.72932112747224
 11
1.530586300299481
 21
1.729286206212397
  0
LINE
  5
20E
100
AcDbEntity
  8
BLACK
  6
CONTINUOUS
 62
  256
370
   -1
100
AcDbLine
 10
1.530586300299481
 20
1.729286206212397
 11
1.530796497149875
 21
1.729174828259642
  0
LINE
  5
20F
100
AcDbEntity
  8
BLACK
  6
CONTINUOUS
 62
  256
370
   -1
100
AcDbLine
 10
1.530796497149875
 20
1.729174828259642
 11
1.636824213685308
 21
1.642781875503736
  0
LINE
  5
210
100
AcDbEntity
  8
BLACK
  6
CONTINUOUS
 62
  256
370
   -1
100
AcDbLine
 10
1.636824213685308
 20
1.642781875503736
 11
1.778206260929402
 21
1.642781875503736
  0
LINE
  5
211
100
AcDbEntity
  8
BLACK
  6
CONTINUOUS
 62
  256
370
   -1
100
AcDbLine
 10
1.778206260929402
 20
1.642781875503736
 11
1.778270237307355
 21
1.642769119598225
  0
LINE
  5
212
100
AcDbEntity
  8
BLACK
  6
CONTINUOUS
 62
  256
370
   -1
100
AcDbLine
 10
1.778270237307355
 20
1.642769119598225
 11
1.778335316047512
 21
1.642773371566729
  0
LINE
  5
213
100
AcDbEntity
  8
BLACK
  6
CONTINUOUS
 62
  256
370
   -1
100
AcDbLine
 10
1.778335316047512
 20
1.642773371566729
 11
1.80483133966956
 21
1.639269434558854
  0
LINE
  5
214
100
AcDbEntity
  8
BLACK
  6
CONTINUOUS
 62
  256
370
   -1
100
AcDbLine
 10
1.80483133966956
 20
1.639269434558854
 11
1.804952402661685
 21
1.639228214086414
  0
LINE
  5
215
100
AcDbEntity
  8
BLACK
  6
CONTINUOUS
 62
  256
370
   -1
100
AcDbLine
 10
1.804952402661685
 20
1.639228214086414
 11
1.805078111323103
 21
1.639203371566729
  0
LINE
  5
216
100
AcDbEntity
  8
BLACK
  6
CONTINUOUS
 62
  256
370
   -1
100
AcDbLine
 10
1.805078111323103
 20
1.639203371566729
 11
1.829763150693182
 21
1.629006521173028
  0
LINE
  5
217
100
AcDbEntity
  8
BLACK
  6
CONTINUOUS
 62
  256
370
   -1
100
AcDbLine
 10
1.829763150693182
 20
1.629006521173028
 11
1.829871221559324
 21
1.628934434558854
  0
LINE
  5
218
100
AcDbEntity
  8
BLACK
  6
CONTINUOUS
 62
  256
370
   -1
100
AcDbLine
 10
1.829871221559324
 20
1.628934434558854
 11
1.829987599512079
 21
1.628876875503736
  0
LINE
  5
219
100
AcDbEntity
  8
BLACK
  6
CONTINUOUS
 62
  256
370
   -1
100
AcDbLine
 10
1.829987599512079
 20
1.628876875503736
 11
1.851168701874284
 21
1.612577662905311
  0
LINE
  5
21A
100
AcDbEntity
  8
BLACK
  6
CONTINUOUS
 62
  256
370
   -1
100
AcDbLine
 10
1.851168701874284
 20
1.612577662905311
 11
1.851252560142
 21
1.612481718023421
  0
LINE
  5
21B
100
AcDbEntity
  8
BLACK
  6
CONTINUOUS
 62
  256
370
   -1
100
AcDbLine
 10
1.851252560142
 20
1.612481718023421
 11
1.85134850502389
 21
1.612397859755705
  0
LINE
  5
21C
100
AcDbEntity
  8
BLACK
  6
CONTINUOUS
 62
  256
370
   -1
100
AcDbLine
 10
1.85134850502389
 20
1.612397859755705
 11
1.867647717622316
 21
1.5912167573935
  0
LINE
  5
21D
100
AcDbEntity
  8
BLACK
  6
CONTINUOUS
 62
  256
370
   -1
100
AcDbLine
 10
1.867647717622316
 20
1.5912167573935
 11
1.867705316047513
 21
1.591100340070665
  0
LINE
  5
21E
100
AcDbEntity
  8
BLACK
  6
CONTINUOUS
 62
  256
370
   -1
100
AcDbLine
 10
1.867705316047513
 20
1.591100340070665
 11
1.867777363291607
 21
1.590992308574603
  0
LINE
  5
21F
100
AcDbEntity
  8
BLACK
  6
CONTINUOUS
 62
  256
370
   -1
100
AcDbLine
 10
1.867777363291607
 20
1.590992308574603
 11
1.877974213685308
 21
1.566307229834445
  0
LINE
  5
220
100
AcDbEntity
  8
BLACK
  6
CONTINUOUS
 62
  256
370
   -1
100
AcDbLine
 10
1.877974213685308
 20
1.566307229834445
 11
1.877999056204993
 21
1.566181678653343
  0
LINE
  5
221
100
AcDbEntity
  8
BLACK
  6
CONTINUOUS
 62
  256
370
   -1
100
AcDbLine
 10
1.877999056204993
 20
1.566181678653343
 11
1.878040276677434
 21
1.566060536921059
  0
LINE
  5
222
100
AcDbEntity
  8
BLACK
  6
CONTINUOUS
 62
  256
370
   -1
100
AcDbLine
 10
1.878040276677434
 20
1.566060536921059
 11
1.881544213685308
 21
1.539564473928933
  0
LINE
  5
223
100
AcDbEntity
  8
BLACK
  6
CONTINUOUS
 62
  256
370
   -1
100
AcDbLine
 10
1.881544213685308
 20
1.539564473928933
 11
1.881535827858536
 21
1.539435418810823
  0
LINE
  5
224
100
AcDbEntity
  8
BLACK
  6
CONTINUOUS
 62
  256
370
   -1
100
AcDbLine
 10
1.881535827858536
 20
1.539435418810823
 11
1.881544213685308
 21
1.539306363692713
  0
LINE
  5
225
100
AcDbEntity
  8
BLACK
  6
CONTINUOUS
 62
  256
370
   -1
100
AcDbLine
 10
1.881544213685308
 20
1.539306363692713
 11
1.878040276677434
 21
1.512810300700587
  0
LINE
  5
226
100
AcDbEntity
  8
BLACK
  6
CONTINUOUS
 62
  256
370
   -1
100
AcDbLine
 10
1.878040276677434
 20
1.512810300700587
 11
1.877999056204993
 21
1.512689158968303
  0
LINE
  5
227
100
AcDbEntity
  8
BLACK
  6
CONTINUOUS
 62
  256
370
   -1
100
AcDbLine
 10
1.877999056204993
 20
1.512689158968303
 11
1.877974213685308
 21
1.512563607787201
  0
LINE
  5
228
100
AcDbEntity
  8
BLACK
  6
CONTINUOUS
 62
  256
370
   -1
100
AcDbLine
 10
1.877974213685308
 20
1.512563607787201
 11
1.867777363291607
 21
1.487878529047043
  0
LINE
  5
229
100
AcDbEntity
  8
BLACK
  6
CONTINUOUS
 62
  256
370
   -1
100
AcDbLine
 10
1.867777363291607
 20
1.487878529047043
 11
1.867705316047513
 21
1.487770497550981
  0
LINE
  5
22A
100
AcDbEntity
  8
BLACK
  6
CONTINUOUS
 62
  256
370
   -1
100
AcDbLine
 10
1.867705316047513
 20
1.487770497550981
 11
1.867647717622316
 21
1.487654080228146
  0
LINE
  5
22B
100
AcDbEntity
  8
BLACK
  6
CONTINUOUS
 62
  256
370
   -1
100
AcDbLine
 10
1.867647717622316
 20
1.487654080228146
 11
1.85134850502389
 21
1.466472977865941
  0
LINE
  5
22C
100
AcDbEntity
  8
BLACK
  6
CONTINUOUS
 62
  256
370
   -1
100
AcDbLine
 10
1.85134850502389
 20
1.466472977865941
 11
1.851252560142
 21
1.466389119598225
  0
LINE
  5
22D
100
AcDbEntity
  8
BLACK
  6
CONTINUOUS
 62
  256
370
   -1
100
AcDbLine
 10
1.851252560142
 20
1.466389119598225
 11
1.851168701874284
 21
1.466293174716335
  0
LINE
  5
22E
100
AcDbEntity
  8
BLACK
  6
CONTINUOUS
 62
  256
370
   -1
100
AcDbLine
 10
1.851168701874284
 20
1.466293174716335
 11
1.829987599512079
 21
1.44999396211791
  0
LINE
  5
22F
100
AcDbEntity
  8
BLACK
  6
CONTINUOUS
 62
  256
370
   -1
100
AcDbLine
 10
1.829987599512079
 20
1.44999396211791
 11
1.829871221559324
 21
1.449936403062792
  0
LINE
  5
230
100
AcDbEntity
  8
BLACK
  6
CONTINUOUS
 62
  256
370
   -1
100
AcDbLine
 10
1.829871221559324
 20
1.449936403062792
 11
1.829763150693182
 21
1.449864316448618
  0
LINE
  5
231
100
AcDbEntity
  8
BLACK
  6
CONTINUOUS
 62
  256
370
   -1
100
AcDbLine
 10
1.829763150693182
 20
1.449864316448618
 11
1.805078111323103
 21
1.439667466054917
  0
LINE
  5
232
100
AcDbEntity
  8
BLACK
  6
CONTINUOUS
 62
  256
370
   -1
100
AcDbLine
 10
1.805078111323103
 20
1.439667466054917
 11
1.804952402661685
 21
1.439642623535232
  0
LINE
  5
233
100
AcDbEntity
  8
BLACK
  6
CONTINUOUS
 62
  256
370
   -1
100
AcDbLine
 10
1.804952402661685
 20
1.439642623535232
 11
1.80483133966956
 21
1.439601403062792
  0
LINE
  5
234
100
AcDbEntity
  8
BLACK
  6
CONTINUOUS
 62
  256
370
   -1
100
AcDbLine
 10
1.80483133966956
 20
1.439601403062792
 11
1.778335316047512
 21
1.436097466054918
  0
LINE
  5
235
100
AcDbEntity
  8
BLACK
  6
CONTINUOUS
 62
  256
370
   -1
100
AcDbLine
 10
1.778335316047512
 20
1.436097466054918
 11
1.778270237307355
 21
1.436101718023421
  0
LINE
  5
236
100
AcDbEntity
  8
BLACK
  6
CONTINUOUS
 62
  256
370
   -1
100
AcDbLine
 10
1.778270237307355
 20
1.436101718023421
 11
1.778206260929402
 21
1.43608896211791
  0
LINE
  5
237
100
AcDbEntity
  8
BLACK
  6
CONTINUOUS
 62
  256
370
   -1
100
AcDbLine
 10
1.778206260929402
 20
1.43608896211791
 11
1.604977914472709
 21
1.43608896211791
  0
LINE
  5
238
100
AcDbEntity
  8
BLACK
  6
CONTINUOUS
 62
  256
370
   -1
100
AcDbLine
 10
1.604977914472709
 20
1.43608896211791
 11
1.604744646756174
 21
1.436135379440744
  0
LINE
  5
239
100
AcDbEntity
  8
BLACK
  6
CONTINUOUS
 62
  256
370
   -1
100
AcDbLine
 10
1.604744646756174
 20
1.436135379440744
 11
1.604695512897906
 21
1.436130340070666
  0
LINE
  5
23A
100
AcDbEntity
  8
BLACK
  6
CONTINUOUS
 62
  256
370
   -1
100
AcDbLine
 10
1.604695512897906
 20
1.436130340070666
 11
1.604650788488457
 21
1.436154040858067
  0
LINE
  5
23B
100
AcDbEntity
  8
BLACK
  6
CONTINUOUS
 62
  256
370
   -1
100
AcDbLine
 10
1.604650788488457
 20
1.436154040858067
 11
1.604601260929402
 21
1.436163883377752
  0
LINE
  5
23C
100
AcDbEntity
  8
BLACK
  6
CONTINUOUS
 62
  256
370
   -1
100
AcDbLine
 10
1.604601260929402
 20
1.436163883377752
 11
1.60456633966956
 21
1.436198804637595
  0
LINE
  5
23D
100
AcDbEntity
  8
BLACK
  6
CONTINUOUS
 62
  256
370
   -1
100
AcDbLine
 10
1.60456633966956
 20
1.436198804637595
 11
1.604356182189245
 21
1.436310182590351
  0
LINE
  5
23E
100
AcDbEntity
  8
BLACK
  6
CONTINUOUS
 62
  256
370
   -1
100
AcDbLine
 10
1.604356182189245
 20
1.436310182590351
 11
1.498328465653812
 21
1.522703135346256
  0
LINE
  5
23F
100
AcDbEntity
  8
BLACK
  6
CONTINUOUS
 62
  256
370
   -1
100
AcDbLine
 10
1.498328465653812
 20
1.522703135346256
 11
1.368757442031764
 21
1.522703135346256
  0
LINE
  5
240
100
AcDbEntity
  8
BLACK
  6
CONTINUOUS
 62
  256
370
   -1
100
AcDbLine
 10
1.368757442031764
 20
1.522703135346256
 11
1.368662284551449
 21
1.52272207235413
  0
LINE
  5
241
100
AcDbEntity
  8
BLACK
  6
CONTINUOUS
 62
  256
370
   -1
100
AcDbLine
 10
1.368662284551449
 20
1.52272207235413
 11
1.368565355417591
 21
1.52272207235413
  0
LINE
  5
242
100
AcDbEntity
  8
BLACK
  6
CONTINUOUS
 62
  256
370
   -1
100
AcDbLine
 10
1.368565355417591
 20
1.52272207235413
 11
1.329392127071134
 21
1.530517347944681
  0
LINE
  5
243
100
AcDbEntity
  8
BLACK
  6
CONTINUOUS
 62
  256
370
   -1
100
AcDbLine
 10
1.329392127071134
 20
1.530517347944681
 11
1.329391812110504
 21
1.530517505424996
  0
LINE
  5
244
100
AcDbEntity
  8
BLACK
  6
CONTINUOUS
 62
  256
370
   -1
100
AcDbLine
 10
1.329391812110504
 20
1.530517505424996
 11
1.329391615260111
 21
1.530517426684839
  0
LINE
  5
245
100
AcDbEntity
  8
BLACK
  6
CONTINUOUS
 62
  256
370
   -1
100
AcDbLine
 10
1.329391615260111
 20
1.530517426684839
 11
1.329199292425465
 21
1.530597229834445
  0
LINE
  5
246
100
AcDbEntity
  8
BLACK
  6
CONTINUOUS
 62
  256
370
   -1
100
AcDbLine
 10
1.329199292425465
 20
1.530597229834445
 11
1.329037323921528
 21
1.530664316448618
  0
LINE
  5
247
100
AcDbEntity
  8
BLACK
  6
CONTINUOUS
 62
  256
370
   -1
100
AcDbLine
 10
1.329037323921528
 20
1.530664316448618
 11
1.329037205811292
 21
1.530664473928933
  0
LINE
  5
248
100
AcDbEntity
  8
BLACK
  6
CONTINUOUS
 62
  256
370
   -1
100
AcDbLine
 10
1.329037205811292
 20
1.530664473928933
 11
1.329036930220741
 21
1.530664592039169
  0
LINE
  5
249
100
AcDbEntity
  8
BLACK
  6
CONTINUOUS
 62
  256
370
   -1
100
AcDbLine
 10
1.329036930220741
 20
1.530664592039169
 11
1.295847914472709
 21
1.552869355818697
  0
LINE
  5
24A
100
AcDbEntity
  8
BLACK
  6
CONTINUOUS
 62
  256
370
   -1
100
AcDbLine
 10
1.295847914472709
 20
1.552869355818697
 11
1.295712599512079
 21
1.553004749519484
  0
LINE
  5
24B
100
AcDbEntity
  8
BLACK
  6
CONTINUOUS
 62
  256
370
   -1
100
AcDbLine
 10
1.295712599512079
 20
1.553004749519484
 11
1.295577205811292
 21
1.553140064480115
  0
LINE
  5
24C
100
AcDbEntity
  8
BLACK
  6
CONTINUOUS
 62
  256
370
   -1
100
AcDbLine
 10
1.295577205811292
 20
1.553140064480115
 11
1.273372481401843
 21
1.586329040858067
  0
LINE
  5
24D
100
AcDbEntity
  8
BLACK
  6
CONTINUOUS
 62
  256
370
   -1
100
AcDbLine
 10
1.273372481401843
 20
1.586329040858067
 11
1.273372323921528
 21
1.586329316448618
  0
LINE
  5
24E
100
AcDbEntity
  8
BLACK
  6
CONTINUOUS
 62
  256
370
   -1
100
AcDbLine
 10
1.273372323921528
 20
1.586329316448618
 11
1.273372166441213
 21
1.586329473928933
  0
LINE
  5
24F
100
AcDbEntity
  8
BLACK
  6
CONTINUOUS
 62
  256
370
   -1
100
AcDbLine
 10
1.273372166441213
 20
1.586329473928933
 11
1.273298229433339
 21
1.586507899125784
  0
LINE
  5
250
100
AcDbEntity
  8
BLACK
  6
CONTINUOUS
 62
  256
370
   -1
100
AcDbLine
 10
1.273298229433339
 20
1.586507899125784
 11
1.273225276677434
 21
1.586683765267516
  0
LINE
  5
251
100
AcDbEntity
  8
BLACK
  6
CONTINUOUS
 62
  256
370
   -1
100
AcDbLine
 10
1.273225276677434
 20
1.586683765267516
 11
1.273225316047512
 21
1.58668396211791
  0
LINE
  5
252
100
AcDbEntity
  8
BLACK
  6
CONTINUOUS
 62
  256
370
   -1
100
AcDbLine
 10
1.273225316047512
 20
1.58668396211791
 11
1.273225197937276
 21
1.58668427707854
  0
LINE
  5
253
100
AcDbEntity
  8
BLACK
  6
CONTINUOUS
 62
  256
370
   -1
100
AcDbLine
 10
1.273225197937276
 20
1.58668427707854
 11
1.265429922346725
 21
1.625857505424996
  0
LINE
  5
254
100
AcDbEntity
  8
BLACK
  6
CONTINUOUS
 62
  256
370
   -1
100
AcDbLine
 10
1.265429922346725
 20
1.625857505424996
 11
1.265429882976646
 21
1.625857584165154
  0
LINE
  5
255
100
AcDbEntity
  8
BLACK
  6
CONTINUOUS
 62
  256
370
   -1
100
AcDbLine
 10
1.265429882976646
 20
1.625857584165154
 11
1.265429882976646
 21
1.625857662905311
  0
LINE
  5
256
100
AcDbEntity
  8
BLACK
  6
CONTINUOUS
 62
  256
370
   -1
100
AcDbLine
 10
1.265429882976646
 20
1.625857662905311
 11
1.265429882976646
 21
1.626049592039169
  0
LINE
  5
257
100
AcDbEntity
  8
BLACK
  6
CONTINUOUS
 62
  256
370
   -1
100
AcDbLine
 10
1.265429882976646
 20
1.626049592039169
 11
1.265429882976646
 21
1.626241521173028
  0
LINE
  5
258
100
AcDbEntity
  8
BLACK
  6
CONTINUOUS
 62
  256
370
   -1
100
AcDbLine
 10
1.265429882976646
 20
1.626241521173028
 11
1.265429882976646
 21
1.626241560543106
  0
LINE
  5
259
100
AcDbEntity
  8
BLACK
  6
CONTINUOUS
 62
  256
370
   -1
100
AcDbLine
 10
1.265429882976646
 20
1.626241560543106
 11
1.265429922346725
 21
1.626241678653343
  0
LINE
  5
25A
100
AcDbEntity
  8
BLACK
  6
CONTINUOUS
 62
  256
370
   -1
100
AcDbLine
 10
1.265429922346725
 20
1.626241678653343
 11
1.273225197937276
 21
1.665414906999799
  0
LINE
  5
25B
100
AcDbEntity
  8
BLACK
  6
CONTINUOUS
 62
  256
370
   -1
100
AcDbLine
 10
1.273225197937276
 20
1.665414906999799
 11
1.273225316047512
 21
1.665415182590351
  0
LINE
  5
25C
100
AcDbEntity
  8
BLACK
  6
CONTINUOUS
 62
  256
370
   -1
100
AcDbLine
 10
1.273225316047512
 20
1.665415182590351
 11
1.273225276677434
 21
1.665415418810823
  0
LINE
  5
25D
100
AcDbEntity
  8
BLACK
  6
CONTINUOUS
 62
  256
370
   -1
100
AcDbLine
 10
1.273225276677434
 20
1.665415418810823
 11
1.273298229433339
 21
1.665591245582477
  0
LINE
  5
25E
100
AcDbEntity
  8
BLACK
  6
CONTINUOUS
 62
  256
370
   -1
100
AcDbLine
 10
1.273298229433339
 20
1.665591245582477
 11
1.273372166441213
 21
1.665769710149406
  0
LINE
  5
25F
100
AcDbEntity
  8
BLACK
  6
CONTINUOUS
 62
  256
370
   -1
100
AcDbLine
 10
1.273372166441213
 20
1.665769710149406
 11
1.273372323921528
 21
1.665769828259642
  0
LINE
  5
260
100
AcDbEntity
  8
BLACK
  6
CONTINUOUS
 62
  256
370
   -1
100
AcDbLine
 10
1.273372323921528
 20
1.665769828259642
 11
1.273372481401843
 21
1.665770143220272
  0
LINE
  5
261
100
AcDbEntity
  8
BLACK
  6
CONTINUOUS
 62
  256
370
   -1
100
AcDbLine
 10
1.273372481401843
 20
1.665770143220272
 11
1.295577205811292
 21
1.698959119598224
  0
LINE
  5
262
100
AcDbEntity
  8
BLACK
  6
CONTINUOUS
 62
  256
370
   -1
100
AcDbLine
 10
1.295577205811292
 20
1.698959119598224
 11
1.295712599512079
 21
1.699094395188776
  0
LINE
  5
263
100
AcDbEntity
  8
BLACK
  6
CONTINUOUS
 62
  256
370
   -1
100
AcDbLine
 10
1.295712599512079
 20
1.699094395188776
 11
1.295847914472709
 21
1.699229828259642
  0
LINE
  5
264
100
AcDbEntity
  8
BLACK
  6
CONTINUOUS
 62
  256
370
   -1
100
AcDbLine
 10
1.295847914472709
 20
1.699229828259642
 11
1.329036930220741
 21
1.721434592039169
  0
LINE
  5
265
100
AcDbEntity
  8
BLACK
  6
CONTINUOUS
 62
  256
370
   -1
100
AcDbLine
 10
1.329036930220741
 20
1.721434592039169
 11
1.329037205811292
 21
1.721434710149405
  0
LINE
  5
266
100
AcDbEntity
  8
BLACK
  6
CONTINUOUS
 62
  256
370
   -1
100
AcDbLine
 10
1.329037205811292
 20
1.721434710149405
 11
1.329037323921528
 21
1.72143486762972
  0
LINE
  5
267
100
AcDbEntity
  8
BLACK
  6
CONTINUOUS
 62
  256
370
   -1
100
AcDbLine
 10
1.329037323921528
 20
1.72143486762972
 11
1.329199292425465
 21
1.721501954243894
  0
LINE
  5
268
100
AcDbEntity
  8
BLACK
  6
CONTINUOUS
 62
  256
370
   -1
100
AcDbLine
 10
1.329199292425465
 20
1.721501954243894
 11
1.329391615260111
 21
1.7215817573935
  0
LINE
  5
269
100
AcDbEntity
  8
BLACK
  6
CONTINUOUS
 62
  256
370
   -1
100
AcDbLine
 10
1.329391615260111
 20
1.7215817573935
 11
1.329391812110504
 21
1.721581678653343
  0
LINE
  5
26A
100
AcDbEntity
  8
BLACK
  6
CONTINUOUS
 62
  256
370
   -1
100
AcDbLine
 10
1.329391812110504
 20
1.721581678653343
 11
1.329392127071134
 21
1.721581836133657
  0
LINE
  5
26B
100
AcDbEntity
  8
BLACK
  6
CONTINUOUS
 62
  256
370
   -1
100
AcDbLine
 10
1.329392127071134
 20
1.721581836133657
 11
1.368565355417591
 21
1.729377111724209
  0
LINE
  5
26C
100
AcDbEntity
  8
BLACK
  6
CONTINUOUS
 62
  256
370
   -1
100
AcDbLine
 10
1.368565355417591
 20
1.729377111724209
 11
1.368662284551449
 21
1.729377111724209
  0
LINE
  5
26D
100
AcDbEntity
  8
BLACK
  6
CONTINUOUS
 62
  256
370
   -1
100
AcDbLine
 10
1.368662284551449
 20
1.729377111724209
 11
1.368757442031764
 21
1.729396048732083
  0
LINE
  5
26E
100
AcDbEntity
  8
BLACK
  6
CONTINUOUS
 62
  256
370
   -1
100
AcDbLine
 10
1.368757442031764
 20
1.729396048732083
 11
1.421907048330977
 21
1.729396048732083
  0
LINE
  5
26F
100
AcDbEntity
  8
BLACK
  6
CONTINUOUS
 62
  256
370
   -1
100
AcDbLine
 10
1.368854371165622
 20
1.727427544795074
 11
1.329968583764048
 21
1.719689434558854
  0
LINE
  5
270
100
AcDbEntity
  8
BLACK
  6
CONTINUOUS
 62
  256
370
   -1
100
AcDbLine
 10
1.329968583764048
 20
1.719689434558854
 11
1.29710476486641
 21
1.697702269204523
  0
LINE
  5
271
100
AcDbEntity
  8
BLACK
  6
CONTINUOUS
 62
  256
370
   -1
100
AcDbLine
 10
1.29710476486641
 20
1.697702269204523
 11
1.275117560142001
 21
1.664838410936807
  0
LINE
  5
272
100
AcDbEntity
  8
BLACK
  6
CONTINUOUS
 62
  256
370
   -1
100
AcDbLine
 10
1.275117560142001
 20
1.664838410936807
 11
1.267398741244363
 21
1.626049592039169
  0
LINE
  5
273
100
AcDbEntity
  8
BLACK
  6
CONTINUOUS
 62
  256
370
   -1
100
AcDbLine
 10
1.267398741244363
 20
1.626049592039169
 11
1.275117560142001
 21
1.587260733771453
  0
LINE
  5
274
100
AcDbEntity
  8
BLACK
  6
CONTINUOUS
 62
  256
370
   -1
100
AcDbLine
 10
1.275117560142001
 20
1.587260733771453
 11
1.29710476486641
 21
1.554396875503736
  0
LINE
  5
275
100
AcDbEntity
  8
BLACK
  6
CONTINUOUS
 62
  256
370
   -1
100
AcDbLine
 10
1.29710476486641
 20
1.554396875503736
 11
1.329968583764048
 21
1.532409749519485
  0
LINE
  5
276
100
AcDbEntity
  8
BLACK
  6
CONTINUOUS
 62
  256
370
   -1
100
AcDbLine
 10
1.329968583764048
 20
1.532409749519485
 11
1.368854371165622
 21
1.524671639283264
  0
LINE
  5
277
100
AcDbEntity
  8
BLACK
  6
CONTINUOUS
 62
  256
370
   -1
100
AcDbLine
 10
1.368854371165622
 20
1.524671639283264
 11
1.498678701874284
 21
1.524671639283264
  0
LINE
  5
278
100
AcDbEntity
  8
BLACK
  6
CONTINUOUS
 62
  256
370
   -1
100
AcDbLine
 10
1.498678701874284
 20
1.524671639283264
 11
1.498911930220741
 21
1.524625261330508
  0
LINE
  5
279
100
AcDbEntity
  8
BLACK
  6
CONTINUOUS
 62
  256
370
   -1
100
AcDbLine
 10
1.498911930220741
 20
1.524625261330508
 11
1.498961103449087
 21
1.524630261330508
  0
LINE
  5
27A
100
AcDbEntity
  8
BLACK
  6
CONTINUOUS
 62
  256
370
   -1
100
AcDbLine
 10
1.498961103449087
 20
1.524630261330508
 11
1.499005788488457
 21
1.524606599913185
  0
LINE
  5
27B
100
AcDbEntity
  8
BLACK
  6
CONTINUOUS
 62
  256
370
   -1
100
AcDbLine
 10
1.499005788488457
 20
1.524606599913185
 11
1.499055355417591
 21
1.524596718023421
  0
LINE
  5
27C
100
AcDbEntity
  8
BLACK
  6
CONTINUOUS
 62
  256
370
   -1
100
AcDbLine
 10
1.499055355417591
 20
1.524596718023421
 11
1.499090237307355
 21
1.524561836133658
  0
LINE
  5
27D
100
AcDbEntity
  8
BLACK
  6
CONTINUOUS
 62
  256
370
   -1
100
AcDbLine
 10
1.499090237307355
 20
1.524561836133658
 11
1.499300434157749
 21
1.524450418810823
  0
LINE
  5
27E
100
AcDbEntity
  8
BLACK
  6
CONTINUOUS
 62
  256
370
   -1
100
AcDbLine
 10
1.499300434157749
 20
1.524450418810823
 11
1.605328150693182
 21
1.438057466054917
  0
LINE
  5
27F
100
AcDbEntity
  8
BLACK
  6
CONTINUOUS
 62
  256
370
   -1
100
AcDbLine
 10
1.605328150693182
 20
1.438057466054917
 11
1.778141497149875
 21
1.438057466054917
  0
LINE
  5
280
100
AcDbEntity
  8
BLACK
  6
CONTINUOUS
 62
  256
370
   -1
100
AcDbLine
 10
1.778141497149875
 20
1.438057466054917
 11
1.804445552267985
 21
1.441536048732083
  0
LINE
  5
281
100
AcDbEntity
  8
BLACK
  6
CONTINUOUS
 62
  256
370
   -1
100
AcDbLine
 10
1.804445552267985
 20
1.441536048732083
 11
1.828890670378221
 21
1.451633765267516
  0
LINE
  5
282
100
AcDbEntity
  8
BLACK
  6
CONTINUOUS
 62
  256
370
   -1
100
AcDbLine
 10
1.828890670378221
 20
1.451633765267516
 11
1.849866615260111
 21
1.467775064480114
  0
LINE
  5
283
100
AcDbEntity
  8
BLACK
  6
CONTINUOUS
 62
  256
370
   -1
100
AcDbLine
 10
1.849866615260111
 20
1.467775064480114
 11
1.866007875102631
 21
1.488750969991925
  0
LINE
  5
284
100
AcDbEntity
  8
BLACK
  6
CONTINUOUS
 62
  256
370
   -1
100
AcDbLine
 10
1.866007875102631
 20
1.488750969991925
 11
1.876105631008143
 21
1.513196127472241
  0
LINE
  5
285
100
AcDbEntity
  8
BLACK
  6
CONTINUOUS
 62
  256
370
   -1
100
AcDbLine
 10
1.876105631008143
 20
1.513196127472241
 11
1.879575631008142
 21
1.539435418810823
  0
LINE
  5
286
100
AcDbEntity
  8
BLACK
  6
CONTINUOUS
 62
  256
370
   -1
100
AcDbLine
 10
1.879575631008142
 20
1.539435418810823
 11
1.876105631008143
 21
1.565674710149406
  0
LINE
  5
287
100
AcDbEntity
  8
BLACK
  6
CONTINUOUS
 62
  256
370
   -1
100
AcDbLine
 10
1.876105631008143
 20
1.565674710149406
 11
1.866007875102631
 21
1.590119867629721
  0
LINE
  5
288
100
AcDbEntity
  8
BLACK
  6
CONTINUOUS
 62
  256
370
   -1
100
AcDbLine
 10
1.866007875102631
 20
1.590119867629721
 11
1.849866615260111
 21
1.611095773141532
  0
LINE
  5
289
100
AcDbEntity
  8
BLACK
  6
CONTINUOUS
 62
  256
370
   -1
100
AcDbLine
 10
1.849866615260111
 20
1.611095773141532
 11
1.828890670378221
 21
1.62723707235413
  0
LINE
  5
28A
100
AcDbEntity
  8
BLACK
  6
CONTINUOUS
 62
  256
370
   -1
100
AcDbLine
 10
1.828890670378221
 20
1.62723707235413
 11
1.804445552267985
 21
1.637334788889563
  0
LINE
  5
28B
100
AcDbEntity
  8
BLACK
  6
CONTINUOUS
 62
  256
370
   -1
100
AcDbLine
 10
1.804445552267985
 20
1.637334788889563
 11
1.778141497149875
 21
1.640813371566729
  0
LINE
  5
28C
100
AcDbEntity
  8
BLACK
  6
CONTINUOUS
 62
  256
370
   -1
100
AcDbLine
 10
1.778141497149875
 20
1.640813371566729
 11
1.636473977464835
 21
1.640813371566729
  0
LINE
  5
28D
100
AcDbEntity
  8
BLACK
  6
CONTINUOUS
 62
  256
370
   -1
100
AcDbLine
 10
1.636473977464835
 20
1.640813371566729
 11
1.6362407097483
 21
1.640859749519485
  0
LINE
  5
28E
100
AcDbEntity
  8
BLACK
  6
CONTINUOUS
 62
  256
370
   -1
100
AcDbLine
 10
1.6362407097483
 20
1.640859749519485
 11
1.636191575890032
 21
1.640854749519484
  0
LINE
  5
28F
100
AcDbEntity
  8
BLACK
  6
CONTINUOUS
 62
  256
370
   -1
100
AcDbLine
 10
1.636191575890032
 20
1.640854749519484
 11
1.636146851480583
 21
1.640878410936807
  0
LINE
  5
290
100
AcDbEntity
  8
BLACK
  6
CONTINUOUS
 62
  256
370
   -1
100
AcDbLine
 10
1.636146851480583
 20
1.640878410936807
 11
1.636097323921528
 21
1.640888292826571
  0
LINE
  5
291
100
AcDbEntity
  8
BLACK
  6
CONTINUOUS
 62
  256
370
   -1
100
AcDbLine
 10
1.636097323921528
 20
1.640888292826571
 11
1.636062402661686
 21
1.640923174716335
  0
LINE
  5
292
100
AcDbEntity
  8
BLACK
  6
CONTINUOUS
 62
  256
370
   -1
100
AcDbLine
 10
1.636062402661686
 20
1.640923174716335
 11
1.635852245181371
 21
1.64103459203917
  0
LINE
  5
293
100
AcDbEntity
  8
BLACK
  6
CONTINUOUS
 62
  256
370
   -1
100
AcDbLine
 10
1.635852245181371
 20
1.64103459203917
 11
1.529824528645937
 21
1.727427544795074
  0
LINE
  5
294
100
AcDbEntity
  8
BLACK
  6
CONTINUOUS
 62
  256
370
   -1
100
AcDbLine
 10
1.529824528645937
 20
1.727427544795074
 11
1.488836182189245
 21
1.727427544795074
  0
LINE
  5
295
100
AcDbEntity
  8
BLACK
  6
CONTINUOUS
 62
  256
370
   -1
100
AcDbLine
 10
1.488836182189245
 20
1.727427544795074
 11
1.421907048330977
 21
1.727427544795074
  0
LINE
  5
296
100
AcDbEntity
  8
BLACK
  6
CONTINUOUS
 62
  256
370
   -1
100
AcDbLine
 10
1.421907048330977
 20
1.727427544795074
 11
1.368854371165622
 21
1.727427544795074
  0
LINE
  5
297
100
AcDbEntity
  8
BLACK
  6
CONTINUOUS
 62
  256
370
   -1
100
AcDbLine
 10
2.130568465653812
 20
1.729396048732083
 11
2.197497599512079
 21
1.729396048732083
  0
LINE
  5
298
100
AcDbEntity
  8
BLACK
  6
CONTINUOUS
 62
  256
370
   -1
100
AcDbLine
 10
2.197497599512079
 20
1.729396048732083
 11
2.238836182189245
 21
1.729396048732083
  0
LINE
  5
299
100
AcDbEntity
  8
BLACK
  6
CONTINUOUS
 62
  256
370
   -1
100
AcDbLine
 10
2.238836182189245
 20
1.729396048732083
 11
2.239069410535701
 21
1.729349631409248
  0
LINE
  5
29A
100
AcDbEntity
  8
BLACK
  6
CONTINUOUS
 62
  256
370
   -1
100
AcDbLine
 10
2.239069410535701
 20
1.729349631409248
 11
2.239118583764048
 21
1.729354670779327
  0
LINE
  5
29B
100
AcDbEntity
  8
BLACK
  6
CONTINUOUS
 62
  256
370
   -1
100
AcDbLine
 10
2.239118583764048
 20
1.729354670779327
 11
2.239163268803418
 21
1.729330969991925
  0
LINE
  5
29C
100
AcDbEntity
  8
BLACK
  6
CONTINUOUS
 62
  256
370
   -1
100
AcDbLine
 10
2.239163268803418
 20
1.729330969991925
 11
2.239212835732552
 21
1.72932112747224
  0
LINE
  5
29D
100
AcDbEntity
  8
BLACK
  6
CONTINUOUS
 62
  256
370
   -1
100
AcDbLine
 10
2.239212835732552
 20
1.72932112747224
 11
2.239247717622316
 21
1.729286206212397
  0
LINE
  5
29E
100
AcDbEntity
  8
BLACK
  6
CONTINUOUS
 62
  256
370
   -1
100
AcDbLine
 10
2.239247717622316
 20
1.729286206212397
 11
2.239457914472709
 21
1.729174828259642
  0
LINE
  5
29F
100
AcDbEntity
  8
BLACK
  6
CONTINUOUS
 62
  256
370
   -1
100
AcDbLine
 10
2.239457914472709
 20
1.729174828259642
 11
2.345485631008142
 21
1.642781875503736
  0
LINE
  5
2A0
100
AcDbEntity
  8
BLACK
  6
CONTINUOUS
 62
  256
370
   -1
100
AcDbLine
 10
2.345485631008142
 20
1.642781875503736
 11
2.486867678252237
 21
1.642781875503736
  0
LINE
  5
2A1
100
AcDbEntity
  8
BLACK
  6
CONTINUOUS
 62
  256
370
   -1
100
AcDbLine
 10
2.486867678252237
 20
1.642781875503736
 11
2.486931654630189
 21
1.642769119598225
  0
LINE
  5
2A2
100
AcDbEntity
  8
BLACK
  6
CONTINUOUS
 62
  256
370
   -1
100
AcDbLine
 10
2.486931654630189
 20
1.642769119598225
 11
2.486996733370347
 21
1.642773371566729
  0
LINE
  5
2A3
100
AcDbEntity
  8
BLACK
  6
CONTINUOUS
 62
  256
370
   -1
100
AcDbLine
 10
2.486996733370347
 20
1.642773371566729
 11
2.513492756992394
 21
1.639269434558854
  0
LINE
  5
2A4
100
AcDbEntity
  8
BLACK
  6
CONTINUOUS
 62
  256
370
   -1
100
AcDbLine
 10
2.513492756992394
 20
1.639269434558854
 11
2.51361381998452
 21
1.639228214086414
  0
LINE
  5
2A5
100
AcDbEntity
  8
BLACK
  6
CONTINUOUS
 62
  256
370
   -1
100
AcDbLine
 10
2.51361381998452
 20
1.639228214086414
 11
2.513739528645938
 21
1.639203371566729
  0
LINE
  5
2A6
100
AcDbEntity
  8
BLACK
  6
CONTINUOUS
 62
  256
370
   -1
100
AcDbLine
 10
2.513739528645938
 20
1.639203371566729
 11
2.538424568016016
 21
1.629006521173028
  0
LINE
  5
2A7
100
AcDbEntity
  8
BLACK
  6
CONTINUOUS
 62
  256
370
   -1
100
AcDbLine
 10
2.538424568016016
 20
1.629006521173028
 11
2.538532638882158
 21
1.628934434558854
  0
LINE
  5
2A8
100
AcDbEntity
  8
BLACK
  6
CONTINUOUS
 62
  256
370
   -1
100
AcDbLine
 10
2.538532638882158
 20
1.628934434558854
 11
2.538649016834914
 21
1.628876875503736
  0
LINE
  5
2A9
100
AcDbEntity
  8
BLACK
  6
CONTINUOUS
 62
  256
370
   -1
100
AcDbLine
 10
2.538649016834914
 20
1.628876875503736
 11
2.559830119197119
 21
1.612577662905311
  0
LINE
  5
2AA
100
AcDbEntity
  8
BLACK
  6
CONTINUOUS
 62
  256
370
   -1
100
AcDbLine
 10
2.559830119197119
 20
1.612577662905311
 11
2.559913977464835
 21
1.612481718023421
  0
LINE
  5
2AB
100
AcDbEntity
  8
BLACK
  6
CONTINUOUS
 62
  256
370
   -1
100
AcDbLine
 10
2.559913977464835
 20
1.612481718023421
 11
2.560009922346725
 21
1.612397859755705
  0
LINE
  5
2AC
100
AcDbEntity
  8
BLACK
  6
CONTINUOUS
 62
  256
370
   -1
100
AcDbLine
 10
2.560009922346725
 20
1.612397859755705
 11
2.57630913494515
 21
1.5912167573935
  0
LINE
  5
2AD
100
AcDbEntity
  8
BLACK
  6
CONTINUOUS
 62
  256
370
   -1
100
AcDbLine
 10
2.57630913494515
 20
1.5912167573935
 11
2.576366733370347
 21
1.591100340070665
  0
LINE
  5
2AE
100
AcDbEntity
  8
BLACK
  6
CONTINUOUS
 62
  256
370
   -1
100
AcDbLine
 10
2.576366733370347
 20
1.591100340070665
 11
2.576438780614442
 21
1.590992308574603
  0
LINE
  5
2AF
100
AcDbEntity
  8
BLACK
  6
CONTINUOUS
 62
  256
370
   -1
100
AcDbLine
 10
2.576438780614442
 20
1.590992308574603
 11
2.586635631008142
 21
1.566307229834445
  0
LINE
  5
2B0
100
AcDbEntity
  8
BLACK
  6
CONTINUOUS
 62
  256
370
   -1
100
AcDbLine
 10
2.586635631008142
 20
1.566307229834445
 11
2.586660473527827
 21
1.566181678653343
  0
LINE
  5
2B1
100
AcDbEntity
  8
BLACK
  6
CONTINUOUS
 62
  256
370
   -1
100
AcDbLine
 10
2.586660473527827
 20
1.566181678653343
 11
2.586701694000269
 21
1.566060536921059
  0
LINE
  5
2B2
100
AcDbEntity
  8
BLACK
  6
CONTINUOUS
 62
  256
370
   -1
100
AcDbLine
 10
2.586701694000269
 20
1.566060536921059
 11
2.590205631008142
 21
1.539564473928933
  0
LINE
  5
2B3
100
AcDbEntity
  8
BLACK
  6
CONTINUOUS
 62
  256
370
   -1
100
AcDbLine
 10
2.590205631008142
 20
1.539564473928933
 11
2.590197245181371
 21
1.539435418810823
  0
LINE
  5
2B4
100
AcDbEntity
  8
BLACK
  6
CONTINUOUS
 62
  256
370
   -1
100
AcDbLine
 10
2.590197245181371
 20
1.539435418810823
 11
2.590205631008142
 21
1.539306363692713
  0
LINE
  5
2B5
100
AcDbEntity
  8
BLACK
  6
CONTINUOUS
 62
  256
370
   -1
100
AcDbLine
 10
2.590205631008142
 20
1.539306363692713
 11
2.586701694000269
 21
1.512810300700587
  0
LINE
  5
2B6
100
AcDbEntity
  8
BLACK
  6
CONTINUOUS
 62
  256
370
   -1
100
AcDbLine
 10
2.586701694000269
 20
1.512810300700587
 11
2.586660473527827
 21
1.512689158968303
  0
LINE
  5
2B7
100
AcDbEntity
  8
BLACK
  6
CONTINUOUS
 62
  256
370
   -1
100
AcDbLine
 10
2.586660473527827
 20
1.512689158968303
 11
2.586635631008142
 21
1.512563607787201
  0
LINE
  5
2B8
100
AcDbEntity
  8
BLACK
  6
CONTINUOUS
 62
  256
370
   -1
100
AcDbLine
 10
2.586635631008142
 20
1.512563607787201
 11
2.576438780614442
 21
1.487878529047043
  0
LINE
  5
2B9
100
AcDbEntity
  8
BLACK
  6
CONTINUOUS
 62
  256
370
   -1
100
AcDbLine
 10
2.576438780614442
 20
1.487878529047043
 11
2.576366733370347
 21
1.487770497550981
  0
LINE
  5
2BA
100
AcDbEntity
  8
BLACK
  6
CONTINUOUS
 62
  256
370
   -1
100
AcDbLine
 10
2.576366733370347
 20
1.487770497550981
 11
2.57630913494515
 21
1.487654080228146
  0
LINE
  5
2BB
100
AcDbEntity
  8
BLACK
  6
CONTINUOUS
 62
  256
370
   -1
100
AcDbLine
 10
2.57630913494515
 20
1.487654080228146
 11
2.560009922346725
 21
1.466472977865941
  0
LINE
  5
2BC
100
AcDbEntity
  8
BLACK
  6
CONTINUOUS
 62
  256
370
   -1
100
AcDbLine
 10
2.560009922346725
 20
1.466472977865941
 11
2.559913977464835
 21
1.466389119598225
  0
LINE
  5
2BD
100
AcDbEntity
  8
BLACK
  6
CONTINUOUS
 62
  256
370
   -1
100
AcDbLine
 10
2.559913977464835
 20
1.466389119598225
 11
2.559830119197119
 21
1.466293174716335
  0
LINE
  5
2BE
100
AcDbEntity
  8
BLACK
  6
CONTINUOUS
 62
  256
370
   -1
100
AcDbLine
 10
2.559830119197119
 20
1.466293174716335
 11
2.538649016834914
 21
1.44999396211791
  0
LINE
  5
2BF
100
AcDbEntity
  8
BLACK
  6
CONTINUOUS
 62
  256
370
   -1
100
AcDbLine
 10
2.538649016834914
 20
1.44999396211791
 11
2.538532638882158
 21
1.449936403062792
  0
LINE
  5
2C0
100
AcDbEntity
  8
BLACK
  6
CONTINUOUS
 62
  256
370
   -1
100
AcDbLine
 10
2.538532638882158
 20
1.449936403062792
 11
2.538424568016016
 21
1.449864316448618
  0
LINE
  5
2C1
100
AcDbEntity
  8
BLACK
  6
CONTINUOUS
 62
  256
370
   -1
100
AcDbLine
 10
2.538424568016016
 20
1.449864316448618
 11
2.513739528645938
 21
1.439667466054917
  0
LINE
  5
2C2
100
AcDbEntity
  8
BLACK
  6
CONTINUOUS
 62
  256
370
   -1
100
AcDbLine
 10
2.513739528645938
 20
1.439667466054917
 11
2.51361381998452
 21
1.439642623535232
  0
LINE
  5
2C3
100
AcDbEntity
  8
BLACK
  6
CONTINUOUS
 62
  256
370
   -1
100
AcDbLine
 10
2.51361381998452
 20
1.439642623535232
 11
2.513492756992394
 21
1.439601403062792
  0
LINE
  5
2C4
100
AcDbEntity
  8
BLACK
  6
CONTINUOUS
 62
  256
370
   -1
100
AcDbLine
 10
2.513492756992394
 20
1.439601403062792
 11
2.486996733370347
 21
1.436097466054918
  0
LINE
  5
2C5
100
AcDbEntity
  8
BLACK
  6
CONTINUOUS
 62
  256
370
   -1
100
AcDbLine
 10
2.486996733370347
 20
1.436097466054918
 11
2.486931654630189
 21
1.436101718023421
  0
LINE
  5
2C6
100
AcDbEntity
  8
BLACK
  6
CONTINUOUS
 62
  256
370
   -1
100
AcDbLine
 10
2.486931654630189
 20
1.436101718023421
 11
2.486867678252237
 21
1.43608896211791
  0
LINE
  5
2C7
100
AcDbEntity
  8
BLACK
  6
CONTINUOUS
 62
  256
370
   -1
100
AcDbLine
 10
2.486867678252237
 20
1.43608896211791
 11
2.313639331795544
 21
1.43608896211791
  0
LINE
  5
2C8
100
AcDbEntity
  8
BLACK
  6
CONTINUOUS
 62
  256
370
   -1
100
AcDbLine
 10
2.313639331795544
 20
1.43608896211791
 11
2.313406064079008
 21
1.436135379440744
  0
LINE
  5
2C9
100
AcDbEntity
  8
BLACK
  6
CONTINUOUS
 62
  256
370
   -1
100
AcDbLine
 10
2.313406064079008
 20
1.436135379440744
 11
2.313356930220741
 21
1.436130340070666
  0
LINE
  5
2CA
100
AcDbEntity
  8
BLACK
  6
CONTINUOUS
 62
  256
370
   -1
100
AcDbLine
 10
2.313356930220741
 20
1.436130340070666
 11
2.313312205811292
 21
1.436154040858067
  0
LINE
  5
2CB
100
AcDbEntity
  8
BLACK
  6
CONTINUOUS
 62
  256
370
   -1
100
AcDbLine
 10
2.313312205811292
 20
1.436154040858067
 11
2.313262678252237
 21
1.436163883377752
  0
LINE
  5
2CC
100
AcDbEntity
  8
BLACK
  6
CONTINUOUS
 62
  256
370
   -1
100
AcDbLine
 10
2.313262678252237
 20
1.436163883377752
 11
2.313227756992394
 21
1.436198804637595
  0
LINE
  5
2CD
100
AcDbEntity
  8
BLACK
  6
CONTINUOUS
 62
  256
370
   -1
100
AcDbLine
 10
2.313227756992394
 20
1.436198804637595
 11
2.313017599512079
 21
1.436310182590351
  0
LINE
  5
2CE
100
AcDbEntity
  8
BLACK
  6
CONTINUOUS
 62
  256
370
   -1
100
AcDbLine
 10
2.313017599512079
 20
1.436310182590351
 11
2.206989882976646
 21
1.522703135346256
  0
LINE
  5
2CF
100
AcDbEntity
  8
BLACK
  6
CONTINUOUS
 62
  256
370
   -1
100
AcDbLine
 10
2.206989882976646
 20
1.522703135346256
 11
2.077418859354599
 21
1.522703135346256
  0
LINE
  5
2D0
100
AcDbEntity
  8
BLACK
  6
CONTINUOUS
 62
  256
370
   -1
100
AcDbLine
 10
2.077418859354599
 20
1.522703135346256
 11
2.077323701874284
 21
1.52272207235413
  0
LINE
  5
2D1
100
AcDbEntity
  8
BLACK
  6
CONTINUOUS
 62
  256
370
   -1
100
AcDbLine
 10
2.077323701874284
 20
1.52272207235413
 11
2.077226772740426
 21
1.52272207235413
  0
LINE
  5
2D2
100
AcDbEntity
  8
BLACK
  6
CONTINUOUS
 62
  256
370
   -1
100
AcDbLine
 10
2.077226772740426
 20
1.52272207235413
 11
2.038053544393969
 21
1.530517347944681
  0
LINE
  5
2D3
100
AcDbEntity
  8
BLACK
  6
CONTINUOUS
 62
  256
370
   -1
100
AcDbLine
 10
2.038053544393969
 20
1.530517347944681
 11
2.038053229433339
 21
1.530517505424996
  0
LINE
  5
2D4
100
AcDbEntity
  8
BLACK
  6
CONTINUOUS
 62
  256
370
   -1
100
AcDbLine
 10
2.038053229433339
 20
1.530517505424996
 11
2.038053032582945
 21
1.530517426684839
  0
LINE
  5
2D5
100
AcDbEntity
  8
BLACK
  6
CONTINUOUS
 62
  256
370
   -1
100
AcDbLine
 10
2.038053032582945
 20
1.530517426684839
 11
2.037860709748299
 21
1.530597229834445
  0
LINE
  5
2D6
100
AcDbEntity
  8
BLACK
  6
CONTINUOUS
 62
  256
370
   -1
100
AcDbLine
 10
2.037860709748299
 20
1.530597229834445
 11
2.037698741244363
 21
1.530664316448618
  0
LINE
  5
2D7
100
AcDbEntity
  8
BLACK
  6
CONTINUOUS
 62
  256
370
   -1
100
AcDbLine
 10
2.037698741244363
 20
1.530664316448618
 11
2.037698623134126
 21
1.530664473928933
  0
LINE
  5
2D8
100
AcDbEntity
  8
BLACK
  6
CONTINUOUS
 62
  256
370
   -1
100
AcDbLine
 10
2.037698623134126
 20
1.530664473928933
 11
2.037698347543575
 21
1.530664592039169
  0
LINE
  5
2D9
100
AcDbEntity
  8
BLACK
  6
CONTINUOUS
 62
  256
370
   -1
100
AcDbLine
 10
2.037698347543575
 20
1.530664592039169
 11
2.004509331795544
 21
1.552869355818697
  0
LINE
  5
2DA
100
AcDbEntity
  8
BLACK
  6
CONTINUOUS
 62
  256
370
   -1
100
AcDbLine
 10
2.004509331795544
 20
1.552869355818697
 11
2.004374016834914
 21
1.553004749519484
  0
LINE
  5
2DB
100
AcDbEntity
  8
BLACK
  6
CONTINUOUS
 62
  256
370
   -1
100
AcDbLine
 10
2.004374016834914
 20
1.553004749519484
 11
2.004238623134126
 21
1.553140064480115
  0
LINE
  5
2DC
100
AcDbEntity
  8
BLACK
  6
CONTINUOUS
 62
  256
370
   -1
100
AcDbLine
 10
2.004238623134126
 20
1.553140064480115
 11
1.982033898724678
 21
1.586329040858067
  0
LINE
  5
2DD
100
AcDbEntity
  8
BLACK
  6
CONTINUOUS
 62
  256
370
   -1
100
AcDbLine
 10
1.982033898724678
 20
1.586329040858067
 11
1.982033741244363
 21
1.586329316448618
  0
LINE
  5
2DE
100
AcDbEntity
  8
BLACK
  6
CONTINUOUS
 62
  256
370
   -1
100
AcDbLine
 10
1.982033741244363
 20
1.586329316448618
 11
1.982033583764048
 21
1.586329473928933
  0
LINE
  5
2DF
100
AcDbEntity
  8
BLACK
  6
CONTINUOUS
 62
  256
370
   -1
100
AcDbLine
 10
1.982033583764048
 20
1.586329473928933
 11
1.981959646756174
 21
1.586507899125784
  0
LINE
  5
2E0
100
AcDbEntity
  8
BLACK
  6
CONTINUOUS
 62
  256
370
   -1
100
AcDbLine
 10
1.981959646756174
 20
1.586507899125784
 11
1.981886694000268
 21
1.586683765267516
  0
LINE
  5
2E1
100
AcDbEntity
  8
BLACK
  6
CONTINUOUS
 62
  256
370
   -1
100
AcDbLine
 10
1.981886694000268
 20
1.586683765267516
 11
1.981886733370347
 21
1.58668396211791
  0
LINE
  5
2E2
100
AcDbEntity
  8
BLACK
  6
CONTINUOUS
 62
  256
370
   -1
100
AcDbLine
 10
1.981886733370347
 20
1.58668396211791
 11
1.981886615260111
 21
1.58668427707854
  0
LINE
  5
2E3
100
AcDbEntity
  8
BLACK
  6
CONTINUOUS
 62
  256
370
   -1
100
AcDbLine
 10
1.981886615260111
 20
1.58668427707854
 11
1.97409133966956
 21
1.625857505424996
  0
LINE
  5
2E4
100
AcDbEntity
  8
BLACK
  6
CONTINUOUS
 62
  256
370
   -1
100
AcDbLine
 10
1.97409133966956
 20
1.625857505424996
 11
1.974091300299481
 21
1.625857584165154
  0
LINE
  5
2E5
100
AcDbEntity
  8
BLACK
  6
CONTINUOUS
 62
  256
370
   -1
100
AcDbLine
 10
1.974091300299481
 20
1.625857584165154
 11
1.974091300299481
 21
1.625857662905311
  0
LINE
  5
2E6
100
AcDbEntity
  8
BLACK
  6
CONTINUOUS
 62
  256
370
   -1
100
AcDbLine
 10
1.974091300299481
 20
1.625857662905311
 11
1.974091300299481
 21
1.626049592039169
  0
LINE
  5
2E7
100
AcDbEntity
  8
BLACK
  6
CONTINUOUS
 62
  256
370
   -1
100
AcDbLine
 10
1.974091300299481
 20
1.626049592039169
 11
1.974091300299481
 21
1.626241521173028
  0
LINE
  5
2E8
100
AcDbEntity
  8
BLACK
  6
CONTINUOUS
 62
  256
370
   -1
100
AcDbLine
 10
1.974091300299481
 20
1.626241521173028
 11
1.974091300299481
 21
1.626241560543106
  0
LINE
  5
2E9
100
AcDbEntity
  8
BLACK
  6
CONTINUOUS
 62
  256
370
   -1
100
AcDbLine
 10
1.974091300299481
 20
1.626241560543106
 11
1.97409133966956
 21
1.626241678653343
  0
LINE
  5
2EA
100
AcDbEntity
  8
BLACK
  6
CONTINUOUS
 62
  256
370
   -1
100
AcDbLine
 10
1.97409133966956
 20
1.626241678653343
 11
1.981886615260111
 21
1.665414906999799
  0
LINE
  5
2EB
100
AcDbEntity
  8
BLACK
  6
CONTINUOUS
 62
  256
370
   -1
100
AcDbLine
 10
1.981886615260111
 20
1.665414906999799
 11
1.981886733370347
 21
1.665415182590351
  0
LINE
  5
2EC
100
AcDbEntity
  8
BLACK
  6
CONTINUOUS
 62
  256
370
   -1
100
AcDbLine
 10
1.981886733370347
 20
1.665415182590351
 11
1.981886694000268
 21
1.665415418810823
  0
LINE
  5
2ED
100
AcDbEntity
  8
BLACK
  6
CONTINUOUS
 62
  256
370
   -1
100
AcDbLine
 10
1.981886694000268
 20
1.665415418810823
 11
1.981959646756174
 21
1.665591245582477
  0
LINE
  5
2EE
100
AcDbEntity
  8
BLACK
  6
CONTINUOUS
 62
  256
370
   -1
100
AcDbLine
 10
1.981959646756174
 20
1.665591245582477
 11
1.982033583764048
 21
1.665769710149406
  0
LINE
  5
2EF
100
AcDbEntity
  8
BLACK
  6
CONTINUOUS
 62
  256
370
   -1
100
AcDbLine
 10
1.982033583764048
 20
1.665769710149406
 11
1.982033741244363
 21
1.665769828259642
  0
LINE
  5
2F0
100
AcDbEntity
  8
BLACK
  6
CONTINUOUS
 62
  256
370
   -1
100
AcDbLine
 10
1.982033741244363
 20
1.665769828259642
 11
1.982033898724678
 21
1.665770143220272
  0
LINE
  5
2F1
100
AcDbEntity
  8
BLACK
  6
CONTINUOUS
 62
  256
370
   -1
100
AcDbLine
 10
1.982033898724678
 20
1.665770143220272
 11
2.004238623134126
 21
1.698959119598224
  0
LINE
  5
2F2
100
AcDbEntity
  8
BLACK
  6
CONTINUOUS
 62
  256
370
   -1
100
AcDbLine
 10
2.004238623134126
 20
1.698959119598224
 11
2.004374016834914
 21
1.699094395188776
  0
LINE
  5
2F3
100
AcDbEntity
  8
BLACK
  6
CONTINUOUS
 62
  256
370
   -1
100
AcDbLine
 10
2.004374016834914
 20
1.699094395188776
 11
2.004509331795544
 21
1.699229828259642
  0
LINE
  5
2F4
100
AcDbEntity
  8
BLACK
  6
CONTINUOUS
 62
  256
370
   -1
100
AcDbLine
 10
2.004509331795544
 20
1.699229828259642
 11
2.037698347543575
 21
1.721434592039169
  0
LINE
  5
2F5
100
AcDbEntity
  8
BLACK
  6
CONTINUOUS
 62
  256
370
   -1
100
AcDbLine
 10
2.037698347543575
 20
1.721434592039169
 11
2.037698623134126
 21
1.721434710149405
  0
LINE
  5
2F6
100
AcDbEntity
  8
BLACK
  6
CONTINUOUS
 62
  256
370
   -1
100
AcDbLine
 10
2.037698623134126
 20
1.721434710149405
 11
2.037698741244363
 21
1.72143486762972
  0
LINE
  5
2F7
100
AcDbEntity
  8
BLACK
  6
CONTINUOUS
 62
  256
370
   -1
100
AcDbLine
 10
2.037698741244363
 20
1.72143486762972
 11
2.037860709748299
 21
1.721501954243894
  0
LINE
  5
2F8
100
AcDbEntity
  8
BLACK
  6
CONTINUOUS
 62
  256
370
   -1
100
AcDbLine
 10
2.037860709748299
 20
1.721501954243894
 11
2.038053032582945
 21
1.7215817573935
  0
LINE
  5
2F9
100
AcDbEntity
  8
BLACK
  6
CONTINUOUS
 62
  256
370
   -1
100
AcDbLine
 10
2.038053032582945
 20
1.7215817573935
 11
2.038053229433339
 21
1.721581678653343
  0
LINE
  5
2FA
100
AcDbEntity
  8
BLACK
  6
CONTINUOUS
 62
  256
370
   -1
100
AcDbLine
 10
2.038053229433339
 20
1.721581678653343
 11
2.038053544393969
 21
1.721581836133657
  0
LINE
  5
2FB
100
AcDbEntity
  8
BLACK
  6
CONTINUOUS
 62
  256
370
   -1
100
AcDbLine
 10
2.038053544393969
 20
1.721581836133657
 11
2.077226772740426
 21
1.729377111724209
  0
LINE
  5
2FC
100
AcDbEntity
  8
BLACK
  6
CONTINUOUS
 62
  256
370
   -1
100
AcDbLine
 10
2.077226772740426
 20
1.729377111724209
 11
2.077323701874284
 21
1.729377111724209
  0
LINE
  5
2FD
100
AcDbEntity
  8
BLACK
  6
CONTINUOUS
 62
  256
370
   -1
100
AcDbLine
 10
2.077323701874284
 20
1.729377111724209
 11
2.077418859354599
 21
1.729396048732083
  0
LINE
  5
2FE
100
AcDbEntity
  8
BLACK
  6
CONTINUOUS
 62
  256
370
   -1
100
AcDbLine
 10
2.077418859354599
 20
1.729396048732083
 11
2.130568465653812
 21
1.729396048732083
  0
LINE
  5
2FF
100
AcDbEntity
  8
BLACK
  6
CONTINUOUS
 62
  256
370
   -1
100
AcDbLine
 10
2.077515788488457
 20
1.727427544795074
 11
2.038630001086883
 21
1.719689434558854
  0
LINE
  5
300
100
AcDbEntity
  8
BLACK
  6
CONTINUOUS
 62
  256
370
   -1
100
AcDbLine
 10
2.038630001086883
 20
1.719689434558854
 11
2.005766182189245
 21
1.697702269204523
  0
LINE
  5
301
100
AcDbEntity
  8
BLACK
  6
CONTINUOUS
 62
  256
370
   -1
100
AcDbLine
 10
2.005766182189245
 20
1.697702269204523
 11
1.983778977464835
 21
1.664838410936807
  0
LINE
  5
302
100
AcDbEntity
  8
BLACK
  6
CONTINUOUS
 62
  256
370
   -1
100
AcDbLine
 10
1.983778977464835
 20
1.664838410936807
 11
1.976060158567197
 21
1.626049592039169
  0
LINE
  5
303
100
AcDbEntity
  8
BLACK
  6
CONTINUOUS
 62
  256
370
   -1
100
AcDbLine
 10
1.976060158567197
 20
1.626049592039169
 11
1.983778977464835
 21
1.587260733771453
  0
LINE
  5
304
100
AcDbEntity
  8
BLACK
  6
CONTINUOUS
 62
  256
370
   -1
100
AcDbLine
 10
1.983778977464835
 20
1.587260733771453
 11
2.005766182189245
 21
1.554396875503736
  0
LINE
  5
305
100
AcDbEntity
  8
BLACK
  6
CONTINUOUS
 62
  256
370
   -1
100
AcDbLine
 10
2.005766182189245
 20
1.554396875503736
 11
2.038630001086883
 21
1.532409749519485
  0
LINE
  5
306
100
AcDbEntity
  8
BLACK
  6
CONTINUOUS
 62
  256
370
   -1
100
AcDbLine
 10
2.038630001086883
 20
1.532409749519485
 11
2.077515788488457
 21
1.524671639283264
  0
LINE
  5
307
100
AcDbEntity
  8
BLACK
  6
CONTINUOUS
 62
  256
370
   -1
100
AcDbLine
 10
2.077515788488457
 20
1.524671639283264
 11
2.207340119197119
 21
1.524671639283264
  0
LINE
  5
308
100
AcDbEntity
  8
BLACK
  6
CONTINUOUS
 62
  256
370
   -1
100
AcDbLine
 10
2.207340119197119
 20
1.524671639283264
 11
2.207573347543575
 21
1.524625261330508
  0
LINE
  5
309
100
AcDbEntity
  8
BLACK
  6
CONTINUOUS
 62
  256
370
   -1
100
AcDbLine
 10
2.207573347543575
 20
1.524625261330508
 11
2.207622520771922
 21
1.524630261330508
  0
LINE
  5
30A
100
AcDbEntity
  8
BLACK
  6
CONTINUOUS
 62
  256
370
   -1
100
AcDbLine
 10
2.207622520771922
 20
1.524630261330508
 11
2.207667205811292
 21
1.524606599913185
  0
LINE
  5
30B
100
AcDbEntity
  8
BLACK
  6
CONTINUOUS
 62
  256
370
   -1
100
AcDbLine
 10
2.207667205811292
 20
1.524606599913185
 11
2.207716772740426
 21
1.524596718023421
  0
LINE
  5
30C
100
AcDbEntity
  8
BLACK
  6
CONTINUOUS
 62
  256
370
   -1
100
AcDbLine
 10
2.207716772740426
 20
1.524596718023421
 11
2.20775165463019
 21
1.524561836133658
  0
LINE
  5
30D
100
AcDbEntity
  8
BLACK
  6
CONTINUOUS
 62
  256
370
   -1
100
AcDbLine
 10
2.20775165463019
 20
1.524561836133658
 11
2.207961851480583
 21
1.524450418810823
  0
LINE
  5
30E
100
AcDbEntity
  8
BLACK
  6
CONTINUOUS
 62
  256
370
   -1
100
AcDbLine
 10
2.207961851480583
 20
1.524450418810823
 11
2.313989568016016
 21
1.438057466054917
  0
LINE
  5
30F
100
AcDbEntity
  8
BLACK
  6
CONTINUOUS
 62
  256
370
   -1
100
AcDbLine
 10
2.313989568016016
 20
1.438057466054917
 11
2.486802914472709
 21
1.438057466054917
  0
LINE
  5
310
100
AcDbEntity
  8
BLACK
  6
CONTINUOUS
 62
  256
370
   -1
100
AcDbLine
 10
2.486802914472709
 20
1.438057466054917
 11
2.51310696959082
 21
1.441536048732083
  0
LINE
  5
311
100
AcDbEntity
  8
BLACK
  6
CONTINUOUS
 62
  256
370
   -1
100
AcDbLine
 10
2.51310696959082
 20
1.441536048732083
 11
2.537552087701056
 21
1.451633765267516
  0
LINE
  5
312
100
AcDbEntity
  8
BLACK
  6
CONTINUOUS
 62
  256
370
   -1
100
AcDbLine
 10
2.537552087701056
 20
1.451633765267516
 11
2.558528032582945
 21
1.467775064480114
  0
LINE
  5
313
100
AcDbEntity
  8
BLACK
  6
CONTINUOUS
 62
  256
370
   -1
100
AcDbLine
 10
2.558528032582945
 20
1.467775064480114
 11
2.574669292425465
 21
1.488750969991925
  0
LINE
  5
314
100
AcDbEntity
  8
BLACK
  6
CONTINUOUS
 62
  256
370
   -1
100
AcDbLine
 10
2.574669292425465
 20
1.488750969991925
 11
2.584767048330977
 21
1.513196127472241
  0
LINE
  5
315
100
AcDbEntity
  8
BLACK
  6
CONTINUOUS
 62
  256
370
   -1
100
AcDbLine
 10
2.584767048330977
 20
1.513196127472241
 11
2.588237048330977
 21
1.539435418810823
  0
LINE
  5
316
100
AcDbEntity
  8
BLACK
  6
CONTINUOUS
 62
  256
370
   -1
100
AcDbLine
 10
2.588237048330977
 20
1.539435418810823
 11
2.584767048330977
 21
1.565674710149406
  0
LINE
  5
317
100
AcDbEntity
  8
BLACK
  6
CONTINUOUS
 62
  256
370
   -1
100
AcDbLine
 10
2.584767048330977
 20
1.565674710149406
 11
2.574669292425465
 21
1.590119867629721
  0
LINE
  5
318
100
AcDbEntity
  8
BLACK
  6
CONTINUOUS
 62
  256
370
   -1
100
AcDbLine
 10
2.574669292425465
 20
1.590119867629721
 11
2.558528032582945
 21
1.611095773141532
  0
LINE
  5
319
100
AcDbEntity
  8
BLACK
  6
CONTINUOUS
 62
  256
370
   -1
100
AcDbLine
 10
2.558528032582945
 20
1.611095773141532
 11
2.537552087701056
 21
1.62723707235413
  0
LINE
  5
31A
100
AcDbEntity
  8
BLACK
  6
CONTINUOUS
 62
  256
370
   -1
100
AcDbLine
 10
2.537552087701056
 20
1.62723707235413
 11
2.51310696959082
 21
1.637334788889563
  0
LINE
  5
31B
100
AcDbEntity
  8
BLACK
  6
CONTINUOUS
 62
  256
370
   -1
100
AcDbLine
 10
2.51310696959082
 20
1.637334788889563
 11
2.486802914472709
 21
1.640813371566729
  0
LINE
  5
31C
100
AcDbEntity
  8
BLACK
  6
CONTINUOUS
 62
  256
370
   -1
100
AcDbLine
 10
2.486802914472709
 20
1.640813371566729
 11
2.34513539478767
 21
1.640813371566729
  0
LINE
  5
31D
100
AcDbEntity
  8
BLACK
  6
CONTINUOUS
 62
  256
370
   -1
100
AcDbLine
 10
2.34513539478767
 20
1.640813371566729
 11
2.344902127071134
 21
1.640859749519485
  0
LINE
  5
31E
100
AcDbEntity
  8
BLACK
  6
CONTINUOUS
 62
  256
370
   -1
100
AcDbLine
 10
2.344902127071134
 20
1.640859749519485
 11
2.344852993212867
 21
1.640854749519484
  0
LINE
  5
31F
100
AcDbEntity
  8
BLACK
  6
CONTINUOUS
 62
  256
370
   -1
100
AcDbLine
 10
2.344852993212867
 20
1.640854749519484
 11
2.344808268803418
 21
1.640878410936807
  0
LINE
  5
320
100
AcDbEntity
  8
BLACK
  6
CONTINUOUS
 62
  256
370
   -1
100
AcDbLine
 10
2.344808268803418
 20
1.640878410936807
 11
2.344758741244362
 21
1.640888292826571
  0
LINE
  5
321
100
AcDbEntity
  8
BLACK
  6
CONTINUOUS
 62
  256
370
   -1
100
AcDbLine
 10
2.344758741244362
 20
1.640888292826571
 11
2.34472381998452
 21
1.640923174716335
  0
LINE
  5
322
100
AcDbEntity
  8
BLACK
  6
CONTINUOUS
 62
  256
370
   -1
100
AcDbLine
 10
2.34472381998452
 20
1.640923174716335
 11
2.344513662504205
 21
1.64103459203917
  0
LINE
  5
323
100
AcDbEntity
  8
BLACK
  6
CONTINUOUS
 62
  256
370
   -1
100
AcDbLine
 10
2.344513662504205
 20
1.64103459203917
 11
2.238485945968772
 21
1.727427544795074
  0
LINE
  5
324
100
AcDbEntity
  8
BLACK
  6
CONTINUOUS
 62
  256
370
   -1
100
AcDbLine
 10
2.238485945968772
 20
1.727427544795074
 11
2.197497599512079
 21
1.727427544795074
  0
LINE
  5
325
100
AcDbEntity
  8
BLACK
  6
CONTINUOUS
 62
  256
370
   -1
100
AcDbLine
 10
2.197497599512079
 20
1.727427544795074
 11
2.130568465653812
 21
1.727427544795074
  0
LINE
  5
326
100
AcDbEntity
  8
BLACK
  6
CONTINUOUS
 62
  256
370
   -1
100
AcDbLine
 10
2.130568465653812
 20
1.727427544795074
 11
2.077515788488457
 21
1.727427544795074
  0
LINE
  5
327
100
AcDbEntity
  8
BLACK
  6
CONTINUOUS
 62
  256
370
   -1
100
AcDbLine
 10
2.839229882976646
 20
1.729396048732083
 11
2.906159016834914
 21
1.729396048732083
  0
LINE
  5
328
100
AcDbEntity
  8
BLACK
  6
CONTINUOUS
 62
  256
370
   -1
100
AcDbLine
 10
2.906159016834914
 20
1.729396048732083
 11
2.947497599512079
 21
1.729396048732083
  0
LINE
  5
329
100
AcDbEntity
  8
BLACK
  6
CONTINUOUS
 62
  256
370
   -1
100
AcDbLine
 10
2.947497599512079
 20
1.729396048732083
 11
2.947730827858536
 21
1.729349631409248
  0
LINE
  5
32A
100
AcDbEntity
  8
BLACK
  6
CONTINUOUS
 62
  256
370
   -1
100
AcDbLine
 10
2.947730827858536
 20
1.729349631409248
 11
2.947780001086882
 21
1.729354670779327
  0
LINE
  5
32B
100
AcDbEntity
  8
BLACK
  6
CONTINUOUS
 62
  256
370
   -1
100
AcDbLine
 10
2.947780001086882
 20
1.729354670779327
 11
2.947824686126252
 21
1.729330969991925
  0
LINE
  5
32C
100
AcDbEntity
  8
BLACK
  6
CONTINUOUS
 62
  256
370
   -1
100
AcDbLine
 10
2.947824686126252
 20
1.729330969991925
 11
2.947874253055386
 21
1.72932112747224
  0
LINE
  5
32D
100
AcDbEntity
  8
BLACK
  6
CONTINUOUS
 62
  256
370
   -1
100
AcDbLine
 10
2.947874253055386
 20
1.72932112747224
 11
2.94790913494515
 21
1.729286206212397
  0
LINE
  5
32E
100
AcDbEntity
  8
BLACK
  6
CONTINUOUS
 62
  256
370
   -1
100
AcDbLine
 10
2.94790913494515
 20
1.729286206212397
 11
2.948119331795544
 21
1.729174828259642
  0
LINE
  5
32F
100
AcDbEntity
  8
BLACK
  6
CONTINUOUS
 62
  256
370
   -1
100
AcDbLine
 10
2.948119331795544
 20
1.729174828259642
 11
3.054147048330977
 21
1.642781875503736
  0
LINE
  5
330
100
AcDbEntity
  8
BLACK
  6
CONTINUOUS
 62
  256
370
   -1
100
AcDbLine
 10
3.054147048330977
 20
1.642781875503736
 11
3.195529095575071
 21
1.642781875503736
  0
LINE
  5
331
100
AcDbEntity
  8
BLACK
  6
CONTINUOUS
 62
  256
370
   -1
100
AcDbLine
 10
3.195529095575071
 20
1.642781875503736
 11
3.195593071953024
 21
1.642769119598225
  0
LINE
  5
332
100
AcDbEntity
  8
BLACK
  6
CONTINUOUS
 62
  256
370
   -1
100
AcDbLine
 10
3.195593071953024
 20
1.642769119598225
 11
3.195658150693182
 21
1.642773371566729
  0
LINE
  5
333
100
AcDbEntity
  8
BLACK
  6
CONTINUOUS
 62
  256
370
   -1
100
AcDbLine
 10
3.195658150693182
 20
1.642773371566729
 11
3.222154174315229
 21
1.639269434558854
  0
LINE
  5
334
100
AcDbEntity
  8
BLACK
  6
CONTINUOUS
 62
  256
370
   -1
100
AcDbLine
 10
3.222154174315229
 20
1.639269434558854
 11
3.222275237307355
 21
1.639228214086414
  0
LINE
  5
335
100
AcDbEntity
  8
BLACK
  6
CONTINUOUS
 62
  256
370
   -1
100
AcDbLine
 10
3.222275237307355
 20
1.639228214086414
 11
3.222400945968772
 21
1.639203371566729
  0
LINE
  5
336
100
AcDbEntity
  8
BLACK
  6
CONTINUOUS
 62
  256
370
   -1
100
AcDbLine
 10
3.222400945968772
 20
1.639203371566729
 11
3.247085985338851
 21
1.629006521173028
  0
LINE
  5
337
100
AcDbEntity
  8
BLACK
  6
CONTINUOUS
 62
  256
370
   -1
100
AcDbLine
 10
3.247085985338851
 20
1.629006521173028
 11
3.247194056204993
 21
1.628934434558854
  0
LINE
  5
338
100
AcDbEntity
  8
BLACK
  6
CONTINUOUS
 62
  256
370
   -1
100
AcDbLine
 10
3.247194056204993
 20
1.628934434558854
 11
3.247310434157749
 21
1.628876875503736
  0
LINE
  5
339
100
AcDbEntity
  8
BLACK
  6
CONTINUOUS
 62
  256
370
   -1
100
AcDbLine
 10
3.247310434157749
 20
1.628876875503736
 11
3.268491536519953
 21
1.612577662905311
  0
LINE
  5
33A
100
AcDbEntity
  8
BLACK
  6
CONTINUOUS
 62
  256
370
   -1
100
AcDbLine
 10
3.268491536519953
 20
1.612577662905311
 11
3.26857539478767
 21
1.612481718023421
  0
LINE
  5
33B
100
AcDbEntity
  8
BLACK
  6
CONTINUOUS
 62
  256
370
   -1
100
AcDbLine
 10
3.26857539478767
 20
1.612481718023421
 11
3.268671339669559
 21
1.612397859755705
  0
LINE
  5
33C
100
AcDbEntity
  8
BLACK
  6
CONTINUOUS
 62
  256
370
   -1
100
AcDbLine
 10
3.268671339669559
 20
1.612397859755705
 11
3.284970552267985
 21
1.5912167573935
  0
LINE
  5
33D
100
AcDbEntity
  8
BLACK
  6
CONTINUOUS
 62
  256
370
   -1
100
AcDbLine
 10
3.284970552267985
 20
1.5912167573935
 11
3.285028150693182
 21
1.591100340070665
  0
LINE
  5
33E
100
AcDbEntity
  8
BLACK
  6
CONTINUOUS
 62
  256
370
   -1
100
AcDbLine
 10
3.285028150693182
 20
1.591100340070665
 11
3.285100197937276
 21
1.590992308574603
  0
LINE
  5
33F
100
AcDbEntity
  8
BLACK
  6
CONTINUOUS
 62
  256
370
   -1
100
AcDbLine
 10
3.285100197937276
 20
1.590992308574603
 11
3.295297048330977
 21
1.566307229834445
  0
LINE
  5
340
100
AcDbEntity
  8
BLACK
  6
CONTINUOUS
 62
  256
370
   -1
100
AcDbLine
 10
3.295297048330977
 20
1.566307229834445
 11
3.295321890850662
 21
1.566181678653343
  0
LINE
  5
341
100
AcDbEntity
  8
BLACK
  6
CONTINUOUS
 62
  256
370
   -1
100
AcDbLine
 10
3.295321890850662
 20
1.566181678653343
 11
3.295363111323103
 21
1.566060536921059
  0
LINE
  5
342
100
AcDbEntity
  8
BLACK
  6
CONTINUOUS
 62
  256
370
   -1
100
AcDbLine
 10
3.295363111323103
 20
1.566060536921059
 11
3.298867048330977
 21
1.539564473928933
  0
LINE
  5
343
100
AcDbEntity
  8
BLACK
  6
CONTINUOUS
 62
  256
370
   -1
100
AcDbLine
 10
3.298867048330977
 20
1.539564473928933
 11
3.298858662504205
 21
1.539435418810823
  0
LINE
  5
344
100
AcDbEntity
  8
BLACK
  6
CONTINUOUS
 62
  256
370
   -1
100
AcDbLine
 10
3.298858662504205
 20
1.539435418810823
 11
3.298867048330977
 21
1.539306363692713
  0
LINE
  5
345
100
AcDbEntity
  8
BLACK
  6
CONTINUOUS
 62
  256
370
   -1
100
AcDbLine
 10
3.298867048330977
 20
1.539306363692713
 11
3.295363111323103
 21
1.512810300700587
  0
LINE
  5
346
100
AcDbEntity
  8
BLACK
  6
CONTINUOUS
 62
  256
370
   -1
100
AcDbLine
 10
3.295363111323103
 20
1.512810300700587
 11
3.295321890850662
 21
1.512689158968303
  0
LINE
  5
347
100
AcDbEntity
  8
BLACK
  6
CONTINUOUS
 62
  256
370
   -1
100
AcDbLine
 10
3.295321890850662
 20
1.512689158968303
 11
3.295297048330977
 21
1.512563607787201
  0
LINE
  5
348
100
AcDbEntity
  8
BLACK
  6
CONTINUOUS
 62
  256
370
   -1
100
AcDbLine
 10
3.295297048330977
 20
1.512563607787201
 11
3.285100197937276
 21
1.487878529047043
  0
LINE
  5
349
100
AcDbEntity
  8
BLACK
  6
CONTINUOUS
 62
  256
370
   -1
100
AcDbLine
 10
3.285100197937276
 20
1.487878529047043
 11
3.285028150693182
 21
1.487770497550981
  0
LINE
  5
34A
100
AcDbEntity
  8
BLACK
  6
CONTINUOUS
 62
  256
370
   -1
100
AcDbLine
 10
3.285028150693182
 20
1.487770497550981
 11
3.284970552267985
 21
1.487654080228146
  0
LINE
  5
34B
100
AcDbEntity
  8
BLACK
  6
CONTINUOUS
 62
  256
370
   -1
100
AcDbLine
 10
3.284970552267985
 20
1.487654080228146
 11
3.268671339669559
 21
1.466472977865941
  0
LINE
  5
34C
100
AcDbEntity
  8
BLACK
  6
CONTINUOUS
 62
  256
370
   -1
100
AcDbLine
 10
3.268671339669559
 20
1.466472977865941
 11
3.26857539478767
 21
1.466389119598225
  0
LINE
  5
34D
100
AcDbEntity
  8
BLACK
  6
CONTINUOUS
 62
  256
370
   -1
100
AcDbLine
 10
3.26857539478767
 20
1.466389119598225
 11
3.268491536519953
 21
1.466293174716335
  0
LINE
  5
34E
100
AcDbEntity
  8
BLACK
  6
CONTINUOUS
 62
  256
370
   -1
100
AcDbLine
 10
3.268491536519953
 20
1.466293174716335
 11
3.247310434157749
 21
1.44999396211791
  0
LINE
  5
34F
100
AcDbEntity
  8
BLACK
  6
CONTINUOUS
 62
  256
370
   -1
100
AcDbLine
 10
3.247310434157749
 20
1.44999396211791
 11
3.247194056204993
 21
1.449936403062792
  0
LINE
  5
350
100
AcDbEntity
  8
BLACK
  6
CONTINUOUS
 62
  256
370
   -1
100
AcDbLine
 10
3.247194056204993
 20
1.449936403062792
 11
3.247085985338851
 21
1.449864316448618
  0
LINE
  5
351
100
AcDbEntity
  8
BLACK
  6
CONTINUOUS
 62
  256
370
   -1
100
AcDbLine
 10
3.247085985338851
 20
1.449864316448618
 11
3.222400945968772
 21
1.439667466054917
  0
LINE
  5
352
100
AcDbEntity
  8
BLACK
  6
CONTINUOUS
 62
  256
370
   -1
100
AcDbLine
 10
3.222400945968772
 20
1.439667466054917
 11
3.222275237307355
 21
1.439642623535232
  0
LINE
  5
353
100
AcDbEntity
  8
BLACK
  6
CONTINUOUS
 62
  256
370
   -1
100
AcDbLine
 10
3.222275237307355
 20
1.439642623535232
 11
3.222154174315229
 21
1.439601403062792
  0
LINE
  5
354
100
AcDbEntity
  8
BLACK
  6
CONTINUOUS
 62
  256
370
   -1
100
AcDbLine
 10
3.222154174315229
 20
1.439601403062792
 11
3.195658150693182
 21
1.436097466054918
  0
LINE
  5
355
100
AcDbEntity
  8
BLACK
  6
CONTINUOUS
 62
  256
370
   -1
100
AcDbLine
 10
3.195658150693182
 20
1.436097466054918
 11
3.195593071953024
 21
1.436101718023421
  0
LINE
  5
356
100
AcDbEntity
  8
BLACK
  6
CONTINUOUS
 62
  256
370
   -1
100
AcDbLine
 10
3.195593071953024
 20
1.436101718023421
 11
3.195529095575071
 21
1.43608896211791
  0
LINE
  5
357
100
AcDbEntity
  8
BLACK
  6
CONTINUOUS
 62
  256
370
   -1
100
AcDbLine
 10
3.195529095575071
 20
1.43608896211791
 11
3.022300749118378
 21
1.43608896211791
  0
LINE
  5
358
100
AcDbEntity
  8
BLACK
  6
CONTINUOUS
 62
  256
370
   -1
100
AcDbLine
 10
3.022300749118378
 20
1.43608896211791
 11
3.022067481401843
 21
1.436135379440744
  0
LINE
  5
359
100
AcDbEntity
  8
BLACK
  6
CONTINUOUS
 62
  256
370
   -1
100
AcDbLine
 10
3.022067481401843
 20
1.436135379440744
 11
3.022018347543575
 21
1.436130340070666
  0
LINE
  5
35A
100
AcDbEntity
  8
BLACK
  6
CONTINUOUS
 62
  256
370
   -1
100
AcDbLine
 10
3.022018347543575
 20
1.436130340070666
 11
3.021973623134127
 21
1.436154040858067
  0
LINE
  5
35B
100
AcDbEntity
  8
BLACK
  6
CONTINUOUS
 62
  256
370
   -1
100
AcDbLine
 10
3.021973623134127
 20
1.436154040858067
 11
3.021924095575071
 21
1.436163883377752
  0
LINE
  5
35C
100
AcDbEntity
  8
BLACK
  6
CONTINUOUS
 62
  256
370
   -1
100
AcDbLine
 10
3.021924095575071
 20
1.436163883377752
 11
3.021889174315229
 21
1.436198804637595
  0
LINE
  5
35D
100
AcDbEntity
  8
BLACK
  6
CONTINUOUS
 62
  256
370
   -1
100
AcDbLine
 10
3.021889174315229
 20
1.436198804637595
 11
3.021679016834914
 21
1.436310182590351
  0
LINE
  5
35E
100
AcDbEntity
  8
BLACK
  6
CONTINUOUS
 62
  256
370
   -1
100
AcDbLine
 10
3.021679016834914
 20
1.436310182590351
 11
2.915651300299481
 21
1.522703135346256
  0
LINE
  5
35F
100
AcDbEntity
  8
BLACK
  6
CONTINUOUS
 62
  256
370
   -1
100
AcDbLine
 10
2.915651300299481
 20
1.522703135346256
 11
2.786080276677434
 21
1.522703135346256
  0
LINE
  5
360
100
AcDbEntity
  8
BLACK
  6
CONTINUOUS
 62
  256
370
   -1
100
AcDbLine
 10
2.786080276677434
 20
1.522703135346256
 11
2.785985119197119
 21
1.52272207235413
  0
LINE
  5
361
100
AcDbEntity
  8
BLACK
  6
CONTINUOUS
 62
  256
370
   -1
100
AcDbLine
 10
2.785985119197119
 20
1.52272207235413
 11
2.78588819006326
 21
1.52272207235413
  0
LINE
  5
362
100
AcDbEntity
  8
BLACK
  6
CONTINUOUS
 62
  256
370
   -1
100
AcDbLine
 10
2.78588819006326
 20
1.52272207235413
 11
2.746714961716804
 21
1.530517347944681
  0
LINE
  5
363
100
AcDbEntity
  8
BLACK
  6
CONTINUOUS
 62
  256
370
   -1
100
AcDbLine
 10
2.746714961716804
 20
1.530517347944681
 11
2.746714646756174
 21
1.530517505424996
  0
LINE
  5
364
100
AcDbEntity
  8
BLACK
  6
CONTINUOUS
 62
  256
370
   -1
100
AcDbLine
 10
2.746714646756174
 20
1.530517505424996
 11
2.74671444990578
 21
1.530517426684839
  0
LINE
  5
365
100
AcDbEntity
  8
BLACK
  6
CONTINUOUS
 62
  256
370
   -1
100
AcDbLine
 10
2.74671444990578
 20
1.530517426684839
 11
2.746522127071135
 21
1.530597229834445
  0
LINE
  5
366
100
AcDbEntity
  8
BLACK
  6
CONTINUOUS
 62
  256
370
   -1
100
AcDbLine
 10
2.746522127071135
 20
1.530597229834445
 11
2.746360158567197
 21
1.530664316448618
  0
LINE
  5
367
100
AcDbEntity
  8
BLACK
  6
CONTINUOUS
 62
  256
370
   -1
100
AcDbLine
 10
2.746360158567197
 20
1.530664316448618
 11
2.746360040456961
 21
1.530664473928933
  0
LINE
  5
368
100
AcDbEntity
  8
BLACK
  6
CONTINUOUS
 62
  256
370
   -1
100
AcDbLine
 10
2.746360040456961
 20
1.530664473928933
 11
2.74635976486641
 21
1.530664592039169
  0
LINE
  5
369
100
AcDbEntity
  8
BLACK
  6
CONTINUOUS
 62
  256
370
   -1
100
AcDbLine
 10
2.74635976486641
 20
1.530664592039169
 11
2.713170749118379
 21
1.552869355818697
  0
LINE
  5
36A
100
AcDbEntity
  8
BLACK
  6
CONTINUOUS
 62
  256
370
   -1
100
AcDbLine
 10
2.713170749118379
 20
1.552869355818697
 11
2.713035434157749
 21
1.553004749519484
  0
LINE
  5
36B
100
AcDbEntity
  8
BLACK
  6
CONTINUOUS
 62
  256
370
   -1
100
AcDbLine
 10
2.713035434157749
 20
1.553004749519484
 11
2.712900040456961
 21
1.553140064480115
  0
LINE
  5
36C
100
AcDbEntity
  8
BLACK
  6
CONTINUOUS
 62
  256
370
   -1
100
AcDbLine
 10
2.712900040456961
 20
1.553140064480115
 11
2.690695316047512
 21
1.586329040858067
  0
LINE
  5
36D
100
AcDbEntity
  8
BLACK
  6
CONTINUOUS
 62
  256
370
   -1
100
AcDbLine
 10
2.690695316047512
 20
1.586329040858067
 11
2.690695158567197
 21
1.586329316448618
  0
LINE
  5
36E
100
AcDbEntity
  8
BLACK
  6
CONTINUOUS
 62
  256
370
   -1
100
AcDbLine
 10
2.690695158567197
 20
1.586329316448618
 11
2.690695001086882
 21
1.586329473928933
  0
LINE
  5
36F
100
AcDbEntity
  8
BLACK
  6
CONTINUOUS
 62
  256
370
   -1
100
AcDbLine
 10
2.690695001086882
 20
1.586329473928933
 11
2.690621064079008
 21
1.586507899125784
  0
LINE
  5
370
100
AcDbEntity
  8
BLACK
  6
CONTINUOUS
 62
  256
370
   -1
100
AcDbLine
 10
2.690621064079008
 20
1.586507899125784
 11
2.690548111323103
 21
1.586683765267516
  0
LINE
  5
371
100
AcDbEntity
  8
BLACK
  6
CONTINUOUS
 62
  256
370
   -1
100
AcDbLine
 10
2.690548111323103
 20
1.586683765267516
 11
2.690548150693182
 21
1.58668396211791
  0
LINE
  5
372
100
AcDbEntity
  8
BLACK
  6
CONTINUOUS
 62
  256
370
   -1
100
AcDbLine
 10
2.690548150693182
 20
1.58668396211791
 11
2.690548032582945
 21
1.58668427707854
  0
LINE
  5
373
100
AcDbEntity
  8
BLACK
  6
CONTINUOUS
 62
  256
370
   -1
100
AcDbLine
 10
2.690548032582945
 20
1.58668427707854
 11
2.682752756992394
 21
1.625857505424996
  0
LINE
  5
374
100
AcDbEntity
  8
BLACK
  6
CONTINUOUS
 62
  256
370
   -1
100
AcDbLine
 10
2.682752756992394
 20
1.625857505424996
 11
2.682752717622316
 21
1.625857584165154
  0
LINE
  5
375
100
AcDbEntity
  8
BLACK
  6
CONTINUOUS
 62
  256
370
   -1
100
AcDbLine
 10
2.682752717622316
 20
1.625857584165154
 11
2.682752717622316
 21
1.625857662905311
  0
LINE
  5
376
100
AcDbEntity
  8
BLACK
  6
CONTINUOUS
 62
  256
370
   -1
100
AcDbLine
 10
2.682752717622316
 20
1.625857662905311
 11
2.682752717622316
 21
1.626049592039169
  0
LINE
  5
377
100
AcDbEntity
  8
BLACK
  6
CONTINUOUS
 62
  256
370
   -1
100
AcDbLine
 10
2.682752717622316
 20
1.626049592039169
 11
2.682752717622316
 21
1.626241521173028
  0
LINE
  5
378
100
AcDbEntity
  8
BLACK
  6
CONTINUOUS
 62
  256
370
   -1
100
AcDbLine
 10
2.682752717622316
 20
1.626241521173028
 11
2.682752717622316
 21
1.626241560543106
  0
LINE
  5
379
100
AcDbEntity
  8
BLACK
  6
CONTINUOUS
 62
  256
370
   -1
100
AcDbLine
 10
2.682752717622316
 20
1.626241560543106
 11
2.682752756992394
 21
1.626241678653343
  0
LINE
  5
37A
100
AcDbEntity
  8
BLACK
  6
CONTINUOUS
 62
  256
370
   -1
100
AcDbLine
 10
2.682752756992394
 20
1.626241678653343
 11
2.690548032582945
 21
1.665414906999799
  0
LINE
  5
37B
100
AcDbEntity
  8
BLACK
  6
CONTINUOUS
 62
  256
370
   -1
100
AcDbLine
 10
2.690548032582945
 20
1.665414906999799
 11
2.690548150693182
 21
1.665415182590351
  0
LINE
  5
37C
100
AcDbEntity
  8
BLACK
  6
CONTINUOUS
 62
  256
370
   -1
100
AcDbLine
 10
2.690548150693182
 20
1.665415182590351
 11
2.690548111323103
 21
1.665415418810823
  0
LINE
  5
37D
100
AcDbEntity
  8
BLACK
  6
CONTINUOUS
 62
  256
370
   -1
100
AcDbLine
 10
2.690548111323103
 20
1.665415418810823
 11
2.690621064079008
 21
1.665591245582477
  0
LINE
  5
37E
100
AcDbEntity
  8
BLACK
  6
CONTINUOUS
 62
  256
370
   -1
100
AcDbLine
 10
2.690621064079008
 20
1.665591245582477
 11
2.690695001086882
 21
1.665769710149406
  0
LINE
  5
37F
100
AcDbEntity
  8
BLACK
  6
CONTINUOUS
 62
  256
370
   -1
100
AcDbLine
 10
2.690695001086882
 20
1.665769710149406
 11
2.690695158567197
 21
1.665769828259642
  0
LINE
  5
380
100
AcDbEntity
  8
BLACK
  6
CONTINUOUS
 62
  256
370
   -1
100
AcDbLine
 10
2.690695158567197
 20
1.665769828259642
 11
2.690695316047512
 21
1.665770143220272
  0
LINE
  5
381
100
AcDbEntity
  8
BLACK
  6
CONTINUOUS
 62
  256
370
   -1
100
AcDbLine
 10
2.690695316047512
 20
1.665770143220272
 11
2.712900040456961
 21
1.698959119598224
  0
LINE
  5
382
100
AcDbEntity
  8
BLACK
  6
CONTINUOUS
 62
  256
370
   -1
100
AcDbLine
 10
2.712900040456961
 20
1.698959119598224
 11
2.713035434157749
 21
1.699094395188776
  0
LINE
  5
383
100
AcDbEntity
  8
BLACK
  6
CONTINUOUS
 62
  256
370
   -1
100
AcDbLine
 10
2.713035434157749
 20
1.699094395188776
 11
2.713170749118379
 21
1.699229828259642
  0
LINE
  5
384
100
AcDbEntity
  8
BLACK
  6
CONTINUOUS
 62
  256
370
   -1
100
AcDbLine
 10
2.713170749118379
 20
1.699229828259642
 11
2.74635976486641
 21
1.721434592039169
  0
LINE
  5
385
100
AcDbEntity
  8
BLACK
  6
CONTINUOUS
 62
  256
370
   -1
100
AcDbLine
 10
2.74635976486641
 20
1.721434592039169
 11
2.746360040456961
 21
1.721434710149405
  0
LINE
  5
386
100
AcDbEntity
  8
BLACK
  6
CONTINUOUS
 62
  256
370
   -1
100
AcDbLine
 10
2.746360040456961
 20
1.721434710149405
 11
2.746360158567197
 21
1.72143486762972
  0
LINE
  5
387
100
AcDbEntity
  8
BLACK
  6
CONTINUOUS
 62
  256
370
   -1
100
AcDbLine
 10
2.746360158567197
 20
1.72143486762972
 11
2.746522127071135
 21
1.721501954243894
  0
LINE
  5
388
100
AcDbEntity
  8
BLACK
  6
CONTINUOUS
 62
  256
370
   -1
100
AcDbLine
 10
2.746522127071135
 20
1.721501954243894
 11
2.74671444990578
 21
1.7215817573935
  0
LINE
  5
389
100
AcDbEntity
  8
BLACK
  6
CONTINUOUS
 62
  256
370
   -1
100
AcDbLine
 10
2.74671444990578
 20
1.7215817573935
 11
2.746714646756174
 21
1.721581678653343
  0
LINE
  5
38A
100
AcDbEntity
  8
BLACK
  6
CONTINUOUS
 62
  256
370
   -1
100
AcDbLine
 10
2.746714646756174
 20
1.721581678653343
 11
2.746714961716804
 21
1.721581836133657
  0
LINE
  5
38B
100
AcDbEntity
  8
BLACK
  6
CONTINUOUS
 62
  256
370
   -1
100
AcDbLine
 10
2.746714961716804
 20
1.721581836133657
 11
2.78588819006326
 21
1.729377111724209
  0
LINE
  5
38C
100
AcDbEntity
  8
BLACK
  6
CONTINUOUS
 62
  256
370
   -1
100
AcDbLine
 10
2.78588819006326
 20
1.729377111724209
 11
2.785985119197119
 21
1.729377111724209
  0
LINE
  5
38D
100
AcDbEntity
  8
BLACK
  6
CONTINUOUS
 62
  256
370
   -1
100
AcDbLine
 10
2.785985119197119
 20
1.729377111724209
 11
2.786080276677434
 21
1.729396048732083
  0
LINE
  5
38E
100
AcDbEntity
  8
BLACK
  6
CONTINUOUS
 62
  256
370
   -1
100
AcDbLine
 10
2.786080276677434
 20
1.729396048732083
 11
2.839229882976646
 21
1.729396048732083
  0
LINE
  5
38F
100
AcDbEntity
  8
BLACK
  6
CONTINUOUS
 62
  256
370
   -1
100
AcDbLine
 10
2.786177205811292
 20
1.727427544795074
 11
2.747291418409717
 21
1.719689434558854
  0
LINE
  5
390
100
AcDbEntity
  8
BLACK
  6
CONTINUOUS
 62
  256
370
   -1
100
AcDbLine
 10
2.747291418409717
 20
1.719689434558854
 11
2.714427599512079
 21
1.697702269204523
  0
LINE
  5
391
100
AcDbEntity
  8
BLACK
  6
CONTINUOUS
 62
  256
370
   -1
100
AcDbLine
 10
2.714427599512079
 20
1.697702269204523
 11
2.69244039478767
 21
1.664838410936807
  0
LINE
  5
392
100
AcDbEntity
  8
BLACK
  6
CONTINUOUS
 62
  256
370
   -1
100
AcDbLine
 10
2.69244039478767
 20
1.664838410936807
 11
2.684721575890032
 21
1.626049592039169
  0
LINE
  5
393
100
AcDbEntity
  8
BLACK
  6
CONTINUOUS
 62
  256
370
   -1
100
AcDbLine
 10
2.684721575890032
 20
1.626049592039169
 11
2.69244039478767
 21
1.587260733771453
  0
LINE
  5
394
100
AcDbEntity
  8
BLACK
  6
CONTINUOUS
 62
  256
370
   -1
100
AcDbLine
 10
2.69244039478767
 20
1.587260733771453
 11
2.714427599512079
 21
1.554396875503736
  0
LINE
  5
395
100
AcDbEntity
  8
BLACK
  6
CONTINUOUS
 62
  256
370
   -1
100
AcDbLine
 10
2.714427599512079
 20
1.554396875503736
 11
2.747291418409717
 21
1.532409749519485
  0
LINE
  5
396
100
AcDbEntity
  8
BLACK
  6
CONTINUOUS
 62
  256
370
   -1
100
AcDbLine
 10
2.747291418409717
 20
1.532409749519485
 11
2.786177205811292
 21
1.524671639283264
  0
LINE
  5
397
100
AcDbEntity
  8
BLACK
  6
CONTINUOUS
 62
  256
370
   -1
100
AcDbLine
 10
2.786177205811292
 20
1.524671639283264
 11
2.916001536519953
 21
1.524671639283264
  0
LINE
  5
398
100
AcDbEntity
  8
BLACK
  6
CONTINUOUS
 62
  256
370
   -1
100
AcDbLine
 10
2.916001536519953
 20
1.524671639283264
 11
2.91623476486641
 21
1.524625261330508
  0
LINE
  5
399
100
AcDbEntity
  8
BLACK
  6
CONTINUOUS
 62
  256
370
   -1
100
AcDbLine
 10
2.91623476486641
 20
1.524625261330508
 11
2.916283938094757
 21
1.524630261330508
  0
LINE
  5
39A
100
AcDbEntity
  8
BLACK
  6
CONTINUOUS
 62
  256
370
   -1
100
AcDbLine
 10
2.916283938094757
 20
1.524630261330508
 11
2.916328623134127
 21
1.524606599913185
  0
LINE
  5
39B
100
AcDbEntity
  8
BLACK
  6
CONTINUOUS
 62
  256
370
   -1
100
AcDbLine
 10
2.916328623134127
 20
1.524606599913185
 11
2.91637819006326
 21
1.524596718023421
  0
LINE
  5
39C
100
AcDbEntity
  8
BLACK
  6
CONTINUOUS
 62
  256
370
   -1
100
AcDbLine
 10
2.91637819006326
 20
1.524596718023421
 11
2.916413071953024
 21
1.524561836133658
  0
LINE
  5
39D
100
AcDbEntity
  8
BLACK
  6
CONTINUOUS
 62
  256
370
   -1
100
AcDbLine
 10
2.916413071953024
 20
1.524561836133658
 11
2.916623268803418
 21
1.524450418810823
  0
LINE
  5
39E
100
AcDbEntity
  8
BLACK
  6
CONTINUOUS
 62
  256
370
   -1
100
AcDbLine
 10
2.916623268803418
 20
1.524450418810823
 11
3.022650985338851
 21
1.438057466054917
  0
LINE
  5
39F
100
AcDbEntity
  8
BLACK
  6
CONTINUOUS
 62
  256
370
   -1
100
AcDbLine
 10
3.022650985338851
 20
1.438057466054917
 11
3.195464331795544
 21
1.438057466054917
  0
LINE
  5
3A0
100
AcDbEntity
  8
BLACK
  6
CONTINUOUS
 62
  256
370
   -1
100
AcDbLine
 10
3.195464331795544
 20
1.438057466054917
 11
3.221768386913654
 21
1.441536048732083
  0
LINE
  5
3A1
100
AcDbEntity
  8
BLACK
  6
CONTINUOUS
 62
  256
370
   -1
100
AcDbLine
 10
3.221768386913654
 20
1.441536048732083
 11
3.24621350502389
 21
1.451633765267516
  0
LINE
  5
3A2
100
AcDbEntity
  8
BLACK
  6
CONTINUOUS
 62
  256
370
   -1
100
AcDbLine
 10
3.24621350502389
 20
1.451633765267516
 11
3.26718944990578
 21
1.467775064480114
  0
LINE
  5
3A3
100
AcDbEntity
  8
BLACK
  6
CONTINUOUS
 62
  256
370
   -1
100
AcDbLine
 10
3.26718944990578
 20
1.467775064480114
 11
3.2833307097483
 21
1.488750969991925
  0
LINE
  5
3A4
100
AcDbEntity
  8
BLACK
  6
CONTINUOUS
 62
  256
370
   -1
100
AcDbLine
 10
3.2833307097483
 20
1.488750969991925
 11
3.293428465653812
 21
1.513196127472241
  0
LINE
  5
3A5
100
AcDbEntity
  8
BLACK
  6
CONTINUOUS
 62
  256
370
   -1
100
AcDbLine
 10
3.293428465653812
 20
1.513196127472241
 11
3.296898465653812
 21
1.539435418810823
  0
LINE
  5
3A6
100
AcDbEntity
  8
BLACK
  6
CONTINUOUS
 62
  256
370
   -1
100
AcDbLine
 10
3.296898465653812
 20
1.539435418810823
 11
3.293428465653812
 21
1.565674710149406
  0
LINE
  5
3A7
100
AcDbEntity
  8
BLACK
  6
CONTINUOUS
 62
  256
370
   -1
100
AcDbLine
 10
3.293428465653812
 20
1.565674710149406
 11
3.2833307097483
 21
1.590119867629721
  0
LINE
  5
3A8
100
AcDbEntity
  8
BLACK
  6
CONTINUOUS
 62
  256
370
   -1
100
AcDbLine
 10
3.2833307097483
 20
1.590119867629721
 11
3.26718944990578
 21
1.611095773141532
  0
LINE
  5
3A9
100
AcDbEntity
  8
BLACK
  6
CONTINUOUS
 62
  256
370
   -1
100
AcDbLine
 10
3.26718944990578
 20
1.611095773141532
 11
3.24621350502389
 21
1.62723707235413
  0
LINE
  5
3AA
100
AcDbEntity
  8
BLACK
  6
CONTINUOUS
 62
  256
370
   -1
100
AcDbLine
 10
3.24621350502389
 20
1.62723707235413
 11
3.221768386913654
 21
1.637334788889563
  0
LINE
  5
3AB
100
AcDbEntity
  8
BLACK
  6
CONTINUOUS
 62
  256
370
   -1
100
AcDbLine
 10
3.221768386913654
 20
1.637334788889563
 11
3.195464331795544
 21
1.640813371566729
  0
LINE
  5
3AC
100
AcDbEntity
  8
BLACK
  6
CONTINUOUS
 62
  256
370
   -1
100
AcDbLine
 10
3.195464331795544
 20
1.640813371566729
 11
3.053796812110504
 21
1.640813371566729
  0
LINE
  5
3AD
100
AcDbEntity
  8
BLACK
  6
CONTINUOUS
 62
  256
370
   -1
100
AcDbLine
 10
3.053796812110504
 20
1.640813371566729
 11
3.053563544393969
 21
1.640859749519485
  0
LINE
  5
3AE
100
AcDbEntity
  8
BLACK
  6
CONTINUOUS
 62
  256
370
   -1
100
AcDbLine
 10
3.053563544393969
 20
1.640859749519485
 11
3.053514410535701
 21
1.640854749519484
  0
LINE
  5
3AF
100
AcDbEntity
  8
BLACK
  6
CONTINUOUS
 62
  256
370
   -1
100
AcDbLine
 10
3.053514410535701
 20
1.640854749519484
 11
3.053469686126252
 21
1.640878410936807
  0
LINE
  5
3B0
100
AcDbEntity
  8
BLACK
  6
CONTINUOUS
 62
  256
370
   -1
100
AcDbLine
 10
3.053469686126252
 20
1.640878410936807
 11
3.053420158567197
 21
1.640888292826571
  0
LINE
  5
3B1
100
AcDbEntity
  8
BLACK
  6
CONTINUOUS
 62
  256
370
   -1
100
AcDbLine
 10
3.053420158567197
 20
1.640888292826571
 11
3.053385237307355
 21
1.640923174716335
  0
LINE
  5
3B2
100
AcDbEntity
  8
BLACK
  6
CONTINUOUS
 62
  256
370
   -1
100
AcDbLine
 10
3.053385237307355
 20
1.640923174716335
 11
3.05317507982704
 21
1.64103459203917
  0
LINE
  5
3B3
100
AcDbEntity
  8
BLACK
  6
CONTINUOUS
 62
  256
370
   -1
100
AcDbLine
 10
3.05317507982704
 20
1.64103459203917
 11
2.947147363291607
 21
1.727427544795074
  0
LINE
  5
3B4
100
AcDbEntity
  8
BLACK
  6
CONTINUOUS
 62
  256
370
   -1
100
AcDbLine
 10
2.947147363291607
 20
1.727427544795074
 11
2.906159016834914
 21
1.727427544795074
  0
LINE
  5
3B5
100
AcDbEntity
  8
BLACK
  6
CONTINUOUS
 62
  256
370
   -1
100
AcDbLine
 10
2.906159016834914
 20
1.727427544795074
 11
2.839229882976646
 21
1.727427544795074
  0
LINE
  5
3B6
100
AcDbEntity
  8
BLACK
  6
CONTINUOUS
 62
  256
370
   -1
100
AcDbLine
 10
2.839229882976646
 20
1.727427544795074
 11
2.786177205811292
 21
1.727427544795074
  0
LINE
  5
3B7
100
AcDbEntity
  8
BLACK
  6
CONTINUOUS
 62
  256
370
   -1
100
AcDbLine
 10
3.547891300299481
 20
1.729396048732083
 11
3.614820434157748
 21
1.729396048732083
  0
LINE
  5
3B8
100
AcDbEntity
  8
BLACK
  6
CONTINUOUS
 62
  256
370
   -1
100
AcDbLine
 10
3.614820434157748
 20
1.729396048732083
 11
3.656159016834915
 21
1.729396048732083
  0
LINE
  5
3B9
100
AcDbEntity
  8
BLACK
  6
CONTINUOUS
 62
  256
370
   -1
100
AcDbLine
 10
3.656159016834915
 20
1.729396048732083
 11
3.656392245181371
 21
1.729349631409248
  0
LINE
  5
3BA
100
AcDbEntity
  8
BLACK
  6
CONTINUOUS
 62
  256
370
   -1
100
AcDbLine
 10
3.656392245181371
 20
1.729349631409248
 11
3.656441418409717
 21
1.729354670779327
  0
LINE
  5
3BB
100
AcDbEntity
  8
BLACK
  6
CONTINUOUS
 62
  256
370
   -1
100
AcDbLine
 10
3.656441418409717
 20
1.729354670779327
 11
3.656486103449087
 21
1.729330969991925
  0
LINE
  5
3BC
100
AcDbEntity
  8
BLACK
  6
CONTINUOUS
 62
  256
370
   -1
100
AcDbLine
 10
3.656486103449087
 20
1.729330969991925
 11
3.65653567037822
 21
1.72932112747224
  0
LINE
  5
3BD
100
AcDbEntity
  8
BLACK
  6
CONTINUOUS
 62
  256
370
   -1
100
AcDbLine
 10
3.65653567037822
 20
1.72932112747224
 11
3.656570552267985
 21
1.729286206212397
  0
LINE
  5
3BE
100
AcDbEntity
  8
BLACK
  6
CONTINUOUS
 62
  256
370
   -1
100
AcDbLine
 10
3.656570552267985
 20
1.729286206212397
 11
3.656780749118378
 21
1.729174828259642
  0
LINE
  5
3BF
100
AcDbEntity
  8
BLACK
  6
CONTINUOUS
 62
  256
370
   -1
100
AcDbLine
 10
3.656780749118378
 20
1.729174828259642
 11
3.762808465653812
 21
1.642781875503736
  0
LINE
  5
3C0
100
AcDbEntity
  8
BLACK
  6
CONTINUOUS
 62
  256
370
   -1
100
AcDbLine
 10
3.762808465653812
 20
1.642781875503736
 11
3.904190512897906
 21
1.642781875503736
  0
LINE
  5
3C1
100
AcDbEntity
  8
BLACK
  6
CONTINUOUS
 62
  256
370
   -1
100
AcDbLine
 10
3.904190512897906
 20
1.642781875503736
 11
3.904254489275859
 21
1.642769119598225
  0
LINE
  5
3C2
100
AcDbEntity
  8
BLACK
  6
CONTINUOUS
 62
  256
370
   -1
100
AcDbLine
 10
3.904254489275859
 20
1.642769119598225
 11
3.904319568016016
 21
1.642773371566729
  0
LINE
  5
3C3
100
AcDbEntity
  8
BLACK
  6
CONTINUOUS
 62
  256
370
   -1
100
AcDbLine
 10
3.904319568016016
 20
1.642773371566729
 11
3.930815591638064
 21
1.639269434558854
  0
LINE
  5
3C4
100
AcDbEntity
  8
BLACK
  6
CONTINUOUS
 62
  256
370
   -1
100
AcDbLine
 10
3.930815591638064
 20
1.639269434558854
 11
3.930936654630189
 21
1.639228214086414
  0
LINE
  5
3C5
100
AcDbEntity
  8
BLACK
  6
CONTINUOUS
 62
  256
370
   -1
100
AcDbLine
 10
3.930936654630189
 20
1.639228214086414
 11
3.931062363291607
 21
1.639203371566729
  0
LINE
  5
3C6
100
AcDbEntity
  8
BLACK
  6
CONTINUOUS
 62
  256
370
   -1
100
AcDbLine
 10
3.931062363291607
 20
1.639203371566729
 11
3.955747402661686
 21
1.629006521173028
  0
LINE
  5
3C7
100
AcDbEntity
  8
BLACK
  6
CONTINUOUS
 62
  256
370
   -1
100
AcDbLine
 10
3.955747402661686
 20
1.629006521173028
 11
3.955855473527827
 21
1.628934434558854
  0
LINE
  5
3C8
100
AcDbEntity
  8
BLACK
  6
CONTINUOUS
 62
  256
370
   -1
100
AcDbLine
 10
3.955855473527827
 20
1.628934434558854
 11
3.955971851480584
 21
1.628876875503736
  0
LINE
  5
3C9
100
AcDbEntity
  8
BLACK
  6
CONTINUOUS
 62
  256
370
   -1
100
AcDbLine
 10
3.955971851480584
 20
1.628876875503736
 11
3.977152953842788
 21
1.612577662905311
  0
LINE
  5
3CA
100
AcDbEntity
  8
BLACK
  6
CONTINUOUS
 62
  256
370
   -1
100
AcDbLine
 10
3.977152953842788
 20
1.612577662905311
 11
3.977236812110505
 21
1.612481718023421
  0
LINE
  5
3CB
100
AcDbEntity
  8
BLACK
  6
CONTINUOUS
 62
  256
370
   -1
100
AcDbLine
 10
3.977236812110505
 20
1.612481718023421
 11
3.977332756992395
 21
1.612397859755705
  0
LINE
  5
3CC
100
AcDbEntity
  8
BLACK
  6
CONTINUOUS
 62
  256
370
   -1
100
AcDbLine
 10
3.977332756992395
 20
1.612397859755705
 11
3.993631969590819
 21
1.5912167573935
  0
LINE
  5
3CD
100
AcDbEntity
  8
BLACK
  6
CONTINUOUS
 62
  256
370
   -1
100
AcDbLine
 10
3.993631969590819
 20
1.5912167573935
 11
3.993689568016016
 21
1.591100340070665
  0
LINE
  5
3CE
100
AcDbEntity
  8
BLACK
  6
CONTINUOUS
 62
  256
370
   -1
100
AcDbLine
 10
3.993689568016016
 20
1.591100340070665
 11
3.993761615260111
 21
1.590992308574603
  0
LINE
  5
3CF
100
AcDbEntity
  8
BLACK
  6
CONTINUOUS
 62
  256
370
   -1
100
AcDbLine
 10
3.993761615260111
 20
1.590992308574603
 11
4.003958465653811
 21
1.566307229834445
  0
LINE
  5
3D0
100
AcDbEntity
  8
BLACK
  6
CONTINUOUS
 62
  256
370
   -1
100
AcDbLine
 10
4.003958465653811
 20
1.566307229834445
 11
4.003983308173497
 21
1.566181678653343
  0
LINE
  5
3D1
100
AcDbEntity
  8
BLACK
  6
CONTINUOUS
 62
  256
370
   -1
100
AcDbLine
 10
4.003983308173497
 20
1.566181678653343
 11
4.004024528645937
 21
1.566060536921059
  0
LINE
  5
3D2
100
AcDbEntity
  8
BLACK
  6
CONTINUOUS
 62
  256
370
   -1
100
AcDbLine
 10
4.004024528645937
 20
1.566060536921059
 11
4.007528465653811
 21
1.539564473928933
  0
LINE
  5
3D3
100
AcDbEntity
  8
BLACK
  6
CONTINUOUS
 62
  256
370
   -1
100
AcDbLine
 10
4.007528465653811
 20
1.539564473928933
 11
4.007520079827041
 21
1.539435418810823
  0
LINE
  5
3D4
100
AcDbEntity
  8
BLACK
  6
CONTINUOUS
 62
  256
370
   -1
100
AcDbLine
 10
4.007520079827041
 20
1.539435418810823
 11
4.007528465653811
 21
1.539306363692713
  0
LINE
  5
3D5
100
AcDbEntity
  8
BLACK
  6
CONTINUOUS
 62
  256
370
   -1
100
AcDbLine
 10
4.007528465653811
 20
1.539306363692713
 11
4.004024528645937
 21
1.512810300700587
  0
LINE
  5
3D6
100
AcDbEntity
  8
BLACK
  6
CONTINUOUS
 62
  256
370
   -1
100
AcDbLine
 10
4.004024528645937
 20
1.512810300700587
 11
4.003983308173497
 21
1.512689158968303
  0
LINE
  5
3D7
100
AcDbEntity
  8
BLACK
  6
CONTINUOUS
 62
  256
370
   -1
100
AcDbLine
 10
4.003983308173497
 20
1.512689158968303
 11
4.003958465653811
 21
1.512563607787201
  0
LINE
  5
3D8
100
AcDbEntity
  8
BLACK
  6
CONTINUOUS
 62
  256
370
   -1
100
AcDbLine
 10
4.003958465653811
 20
1.512563607787201
 11
3.993761615260111
 21
1.487878529047043
  0
LINE
  5
3D9
100
AcDbEntity
  8
BLACK
  6
CONTINUOUS
 62
  256
370
   -1
100
AcDbLine
 10
3.993761615260111
 20
1.487878529047043
 11
3.993689568016016
 21
1.487770497550981
  0
LINE
  5
3DA
100
AcDbEntity
  8
BLACK
  6
CONTINUOUS
 62
  256
370
   -1
100
AcDbLine
 10
3.993689568016016
 20
1.487770497550981
 11
3.993631969590819
 21
1.487654080228146
  0
LINE
  5
3DB
100
AcDbEntity
  8
BLACK
  6
CONTINUOUS
 62
  256
370
   -1
100
AcDbLine
 10
3.993631969590819
 20
1.487654080228146
 11
3.977332756992395
 21
1.466472977865941
  0
LINE
  5
3DC
100
AcDbEntity
  8
BLACK
  6
CONTINUOUS
 62
  256
370
   -1
100
AcDbLine
 10
3.977332756992395
 20
1.466472977865941
 11
3.977236812110505
 21
1.466389119598225
  0
LINE
  5
3DD
100
AcDbEntity
  8
BLACK
  6
CONTINUOUS
 62
  256
370
   -1
100
AcDbLine
 10
3.977236812110505
 20
1.466389119598225
 11
3.977152953842788
 21
1.466293174716335
  0
LINE
  5
3DE
100
AcDbEntity
  8
BLACK
  6
CONTINUOUS
 62
  256
370
   -1
100
AcDbLine
 10
3.977152953842788
 20
1.466293174716335
 11
3.955971851480584
 21
1.44999396211791
  0
LINE
  5
3DF
100
AcDbEntity
  8
BLACK
  6
CONTINUOUS
 62
  256
370
   -1
100
AcDbLine
 10
3.955971851480584
 20
1.44999396211791
 11
3.955855473527827
 21
1.449936403062792
  0
LINE
  5
3E0
100
AcDbEntity
  8
BLACK
  6
CONTINUOUS
 62
  256
370
   -1
100
AcDbLine
 10
3.955855473527827
 20
1.449936403062792
 11
3.955747402661686
 21
1.449864316448618
  0
LINE
  5
3E1
100
AcDbEntity
  8
BLACK
  6
CONTINUOUS
 62
  256
370
   -1
100
AcDbLine
 10
3.955747402661686
 20
1.449864316448618
 11
3.931062363291607
 21
1.439667466054917
  0
LINE
  5
3E2
100
AcDbEntity
  8
BLACK
  6
CONTINUOUS
 62
  256
370
   -1
100
AcDbLine
 10
3.931062363291607
 20
1.439667466054917
 11
3.930936654630189
 21
1.439642623535232
  0
LINE
  5
3E3
100
AcDbEntity
  8
BLACK
  6
CONTINUOUS
 62
  256
370
   -1
100
AcDbLine
 10
3.930936654630189
 20
1.439642623535232
 11
3.930815591638064
 21
1.439601403062792
  0
LINE
  5
3E4
100
AcDbEntity
  8
BLACK
  6
CONTINUOUS
 62
  256
370
   -1
100
AcDbLine
 10
3.930815591638064
 20
1.439601403062792
 11
3.904319568016016
 21
1.436097466054918
  0
LINE
  5
3E5
100
AcDbEntity
  8
BLACK
  6
CONTINUOUS
 62
  256
370
   -1
100
AcDbLine
 10
3.904319568016016
 20
1.436097466054918
 11
3.904254489275859
 21
1.436101718023421
  0
LINE
  5
3E6
100
AcDbEntity
  8
BLACK
  6
CONTINUOUS
 62
  256
370
   -1
100
AcDbLine
 10
3.904254489275859
 20
1.436101718023421
 11
3.904190512897906
 21
1.43608896211791
  0
LINE
  5
3E7
100
AcDbEntity
  8
BLACK
  6
CONTINUOUS
 62
  256
370
   -1
100
AcDbLine
 10
3.904190512897906
 20
1.43608896211791
 11
3.730962166441213
 21
1.43608896211791
  0
LINE
  5
3E8
100
AcDbEntity
  8
BLACK
  6
CONTINUOUS
 62
  256
370
   -1
100
AcDbLine
 10
3.730962166441213
 20
1.43608896211791
 11
3.730728898724678
 21
1.436135379440744
  0
LINE
  5
3E9
100
AcDbEntity
  8
BLACK
  6
CONTINUOUS
 62
  256
370
   -1
100
AcDbLine
 10
3.730728898724678
 20
1.436135379440744
 11
3.730679764866411
 21
1.436130340070666
  0
LINE
  5
3EA
100
AcDbEntity
  8
BLACK
  6
CONTINUOUS
 62
  256
370
   -1
100
AcDbLine
 10
3.730679764866411
 20
1.436130340070666
 11
3.730635040456962
 21
1.436154040858067
  0
LINE
  5
3EB
100
AcDbEntity
  8
BLACK
  6
CONTINUOUS
 62
  256
370
   -1
100
AcDbLine
 10
3.730635040456962
 20
1.436154040858067
 11
3.730585512897906
 21
1.436163883377752
  0
LINE
  5
3EC
100
AcDbEntity
  8
BLACK
  6
CONTINUOUS
 62
  256
370
   -1
100
AcDbLine
 10
3.730585512897906
 20
1.436163883377752
 11
3.730550591638064
 21
1.436198804637595
  0
LINE
  5
3ED
100
AcDbEntity
  8
BLACK
  6
CONTINUOUS
 62
  256
370
   -1
100
AcDbLine
 10
3.730550591638064
 20
1.436198804637595
 11
3.730340434157748
 21
1.436310182590351
  0
LINE
  5
3EE
100
AcDbEntity
  8
BLACK
  6
CONTINUOUS
 62
  256
370
   -1
100
AcDbLine
 10
3.730340434157748
 20
1.436310182590351
 11
3.624312717622315
 21
1.522703135346256
  0
LINE
  5
3EF
100
AcDbEntity
  8
BLACK
  6
CONTINUOUS
 62
  256
370
   -1
100
AcDbLine
 10
3.624312717622315
 20
1.522703135346256
 11
3.494741694000268
 21
1.522703135346256
  0
LINE
  5
3F0
100
AcDbEntity
  8
BLACK
  6
CONTINUOUS
 62
  256
370
   -1
100
AcDbLine
 10
3.494741694000268
 20
1.522703135346256
 11
3.494646536519953
 21
1.52272207235413
  0
LINE
  5
3F1
100
AcDbEntity
  8
BLACK
  6
CONTINUOUS
 62
  256
370
   -1
100
AcDbLine
 10
3.494646536519953
 20
1.52272207235413
 11
3.494549607386095
 21
1.52272207235413
  0
LINE
  5
3F2
100
AcDbEntity
  8
BLACK
  6
CONTINUOUS
 62
  256
370
   -1
100
AcDbLine
 10
3.494549607386095
 20
1.52272207235413
 11
3.455376379039638
 21
1.530517347944681
  0
LINE
  5
3F3
100
AcDbEntity
  8
BLACK
  6
CONTINUOUS
 62
  256
370
   -1
100
AcDbLine
 10
3.455376379039638
 20
1.530517347944681
 11
3.455376064079009
 21
1.530517505424996
  0
LINE
  5
3F4
100
AcDbEntity
  8
BLACK
  6
CONTINUOUS
 62
  256
370
   -1
100
AcDbLine
 10
3.455376064079009
 20
1.530517505424996
 11
3.455375867228615
 21
1.530517426684839
  0
LINE
  5
3F5
100
AcDbEntity
  8
BLACK
  6
CONTINUOUS
 62
  256
370
   -1
100
AcDbLine
 10
3.455375867228615
 20
1.530517426684839
 11
3.455183544393969
 21
1.530597229834445
  0
LINE
  5
3F6
100
AcDbEntity
  8
BLACK
  6
CONTINUOUS
 62
  256
370
   -1
100
AcDbLine
 10
3.455183544393969
 20
1.530597229834445
 11
3.455021575890032
 21
1.530664316448618
  0
LINE
  5
3F7
100
AcDbEntity
  8
BLACK
  6
CONTINUOUS
 62
  256
370
   -1
100
AcDbLine
 10
3.455021575890032
 20
1.530664316448618
 11
3.455021457779796
 21
1.530664473928933
  0
LINE
  5
3F8
100
AcDbEntity
  8
BLACK
  6
CONTINUOUS
 62
  256
370
   -1
100
AcDbLine
 10
3.455021457779796
 20
1.530664473928933
 11
3.455021182189244
 21
1.530664592039169
  0
LINE
  5
3F9
100
AcDbEntity
  8
BLACK
  6
CONTINUOUS
 62
  256
370
   -1
100
AcDbLine
 10
3.455021182189244
 20
1.530664592039169
 11
3.421832166441213
 21
1.552869355818697
  0
LINE
  5
3FA
100
AcDbEntity
  8
BLACK
  6
CONTINUOUS
 62
  256
370
   -1
100
AcDbLine
 10
3.421832166441213
 20
1.552869355818697
 11
3.421696851480583
 21
1.553004749519484
  0
LINE
  5
3FB
100
AcDbEntity
  8
BLACK
  6
CONTINUOUS
 62
  256
370
   -1
100
AcDbLine
 10
3.421696851480583
 20
1.553004749519484
 11
3.421561457779796
 21
1.553140064480115
  0
LINE
  5
3FC
100
AcDbEntity
  8
BLACK
  6
CONTINUOUS
 62
  256
370
   -1
100
AcDbLine
 10
3.421561457779796
 20
1.553140064480115
 11
3.399356733370347
 21
1.586329040858067
  0
LINE
  5
3FD
100
AcDbEntity
  8
BLACK
  6
CONTINUOUS
 62
  256
370
   -1
100
AcDbLine
 10
3.399356733370347
 20
1.586329040858067
 11
3.399356575890032
 21
1.586329316448618
  0
LINE
  5
3FE
100
AcDbEntity
  8
BLACK
  6
CONTINUOUS
 62
  256
370
   -1
100
AcDbLine
 10
3.399356575890032
 20
1.586329316448618
 11
3.399356418409717
 21
1.586329473928933
  0
LINE
  5
3FF
100
AcDbEntity
  8
BLACK
  6
CONTINUOUS
 62
  256
370
   -1
100
AcDbLine
 10
3.399356418409717
 20
1.586329473928933
 11
3.399282481401843
 21
1.586507899125784
  0
LINE
  5
400
100
AcDbEntity
  8
BLACK
  6
CONTINUOUS
 62
  256
370
   -1
100
AcDbLine
 10
3.399282481401843
 20
1.586507899125784
 11
3.399209528645938
 21
1.586683765267516
  0
LINE
  5
401
100
AcDbEntity
  8
BLACK
  6
CONTINUOUS
 62
  256
370
   -1
100
AcDbLine
 10
3.399209528645938
 20
1.586683765267516
 11
3.399209568016016
 21
1.58668396211791
  0
LINE
  5
402
100
AcDbEntity
  8
BLACK
  6
CONTINUOUS
 62
  256
370
   -1
100
AcDbLine
 10
3.399209568016016
 20
1.58668396211791
 11
3.39920944990578
 21
1.58668427707854
  0
LINE
  5
403
100
AcDbEntity
  8
BLACK
  6
CONTINUOUS
 62
  256
370
   -1
100
AcDbLine
 10
3.39920944990578
 20
1.58668427707854
 11
3.391414174315229
 21
1.625857505424996
  0
LINE
  5
404
100
AcDbEntity
  8
BLACK
  6
CONTINUOUS
 62
  256
370
   -1
100
AcDbLine
 10
3.391414174315229
 20
1.625857505424996
 11
3.39141413494515
 21
1.625857584165154
  0
LINE
  5
405
100
AcDbEntity
  8
BLACK
  6
CONTINUOUS
 62
  256
370
   -1
100
AcDbLine
 10
3.39141413494515
 20
1.625857584165154
 11
3.39141413494515
 21
1.625857662905311
  0
LINE
  5
406
100
AcDbEntity
  8
BLACK
  6
CONTINUOUS
 62
  256
370
   -1
100
AcDbLine
 10
3.39141413494515
 20
1.625857662905311
 11
3.39141413494515
 21
1.626049592039169
  0
LINE
  5
407
100
AcDbEntity
  8
BLACK
  6
CONTINUOUS
 62
  256
370
   -1
100
AcDbLine
 10
3.39141413494515
 20
1.626049592039169
 11
3.39141413494515
 21
1.626241521173028
  0
LINE
  5
408
100
AcDbEntity
  8
BLACK
  6
CONTINUOUS
 62
  256
370
   -1
100
AcDbLine
 10
3.39141413494515
 20
1.626241521173028
 11
3.39141413494515
 21
1.626241560543106
  0
LINE
  5
409
100
AcDbEntity
  8
BLACK
  6
CONTINUOUS
 62
  256
370
   -1
100
AcDbLine
 10
3.39141413494515
 20
1.626241560543106
 11
3.391414174315229
 21
1.626241678653343
  0
LINE
  5
40A
100
AcDbEntity
  8
BLACK
  6
CONTINUOUS
 62
  256
370
   -1
100
AcDbLine
 10
3.391414174315229
 20
1.626241678653343
 11
3.39920944990578
 21
1.665414906999799
  0
LINE
  5
40B
100
AcDbEntity
  8
BLACK
  6
CONTINUOUS
 62
  256
370
   -1
100
AcDbLine
 10
3.39920944990578
 20
1.665414906999799
 11
3.399209568016016
 21
1.665415182590351
  0
LINE
  5
40C
100
AcDbEntity
  8
BLACK
  6
CONTINUOUS
 62
  256
370
   -1
100
AcDbLine
 10
3.399209568016016
 20
1.665415182590351
 11
3.399209528645938
 21
1.665415418810823
  0
LINE
  5
40D
100
AcDbEntity
  8
BLACK
  6
CONTINUOUS
 62
  256
370
   -1
100
AcDbLine
 10
3.399209528645938
 20
1.665415418810823
 11
3.399282481401843
 21
1.665591245582477
  0
LINE
  5
40E
100
AcDbEntity
  8
BLACK
  6
CONTINUOUS
 62
  256
370
   -1
100
AcDbLine
 10
3.399282481401843
 20
1.665591245582477
 11
3.399356418409717
 21
1.665769710149406
  0
LINE
  5
40F
100
AcDbEntity
  8
BLACK
  6
CONTINUOUS
 62
  256
370
   -1
100
AcDbLine
 10
3.399356418409717
 20
1.665769710149406
 11
3.399356575890032
 21
1.665769828259642
  0
LINE
  5
410
100
AcDbEntity
  8
BLACK
  6
CONTINUOUS
 62
  256
370
   -1
100
AcDbLine
 10
3.399356575890032
 20
1.665769828259642
 11
3.399356733370347
 21
1.665770143220272
  0
LINE
  5
411
100
AcDbEntity
  8
BLACK
  6
CONTINUOUS
 62
  256
370
   -1
100
AcDbLine
 10
3.399356733370347
 20
1.665770143220272
 11
3.421561457779796
 21
1.698959119598224
  0
LINE
  5
412
100
AcDbEntity
  8
BLACK
  6
CONTINUOUS
 62
  256
370
   -1
100
AcDbLine
 10
3.421561457779796
 20
1.698959119598224
 11
3.421696851480583
 21
1.699094395188776
  0
LINE
  5
413
100
AcDbEntity
  8
BLACK
  6
CONTINUOUS
 62
  256
370
   -1
100
AcDbLine
 10
3.421696851480583
 20
1.699094395188776
 11
3.421832166441213
 21
1.699229828259642
  0
LINE
  5
414
100
AcDbEntity
  8
BLACK
  6
CONTINUOUS
 62
  256
370
   -1
100
AcDbLine
 10
3.421832166441213
 20
1.699229828259642
 11
3.455021182189244
 21
1.721434592039169
  0
LINE
  5
415
100
AcDbEntity
  8
BLACK
  6
CONTINUOUS
 62
  256
370
   -1
100
AcDbLine
 10
3.455021182189244
 20
1.721434592039169
 11
3.455021457779796
 21
1.721434710149405
  0
LINE
  5
416
100
AcDbEntity
  8
BLACK
  6
CONTINUOUS
 62
  256
370
   -1
100
AcDbLine
 10
3.455021457779796
 20
1.721434710149405
 11
3.455021575890032
 21
1.72143486762972
  0
LINE
  5
417
100
AcDbEntity
  8
BLACK
  6
CONTINUOUS
 62
  256
370
   -1
100
AcDbLine
 10
3.455021575890032
 20
1.72143486762972
 11
3.455183544393969
 21
1.721501954243894
  0
LINE
  5
418
100
AcDbEntity
  8
BLACK
  6
CONTINUOUS
 62
  256
370
   -1
100
AcDbLine
 10
3.455183544393969
 20
1.721501954243894
 11
3.455375867228615
 21
1.7215817573935
  0
LINE
  5
419
100
AcDbEntity
  8
BLACK
  6
CONTINUOUS
 62
  256
370
   -1
100
AcDbLine
 10
3.455375867228615
 20
1.7215817573935
 11
3.455376064079009
 21
1.721581678653343
  0
LINE
  5
41A
100
AcDbEntity
  8
BLACK
  6
CONTINUOUS
 62
  256
370
   -1
100
AcDbLine
 10
3.455376064079009
 20
1.721581678653343
 11
3.455376379039638
 21
1.721581836133657
  0
LINE
  5
41B
100
AcDbEntity
  8
BLACK
  6
CONTINUOUS
 62
  256
370
   -1
100
AcDbLine
 10
3.455376379039638
 20
1.721581836133657
 11
3.494549607386095
 21
1.729377111724209
  0
LINE
  5
41C
100
AcDbEntity
  8
BLACK
  6
CONTINUOUS
 62
  256
370
   -1
100
AcDbLine
 10
3.494549607386095
 20
1.729377111724209
 11
3.494646536519953
 21
1.729377111724209
  0
LINE
  5
41D
100
AcDbEntity
  8
BLACK
  6
CONTINUOUS
 62
  256
370
   -1
100
AcDbLine
 10
3.494646536519953
 20
1.729377111724209
 11
3.494741694000268
 21
1.729396048732083
  0
LINE
  5
41E
100
AcDbEntity
  8
BLACK
  6
CONTINUOUS
 62
  256
370
   -1
100
AcDbLine
 10
3.494741694000268
 20
1.729396048732083
 11
3.547891300299481
 21
1.729396048732083
  0
LINE
  5
41F
100
AcDbEntity
  8
BLACK
  6
CONTINUOUS
 62
  256
370
   -1
100
AcDbLine
 10
3.494838623134127
 20
1.727427544795074
 11
3.455952835732552
 21
1.719689434558854
  0
LINE
  5
420
100
AcDbEntity
  8
BLACK
  6
CONTINUOUS
 62
  256
370
   -1
100
AcDbLine
 10
3.455952835732552
 20
1.719689434558854
 11
3.423089016834914
 21
1.697702269204523
  0
LINE
  5
421
100
AcDbEntity
  8
BLACK
  6
CONTINUOUS
 62
  256
370
   -1
100
AcDbLine
 10
3.423089016834914
 20
1.697702269204523
 11
3.401101812110504
 21
1.664838410936807
  0
LINE
  5
422
100
AcDbEntity
  8
BLACK
  6
CONTINUOUS
 62
  256
370
   -1
100
AcDbLine
 10
3.401101812110504
 20
1.664838410936807
 11
3.393382993212867
 21
1.626049592039169
  0
LINE
  5
423
100
AcDbEntity
  8
BLACK
  6
CONTINUOUS
 62
  256
370
   -1
100
AcDbLine
 10
3.393382993212867
 20
1.626049592039169
 11
3.401101812110504
 21
1.587260733771453
  0
LINE
  5
424
100
AcDbEntity
  8
BLACK
  6
CONTINUOUS
 62
  256
370
   -1
100
AcDbLine
 10
3.401101812110504
 20
1.587260733771453
 11
3.423089016834914
 21
1.554396875503736
  0
LINE
  5
425
100
AcDbEntity
  8
BLACK
  6
CONTINUOUS
 62
  256
370
   -1
100
AcDbLine
 10
3.423089016834914
 20
1.554396875503736
 11
3.455952835732552
 21
1.532409749519485
  0
LINE
  5
426
100
AcDbEntity
  8
BLACK
  6
CONTINUOUS
 62
  256
370
   -1
100
AcDbLine
 10
3.455952835732552
 20
1.532409749519485
 11
3.494838623134127
 21
1.524671639283264
  0
LINE
  5
427
100
AcDbEntity
  8
BLACK
  6
CONTINUOUS
 62
  256
370
   -1
100
AcDbLine
 10
3.494838623134127
 20
1.524671639283264
 11
3.624662953842789
 21
1.524671639283264
  0
LINE
  5
428
100
AcDbEntity
  8
BLACK
  6
CONTINUOUS
 62
  256
370
   -1
100
AcDbLine
 10
3.624662953842789
 20
1.524671639283264
 11
3.624896182189245
 21
1.524625261330508
  0
LINE
  5
429
100
AcDbEntity
  8
BLACK
  6
CONTINUOUS
 62
  256
370
   -1
100
AcDbLine
 10
3.624896182189245
 20
1.524625261330508
 11
3.624945355417591
 21
1.524630261330508
  0
LINE
  5
42A
100
AcDbEntity
  8
BLACK
  6
CONTINUOUS
 62
  256
370
   -1
100
AcDbLine
 10
3.624945355417591
 20
1.524630261330508
 11
3.624990040456961
 21
1.524606599913185
  0
LINE
  5
42B
100
AcDbEntity
  8
BLACK
  6
CONTINUOUS
 62
  256
370
   -1
100
AcDbLine
 10
3.624990040456961
 20
1.524606599913185
 11
3.625039607386094
 21
1.524596718023421
  0
LINE
  5
42C
100
AcDbEntity
  8
BLACK
  6
CONTINUOUS
 62
  256
370
   -1
100
AcDbLine
 10
3.625039607386094
 20
1.524596718023421
 11
3.625074489275859
 21
1.524561836133658
  0
LINE
  5
42D
100
AcDbEntity
  8
BLACK
  6
CONTINUOUS
 62
  256
370
   -1
100
AcDbLine
 10
3.625074489275859
 20
1.524561836133658
 11
3.625284686126252
 21
1.524450418810823
  0
LINE
  5
42E
100
AcDbEntity
  8
BLACK
  6
CONTINUOUS
 62
  256
370
   -1
100
AcDbLine
 10
3.625284686126252
 20
1.524450418810823
 11
3.731312402661686
 21
1.438057466054917
  0
LINE
  5
42F
100
AcDbEntity
  8
BLACK
  6
CONTINUOUS
 62
  256
370
   -1
100
AcDbLine
 10
3.731312402661686
 20
1.438057466054917
 11
3.904125749118379
 21
1.438057466054917
  0
LINE
  5
430
100
AcDbEntity
  8
BLACK
  6
CONTINUOUS
 62
  256
370
   -1
100
AcDbLine
 10
3.904125749118379
 20
1.438057466054917
 11
3.930429804236489
 21
1.441536048732083
  0
LINE
  5
431
100
AcDbEntity
  8
BLACK
  6
CONTINUOUS
 62
  256
370
   -1
100
AcDbLine
 10
3.930429804236489
 20
1.441536048732083
 11
3.954874922346725
 21
1.451633765267516
  0
LINE
  5
432
100
AcDbEntity
  8
BLACK
  6
CONTINUOUS
 62
  256
370
   -1
100
AcDbLine
 10
3.954874922346725
 20
1.451633765267516
 11
3.975850867228615
 21
1.467775064480114
  0
LINE
  5
433
100
AcDbEntity
  8
BLACK
  6
CONTINUOUS
 62
  256
370
   -1
100
AcDbLine
 10
3.975850867228615
 20
1.467775064480114
 11
3.991992127071134
 21
1.488750969991925
  0
LINE
  5
434
100
AcDbEntity
  8
BLACK
  6
CONTINUOUS
 62
  256
370
   -1
100
AcDbLine
 10
3.991992127071134
 20
1.488750969991925
 11
4.002089882976646
 21
1.513196127472241
  0
LINE
  5
435
100
AcDbEntity
  8
BLACK
  6
CONTINUOUS
 62
  256
370
   -1
100
AcDbLine
 10
4.002089882976646
 20
1.513196127472241
 11
4.005559882976646
 21
1.539435418810823
  0
LINE
  5
436
100
AcDbEntity
  8
BLACK
  6
CONTINUOUS
 62
  256
370
   -1
100
AcDbLine
 10
4.005559882976646
 20
1.539435418810823
 11
4.002089882976646
 21
1.565674710149406
  0
LINE
  5
437
100
AcDbEntity
  8
BLACK
  6
CONTINUOUS
 62
  256
370
   -1
100
AcDbLine
 10
4.002089882976646
 20
1.565674710149406
 11
3.991992127071134
 21
1.590119867629721
  0
LINE
  5
438
100
AcDbEntity
  8
BLACK
  6
CONTINUOUS
 62
  256
370
   -1
100
AcDbLine
 10
3.991992127071134
 20
1.590119867629721
 11
3.975850867228615
 21
1.611095773141532
  0
LINE
  5
439
100
AcDbEntity
  8
BLACK
  6
CONTINUOUS
 62
  256
370
   -1
100
AcDbLine
 10
3.975850867228615
 20
1.611095773141532
 11
3.954874922346725
 21
1.62723707235413
  0
LINE
  5
43A
100
AcDbEntity
  8
BLACK
  6
CONTINUOUS
 62
  256
370
   -1
100
AcDbLine
 10
3.954874922346725
 20
1.62723707235413
 11
3.930429804236489
 21
1.637334788889563
  0
LINE
  5
43B
100
AcDbEntity
  8
BLACK
  6
CONTINUOUS
 62
  256
370
   -1
100
AcDbLine
 10
3.930429804236489
 20
1.637334788889563
 11
3.904125749118379
 21
1.640813371566729
  0
LINE
  5
43C
100
AcDbEntity
  8
BLACK
  6
CONTINUOUS
 62
  256
370
   -1
100
AcDbLine
 10
3.904125749118379
 20
1.640813371566729
 11
3.762458229433339
 21
1.640813371566729
  0
LINE
  5
43D
100
AcDbEntity
  8
BLACK
  6
CONTINUOUS
 62
  256
370
   -1
100
AcDbLine
 10
3.762458229433339
 20
1.640813371566729
 11
3.762224961716804
 21
1.640859749519485
  0
LINE
  5
43E
100
AcDbEntity
  8
BLACK
  6
CONTINUOUS
 62
  256
370
   -1
100
AcDbLine
 10
3.762224961716804
 20
1.640859749519485
 11
3.762175827858536
 21
1.640854749519484
  0
LINE
  5
43F
100
AcDbEntity
  8
BLACK
  6
CONTINUOUS
 62
  256
370
   -1
100
AcDbLine
 10
3.762175827858536
 20
1.640854749519484
 11
3.762131103449088
 21
1.640878410936807
  0
LINE
  5
440
100
AcDbEntity
  8
BLACK
  6
CONTINUOUS
 62
  256
370
   -1
100
AcDbLine
 10
3.762131103449088
 20
1.640878410936807
 11
3.762081575890032
 21
1.640888292826571
  0
LINE
  5
441
100
AcDbEntity
  8
BLACK
  6
CONTINUOUS
 62
  256
370
   -1
100
AcDbLine
 10
3.762081575890032
 20
1.640888292826571
 11
3.76204665463019
 21
1.640923174716335
  0
LINE
  5
442
100
AcDbEntity
  8
BLACK
  6
CONTINUOUS
 62
  256
370
   -1
100
AcDbLine
 10
3.76204665463019
 20
1.640923174716335
 11
3.761836497149874
 21
1.64103459203917
  0
LINE
  5
443
100
AcDbEntity
  8
BLACK
  6
CONTINUOUS
 62
  256
370
   -1
100
AcDbLine
 10
3.761836497149874
 20
1.64103459203917
 11
3.655808780614441
 21
1.727427544795074
  0
LINE
  5
444
100
AcDbEntity
  8
BLACK
  6
CONTINUOUS
 62
  256
370
   -1
100
AcDbLine
 10
3.655808780614441
 20
1.727427544795074
 11
3.614820434157748
 21
1.727427544795074
  0
LINE
  5
445
100
AcDbEntity
  8
BLACK
  6
CONTINUOUS
 62
  256
370
   -1
100
AcDbLine
 10
3.614820434157748
 20
1.727427544795074
 11
3.547891300299481
 21
1.727427544795074
  0
LINE
  5
446
100
AcDbEntity
  8
BLACK
  6
CONTINUOUS
 62
  256
370
   -1
100
AcDbLine
 10
3.547891300299481
 20
1.727427544795074
 11
3.494838623134127
 21
1.727427544795074
  0
LINE
  5
447
100
AcDbEntity
  8
BLACK
  6
CONTINUOUS
 62
  256
370
   -1
100
AcDbLine
 10
0.7132456310081423
 20
2.162466914873815
 11
0.7801747648664099
 21
2.162466914873815
  0
LINE
  5
448
100
AcDbEntity
  8
BLACK
  6
CONTINUOUS
 62
  256
370
   -1
100
AcDbLine
 10
0.7801747648664099
 20
2.162466914873815
 11
0.8215133475435754
 21
2.162466914873815
  0
LINE
  5
449
100
AcDbEntity
  8
BLACK
  6
CONTINUOUS
 62
  256
370
   -1
100
AcDbLine
 10
0.8215133475435754
 20
2.162466914873815
 11
0.8217466152601107
 21
2.16242049755098
  0
LINE
  5
44A
100
AcDbEntity
  8
BLACK
  6
CONTINUOUS
 62
  256
370
   -1
100
AcDbLine
 10
0.8217466152601107
 20
2.16242049755098
 11
0.8217957491183785
 21
2.162425536921059
  0
LINE
  5
44B
100
AcDbEntity
  8
BLACK
  6
CONTINUOUS
 62
  256
370
   -1
100
AcDbLine
 10
0.8217957491183785
 20
2.162425536921059
 11
0.8218404735278273
 21
2.162401836133657
  0
LINE
  5
44C
100
AcDbEntity
  8
BLACK
  6
CONTINUOUS
 62
  256
370
   -1
100
AcDbLine
 10
0.8218404735278273
 20
2.162401836133657
 11
0.8218900010868826
 21
2.162391993613972
  0
LINE
  5
44D
100
AcDbEntity
  8
BLACK
  6
CONTINUOUS
 62
  256
370
   -1
100
AcDbLine
 10
0.8218900010868826
 20
2.162391993613972
 11
0.8219249223467251
 21
2.16235707235413
  0
LINE
  5
44E
100
AcDbEntity
  8
BLACK
  6
CONTINUOUS
 62
  256
370
   -1
100
AcDbLine
 10
0.8219249223467251
 20
2.16235707235413
 11
0.8221350798270399
 21
2.162245694401374
  0
LINE
  5
44F
100
AcDbEntity
  8
BLACK
  6
CONTINUOUS
 62
  256
370
   -1
100
AcDbLine
 10
0.8221350798270399
 20
2.162245694401374
 11
0.928162796362473
 21
2.075852741645469
  0
LINE
  5
450
100
AcDbEntity
  8
BLACK
  6
CONTINUOUS
 62
  256
370
   -1
100
AcDbLine
 10
0.928162796362473
 20
2.075852741645469
 11
1.069544843606568
 21
2.075852741645469
  0
LINE
  5
451
100
AcDbEntity
  8
BLACK
  6
CONTINUOUS
 62
  256
370
   -1
100
AcDbLine
 10
1.069544843606568
 20
2.075852741645469
 11
1.06960881998452
 21
2.075839985739957
  0
LINE
  5
452
100
AcDbEntity
  8
BLACK
  6
CONTINUOUS
 62
  256
370
   -1
100
AcDbLine
 10
1.06960881998452
 20
2.075839985739957
 11
1.069673898724678
 21
2.075844237708461
  0
LINE
  5
453
100
AcDbEntity
  8
BLACK
  6
CONTINUOUS
 62
  256
370
   -1
100
AcDbLine
 10
1.069673898724678
 20
2.075844237708461
 11
1.096169922346725
 21
2.072340300700587
  0
LINE
  5
454
100
AcDbEntity
  8
BLACK
  6
CONTINUOUS
 62
  256
370
   -1
100
AcDbLine
 10
1.096169922346725
 20
2.072340300700587
 11
1.096290985338851
 21
2.072299080228145
  0
LINE
  5
455
100
AcDbEntity
  8
BLACK
  6
CONTINUOUS
 62
  256
370
   -1
100
AcDbLine
 10
1.096290985338851
 20
2.072299080228145
 11
1.096416694000268
 21
2.07227423770846
  0
LINE
  5
456
100
AcDbEntity
  8
BLACK
  6
CONTINUOUS
 62
  256
370
   -1
100
AcDbLine
 10
1.096416694000268
 20
2.07227423770846
 11
1.121101733370347
 21
2.062077387314759
  0
LINE
  5
457
100
AcDbEntity
  8
BLACK
  6
CONTINUOUS
 62
  256
370
   -1
100
AcDbLine
 10
1.121101733370347
 20
2.062077387314759
 11
1.121209804236489
 21
2.062005300700586
  0
LINE
  5
458
100
AcDbEntity
  8
BLACK
  6
CONTINUOUS
 62
  256
370
   -1
100
AcDbLine
 10
1.121209804236489
 20
2.062005300700586
 11
1.121326182189245
 21
2.061947741645469
  0
LINE
  5
459
100
AcDbEntity
  8
BLACK
  6
CONTINUOUS
 62
  256
370
   -1
100
AcDbLine
 10
1.121326182189245
 20
2.061947741645469
 11
1.142507284551449
 21
2.045648529047043
  0
LINE
  5
45A
100
AcDbEntity
  8
BLACK
  6
CONTINUOUS
 62
  256
370
   -1
100
AcDbLine
 10
1.142507284551449
 20
2.045648529047043
 11
1.142591142819166
 21
2.045552584165153
  0
LINE
  5
45B
100
AcDbEntity
  8
BLACK
  6
CONTINUOUS
 62
  256
370
   -1
100
AcDbLine
 10
1.142591142819166
 20
2.045552584165153
 11
1.142687087701056
 21
2.045468725897437
  0
LINE
  5
45C
100
AcDbEntity
  8
BLACK
  6
CONTINUOUS
 62
  256
370
   -1
100
AcDbLine
 10
1.142687087701056
 20
2.045468725897437
 11
1.158986300299481
 21
2.024287623535233
  0
LINE
  5
45D
100
AcDbEntity
  8
BLACK
  6
CONTINUOUS
 62
  256
370
   -1
100
AcDbLine
 10
1.158986300299481
 20
2.024287623535233
 11
1.159043898724678
 21
2.024171206212397
  0
LINE
  5
45E
100
AcDbEntity
  8
BLACK
  6
CONTINUOUS
 62
  256
370
   -1
100
AcDbLine
 10
1.159043898724678
 20
2.024171206212397
 11
1.159115945968772
 21
2.024063174716335
  0
LINE
  5
45F
100
AcDbEntity
  8
BLACK
  6
CONTINUOUS
 62
  256
370
   -1
100
AcDbLine
 10
1.159115945968772
 20
2.024063174716335
 11
1.169312796362473
 21
1.999378095976177
  0
LINE
  5
460
100
AcDbEntity
  8
BLACK
  6
CONTINUOUS
 62
  256
370
   -1
100
AcDbLine
 10
1.169312796362473
 20
1.999378095976177
 11
1.169337638882158
 21
1.999252544795075
  0
LINE
  5
461
100
AcDbEntity
  8
BLACK
  6
CONTINUOUS
 62
  256
370
   -1
100
AcDbLine
 10
1.169337638882158
 20
1.999252544795075
 11
1.169378859354599
 21
1.999131403062791
  0
LINE
  5
462
100
AcDbEntity
  8
BLACK
  6
CONTINUOUS
 62
  256
370
   -1
100
AcDbLine
 10
1.169378859354599
 20
1.999131403062791
 11
1.172882796362473
 21
1.972635340070665
  0
LINE
  5
463
100
AcDbEntity
  8
BLACK
  6
CONTINUOUS
 62
  256
370
   -1
100
AcDbLine
 10
1.172882796362473
 20
1.972635340070665
 11
1.172874410535701
 21
1.972506284952555
  0
LINE
  5
464
100
AcDbEntity
  8
BLACK
  6
CONTINUOUS
 62
  256
370
   -1
100
AcDbLine
 10
1.172874410535701
 20
1.972506284952555
 11
1.172882796362473
 21
1.972377229834445
  0
LINE
  5
465
100
AcDbEntity
  8
BLACK
  6
CONTINUOUS
 62
  256
370
   -1
100
AcDbLine
 10
1.172882796362473
 20
1.972377229834445
 11
1.169378859354599
 21
1.945881166842319
  0
LINE
  5
466
100
AcDbEntity
  8
BLACK
  6
CONTINUOUS
 62
  256
370
   -1
100
AcDbLine
 10
1.169378859354599
 20
1.945881166842319
 11
1.169337638882158
 21
1.945759985739957
  0
LINE
  5
467
100
AcDbEntity
  8
BLACK
  6
CONTINUOUS
 62
  256
370
   -1
100
AcDbLine
 10
1.169337638882158
 20
1.945759985739957
 11
1.169312796362473
 21
1.945634473928933
  0
LINE
  5
468
100
AcDbEntity
  8
BLACK
  6
CONTINUOUS
 62
  256
370
   -1
100
AcDbLine
 10
1.169312796362473
 20
1.945634473928933
 11
1.159115945968772
 21
1.920949395188775
  0
LINE
  5
469
100
AcDbEntity
  8
BLACK
  6
CONTINUOUS
 62
  256
370
   -1
100
AcDbLine
 10
1.159115945968772
 20
1.920949395188775
 11
1.159043898724678
 21
1.920841324322634
  0
LINE
  5
46A
100
AcDbEntity
  8
BLACK
  6
CONTINUOUS
 62
  256
370
   -1
100
AcDbLine
 10
1.159043898724678
 20
1.920841324322634
 11
1.158986300299481
 21
1.920724946369877
  0
LINE
  5
46B
100
AcDbEntity
  8
BLACK
  6
CONTINUOUS
 62
  256
370
   -1
100
AcDbLine
 10
1.158986300299481
 20
1.920724946369877
 11
1.142687087701056
 21
1.899543844007673
  0
LINE
  5
46C
100
AcDbEntity
  8
BLACK
  6
CONTINUOUS
 62
  256
370
   -1
100
AcDbLine
 10
1.142687087701056
 20
1.899543844007673
 11
1.142591142819166
 21
1.899459946369878
  0
LINE
  5
46D
100
AcDbEntity
  8
BLACK
  6
CONTINUOUS
 62
  256
370
   -1
100
AcDbLine
 10
1.142591142819166
 20
1.899459946369878
 11
1.142507284551449
 21
1.899364040858067
  0
LINE
  5
46E
100
AcDbEntity
  8
BLACK
  6
CONTINUOUS
 62
  256
370
   -1
100
AcDbLine
 10
1.142507284551449
 20
1.899364040858067
 11
1.121326182189245
 21
1.883064828259641
  0
LINE
  5
46F
100
AcDbEntity
  8
BLACK
  6
CONTINUOUS
 62
  256
370
   -1
100
AcDbLine
 10
1.121326182189245
 20
1.883064828259641
 11
1.121209804236489
 21
1.883007229834445
  0
LINE
  5
470
100
AcDbEntity
  8
BLACK
  6
CONTINUOUS
 62
  256
370
   -1
100
AcDbLine
 10
1.121209804236489
 20
1.883007229834445
 11
1.121101733370347
 21
1.882935182590351
  0
LINE
  5
471
100
AcDbEntity
  8
BLACK
  6
CONTINUOUS
 62
  256
370
   -1
100
AcDbLine
 10
1.121101733370347
 20
1.882935182590351
 11
1.096416694000268
 21
1.87273833219665
  0
LINE
  5
472
100
AcDbEntity
  8
BLACK
  6
CONTINUOUS
 62
  256
370
   -1
100
AcDbLine
 10
1.096416694000268
 20
1.87273833219665
 11
1.096290985338851
 21
1.872713450306886
  0
LINE
  5
473
100
AcDbEntity
  8
BLACK
  6
CONTINUOUS
 62
  256
370
   -1
100
AcDbLine
 10
1.096290985338851
 20
1.872713450306886
 11
1.096169922346725
 21
1.872672269204523
  0
LINE
  5
474
100
AcDbEntity
  8
BLACK
  6
CONTINUOUS
 62
  256
370
   -1
100
AcDbLine
 10
1.096169922346725
 20
1.872672269204523
 11
1.069673898724678
 21
1.86916833219665
  0
LINE
  5
475
100
AcDbEntity
  8
BLACK
  6
CONTINUOUS
 62
  256
370
   -1
100
AcDbLine
 10
1.069673898724678
 20
1.86916833219665
 11
1.06960881998452
 21
1.869172544795075
  0
LINE
  5
476
100
AcDbEntity
  8
BLACK
  6
CONTINUOUS
 62
  256
370
   -1
100
AcDbLine
 10
1.06960881998452
 20
1.869172544795075
 11
1.069544843606568
 21
1.869159828259642
  0
LINE
  5
477
100
AcDbEntity
  8
BLACK
  6
CONTINUOUS
 62
  256
370
   -1
100
AcDbLine
 10
1.069544843606568
 20
1.869159828259642
 11
0.8963164971498747
 21
1.869159828259642
  0
LINE
  5
478
100
AcDbEntity
  8
BLACK
  6
CONTINUOUS
 62
  256
370
   -1
100
AcDbLine
 10
0.8963164971498747
 20
1.869159828259642
 11
0.8960832688034179
 21
1.869206206212398
  0
LINE
  5
479
100
AcDbEntity
  8
BLACK
  6
CONTINUOUS
 62
  256
370
   -1
100
AcDbLine
 10
0.8960832688034179
 20
1.869206206212398
 11
0.8960340955750714
 21
1.869201206212398
  0
LINE
  5
47A
100
AcDbEntity
  8
BLACK
  6
CONTINUOUS
 62
  256
370
   -1
100
AcDbLine
 10
0.8960340955750714
 20
1.869201206212398
 11
0.8959894105357014
 21
1.86922486762972
  0
LINE
  5
47B
100
AcDbEntity
  8
BLACK
  6
CONTINUOUS
 62
  256
370
   -1
100
AcDbLine
 10
0.8959894105357014
 20
1.86922486762972
 11
0.8959398436065675
 21
1.869234749519484
  0
LINE
  5
47C
100
AcDbEntity
  8
BLACK
  6
CONTINUOUS
 62
  256
370
   -1
100
AcDbLine
 10
0.8959398436065675
 20
1.869234749519484
 11
0.8959049617168038
 21
1.869269631409248
  0
LINE
  5
47D
100
AcDbEntity
  8
BLACK
  6
CONTINUOUS
 62
  256
370
   -1
100
AcDbLine
 10
0.8959049617168038
 20
1.869269631409248
 11
0.89569476486641
 21
1.869381048732083
  0
LINE
  5
47E
100
AcDbEntity
  8
BLACK
  6
CONTINUOUS
 62
  256
370
   -1
100
AcDbLine
 10
0.89569476486641
 20
1.869381048732083
 11
0.7896670483309769
 21
1.955774001487988
  0
LINE
  5
47F
100
AcDbEntity
  8
BLACK
  6
CONTINUOUS
 62
  256
370
   -1
100
AcDbLine
 10
0.7896670483309769
 20
1.955774001487988
 11
0.6600960247089298
 21
1.955774001487988
  0
LINE
  5
480
100
AcDbEntity
  8
BLACK
  6
CONTINUOUS
 62
  256
370
   -1
100
AcDbLine
 10
0.6600960247089298
 20
1.955774001487988
 11
0.6600009065986936
 21
1.955792899125783
  0
LINE
  5
481
100
AcDbEntity
  8
BLACK
  6
CONTINUOUS
 62
  256
370
   -1
100
AcDbLine
 10
0.6600009065986936
 20
1.955792899125783
 11
0.6599039380947564
 21
1.955792938495862
  0
LINE
  5
482
100
AcDbEntity
  8
BLACK
  6
CONTINUOUS
 62
  256
370
   -1
100
AcDbLine
 10
0.6599039380947564
 20
1.955792938495862
 11
0.6207307097482997
 21
1.963588214086413
  0
LINE
  5
483
100
AcDbEntity
  8
BLACK
  6
CONTINUOUS
 62
  256
370
   -1
100
AcDbLine
 10
0.6207307097482997
 20
1.963588214086413
 11
0.6207304341577486
 21
1.963588332196649
  0
LINE
  5
484
100
AcDbEntity
  8
BLACK
  6
CONTINUOUS
 62
  256
370
   -1
100
AcDbLine
 10
0.6207304341577486
 20
1.963588332196649
 11
0.6207301979372761
 21
1.963588292826571
  0
LINE
  5
485
100
AcDbEntity
  8
BLACK
  6
CONTINUOUS
 62
  256
370
   -1
100
AcDbLine
 10
0.6207301979372761
 20
1.963588292826571
 11
0.6205379144727092
 21
1.963668056606099
  0
LINE
  5
486
100
AcDbEntity
  8
BLACK
  6
CONTINUOUS
 62
  256
370
   -1
100
AcDbLine
 10
0.6205379144727092
 20
1.963668056606099
 11
0.6203759065986936
 21
1.963735182590351
  0
LINE
  5
487
100
AcDbEntity
  8
BLACK
  6
CONTINUOUS
 62
  256
370
   -1
100
AcDbLine
 10
0.6203759065986936
 20
1.963735182590351
 11
0.6203758278585361
 21
1.963735300700587
  0
LINE
  5
488
100
AcDbEntity
  8
BLACK
  6
CONTINUOUS
 62
  256
370
   -1
100
AcDbLine
 10
0.6203758278585361
 20
1.963735300700587
 11
0.620375512897906
 21
1.963735458180902
  0
LINE
  5
489
100
AcDbEntity
  8
BLACK
  6
CONTINUOUS
 62
  256
370
   -1
100
AcDbLine
 10
0.620375512897906
 20
1.963735458180902
 11
0.5871864971498746
 21
1.985940221960429
  0
LINE
  5
48A
100
AcDbEntity
  8
BLACK
  6
CONTINUOUS
 62
  256
370
   -1
100
AcDbLine
 10
0.5871864971498746
 20
1.985940221960429
 11
0.5870512215593235
 21
1.986075615661217
  0
LINE
  5
48B
100
AcDbEntity
  8
BLACK
  6
CONTINUOUS
 62
  256
370
   -1
100
AcDbLine
 10
0.5870512215593235
 20
1.986075615661217
 11
0.5869157884884573
 21
1.986210930621846
  0
LINE
  5
48C
100
AcDbEntity
  8
BLACK
  6
CONTINUOUS
 62
  256
370
   -1
100
AcDbLine
 10
0.5869157884884573
 20
1.986210930621846
 11
0.5647110640790083
 21
2.019399906999799
  0
LINE
  5
48D
100
AcDbEntity
  8
BLACK
  6
CONTINUOUS
 62
  256
370
   -1
100
AcDbLine
 10
0.5647110640790083
 20
2.019399906999799
 11
0.5647109459687722
 21
2.01940018259035
  0
LINE
  5
48E
100
AcDbEntity
  8
BLACK
  6
CONTINUOUS
 62
  256
370
   -1
100
AcDbLine
 10
0.5647109459687722
 20
2.01940018259035
 11
0.5647107491183785
 21
2.019400340070665
  0
LINE
  5
48F
100
AcDbEntity
  8
BLACK
  6
CONTINUOUS
 62
  256
370
   -1
100
AcDbLine
 10
0.5647107491183785
 20
2.019400340070665
 11
0.5646368514805833
 21
2.019578765267516
  0
LINE
  5
490
100
AcDbEntity
  8
BLACK
  6
CONTINUOUS
 62
  256
370
   -1
100
AcDbLine
 10
0.5646368514805833
 20
2.019578765267516
 11
0.564563859354599
 21
2.019754631409248
  0
LINE
  5
491
100
AcDbEntity
  8
BLACK
  6
CONTINUOUS
 62
  256
370
   -1
100
AcDbLine
 10
0.564563859354599
 20
2.019754631409248
 11
0.5645639380947565
 21
2.019754828259642
  0
LINE
  5
492
100
AcDbEntity
  8
BLACK
  6
CONTINUOUS
 62
  256
370
   -1
100
AcDbLine
 10
0.5645639380947565
 20
2.019754828259642
 11
0.5645637806144415
 21
2.019755143220272
  0
LINE
  5
493
100
AcDbEntity
  8
BLACK
  6
CONTINUOUS
 62
  256
370
   -1
100
AcDbLine
 10
0.5645637806144415
 20
2.019755143220272
 11
0.5567685050238902
 21
2.058928371566728
  0
LINE
  5
494
100
AcDbEntity
  8
BLACK
  6
CONTINUOUS
 62
  256
370
   -1
100
AcDbLine
 10
0.5567685050238902
 20
2.058928371566728
 11
0.5567685050238902
 21
2.058928450306886
  0
LINE
  5
495
100
AcDbEntity
  8
BLACK
  6
CONTINUOUS
 62
  256
370
   -1
100
AcDbLine
 10
0.5567685050238902
 20
2.058928450306886
 11
0.5567684656538117
 21
2.058928529047043
  0
LINE
  5
496
100
AcDbEntity
  8
BLACK
  6
CONTINUOUS
 62
  256
370
   -1
100
AcDbLine
 10
0.5567684656538117
 20
2.058928529047043
 11
0.5567685050238902
 21
2.059120458180901
  0
LINE
  5
497
100
AcDbEntity
  8
BLACK
  6
CONTINUOUS
 62
  256
370
   -1
100
AcDbLine
 10
0.5567685050238902
 20
2.059120458180901
 11
0.5567684656538117
 21
2.05931238731476
  0
LINE
  5
498
100
AcDbEntity
  8
BLACK
  6
CONTINUOUS
 62
  256
370
   -1
100
AcDbLine
 10
0.5567684656538117
 20
2.05931238731476
 11
0.5567685050238902
 21
2.059312426684839
  0
LINE
  5
499
100
AcDbEntity
  8
BLACK
  6
CONTINUOUS
 62
  256
370
   -1
100
AcDbLine
 10
0.5567685050238902
 20
2.059312426684839
 11
0.5567685050238902
 21
2.059312544795075
  0
LINE
  5
49A
100
AcDbEntity
  8
BLACK
  6
CONTINUOUS
 62
  256
370
   -1
100
AcDbLine
 10
0.5567685050238902
 20
2.059312544795075
 11
0.5645637806144415
 21
2.098485773141531
  0
LINE
  5
49B
100
AcDbEntity
  8
BLACK
  6
CONTINUOUS
 62
  256
370
   -1
100
AcDbLine
 10
0.5645637806144415
 20
2.098485773141531
 11
0.5645639380947565
 21
2.098486048732083
  0
LINE
  5
49C
100
AcDbEntity
  8
BLACK
  6
CONTINUOUS
 62
  256
370
   -1
100
AcDbLine
 10
0.5645639380947565
 20
2.098486048732083
 11
0.564563859354599
 21
2.098486284952555
  0
LINE
  5
49D
100
AcDbEntity
  8
BLACK
  6
CONTINUOUS
 62
  256
370
   -1
100
AcDbLine
 10
0.564563859354599
 20
2.098486284952555
 11
0.5646368514805833
 21
2.098662111724209
  0
LINE
  5
49E
100
AcDbEntity
  8
BLACK
  6
CONTINUOUS
 62
  256
370
   -1
100
AcDbLine
 10
0.5646368514805833
 20
2.098662111724209
 11
0.5647107491183785
 21
2.098840576291138
  0
LINE
  5
49F
100
AcDbEntity
  8
BLACK
  6
CONTINUOUS
 62
  256
370
   -1
100
AcDbLine
 10
0.5647107491183785
 20
2.098840576291138
 11
0.5647109459687722
 21
2.098840694401374
  0
LINE
  5
4A0
100
AcDbEntity
  8
BLACK
  6
CONTINUOUS
 62
  256
370
   -1
100
AcDbLine
 10
0.5647109459687722
 20
2.098840694401374
 11
0.5647110640790083
 21
2.098841009362004
  0
LINE
  5
4A1
100
AcDbEntity
  8
BLACK
  6
CONTINUOUS
 62
  256
370
   -1
100
AcDbLine
 10
0.5647110640790083
 20
2.098841009362004
 11
0.5869157884884573
 21
2.132029985739957
  0
LINE
  5
4A2
100
AcDbEntity
  8
BLACK
  6
CONTINUOUS
 62
  256
370
   -1
100
AcDbLine
 10
0.5869157884884573
 20
2.132029985739957
 11
0.5870512215593235
 21
2.132165261330508
  0
LINE
  5
4A3
100
AcDbEntity
  8
BLACK
  6
CONTINUOUS
 62
  256
370
   -1
100
AcDbLine
 10
0.5870512215593235
 20
2.132165261330508
 11
0.5871864971498746
 21
2.132300694401374
  0
LINE
  5
4A4
100
AcDbEntity
  8
BLACK
  6
CONTINUOUS
 62
  256
370
   -1
100
AcDbLine
 10
0.5871864971498746
 20
2.132300694401374
 11
0.620375512897906
 21
2.154505458180902
  0
LINE
  5
4A5
100
AcDbEntity
  8
BLACK
  6
CONTINUOUS
 62
  256
370
   -1
100
AcDbLine
 10
0.620375512897906
 20
2.154505458180902
 11
0.6203758278585361
 21
2.154505576291138
  0
LINE
  5
4A6
100
AcDbEntity
  8
BLACK
  6
CONTINUOUS
 62
  256
370
   -1
100
AcDbLine
 10
0.6203758278585361
 20
2.154505576291138
 11
0.6203759065986936
 21
2.154505733771453
  0
LINE
  5
4A7
100
AcDbEntity
  8
BLACK
  6
CONTINUOUS
 62
  256
370
   -1
100
AcDbLine
 10
0.6203759065986936
 20
2.154505733771453
 11
0.6205379144727092
 21
2.154572820385626
  0
LINE
  5
4A8
100
AcDbEntity
  8
BLACK
  6
CONTINUOUS
 62
  256
370
   -1
100
AcDbLine
 10
0.6205379144727092
 20
2.154572820385626
 11
0.6207301979372761
 21
2.154652623535232
  0
LINE
  5
4A9
100
AcDbEntity
  8
BLACK
  6
CONTINUOUS
 62
  256
370
   -1
100
AcDbLine
 10
0.6207301979372761
 20
2.154652623535232
 11
0.6207304341577486
 21
2.154652544795074
  0
LINE
  5
4AA
100
AcDbEntity
  8
BLACK
  6
CONTINUOUS
 62
  256
370
   -1
100
AcDbLine
 10
0.6207304341577486
 20
2.154652544795074
 11
0.6207307097482997
 21
2.154652702275389
  0
LINE
  5
4AB
100
AcDbEntity
  8
BLACK
  6
CONTINUOUS
 62
  256
370
   -1
100
AcDbLine
 10
0.6207307097482997
 20
2.154652702275389
 11
0.6599039380947564
 21
2.16244797786594
  0
LINE
  5
4AC
100
AcDbEntity
  8
BLACK
  6
CONTINUOUS
 62
  256
370
   -1
100
AcDbLine
 10
0.6599039380947564
 20
2.16244797786594
 11
0.6600009065986936
 21
2.16244797786594
  0
LINE
  5
4AD
100
AcDbEntity
  8
BLACK
  6
CONTINUOUS
 62
  256
370
   -1
100
AcDbLine
 10
0.6600009065986936
 20
2.16244797786594
 11
0.6600960247089298
 21
2.162466914873815
  0
LINE
  5
4AE
100
AcDbEntity
  8
BLACK
  6
CONTINUOUS
 62
  256
370
   -1
100
AcDbLine
 10
0.6600960247089298
 20
2.162466914873815
 11
0.7132456310081423
 21
2.162466914873815
  0
LINE
  5
4AF
100
AcDbEntity
  8
BLACK
  6
CONTINUOUS
 62
  256
370
   -1
100
AcDbLine
 10
0.660192953842788
 20
2.160498410936807
 11
0.6213072058112918
 21
2.152760300700587
  0
LINE
  5
4B0
100
AcDbEntity
  8
BLACK
  6
CONTINUOUS
 62
  256
370
   -1
100
AcDbLine
 10
0.6213072058112918
 20
2.152760300700587
 11
0.5884433869136541
 21
2.130773135346256
  0
LINE
  5
4B1
100
AcDbEntity
  8
BLACK
  6
CONTINUOUS
 62
  256
370
   -1
100
AcDbLine
 10
0.5884433869136541
 20
2.130773135346256
 11
0.5664561821892447
 21
2.097909277078539
  0
LINE
  5
4B2
100
AcDbEntity
  8
BLACK
  6
CONTINUOUS
 62
  256
370
   -1
100
AcDbLine
 10
0.5664561821892447
 20
2.097909277078539
 11
0.5587373632916068
 21
2.059120458180901
  0
LINE
  5
4B3
100
AcDbEntity
  8
BLACK
  6
CONTINUOUS
 62
  256
370
   -1
100
AcDbLine
 10
0.5587373632916068
 20
2.059120458180901
 11
0.5664561821892447
 21
2.020331599913185
  0
LINE
  5
4B4
100
AcDbEntity
  8
BLACK
  6
CONTINUOUS
 62
  256
370
   -1
100
AcDbLine
 10
0.5664561821892447
 20
2.020331599913185
 11
0.5884433869136541
 21
1.987467741645468
  0
LINE
  5
4B5
100
AcDbEntity
  8
BLACK
  6
CONTINUOUS
 62
  256
370
   -1
100
AcDbLine
 10
0.5884433869136541
 20
1.987467741645468
 11
0.6213072058112918
 21
1.965480576291138
  0
LINE
  5
4B6
100
AcDbEntity
  8
BLACK
  6
CONTINUOUS
 62
  256
370
   -1
100
AcDbLine
 10
0.6213072058112918
 20
1.965480576291138
 11
0.660192953842788
 21
1.957742505424996
  0
LINE
  5
4B7
100
AcDbEntity
  8
BLACK
  6
CONTINUOUS
 62
  256
370
   -1
100
AcDbLine
 10
0.660192953842788
 20
1.957742505424996
 11
0.7900172845514495
 21
1.957742505424996
  0
LINE
  5
4B8
100
AcDbEntity
  8
BLACK
  6
CONTINUOUS
 62
  256
370
   -1
100
AcDbLine
 10
0.7900172845514495
 20
1.957742505424996
 11
0.7902505522679848
 21
1.957696088102161
  0
LINE
  5
4B9
100
AcDbEntity
  8
BLACK
  6
CONTINUOUS
 62
  256
370
   -1
100
AcDbLine
 10
0.7902505522679848
 20
1.957696088102161
 11
0.7902996861262526
 21
1.95770112747224
  0
LINE
  5
4BA
100
AcDbEntity
  8
BLACK
  6
CONTINUOUS
 62
  256
370
   -1
100
AcDbLine
 10
0.7902996861262526
 20
1.95770112747224
 11
0.7903444105357014
 21
1.957677426684839
  0
LINE
  5
4BB
100
AcDbEntity
  8
BLACK
  6
CONTINUOUS
 62
  256
370
   -1
100
AcDbLine
 10
0.7903444105357014
 20
1.957677426684839
 11
0.7903939380947564
 21
1.957667584165153
  0
LINE
  5
4BC
100
AcDbEntity
  8
BLACK
  6
CONTINUOUS
 62
  256
370
   -1
100
AcDbLine
 10
0.7903939380947564
 20
1.957667584165153
 11
0.7904288593545989
 21
1.957632662905311
  0
LINE
  5
4BD
100
AcDbEntity
  8
BLACK
  6
CONTINUOUS
 62
  256
370
   -1
100
AcDbLine
 10
0.7904288593545989
 20
1.957632662905311
 11
0.790639016834914
 21
1.957521284952555
  0
LINE
  5
4BE
100
AcDbEntity
  8
BLACK
  6
CONTINUOUS
 62
  256
370
   -1
100
AcDbLine
 10
0.790639016834914
 20
1.957521284952555
 11
0.8966667333703471
 21
1.871128332196649
  0
LINE
  5
4BF
100
AcDbEntity
  8
BLACK
  6
CONTINUOUS
 62
  256
370
   -1
100
AcDbLine
 10
0.8966667333703471
 20
1.871128332196649
 11
1.06948007982704
 21
1.871128332196649
  0
LINE
  5
4C0
100
AcDbEntity
  8
BLACK
  6
CONTINUOUS
 62
  256
370
   -1
100
AcDbLine
 10
1.06948007982704
 20
1.871128332196649
 11
1.09578413494515
 21
1.874606875503736
  0
LINE
  5
4C1
100
AcDbEntity
  8
BLACK
  6
CONTINUOUS
 62
  256
370
   -1
100
AcDbLine
 10
1.09578413494515
 20
1.874606875503736
 11
1.120229253055386
 21
1.884704592039169
  0
LINE
  5
4C2
100
AcDbEntity
  8
BLACK
  6
CONTINUOUS
 62
  256
370
   -1
100
AcDbLine
 10
1.120229253055386
 20
1.884704592039169
 11
1.141205197937276
 21
1.900845891251768
  0
LINE
  5
4C3
100
AcDbEntity
  8
BLACK
  6
CONTINUOUS
 62
  256
370
   -1
100
AcDbLine
 10
1.141205197937276
 20
1.900845891251768
 11
1.157346457779796
 21
1.921821796763579
  0
LINE
  5
4C4
100
AcDbEntity
  8
BLACK
  6
CONTINUOUS
 62
  256
370
   -1
100
AcDbLine
 10
1.157346457779796
 20
1.921821796763579
 11
1.167444213685308
 21
1.946266954243893
  0
LINE
  5
4C5
100
AcDbEntity
  8
BLACK
  6
CONTINUOUS
 62
  256
370
   -1
100
AcDbLine
 10
1.167444213685308
 20
1.946266954243893
 11
1.170914213685308
 21
1.972506284952555
  0
LINE
  5
4C6
100
AcDbEntity
  8
BLACK
  6
CONTINUOUS
 62
  256
370
   -1
100
AcDbLine
 10
1.170914213685308
 20
1.972506284952555
 11
1.167444213685308
 21
1.998745576291138
  0
LINE
  5
4C7
100
AcDbEntity
  8
BLACK
  6
CONTINUOUS
 62
  256
370
   -1
100
AcDbLine
 10
1.167444213685308
 20
1.998745576291138
 11
1.157346457779796
 21
2.023190733771453
  0
LINE
  5
4C8
100
AcDbEntity
  8
BLACK
  6
CONTINUOUS
 62
  256
370
   -1
100
AcDbLine
 10
1.157346457779796
 20
2.023190733771453
 11
1.141205197937276
 21
2.044166639283263
  0
LINE
  5
4C9
100
AcDbEntity
  8
BLACK
  6
CONTINUOUS
 62
  256
370
   -1
100
AcDbLine
 10
1.141205197937276
 20
2.044166639283263
 11
1.120229253055386
 21
2.060307938495862
  0
LINE
  5
4CA
100
AcDbEntity
  8
BLACK
  6
CONTINUOUS
 62
  256
370
   -1
100
AcDbLine
 10
1.120229253055386
 20
2.060307938495862
 11
1.09578413494515
 21
2.070405655031295
  0
LINE
  5
4CB
100
AcDbEntity
  8
BLACK
  6
CONTINUOUS
 62
  256
370
   -1
100
AcDbLine
 10
1.09578413494515
 20
2.070405655031295
 11
1.06948007982704
 21
2.073884237708461
  0
LINE
  5
4CC
100
AcDbEntity
  8
BLACK
  6
CONTINUOUS
 62
  256
370
   -1
100
AcDbLine
 10
1.06948007982704
 20
2.073884237708461
 11
0.9278125601420006
 21
2.073884237708461
  0
LINE
  5
4CD
100
AcDbEntity
  8
BLACK
  6
CONTINUOUS
 62
  256
370
   -1
100
AcDbLine
 10
0.9278125601420006
 20
2.073884237708461
 11
0.9275793317955439
 21
2.073930615661216
  0
LINE
  5
4CE
100
AcDbEntity
  8
BLACK
  6
CONTINUOUS
 62
  256
370
   -1
100
AcDbLine
 10
0.9275793317955439
 20
2.073930615661216
 11
0.9275301585671973
 21
2.073925615661216
  0
LINE
  5
4CF
100
AcDbEntity
  8
BLACK
  6
CONTINUOUS
 62
  256
370
   -1
100
AcDbLine
 10
0.9275301585671973
 20
2.073925615661216
 11
0.9274854735278273
 21
2.073949277078539
  0
LINE
  5
4D0
100
AcDbEntity
  8
BLACK
  6
CONTINUOUS
 62
  256
370
   -1
100
AcDbLine
 10
0.9274854735278273
 20
2.073949277078539
 11
0.9274359065986935
 21
2.073959158968303
  0
LINE
  5
4D1
100
AcDbEntity
  8
BLACK
  6
CONTINUOUS
 62
  256
370
   -1
100
AcDbLine
 10
0.9274359065986935
 20
2.073959158968303
 11
0.9274010247089297
 21
2.073994040858067
  0
LINE
  5
4D2
100
AcDbEntity
  8
BLACK
  6
CONTINUOUS
 62
  256
370
   -1
100
AcDbLine
 10
0.9274010247089297
 20
2.073994040858067
 11
0.9271908278585359
 21
2.074105458180902
  0
LINE
  5
4D3
100
AcDbEntity
  8
BLACK
  6
CONTINUOUS
 62
  256
370
   -1
100
AcDbLine
 10
0.9271908278585359
 20
2.074105458180902
 11
0.8211631113231028
 21
2.160498410936807
  0
LINE
  5
4D4
100
AcDbEntity
  8
BLACK
  6
CONTINUOUS
 62
  256
370
   -1
100
AcDbLine
 10
0.8211631113231028
 20
2.160498410936807
 11
0.7801747648664099
 21
2.160498410936807
  0
LINE
  5
4D5
100
AcDbEntity
  8
BLACK
  6
CONTINUOUS
 62
  256
370
   -1
100
AcDbLine
 10
0.7801747648664099
 20
2.160498410936807
 11
0.7132456310081423
 21
2.160498410936807
  0
LINE
  5
4D6
100
AcDbEntity
  8
BLACK
  6
CONTINUOUS
 62
  256
370
   -1
100
AcDbLine
 10
0.7132456310081423
 20
2.160498410936807
 11
0.660192953842788
 21
2.160498410936807
  0
LINE
  5
4D7
100
AcDbEntity
  8
BLACK
  6
CONTINUOUS
 62
  256
370
   -1
100
AcDbLine
 10
1.421907048330977
 20
2.39868738731476
 11
1.488836182189245
 21
2.39868738731476
  0
LINE
  5
4D8
100
AcDbEntity
  8
BLACK
  6
CONTINUOUS
 62
  256
370
   -1
100
AcDbLine
 10
1.488836182189245
 20
2.39868738731476
 11
1.53017476486641
 21
2.39868738731476
  0
LINE
  5
4D9
100
AcDbEntity
  8
BLACK
  6
CONTINUOUS
 62
  256
370
   -1
100
AcDbLine
 10
1.53017476486641
 20
2.39868738731476
 11
1.530407993212867
 21
2.398640969991925
  0
LINE
  5
4DA
100
AcDbEntity
  8
BLACK
  6
CONTINUOUS
 62
  256
370
   -1
100
AcDbLine
 10
1.530407993212867
 20
2.398640969991925
 11
1.530457166441213
 21
2.398646009362004
  0
LINE
  5
4DB
100
AcDbEntity
  8
BLACK
  6
CONTINUOUS
 62
  256
370
   -1
100
AcDbLine
 10
1.530457166441213
 20
2.398646009362004
 11
1.530501851480583
 21
2.398622308574602
  0
LINE
  5
4DC
100
AcDbEntity
  8
BLACK
  6
CONTINUOUS
 62
  256
370
   -1
100
AcDbLine
 10
1.530501851480583
 20
2.398622308574602
 11
1.530551418409717
 21
2.398612466054917
  0
LINE
  5
4DD
100
AcDbEntity
  8
BLACK
  6
CONTINUOUS
 62
  256
370
   -1
100
AcDbLine
 10
1.530551418409717
 20
2.398612466054917
 11
1.530586300299481
 21
2.398577544795074
  0
LINE
  5
4DE
100
AcDbEntity
  8
BLACK
  6
CONTINUOUS
 62
  256
370
   -1
100
AcDbLine
 10
1.530586300299481
 20
2.398577544795074
 11
1.530796497149875
 21
2.398466166842319
  0
LINE
  5
4DF
100
AcDbEntity
  8
BLACK
  6
CONTINUOUS
 62
  256
370
   -1
100
AcDbLine
 10
1.530796497149875
 20
2.398466166842319
 11
1.636824213685308
 21
2.312073214086413
  0
LINE
  5
4E0
100
AcDbEntity
  8
BLACK
  6
CONTINUOUS
 62
  256
370
   -1
100
AcDbLine
 10
1.636824213685308
 20
2.312073214086413
 11
1.778206260929402
 21
2.312073214086413
  0
LINE
  5
4E1
100
AcDbEntity
  8
BLACK
  6
CONTINUOUS
 62
  256
370
   -1
100
AcDbLine
 10
1.778206260929402
 20
2.312073214086413
 11
1.778270237307355
 21
2.312060458180902
  0
LINE
  5
4E2
100
AcDbEntity
  8
BLACK
  6
CONTINUOUS
 62
  256
370
   -1
100
AcDbLine
 10
1.778270237307355
 20
2.312060458180902
 11
1.778335316047512
 21
2.312064710149405
  0
LINE
  5
4E3
100
AcDbEntity
  8
BLACK
  6
CONTINUOUS
 62
  256
370
   -1
100
AcDbLine
 10
1.778335316047512
 20
2.312064710149405
 11
1.80483133966956
 21
2.308560773141531
  0
LINE
  5
4E4
100
AcDbEntity
  8
BLACK
  6
CONTINUOUS
 62
  256
370
   -1
100
AcDbLine
 10
1.80483133966956
 20
2.308560773141531
 11
1.804952402661685
 21
2.30851955266909
  0
LINE
  5
4E5
100
AcDbEntity
  8
BLACK
  6
CONTINUOUS
 62
  256
370
   -1
100
AcDbLine
 10
1.804952402661685
 20
2.30851955266909
 11
1.805078111323103
 21
2.308494710149406
  0
LINE
  5
4E6
100
AcDbEntity
  8
BLACK
  6
CONTINUOUS
 62
  256
370
   -1
100
AcDbLine
 10
1.805078111323103
 20
2.308494710149406
 11
1.829763150693182
 21
2.298297859755705
  0
LINE
  5
4E7
100
AcDbEntity
  8
BLACK
  6
CONTINUOUS
 62
  256
370
   -1
100
AcDbLine
 10
1.829763150693182
 20
2.298297859755705
 11
1.829871221559324
 21
2.298225773141532
  0
LINE
  5
4E8
100
AcDbEntity
  8
BLACK
  6
CONTINUOUS
 62
  256
370
   -1
100
AcDbLine
 10
1.829871221559324
 20
2.298225773141532
 11
1.829987599512079
 21
2.298168214086413
  0
LINE
  5
4E9
100
AcDbEntity
  8
BLACK
  6
CONTINUOUS
 62
  256
370
   -1
100
AcDbLine
 10
1.829987599512079
 20
2.298168214086413
 11
1.851168701874284
 21
2.281869001487988
  0
LINE
  5
4EA
100
AcDbEntity
  8
BLACK
  6
CONTINUOUS
 62
  256
370
   -1
100
AcDbLine
 10
1.851168701874284
 20
2.281869001487988
 11
1.851252560142
 21
2.281773056606099
  0
LINE
  5
4EB
100
AcDbEntity
  8
BLACK
  6
CONTINUOUS
 62
  256
370
   -1
100
AcDbLine
 10
1.851252560142
 20
2.281773056606099
 11
1.85134850502389
 21
2.281689198338381
  0
LINE
  5
4EC
100
AcDbEntity
  8
BLACK
  6
CONTINUOUS
 62
  256
370
   -1
100
AcDbLine
 10
1.85134850502389
 20
2.281689198338381
 11
1.867647717622316
 21
2.260508095976177
  0
LINE
  5
4ED
100
AcDbEntity
  8
BLACK
  6
CONTINUOUS
 62
  256
370
   -1
100
AcDbLine
 10
1.867647717622316
 20
2.260508095976177
 11
1.867705316047513
 21
2.260391678653343
  0
LINE
  5
4EE
100
AcDbEntity
  8
BLACK
  6
CONTINUOUS
 62
  256
370
   -1
100
AcDbLine
 10
1.867705316047513
 20
2.260391678653343
 11
1.867777363291607
 21
2.260283647157279
  0
LINE
  5
4EF
100
AcDbEntity
  8
BLACK
  6
CONTINUOUS
 62
  256
370
   -1
100
AcDbLine
 10
1.867777363291607
 20
2.260283647157279
 11
1.877974213685308
 21
2.235598568417122
  0
LINE
  5
4F0
100
AcDbEntity
  8
BLACK
  6
CONTINUOUS
 62
  256
370
   -1
100
AcDbLine
 10
1.877974213685308
 20
2.235598568417122
 11
1.877999056204993
 21
2.23547301723602
  0
LINE
  5
4F1
100
AcDbEntity
  8
BLACK
  6
CONTINUOUS
 62
  256
370
   -1
100
AcDbLine
 10
1.877999056204993
 20
2.23547301723602
 11
1.878040276677434
 21
2.235351875503736
  0
LINE
  5
4F2
100
AcDbEntity
  8
BLACK
  6
CONTINUOUS
 62
  256
370
   -1
100
AcDbLine
 10
1.878040276677434
 20
2.235351875503736
 11
1.881544213685308
 21
2.20885581251161
  0
LINE
  5
4F3
100
AcDbEntity
  8
BLACK
  6
CONTINUOUS
 62
  256
370
   -1
100
AcDbLine
 10
1.881544213685308
 20
2.20885581251161
 11
1.881535827858536
 21
2.2087267573935
  0
LINE
  5
4F4
100
AcDbEntity
  8
BLACK
  6
CONTINUOUS
 62
  256
370
   -1
100
AcDbLine
 10
1.881535827858536
 20
2.2087267573935
 11
1.881544213685308
 21
2.20859770227539
  0
LINE
  5
4F5
100
AcDbEntity
  8
BLACK
  6
CONTINUOUS
 62
  256
370
   -1
100
AcDbLine
 10
1.881544213685308
 20
2.20859770227539
 11
1.878040276677434
 21
2.182101639283264
  0
LINE
  5
4F6
100
AcDbEntity
  8
BLACK
  6
CONTINUOUS
 62
  256
370
   -1
100
AcDbLine
 10
1.878040276677434
 20
2.182101639283264
 11
1.877999056204993
 21
2.181980458180901
  0
LINE
  5
4F7
100
AcDbEntity
  8
BLACK
  6
CONTINUOUS
 62
  256
370
   -1
100
AcDbLine
 10
1.877999056204993
 20
2.181980458180901
 11
1.877974213685308
 21
2.181854946369878
  0
LINE
  5
4F8
100
AcDbEntity
  8
BLACK
  6
CONTINUOUS
 62
  256
370
   -1
100
AcDbLine
 10
1.877974213685308
 20
2.181854946369878
 11
1.867777363291607
 21
2.157169867629721
  0
LINE
  5
4F9
100
AcDbEntity
  8
BLACK
  6
CONTINUOUS
 62
  256
370
   -1
100
AcDbLine
 10
1.867777363291607
 20
2.157169867629721
 11
1.867705316047513
 21
2.157061796763578
  0
LINE
  5
4FA
100
AcDbEntity
  8
BLACK
  6
CONTINUOUS
 62
  256
370
   -1
100
AcDbLine
 10
1.867705316047513
 20
2.157061796763578
 11
1.867647717622316
 21
2.156945418810823
  0
LINE
  5
4FB
100
AcDbEntity
  8
BLACK
  6
CONTINUOUS
 62
  256
370
   -1
100
AcDbLine
 10
1.867647717622316
 20
2.156945418810823
 11
1.85134850502389
 21
2.135764316448618
  0
LINE
  5
4FC
100
AcDbEntity
  8
BLACK
  6
CONTINUOUS
 62
  256
370
   -1
100
AcDbLine
 10
1.85134850502389
 20
2.135764316448618
 11
1.851252560142
 21
2.135680418810823
  0
LINE
  5
4FD
100
AcDbEntity
  8
BLACK
  6
CONTINUOUS
 62
  256
370
   -1
100
AcDbLine
 10
1.851252560142
 20
2.135680418810823
 11
1.851168701874284
 21
2.135584513299012
  0
LINE
  5
4FE
100
AcDbEntity
  8
BLACK
  6
CONTINUOUS
 62
  256
370
   -1
100
AcDbLine
 10
1.851168701874284
 20
2.135584513299012
 11
1.829987599512079
 21
2.119285300700587
  0
LINE
  5
4FF
100
AcDbEntity
  8
BLACK
  6
CONTINUOUS
 62
  256
370
   -1
100
AcDbLine
 10
1.829987599512079
 20
2.119285300700587
 11
1.829871221559324
 21
2.119227702275389
  0
LINE
  5
500
100
AcDbEntity
  8
BLACK
  6
CONTINUOUS
 62
  256
370
   -1
100
AcDbLine
 10
1.829871221559324
 20
2.119227702275389
 11
1.829763150693182
 21
2.119155655031295
  0
LINE
  5
501
100
AcDbEntity
  8
BLACK
  6
CONTINUOUS
 62
  256
370
   -1
100
AcDbLine
 10
1.829763150693182
 20
2.119155655031295
 11
1.805078111323103
 21
2.108958804637594
  0
LINE
  5
502
100
AcDbEntity
  8
BLACK
  6
CONTINUOUS
 62
  256
370
   -1
100
AcDbLine
 10
1.805078111323103
 20
2.108958804637594
 11
1.804952402661685
 21
2.108933922747831
  0
LINE
  5
503
100
AcDbEntity
  8
BLACK
  6
CONTINUOUS
 62
  256
370
   -1
100
AcDbLine
 10
1.804952402661685
 20
2.108933922747831
 11
1.80483133966956
 21
2.108892741645469
  0
LINE
  5
504
100
AcDbEntity
  8
BLACK
  6
CONTINUOUS
 62
  256
370
   -1
100
AcDbLine
 10
1.80483133966956
 20
2.108892741645469
 11
1.778335316047512
 21
2.105388804637594
  0
LINE
  5
505
100
AcDbEntity
  8
BLACK
  6
CONTINUOUS
 62
  256
370
   -1
100
AcDbLine
 10
1.778335316047512
 20
2.105388804637594
 11
1.778270237307355
 21
2.10539301723602
  0
LINE
  5
506
100
AcDbEntity
  8
BLACK
  6
CONTINUOUS
 62
  256
370
   -1
100
AcDbLine
 10
1.778270237307355
 20
2.10539301723602
 11
1.778206260929402
 21
2.105380300700586
  0
LINE
  5
507
100
AcDbEntity
  8
BLACK
  6
CONTINUOUS
 62
  256
370
   -1
100
AcDbLine
 10
1.778206260929402
 20
2.105380300700586
 11
1.604977914472709
 21
2.105380300700586
  0
LINE
  5
508
100
AcDbEntity
  8
BLACK
  6
CONTINUOUS
 62
  256
370
   -1
100
AcDbLine
 10
1.604977914472709
 20
2.105380300700586
 11
1.604744646756174
 21
2.105426678653342
  0
LINE
  5
509
100
AcDbEntity
  8
BLACK
  6
CONTINUOUS
 62
  256
370
   -1
100
AcDbLine
 10
1.604744646756174
 20
2.105426678653342
 11
1.604695512897906
 21
2.105421678653342
  0
LINE
  5
50A
100
AcDbEntity
  8
BLACK
  6
CONTINUOUS
 62
  256
370
   -1
100
AcDbLine
 10
1.604695512897906
 20
2.105421678653342
 11
1.604650788488457
 21
2.105445340070665
  0
LINE
  5
50B
100
AcDbEntity
  8
BLACK
  6
CONTINUOUS
 62
  256
370
   -1
100
AcDbLine
 10
1.604650788488457
 20
2.105445340070665
 11
1.604601260929402
 21
2.105455221960429
  0
LINE
  5
50C
100
AcDbEntity
  8
BLACK
  6
CONTINUOUS
 62
  256
370
   -1
100
AcDbLine
 10
1.604601260929402
 20
2.105455221960429
 11
1.60456633966956
 21
2.105490103850193
  0
LINE
  5
50D
100
AcDbEntity
  8
BLACK
  6
CONTINUOUS
 62
  256
370
   -1
100
AcDbLine
 10
1.60456633966956
 20
2.105490103850193
 11
1.604356182189245
 21
2.105601521173027
  0
LINE
  5
50E
100
AcDbEntity
  8
BLACK
  6
CONTINUOUS
 62
  256
370
   -1
100
AcDbLine
 10
1.604356182189245
 20
2.105601521173027
 11
1.498328465653812
 21
2.191994473928933
  0
LINE
  5
50F
100
AcDbEntity
  8
BLACK
  6
CONTINUOUS
 62
  256
370
   -1
100
AcDbLine
 10
1.498328465653812
 20
2.191994473928933
 11
1.368757442031764
 21
2.191994473928933
  0
LINE
  5
510
100
AcDbEntity
  8
BLACK
  6
CONTINUOUS
 62
  256
370
   -1
100
AcDbLine
 10
1.368757442031764
 20
2.191994473928933
 11
1.368662284551449
 21
2.192013371566728
  0
LINE
  5
511
100
AcDbEntity
  8
BLACK
  6
CONTINUOUS
 62
  256
370
   -1
100
AcDbLine
 10
1.368662284551449
 20
2.192013371566728
 11
1.368565355417591
 21
2.192013410936807
  0
LINE
  5
512
100
AcDbEntity
  8
BLACK
  6
CONTINUOUS
 62
  256
370
   -1
100
AcDbLine
 10
1.368565355417591
 20
2.192013410936807
 11
1.329392127071134
 21
2.199808686527359
  0
LINE
  5
513
100
AcDbEntity
  8
BLACK
  6
CONTINUOUS
 62
  256
370
   -1
100
AcDbLine
 10
1.329392127071134
 20
2.199808686527359
 11
1.329391812110504
 21
2.199808804637595
  0
LINE
  5
514
100
AcDbEntity
  8
BLACK
  6
CONTINUOUS
 62
  256
370
   -1
100
AcDbLine
 10
1.329391812110504
 20
2.199808804637595
 11
1.329391615260111
 21
2.199808765267516
  0
LINE
  5
515
100
AcDbEntity
  8
BLACK
  6
CONTINUOUS
 62
  256
370
   -1
100
AcDbLine
 10
1.329391615260111
 20
2.199808765267516
 11
1.329199292425465
 21
2.199888529047043
  0
LINE
  5
516
100
AcDbEntity
  8
BLACK
  6
CONTINUOUS
 62
  256
370
   -1
100
AcDbLine
 10
1.329199292425465
 20
2.199888529047043
 11
1.329037323921528
 21
2.199955655031295
  0
LINE
  5
517
100
AcDbEntity
  8
BLACK
  6
CONTINUOUS
 62
  256
370
   -1
100
AcDbLine
 10
1.329037323921528
 20
2.199955655031295
 11
1.329037205811292
 21
2.199955773141531
  0
LINE
  5
518
100
AcDbEntity
  8
BLACK
  6
CONTINUOUS
 62
  256
370
   -1
100
AcDbLine
 10
1.329037205811292
 20
2.199955773141531
 11
1.329036930220741
 21
2.199955930621846
  0
LINE
  5
519
100
AcDbEntity
  8
BLACK
  6
CONTINUOUS
 62
  256
370
   -1
100
AcDbLine
 10
1.329036930220741
 20
2.199955930621846
 11
1.295847914472709
 21
2.222160694401374
  0
LINE
  5
51A
100
AcDbEntity
  8
BLACK
  6
CONTINUOUS
 62
  256
370
   -1
100
AcDbLine
 10
1.295847914472709
 20
2.222160694401374
 11
1.295712599512079
 21
2.222296088102161
  0
LINE
  5
51B
100
AcDbEntity
  8
BLACK
  6
CONTINUOUS
 62
  256
370
   -1
100
AcDbLine
 10
1.295712599512079
 20
2.222296088102161
 11
1.295577205811292
 21
2.222431403062791
  0
LINE
  5
51C
100
AcDbEntity
  8
BLACK
  6
CONTINUOUS
 62
  256
370
   -1
100
AcDbLine
 10
1.295577205811292
 20
2.222431403062791
 11
1.273372481401843
 21
2.255620379440744
  0
LINE
  5
51D
100
AcDbEntity
  8
BLACK
  6
CONTINUOUS
 62
  256
370
   -1
100
AcDbLine
 10
1.273372481401843
 20
2.255620379440744
 11
1.273372323921528
 21
2.255620655031295
  0
LINE
  5
51E
100
AcDbEntity
  8
BLACK
  6
CONTINUOUS
 62
  256
370
   -1
100
AcDbLine
 10
1.273372323921528
 20
2.255620655031295
 11
1.273372166441213
 21
2.25562081251161
  0
LINE
  5
51F
100
AcDbEntity
  8
BLACK
  6
CONTINUOUS
 62
  256
370
   -1
100
AcDbLine
 10
1.273372166441213
 20
2.25562081251161
 11
1.273298229433339
 21
2.255799237708461
  0
LINE
  5
520
100
AcDbEntity
  8
BLACK
  6
CONTINUOUS
 62
  256
370
   -1
100
AcDbLine
 10
1.273298229433339
 20
2.255799237708461
 11
1.273225276677434
 21
2.255975103850193
  0
LINE
  5
521
100
AcDbEntity
  8
BLACK
  6
CONTINUOUS
 62
  256
370
   -1
100
AcDbLine
 10
1.273225276677434
 20
2.255975103850193
 11
1.273225316047512
 21
2.255975300700586
  0
LINE
  5
522
100
AcDbEntity
  8
BLACK
  6
CONTINUOUS
 62
  256
370
   -1
100
AcDbLine
 10
1.273225316047512
 20
2.255975300700586
 11
1.273225197937276
 21
2.255975615661217
  0
LINE
  5
523
100
AcDbEntity
  8
BLACK
  6
CONTINUOUS
 62
  256
370
   -1
100
AcDbLine
 10
1.273225197937276
 20
2.255975615661217
 11
1.265429922346725
 21
2.295148844007673
  0
LINE
  5
524
100
AcDbEntity
  8
BLACK
  6
CONTINUOUS
 62
  256
370
   -1
100
AcDbLine
 10
1.265429922346725
 20
2.295148844007673
 11
1.265429882976646
 21
2.29514892274783
  0
LINE
  5
525
100
AcDbEntity
  8
BLACK
  6
CONTINUOUS
 62
  256
370
   -1
100
AcDbLine
 10
1.265429882976646
 20
2.29514892274783
 11
1.265429882976646
 21
2.295149001487988
  0
LINE
  5
526
100
AcDbEntity
  8
BLACK
  6
CONTINUOUS
 62
  256
370
   -1
100
AcDbLine
 10
1.265429882976646
 20
2.295149001487988
 11
1.265429882976646
 21
2.295340930621847
  0
LINE
  5
527
100
AcDbEntity
  8
BLACK
  6
CONTINUOUS
 62
  256
370
   -1
100
AcDbLine
 10
1.265429882976646
 20
2.295340930621847
 11
1.265429882976646
 21
2.295532859755705
  0
LINE
  5
528
100
AcDbEntity
  8
BLACK
  6
CONTINUOUS
 62
  256
370
   -1
100
AcDbLine
 10
1.265429882976646
 20
2.295532859755705
 11
1.265429882976646
 21
2.295532899125783
  0
LINE
  5
529
100
AcDbEntity
  8
BLACK
  6
CONTINUOUS
 62
  256
370
   -1
100
AcDbLine
 10
1.265429882976646
 20
2.295532899125783
 11
1.265429922346725
 21
2.29553301723602
  0
LINE
  5
52A
100
AcDbEntity
  8
BLACK
  6
CONTINUOUS
 62
  256
370
   -1
100
AcDbLine
 10
1.265429922346725
 20
2.29553301723602
 11
1.273225197937276
 21
2.334706245582476
  0
LINE
  5
52B
100
AcDbEntity
  8
BLACK
  6
CONTINUOUS
 62
  256
370
   -1
100
AcDbLine
 10
1.273225197937276
 20
2.334706245582476
 11
1.273225316047512
 21
2.334706521173027
  0
LINE
  5
52C
100
AcDbEntity
  8
BLACK
  6
CONTINUOUS
 62
  256
370
   -1
100
AcDbLine
 10
1.273225316047512
 20
2.334706521173027
 11
1.273225276677434
 21
2.3347067573935
  0
LINE
  5
52D
100
AcDbEntity
  8
BLACK
  6
CONTINUOUS
 62
  256
370
   -1
100
AcDbLine
 10
1.273225276677434
 20
2.3347067573935
 11
1.273298229433339
 21
2.334882584165153
  0
LINE
  5
52E
100
AcDbEntity
  8
BLACK
  6
CONTINUOUS
 62
  256
370
   -1
100
AcDbLine
 10
1.273298229433339
 20
2.334882584165153
 11
1.273372166441213
 21
2.335061048732083
  0
LINE
  5
52F
100
AcDbEntity
  8
BLACK
  6
CONTINUOUS
 62
  256
370
   -1
100
AcDbLine
 10
1.273372166441213
 20
2.335061048732083
 11
1.273372323921528
 21
2.335061166842319
  0
LINE
  5
530
100
AcDbEntity
  8
BLACK
  6
CONTINUOUS
 62
  256
370
   -1
100
AcDbLine
 10
1.273372323921528
 20
2.335061166842319
 11
1.273372481401843
 21
2.335061481802949
  0
LINE
  5
531
100
AcDbEntity
  8
BLACK
  6
CONTINUOUS
 62
  256
370
   -1
100
AcDbLine
 10
1.273372481401843
 20
2.335061481802949
 11
1.295577205811292
 21
2.368250458180902
  0
LINE
  5
532
100
AcDbEntity
  8
BLACK
  6
CONTINUOUS
 62
  256
370
   -1
100
AcDbLine
 10
1.295577205811292
 20
2.368250458180902
 11
1.295712599512079
 21
2.368385733771452
  0
LINE
  5
533
100
AcDbEntity
  8
BLACK
  6
CONTINUOUS
 62
  256
370
   -1
100
AcDbLine
 10
1.295712599512079
 20
2.368385733771452
 11
1.295847914472709
 21
2.368521166842319
  0
LINE
  5
534
100
AcDbEntity
  8
BLACK
  6
CONTINUOUS
 62
  256
370
   -1
100
AcDbLine
 10
1.295847914472709
 20
2.368521166842319
 11
1.329036930220741
 21
2.390725930621846
  0
LINE
  5
535
100
AcDbEntity
  8
BLACK
  6
CONTINUOUS
 62
  256
370
   -1
100
AcDbLine
 10
1.329036930220741
 20
2.390725930621846
 11
1.329037205811292
 21
2.390726048732082
  0
LINE
  5
536
100
AcDbEntity
  8
BLACK
  6
CONTINUOUS
 62
  256
370
   -1
100
AcDbLine
 10
1.329037205811292
 20
2.390726048732082
 11
1.329037323921528
 21
2.390726206212397
  0
LINE
  5
537
100
AcDbEntity
  8
BLACK
  6
CONTINUOUS
 62
  256
370
   -1
100
AcDbLine
 10
1.329037323921528
 20
2.390726206212397
 11
1.329199292425465
 21
2.39079329282657
  0
LINE
  5
538
100
AcDbEntity
  8
BLACK
  6
CONTINUOUS
 62
  256
370
   -1
100
AcDbLine
 10
1.329199292425465
 20
2.39079329282657
 11
1.329391615260111
 21
2.390873095976177
  0
LINE
  5
539
100
AcDbEntity
  8
BLACK
  6
CONTINUOUS
 62
  256
370
   -1
100
AcDbLine
 10
1.329391615260111
 20
2.390873095976177
 11
1.329391812110504
 21
2.39087301723602
  0
LINE
  5
53A
100
AcDbEntity
  8
BLACK
  6
CONTINUOUS
 62
  256
370
   -1
100
AcDbLine
 10
1.329391812110504
 20
2.39087301723602
 11
1.329392127071134
 21
2.390873174716335
  0
LINE
  5
53B
100
AcDbEntity
  8
BLACK
  6
CONTINUOUS
 62
  256
370
   -1
100
AcDbLine
 10
1.329392127071134
 20
2.390873174716335
 11
1.368565355417591
 21
2.398668450306886
  0
LINE
  5
53C
100
AcDbEntity
  8
BLACK
  6
CONTINUOUS
 62
  256
370
   -1
100
AcDbLine
 10
1.368565355417591
 20
2.398668450306886
 11
1.368662284551449
 21
2.398668450306886
  0
LINE
  5
53D
100
AcDbEntity
  8
BLACK
  6
CONTINUOUS
 62
  256
370
   -1
100
AcDbLine
 10
1.368662284551449
 20
2.398668450306886
 11
1.368757442031764
 21
2.39868738731476
  0
LINE
  5
53E
100
AcDbEntity
  8
BLACK
  6
CONTINUOUS
 62
  256
370
   -1
100
AcDbLine
 10
1.368757442031764
 20
2.39868738731476
 11
1.421907048330977
 21
2.39868738731476
  0
LINE
  5
53F
100
AcDbEntity
  8
BLACK
  6
CONTINUOUS
 62
  256
370
   -1
100
AcDbLine
 10
1.368854371165622
 20
2.396718883377752
 11
1.329968583764048
 21
2.388980773141531
  0
LINE
  5
540
100
AcDbEntity
  8
BLACK
  6
CONTINUOUS
 62
  256
370
   -1
100
AcDbLine
 10
1.329968583764048
 20
2.388980773141531
 11
1.29710476486641
 21
2.366993607787201
  0
LINE
  5
541
100
AcDbEntity
  8
BLACK
  6
CONTINUOUS
 62
  256
370
   -1
100
AcDbLine
 10
1.29710476486641
 20
2.366993607787201
 11
1.275117560142001
 21
2.334129749519484
  0
LINE
  5
542
100
AcDbEntity
  8
BLACK
  6
CONTINUOUS
 62
  256
370
   -1
100
AcDbLine
 10
1.275117560142001
 20
2.334129749519484
 11
1.267398741244363
 21
2.295340930621847
  0
LINE
  5
543
100
AcDbEntity
  8
BLACK
  6
CONTINUOUS
 62
  256
370
   -1
100
AcDbLine
 10
1.267398741244363
 20
2.295340930621847
 11
1.275117560142001
 21
2.25655207235413
  0
LINE
  5
544
100
AcDbEntity
  8
BLACK
  6
CONTINUOUS
 62
  256
370
   -1
100
AcDbLine
 10
1.275117560142001
 20
2.25655207235413
 11
1.29710476486641
 21
2.223688214086414
  0
LINE
  5
545
100
AcDbEntity
  8
BLACK
  6
CONTINUOUS
 62
  256
370
   -1
100
AcDbLine
 10
1.29710476486641
 20
2.223688214086414
 11
1.329968583764048
 21
2.201701048732082
  0
LINE
  5
546
100
AcDbEntity
  8
BLACK
  6
CONTINUOUS
 62
  256
370
   -1
100
AcDbLine
 10
1.329968583764048
 20
2.201701048732082
 11
1.368854371165622
 21
2.193962977865941
  0
LINE
  5
547
100
AcDbEntity
  8
BLACK
  6
CONTINUOUS
 62
  256
370
   -1
100
AcDbLine
 10
1.368854371165622
 20
2.193962977865941
 11
1.498678701874284
 21
2.193962977865941
  0
LINE
  5
548
100
AcDbEntity
  8
BLACK
  6
CONTINUOUS
 62
  256
370
   -1
100
AcDbLine
 10
1.498678701874284
 20
2.193962977865941
 11
1.498911930220741
 21
2.193916560543106
  0
LINE
  5
549
100
AcDbEntity
  8
BLACK
  6
CONTINUOUS
 62
  256
370
   -1
100
AcDbLine
 10
1.498911930220741
 20
2.193916560543106
 11
1.498961103449087
 21
2.193921599913185
  0
LINE
  5
54A
100
AcDbEntity
  8
BLACK
  6
CONTINUOUS
 62
  256
370
   -1
100
AcDbLine
 10
1.498961103449087
 20
2.193921599913185
 11
1.499005788488457
 21
2.193897899125783
  0
LINE
  5
54B
100
AcDbEntity
  8
BLACK
  6
CONTINUOUS
 62
  256
370
   -1
100
AcDbLine
 10
1.499005788488457
 20
2.193897899125783
 11
1.499055355417591
 21
2.193888056606099
  0
LINE
  5
54C
100
AcDbEntity
  8
BLACK
  6
CONTINUOUS
 62
  256
370
   -1
100
AcDbLine
 10
1.499055355417591
 20
2.193888056606099
 11
1.499090237307355
 21
2.193853135346256
  0
LINE
  5
54D
100
AcDbEntity
  8
BLACK
  6
CONTINUOUS
 62
  256
370
   -1
100
AcDbLine
 10
1.499090237307355
 20
2.193853135346256
 11
1.499300434157749
 21
2.1937417573935
  0
LINE
  5
54E
100
AcDbEntity
  8
BLACK
  6
CONTINUOUS
 62
  256
370
   -1
100
AcDbLine
 10
1.499300434157749
 20
2.1937417573935
 11
1.605328150693182
 21
2.107348804637595
  0
LINE
  5
54F
100
AcDbEntity
  8
BLACK
  6
CONTINUOUS
 62
  256
370
   -1
100
AcDbLine
 10
1.605328150693182
 20
2.107348804637595
 11
1.778141497149875
 21
2.107348804637595
  0
LINE
  5
550
100
AcDbEntity
  8
BLACK
  6
CONTINUOUS
 62
  256
370
   -1
100
AcDbLine
 10
1.778141497149875
 20
2.107348804637595
 11
1.804445552267985
 21
2.110827347944681
  0
LINE
  5
551
100
AcDbEntity
  8
BLACK
  6
CONTINUOUS
 62
  256
370
   -1
100
AcDbLine
 10
1.804445552267985
 20
2.110827347944681
 11
1.828890670378221
 21
2.120925064480114
  0
LINE
  5
552
100
AcDbEntity
  8
BLACK
  6
CONTINUOUS
 62
  256
370
   -1
100
AcDbLine
 10
1.828890670378221
 20
2.120925064480114
 11
1.849866615260111
 21
2.137066363692712
  0
LINE
  5
553
100
AcDbEntity
  8
BLACK
  6
CONTINUOUS
 62
  256
370
   -1
100
AcDbLine
 10
1.849866615260111
 20
2.137066363692712
 11
1.866007875102631
 21
2.158042269204524
  0
LINE
  5
554
100
AcDbEntity
  8
BLACK
  6
CONTINUOUS
 62
  256
370
   -1
100
AcDbLine
 10
1.866007875102631
 20
2.158042269204524
 11
1.876105631008143
 21
2.182487426684839
  0
LINE
  5
555
100
AcDbEntity
  8
BLACK
  6
CONTINUOUS
 62
  256
370
   -1
100
AcDbLine
 10
1.876105631008143
 20
2.182487426684839
 11
1.879575631008142
 21
2.2087267573935
  0
LINE
  5
556
100
AcDbEntity
  8
BLACK
  6
CONTINUOUS
 62
  256
370
   -1
100
AcDbLine
 10
1.879575631008142
 20
2.2087267573935
 11
1.876105631008143
 21
2.234966048732082
  0
LINE
  5
557
100
AcDbEntity
  8
BLACK
  6
CONTINUOUS
 62
  256
370
   -1
100
AcDbLine
 10
1.876105631008143
 20
2.234966048732082
 11
1.866007875102631
 21
2.259411206212397
  0
LINE
  5
558
100
AcDbEntity
  8
BLACK
  6
CONTINUOUS
 62
  256
370
   -1
100
AcDbLine
 10
1.866007875102631
 20
2.259411206212397
 11
1.849866615260111
 21
2.280387111724209
  0
LINE
  5
559
100
AcDbEntity
  8
BLACK
  6
CONTINUOUS
 62
  256
370
   -1
100
AcDbLine
 10
1.849866615260111
 20
2.280387111724209
 11
1.828890670378221
 21
2.296528410936807
  0
LINE
  5
55A
100
AcDbEntity
  8
BLACK
  6
CONTINUOUS
 62
  256
370
   -1
100
AcDbLine
 10
1.828890670378221
 20
2.296528410936807
 11
1.804445552267985
 21
2.30662612747224
  0
LINE
  5
55B
100
AcDbEntity
  8
BLACK
  6
CONTINUOUS
 62
  256
370
   -1
100
AcDbLine
 10
1.804445552267985
 20
2.30662612747224
 11
1.778141497149875
 21
2.310104710149405
  0
LINE
  5
55C
100
AcDbEntity
  8
BLACK
  6
CONTINUOUS
 62
  256
370
   -1
100
AcDbLine
 10
1.778141497149875
 20
2.310104710149405
 11
1.636473977464835
 21
2.310104710149405
  0
LINE
  5
55D
100
AcDbEntity
  8
BLACK
  6
CONTINUOUS
 62
  256
370
   -1
100
AcDbLine
 10
1.636473977464835
 20
2.310104710149405
 11
1.6362407097483
 21
2.310151088102161
  0
LINE
  5
55E
100
AcDbEntity
  8
BLACK
  6
CONTINUOUS
 62
  256
370
   -1
100
AcDbLine
 10
1.6362407097483
 20
2.310151088102161
 11
1.636191575890032
 21
2.310146088102162
  0
LINE
  5
55F
100
AcDbEntity
  8
BLACK
  6
CONTINUOUS
 62
  256
370
   -1
100
AcDbLine
 10
1.636191575890032
 20
2.310146088102162
 11
1.636146851480583
 21
2.310169749519484
  0
LINE
  5
560
100
AcDbEntity
  8
BLACK
  6
CONTINUOUS
 62
  256
370
   -1
100
AcDbLine
 10
1.636146851480583
 20
2.310169749519484
 11
1.636097323921528
 21
2.310179631409248
  0
LINE
  5
561
100
AcDbEntity
  8
BLACK
  6
CONTINUOUS
 62
  256
370
   -1
100
AcDbLine
 10
1.636097323921528
 20
2.310179631409248
 11
1.636062402661686
 21
2.310214513299012
  0
LINE
  5
562
100
AcDbEntity
  8
BLACK
  6
CONTINUOUS
 62
  256
370
   -1
100
AcDbLine
 10
1.636062402661686
 20
2.310214513299012
 11
1.635852245181371
 21
2.310325930621846
  0
LINE
  5
563
100
AcDbEntity
  8
BLACK
  6
CONTINUOUS
 62
  256
370
   -1
100
AcDbLine
 10
1.635852245181371
 20
2.310325930621846
 11
1.529824528645937
 21
2.396718883377752
  0
LINE
  5
564
100
AcDbEntity
  8
BLACK
  6
CONTINUOUS
 62
  256
370
   -1
100
AcDbLine
 10
1.529824528645937
 20
2.396718883377752
 11
1.488836182189245
 21
2.396718883377752
  0
LINE
  5
565
100
AcDbEntity
  8
BLACK
  6
CONTINUOUS
 62
  256
370
   -1
100
AcDbLine
 10
1.488836182189245
 20
2.396718883377752
 11
1.421907048330977
 21
2.396718883377752
  0
LINE
  5
566
100
AcDbEntity
  8
BLACK
  6
CONTINUOUS
 62
  256
370
   -1
100
AcDbLine
 10
1.421907048330977
 20
2.396718883377752
 11
1.368854371165622
 21
2.396718883377752
  0
LINE
  5
567
100
AcDbEntity
  8
BLACK
  6
CONTINUOUS
 62
  256
370
   -1
100
AcDbLine
 10
2.130568465653812
 20
2.39868738731476
 11
2.197497599512079
 21
2.39868738731476
  0
LINE
  5
568
100
AcDbEntity
  8
BLACK
  6
CONTINUOUS
 62
  256
370
   -1
100
AcDbLine
 10
2.197497599512079
 20
2.39868738731476
 11
2.238836182189245
 21
2.39868738731476
  0
LINE
  5
569
100
AcDbEntity
  8
BLACK
  6
CONTINUOUS
 62
  256
370
   -1
100
AcDbLine
 10
2.238836182189245
 20
2.39868738731476
 11
2.239069410535701
 21
2.398640969991925
  0
LINE
  5
56A
100
AcDbEntity
  8
BLACK
  6
CONTINUOUS
 62
  256
370
   -1
100
AcDbLine
 10
2.239069410535701
 20
2.398640969991925
 11
2.239118583764048
 21
2.398646009362004
  0
LINE
  5
56B
100
AcDbEntity
  8
BLACK
  6
CONTINUOUS
 62
  256
370
   -1
100
AcDbLine
 10
2.239118583764048
 20
2.398646009362004
 11
2.239163268803418
 21
2.398622308574602
  0
LINE
  5
56C
100
AcDbEntity
  8
BLACK
  6
CONTINUOUS
 62
  256
370
   -1
100
AcDbLine
 10
2.239163268803418
 20
2.398622308574602
 11
2.239212835732552
 21
2.398612466054917
  0
LINE
  5
56D
100
AcDbEntity
  8
BLACK
  6
CONTINUOUS
 62
  256
370
   -1
100
AcDbLine
 10
2.239212835732552
 20
2.398612466054917
 11
2.239247717622316
 21
2.398577544795074
  0
LINE
  5
56E
100
AcDbEntity
  8
BLACK
  6
CONTINUOUS
 62
  256
370
   -1
100
AcDbLine
 10
2.239247717622316
 20
2.398577544795074
 11
2.239457914472709
 21
2.398466166842319
  0
LINE
  5
56F
100
AcDbEntity
  8
BLACK
  6
CONTINUOUS
 62
  256
370
   -1
100
AcDbLine
 10
2.239457914472709
 20
2.398466166842319
 11
2.345485631008142
 21
2.312073214086413
  0
LINE
  5
570
100
AcDbEntity
  8
BLACK
  6
CONTINUOUS
 62
  256
370
   -1
100
AcDbLine
 10
2.345485631008142
 20
2.312073214086413
 11
2.486867678252237
 21
2.312073214086413
  0
LINE
  5
571
100
AcDbEntity
  8
BLACK
  6
CONTINUOUS
 62
  256
370
   -1
100
AcDbLine
 10
2.486867678252237
 20
2.312073214086413
 11
2.486931654630189
 21
2.312060458180902
  0
LINE
  5
572
100
AcDbEntity
  8
BLACK
  6
CONTINUOUS
 62
  256
370
   -1
100
AcDbLine
 10
2.486931654630189
 20
2.312060458180902
 11
2.486996733370347
 21
2.312064710149405
  0
LINE
  5
573
100
AcDbEntity
  8
BLACK
  6
CONTINUOUS
 62
  256
370
   -1
100
AcDbLine
 10
2.486996733370347
 20
2.312064710149405
 11
2.513492756992394
 21
2.308560773141531
  0
LINE
  5
574
100
AcDbEntity
  8
BLACK
  6
CONTINUOUS
 62
  256
370
   -1
100
AcDbLine
 10
2.513492756992394
 20
2.308560773141531
 11
2.51361381998452
 21
2.30851955266909
  0
LINE
  5
575
100
AcDbEntity
  8
BLACK
  6
CONTINUOUS
 62
  256
370
   -1
100
AcDbLine
 10
2.51361381998452
 20
2.30851955266909
 11
2.513739528645938
 21
2.308494710149406
  0
LINE
  5
576
100
AcDbEntity
  8
BLACK
  6
CONTINUOUS
 62
  256
370
   -1
100
AcDbLine
 10
2.513739528645938
 20
2.308494710149406
 11
2.538424568016016
 21
2.298297859755705
  0
LINE
  5
577
100
AcDbEntity
  8
BLACK
  6
CONTINUOUS
 62
  256
370
   -1
100
AcDbLine
 10
2.538424568016016
 20
2.298297859755705
 11
2.538532638882158
 21
2.298225773141532
  0
LINE
  5
578
100
AcDbEntity
  8
BLACK
  6
CONTINUOUS
 62
  256
370
   -1
100
AcDbLine
 10
2.538532638882158
 20
2.298225773141532
 11
2.538649016834914
 21
2.298168214086413
  0
LINE
  5
579
100
AcDbEntity
  8
BLACK
  6
CONTINUOUS
 62
  256
370
   -1
100
AcDbLine
 10
2.538649016834914
 20
2.298168214086413
 11
2.559830119197119
 21
2.281869001487988
  0
LINE
  5
57A
100
AcDbEntity
  8
BLACK
  6
CONTINUOUS
 62
  256
370
   -1
100
AcDbLine
 10
2.559830119197119
 20
2.281869001487988
 11
2.559913977464835
 21
2.281773056606099
  0
LINE
  5
57B
100
AcDbEntity
  8
BLACK
  6
CONTINUOUS
 62
  256
370
   -1
100
AcDbLine
 10
2.559913977464835
 20
2.281773056606099
 11
2.560009922346725
 21
2.281689198338381
  0
LINE
  5
57C
100
AcDbEntity
  8
BLACK
  6
CONTINUOUS
 62
  256
370
   -1
100
AcDbLine
 10
2.560009922346725
 20
2.281689198338381
 11
2.57630913494515
 21
2.260508095976177
  0
LINE
  5
57D
100
AcDbEntity
  8
BLACK
  6
CONTINUOUS
 62
  256
370
   -1
100
AcDbLine
 10
2.57630913494515
 20
2.260508095976177
 11
2.576366733370347
 21
2.260391678653343
  0
LINE
  5
57E
100
AcDbEntity
  8
BLACK
  6
CONTINUOUS
 62
  256
370
   -1
100
AcDbLine
 10
2.576366733370347
 20
2.260391678653343
 11
2.576438780614442
 21
2.260283647157279
  0
LINE
  5
57F
100
AcDbEntity
  8
BLACK
  6
CONTINUOUS
 62
  256
370
   -1
100
AcDbLine
 10
2.576438780614442
 20
2.260283647157279
 11
2.586635631008142
 21
2.235598568417122
  0
LINE
  5
580
100
AcDbEntity
  8
BLACK
  6
CONTINUOUS
 62
  256
370
   -1
100
AcDbLine
 10
2.586635631008142
 20
2.235598568417122
 11
2.586660473527827
 21
2.23547301723602
  0
LINE
  5
581
100
AcDbEntity
  8
BLACK
  6
CONTINUOUS
 62
  256
370
   -1
100
AcDbLine
 10
2.586660473527827
 20
2.23547301723602
 11
2.586701694000269
 21
2.235351875503736
  0
LINE
  5
582
100
AcDbEntity
  8
BLACK
  6
CONTINUOUS
 62
  256
370
   -1
100
AcDbLine
 10
2.586701694000269
 20
2.235351875503736
 11
2.590205631008142
 21
2.20885581251161
  0
LINE
  5
583
100
AcDbEntity
  8
BLACK
  6
CONTINUOUS
 62
  256
370
   -1
100
AcDbLine
 10
2.590205631008142
 20
2.20885581251161
 11
2.590197245181371
 21
2.2087267573935
  0
LINE
  5
584
100
AcDbEntity
  8
BLACK
  6
CONTINUOUS
 62
  256
370
   -1
100
AcDbLine
 10
2.590197245181371
 20
2.2087267573935
 11
2.590205631008142
 21
2.20859770227539
  0
LINE
  5
585
100
AcDbEntity
  8
BLACK
  6
CONTINUOUS
 62
  256
370
   -1
100
AcDbLine
 10
2.590205631008142
 20
2.20859770227539
 11
2.586701694000269
 21
2.182101639283264
  0
LINE
  5
586
100
AcDbEntity
  8
BLACK
  6
CONTINUOUS
 62
  256
370
   -1
100
AcDbLine
 10
2.586701694000269
 20
2.182101639283264
 11
2.586660473527827
 21
2.181980458180901
  0
LINE
  5
587
100
AcDbEntity
  8
BLACK
  6
CONTINUOUS
 62
  256
370
   -1
100
AcDbLine
 10
2.586660473527827
 20
2.181980458180901
 11
2.586635631008142
 21
2.181854946369878
  0
LINE
  5
588
100
AcDbEntity
  8
BLACK
  6
CONTINUOUS
 62
  256
370
   -1
100
AcDbLine
 10
2.586635631008142
 20
2.181854946369878
 11
2.576438780614442
 21
2.157169867629721
  0
LINE
  5
589
100
AcDbEntity
  8
BLACK
  6
CONTINUOUS
 62
  256
370
   -1
100
AcDbLine
 10
2.576438780614442
 20
2.157169867629721
 11
2.576366733370347
 21
2.157061796763578
  0
LINE
  5
58A
100
AcDbEntity
  8
BLACK
  6
CONTINUOUS
 62
  256
370
   -1
100
AcDbLine
 10
2.576366733370347
 20
2.157061796763578
 11
2.57630913494515
 21
2.156945418810823
  0
LINE
  5
58B
100
AcDbEntity
  8
BLACK
  6
CONTINUOUS
 62
  256
370
   -1
100
AcDbLine
 10
2.57630913494515
 20
2.156945418810823
 11
2.560009922346725
 21
2.135764316448618
  0
LINE
  5
58C
100
AcDbEntity
  8
BLACK
  6
CONTINUOUS
 62
  256
370
   -1
100
AcDbLine
 10
2.560009922346725
 20
2.135764316448618
 11
2.559913977464835
 21
2.135680418810823
  0
LINE
  5
58D
100
AcDbEntity
  8
BLACK
  6
CONTINUOUS
 62
  256
370
   -1
100
AcDbLine
 10
2.559913977464835
 20
2.135680418810823
 11
2.559830119197119
 21
2.135584513299012
  0
LINE
  5
58E
100
AcDbEntity
  8
BLACK
  6
CONTINUOUS
 62
  256
370
   -1
100
AcDbLine
 10
2.559830119197119
 20
2.135584513299012
 11
2.538649016834914
 21
2.119285300700587
  0
LINE
  5
58F
100
AcDbEntity
  8
BLACK
  6
CONTINUOUS
 62
  256
370
   -1
100
AcDbLine
 10
2.538649016834914
 20
2.119285300700587
 11
2.538532638882158
 21
2.119227702275389
  0
LINE
  5
590
100
AcDbEntity
  8
BLACK
  6
CONTINUOUS
 62
  256
370
   -1
100
AcDbLine
 10
2.538532638882158
 20
2.119227702275389
 11
2.538424568016016
 21
2.119155655031295
  0
LINE
  5
591
100
AcDbEntity
  8
BLACK
  6
CONTINUOUS
 62
  256
370
   -1
100
AcDbLine
 10
2.538424568016016
 20
2.119155655031295
 11
2.513739528645938
 21
2.108958804637594
  0
LINE
  5
592
100
AcDbEntity
  8
BLACK
  6
CONTINUOUS
 62
  256
370
   -1
100
AcDbLine
 10
2.513739528645938
 20
2.108958804637594
 11
2.51361381998452
 21
2.108933922747831
  0
LINE
  5
593
100
AcDbEntity
  8
BLACK
  6
CONTINUOUS
 62
  256
370
   -1
100
AcDbLine
 10
2.51361381998452
 20
2.108933922747831
 11
2.513492756992394
 21
2.108892741645469
  0
LINE
  5
594
100
AcDbEntity
  8
BLACK
  6
CONTINUOUS
 62
  256
370
   -1
100
AcDbLine
 10
2.513492756992394
 20
2.108892741645469
 11
2.486996733370347
 21
2.105388804637594
  0
LINE
  5
595
100
AcDbEntity
  8
BLACK
  6
CONTINUOUS
 62
  256
370
   -1
100
AcDbLine
 10
2.486996733370347
 20
2.105388804637594
 11
2.486931654630189
 21
2.10539301723602
  0
LINE
  5
596
100
AcDbEntity
  8
BLACK
  6
CONTINUOUS
 62
  256
370
   -1
100
AcDbLine
 10
2.486931654630189
 20
2.10539301723602
 11
2.486867678252237
 21
2.105380300700586
  0
LINE
  5
597
100
AcDbEntity
  8
BLACK
  6
CONTINUOUS
 62
  256
370
   -1
100
AcDbLine
 10
2.486867678252237
 20
2.105380300700586
 11
2.313639331795544
 21
2.105380300700586
  0
LINE
  5
598
100
AcDbEntity
  8
BLACK
  6
CONTINUOUS
 62
  256
370
   -1
100
AcDbLine
 10
2.313639331795544
 20
2.105380300700586
 11
2.313406064079008
 21
2.105426678653342
  0
LINE
  5
599
100
AcDbEntity
  8
BLACK
  6
CONTINUOUS
 62
  256
370
   -1
100
AcDbLine
 10
2.313406064079008
 20
2.105426678653342
 11
2.313356930220741
 21
2.105421678653342
  0
LINE
  5
59A
100
AcDbEntity
  8
BLACK
  6
CONTINUOUS
 62
  256
370
   -1
100
AcDbLine
 10
2.313356930220741
 20
2.105421678653342
 11
2.313312205811292
 21
2.105445340070665
  0
LINE
  5
59B
100
AcDbEntity
  8
BLACK
  6
CONTINUOUS
 62
  256
370
   -1
100
AcDbLine
 10
2.313312205811292
 20
2.105445340070665
 11
2.313262678252237
 21
2.105455221960429
  0
LINE
  5
59C
100
AcDbEntity
  8
BLACK
  6
CONTINUOUS
 62
  256
370
   -1
100
AcDbLine
 10
2.313262678252237
 20
2.105455221960429
 11
2.313227756992394
 21
2.105490103850193
  0
LINE
  5
59D
100
AcDbEntity
  8
BLACK
  6
CONTINUOUS
 62
  256
370
   -1
100
AcDbLine
 10
2.313227756992394
 20
2.105490103850193
 11
2.313017599512079
 21
2.105601521173027
  0
LINE
  5
59E
100
AcDbEntity
  8
BLACK
  6
CONTINUOUS
 62
  256
370
   -1
100
AcDbLine
 10
2.313017599512079
 20
2.105601521173027
 11
2.206989882976646
 21
2.191994473928933
  0
LINE
  5
59F
100
AcDbEntity
  8
BLACK
  6
CONTINUOUS
 62
  256
370
   -1
100
AcDbLine
 10
2.206989882976646
 20
2.191994473928933
 11
2.077418859354599
 21
2.191994473928933
  0
LINE
  5
5A0
100
AcDbEntity
  8
BLACK
  6
CONTINUOUS
 62
  256
370
   -1
100
AcDbLine
 10
2.077418859354599
 20
2.191994473928933
 11
2.077323701874284
 21
2.192013371566728
  0
LINE
  5
5A1
100
AcDbEntity
  8
BLACK
  6
CONTINUOUS
 62
  256
370
   -1
100
AcDbLine
 10
2.077323701874284
 20
2.192013371566728
 11
2.077226772740426
 21
2.192013410936807
  0
LINE
  5
5A2
100
AcDbEntity
  8
BLACK
  6
CONTINUOUS
 62
  256
370
   -1
100
AcDbLine
 10
2.077226772740426
 20
2.192013410936807
 11
2.038053544393969
 21
2.199808686527359
  0
LINE
  5
5A3
100
AcDbEntity
  8
BLACK
  6
CONTINUOUS
 62
  256
370
   -1
100
AcDbLine
 10
2.038053544393969
 20
2.199808686527359
 11
2.038053229433339
 21
2.199808804637595
  0
LINE
  5
5A4
100
AcDbEntity
  8
BLACK
  6
CONTINUOUS
 62
  256
370
   -1
100
AcDbLine
 10
2.038053229433339
 20
2.199808804637595
 11
2.038053032582945
 21
2.199808765267516
  0
LINE
  5
5A5
100
AcDbEntity
  8
BLACK
  6
CONTINUOUS
 62
  256
370
   -1
100
AcDbLine
 10
2.038053032582945
 20
2.199808765267516
 11
2.037860709748299
 21
2.199888529047043
  0
LINE
  5
5A6
100
AcDbEntity
  8
BLACK
  6
CONTINUOUS
 62
  256
370
   -1
100
AcDbLine
 10
2.037860709748299
 20
2.199888529047043
 11
2.037698741244363
 21
2.199955655031295
  0
LINE
  5
5A7
100
AcDbEntity
  8
BLACK
  6
CONTINUOUS
 62
  256
370
   -1
100
AcDbLine
 10
2.037698741244363
 20
2.199955655031295
 11
2.037698623134126
 21
2.199955773141531
  0
LINE
  5
5A8
100
AcDbEntity
  8
BLACK
  6
CONTINUOUS
 62
  256
370
   -1
100
AcDbLine
 10
2.037698623134126
 20
2.199955773141531
 11
2.037698347543575
 21
2.199955930621846
  0
LINE
  5
5A9
100
AcDbEntity
  8
BLACK
  6
CONTINUOUS
 62
  256
370
   -1
100
AcDbLine
 10
2.037698347543575
 20
2.199955930621846
 11
2.004509331795544
 21
2.222160694401374
  0
LINE
  5
5AA
100
AcDbEntity
  8
BLACK
  6
CONTINUOUS
 62
  256
370
   -1
100
AcDbLine
 10
2.004509331795544
 20
2.222160694401374
 11
2.004374016834914
 21
2.222296088102161
  0
LINE
  5
5AB
100
AcDbEntity
  8
BLACK
  6
CONTINUOUS
 62
  256
370
   -1
100
AcDbLine
 10
2.004374016834914
 20
2.222296088102161
 11
2.004238623134126
 21
2.222431403062791
  0
LINE
  5
5AC
100
AcDbEntity
  8
BLACK
  6
CONTINUOUS
 62
  256
370
   -1
100
AcDbLine
 10
2.004238623134126
 20
2.222431403062791
 11
1.982033898724678
 21
2.255620379440744
  0
LINE
  5
5AD
100
AcDbEntity
  8
BLACK
  6
CONTINUOUS
 62
  256
370
   -1
100
AcDbLine
 10
1.982033898724678
 20
2.255620379440744
 11
1.982033741244363
 21
2.255620655031295
  0
LINE
  5
5AE
100
AcDbEntity
  8
BLACK
  6
CONTINUOUS
 62
  256
370
   -1
100
AcDbLine
 10
1.982033741244363
 20
2.255620655031295
 11
1.982033583764048
 21
2.25562081251161
  0
LINE
  5
5AF
100
AcDbEntity
  8
BLACK
  6
CONTINUOUS
 62
  256
370
   -1
100
AcDbLine
 10
1.982033583764048
 20
2.25562081251161
 11
1.981959646756174
 21
2.255799237708461
  0
LINE
  5
5B0
100
AcDbEntity
  8
BLACK
  6
CONTINUOUS
 62
  256
370
   -1
100
AcDbLine
 10
1.981959646756174
 20
2.255799237708461
 11
1.981886694000268
 21
2.255975103850193
  0
LINE
  5
5B1
100
AcDbEntity
  8
BLACK
  6
CONTINUOUS
 62
  256
370
   -1
100
AcDbLine
 10
1.981886694000268
 20
2.255975103850193
 11
1.981886733370347
 21
2.255975300700586
  0
LINE
  5
5B2
100
AcDbEntity
  8
BLACK
  6
CONTINUOUS
 62
  256
370
   -1
100
AcDbLine
 10
1.981886733370347
 20
2.255975300700586
 11
1.981886615260111
 21
2.255975615661217
  0
LINE
  5
5B3
100
AcDbEntity
  8
BLACK
  6
CONTINUOUS
 62
  256
370
   -1
100
AcDbLine
 10
1.981886615260111
 20
2.255975615661217
 11
1.97409133966956
 21
2.295148844007673
  0
LINE
  5
5B4
100
AcDbEntity
  8
BLACK
  6
CONTINUOUS
 62
  256
370
   -1
100
AcDbLine
 10
1.97409133966956
 20
2.295148844007673
 11
1.974091300299481
 21
2.29514892274783
  0
LINE
  5
5B5
100
AcDbEntity
  8
BLACK
  6
CONTINUOUS
 62
  256
370
   -1
100
AcDbLine
 10
1.974091300299481
 20
2.29514892274783
 11
1.974091300299481
 21
2.295149001487988
  0
LINE
  5
5B6
100
AcDbEntity
  8
BLACK
  6
CONTINUOUS
 62
  256
370
   -1
100
AcDbLine
 10
1.974091300299481
 20
2.295149001487988
 11
1.974091300299481
 21
2.295340930621847
  0
LINE
  5
5B7
100
AcDbEntity
  8
BLACK
  6
CONTINUOUS
 62
  256
370
   -1
100
AcDbLine
 10
1.974091300299481
 20
2.295340930621847
 11
1.974091300299481
 21
2.295532859755705
  0
LINE
  5
5B8
100
AcDbEntity
  8
BLACK
  6
CONTINUOUS
 62
  256
370
   -1
100
AcDbLine
 10
1.974091300299481
 20
2.295532859755705
 11
1.974091300299481
 21
2.295532899125783
  0
LINE
  5
5B9
100
AcDbEntity
  8
BLACK
  6
CONTINUOUS
 62
  256
370
   -1
100
AcDbLine
 10
1.974091300299481
 20
2.295532899125783
 11
1.97409133966956
 21
2.29553301723602
  0
LINE
  5
5BA
100
AcDbEntity
  8
BLACK
  6
CONTINUOUS
 62
  256
370
   -1
100
AcDbLine
 10
1.97409133966956
 20
2.29553301723602
 11
1.981886615260111
 21
2.334706245582476
  0
LINE
  5
5BB
100
AcDbEntity
  8
BLACK
  6
CONTINUOUS
 62
  256
370
   -1
100
AcDbLine
 10
1.981886615260111
 20
2.334706245582476
 11
1.981886733370347
 21
2.334706521173027
  0
LINE
  5
5BC
100
AcDbEntity
  8
BLACK
  6
CONTINUOUS
 62
  256
370
   -1
100
AcDbLine
 10
1.981886733370347
 20
2.334706521173027
 11
1.981886694000268
 21
2.3347067573935
  0
LINE
  5
5BD
100
AcDbEntity
  8
BLACK
  6
CONTINUOUS
 62
  256
370
   -1
100
AcDbLine
 10
1.981886694000268
 20
2.3347067573935
 11
1.981959646756174
 21
2.334882584165153
  0
LINE
  5
5BE
100
AcDbEntity
  8
BLACK
  6
CONTINUOUS
 62
  256
370
   -1
100
AcDbLine
 10
1.981959646756174
 20
2.334882584165153
 11
1.982033583764048
 21
2.335061048732083
  0
LINE
  5
5BF
100
AcDbEntity
  8
BLACK
  6
CONTINUOUS
 62
  256
370
   -1
100
AcDbLine
 10
1.982033583764048
 20
2.335061048732083
 11
1.982033741244363
 21
2.335061166842319
  0
LINE
  5
5C0
100
AcDbEntity
  8
BLACK
  6
CONTINUOUS
 62
  256
370
   -1
100
AcDbLine
 10
1.982033741244363
 20
2.335061166842319
 11
1.982033898724678
 21
2.335061481802949
  0
LINE
  5
5C1
100
AcDbEntity
  8
BLACK
  6
CONTINUOUS
 62
  256
370
   -1
100
AcDbLine
 10
1.982033898724678
 20
2.335061481802949
 11
2.004238623134126
 21
2.368250458180902
  0
LINE
  5
5C2
100
AcDbEntity
  8
BLACK
  6
CONTINUOUS
 62
  256
370
   -1
100
AcDbLine
 10
2.004238623134126
 20
2.368250458180902
 11
2.004374016834914
 21
2.368385733771452
  0
LINE
  5
5C3
100
AcDbEntity
  8
BLACK
  6
CONTINUOUS
 62
  256
370
   -1
100
AcDbLine
 10
2.004374016834914
 20
2.368385733771452
 11
2.004509331795544
 21
2.368521166842319
  0
LINE
  5
5C4
100
AcDbEntity
  8
BLACK
  6
CONTINUOUS
 62
  256
370
   -1
100
AcDbLine
 10
2.004509331795544
 20
2.368521166842319
 11
2.037698347543575
 21
2.390725930621846
  0
LINE
  5
5C5
100
AcDbEntity
  8
BLACK
  6
CONTINUOUS
 62
  256
370
   -1
100
AcDbLine
 10
2.037698347543575
 20
2.390725930621846
 11
2.037698623134126
 21
2.390726048732082
  0
LINE
  5
5C6
100
AcDbEntity
  8
BLACK
  6
CONTINUOUS
 62
  256
370
   -1
100
AcDbLine
 10
2.037698623134126
 20
2.390726048732082
 11
2.037698741244363
 21
2.390726206212397
  0
LINE
  5
5C7
100
AcDbEntity
  8
BLACK
  6
CONTINUOUS
 62
  256
370
   -1
100
AcDbLine
 10
2.037698741244363
 20
2.390726206212397
 11
2.037860709748299
 21
2.39079329282657
  0
LINE
  5
5C8
100
AcDbEntity
  8
BLACK
  6
CONTINUOUS
 62
  256
370
   -1
100
AcDbLine
 10
2.037860709748299
 20
2.39079329282657
 11
2.038053032582945
 21
2.390873095976177
  0
LINE
  5
5C9
100
AcDbEntity
  8
BLACK
  6
CONTINUOUS
 62
  256
370
   -1
100
AcDbLine
 10
2.038053032582945
 20
2.390873095976177
 11
2.038053229433339
 21
2.39087301723602
  0
LINE
  5
5CA
100
AcDbEntity
  8
BLACK
  6
CONTINUOUS
 62
  256
370
   -1
100
AcDbLine
 10
2.038053229433339
 20
2.39087301723602
 11
2.038053544393969
 21
2.390873174716335
  0
LINE
  5
5CB
100
AcDbEntity
  8
BLACK
  6
CONTINUOUS
 62
  256
370
   -1
100
AcDbLine
 10
2.038053544393969
 20
2.390873174716335
 11
2.077226772740426
 21
2.398668450306886
  0
LINE
  5
5CC
100
AcDbEntity
  8
BLACK
  6
CONTINUOUS
 62
  256
370
   -1
100
AcDbLine
 10
2.077226772740426
 20
2.398668450306886
 11
2.077323701874284
 21
2.398668450306886
  0
LINE
  5
5CD
100
AcDbEntity
  8
BLACK
  6
CONTINUOUS
 62
  256
370
   -1
100
AcDbLine
 10
2.077323701874284
 20
2.398668450306886
 11
2.077418859354599
 21
2.39868738731476
  0
LINE
  5
5CE
100
AcDbEntity
  8
BLACK
  6
CONTINUOUS
 62
  256
370
   -1
100
AcDbLine
 10
2.077418859354599
 20
2.39868738731476
 11
2.130568465653812
 21
2.39868738731476
  0
LINE
  5
5CF
100
AcDbEntity
  8
BLACK
  6
CONTINUOUS
 62
  256
370
   -1
100
AcDbLine
 10
2.077515788488457
 20
2.396718883377752
 11
2.038630001086883
 21
2.388980773141531
  0
LINE
  5
5D0
100
AcDbEntity
  8
BLACK
  6
CONTINUOUS
 62
  256
370
   -1
100
AcDbLine
 10
2.038630001086883
 20
2.388980773141531
 11
2.005766182189245
 21
2.366993607787201
  0
LINE
  5
5D1
100
AcDbEntity
  8
BLACK
  6
CONTINUOUS
 62
  256
370
   -1
100
AcDbLine
 10
2.005766182189245
 20
2.366993607787201
 11
1.983778977464835
 21
2.334129749519484
  0
LINE
  5
5D2
100
AcDbEntity
  8
BLACK
  6
CONTINUOUS
 62
  256
370
   -1
100
AcDbLine
 10
1.983778977464835
 20
2.334129749519484
 11
1.976060158567197
 21
2.295340930621847
  0
LINE
  5
5D3
100
AcDbEntity
  8
BLACK
  6
CONTINUOUS
 62
  256
370
   -1
100
AcDbLine
 10
1.976060158567197
 20
2.295340930621847
 11
1.983778977464835
 21
2.25655207235413
  0
LINE
  5
5D4
100
AcDbEntity
  8
BLACK
  6
CONTINUOUS
 62
  256
370
   -1
100
AcDbLine
 10
1.983778977464835
 20
2.25655207235413
 11
2.005766182189245
 21
2.223688214086414
  0
LINE
  5
5D5
100
AcDbEntity
  8
BLACK
  6
CONTINUOUS
 62
  256
370
   -1
100
AcDbLine
 10
2.005766182189245
 20
2.223688214086414
 11
2.038630001086883
 21
2.201701048732082
  0
LINE
  5
5D6
100
AcDbEntity
  8
BLACK
  6
CONTINUOUS
 62
  256
370
   -1
100
AcDbLine
 10
2.038630001086883
 20
2.201701048732082
 11
2.077515788488457
 21
2.193962977865941
  0
LINE
  5
5D7
100
AcDbEntity
  8
BLACK
  6
CONTINUOUS
 62
  256
370
   -1
100
AcDbLine
 10
2.077515788488457
 20
2.193962977865941
 11
2.207340119197119
 21
2.193962977865941
  0
LINE
  5
5D8
100
AcDbEntity
  8
BLACK
  6
CONTINUOUS
 62
  256
370
   -1
100
AcDbLine
 10
2.207340119197119
 20
2.193962977865941
 11
2.207573347543575
 21
2.193916560543106
  0
LINE
  5
5D9
100
AcDbEntity
  8
BLACK
  6
CONTINUOUS
 62
  256
370
   -1
100
AcDbLine
 10
2.207573347543575
 20
2.193916560543106
 11
2.207622520771922
 21
2.193921599913185
  0
LINE
  5
5DA
100
AcDbEntity
  8
BLACK
  6
CONTINUOUS
 62
  256
370
   -1
100
AcDbLine
 10
2.207622520771922
 20
2.193921599913185
 11
2.207667205811292
 21
2.193897899125783
  0
LINE
  5
5DB
100
AcDbEntity
  8
BLACK
  6
CONTINUOUS
 62
  256
370
   -1
100
AcDbLine
 10
2.207667205811292
 20
2.193897899125783
 11
2.207716772740426
 21
2.193888056606099
  0
LINE
  5
5DC
100
AcDbEntity
  8
BLACK
  6
CONTINUOUS
 62
  256
370
   -1
100
AcDbLine
 10
2.207716772740426
 20
2.193888056606099
 11
2.20775165463019
 21
2.193853135346256
  0
LINE
  5
5DD
100
AcDbEntity
  8
BLACK
  6
CONTINUOUS
 62
  256
370
   -1
100
AcDbLine
 10
2.20775165463019
 20
2.193853135346256
 11
2.207961851480583
 21
2.1937417573935
  0
LINE
  5
5DE
100
AcDbEntity
  8
BLACK
  6
CONTINUOUS
 62
  256
370
   -1
100
AcDbLine
 10
2.207961851480583
 20
2.1937417573935
 11
2.313989568016016
 21
2.107348804637595
  0
LINE
  5
5DF
100
AcDbEntity
  8
BLACK
  6
CONTINUOUS
 62
  256
370
   -1
100
AcDbLine
 10
2.313989568016016
 20
2.107348804637595
 11
2.486802914472709
 21
2.107348804637595
  0
LINE
  5
5E0
100
AcDbEntity
  8
BLACK
  6
CONTINUOUS
 62
  256
370
   -1
100
AcDbLine
 10
2.486802914472709
 20
2.107348804637595
 11
2.51310696959082
 21
2.110827347944681
  0
LINE
  5
5E1
100
AcDbEntity
  8
BLACK
  6
CONTINUOUS
 62
  256
370
   -1
100
AcDbLine
 10
2.51310696959082
 20
2.110827347944681
 11
2.537552087701056
 21
2.120925064480114
  0
LINE
  5
5E2
100
AcDbEntity
  8
BLACK
  6
CONTINUOUS
 62
  256
370
   -1
100
AcDbLine
 10
2.537552087701056
 20
2.120925064480114
 11
2.558528032582945
 21
2.137066363692712
  0
LINE
  5
5E3
100
AcDbEntity
  8
BLACK
  6
CONTINUOUS
 62
  256
370
   -1
100
AcDbLine
 10
2.558528032582945
 20
2.137066363692712
 11
2.574669292425465
 21
2.158042269204524
  0
LINE
  5
5E4
100
AcDbEntity
  8
BLACK
  6
CONTINUOUS
 62
  256
370
   -1
100
AcDbLine
 10
2.574669292425465
 20
2.158042269204524
 11
2.584767048330977
 21
2.182487426684839
  0
LINE
  5
5E5
100
AcDbEntity
  8
BLACK
  6
CONTINUOUS
 62
  256
370
   -1
100
AcDbLine
 10
2.584767048330977
 20
2.182487426684839
 11
2.588237048330977
 21
2.2087267573935
  0
LINE
  5
5E6
100
AcDbEntity
  8
BLACK
  6
CONTINUOUS
 62
  256
370
   -1
100
AcDbLine
 10
2.588237048330977
 20
2.2087267573935
 11
2.584767048330977
 21
2.234966048732082
  0
LINE
  5
5E7
100
AcDbEntity
  8
BLACK
  6
CONTINUOUS
 62
  256
370
   -1
100
AcDbLine
 10
2.584767048330977
 20
2.234966048732082
 11
2.574669292425465
 21
2.259411206212397
  0
LINE
  5
5E8
100
AcDbEntity
  8
BLACK
  6
CONTINUOUS
 62
  256
370
   -1
100
AcDbLine
 10
2.574669292425465
 20
2.259411206212397
 11
2.558528032582945
 21
2.280387111724209
  0
LINE
  5
5E9
100
AcDbEntity
  8
BLACK
  6
CONTINUOUS
 62
  256
370
   -1
100
AcDbLine
 10
2.558528032582945
 20
2.280387111724209
 11
2.537552087701056
 21
2.296528410936807
  0
LINE
  5
5EA
100
AcDbEntity
  8
BLACK
  6
CONTINUOUS
 62
  256
370
   -1
100
AcDbLine
 10
2.537552087701056
 20
2.296528410936807
 11
2.51310696959082
 21
2.30662612747224
  0
LINE
  5
5EB
100
AcDbEntity
  8
BLACK
  6
CONTINUOUS
 62
  256
370
   -1
100
AcDbLine
 10
2.51310696959082
 20
2.30662612747224
 11
2.486802914472709
 21
2.310104710149405
  0
LINE
  5
5EC
100
AcDbEntity
  8
BLACK
  6
CONTINUOUS
 62
  256
370
   -1
100
AcDbLine
 10
2.486802914472709
 20
2.310104710149405
 11
2.34513539478767
 21
2.310104710149405
  0
LINE
  5
5ED
100
AcDbEntity
  8
BLACK
  6
CONTINUOUS
 62
  256
370
   -1
100
AcDbLine
 10
2.34513539478767
 20
2.310104710149405
 11
2.344902127071134
 21
2.310151088102161
  0
LINE
  5
5EE
100
AcDbEntity
  8
BLACK
  6
CONTINUOUS
 62
  256
370
   -1
100
AcDbLine
 10
2.344902127071134
 20
2.310151088102161
 11
2.344852993212867
 21
2.310146088102162
  0
LINE
  5
5EF
100
AcDbEntity
  8
BLACK
  6
CONTINUOUS
 62
  256
370
   -1
100
AcDbLine
 10
2.344852993212867
 20
2.310146088102162
 11
2.344808268803418
 21
2.310169749519484
  0
LINE
  5
5F0
100
AcDbEntity
  8
BLACK
  6
CONTINUOUS
 62
  256
370
   -1
100
AcDbLine
 10
2.344808268803418
 20
2.310169749519484
 11
2.344758741244362
 21
2.310179631409248
  0
LINE
  5
5F1
100
AcDbEntity
  8
BLACK
  6
CONTINUOUS
 62
  256
370
   -1
100
AcDbLine
 10
2.344758741244362
 20
2.310179631409248
 11
2.34472381998452
 21
2.310214513299012
  0
LINE
  5
5F2
100
AcDbEntity
  8
BLACK
  6
CONTINUOUS
 62
  256
370
   -1
100
AcDbLine
 10
2.34472381998452
 20
2.310214513299012
 11
2.344513662504205
 21
2.310325930621846
  0
LINE
  5
5F3
100
AcDbEntity
  8
BLACK
  6
CONTINUOUS
 62
  256
370
   -1
100
AcDbLine
 10
2.344513662504205
 20
2.310325930621846
 11
2.238485945968772
 21
2.396718883377752
  0
LINE
  5
5F4
100
AcDbEntity
  8
BLACK
  6
CONTINUOUS
 62
  256
370
   -1
100
AcDbLine
 10
2.238485945968772
 20
2.396718883377752
 11
2.197497599512079
 21
2.396718883377752
  0
LINE
  5
5F5
100
AcDbEntity
  8
BLACK
  6
CONTINUOUS
 62
  256
370
   -1
100
AcDbLine
 10
2.197497599512079
 20
2.396718883377752
 11
2.130568465653812
 21
2.396718883377752
  0
LINE
  5
5F6
100
AcDbEntity
  8
BLACK
  6
CONTINUOUS
 62
  256
370
   -1
100
AcDbLine
 10
2.130568465653812
 20
2.396718883377752
 11
2.077515788488457
 21
2.396718883377752
  0
LINE
  5
5F7
100
AcDbEntity
  8
BLACK
  6
CONTINUOUS
 62
  256
370
   -1
100
AcDbLine
 10
2.839229882976646
 20
2.39868738731476
 11
2.906159016834914
 21
2.39868738731476
  0
LINE
  5
5F8
100
AcDbEntity
  8
BLACK
  6
CONTINUOUS
 62
  256
370
   -1
100
AcDbLine
 10
2.906159016834914
 20
2.39868738731476
 11
2.947497599512079
 21
2.39868738731476
  0
LINE
  5
5F9
100
AcDbEntity
  8
BLACK
  6
CONTINUOUS
 62
  256
370
   -1
100
AcDbLine
 10
2.947497599512079
 20
2.39868738731476
 11
2.947730827858536
 21
2.398640969991925
  0
LINE
  5
5FA
100
AcDbEntity
  8
BLACK
  6
CONTINUOUS
 62
  256
370
   -1
100
AcDbLine
 10
2.947730827858536
 20
2.398640969991925
 11
2.947780001086882
 21
2.398646009362004
  0
LINE
  5
5FB
100
AcDbEntity
  8
BLACK
  6
CONTINUOUS
 62
  256
370
   -1
100
AcDbLine
 10
2.947780001086882
 20
2.398646009362004
 11
2.947824686126252
 21
2.398622308574602
  0
LINE
  5
5FC
100
AcDbEntity
  8
BLACK
  6
CONTINUOUS
 62
  256
370
   -1
100
AcDbLine
 10
2.947824686126252
 20
2.398622308574602
 11
2.947874253055386
 21
2.398612466054917
  0
LINE
  5
5FD
100
AcDbEntity
  8
BLACK
  6
CONTINUOUS
 62
  256
370
   -1
100
AcDbLine
 10
2.947874253055386
 20
2.398612466054917
 11
2.94790913494515
 21
2.398577544795074
  0
LINE
  5
5FE
100
AcDbEntity
  8
BLACK
  6
CONTINUOUS
 62
  256
370
   -1
100
AcDbLine
 10
2.94790913494515
 20
2.398577544795074
 11
2.948119331795544
 21
2.398466166842319
  0
LINE
  5
5FF
100
AcDbEntity
  8
BLACK
  6
CONTINUOUS
 62
  256
370
   -1
100
AcDbLine
 10
2.948119331795544
 20
2.398466166842319
 11
3.054147048330977
 21
2.312073214086413
  0
LINE
  5
600
100
AcDbEntity
  8
BLACK
  6
CONTINUOUS
 62
  256
370
   -1
100
AcDbLine
 10
3.054147048330977
 20
2.312073214086413
 11
3.195529095575071
 21
2.312073214086413
  0
LINE
  5
601
100
AcDbEntity
  8
BLACK
  6
CONTINUOUS
 62
  256
370
   -1
100
AcDbLine
 10
3.195529095575071
 20
2.312073214086413
 11
3.195593071953024
 21
2.312060458180902
  0
LINE
  5
602
100
AcDbEntity
  8
BLACK
  6
CONTINUOUS
 62
  256
370
   -1
100
AcDbLine
 10
3.195593071953024
 20
2.312060458180902
 11
3.195658150693182
 21
2.312064710149405
  0
LINE
  5
603
100
AcDbEntity
  8
BLACK
  6
CONTINUOUS
 62
  256
370
   -1
100
AcDbLine
 10
3.195658150693182
 20
2.312064710149405
 11
3.222154174315229
 21
2.308560773141531
  0
LINE
  5
604
100
AcDbEntity
  8
BLACK
  6
CONTINUOUS
 62
  256
370
   -1
100
AcDbLine
 10
3.222154174315229
 20
2.308560773141531
 11
3.222275237307355
 21
2.30851955266909
  0
LINE
  5
605
100
AcDbEntity
  8
BLACK
  6
CONTINUOUS
 62
  256
370
   -1
100
AcDbLine
 10
3.222275237307355
 20
2.30851955266909
 11
3.222400945968772
 21
2.308494710149406
  0
LINE
  5
606
100
AcDbEntity
  8
BLACK
  6
CONTINUOUS
 62
  256
370
   -1
100
AcDbLine
 10
3.222400945968772
 20
2.308494710149406
 11
3.247085985338851
 21
2.298297859755705
  0
LINE
  5
607
100
AcDbEntity
  8
BLACK
  6
CONTINUOUS
 62
  256
370
   -1
100
AcDbLine
 10
3.247085985338851
 20
2.298297859755705
 11
3.247194056204993
 21
2.298225773141532
  0
LINE
  5
608
100
AcDbEntity
  8
BLACK
  6
CONTINUOUS
 62
  256
370
   -1
100
AcDbLine
 10
3.247194056204993
 20
2.298225773141532
 11
3.247310434157749
 21
2.298168214086413
  0
LINE
  5
609
100
AcDbEntity
  8
BLACK
  6
CONTINUOUS
 62
  256
370
   -1
100
AcDbLine
 10
3.247310434157749
 20
2.298168214086413
 11
3.268491536519953
 21
2.281869001487988
  0
LINE
  5
60A
100
AcDbEntity
  8
BLACK
  6
CONTINUOUS
 62
  256
370
   -1
100
AcDbLine
 10
3.268491536519953
 20
2.281869001487988
 11
3.26857539478767
 21
2.281773056606099
  0
LINE
  5
60B
100
AcDbEntity
  8
BLACK
  6
CONTINUOUS
 62
  256
370
   -1
100
AcDbLine
 10
3.26857539478767
 20
2.281773056606099
 11
3.268671339669559
 21
2.281689198338381
  0
LINE
  5
60C
100
AcDbEntity
  8
BLACK
  6
CONTINUOUS
 62
  256
370
   -1
100
AcDbLine
 10
3.268671339669559
 20
2.281689198338381
 11
3.284970552267985
 21
2.260508095976177
  0
LINE
  5
60D
100
AcDbEntity
  8
BLACK
  6
CONTINUOUS
 62
  256
370
   -1
100
AcDbLine
 10
3.284970552267985
 20
2.260508095976177
 11
3.285028150693182
 21
2.260391678653343
  0
LINE
  5
60E
100
AcDbEntity
  8
BLACK
  6
CONTINUOUS
 62
  256
370
   -1
100
AcDbLine
 10
3.285028150693182
 20
2.260391678653343
 11
3.285100197937276
 21
2.260283647157279
  0
LINE
  5
60F
100
AcDbEntity
  8
BLACK
  6
CONTINUOUS
 62
  256
370
   -1
100
AcDbLine
 10
3.285100197937276
 20
2.260283647157279
 11
3.295297048330977
 21
2.235598568417122
  0
LINE
  5
610
100
AcDbEntity
  8
BLACK
  6
CONTINUOUS
 62
  256
370
   -1
100
AcDbLine
 10
3.295297048330977
 20
2.235598568417122
 11
3.295321890850662
 21
2.23547301723602
  0
LINE
  5
611
100
AcDbEntity
  8
BLACK
  6
CONTINUOUS
 62
  256
370
   -1
100
AcDbLine
 10
3.295321890850662
 20
2.23547301723602
 11
3.295363111323103
 21
2.235351875503736
  0
LINE
  5
612
100
AcDbEntity
  8
BLACK
  6
CONTINUOUS
 62
  256
370
   -1
100
AcDbLine
 10
3.295363111323103
 20
2.235351875503736
 11
3.298867048330977
 21
2.20885581251161
  0
LINE
  5
613
100
AcDbEntity
  8
BLACK
  6
CONTINUOUS
 62
  256
370
   -1
100
AcDbLine
 10
3.298867048330977
 20
2.20885581251161
 11
3.298858662504205
 21
2.2087267573935
  0
LINE
  5
614
100
AcDbEntity
  8
BLACK
  6
CONTINUOUS
 62
  256
370
   -1
100
AcDbLine
 10
3.298858662504205
 20
2.2087267573935
 11
3.298867048330977
 21
2.20859770227539
  0
LINE
  5
615
100
AcDbEntity
  8
BLACK
  6
CONTINUOUS
 62
  256
370
   -1
100
AcDbLine
 10
3.298867048330977
 20
2.20859770227539
 11
3.295363111323103
 21
2.182101639283264
  0
LINE
  5
616
100
AcDbEntity
  8
BLACK
  6
CONTINUOUS
 62
  256
370
   -1
100
AcDbLine
 10
3.295363111323103
 20
2.182101639283264
 11
3.295321890850662
 21
2.181980458180901
  0
LINE
  5
617
100
AcDbEntity
  8
BLACK
  6
CONTINUOUS
 62
  256
370
   -1
100
AcDbLine
 10
3.295321890850662
 20
2.181980458180901
 11
3.295297048330977
 21
2.181854946369878
  0
LINE
  5
618
100
AcDbEntity
  8
BLACK
  6
CONTINUOUS
 62
  256
370
   -1
100
AcDbLine
 10
3.295297048330977
 20
2.181854946369878
 11
3.285100197937276
 21
2.157169867629721
  0
LINE
  5
619
100
AcDbEntity
  8
BLACK
  6
CONTINUOUS
 62
  256
370
   -1
100
AcDbLine
 10
3.285100197937276
 20
2.157169867629721
 11
3.285028150693182
 21
2.157061796763578
  0
LINE
  5
61A
100
AcDbEntity
  8
BLACK
  6
CONTINUOUS
 62
  256
370
   -1
100
AcDbLine
 10
3.285028150693182
 20
2.157061796763578
 11
3.284970552267985
 21
2.156945418810823
  0
LINE
  5
61B
100
AcDbEntity
  8
BLACK
  6
CONTINUOUS
 62
  256
370
   -1
100
AcDbLine
 10
3.284970552267985
 20
2.156945418810823
 11
3.268671339669559
 21
2.135764316448618
  0
LINE
  5
61C
100
AcDbEntity
  8
BLACK
  6
CONTINUOUS
 62
  256
370
   -1
100
AcDbLine
 10
3.268671339669559
 20
2.135764316448618
 11
3.26857539478767
 21
2.135680418810823
  0
LINE
  5
61D
100
AcDbEntity
  8
BLACK
  6
CONTINUOUS
 62
  256
370
   -1
100
AcDbLine
 10
3.26857539478767
 20
2.135680418810823
 11
3.268491536519953
 21
2.135584513299012
  0
LINE
  5
61E
100
AcDbEntity
  8
BLACK
  6
CONTINUOUS
 62
  256
370
   -1
100
AcDbLine
 10
3.268491536519953
 20
2.135584513299012
 11
3.247310434157749
 21
2.119285300700587
  0
LINE
  5
61F
100
AcDbEntity
  8
BLACK
  6
CONTINUOUS
 62
  256
370
   -1
100
AcDbLine
 10
3.247310434157749
 20
2.119285300700587
 11
3.247194056204993
 21
2.119227702275389
  0
LINE
  5
620
100
AcDbEntity
  8
BLACK
  6
CONTINUOUS
 62
  256
370
   -1
100
AcDbLine
 10
3.247194056204993
 20
2.119227702275389
 11
3.247085985338851
 21
2.119155655031295
  0
LINE
  5
621
100
AcDbEntity
  8
BLACK
  6
CONTINUOUS
 62
  256
370
   -1
100
AcDbLine
 10
3.247085985338851
 20
2.119155655031295
 11
3.222400945968772
 21
2.108958804637594
  0
LINE
  5
622
100
AcDbEntity
  8
BLACK
  6
CONTINUOUS
 62
  256
370
   -1
100
AcDbLine
 10
3.222400945968772
 20
2.108958804637594
 11
3.222275237307355
 21
2.108933922747831
  0
LINE
  5
623
100
AcDbEntity
  8
BLACK
  6
CONTINUOUS
 62
  256
370
   -1
100
AcDbLine
 10
3.222275237307355
 20
2.108933922747831
 11
3.222154174315229
 21
2.108892741645469
  0
LINE
  5
624
100
AcDbEntity
  8
BLACK
  6
CONTINUOUS
 62
  256
370
   -1
100
AcDbLine
 10
3.222154174315229
 20
2.108892741645469
 11
3.195658150693182
 21
2.105388804637594
  0
LINE
  5
625
100
AcDbEntity
  8
BLACK
  6
CONTINUOUS
 62
  256
370
   -1
100
AcDbLine
 10
3.195658150693182
 20
2.105388804637594
 11
3.195593071953024
 21
2.10539301723602
  0
LINE
  5
626
100
AcDbEntity
  8
BLACK
  6
CONTINUOUS
 62
  256
370
   -1
100
AcDbLine
 10
3.195593071953024
 20
2.10539301723602
 11
3.195529095575071
 21
2.105380300700586
  0
LINE
  5
627
100
AcDbEntity
  8
BLACK
  6
CONTINUOUS
 62
  256
370
   -1
100
AcDbLine
 10
3.195529095575071
 20
2.105380300700586
 11
3.022300749118378
 21
2.105380300700586
  0
LINE
  5
628
100
AcDbEntity
  8
BLACK
  6
CONTINUOUS
 62
  256
370
   -1
100
AcDbLine
 10
3.022300749118378
 20
2.105380300700586
 11
3.022067481401843
 21
2.105426678653342
  0
LINE
  5
629
100
AcDbEntity
  8
BLACK
  6
CONTINUOUS
 62
  256
370
   -1
100
AcDbLine
 10
3.022067481401843
 20
2.105426678653342
 11
3.022018347543575
 21
2.105421678653342
  0
LINE
  5
62A
100
AcDbEntity
  8
BLACK
  6
CONTINUOUS
 62
  256
370
   -1
100
AcDbLine
 10
3.022018347543575
 20
2.105421678653342
 11
3.021973623134127
 21
2.105445340070665
  0
LINE
  5
62B
100
AcDbEntity
  8
BLACK
  6
CONTINUOUS
 62
  256
370
   -1
100
AcDbLine
 10
3.021973623134127
 20
2.105445340070665
 11
3.021924095575071
 21
2.105455221960429
  0
LINE
  5
62C
100
AcDbEntity
  8
BLACK
  6
CONTINUOUS
 62
  256
370
   -1
100
AcDbLine
 10
3.021924095575071
 20
2.105455221960429
 11
3.021889174315229
 21
2.105490103850193
  0
LINE
  5
62D
100
AcDbEntity
  8
BLACK
  6
CONTINUOUS
 62
  256
370
   -1
100
AcDbLine
 10
3.021889174315229
 20
2.105490103850193
 11
3.021679016834914
 21
2.105601521173027
  0
LINE
  5
62E
100
AcDbEntity
  8
BLACK
  6
CONTINUOUS
 62
  256
370
   -1
100
AcDbLine
 10
3.021679016834914
 20
2.105601521173027
 11
2.915651300299481
 21
2.191994473928933
  0
LINE
  5
62F
100
AcDbEntity
  8
BLACK
  6
CONTINUOUS
 62
  256
370
   -1
100
AcDbLine
 10
2.915651300299481
 20
2.191994473928933
 11
2.786080276677434
 21
2.191994473928933
  0
LINE
  5
630
100
AcDbEntity
  8
BLACK
  6
CONTINUOUS
 62
  256
370
   -1
100
AcDbLine
 10
2.786080276677434
 20
2.191994473928933
 11
2.785985119197119
 21
2.192013371566728
  0
LINE
  5
631
100
AcDbEntity
  8
BLACK
  6
CONTINUOUS
 62
  256
370
   -1
100
AcDbLine
 10
2.785985119197119
 20
2.192013371566728
 11
2.78588819006326
 21
2.192013410936807
  0
LINE
  5
632
100
AcDbEntity
  8
BLACK
  6
CONTINUOUS
 62
  256
370
   -1
100
AcDbLine
 10
2.78588819006326
 20
2.192013410936807
 11
2.746714961716804
 21
2.199808686527359
  0
LINE
  5
633
100
AcDbEntity
  8
BLACK
  6
CONTINUOUS
 62
  256
370
   -1
100
AcDbLine
 10
2.746714961716804
 20
2.199808686527359
 11
2.746714646756174
 21
2.199808804637595
  0
LINE
  5
634
100
AcDbEntity
  8
BLACK
  6
CONTINUOUS
 62
  256
370
   -1
100
AcDbLine
 10
2.746714646756174
 20
2.199808804637595
 11
2.74671444990578
 21
2.199808765267516
  0
LINE
  5
635
100
AcDbEntity
  8
BLACK
  6
CONTINUOUS
 62
  256
370
   -1
100
AcDbLine
 10
2.74671444990578
 20
2.199808765267516
 11
2.746522127071135
 21
2.199888529047043
  0
LINE
  5
636
100
AcDbEntity
  8
BLACK
  6
CONTINUOUS
 62
  256
370
   -1
100
AcDbLine
 10
2.746522127071135
 20
2.199888529047043
 11
2.746360158567197
 21
2.199955655031295
  0
LINE
  5
637
100
AcDbEntity
  8
BLACK
  6
CONTINUOUS
 62
  256
370
   -1
100
AcDbLine
 10
2.746360158567197
 20
2.199955655031295
 11
2.746360040456961
 21
2.199955773141531
  0
LINE
  5
638
100
AcDbEntity
  8
BLACK
  6
CONTINUOUS
 62
  256
370
   -1
100
AcDbLine
 10
2.746360040456961
 20
2.199955773141531
 11
2.74635976486641
 21
2.199955930621846
  0
LINE
  5
639
100
AcDbEntity
  8
BLACK
  6
CONTINUOUS
 62
  256
370
   -1
100
AcDbLine
 10
2.74635976486641
 20
2.199955930621846
 11
2.713170749118379
 21
2.222160694401374
  0
LINE
  5
63A
100
AcDbEntity
  8
BLACK
  6
CONTINUOUS
 62
  256
370
   -1
100
AcDbLine
 10
2.713170749118379
 20
2.222160694401374
 11
2.713035434157749
 21
2.222296088102161
  0
LINE
  5
63B
100
AcDbEntity
  8
BLACK
  6
CONTINUOUS
 62
  256
370
   -1
100
AcDbLine
 10
2.713035434157749
 20
2.222296088102161
 11
2.712900040456961
 21
2.222431403062791
  0
LINE
  5
63C
100
AcDbEntity
  8
BLACK
  6
CONTINUOUS
 62
  256
370
   -1
100
AcDbLine
 10
2.712900040456961
 20
2.222431403062791
 11
2.690695316047512
 21
2.255620379440744
  0
LINE
  5
63D
100
AcDbEntity
  8
BLACK
  6
CONTINUOUS
 62
  256
370
   -1
100
AcDbLine
 10
2.690695316047512
 20
2.255620379440744
 11
2.690695158567197
 21
2.255620655031295
  0
LINE
  5
63E
100
AcDbEntity
  8
BLACK
  6
CONTINUOUS
 62
  256
370
   -1
100
AcDbLine
 10
2.690695158567197
 20
2.255620655031295
 11
2.690695001086882
 21
2.25562081251161
  0
LINE
  5
63F
100
AcDbEntity
  8
BLACK
  6
CONTINUOUS
 62
  256
370
   -1
100
AcDbLine
 10
2.690695001086882
 20
2.25562081251161
 11
2.690621064079008
 21
2.255799237708461
  0
LINE
  5
640
100
AcDbEntity
  8
BLACK
  6
CONTINUOUS
 62
  256
370
   -1
100
AcDbLine
 10
2.690621064079008
 20
2.255799237708461
 11
2.690548111323103
 21
2.255975103850193
  0
LINE
  5
641
100
AcDbEntity
  8
BLACK
  6
CONTINUOUS
 62
  256
370
   -1
100
AcDbLine
 10
2.690548111323103
 20
2.255975103850193
 11
2.690548150693182
 21
2.255975300700586
  0
LINE
  5
642
100
AcDbEntity
  8
BLACK
  6
CONTINUOUS
 62
  256
370
   -1
100
AcDbLine
 10
2.690548150693182
 20
2.255975300700586
 11
2.690548032582945
 21
2.255975615661217
  0
LINE
  5
643
100
AcDbEntity
  8
BLACK
  6
CONTINUOUS
 62
  256
370
   -1
100
AcDbLine
 10
2.690548032582945
 20
2.255975615661217
 11
2.682752756992394
 21
2.295148844007673
  0
LINE
  5
644
100
AcDbEntity
  8
BLACK
  6
CONTINUOUS
 62
  256
370
   -1
100
AcDbLine
 10
2.682752756992394
 20
2.295148844007673
 11
2.682752717622316
 21
2.29514892274783
  0
LINE
  5
645
100
AcDbEntity
  8
BLACK
  6
CONTINUOUS
 62
  256
370
   -1
100
AcDbLine
 10
2.682752717622316
 20
2.29514892274783
 11
2.682752717622316
 21
2.295149001487988
  0
LINE
  5
646
100
AcDbEntity
  8
BLACK
  6
CONTINUOUS
 62
  256
370
   -1
100
AcDbLine
 10
2.682752717622316
 20
2.295149001487988
 11
2.682752717622316
 21
2.295340930621847
  0
LINE
  5
647
100
AcDbEntity
  8
BLACK
  6
CONTINUOUS
 62
  256
370
   -1
100
AcDbLine
 10
2.682752717622316
 20
2.295340930621847
 11
2.682752717622316
 21
2.295532859755705
  0
LINE
  5
648
100
AcDbEntity
  8
BLACK
  6
CONTINUOUS
 62
  256
370
   -1
100
AcDbLine
 10
2.682752717622316
 20
2.295532859755705
 11
2.682752717622316
 21
2.295532899125783
  0
LINE
  5
649
100
AcDbEntity
  8
BLACK
  6
CONTINUOUS
 62
  256
370
   -1
100
AcDbLine
 10
2.682752717622316
 20
2.295532899125783
 11
2.682752756992394
 21
2.29553301723602
  0
LINE
  5
64A
100
AcDbEntity
  8
BLACK
  6
CONTINUOUS
 62
  256
370
   -1
100
AcDbLine
 10
2.682752756992394
 20
2.29553301723602
 11
2.690548032582945
 21
2.334706245582476
  0
LINE
  5
64B
100
AcDbEntity
  8
BLACK
  6
CONTINUOUS
 62
  256
370
   -1
100
AcDbLine
 10
2.690548032582945
 20
2.334706245582476
 11
2.690548150693182
 21
2.334706521173027
  0
LINE
  5
64C
100
AcDbEntity
  8
BLACK
  6
CONTINUOUS
 62
  256
370
   -1
100
AcDbLine
 10
2.690548150693182
 20
2.334706521173027
 11
2.690548111323103
 21
2.3347067573935
  0
LINE
  5
64D
100
AcDbEntity
  8
BLACK
  6
CONTINUOUS
 62
  256
370
   -1
100
AcDbLine
 10
2.690548111323103
 20
2.3347067573935
 11
2.690621064079008
 21
2.334882584165153
  0
LINE
  5
64E
100
AcDbEntity
  8
BLACK
  6
CONTINUOUS
 62
  256
370
   -1
100
AcDbLine
 10
2.690621064079008
 20
2.334882584165153
 11
2.690695001086882
 21
2.335061048732083
  0
LINE
  5
64F
100
AcDbEntity
  8
BLACK
  6
CONTINUOUS
 62
  256
370
   -1
100
AcDbLine
 10
2.690695001086882
 20
2.335061048732083
 11
2.690695158567197
 21
2.335061166842319
  0
LINE
  5
650
100
AcDbEntity
  8
BLACK
  6
CONTINUOUS
 62
  256
370
   -1
100
AcDbLine
 10
2.690695158567197
 20
2.335061166842319
 11
2.690695316047512
 21
2.335061481802949
  0
LINE
  5
651
100
AcDbEntity
  8
BLACK
  6
CONTINUOUS
 62
  256
370
   -1
100
AcDbLine
 10
2.690695316047512
 20
2.335061481802949
 11
2.712900040456961
 21
2.368250458180902
  0
LINE
  5
652
100
AcDbEntity
  8
BLACK
  6
CONTINUOUS
 62
  256
370
   -1
100
AcDbLine
 10
2.712900040456961
 20
2.368250458180902
 11
2.713035434157749
 21
2.368385733771452
  0
LINE
  5
653
100
AcDbEntity
  8
BLACK
  6
CONTINUOUS
 62
  256
370
   -1
100
AcDbLine
 10
2.713035434157749
 20
2.368385733771452
 11
2.713170749118379
 21
2.368521166842319
  0
LINE
  5
654
100
AcDbEntity
  8
BLACK
  6
CONTINUOUS
 62
  256
370
   -1
100
AcDbLine
 10
2.713170749118379
 20
2.368521166842319
 11
2.74635976486641
 21
2.390725930621846
  0
LINE
  5
655
100
AcDbEntity
  8
BLACK
  6
CONTINUOUS
 62
  256
370
   -1
100
AcDbLine
 10
2.74635976486641
 20
2.390725930621846
 11
2.746360040456961
 21
2.390726048732082
  0
LINE
  5
656
100
AcDbEntity
  8
BLACK
  6
CONTINUOUS
 62
  256
370
   -1
100
AcDbLine
 10
2.746360040456961
 20
2.390726048732082
 11
2.746360158567197
 21
2.390726206212397
  0
LINE
  5
657
100
AcDbEntity
  8
BLACK
  6
CONTINUOUS
 62
  256
370
   -1
100
AcDbLine
 10
2.746360158567197
 20
2.390726206212397
 11
2.746522127071135
 21
2.39079329282657
  0
LINE
  5
658
100
AcDbEntity
  8
BLACK
  6
CONTINUOUS
 62
  256
370
   -1
100
AcDbLine
 10
2.746522127071135
 20
2.39079329282657
 11
2.74671444990578
 21
2.390873095976177
  0
LINE
  5
659
100
AcDbEntity
  8
BLACK
  6
CONTINUOUS
 62
  256
370
   -1
100
AcDbLine
 10
2.74671444990578
 20
2.390873095976177
 11
2.746714646756174
 21
2.39087301723602
  0
LINE
  5
65A
100
AcDbEntity
  8
BLACK
  6
CONTINUOUS
 62
  256
370
   -1
100
AcDbLine
 10
2.746714646756174
 20
2.39087301723602
 11
2.746714961716804
 21
2.390873174716335
  0
LINE
  5
65B
100
AcDbEntity
  8
BLACK
  6
CONTINUOUS
 62
  256
370
   -1
100
AcDbLine
 10
2.746714961716804
 20
2.390873174716335
 11
2.78588819006326
 21
2.398668450306886
  0
LINE
  5
65C
100
AcDbEntity
  8
BLACK
  6
CONTINUOUS
 62
  256
370
   -1
100
AcDbLine
 10
2.78588819006326
 20
2.398668450306886
 11
2.785985119197119
 21
2.398668450306886
  0
LINE
  5
65D
100
AcDbEntity
  8
BLACK
  6
CONTINUOUS
 62
  256
370
   -1
100
AcDbLine
 10
2.785985119197119
 20
2.398668450306886
 11
2.786080276677434
 21
2.39868738731476
  0
LINE
  5
65E
100
AcDbEntity
  8
BLACK
  6
CONTINUOUS
 62
  256
370
   -1
100
AcDbLine
 10
2.786080276677434
 20
2.39868738731476
 11
2.839229882976646
 21
2.39868738731476
  0
LINE
  5
65F
100
AcDbEntity
  8
BLACK
  6
CONTINUOUS
 62
  256
370
   -1
100
AcDbLine
 10
2.786177205811292
 20
2.396718883377752
 11
2.747291418409717
 21
2.388980773141531
  0
LINE
  5
660
100
AcDbEntity
  8
BLACK
  6
CONTINUOUS
 62
  256
370
   -1
100
AcDbLine
 10
2.747291418409717
 20
2.388980773141531
 11
2.714427599512079
 21
2.366993607787201
  0
LINE
  5
661
100
AcDbEntity
  8
BLACK
  6
CONTINUOUS
 62
  256
370
   -1
100
AcDbLine
 10
2.714427599512079
 20
2.366993607787201
 11
2.69244039478767
 21
2.334129749519484
  0
LINE
  5
662
100
AcDbEntity
  8
BLACK
  6
CONTINUOUS
 62
  256
370
   -1
100
AcDbLine
 10
2.69244039478767
 20
2.334129749519484
 11
2.684721575890032
 21
2.295340930621847
  0
LINE
  5
663
100
AcDbEntity
  8
BLACK
  6
CONTINUOUS
 62
  256
370
   -1
100
AcDbLine
 10
2.684721575890032
 20
2.295340930621847
 11
2.69244039478767
 21
2.25655207235413
  0
LINE
  5
664
100
AcDbEntity
  8
BLACK
  6
CONTINUOUS
 62
  256
370
   -1
100
AcDbLine
 10
2.69244039478767
 20
2.25655207235413
 11
2.714427599512079
 21
2.223688214086414
  0
LINE
  5
665
100
AcDbEntity
  8
BLACK
  6
CONTINUOUS
 62
  256
370
   -1
100
AcDbLine
 10
2.714427599512079
 20
2.223688214086414
 11
2.747291418409717
 21
2.201701048732082
  0
LINE
  5
666
100
AcDbEntity
  8
BLACK
  6
CONTINUOUS
 62
  256
370
   -1
100
AcDbLine
 10
2.747291418409717
 20
2.201701048732082
 11
2.786177205811292
 21
2.193962977865941
  0
LINE
  5
667
100
AcDbEntity
  8
BLACK
  6
CONTINUOUS
 62
  256
370
   -1
100
AcDbLine
 10
2.786177205811292
 20
2.193962977865941
 11
2.916001536519953
 21
2.193962977865941
  0
LINE
  5
668
100
AcDbEntity
  8
BLACK
  6
CONTINUOUS
 62
  256
370
   -1
100
AcDbLine
 10
2.916001536519953
 20
2.193962977865941
 11
2.91623476486641
 21
2.193916560543106
  0
LINE
  5
669
100
AcDbEntity
  8
BLACK
  6
CONTINUOUS
 62
  256
370
   -1
100
AcDbLine
 10
2.91623476486641
 20
2.193916560543106
 11
2.916283938094757
 21
2.193921599913185
  0
LINE
  5
66A
100
AcDbEntity
  8
BLACK
  6
CONTINUOUS
 62
  256
370
   -1
100
AcDbLine
 10
2.916283938094757
 20
2.193921599913185
 11
2.916328623134127
 21
2.193897899125783
  0
LINE
  5
66B
100
AcDbEntity
  8
BLACK
  6
CONTINUOUS
 62
  256
370
   -1
100
AcDbLine
 10
2.916328623134127
 20
2.193897899125783
 11
2.91637819006326
 21
2.193888056606099
  0
LINE
  5
66C
100
AcDbEntity
  8
BLACK
  6
CONTINUOUS
 62
  256
370
   -1
100
AcDbLine
 10
2.91637819006326
 20
2.193888056606099
 11
2.916413071953024
 21
2.193853135346256
  0
LINE
  5
66D
100
AcDbEntity
  8
BLACK
  6
CONTINUOUS
 62
  256
370
   -1
100
AcDbLine
 10
2.916413071953024
 20
2.193853135346256
 11
2.916623268803418
 21
2.1937417573935
  0
LINE
  5
66E
100
AcDbEntity
  8
BLACK
  6
CONTINUOUS
 62
  256
370
   -1
100
AcDbLine
 10
2.916623268803418
 20
2.1937417573935
 11
3.022650985338851
 21
2.107348804637595
  0
LINE
  5
66F
100
AcDbEntity
  8
BLACK
  6
CONTINUOUS
 62
  256
370
   -1
100
AcDbLine
 10
3.022650985338851
 20
2.107348804637595
 11
3.195464331795544
 21
2.107348804637595
  0
LINE
  5
670
100
AcDbEntity
  8
BLACK
  6
CONTINUOUS
 62
  256
370
   -1
100
AcDbLine
 10
3.195464331795544
 20
2.107348804637595
 11
3.221768386913654
 21
2.110827347944681
  0
LINE
  5
671
100
AcDbEntity
  8
BLACK
  6
CONTINUOUS
 62
  256
370
   -1
100
AcDbLine
 10
3.221768386913654
 20
2.110827347944681
 11
3.24621350502389
 21
2.120925064480114
  0
LINE
  5
672
100
AcDbEntity
  8
BLACK
  6
CONTINUOUS
 62
  256
370
   -1
100
AcDbLine
 10
3.24621350502389
 20
2.120925064480114
 11
3.26718944990578
 21
2.137066363692712
  0
LINE
  5
673
100
AcDbEntity
  8
BLACK
  6
CONTINUOUS
 62
  256
370
   -1
100
AcDbLine
 10
3.26718944990578
 20
2.137066363692712
 11
3.2833307097483
 21
2.158042269204524
  0
LINE
  5
674
100
AcDbEntity
  8
BLACK
  6
CONTINUOUS
 62
  256
370
   -1
100
AcDbLine
 10
3.2833307097483
 20
2.158042269204524
 11
3.293428465653812
 21
2.182487426684839
  0
LINE
  5
675
100
AcDbEntity
  8
BLACK
  6
CONTINUOUS
 62
  256
370
   -1
100
AcDbLine
 10
3.293428465653812
 20
2.182487426684839
 11
3.296898465653812
 21
2.2087267573935
  0
LINE
  5
676
100
AcDbEntity
  8
BLACK
  6
CONTINUOUS
 62
  256
370
   -1
100
AcDbLine
 10
3.296898465653812
 20
2.2087267573935
 11
3.293428465653812
 21
2.234966048732082
  0
LINE
  5
677
100
AcDbEntity
  8
BLACK
  6
CONTINUOUS
 62
  256
370
   -1
100
AcDbLine
 10
3.293428465653812
 20
2.234966048732082
 11
3.2833307097483
 21
2.259411206212397
  0
LINE
  5
678
100
AcDbEntity
  8
BLACK
  6
CONTINUOUS
 62
  256
370
   -1
100
AcDbLine
 10
3.2833307097483
 20
2.259411206212397
 11
3.26718944990578
 21
2.280387111724209
  0
LINE
  5
679
100
AcDbEntity
  8
BLACK
  6
CONTINUOUS
 62
  256
370
   -1
100
AcDbLine
 10
3.26718944990578
 20
2.280387111724209
 11
3.24621350502389
 21
2.296528410936807
  0
LINE
  5
67A
100
AcDbEntity
  8
BLACK
  6
CONTINUOUS
 62
  256
370
   -1
100
AcDbLine
 10
3.24621350502389
 20
2.296528410936807
 11
3.221768386913654
 21
2.30662612747224
  0
LINE
  5
67B
100
AcDbEntity
  8
BLACK
  6
CONTINUOUS
 62
  256
370
   -1
100
AcDbLine
 10
3.221768386913654
 20
2.30662612747224
 11
3.195464331795544
 21
2.310104710149405
  0
LINE
  5
67C
100
AcDbEntity
  8
BLACK
  6
CONTINUOUS
 62
  256
370
   -1
100
AcDbLine
 10
3.195464331795544
 20
2.310104710149405
 11
3.053796812110504
 21
2.310104710149405
  0
LINE
  5
67D
100
AcDbEntity
  8
BLACK
  6
CONTINUOUS
 62
  256
370
   -1
100
AcDbLine
 10
3.053796812110504
 20
2.310104710149405
 11
3.053563544393969
 21
2.310151088102161
  0
LINE
  5
67E
100
AcDbEntity
  8
BLACK
  6
CONTINUOUS
 62
  256
370
   -1
100
AcDbLine
 10
3.053563544393969
 20
2.310151088102161
 11
3.053514410535701
 21
2.310146088102162
  0
LINE
  5
67F
100
AcDbEntity
  8
BLACK
  6
CONTINUOUS
 62
  256
370
   -1
100
AcDbLine
 10
3.053514410535701
 20
2.310146088102162
 11
3.053469686126252
 21
2.310169749519484
  0
LINE
  5
680
100
AcDbEntity
  8
BLACK
  6
CONTINUOUS
 62
  256
370
   -1
100
AcDbLine
 10
3.053469686126252
 20
2.310169749519484
 11
3.053420158567197
 21
2.310179631409248
  0
LINE
  5
681
100
AcDbEntity
  8
BLACK
  6
CONTINUOUS
 62
  256
370
   -1
100
AcDbLine
 10
3.053420158567197
 20
2.310179631409248
 11
3.053385237307355
 21
2.310214513299012
  0
LINE
  5
682
100
AcDbEntity
  8
BLACK
  6
CONTINUOUS
 62
  256
370
   -1
100
AcDbLine
 10
3.053385237307355
 20
2.310214513299012
 11
3.05317507982704
 21
2.310325930621846
  0
LINE
  5
683
100
AcDbEntity
  8
BLACK
  6
CONTINUOUS
 62
  256
370
   -1
100
AcDbLine
 10
3.05317507982704
 20
2.310325930621846
 11
2.947147363291607
 21
2.396718883377752
  0
LINE
  5
684
100
AcDbEntity
  8
BLACK
  6
CONTINUOUS
 62
  256
370
   -1
100
AcDbLine
 10
2.947147363291607
 20
2.396718883377752
 11
2.906159016834914
 21
2.396718883377752
  0
LINE
  5
685
100
AcDbEntity
  8
BLACK
  6
CONTINUOUS
 62
  256
370
   -1
100
AcDbLine
 10
2.906159016834914
 20
2.396718883377752
 11
2.839229882976646
 21
2.396718883377752
  0
LINE
  5
686
100
AcDbEntity
  8
BLACK
  6
CONTINUOUS
 62
  256
370
   -1
100
AcDbLine
 10
2.839229882976646
 20
2.396718883377752
 11
2.786177205811292
 21
2.396718883377752
  0
LINE
  5
687
100
AcDbEntity
  8
BLACK
  6
CONTINUOUS
 62
  256
370
   -1
100
AcDbLine
 10
3.547891300299481
 20
2.39868738731476
 11
3.614820434157748
 21
2.39868738731476
  0
LINE
  5
688
100
AcDbEntity
  8
BLACK
  6
CONTINUOUS
 62
  256
370
   -1
100
AcDbLine
 10
3.614820434157748
 20
2.39868738731476
 11
3.656159016834915
 21
2.39868738731476
  0
LINE
  5
689
100
AcDbEntity
  8
BLACK
  6
CONTINUOUS
 62
  256
370
   -1
100
AcDbLine
 10
3.656159016834915
 20
2.39868738731476
 11
3.656392245181371
 21
2.398640969991925
  0
LINE
  5
68A
100
AcDbEntity
  8
BLACK
  6
CONTINUOUS
 62
  256
370
   -1
100
AcDbLine
 10
3.656392245181371
 20
2.398640969991925
 11
3.656441418409717
 21
2.398646009362004
  0
LINE
  5
68B
100
AcDbEntity
  8
BLACK
  6
CONTINUOUS
 62
  256
370
   -1
100
AcDbLine
 10
3.656441418409717
 20
2.398646009362004
 11
3.656486103449087
 21
2.398622308574602
  0
LINE
  5
68C
100
AcDbEntity
  8
BLACK
  6
CONTINUOUS
 62
  256
370
   -1
100
AcDbLine
 10
3.656486103449087
 20
2.398622308574602
 11
3.65653567037822
 21
2.398612466054917
  0
LINE
  5
68D
100
AcDbEntity
  8
BLACK
  6
CONTINUOUS
 62
  256
370
   -1
100
AcDbLine
 10
3.65653567037822
 20
2.398612466054917
 11
3.656570552267985
 21
2.398577544795074
  0
LINE
  5
68E
100
AcDbEntity
  8
BLACK
  6
CONTINUOUS
 62
  256
370
   -1
100
AcDbLine
 10
3.656570552267985
 20
2.398577544795074
 11
3.656780749118378
 21
2.398466166842319
  0
LINE
  5
68F
100
AcDbEntity
  8
BLACK
  6
CONTINUOUS
 62
  256
370
   -1
100
AcDbLine
 10
3.656780749118378
 20
2.398466166842319
 11
3.762808465653812
 21
2.312073214086413
  0
LINE
  5
690
100
AcDbEntity
  8
BLACK
  6
CONTINUOUS
 62
  256
370
   -1
100
AcDbLine
 10
3.762808465653812
 20
2.312073214086413
 11
3.904190512897906
 21
2.312073214086413
  0
LINE
  5
691
100
AcDbEntity
  8
BLACK
  6
CONTINUOUS
 62
  256
370
   -1
100
AcDbLine
 10
3.904190512897906
 20
2.312073214086413
 11
3.904254489275859
 21
2.312060458180902
  0
LINE
  5
692
100
AcDbEntity
  8
BLACK
  6
CONTINUOUS
 62
  256
370
   -1
100
AcDbLine
 10
3.904254489275859
 20
2.312060458180902
 11
3.904319568016016
 21
2.312064710149405
  0
LINE
  5
693
100
AcDbEntity
  8
BLACK
  6
CONTINUOUS
 62
  256
370
   -1
100
AcDbLine
 10
3.904319568016016
 20
2.312064710149405
 11
3.930815591638064
 21
2.308560773141531
  0
LINE
  5
694
100
AcDbEntity
  8
BLACK
  6
CONTINUOUS
 62
  256
370
   -1
100
AcDbLine
 10
3.930815591638064
 20
2.308560773141531
 11
3.930936654630189
 21
2.30851955266909
  0
LINE
  5
695
100
AcDbEntity
  8
BLACK
  6
CONTINUOUS
 62
  256
370
   -1
100
AcDbLine
 10
3.930936654630189
 20
2.30851955266909
 11
3.931062363291607
 21
2.308494710149406
  0
LINE
  5
696
100
AcDbEntity
  8
BLACK
  6
CONTINUOUS
 62
  256
370
   -1
100
AcDbLine
 10
3.931062363291607
 20
2.308494710149406
 11
3.955747402661686
 21
2.298297859755705
  0
LINE
  5
697
100
AcDbEntity
  8
BLACK
  6
CONTINUOUS
 62
  256
370
   -1
100
AcDbLine
 10
3.955747402661686
 20
2.298297859755705
 11
3.955855473527827
 21
2.298225773141532
  0
LINE
  5
698
100
AcDbEntity
  8
BLACK
  6
CONTINUOUS
 62
  256
370
   -1
100
AcDbLine
 10
3.955855473527827
 20
2.298225773141532
 11
3.955971851480584
 21
2.298168214086413
  0
LINE
  5
699
100
AcDbEntity
  8
BLACK
  6
CONTINUOUS
 62
  256
370
   -1
100
AcDbLine
 10
3.955971851480584
 20
2.298168214086413
 11
3.977152953842788
 21
2.281869001487988
  0
LINE
  5
69A
100
AcDbEntity
  8
BLACK
  6
CONTINUOUS
 62
  256
370
   -1
100
AcDbLine
 10
3.977152953842788
 20
2.281869001487988
 11
3.977236812110505
 21
2.281773056606099
  0
LINE
  5
69B
100
AcDbEntity
  8
BLACK
  6
CONTINUOUS
 62
  256
370
   -1
100
AcDbLine
 10
3.977236812110505
 20
2.281773056606099
 11
3.977332756992395
 21
2.281689198338381
  0
LINE
  5
69C
100
AcDbEntity
  8
BLACK
  6
CONTINUOUS
 62
  256
370
   -1
100
AcDbLine
 10
3.977332756992395
 20
2.281689198338381
 11
3.993631969590819
 21
2.260508095976177
  0
LINE
  5
69D
100
AcDbEntity
  8
BLACK
  6
CONTINUOUS
 62
  256
370
   -1
100
AcDbLine
 10
3.993631969590819
 20
2.260508095976177
 11
3.993689568016016
 21
2.260391678653343
  0
LINE
  5
69E
100
AcDbEntity
  8
BLACK
  6
CONTINUOUS
 62
  256
370
   -1
100
AcDbLine
 10
3.993689568016016
 20
2.260391678653343
 11
3.993761615260111
 21
2.260283647157279
  0
LINE
  5
69F
100
AcDbEntity
  8
BLACK
  6
CONTINUOUS
 62
  256
370
   -1
100
AcDbLine
 10
3.993761615260111
 20
2.260283647157279
 11
4.003958465653811
 21
2.235598568417122
  0
LINE
  5
6A0
100
AcDbEntity
  8
BLACK
  6
CONTINUOUS
 62
  256
370
   -1
100
AcDbLine
 10
4.003958465653811
 20
2.235598568417122
 11
4.003983308173497
 21
2.23547301723602
  0
LINE
  5
6A1
100
AcDbEntity
  8
BLACK
  6
CONTINUOUS
 62
  256
370
   -1
100
AcDbLine
 10
4.003983308173497
 20
2.23547301723602
 11
4.004024528645937
 21
2.235351875503736
  0
LINE
  5
6A2
100
AcDbEntity
  8
BLACK
  6
CONTINUOUS
 62
  256
370
   -1
100
AcDbLine
 10
4.004024528645937
 20
2.235351875503736
 11
4.007528465653811
 21
2.20885581251161
  0
LINE
  5
6A3
100
AcDbEntity
  8
BLACK
  6
CONTINUOUS
 62
  256
370
   -1
100
AcDbLine
 10
4.007528465653811
 20
2.20885581251161
 11
4.007520079827041
 21
2.2087267573935
  0
LINE
  5
6A4
100
AcDbEntity
  8
BLACK
  6
CONTINUOUS
 62
  256
370
   -1
100
AcDbLine
 10
4.007520079827041
 20
2.2087267573935
 11
4.007528465653811
 21
2.20859770227539
  0
LINE
  5
6A5
100
AcDbEntity
  8
BLACK
  6
CONTINUOUS
 62
  256
370
   -1
100
AcDbLine
 10
4.007528465653811
 20
2.20859770227539
 11
4.004024528645937
 21
2.182101639283264
  0
LINE
  5
6A6
100
AcDbEntity
  8
BLACK
  6
CONTINUOUS
 62
  256
370
   -1
100
AcDbLine
 10
4.004024528645937
 20
2.182101639283264
 11
4.003983308173497
 21
2.181980458180901
  0
LINE
  5
6A7
100
AcDbEntity
  8
BLACK
  6
CONTINUOUS
 62
  256
370
   -1
100
AcDbLine
 10
4.003983308173497
 20
2.181980458180901
 11
4.003958465653811
 21
2.181854946369878
  0
LINE
  5
6A8
100
AcDbEntity
  8
BLACK
  6
CONTINUOUS
 62
  256
370
   -1
100
AcDbLine
 10
4.003958465653811
 20
2.181854946369878
 11
3.993761615260111
 21
2.157169867629721
  0
LINE
  5
6A9
100
AcDbEntity
  8
BLACK
  6
CONTINUOUS
 62
  256
370
   -1
100
AcDbLine
 10
3.993761615260111
 20
2.157169867629721
 11
3.993689568016016
 21
2.157061796763578
  0
LINE
  5
6AA
100
AcDbEntity
  8
BLACK
  6
CONTINUOUS
 62
  256
370
   -1
100
AcDbLine
 10
3.993689568016016
 20
2.157061796763578
 11
3.993631969590819
 21
2.156945418810823
  0
LINE
  5
6AB
100
AcDbEntity
  8
BLACK
  6
CONTINUOUS
 62
  256
370
   -1
100
AcDbLine
 10
3.993631969590819
 20
2.156945418810823
 11
3.977332756992395
 21
2.135764316448618
  0
LINE
  5
6AC
100
AcDbEntity
  8
BLACK
  6
CONTINUOUS
 62
  256
370
   -1
100
AcDbLine
 10
3.977332756992395
 20
2.135764316448618
 11
3.977236812110505
 21
2.135680418810823
  0
LINE
  5
6AD
100
AcDbEntity
  8
BLACK
  6
CONTINUOUS
 62
  256
370
   -1
100
AcDbLine
 10
3.977236812110505
 20
2.135680418810823
 11
3.977152953842788
 21
2.135584513299012
  0
LINE
  5
6AE
100
AcDbEntity
  8
BLACK
  6
CONTINUOUS
 62
  256
370
   -1
100
AcDbLine
 10
3.977152953842788
 20
2.135584513299012
 11
3.955971851480584
 21
2.119285300700587
  0
LINE
  5
6AF
100
AcDbEntity
  8
BLACK
  6
CONTINUOUS
 62
  256
370
   -1
100
AcDbLine
 10
3.955971851480584
 20
2.119285300700587
 11
3.955855473527827
 21
2.119227702275389
  0
LINE
  5
6B0
100
AcDbEntity
  8
BLACK
  6
CONTINUOUS
 62
  256
370
   -1
100
AcDbLine
 10
3.955855473527827
 20
2.119227702275389
 11
3.955747402661686
 21
2.119155655031295
  0
LINE
  5
6B1
100
AcDbEntity
  8
BLACK
  6
CONTINUOUS
 62
  256
370
   -1
100
AcDbLine
 10
3.955747402661686
 20
2.119155655031295
 11
3.931062363291607
 21
2.108958804637594
  0
LINE
  5
6B2
100
AcDbEntity
  8
BLACK
  6
CONTINUOUS
 62
  256
370
   -1
100
AcDbLine
 10
3.931062363291607
 20
2.108958804637594
 11
3.930936654630189
 21
2.108933922747831
  0
LINE
  5
6B3
100
AcDbEntity
  8
BLACK
  6
CONTINUOUS
 62
  256
370
   -1
100
AcDbLine
 10
3.930936654630189
 20
2.108933922747831
 11
3.930815591638064
 21
2.108892741645469
  0
LINE
  5
6B4
100
AcDbEntity
  8
BLACK
  6
CONTINUOUS
 62
  256
370
   -1
100
AcDbLine
 10
3.930815591638064
 20
2.108892741645469
 11
3.904319568016016
 21
2.105388804637594
  0
LINE
  5
6B5
100
AcDbEntity
  8
BLACK
  6
CONTINUOUS
 62
  256
370
   -1
100
AcDbLine
 10
3.904319568016016
 20
2.105388804637594
 11
3.904254489275859
 21
2.10539301723602
  0
LINE
  5
6B6
100
AcDbEntity
  8
BLACK
  6
CONTINUOUS
 62
  256
370
   -1
100
AcDbLine
 10
3.904254489275859
 20
2.10539301723602
 11
3.904190512897906
 21
2.105380300700586
  0
LINE
  5
6B7
100
AcDbEntity
  8
BLACK
  6
CONTINUOUS
 62
  256
370
   -1
100
AcDbLine
 10
3.904190512897906
 20
2.105380300700586
 11
3.730962166441213
 21
2.105380300700586
  0
LINE
  5
6B8
100
AcDbEntity
  8
BLACK
  6
CONTINUOUS
 62
  256
370
   -1
100
AcDbLine
 10
3.730962166441213
 20
2.105380300700586
 11
3.730728898724678
 21
2.105426678653342
  0
LINE
  5
6B9
100
AcDbEntity
  8
BLACK
  6
CONTINUOUS
 62
  256
370
   -1
100
AcDbLine
 10
3.730728898724678
 20
2.105426678653342
 11
3.730679764866411
 21
2.105421678653342
  0
LINE
  5
6BA
100
AcDbEntity
  8
BLACK
  6
CONTINUOUS
 62
  256
370
   -1
100
AcDbLine
 10
3.730679764866411
 20
2.105421678653342
 11
3.730635040456962
 21
2.105445340070665
  0
LINE
  5
6BB
100
AcDbEntity
  8
BLACK
  6
CONTINUOUS
 62
  256
370
   -1
100
AcDbLine
 10
3.730635040456962
 20
2.105445340070665
 11
3.730585512897906
 21
2.105455221960429
  0
LINE
  5
6BC
100
AcDbEntity
  8
BLACK
  6
CONTINUOUS
 62
  256
370
   -1
100
AcDbLine
 10
3.730585512897906
 20
2.105455221960429
 11
3.730550591638064
 21
2.105490103850193
  0
LINE
  5
6BD
100
AcDbEntity
  8
BLACK
  6
CONTINUOUS
 62
  256
370
   -1
100
AcDbLine
 10
3.730550591638064
 20
2.105490103850193
 11
3.730340434157748
 21
2.105601521173027
  0
LINE
  5
6BE
100
AcDbEntity
  8
BLACK
  6
CONTINUOUS
 62
  256
370
   -1
100
AcDbLine
 10
3.730340434157748
 20
2.105601521173027
 11
3.624312717622315
 21
2.191994473928933
  0
LINE
  5
6BF
100
AcDbEntity
  8
BLACK
  6
CONTINUOUS
 62
  256
370
   -1
100
AcDbLine
 10
3.624312717622315
 20
2.191994473928933
 11
3.494741694000268
 21
2.191994473928933
  0
LINE
  5
6C0
100
AcDbEntity
  8
BLACK
  6
CONTINUOUS
 62
  256
370
   -1
100
AcDbLine
 10
3.494741694000268
 20
2.191994473928933
 11
3.494646536519953
 21
2.192013371566728
  0
LINE
  5
6C1
100
AcDbEntity
  8
BLACK
  6
CONTINUOUS
 62
  256
370
   -1
100
AcDbLine
 10
3.494646536519953
 20
2.192013371566728
 11
3.494549607386095
 21
2.192013410936807
  0
LINE
  5
6C2
100
AcDbEntity
  8
BLACK
  6
CONTINUOUS
 62
  256
370
   -1
100
AcDbLine
 10
3.494549607386095
 20
2.192013410936807
 11
3.455376379039638
 21
2.199808686527359
  0
LINE
  5
6C3
100
AcDbEntity
  8
BLACK
  6
CONTINUOUS
 62
  256
370
   -1
100
AcDbLine
 10
3.455376379039638
 20
2.199808686527359
 11
3.455376064079009
 21
2.199808804637595
  0
LINE
  5
6C4
100
AcDbEntity
  8
BLACK
  6
CONTINUOUS
 62
  256
370
   -1
100
AcDbLine
 10
3.455376064079009
 20
2.199808804637595
 11
3.455375867228615
 21
2.199808765267516
  0
LINE
  5
6C5
100
AcDbEntity
  8
BLACK
  6
CONTINUOUS
 62
  256
370
   -1
100
AcDbLine
 10
3.455375867228615
 20
2.199808765267516
 11
3.455183544393969
 21
2.199888529047043
  0
LINE
  5
6C6
100
AcDbEntity
  8
BLACK
  6
CONTINUOUS
 62
  256
370
   -1
100
AcDbLine
 10
3.455183544393969
 20
2.199888529047043
 11
3.455021575890032
 21
2.199955655031295
  0
LINE
  5
6C7
100
AcDbEntity
  8
BLACK
  6
CONTINUOUS
 62
  256
370
   -1
100
AcDbLine
 10
3.455021575890032
 20
2.199955655031295
 11
3.455021457779796
 21
2.199955773141531
  0
LINE
  5
6C8
100
AcDbEntity
  8
BLACK
  6
CONTINUOUS
 62
  256
370
   -1
100
AcDbLine
 10
3.455021457779796
 20
2.199955773141531
 11
3.455021182189244
 21
2.199955930621846
  0
LINE
  5
6C9
100
AcDbEntity
  8
BLACK
  6
CONTINUOUS
 62
  256
370
   -1
100
AcDbLine
 10
3.455021182189244
 20
2.199955930621846
 11
3.421832166441213
 21
2.222160694401374
  0
LINE
  5
6CA
100
AcDbEntity
  8
BLACK
  6
CONTINUOUS
 62
  256
370
   -1
100
AcDbLine
 10
3.421832166441213
 20
2.222160694401374
 11
3.421696851480583
 21
2.222296088102161
  0
LINE
  5
6CB
100
AcDbEntity
  8
BLACK
  6
CONTINUOUS
 62
  256
370
   -1
100
AcDbLine
 10
3.421696851480583
 20
2.222296088102161
 11
3.421561457779796
 21
2.222431403062791
  0
LINE
  5
6CC
100
AcDbEntity
  8
BLACK
  6
CONTINUOUS
 62
  256
370
   -1
100
AcDbLine
 10
3.421561457779796
 20
2.222431403062791
 11
3.399356733370347
 21
2.255620379440744
  0
LINE
  5
6CD
100
AcDbEntity
  8
BLACK
  6
CONTINUOUS
 62
  256
370
   -1
100
AcDbLine
 10
3.399356733370347
 20
2.255620379440744
 11
3.399356575890032
 21
2.255620655031295
  0
LINE
  5
6CE
100
AcDbEntity
  8
BLACK
  6
CONTINUOUS
 62
  256
370
   -1
100
AcDbLine
 10
3.399356575890032
 20
2.255620655031295
 11
3.399356418409717
 21
2.25562081251161
  0
LINE
  5
6CF
100
AcDbEntity
  8
BLACK
  6
CONTINUOUS
 62
  256
370
   -1
100
AcDbLine
 10
3.399356418409717
 20
2.25562081251161
 11
3.399282481401843
 21
2.255799237708461
  0
LINE
  5
6D0
100
AcDbEntity
  8
BLACK
  6
CONTINUOUS
 62
  256
370
   -1
100
AcDbLine
 10
3.399282481401843
 20
2.255799237708461
 11
3.399209528645938
 21
2.255975103850193
  0
LINE
  5
6D1
100
AcDbEntity
  8
BLACK
  6
CONTINUOUS
 62
  256
370
   -1
100
AcDbLine
 10
3.399209528645938
 20
2.255975103850193
 11
3.399209568016016
 21
2.255975300700586
  0
LINE
  5
6D2
100
AcDbEntity
  8
BLACK
  6
CONTINUOUS
 62
  256
370
   -1
100
AcDbLine
 10
3.399209568016016
 20
2.255975300700586
 11
3.39920944990578
 21
2.255975615661217
  0
LINE
  5
6D3
100
AcDbEntity
  8
BLACK
  6
CONTINUOUS
 62
  256
370
   -1
100
AcDbLine
 10
3.39920944990578
 20
2.255975615661217
 11
3.391414174315229
 21
2.295148844007673
  0
LINE
  5
6D4
100
AcDbEntity
  8
BLACK
  6
CONTINUOUS
 62
  256
370
   -1
100
AcDbLine
 10
3.391414174315229
 20
2.295148844007673
 11
3.39141413494515
 21
2.29514892274783
  0
LINE
  5
6D5
100
AcDbEntity
  8
BLACK
  6
CONTINUOUS
 62
  256
370
   -1
100
AcDbLine
 10
3.39141413494515
 20
2.29514892274783
 11
3.39141413494515
 21
2.295149001487988
  0
LINE
  5
6D6
100
AcDbEntity
  8
BLACK
  6
CONTINUOUS
 62
  256
370
   -1
100
AcDbLine
 10
3.39141413494515
 20
2.295149001487988
 11
3.39141413494515
 21
2.295340930621847
  0
LINE
  5
6D7
100
AcDbEntity
  8
BLACK
  6
CONTINUOUS
 62
  256
370
   -1
100
AcDbLine
 10
3.39141413494515
 20
2.295340930621847
 11
3.39141413494515
 21
2.295532859755705
  0
LINE
  5
6D8
100
AcDbEntity
  8
BLACK
  6
CONTINUOUS
 62
  256
370
   -1
100
AcDbLine
 10
3.39141413494515
 20
2.295532859755705
 11
3.39141413494515
 21
2.295532899125783
  0
LINE
  5
6D9
100
AcDbEntity
  8
BLACK
  6
CONTINUOUS
 62
  256
370
   -1
100
AcDbLine
 10
3.39141413494515
 20
2.295532899125783
 11
3.391414174315229
 21
2.29553301723602
  0
LINE
  5
6DA
100
AcDbEntity
  8
BLACK
  6
CONTINUOUS
 62
  256
370
   -1
100
AcDbLine
 10
3.391414174315229
 20
2.29553301723602
 11
3.39920944990578
 21
2.334706245582476
  0
LINE
  5
6DB
100
AcDbEntity
  8
BLACK
  6
CONTINUOUS
 62
  256
370
   -1
100
AcDbLine
 10
3.39920944990578
 20
2.334706245582476
 11
3.399209568016016
 21
2.334706521173027
  0
LINE
  5
6DC
100
AcDbEntity
  8
BLACK
  6
CONTINUOUS
 62
  256
370
   -1
100
AcDbLine
 10
3.399209568016016
 20
2.334706521173027
 11
3.399209528645938
 21
2.3347067573935
  0
LINE
  5
6DD
100
AcDbEntity
  8
BLACK
  6
CONTINUOUS
 62
  256
370
   -1
100
AcDbLine
 10
3.399209528645938
 20
2.3347067573935
 11
3.399282481401843
 21
2.334882584165153
  0
LINE
  5
6DE
100
AcDbEntity
  8
BLACK
  6
CONTINUOUS
 62
  256
370
   -1
100
AcDbLine
 10
3.399282481401843
 20
2.334882584165153
 11
3.399356418409717
 21
2.335061048732083
  0
LINE
  5
6DF
100
AcDbEntity
  8
BLACK
  6
CONTINUOUS
 62
  256
370
   -1
100
AcDbLine
 10
3.399356418409717
 20
2.335061048732083
 11
3.399356575890032
 21
2.335061166842319
  0
LINE
  5
6E0
100
AcDbEntity
  8
BLACK
  6
CONTINUOUS
 62
  256
370
   -1
100
AcDbLine
 10
3.399356575890032
 20
2.335061166842319
 11
3.399356733370347
 21
2.335061481802949
  0
LINE
  5
6E1
100
AcDbEntity
  8
BLACK
  6
CONTINUOUS
 62
  256
370
   -1
100
AcDbLine
 10
3.399356733370347
 20
2.335061481802949
 11
3.421561457779796
 21
2.368250458180902
  0
LINE
  5
6E2
100
AcDbEntity
  8
BLACK
  6
CONTINUOUS
 62
  256
370
   -1
100
AcDbLine
 10
3.421561457779796
 20
2.368250458180902
 11
3.421696851480583
 21
2.368385733771452
  0
LINE
  5
6E3
100
AcDbEntity
  8
BLACK
  6
CONTINUOUS
 62
  256
370
   -1
100
AcDbLine
 10
3.421696851480583
 20
2.368385733771452
 11
3.421832166441213
 21
2.368521166842319
  0
LINE
  5
6E4
100
AcDbEntity
  8
BLACK
  6
CONTINUOUS
 62
  256
370
   -1
100
AcDbLine
 10
3.421832166441213
 20
2.368521166842319
 11
3.455021182189244
 21
2.390725930621846
  0
LINE
  5
6E5
100
AcDbEntity
  8
BLACK
  6
CONTINUOUS
 62
  256
370
   -1
100
AcDbLine
 10
3.455021182189244
 20
2.390725930621846
 11
3.455021457779796
 21
2.390726048732082
  0
LINE
  5
6E6
100
AcDbEntity
  8
BLACK
  6
CONTINUOUS
 62
  256
370
   -1
100
AcDbLine
 10
3.455021457779796
 20
2.390726048732082
 11
3.455021575890032
 21
2.390726206212397
  0
LINE
  5
6E7
100
AcDbEntity
  8
BLACK
  6
CONTINUOUS
 62
  256
370
   -1
100
AcDbLine
 10
3.455021575890032
 20
2.390726206212397
 11
3.455183544393969
 21
2.39079329282657
  0
LINE
  5
6E8
100
AcDbEntity
  8
BLACK
  6
CONTINUOUS
 62
  256
370
   -1
100
AcDbLine
 10
3.455183544393969
 20
2.39079329282657
 11
3.455375867228615
 21
2.390873095976177
  0
LINE
  5
6E9
100
AcDbEntity
  8
BLACK
  6
CONTINUOUS
 62
  256
370
   -1
100
AcDbLine
 10
3.455375867228615
 20
2.390873095976177
 11
3.455376064079009
 21
2.39087301723602
  0
LINE
  5
6EA
100
AcDbEntity
  8
BLACK
  6
CONTINUOUS
 62
  256
370
   -1
100
AcDbLine
 10
3.455376064079009
 20
2.39087301723602
 11
3.455376379039638
 21
2.390873174716335
  0
LINE
  5
6EB
100
AcDbEntity
  8
BLACK
  6
CONTINUOUS
 62
  256
370
   -1
100
AcDbLine
 10
3.455376379039638
 20
2.390873174716335
 11
3.494549607386095
 21
2.398668450306886
  0
LINE
  5
6EC
100
AcDbEntity
  8
BLACK
  6
CONTINUOUS
 62
  256
370
   -1
100
AcDbLine
 10
3.494549607386095
 20
2.398668450306886
 11
3.494646536519953
 21
2.398668450306886
  0
LINE
  5
6ED
100
AcDbEntity
  8
BLACK
  6
CONTINUOUS
 62
  256
370
   -1
100
AcDbLine
 10
3.494646536519953
 20
2.398668450306886
 11
3.494741694000268
 21
2.39868738731476
  0
LINE
  5
6EE
100
AcDbEntity
  8
BLACK
  6
CONTINUOUS
 62
  256
370
   -1
100
AcDbLine
 10
3.494741694000268
 20
2.39868738731476
 11
3.547891300299481
 21
2.39868738731476
  0
LINE
  5
6EF
100
AcDbEntity
  8
BLACK
  6
CONTINUOUS
 62
  256
370
   -1
100
AcDbLine
 10
3.494838623134127
 20
2.396718883377752
 11
3.455952835732552
 21
2.388980773141531
  0
LINE
  5
6F0
100
AcDbEntity
  8
BLACK
  6
CONTINUOUS
 62
  256
370
   -1
100
AcDbLine
 10
3.455952835732552
 20
2.388980773141531
 11
3.423089016834914
 21
2.366993607787201
  0
LINE
  5
6F1
100
AcDbEntity
  8
BLACK
  6
CONTINUOUS
 62
  256
370
   -1
100
AcDbLine
 10
3.423089016834914
 20
2.366993607787201
 11
3.401101812110504
 21
2.334129749519484
  0
LINE
  5
6F2
100
AcDbEntity
  8
BLACK
  6
CONTINUOUS
 62
  256
370
   -1
100
AcDbLine
 10
3.401101812110504
 20
2.334129749519484
 11
3.393382993212867
 21
2.295340930621847
  0
LINE
  5
6F3
100
AcDbEntity
  8
BLACK
  6
CONTINUOUS
 62
  256
370
   -1
100
AcDbLine
 10
3.393382993212867
 20
2.295340930621847
 11
3.401101812110504
 21
2.25655207235413
  0
LINE
  5
6F4
100
AcDbEntity
  8
BLACK
  6
CONTINUOUS
 62
  256
370
   -1
100
AcDbLine
 10
3.401101812110504
 20
2.25655207235413
 11
3.423089016834914
 21
2.223688214086414
  0
LINE
  5
6F5
100
AcDbEntity
  8
BLACK
  6
CONTINUOUS
 62
  256
370
   -1
100
AcDbLine
 10
3.423089016834914
 20
2.223688214086414
 11
3.455952835732552
 21
2.201701048732082
  0
LINE
  5
6F6
100
AcDbEntity
  8
BLACK
  6
CONTINUOUS
 62
  256
370
   -1
100
AcDbLine
 10
3.455952835732552
 20
2.201701048732082
 11
3.494838623134127
 21
2.193962977865941
  0
LINE
  5
6F7
100
AcDbEntity
  8
BLACK
  6
CONTINUOUS
 62
  256
370
   -1
100
AcDbLine
 10
3.494838623134127
 20
2.193962977865941
 11
3.624662953842789
 21
2.193962977865941
  0
LINE
  5
6F8
100
AcDbEntity
  8
BLACK
  6
CONTINUOUS
 62
  256
370
   -1
100
AcDbLine
 10
3.624662953842789
 20
2.193962977865941
 11
3.624896182189245
 21
2.193916560543106
  0
LINE
  5
6F9
100
AcDbEntity
  8
BLACK
  6
CONTINUOUS
 62
  256
370
   -1
100
AcDbLine
 10
3.624896182189245
 20
2.193916560543106
 11
3.624945355417591
 21
2.193921599913185
  0
LINE
  5
6FA
100
AcDbEntity
  8
BLACK
  6
CONTINUOUS
 62
  256
370
   -1
100
AcDbLine
 10
3.624945355417591
 20
2.193921599913185
 11
3.624990040456961
 21
2.193897899125783
  0
LINE
  5
6FB
100
AcDbEntity
  8
BLACK
  6
CONTINUOUS
 62
  256
370
   -1
100
AcDbLine
 10
3.624990040456961
 20
2.193897899125783
 11
3.625039607386094
 21
2.193888056606099
  0
LINE
  5
6FC
100
AcDbEntity
  8
BLACK
  6
CONTINUOUS
 62
  256
370
   -1
100
AcDbLine
 10
3.625039607386094
 20
2.193888056606099
 11
3.625074489275859
 21
2.193853135346256
  0
LINE
  5
6FD
100
AcDbEntity
  8
BLACK
  6
CONTINUOUS
 62
  256
370
   -1
100
AcDbLine
 10
3.625074489275859
 20
2.193853135346256
 11
3.625284686126252
 21
2.1937417573935
  0
LINE
  5
6FE
100
AcDbEntity
  8
BLACK
  6
CONTINUOUS
 62
  256
370
   -1
100
AcDbLine
 10
3.625284686126252
 20
2.1937417573935
 11
3.731312402661686
 21
2.107348804637595
  0
LINE
  5
6FF
100
AcDbEntity
  8
BLACK
  6
CONTINUOUS
 62
  256
370
   -1
100
AcDbLine
 10
3.731312402661686
 20
2.107348804637595
 11
3.904125749118379
 21
2.107348804637595
  0
LINE
  5
700
100
AcDbEntity
  8
BLACK
  6
CONTINUOUS
 62
  256
370
   -1
100
AcDbLine
 10
3.904125749118379
 20
2.107348804637595
 11
3.930429804236489
 21
2.110827347944681
  0
LINE
  5
701
100
AcDbEntity
  8
BLACK
  6
CONTINUOUS
 62
  256
370
   -1
100
AcDbLine
 10
3.930429804236489
 20
2.110827347944681
 11
3.954874922346725
 21
2.120925064480114
  0
LINE
  5
702
100
AcDbEntity
  8
BLACK
  6
CONTINUOUS
 62
  256
370
   -1
100
AcDbLine
 10
3.954874922346725
 20
2.120925064480114
 11
3.975850867228615
 21
2.137066363692712
  0
LINE
  5
703
100
AcDbEntity
  8
BLACK
  6
CONTINUOUS
 62
  256
370
   -1
100
AcDbLine
 10
3.975850867228615
 20
2.137066363692712
 11
3.991992127071134
 21
2.158042269204524
  0
LINE
  5
704
100
AcDbEntity
  8
BLACK
  6
CONTINUOUS
 62
  256
370
   -1
100
AcDbLine
 10
3.991992127071134
 20
2.158042269204524
 11
4.002089882976646
 21
2.182487426684839
  0
LINE
  5
705
100
AcDbEntity
  8
BLACK
  6
CONTINUOUS
 62
  256
370
   -1
100
AcDbLine
 10
4.002089882976646
 20
2.182487426684839
 11
4.005559882976646
 21
2.2087267573935
  0
LINE
  5
706
100
AcDbEntity
  8
BLACK
  6
CONTINUOUS
 62
  256
370
   -1
100
AcDbLine
 10
4.005559882976646
 20
2.2087267573935
 11
4.002089882976646
 21
2.234966048732082
  0
LINE
  5
707
100
AcDbEntity
  8
BLACK
  6
CONTINUOUS
 62
  256
370
   -1
100
AcDbLine
 10
4.002089882976646
 20
2.234966048732082
 11
3.991992127071134
 21
2.259411206212397
  0
LINE
  5
708
100
AcDbEntity
  8
BLACK
  6
CONTINUOUS
 62
  256
370
   -1
100
AcDbLine
 10
3.991992127071134
 20
2.259411206212397
 11
3.975850867228615
 21
2.280387111724209
  0
LINE
  5
709
100
AcDbEntity
  8
BLACK
  6
CONTINUOUS
 62
  256
370
   -1
100
AcDbLine
 10
3.975850867228615
 20
2.280387111724209
 11
3.954874922346725
 21
2.296528410936807
  0
LINE
  5
70A
100
AcDbEntity
  8
BLACK
  6
CONTINUOUS
 62
  256
370
   -1
100
AcDbLine
 10
3.954874922346725
 20
2.296528410936807
 11
3.930429804236489
 21
2.30662612747224
  0
LINE
  5
70B
100
AcDbEntity
  8
BLACK
  6
CONTINUOUS
 62
  256
370
   -1
100
AcDbLine
 10
3.930429804236489
 20
2.30662612747224
 11
3.904125749118379
 21
2.310104710149405
  0
LINE
  5
70C
100
AcDbEntity
  8
BLACK
  6
CONTINUOUS
 62
  256
370
   -1
100
AcDbLine
 10
3.904125749118379
 20
2.310104710149405
 11
3.762458229433339
 21
2.310104710149405
  0
LINE
  5
70D
100
AcDbEntity
  8
BLACK
  6
CONTINUOUS
 62
  256
370
   -1
100
AcDbLine
 10
3.762458229433339
 20
2.310104710149405
 11
3.762224961716804
 21
2.310151088102161
  0
LINE
  5
70E
100
AcDbEntity
  8
BLACK
  6
CONTINUOUS
 62
  256
370
   -1
100
AcDbLine
 10
3.762224961716804
 20
2.310151088102161
 11
3.762175827858536
 21
2.310146088102162
  0
LINE
  5
70F
100
AcDbEntity
  8
BLACK
  6
CONTINUOUS
 62
  256
370
   -1
100
AcDbLine
 10
3.762175827858536
 20
2.310146088102162
 11
3.762131103449088
 21
2.310169749519484
  0
LINE
  5
710
100
AcDbEntity
  8
BLACK
  6
CONTINUOUS
 62
  256
370
   -1
100
AcDbLine
 10
3.762131103449088
 20
2.310169749519484
 11
3.762081575890032
 21
2.310179631409248
  0
LINE
  5
711
100
AcDbEntity
  8
BLACK
  6
CONTINUOUS
 62
  256
370
   -1
100
AcDbLine
 10
3.762081575890032
 20
2.310179631409248
 11
3.76204665463019
 21
2.310214513299012
  0
LINE
  5
712
100
AcDbEntity
  8
BLACK
  6
CONTINUOUS
 62
  256
370
   -1
100
AcDbLine
 10
3.76204665463019
 20
2.310214513299012
 11
3.761836497149874
 21
2.310325930621846
  0
LINE
  5
713
100
AcDbEntity
  8
BLACK
  6
CONTINUOUS
 62
  256
370
   -1
100
AcDbLine
 10
3.761836497149874
 20
2.310325930621846
 11
3.655808780614441
 21
2.396718883377752
  0
LINE
  5
714
100
AcDbEntity
  8
BLACK
  6
CONTINUOUS
 62
  256
370
   -1
100
AcDbLine
 10
3.655808780614441
 20
2.396718883377752
 11
3.614820434157748
 21
2.396718883377752
  0
LINE
  5
715
100
AcDbEntity
  8
BLACK
  6
CONTINUOUS
 62
  256
370
   -1
100
AcDbLine
 10
3.614820434157748
 20
2.396718883377752
 11
3.547891300299481
 21
2.396718883377752
  0
LINE
  5
716
100
AcDbEntity
  8
BLACK
  6
CONTINUOUS
 62
  256
370
   -1
100
AcDbLine
 10
3.547891300299481
 20
2.396718883377752
 11
3.494838623134127
 21
2.396718883377752
  0
LINE
  5
717
100
AcDbEntity
  8
BLACK
  6
CONTINUOUS
 62
  256
370
   -1
100
AcDbLine
 10
0.7132456310081423
 20
2.831758253456492
 11
0.7801747648664099
 21
2.831758253456492
  0
LINE
  5
718
100
AcDbEntity
  8
BLACK
  6
CONTINUOUS
 62
  256
370
   -1
100
AcDbLine
 10
0.7801747648664099
 20
2.831758253456492
 11
0.8215133475435754
 21
2.831758253456492
  0
LINE
  5
719
100
AcDbEntity
  8
BLACK
  6
CONTINUOUS
 62
  256
370
   -1
100
AcDbLine
 10
0.8215133475435754
 20
2.831758253456492
 11
0.8217466152601107
 21
2.831711836133658
  0
LINE
  5
71A
100
AcDbEntity
  8
BLACK
  6
CONTINUOUS
 62
  256
370
   -1
100
AcDbLine
 10
0.8217466152601107
 20
2.831711836133658
 11
0.8217957491183785
 21
2.831716875503736
  0
LINE
  5
71B
100
AcDbEntity
  8
BLACK
  6
CONTINUOUS
 62
  256
370
   -1
100
AcDbLine
 10
0.8217957491183785
 20
2.831716875503736
 11
0.8218404735278273
 21
2.831693174716334
  0
LINE
  5
71C
100
AcDbEntity
  8
BLACK
  6
CONTINUOUS
 62
  256
370
   -1
100
AcDbLine
 10
0.8218404735278273
 20
2.831693174716334
 11
0.8218900010868826
 21
2.83168333219665
  0
LINE
  5
71D
100
AcDbEntity
  8
BLACK
  6
CONTINUOUS
 62
  256
370
   -1
100
AcDbLine
 10
0.8218900010868826
 20
2.83168333219665
 11
0.8219249223467251
 21
2.831648410936807
  0
LINE
  5
71E
100
AcDbEntity
  8
BLACK
  6
CONTINUOUS
 62
  256
370
   -1
100
AcDbLine
 10
0.8219249223467251
 20
2.831648410936807
 11
0.8221350798270399
 21
2.831537032984051
  0
LINE
  5
71F
100
AcDbEntity
  8
BLACK
  6
CONTINUOUS
 62
  256
370
   -1
100
AcDbLine
 10
0.8221350798270399
 20
2.831537032984051
 11
0.928162796362473
 21
2.745144080228146
  0
LINE
  5
720
100
AcDbEntity
  8
BLACK
  6
CONTINUOUS
 62
  256
370
   -1
100
AcDbLine
 10
0.928162796362473
 20
2.745144080228146
 11
1.069544843606568
 21
2.745144080228146
  0
LINE
  5
721
100
AcDbEntity
  8
BLACK
  6
CONTINUOUS
 62
  256
370
   -1
100
AcDbLine
 10
1.069544843606568
 20
2.745144080228146
 11
1.06960881998452
 21
2.745131324322633
  0
LINE
  5
722
100
AcDbEntity
  8
BLACK
  6
CONTINUOUS
 62
  256
370
   -1
100
AcDbLine
 10
1.06960881998452
 20
2.745131324322633
 11
1.069673898724678
 21
2.745135576291138
  0
LINE
  5
723
100
AcDbEntity
  8
BLACK
  6
CONTINUOUS
 62
  256
370
   -1
100
AcDbLine
 10
1.069673898724678
 20
2.745135576291138
 11
1.096169922346725
 21
2.741631639283264
  0
LINE
  5
724
100
AcDbEntity
  8
BLACK
  6
CONTINUOUS
 62
  256
370
   -1
100
AcDbLine
 10
1.096169922346725
 20
2.741631639283264
 11
1.096290985338851
 21
2.741590418810823
  0
LINE
  5
725
100
AcDbEntity
  8
BLACK
  6
CONTINUOUS
 62
  256
370
   -1
100
AcDbLine
 10
1.096290985338851
 20
2.741590418810823
 11
1.096416694000268
 21
2.741565576291138
  0
LINE
  5
726
100
AcDbEntity
  8
BLACK
  6
CONTINUOUS
 62
  256
370
   -1
100
AcDbLine
 10
1.096416694000268
 20
2.741565576291138
 11
1.121101733370347
 21
2.731368725897437
  0
LINE
  5
727
100
AcDbEntity
  8
BLACK
  6
CONTINUOUS
 62
  256
370
   -1
100
AcDbLine
 10
1.121101733370347
 20
2.731368725897437
 11
1.121209804236489
 21
2.731296639283264
  0
LINE
  5
728
100
AcDbEntity
  8
BLACK
  6
CONTINUOUS
 62
  256
370
   -1
100
AcDbLine
 10
1.121209804236489
 20
2.731296639283264
 11
1.121326182189245
 21
2.731239080228145
  0
LINE
  5
729
100
AcDbEntity
  8
BLACK
  6
CONTINUOUS
 62
  256
370
   -1
100
AcDbLine
 10
1.121326182189245
 20
2.731239080228145
 11
1.142507284551449
 21
2.71493986762972
  0
LINE
  5
72A
100
AcDbEntity
  8
BLACK
  6
CONTINUOUS
 62
  256
370
   -1
100
AcDbLine
 10
1.142507284551449
 20
2.71493986762972
 11
1.142591142819166
 21
2.71484392274783
  0
LINE
  5
72B
100
AcDbEntity
  8
BLACK
  6
CONTINUOUS
 62
  256
370
   -1
100
AcDbLine
 10
1.142591142819166
 20
2.71484392274783
 11
1.142687087701056
 21
2.714760064480114
  0
LINE
  5
72C
100
AcDbEntity
  8
BLACK
  6
CONTINUOUS
 62
  256
370
   -1
100
AcDbLine
 10
1.142687087701056
 20
2.714760064480114
 11
1.158986300299481
 21
2.693578962117909
  0
LINE
  5
72D
100
AcDbEntity
  8
BLACK
  6
CONTINUOUS
 62
  256
370
   -1
100
AcDbLine
 10
1.158986300299481
 20
2.693578962117909
 11
1.159043898724678
 21
2.693462544795075
  0
LINE
  5
72E
100
AcDbEntity
  8
BLACK
  6
CONTINUOUS
 62
  256
370
   -1
100
AcDbLine
 10
1.159043898724678
 20
2.693462544795075
 11
1.159115945968772
 21
2.693354513299012
  0
LINE
  5
72F
100
AcDbEntity
  8
BLACK
  6
CONTINUOUS
 62
  256
370
   -1
100
AcDbLine
 10
1.159115945968772
 20
2.693354513299012
 11
1.169312796362473
 21
2.668669434558854
  0
LINE
  5
730
100
AcDbEntity
  8
BLACK
  6
CONTINUOUS
 62
  256
370
   -1
100
AcDbLine
 10
1.169312796362473
 20
2.668669434558854
 11
1.169337638882158
 21
2.668543883377752
  0
LINE
  5
731
100
AcDbEntity
  8
BLACK
  6
CONTINUOUS
 62
  256
370
   -1
100
AcDbLine
 10
1.169337638882158
 20
2.668543883377752
 11
1.169378859354599
 21
2.668422741645468
  0
LINE
  5
732
100
AcDbEntity
  8
BLACK
  6
CONTINUOUS
 62
  256
370
   -1
100
AcDbLine
 10
1.169378859354599
 20
2.668422741645468
 11
1.172882796362473
 21
2.641926678653342
  0
LINE
  5
733
100
AcDbEntity
  8
BLACK
  6
CONTINUOUS
 62
  256
370
   -1
100
AcDbLine
 10
1.172882796362473
 20
2.641926678653342
 11
1.172874410535701
 21
2.641797623535232
  0
LINE
  5
734
100
AcDbEntity
  8
BLACK
  6
CONTINUOUS
 62
  256
370
   -1
100
AcDbLine
 10
1.172874410535701
 20
2.641797623535232
 11
1.172882796362473
 21
2.641668568417121
  0
LINE
  5
735
100
AcDbEntity
  8
BLACK
  6
CONTINUOUS
 62
  256
370
   -1
100
AcDbLine
 10
1.172882796362473
 20
2.641668568417121
 11
1.169378859354599
 21
2.615172505424995
  0
LINE
  5
736
100
AcDbEntity
  8
BLACK
  6
CONTINUOUS
 62
  256
370
   -1
100
AcDbLine
 10
1.169378859354599
 20
2.615172505424995
 11
1.169337638882158
 21
2.615051324322634
  0
LINE
  5
737
100
AcDbEntity
  8
BLACK
  6
CONTINUOUS
 62
  256
370
   -1
100
AcDbLine
 10
1.169337638882158
 20
2.615051324322634
 11
1.169312796362473
 21
2.61492581251161
  0
LINE
  5
738
100
AcDbEntity
  8
BLACK
  6
CONTINUOUS
 62
  256
370
   -1
100
AcDbLine
 10
1.169312796362473
 20
2.61492581251161
 11
1.159115945968772
 21
2.590240733771453
  0
LINE
  5
739
100
AcDbEntity
  8
BLACK
  6
CONTINUOUS
 62
  256
370
   -1
100
AcDbLine
 10
1.159115945968772
 20
2.590240733771453
 11
1.159043898724678
 21
2.590132662905311
  0
LINE
  5
73A
100
AcDbEntity
  8
BLACK
  6
CONTINUOUS
 62
  256
370
   -1
100
AcDbLine
 10
1.159043898724678
 20
2.590132662905311
 11
1.158986300299481
 21
2.590016284952555
  0
LINE
  5
73B
100
AcDbEntity
  8
BLACK
  6
CONTINUOUS
 62
  256
370
   -1
100
AcDbLine
 10
1.158986300299481
 20
2.590016284952555
 11
1.142687087701056
 21
2.56883518259035
  0
LINE
  5
73C
100
AcDbEntity
  8
BLACK
  6
CONTINUOUS
 62
  256
370
   -1
100
AcDbLine
 10
1.142687087701056
 20
2.56883518259035
 11
1.142591142819166
 21
2.568751284952555
  0
LINE
  5
73D
100
AcDbEntity
  8
BLACK
  6
CONTINUOUS
 62
  256
370
   -1
100
AcDbLine
 10
1.142591142819166
 20
2.568751284952555
 11
1.142507284551449
 21
2.568655379440744
  0
LINE
  5
73E
100
AcDbEntity
  8
BLACK
  6
CONTINUOUS
 62
  256
370
   -1
100
AcDbLine
 10
1.142507284551449
 20
2.568655379440744
 11
1.121326182189245
 21
2.552356166842319
  0
LINE
  5
73F
100
AcDbEntity
  8
BLACK
  6
CONTINUOUS
 62
  256
370
   -1
100
AcDbLine
 10
1.121326182189245
 20
2.552356166842319
 11
1.121209804236489
 21
2.552298568417122
  0
LINE
  5
740
100
AcDbEntity
  8
BLACK
  6
CONTINUOUS
 62
  256
370
   -1
100
AcDbLine
 10
1.121209804236489
 20
2.552298568417122
 11
1.121101733370347
 21
2.552226521173028
  0
LINE
  5
741
100
AcDbEntity
  8
BLACK
  6
CONTINUOUS
 62
  256
370
   -1
100
AcDbLine
 10
1.121101733370347
 20
2.552226521173028
 11
1.096416694000268
 21
2.542029670779327
  0
LINE
  5
742
100
AcDbEntity
  8
BLACK
  6
CONTINUOUS
 62
  256
370
   -1
100
AcDbLine
 10
1.096416694000268
 20
2.542029670779327
 11
1.096290985338851
 21
2.542004788889563
  0
LINE
  5
743
100
AcDbEntity
  8
BLACK
  6
CONTINUOUS
 62
  256
370
   -1
100
AcDbLine
 10
1.096290985338851
 20
2.542004788889563
 11
1.096169922346725
 21
2.541963607787201
  0
LINE
  5
744
100
AcDbEntity
  8
BLACK
  6
CONTINUOUS
 62
  256
370
   -1
100
AcDbLine
 10
1.096169922346725
 20
2.541963607787201
 11
1.069673898724678
 21
2.538459670779327
  0
LINE
  5
745
100
AcDbEntity
  8
BLACK
  6
CONTINUOUS
 62
  256
370
   -1
100
AcDbLine
 10
1.069673898724678
 20
2.538459670779327
 11
1.06960881998452
 21
2.538463883377752
  0
LINE
  5
746
100
AcDbEntity
  8
BLACK
  6
CONTINUOUS
 62
  256
370
   -1
100
AcDbLine
 10
1.06960881998452
 20
2.538463883377752
 11
1.069544843606568
 21
2.538451166842319
  0
LINE
  5
747
100
AcDbEntity
  8
BLACK
  6
CONTINUOUS
 62
  256
370
   -1
100
AcDbLine
 10
1.069544843606568
 20
2.538451166842319
 11
0.8963164971498747
 21
2.538451166842319
  0
LINE
  5
748
100
AcDbEntity
  8
BLACK
  6
CONTINUOUS
 62
  256
370
   -1
100
AcDbLine
 10
0.8963164971498747
 20
2.538451166842319
 11
0.8960832688034179
 21
2.538497544795074
  0
LINE
  5
749
100
AcDbEntity
  8
BLACK
  6
CONTINUOUS
 62
  256
370
   -1
100
AcDbLine
 10
0.8960832688034179
 20
2.538497544795074
 11
0.8960340955750714
 21
2.538492544795075
  0
LINE
  5
74A
100
AcDbEntity
  8
BLACK
  6
CONTINUOUS
 62
  256
370
   -1
100
AcDbLine
 10
0.8960340955750714
 20
2.538492544795075
 11
0.8959894105357014
 21
2.538516206212398
  0
LINE
  5
74B
100
AcDbEntity
  8
BLACK
  6
CONTINUOUS
 62
  256
370
   -1
100
AcDbLine
 10
0.8959894105357014
 20
2.538516206212398
 11
0.8959398436065675
 21
2.538526088102161
  0
LINE
  5
74C
100
AcDbEntity
  8
BLACK
  6
CONTINUOUS
 62
  256
370
   -1
100
AcDbLine
 10
0.8959398436065675
 20
2.538526088102161
 11
0.8959049617168038
 21
2.538560969991925
  0
LINE
  5
74D
100
AcDbEntity
  8
BLACK
  6
CONTINUOUS
 62
  256
370
   -1
100
AcDbLine
 10
0.8959049617168038
 20
2.538560969991925
 11
0.89569476486641
 21
2.53867238731476
  0
LINE
  5
74E
100
AcDbEntity
  8
BLACK
  6
CONTINUOUS
 62
  256
370
   -1
100
AcDbLine
 10
0.89569476486641
 20
2.53867238731476
 11
0.7896670483309769
 21
2.625065340070665
  0
LINE
  5
74F
100
AcDbEntity
  8
BLACK
  6
CONTINUOUS
 62
  256
370
   -1
100
AcDbLine
 10
0.7896670483309769
 20
2.625065340070665
 11
0.6600960247089298
 21
2.625065340070665
  0
LINE
  5
750
100
AcDbEntity
  8
BLACK
  6
CONTINUOUS
 62
  256
370
   -1
100
AcDbLine
 10
0.6600960247089298
 20
2.625065340070665
 11
0.6600009065986936
 21
2.62508423770846
  0
LINE
  5
751
100
AcDbEntity
  8
BLACK
  6
CONTINUOUS
 62
  256
370
   -1
100
AcDbLine
 10
0.6600009065986936
 20
2.62508423770846
 11
0.6599039380947564
 21
2.625084277078539
  0
LINE
  5
752
100
AcDbEntity
  8
BLACK
  6
CONTINUOUS
 62
  256
370
   -1
100
AcDbLine
 10
0.6599039380947564
 20
2.625084277078539
 11
0.6207307097482997
 21
2.63287955266909
  0
LINE
  5
753
100
AcDbEntity
  8
BLACK
  6
CONTINUOUS
 62
  256
370
   -1
100
AcDbLine
 10
0.6207307097482997
 20
2.63287955266909
 11
0.6207304341577486
 21
2.632879670779326
  0
LINE
  5
754
100
AcDbEntity
  8
BLACK
  6
CONTINUOUS
 62
  256
370
   -1
100
AcDbLine
 10
0.6207304341577486
 20
2.632879670779326
 11
0.6207301979372761
 21
2.632879631409248
  0
LINE
  5
755
100
AcDbEntity
  8
BLACK
  6
CONTINUOUS
 62
  256
370
   -1
100
AcDbLine
 10
0.6207301979372761
 20
2.632879631409248
 11
0.6205379144727092
 21
2.632959395188776
  0
LINE
  5
756
100
AcDbEntity
  8
BLACK
  6
CONTINUOUS
 62
  256
370
   -1
100
AcDbLine
 10
0.6205379144727092
 20
2.632959395188776
 11
0.6203759065986936
 21
2.633026521173027
  0
LINE
  5
757
100
AcDbEntity
  8
BLACK
  6
CONTINUOUS
 62
  256
370
   -1
100
AcDbLine
 10
0.6203759065986936
 20
2.633026521173027
 11
0.6203758278585361
 21
2.633026639283264
  0
LINE
  5
758
100
AcDbEntity
  8
BLACK
  6
CONTINUOUS
 62
  256
370
   -1
100
AcDbLine
 10
0.6203758278585361
 20
2.633026639283264
 11
0.620375512897906
 21
2.633026796763579
  0
LINE
  5
759
100
AcDbEntity
  8
BLACK
  6
CONTINUOUS
 62
  256
370
   -1
100
AcDbLine
 10
0.620375512897906
 20
2.633026796763579
 11
0.5871864971498746
 21
2.655231560543106
  0
LINE
  5
75A
100
AcDbEntity
  8
BLACK
  6
CONTINUOUS
 62
  256
370
   -1
100
AcDbLine
 10
0.5871864971498746
 20
2.655231560543106
 11
0.5870512215593235
 21
2.655366954243894
  0
LINE
  5
75B
100
AcDbEntity
  8
BLACK
  6
CONTINUOUS
 62
  256
370
   -1
100
AcDbLine
 10
0.5870512215593235
 20
2.655366954243894
 11
0.5869157884884573
 21
2.655502269204524
  0
LINE
  5
75C
100
AcDbEntity
  8
BLACK
  6
CONTINUOUS
 62
  256
370
   -1
100
AcDbLine
 10
0.5869157884884573
 20
2.655502269204524
 11
0.5647110640790083
 21
2.688691245582477
  0
LINE
  5
75D
100
AcDbEntity
  8
BLACK
  6
CONTINUOUS
 62
  256
370
   -1
100
AcDbLine
 10
0.5647110640790083
 20
2.688691245582477
 11
0.5647109459687722
 21
2.688691521173028
  0
LINE
  5
75E
100
AcDbEntity
  8
BLACK
  6
CONTINUOUS
 62
  256
370
   -1
100
AcDbLine
 10
0.5647109459687722
 20
2.688691521173028
 11
0.5647107491183785
 21
2.688691678653342
  0
LINE
  5
75F
100
AcDbEntity
  8
BLACK
  6
CONTINUOUS
 62
  256
370
   -1
100
AcDbLine
 10
0.5647107491183785
 20
2.688691678653342
 11
0.5646368514805833
 21
2.688870103850193
  0
LINE
  5
760
100
AcDbEntity
  8
BLACK
  6
CONTINUOUS
 62
  256
370
   -1
100
AcDbLine
 10
0.5646368514805833
 20
2.688870103850193
 11
0.564563859354599
 21
2.689045969991925
  0
LINE
  5
761
100
AcDbEntity
  8
BLACK
  6
CONTINUOUS
 62
  256
370
   -1
100
AcDbLine
 10
0.564563859354599
 20
2.689045969991925
 11
0.5645639380947565
 21
2.689046166842319
  0
LINE
  5
762
100
AcDbEntity
  8
BLACK
  6
CONTINUOUS
 62
  256
370
   -1
100
AcDbLine
 10
0.5645639380947565
 20
2.689046166842319
 11
0.5645637806144415
 21
2.689046481802949
  0
LINE
  5
763
100
AcDbEntity
  8
BLACK
  6
CONTINUOUS
 62
  256
370
   -1
100
AcDbLine
 10
0.5645637806144415
 20
2.689046481802949
 11
0.5567685050238902
 21
2.728219710149405
  0
LINE
  5
764
100
AcDbEntity
  8
BLACK
  6
CONTINUOUS
 62
  256
370
   -1
100
AcDbLine
 10
0.5567685050238902
 20
2.728219710149405
 11
0.5567685050238902
 21
2.728219788889563
  0
LINE
  5
765
100
AcDbEntity
  8
BLACK
  6
CONTINUOUS
 62
  256
370
   -1
100
AcDbLine
 10
0.5567685050238902
 20
2.728219788889563
 11
0.5567684656538117
 21
2.72821986762972
  0
LINE
  5
766
100
AcDbEntity
  8
BLACK
  6
CONTINUOUS
 62
  256
370
   -1
100
AcDbLine
 10
0.5567684656538117
 20
2.72821986762972
 11
0.5567685050238902
 21
2.728411796763578
  0
LINE
  5
767
100
AcDbEntity
  8
BLACK
  6
CONTINUOUS
 62
  256
370
   -1
100
AcDbLine
 10
0.5567685050238902
 20
2.728411796763578
 11
0.5567684656538117
 21
2.728603725897437
  0
LINE
  5
768
100
AcDbEntity
  8
BLACK
  6
CONTINUOUS
 62
  256
370
   -1
100
AcDbLine
 10
0.5567684656538117
 20
2.728603725897437
 11
0.5567685050238902
 21
2.728603765267516
  0
LINE
  5
769
100
AcDbEntity
  8
BLACK
  6
CONTINUOUS
 62
  256
370
   -1
100
AcDbLine
 10
0.5567685050238902
 20
2.728603765267516
 11
0.5567685050238902
 21
2.728603883377752
  0
LINE
  5
76A
100
AcDbEntity
  8
BLACK
  6
CONTINUOUS
 62
  256
370
   -1
100
AcDbLine
 10
0.5567685050238902
 20
2.728603883377752
 11
0.5645637806144415
 21
2.767777111724208
  0
LINE
  5
76B
100
AcDbEntity
  8
BLACK
  6
CONTINUOUS
 62
  256
370
   -1
100
AcDbLine
 10
0.5645637806144415
 20
2.767777111724208
 11
0.5645639380947565
 21
2.76777738731476
  0
LINE
  5
76C
100
AcDbEntity
  8
BLACK
  6
CONTINUOUS
 62
  256
370
   -1
100
AcDbLine
 10
0.5645639380947565
 20
2.76777738731476
 11
0.564563859354599
 21
2.767777623535232
  0
LINE
  5
76D
100
AcDbEntity
  8
BLACK
  6
CONTINUOUS
 62
  256
370
   -1
100
AcDbLine
 10
0.564563859354599
 20
2.767777623535232
 11
0.5646368514805833
 21
2.767953450306885
  0
LINE
  5
76E
100
AcDbEntity
  8
BLACK
  6
CONTINUOUS
 62
  256
370
   -1
100
AcDbLine
 10
0.5646368514805833
 20
2.767953450306885
 11
0.5647107491183785
 21
2.768131914873814
  0
LINE
  5
76F
100
AcDbEntity
  8
BLACK
  6
CONTINUOUS
 62
  256
370
   -1
100
AcDbLine
 10
0.5647107491183785
 20
2.768131914873814
 11
0.5647109459687722
 21
2.768132032984051
  0
LINE
  5
770
100
AcDbEntity
  8
BLACK
  6
CONTINUOUS
 62
  256
370
   -1
100
AcDbLine
 10
0.5647109459687722
 20
2.768132032984051
 11
0.5647110640790083
 21
2.768132347944681
  0
LINE
  5
771
100
AcDbEntity
  8
BLACK
  6
CONTINUOUS
 62
  256
370
   -1
100
AcDbLine
 10
0.5647110640790083
 20
2.768132347944681
 11
0.5869157884884573
 21
2.801321324322633
  0
LINE
  5
772
100
AcDbEntity
  8
BLACK
  6
CONTINUOUS
 62
  256
370
   -1
100
AcDbLine
 10
0.5869157884884573
 20
2.801321324322633
 11
0.5870512215593235
 21
2.801456599913185
  0
LINE
  5
773
100
AcDbEntity
  8
BLACK
  6
CONTINUOUS
 62
  256
370
   -1
100
AcDbLine
 10
0.5870512215593235
 20
2.801456599913185
 11
0.5871864971498746
 21
2.801592032984051
  0
LINE
  5
774
100
AcDbEntity
  8
BLACK
  6
CONTINUOUS
 62
  256
370
   -1
100
AcDbLine
 10
0.5871864971498746
 20
2.801592032984051
 11
0.620375512897906
 21
2.823796796763578
  0
LINE
  5
775
100
AcDbEntity
  8
BLACK
  6
CONTINUOUS
 62
  256
370
   -1
100
AcDbLine
 10
0.620375512897906
 20
2.823796796763578
 11
0.6203758278585361
 21
2.823796914873815
  0
LINE
  5
776
100
AcDbEntity
  8
BLACK
  6
CONTINUOUS
 62
  256
370
   -1
100
AcDbLine
 10
0.6203758278585361
 20
2.823796914873815
 11
0.6203759065986936
 21
2.82379707235413
  0
LINE
  5
777
100
AcDbEntity
  8
BLACK
  6
CONTINUOUS
 62
  256
370
   -1
100
AcDbLine
 10
0.6203759065986936
 20
2.82379707235413
 11
0.6205379144727092
 21
2.823864158968303
  0
LINE
  5
778
100
AcDbEntity
  8
BLACK
  6
CONTINUOUS
 62
  256
370
   -1
100
AcDbLine
 10
0.6205379144727092
 20
2.823864158968303
 11
0.6207301979372761
 21
2.82394396211791
  0
LINE
  5
779
100
AcDbEntity
  8
BLACK
  6
CONTINUOUS
 62
  256
370
   -1
100
AcDbLine
 10
0.6207301979372761
 20
2.82394396211791
 11
0.6207304341577486
 21
2.823943883377752
  0
LINE
  5
77A
100
AcDbEntity
  8
BLACK
  6
CONTINUOUS
 62
  256
370
   -1
100
AcDbLine
 10
0.6207304341577486
 20
2.823943883377752
 11
0.6207307097482997
 21
2.823944040858067
  0
LINE
  5
77B
100
AcDbEntity
  8
BLACK
  6
CONTINUOUS
 62
  256
370
   -1
100
AcDbLine
 10
0.6207307097482997
 20
2.823944040858067
 11
0.6599039380947564
 21
2.831739316448618
  0
LINE
  5
77C
100
AcDbEntity
  8
BLACK
  6
CONTINUOUS
 62
  256
370
   -1
100
AcDbLine
 10
0.6599039380947564
 20
2.831739316448618
 11
0.6600009065986936
 21
2.831739316448618
  0
LINE
  5
77D
100
AcDbEntity
  8
BLACK
  6
CONTINUOUS
 62
  256
370
   -1
100
AcDbLine
 10
0.6600009065986936
 20
2.831739316448618
 11
0.6600960247089298
 21
2.831758253456492
  0
LINE
  5
77E
100
AcDbEntity
  8
BLACK
  6
CONTINUOUS
 62
  256
370
   -1
100
AcDbLine
 10
0.6600960247089298
 20
2.831758253456492
 11
0.7132456310081423
 21
2.831758253456492
  0
LINE
  5
77F
100
AcDbEntity
  8
BLACK
  6
CONTINUOUS
 62
  256
370
   -1
100
AcDbLine
 10
0.660192953842788
 20
2.829789749519484
 11
0.6213072058112918
 21
2.822051639283264
  0
LINE
  5
780
100
AcDbEntity
  8
BLACK
  6
CONTINUOUS
 62
  256
370
   -1
100
AcDbLine
 10
0.6213072058112918
 20
2.822051639283264
 11
0.5884433869136541
 21
2.800064473928933
  0
LINE
  5
781
100
AcDbEntity
  8
BLACK
  6
CONTINUOUS
 62
  256
370
   -1
100
AcDbLine
 10
0.5884433869136541
 20
2.800064473928933
 11
0.5664561821892447
 21
2.767200615661216
  0
LINE
  5
782
100
AcDbEntity
  8
BLACK
  6
CONTINUOUS
 62
  256
370
   -1
100
AcDbLine
 10
0.5664561821892447
 20
2.767200615661216
 11
0.5587373632916068
 21
2.728411796763578
  0
LINE
  5
783
100
AcDbEntity
  8
BLACK
  6
CONTINUOUS
 62
  256
370
   -1
100
AcDbLine
 10
0.5587373632916068
 20
2.728411796763578
 11
0.5664561821892447
 21
2.689622938495862
  0
LINE
  5
784
100
AcDbEntity
  8
BLACK
  6
CONTINUOUS
 62
  256
370
   -1
100
AcDbLine
 10
0.5664561821892447
 20
2.689622938495862
 11
0.5884433869136541
 21
2.656759080228145
  0
LINE
  5
785
100
AcDbEntity
  8
BLACK
  6
CONTINUOUS
 62
  256
370
   -1
100
AcDbLine
 10
0.5884433869136541
 20
2.656759080228145
 11
0.6213072058112918
 21
2.634771914873815
  0
LINE
  5
786
100
AcDbEntity
  8
BLACK
  6
CONTINUOUS
 62
  256
370
   -1
100
AcDbLine
 10
0.6213072058112918
 20
2.634771914873815
 11
0.660192953842788
 21
2.627033844007673
  0
LINE
  5
787
100
AcDbEntity
  8
BLACK
  6
CONTINUOUS
 62
  256
370
   -1
100
AcDbLine
 10
0.660192953842788
 20
2.627033844007673
 11
0.7900172845514495
 21
2.627033844007673
  0
LINE
  5
788
100
AcDbEntity
  8
BLACK
  6
CONTINUOUS
 62
  256
370
   -1
100
AcDbLine
 10
0.7900172845514495
 20
2.627033844007673
 11
0.7902505522679848
 21
2.626987426684838
  0
LINE
  5
789
100
AcDbEntity
  8
BLACK
  6
CONTINUOUS
 62
  256
370
   -1
100
AcDbLine
 10
0.7902505522679848
 20
2.626987426684838
 11
0.7902996861262526
 21
2.626992466054917
  0
LINE
  5
78A
100
AcDbEntity
  8
BLACK
  6
CONTINUOUS
 62
  256
370
   -1
100
AcDbLine
 10
0.7902996861262526
 20
2.626992466054917
 11
0.7903444105357014
 21
2.626968765267516
  0
LINE
  5
78B
100
AcDbEntity
  8
BLACK
  6
CONTINUOUS
 62
  256
370
   -1
100
AcDbLine
 10
0.7903444105357014
 20
2.626968765267516
 11
0.7903939380947564
 21
2.62695892274783
  0
LINE
  5
78C
100
AcDbEntity
  8
BLACK
  6
CONTINUOUS
 62
  256
370
   -1
100
AcDbLine
 10
0.7903939380947564
 20
2.62695892274783
 11
0.7904288593545989
 21
2.626924001487988
  0
LINE
  5
78D
100
AcDbEntity
  8
BLACK
  6
CONTINUOUS
 62
  256
370
   -1
100
AcDbLine
 10
0.7904288593545989
 20
2.626924001487988
 11
0.790639016834914
 21
2.626812623535232
  0
LINE
  5
78E
100
AcDbEntity
  8
BLACK
  6
CONTINUOUS
 62
  256
370
   -1
100
AcDbLine
 10
0.790639016834914
 20
2.626812623535232
 11
0.8966667333703471
 21
2.540419670779326
  0
LINE
  5
78F
100
AcDbEntity
  8
BLACK
  6
CONTINUOUS
 62
  256
370
   -1
100
AcDbLine
 10
0.8966667333703471
 20
2.540419670779326
 11
1.06948007982704
 21
2.540419670779326
  0
LINE
  5
790
100
AcDbEntity
  8
BLACK
  6
CONTINUOUS
 62
  256
370
   -1
100
AcDbLine
 10
1.06948007982704
 20
2.540419670779326
 11
1.09578413494515
 21
2.543898214086413
  0
LINE
  5
791
100
AcDbEntity
  8
BLACK
  6
CONTINUOUS
 62
  256
370
   -1
100
AcDbLine
 10
1.09578413494515
 20
2.543898214086413
 11
1.120229253055386
 21
2.553995930621847
  0
LINE
  5
792
100
AcDbEntity
  8
BLACK
  6
CONTINUOUS
 62
  256
370
   -1
100
AcDbLine
 10
1.120229253055386
 20
2.553995930621847
 11
1.141205197937276
 21
2.570137229834445
  0
LINE
  5
793
100
AcDbEntity
  8
BLACK
  6
CONTINUOUS
 62
  256
370
   -1
100
AcDbLine
 10
1.141205197937276
 20
2.570137229834445
 11
1.157346457779796
 21
2.591113135346256
  0
LINE
  5
794
100
AcDbEntity
  8
BLACK
  6
CONTINUOUS
 62
  256
370
   -1
100
AcDbLine
 10
1.157346457779796
 20
2.591113135346256
 11
1.167444213685308
 21
2.615558292826571
  0
LINE
  5
795
100
AcDbEntity
  8
BLACK
  6
CONTINUOUS
 62
  256
370
   -1
100
AcDbLine
 10
1.167444213685308
 20
2.615558292826571
 11
1.170914213685308
 21
2.641797623535232
  0
LINE
  5
796
100
AcDbEntity
  8
BLACK
  6
CONTINUOUS
 62
  256
370
   -1
100
AcDbLine
 10
1.170914213685308
 20
2.641797623535232
 11
1.167444213685308
 21
2.668036914873815
  0
LINE
  5
797
100
AcDbEntity
  8
BLACK
  6
CONTINUOUS
 62
  256
370
   -1
100
AcDbLine
 10
1.167444213685308
 20
2.668036914873815
 11
1.157346457779796
 21
2.69248207235413
  0
LINE
  5
798
100
AcDbEntity
  8
BLACK
  6
CONTINUOUS
 62
  256
370
   -1
100
AcDbLine
 10
1.157346457779796
 20
2.69248207235413
 11
1.141205197937276
 21
2.713457977865941
  0
LINE
  5
799
100
AcDbEntity
  8
BLACK
  6
CONTINUOUS
 62
  256
370
   -1
100
AcDbLine
 10
1.141205197937276
 20
2.713457977865941
 11
1.120229253055386
 21
2.729599277078539
  0
LINE
  5
79A
100
AcDbEntity
  8
BLACK
  6
CONTINUOUS
 62
  256
370
   -1
100
AcDbLine
 10
1.120229253055386
 20
2.729599277078539
 11
1.09578413494515
 21
2.739696993613972
  0
LINE
  5
79B
100
AcDbEntity
  8
BLACK
  6
CONTINUOUS
 62
  256
370
   -1
100
AcDbLine
 10
1.09578413494515
 20
2.739696993613972
 11
1.06948007982704
 21
2.743175576291137
  0
LINE
  5
79C
100
AcDbEntity
  8
BLACK
  6
CONTINUOUS
 62
  256
370
   -1
100
AcDbLine
 10
1.06948007982704
 20
2.743175576291137
 11
0.9278125601420006
 21
2.743175576291137
  0
LINE
  5
79D
100
AcDbEntity
  8
BLACK
  6
CONTINUOUS
 62
  256
370
   -1
100
AcDbLine
 10
0.9278125601420006
 20
2.743175576291137
 11
0.9275793317955439
 21
2.743221954243894
  0
LINE
  5
79E
100
AcDbEntity
  8
BLACK
  6
CONTINUOUS
 62
  256
370
   -1
100
AcDbLine
 10
0.9275793317955439
 20
2.743221954243894
 11
0.9275301585671973
 21
2.743216954243893
  0
LINE
  5
79F
100
AcDbEntity
  8
BLACK
  6
CONTINUOUS
 62
  256
370
   -1
100
AcDbLine
 10
0.9275301585671973
 20
2.743216954243893
 11
0.9274854735278273
 21
2.743240615661216
  0
LINE
  5
7A0
100
AcDbEntity
  8
BLACK
  6
CONTINUOUS
 62
  256
370
   -1
100
AcDbLine
 10
0.9274854735278273
 20
2.743240615661216
 11
0.9274359065986935
 21
2.74325049755098
  0
LINE
  5
7A1
100
AcDbEntity
  8
BLACK
  6
CONTINUOUS
 62
  256
370
   -1
100
AcDbLine
 10
0.9274359065986935
 20
2.74325049755098
 11
0.9274010247089297
 21
2.743285379440744
  0
LINE
  5
7A2
100
AcDbEntity
  8
BLACK
  6
CONTINUOUS
 62
  256
370
   -1
100
AcDbLine
 10
0.9274010247089297
 20
2.743285379440744
 11
0.9271908278585359
 21
2.743396796763578
  0
LINE
  5
7A3
100
AcDbEntity
  8
BLACK
  6
CONTINUOUS
 62
  256
370
   -1
100
AcDbLine
 10
0.9271908278585359
 20
2.743396796763578
 11
0.8211631113231028
 21
2.829789749519484
  0
LINE
  5
7A4
100
AcDbEntity
  8
BLACK
  6
CONTINUOUS
 62
  256
370
   -1
100
AcDbLine
 10
0.8211631113231028
 20
2.829789749519484
 11
0.7801747648664099
 21
2.829789749519484
  0
LINE
  5
7A5
100
AcDbEntity
  8
BLACK
  6
CONTINUOUS
 62
  256
370
   -1
100
AcDbLine
 10
0.7801747648664099
 20
2.829789749519484
 11
0.7132456310081423
 21
2.829789749519484
  0
LINE
  5
7A6
100
AcDbEntity
  8
BLACK
  6
CONTINUOUS
 62
  256
370
   -1
100
AcDbLine
 10
0.7132456310081423
 20
2.829789749519484
 11
0.660192953842788
 21
2.829789749519484
  0
LINE
  5
7A7
100
AcDbEntity
  8
BLACK
  6
CONTINUOUS
 62
  256
370
   -1
100
AcDbLine
 10
1.421907048330977
 20
3.067978725897436
 11
1.488836182189245
 21
3.067978725897436
  0
LINE
  5
7A8
100
AcDbEntity
  8
BLACK
  6
CONTINUOUS
 62
  256
370
   -1
100
AcDbLine
 10
1.488836182189245
 20
3.067978725897436
 11
1.53017476486641
 21
3.067978725897436
  0
LINE
  5
7A9
100
AcDbEntity
  8
BLACK
  6
CONTINUOUS
 62
  256
370
   -1
100
AcDbLine
 10
1.53017476486641
 20
3.067978725897436
 11
1.530407993212867
 21
3.067932308574602
  0
LINE
  5
7AA
100
AcDbEntity
  8
BLACK
  6
CONTINUOUS
 62
  256
370
   -1
100
AcDbLine
 10
1.530407993212867
 20
3.067932308574602
 11
1.530457166441213
 21
3.067937347944681
  0
LINE
  5
7AB
100
AcDbEntity
  8
BLACK
  6
CONTINUOUS
 62
  256
370
   -1
100
AcDbLine
 10
1.530457166441213
 20
3.067937347944681
 11
1.530501851480583
 21
3.06791364715728
  0
LINE
  5
7AC
100
AcDbEntity
  8
BLACK
  6
CONTINUOUS
 62
  256
370
   -1
100
AcDbLine
 10
1.530501851480583
 20
3.06791364715728
 11
1.530551418409717
 21
3.067903804637594
  0
LINE
  5
7AD
100
AcDbEntity
  8
BLACK
  6
CONTINUOUS
 62
  256
370
   -1
100
AcDbLine
 10
1.530551418409717
 20
3.067903804637594
 11
1.530586300299481
 21
3.067868883377752
  0
LINE
  5
7AE
100
AcDbEntity
  8
BLACK
  6
CONTINUOUS
 62
  256
370
   -1
100
AcDbLine
 10
1.530586300299481
 20
3.067868883377752
 11
1.530796497149875
 21
3.067757505424995
  0
LINE
  5
7AF
100
AcDbEntity
  8
BLACK
  6
CONTINUOUS
 62
  256
370
   -1
100
AcDbLine
 10
1.530796497149875
 20
3.067757505424995
 11
1.636824213685308
 21
2.98136455266909
  0
LINE
  5
7B0
100
AcDbEntity
  8
BLACK
  6
CONTINUOUS
 62
  256
370
   -1
100
AcDbLine
 10
1.636824213685308
 20
2.98136455266909
 11
1.778206260929402
 21
2.98136455266909
  0
LINE
  5
7B1
100
AcDbEntity
  8
BLACK
  6
CONTINUOUS
 62
  256
370
   -1
100
AcDbLine
 10
1.778206260929402
 20
2.98136455266909
 11
1.778270237307355
 21
2.981351796763579
  0
LINE
  5
7B2
100
AcDbEntity
  8
BLACK
  6
CONTINUOUS
 62
  256
370
   -1
100
AcDbLine
 10
1.778270237307355
 20
2.981351796763579
 11
1.778335316047512
 21
2.981356048732082
  0
LINE
  5
7B3
100
AcDbEntity
  8
BLACK
  6
CONTINUOUS
 62
  256
370
   -1
100
AcDbLine
 10
1.778335316047512
 20
2.981356048732082
 11
1.80483133966956
 21
2.977852111724208
  0
LINE
  5
7B4
100
AcDbEntity
  8
BLACK
  6
CONTINUOUS
 62
  256
370
   -1
100
AcDbLine
 10
1.80483133966956
 20
2.977852111724208
 11
1.804952402661685
 21
2.977810891251767
  0
LINE
  5
7B5
100
AcDbEntity
  8
BLACK
  6
CONTINUOUS
 62
  256
370
   -1
100
AcDbLine
 10
1.804952402661685
 20
2.977810891251767
 11
1.805078111323103
 21
2.977786048732082
  0
LINE
  5
7B6
100
AcDbEntity
  8
BLACK
  6
CONTINUOUS
 62
  256
370
   -1
100
AcDbLine
 10
1.805078111323103
 20
2.977786048732082
 11
1.829763150693182
 21
2.967589198338382
  0
LINE
  5
7B7
100
AcDbEntity
  8
BLACK
  6
CONTINUOUS
 62
  256
370
   -1
100
AcDbLine
 10
1.829763150693182
 20
2.967589198338382
 11
1.829871221559324
 21
2.967517111724209
  0
LINE
  5
7B8
100
AcDbEntity
  8
BLACK
  6
CONTINUOUS
 62
  256
370
   -1
100
AcDbLine
 10
1.829871221559324
 20
2.967517111724209
 11
1.829987599512079
 21
2.967459552669091
  0
LINE
  5
7B9
100
AcDbEntity
  8
BLACK
  6
CONTINUOUS
 62
  256
370
   -1
100
AcDbLine
 10
1.829987599512079
 20
2.967459552669091
 11
1.851168701874284
 21
2.951160340070665
  0
LINE
  5
7BA
100
AcDbEntity
  8
BLACK
  6
CONTINUOUS
 62
  256
370
   -1
100
AcDbLine
 10
1.851168701874284
 20
2.951160340070665
 11
1.851252560142
 21
2.951064395188776
  0
LINE
  5
7BB
100
AcDbEntity
  8
BLACK
  6
CONTINUOUS
 62
  256
370
   -1
100
AcDbLine
 10
1.851252560142
 20
2.951064395188776
 11
1.85134850502389
 21
2.950980536921059
  0
LINE
  5
7BC
100
AcDbEntity
  8
BLACK
  6
CONTINUOUS
 62
  256
370
   -1
100
AcDbLine
 10
1.85134850502389
 20
2.950980536921059
 11
1.867647717622316
 21
2.929799434558854
  0
LINE
  5
7BD
100
AcDbEntity
  8
BLACK
  6
CONTINUOUS
 62
  256
370
   -1
100
AcDbLine
 10
1.867647717622316
 20
2.929799434558854
 11
1.867705316047513
 21
2.92968301723602
  0
LINE
  5
7BE
100
AcDbEntity
  8
BLACK
  6
CONTINUOUS
 62
  256
370
   -1
100
AcDbLine
 10
1.867705316047513
 20
2.92968301723602
 11
1.867777363291607
 21
2.929574985739957
  0
LINE
  5
7BF
100
AcDbEntity
  8
BLACK
  6
CONTINUOUS
 62
  256
370
   -1
100
AcDbLine
 10
1.867777363291607
 20
2.929574985739957
 11
1.877974213685308
 21
2.904889906999799
  0
LINE
  5
7C0
100
AcDbEntity
  8
BLACK
  6
CONTINUOUS
 62
  256
370
   -1
100
AcDbLine
 10
1.877974213685308
 20
2.904889906999799
 11
1.877999056204993
 21
2.904764355818696
  0
LINE
  5
7C1
100
AcDbEntity
  8
BLACK
  6
CONTINUOUS
 62
  256
370
   -1
100
AcDbLine
 10
1.877999056204993
 20
2.904764355818696
 11
1.878040276677434
 21
2.904643214086414
  0
LINE
  5
7C2
100
AcDbEntity
  8
BLACK
  6
CONTINUOUS
 62
  256
370
   -1
100
AcDbLine
 10
1.878040276677434
 20
2.904643214086414
 11
1.881544213685308
 21
2.878147151094288
  0
LINE
  5
7C3
100
AcDbEntity
  8
BLACK
  6
CONTINUOUS
 62
  256
370
   -1
100
AcDbLine
 10
1.881544213685308
 20
2.878147151094288
 11
1.881535827858536
 21
2.878018095976177
  0
LINE
  5
7C4
100
AcDbEntity
  8
BLACK
  6
CONTINUOUS
 62
  256
370
   -1
100
AcDbLine
 10
1.881535827858536
 20
2.878018095976177
 11
1.881544213685308
 21
2.877889040858067
  0
LINE
  5
7C5
100
AcDbEntity
  8
BLACK
  6
CONTINUOUS
 62
  256
370
   -1
100
AcDbLine
 10
1.881544213685308
 20
2.877889040858067
 11
1.878040276677434
 21
2.851392977865941
  0
LINE
  5
7C6
100
AcDbEntity
  8
BLACK
  6
CONTINUOUS
 62
  256
370
   -1
100
AcDbLine
 10
1.878040276677434
 20
2.851392977865941
 11
1.877999056204993
 21
2.851271796763578
  0
LINE
  5
7C7
100
AcDbEntity
  8
BLACK
  6
CONTINUOUS
 62
  256
370
   -1
100
AcDbLine
 10
1.877999056204993
 20
2.851271796763578
 11
1.877974213685308
 21
2.851146284952555
  0
LINE
  5
7C8
100
AcDbEntity
  8
BLACK
  6
CONTINUOUS
 62
  256
370
   -1
100
AcDbLine
 10
1.877974213685308
 20
2.851146284952555
 11
1.867777363291607
 21
2.826461206212397
  0
LINE
  5
7C9
100
AcDbEntity
  8
BLACK
  6
CONTINUOUS
 62
  256
370
   -1
100
AcDbLine
 10
1.867777363291607
 20
2.826461206212397
 11
1.867705316047513
 21
2.826353135346256
  0
LINE
  5
7CA
100
AcDbEntity
  8
BLACK
  6
CONTINUOUS
 62
  256
370
   -1
100
AcDbLine
 10
1.867705316047513
 20
2.826353135346256
 11
1.867647717622316
 21
2.8262367573935
  0
LINE
  5
7CB
100
AcDbEntity
  8
BLACK
  6
CONTINUOUS
 62
  256
370
   -1
100
AcDbLine
 10
1.867647717622316
 20
2.8262367573935
 11
1.85134850502389
 21
2.805055655031295
  0
LINE
  5
7CC
100
AcDbEntity
  8
BLACK
  6
CONTINUOUS
 62
  256
370
   -1
100
AcDbLine
 10
1.85134850502389
 20
2.805055655031295
 11
1.851252560142
 21
2.8049717573935
  0
LINE
  5
7CD
100
AcDbEntity
  8
BLACK
  6
CONTINUOUS
 62
  256
370
   -1
100
AcDbLine
 10
1.851252560142
 20
2.8049717573935
 11
1.851168701874284
 21
2.804875851881689
  0
LINE
  5
7CE
100
AcDbEntity
  8
BLACK
  6
CONTINUOUS
 62
  256
370
   -1
100
AcDbLine
 10
1.851168701874284
 20
2.804875851881689
 11
1.829987599512079
 21
2.788576639283264
  0
LINE
  5
7CF
100
AcDbEntity
  8
BLACK
  6
CONTINUOUS
 62
  256
370
   -1
100
AcDbLine
 10
1.829987599512079
 20
2.788576639283264
 11
1.829871221559324
 21
2.788519040858067
  0
LINE
  5
7D0
100
AcDbEntity
  8
BLACK
  6
CONTINUOUS
 62
  256
370
   -1
100
AcDbLine
 10
1.829871221559324
 20
2.788519040858067
 11
1.829763150693182
 21
2.788446993613972
  0
LINE
  5
7D1
100
AcDbEntity
  8
BLACK
  6
CONTINUOUS
 62
  256
370
   -1
100
AcDbLine
 10
1.829763150693182
 20
2.788446993613972
 11
1.805078111323103
 21
2.778250143220271
  0
LINE
  5
7D2
100
AcDbEntity
  8
BLACK
  6
CONTINUOUS
 62
  256
370
   -1
100
AcDbLine
 10
1.805078111323103
 20
2.778250143220271
 11
1.804952402661685
 21
2.778225261330507
  0
LINE
  5
7D3
100
AcDbEntity
  8
BLACK
  6
CONTINUOUS
 62
  256
370
   -1
100
AcDbLine
 10
1.804952402661685
 20
2.778225261330507
 11
1.80483133966956
 21
2.778184080228145
  0
LINE
  5
7D4
100
AcDbEntity
  8
BLACK
  6
CONTINUOUS
 62
  256
370
   -1
100
AcDbLine
 10
1.80483133966956
 20
2.778184080228145
 11
1.778335316047512
 21
2.774680143220271
  0
LINE
  5
7D5
100
AcDbEntity
  8
BLACK
  6
CONTINUOUS
 62
  256
370
   -1
100
AcDbLine
 10
1.778335316047512
 20
2.774680143220271
 11
1.778270237307355
 21
2.774684355818697
  0
LINE
  5
7D6
100
AcDbEntity
  8
BLACK
  6
CONTINUOUS
 62
  256
370
   -1
100
AcDbLine
 10
1.778270237307355
 20
2.774684355818697
 11
1.778206260929402
 21
2.774671639283263
  0
LINE
  5
7D7
100
AcDbEntity
  8
BLACK
  6
CONTINUOUS
 62
  256
370
   -1
100
AcDbLine
 10
1.778206260929402
 20
2.774671639283263
 11
1.604977914472709
 21
2.774671639283263
  0
LINE
  5
7D8
100
AcDbEntity
  8
BLACK
  6
CONTINUOUS
 62
  256
370
   -1
100
AcDbLine
 10
1.604977914472709
 20
2.774671639283263
 11
1.604744646756174
 21
2.77471801723602
  0
LINE
  5
7D9
100
AcDbEntity
  8
BLACK
  6
CONTINUOUS
 62
  256
370
   -1
100
AcDbLine
 10
1.604744646756174
 20
2.77471801723602
 11
1.604695512897906
 21
2.77471301723602
  0
LINE
  5
7DA
100
AcDbEntity
  8
BLACK
  6
CONTINUOUS
 62
  256
370
   -1
100
AcDbLine
 10
1.604695512897906
 20
2.77471301723602
 11
1.604650788488457
 21
2.774736678653342
  0
LINE
  5
7DB
100
AcDbEntity
  8
BLACK
  6
CONTINUOUS
 62
  256
370
   -1
100
AcDbLine
 10
1.604650788488457
 20
2.774736678653342
 11
1.604601260929402
 21
2.774746560543107
  0
LINE
  5
7DC
100
AcDbEntity
  8
BLACK
  6
CONTINUOUS
 62
  256
370
   -1
100
AcDbLine
 10
1.604601260929402
 20
2.774746560543107
 11
1.60456633966956
 21
2.77478144243287
  0
LINE
  5
7DD
100
AcDbEntity
  8
BLACK
  6
CONTINUOUS
 62
  256
370
   -1
100
AcDbLine
 10
1.60456633966956
 20
2.77478144243287
 11
1.604356182189245
 21
2.774892859755704
  0
LINE
  5
7DE
100
AcDbEntity
  8
BLACK
  6
CONTINUOUS
 62
  256
370
   -1
100
AcDbLine
 10
1.604356182189245
 20
2.774892859755704
 11
1.498328465653812
 21
2.86128581251161
  0
LINE
  5
7DF
100
AcDbEntity
  8
BLACK
  6
CONTINUOUS
 62
  256
370
   -1
100
AcDbLine
 10
1.498328465653812
 20
2.86128581251161
 11
1.368757442031764
 21
2.86128581251161
  0
LINE
  5
7E0
100
AcDbEntity
  8
BLACK
  6
CONTINUOUS
 62
  256
370
   -1
100
AcDbLine
 10
1.368757442031764
 20
2.86128581251161
 11
1.368662284551449
 21
2.861304710149406
  0
LINE
  5
7E1
100
AcDbEntity
  8
BLACK
  6
CONTINUOUS
 62
  256
370
   -1
100
AcDbLine
 10
1.368662284551449
 20
2.861304710149406
 11
1.368565355417591
 21
2.861304749519484
  0
LINE
  5
7E2
100
AcDbEntity
  8
BLACK
  6
CONTINUOUS
 62
  256
370
   -1
100
AcDbLine
 10
1.368565355417591
 20
2.861304749519484
 11
1.329392127071134
 21
2.869100025110035
  0
LINE
  5
7E3
100
AcDbEntity
  8
BLACK
  6
CONTINUOUS
 62
  256
370
   -1
100
AcDbLine
 10
1.329392127071134
 20
2.869100025110035
 11
1.329391812110504
 21
2.869100143220272
  0
LINE
  5
7E4
100
AcDbEntity
  8
BLACK
  6
CONTINUOUS
 62
  256
370
   -1
100
AcDbLine
 10
1.329391812110504
 20
2.869100143220272
 11
1.329391615260111
 21
2.869100103850193
  0
LINE
  5
7E5
100
AcDbEntity
  8
BLACK
  6
CONTINUOUS
 62
  256
370
   -1
100
AcDbLine
 10
1.329391615260111
 20
2.869100103850193
 11
1.329199292425465
 21
2.86917986762972
  0
LINE
  5
7E6
100
AcDbEntity
  8
BLACK
  6
CONTINUOUS
 62
  256
370
   -1
100
AcDbLine
 10
1.329199292425465
 20
2.86917986762972
 11
1.329037323921528
 21
2.869246993613972
  0
LINE
  5
7E7
100
AcDbEntity
  8
BLACK
  6
CONTINUOUS
 62
  256
370
   -1
100
AcDbLine
 10
1.329037323921528
 20
2.869246993613972
 11
1.329037205811292
 21
2.869247111724208
  0
LINE
  5
7E8
100
AcDbEntity
  8
BLACK
  6
CONTINUOUS
 62
  256
370
   -1
100
AcDbLine
 10
1.329037205811292
 20
2.869247111724208
 11
1.329036930220741
 21
2.869247269204523
  0
LINE
  5
7E9
100
AcDbEntity
  8
BLACK
  6
CONTINUOUS
 62
  256
370
   -1
100
AcDbLine
 10
1.329036930220741
 20
2.869247269204523
 11
1.295847914472709
 21
2.891452032984051
  0
LINE
  5
7EA
100
AcDbEntity
  8
BLACK
  6
CONTINUOUS
 62
  256
370
   -1
100
AcDbLine
 10
1.295847914472709
 20
2.891452032984051
 11
1.295712599512079
 21
2.891587426684838
  0
LINE
  5
7EB
100
AcDbEntity
  8
BLACK
  6
CONTINUOUS
 62
  256
370
   -1
100
AcDbLine
 10
1.295712599512079
 20
2.891587426684838
 11
1.295577205811292
 21
2.891722741645468
  0
LINE
  5
7EC
100
AcDbEntity
  8
BLACK
  6
CONTINUOUS
 62
  256
370
   -1
100
AcDbLine
 10
1.295577205811292
 20
2.891722741645468
 11
1.273372481401843
 21
2.924911718023421
  0
LINE
  5
7ED
100
AcDbEntity
  8
BLACK
  6
CONTINUOUS
 62
  256
370
   -1
100
AcDbLine
 10
1.273372481401843
 20
2.924911718023421
 11
1.273372323921528
 21
2.924911993613972
  0
LINE
  5
7EE
100
AcDbEntity
  8
BLACK
  6
CONTINUOUS
 62
  256
370
   -1
100
AcDbLine
 10
1.273372323921528
 20
2.924911993613972
 11
1.273372166441213
 21
2.924912151094287
  0
LINE
  5
7EF
100
AcDbEntity
  8
BLACK
  6
CONTINUOUS
 62
  256
370
   -1
100
AcDbLine
 10
1.273372166441213
 20
2.924912151094287
 11
1.273298229433339
 21
2.925090576291137
  0
LINE
  5
7F0
100
AcDbEntity
  8
BLACK
  6
CONTINUOUS
 62
  256
370
   -1
100
AcDbLine
 10
1.273298229433339
 20
2.925090576291137
 11
1.273225276677434
 21
2.92526644243287
  0
LINE
  5
7F1
100
AcDbEntity
  8
BLACK
  6
CONTINUOUS
 62
  256
370
   -1
100
AcDbLine
 10
1.273225276677434
 20
2.92526644243287
 11
1.273225316047512
 21
2.925266639283263
  0
LINE
  5
7F2
100
AcDbEntity
  8
BLACK
  6
CONTINUOUS
 62
  256
370
   -1
100
AcDbLine
 10
1.273225316047512
 20
2.925266639283263
 11
1.273225197937276
 21
2.925266954243893
  0
LINE
  5
7F3
100
AcDbEntity
  8
BLACK
  6
CONTINUOUS
 62
  256
370
   -1
100
AcDbLine
 10
1.273225197937276
 20
2.925266954243893
 11
1.265429922346725
 21
2.964440182590351
  0
LINE
  5
7F4
100
AcDbEntity
  8
BLACK
  6
CONTINUOUS
 62
  256
370
   -1
100
AcDbLine
 10
1.265429922346725
 20
2.964440182590351
 11
1.265429882976646
 21
2.964440261330508
  0
LINE
  5
7F5
100
AcDbEntity
  8
BLACK
  6
CONTINUOUS
 62
  256
370
   -1
100
AcDbLine
 10
1.265429882976646
 20
2.964440261330508
 11
1.265429882976646
 21
2.964440340070666
  0
LINE
  5
7F6
100
AcDbEntity
  8
BLACK
  6
CONTINUOUS
 62
  256
370
   -1
100
AcDbLine
 10
1.265429882976646
 20
2.964440340070666
 11
1.265429882976646
 21
2.964632269204523
  0
LINE
  5
7F7
100
AcDbEntity
  8
BLACK
  6
CONTINUOUS
 62
  256
370
   -1
100
AcDbLine
 10
1.265429882976646
 20
2.964632269204523
 11
1.265429882976646
 21
2.964824198338381
  0
LINE
  5
7F8
100
AcDbEntity
  8
BLACK
  6
CONTINUOUS
 62
  256
370
   -1
100
AcDbLine
 10
1.265429882976646
 20
2.964824198338381
 11
1.265429882976646
 21
2.96482423770846
  0
LINE
  5
7F9
100
AcDbEntity
  8
BLACK
  6
CONTINUOUS
 62
  256
370
   -1
100
AcDbLine
 10
1.265429882976646
 20
2.96482423770846
 11
1.265429922346725
 21
2.964824355818696
  0
LINE
  5
7FA
100
AcDbEntity
  8
BLACK
  6
CONTINUOUS
 62
  256
370
   -1
100
AcDbLine
 10
1.265429922346725
 20
2.964824355818696
 11
1.273225197937276
 21
3.003997584165154
  0
LINE
  5
7FB
100
AcDbEntity
  8
BLACK
  6
CONTINUOUS
 62
  256
370
   -1
100
AcDbLine
 10
1.273225197937276
 20
3.003997584165154
 11
1.273225316047512
 21
3.003997859755705
  0
LINE
  5
7FC
100
AcDbEntity
  8
BLACK
  6
CONTINUOUS
 62
  256
370
   -1
100
AcDbLine
 10
1.273225316047512
 20
3.003997859755705
 11
1.273225276677434
 21
3.003998095976177
  0
LINE
  5
7FD
100
AcDbEntity
  8
BLACK
  6
CONTINUOUS
 62
  256
370
   -1
100
AcDbLine
 10
1.273225276677434
 20
3.003998095976177
 11
1.273298229433339
 21
3.004173922747831
  0
LINE
  5
7FE
100
AcDbEntity
  8
BLACK
  6
CONTINUOUS
 62
  256
370
   -1
100
AcDbLine
 10
1.273298229433339
 20
3.004173922747831
 11
1.273372166441213
 21
3.00435238731476
  0
LINE
  5
7FF
100
AcDbEntity
  8
BLACK
  6
CONTINUOUS
 62
  256
370
   -1
100
AcDbLine
 10
1.273372166441213
 20
3.00435238731476
 11
1.273372323921528
 21
3.004352505424996
  0
LINE
  5
800
100
AcDbEntity
  8
BLACK
  6
CONTINUOUS
 62
  256
370
   -1
100
AcDbLine
 10
1.273372323921528
 20
3.004352505424996
 11
1.273372481401843
 21
3.004352820385626
  0
LINE
  5
801
100
AcDbEntity
  8
BLACK
  6
CONTINUOUS
 62
  256
370
   -1
100
AcDbLine
 10
1.273372481401843
 20
3.004352820385626
 11
1.295577205811292
 21
3.037541796763579
  0
LINE
  5
802
100
AcDbEntity
  8
BLACK
  6
CONTINUOUS
 62
  256
370
   -1
100
AcDbLine
 10
1.295577205811292
 20
3.037541796763579
 11
1.295712599512079
 21
3.037677072354129
  0
LINE
  5
803
100
AcDbEntity
  8
BLACK
  6
CONTINUOUS
 62
  256
370
   -1
100
AcDbLine
 10
1.295712599512079
 20
3.037677072354129
 11
1.295847914472709
 21
3.037812505424996
  0
LINE
  5
804
100
AcDbEntity
  8
BLACK
  6
CONTINUOUS
 62
  256
370
   -1
100
AcDbLine
 10
1.295847914472709
 20
3.037812505424996
 11
1.329036930220741
 21
3.060017269204524
  0
LINE
  5
805
100
AcDbEntity
  8
BLACK
  6
CONTINUOUS
 62
  256
370
   -1
100
AcDbLine
 10
1.329036930220741
 20
3.060017269204524
 11
1.329037205811292
 21
3.06001738731476
  0
LINE
  5
806
100
AcDbEntity
  8
BLACK
  6
CONTINUOUS
 62
  256
370
   -1
100
AcDbLine
 10
1.329037205811292
 20
3.06001738731476
 11
1.329037323921528
 21
3.060017544795075
  0
LINE
  5
807
100
AcDbEntity
  8
BLACK
  6
CONTINUOUS
 62
  256
370
   -1
100
AcDbLine
 10
1.329037323921528
 20
3.060017544795075
 11
1.329199292425465
 21
3.060084631409248
  0
LINE
  5
808
100
AcDbEntity
  8
BLACK
  6
CONTINUOUS
 62
  256
370
   -1
100
AcDbLine
 10
1.329199292425465
 20
3.060084631409248
 11
1.329391615260111
 21
3.060164434558854
  0
LINE
  5
809
100
AcDbEntity
  8
BLACK
  6
CONTINUOUS
 62
  256
370
   -1
100
AcDbLine
 10
1.329391615260111
 20
3.060164434558854
 11
1.329391812110504
 21
3.060164355818697
  0
LINE
  5
80A
100
AcDbEntity
  8
BLACK
  6
CONTINUOUS
 62
  256
370
   -1
100
AcDbLine
 10
1.329391812110504
 20
3.060164355818697
 11
1.329392127071134
 21
3.060164513299012
  0
LINE
  5
80B
100
AcDbEntity
  8
BLACK
  6
CONTINUOUS
 62
  256
370
   -1
100
AcDbLine
 10
1.329392127071134
 20
3.060164513299012
 11
1.368565355417591
 21
3.067959788889563
  0
LINE
  5
80C
100
AcDbEntity
  8
BLACK
  6
CONTINUOUS
 62
  256
370
   -1
100
AcDbLine
 10
1.368565355417591
 20
3.067959788889563
 11
1.368662284551449
 21
3.067959788889563
  0
LINE
  5
80D
100
AcDbEntity
  8
BLACK
  6
CONTINUOUS
 62
  256
370
   -1
100
AcDbLine
 10
1.368662284551449
 20
3.067959788889563
 11
1.368757442031764
 21
3.067978725897436
  0
LINE
  5
80E
100
AcDbEntity
  8
BLACK
  6
CONTINUOUS
 62
  256
370
   -1
100
AcDbLine
 10
1.368757442031764
 20
3.067978725897436
 11
1.421907048330977
 21
3.067978725897436
  0
LINE
  5
80F
100
AcDbEntity
  8
BLACK
  6
CONTINUOUS
 62
  256
370
   -1
100
AcDbLine
 10
1.368854371165622
 20
3.066010221960429
 11
1.329968583764048
 21
3.058272111724208
  0
LINE
  5
810
100
AcDbEntity
  8
BLACK
  6
CONTINUOUS
 62
  256
370
   -1
100
AcDbLine
 10
1.329968583764048
 20
3.058272111724208
 11
1.29710476486641
 21
3.036284946369878
  0
LINE
  5
811
100
AcDbEntity
  8
BLACK
  6
CONTINUOUS
 62
  256
370
   -1
100
AcDbLine
 10
1.29710476486641
 20
3.036284946369878
 11
1.275117560142001
 21
3.003421088102161
  0
LINE
  5
812
100
AcDbEntity
  8
BLACK
  6
CONTINUOUS
 62
  256
370
   -1
100
AcDbLine
 10
1.275117560142001
 20
3.003421088102161
 11
1.267398741244363
 21
2.964632269204523
  0
LINE
  5
813
100
AcDbEntity
  8
BLACK
  6
CONTINUOUS
 62
  256
370
   -1
100
AcDbLine
 10
1.267398741244363
 20
2.964632269204523
 11
1.275117560142001
 21
2.925843410936807
  0
LINE
  5
814
100
AcDbEntity
  8
BLACK
  6
CONTINUOUS
 62
  256
370
   -1
100
AcDbLine
 10
1.275117560142001
 20
2.925843410936807
 11
1.29710476486641
 21
2.89297955266909
  0
LINE
  5
815
100
AcDbEntity
  8
BLACK
  6
CONTINUOUS
 62
  256
370
   -1
100
AcDbLine
 10
1.29710476486641
 20
2.89297955266909
 11
1.329968583764048
 21
2.87099238731476
  0
LINE
  5
816
100
AcDbEntity
  8
BLACK
  6
CONTINUOUS
 62
  256
370
   -1
100
AcDbLine
 10
1.329968583764048
 20
2.87099238731476
 11
1.368854371165622
 21
2.863254316448618
  0
LINE
  5
817
100
AcDbEntity
  8
BLACK
  6
CONTINUOUS
 62
  256
370
   -1
100
AcDbLine
 10
1.368854371165622
 20
2.863254316448618
 11
1.498678701874284
 21
2.863254316448618
  0
LINE
  5
818
100
AcDbEntity
  8
BLACK
  6
CONTINUOUS
 62
  256
370
   -1
100
AcDbLine
 10
1.498678701874284
 20
2.863254316448618
 11
1.498911930220741
 21
2.863207899125784
  0
LINE
  5
819
100
AcDbEntity
  8
BLACK
  6
CONTINUOUS
 62
  256
370
   -1
100
AcDbLine
 10
1.498911930220741
 20
2.863207899125784
 11
1.498961103449087
 21
2.863212938495862
  0
LINE
  5
81A
100
AcDbEntity
  8
BLACK
  6
CONTINUOUS
 62
  256
370
   -1
100
AcDbLine
 10
1.498961103449087
 20
2.863212938495862
 11
1.499005788488457
 21
2.86318923770846
  0
LINE
  5
81B
100
AcDbEntity
  8
BLACK
  6
CONTINUOUS
 62
  256
370
   -1
100
AcDbLine
 10
1.499005788488457
 20
2.86318923770846
 11
1.499055355417591
 21
2.863179395188776
  0
LINE
  5
81C
100
AcDbEntity
  8
BLACK
  6
CONTINUOUS
 62
  256
370
   -1
100
AcDbLine
 10
1.499055355417591
 20
2.863179395188776
 11
1.499090237307355
 21
2.863144473928933
  0
LINE
  5
81D
100
AcDbEntity
  8
BLACK
  6
CONTINUOUS
 62
  256
370
   -1
100
AcDbLine
 10
1.499090237307355
 20
2.863144473928933
 11
1.499300434157749
 21
2.863033095976177
  0
LINE
  5
81E
100
AcDbEntity
  8
BLACK
  6
CONTINUOUS
 62
  256
370
   -1
100
AcDbLine
 10
1.499300434157749
 20
2.863033095976177
 11
1.605328150693182
 21
2.776640143220272
  0
LINE
  5
81F
100
AcDbEntity
  8
BLACK
  6
CONTINUOUS
 62
  256
370
   -1
100
AcDbLine
 10
1.605328150693182
 20
2.776640143220272
 11
1.778141497149875
 21
2.776640143220272
  0
LINE
  5
820
100
AcDbEntity
  8
BLACK
  6
CONTINUOUS
 62
  256
370
   -1
100
AcDbLine
 10
1.778141497149875
 20
2.776640143220272
 11
1.804445552267985
 21
2.780118686527358
  0
LINE
  5
821
100
AcDbEntity
  8
BLACK
  6
CONTINUOUS
 62
  256
370
   -1
100
AcDbLine
 10
1.804445552267985
 20
2.780118686527358
 11
1.828890670378221
 21
2.790216403062791
  0
LINE
  5
822
100
AcDbEntity
  8
BLACK
  6
CONTINUOUS
 62
  256
370
   -1
100
AcDbLine
 10
1.828890670378221
 20
2.790216403062791
 11
1.849866615260111
 21
2.806357702275389
  0
LINE
  5
823
100
AcDbEntity
  8
BLACK
  6
CONTINUOUS
 62
  256
370
   -1
100
AcDbLine
 10
1.849866615260111
 20
2.806357702275389
 11
1.866007875102631
 21
2.8273336077872
  0
LINE
  5
824
100
AcDbEntity
  8
BLACK
  6
CONTINUOUS
 62
  256
370
   -1
100
AcDbLine
 10
1.866007875102631
 20
2.8273336077872
 11
1.876105631008143
 21
2.851778765267516
  0
LINE
  5
825
100
AcDbEntity
  8
BLACK
  6
CONTINUOUS
 62
  256
370
   -1
100
AcDbLine
 10
1.876105631008143
 20
2.851778765267516
 11
1.879575631008142
 21
2.878018095976177
  0
LINE
  5
826
100
AcDbEntity
  8
BLACK
  6
CONTINUOUS
 62
  256
370
   -1
100
AcDbLine
 10
1.879575631008142
 20
2.878018095976177
 11
1.876105631008143
 21
2.904257387314759
  0
LINE
  5
827
100
AcDbEntity
  8
BLACK
  6
CONTINUOUS
 62
  256
370
   -1
100
AcDbLine
 10
1.876105631008143
 20
2.904257387314759
 11
1.866007875102631
 21
2.928702544795074
  0
LINE
  5
828
100
AcDbEntity
  8
BLACK
  6
CONTINUOUS
 62
  256
370
   -1
100
AcDbLine
 10
1.866007875102631
 20
2.928702544795074
 11
1.849866615260111
 21
2.949678450306886
  0
LINE
  5
829
100
AcDbEntity
  8
BLACK
  6
CONTINUOUS
 62
  256
370
   -1
100
AcDbLine
 10
1.849866615260111
 20
2.949678450306886
 11
1.828890670378221
 21
2.965819749519484
  0
LINE
  5
82A
100
AcDbEntity
  8
BLACK
  6
CONTINUOUS
 62
  256
370
   -1
100
AcDbLine
 10
1.828890670378221
 20
2.965819749519484
 11
1.804445552267985
 21
2.975917466054917
  0
LINE
  5
82B
100
AcDbEntity
  8
BLACK
  6
CONTINUOUS
 62
  256
370
   -1
100
AcDbLine
 10
1.804445552267985
 20
2.975917466054917
 11
1.778141497149875
 21
2.979396048732083
  0
LINE
  5
82C
100
AcDbEntity
  8
BLACK
  6
CONTINUOUS
 62
  256
370
   -1
100
AcDbLine
 10
1.778141497149875
 20
2.979396048732083
 11
1.636473977464835
 21
2.979396048732083
  0
LINE
  5
82D
100
AcDbEntity
  8
BLACK
  6
CONTINUOUS
 62
  256
370
   -1
100
AcDbLine
 10
1.636473977464835
 20
2.979396048732083
 11
1.6362407097483
 21
2.979442426684838
  0
LINE
  5
82E
100
AcDbEntity
  8
BLACK
  6
CONTINUOUS
 62
  256
370
   -1
100
AcDbLine
 10
1.6362407097483
 20
2.979442426684838
 11
1.636191575890032
 21
2.979437426684838
  0
LINE
  5
82F
100
AcDbEntity
  8
BLACK
  6
CONTINUOUS
 62
  256
370
   -1
100
AcDbLine
 10
1.636191575890032
 20
2.979437426684838
 11
1.636146851480583
 21
2.979461088102161
  0
LINE
  5
830
100
AcDbEntity
  8
BLACK
  6
CONTINUOUS
 62
  256
370
   -1
100
AcDbLine
 10
1.636146851480583
 20
2.979461088102161
 11
1.636097323921528
 21
2.979470969991925
  0
LINE
  5
831
100
AcDbEntity
  8
BLACK
  6
CONTINUOUS
 62
  256
370
   -1
100
AcDbLine
 10
1.636097323921528
 20
2.979470969991925
 11
1.636062402661686
 21
2.979505851881688
  0
LINE
  5
832
100
AcDbEntity
  8
BLACK
  6
CONTINUOUS
 62
  256
370
   -1
100
AcDbLine
 10
1.636062402661686
 20
2.979505851881688
 11
1.635852245181371
 21
2.979617269204524
  0
LINE
  5
833
100
AcDbEntity
  8
BLACK
  6
CONTINUOUS
 62
  256
370
   -1
100
AcDbLine
 10
1.635852245181371
 20
2.979617269204524
 11
1.529824528645937
 21
3.066010221960429
  0
LINE
  5
834
100
AcDbEntity
  8
BLACK
  6
CONTINUOUS
 62
  256
370
   -1
100
AcDbLine
 10
1.529824528645937
 20
3.066010221960429
 11
1.488836182189245
 21
3.066010221960429
  0
LINE
  5
835
100
AcDbEntity
  8
BLACK
  6
CONTINUOUS
 62
  256
370
   -1
100
AcDbLine
 10
1.488836182189245
 20
3.066010221960429
 11
1.421907048330977
 21
3.066010221960429
  0
LINE
  5
836
100
AcDbEntity
  8
BLACK
  6
CONTINUOUS
 62
  256
370
   -1
100
AcDbLine
 10
1.421907048330977
 20
3.066010221960429
 11
1.368854371165622
 21
3.066010221960429
  0
LINE
  5
837
100
AcDbEntity
  8
BLACK
  6
CONTINUOUS
 62
  256
370
   -1
100
AcDbLine
 10
2.130568465653812
 20
3.067978725897436
 11
2.197497599512079
 21
3.067978725897436
  0
LINE
  5
838
100
AcDbEntity
  8
BLACK
  6
CONTINUOUS
 62
  256
370
   -1
100
AcDbLine
 10
2.197497599512079
 20
3.067978725897436
 11
2.238836182189245
 21
3.067978725897436
  0
LINE
  5
839
100
AcDbEntity
  8
BLACK
  6
CONTINUOUS
 62
  256
370
   -1
100
AcDbLine
 10
2.238836182189245
 20
3.067978725897436
 11
2.239069410535701
 21
3.067932308574602
  0
LINE
  5
83A
100
AcDbEntity
  8
BLACK
  6
CONTINUOUS
 62
  256
370
   -1
100
AcDbLine
 10
2.239069410535701
 20
3.067932308574602
 11
2.239118583764048
 21
3.067937347944681
  0
LINE
  5
83B
100
AcDbEntity
  8
BLACK
  6
CONTINUOUS
 62
  256
370
   -1
100
AcDbLine
 10
2.239118583764048
 20
3.067937347944681
 11
2.239163268803418
 21
3.06791364715728
  0
LINE
  5
83C
100
AcDbEntity
  8
BLACK
  6
CONTINUOUS
 62
  256
370
   -1
100
AcDbLine
 10
2.239163268803418
 20
3.06791364715728
 11
2.239212835732552
 21
3.067903804637594
  0
LINE
  5
83D
100
AcDbEntity
  8
BLACK
  6
CONTINUOUS
 62
  256
370
   -1
100
AcDbLine
 10
2.239212835732552
 20
3.067903804637594
 11
2.239247717622316
 21
3.067868883377752
  0
LINE
  5
83E
100
AcDbEntity
  8
BLACK
  6
CONTINUOUS
 62
  256
370
   -1
100
AcDbLine
 10
2.239247717622316
 20
3.067868883377752
 11
2.239457914472709
 21
3.067757505424995
  0
LINE
  5
83F
100
AcDbEntity
  8
BLACK
  6
CONTINUOUS
 62
  256
370
   -1
100
AcDbLine
 10
2.239457914472709
 20
3.067757505424995
 11
2.345485631008142
 21
2.98136455266909
  0
LINE
  5
840
100
AcDbEntity
  8
BLACK
  6
CONTINUOUS
 62
  256
370
   -1
100
AcDbLine
 10
2.345485631008142
 20
2.98136455266909
 11
2.486867678252237
 21
2.98136455266909
  0
LINE
  5
841
100
AcDbEntity
  8
BLACK
  6
CONTINUOUS
 62
  256
370
   -1
100
AcDbLine
 10
2.486867678252237
 20
2.98136455266909
 11
2.486931654630189
 21
2.981351796763579
  0
LINE
  5
842
100
AcDbEntity
  8
BLACK
  6
CONTINUOUS
 62
  256
370
   -1
100
AcDbLine
 10
2.486931654630189
 20
2.981351796763579
 11
2.486996733370347
 21
2.981356048732082
  0
LINE
  5
843
100
AcDbEntity
  8
BLACK
  6
CONTINUOUS
 62
  256
370
   -1
100
AcDbLine
 10
2.486996733370347
 20
2.981356048732082
 11
2.513492756992394
 21
2.977852111724208
  0
LINE
  5
844
100
AcDbEntity
  8
BLACK
  6
CONTINUOUS
 62
  256
370
   -1
100
AcDbLine
 10
2.513492756992394
 20
2.977852111724208
 11
2.51361381998452
 21
2.977810891251767
  0
LINE
  5
845
100
AcDbEntity
  8
BLACK
  6
CONTINUOUS
 62
  256
370
   -1
100
AcDbLine
 10
2.51361381998452
 20
2.977810891251767
 11
2.513739528645938
 21
2.977786048732082
  0
LINE
  5
846
100
AcDbEntity
  8
BLACK
  6
CONTINUOUS
 62
  256
370
   -1
100
AcDbLine
 10
2.513739528645938
 20
2.977786048732082
 11
2.538424568016016
 21
2.967589198338382
  0
LINE
  5
847
100
AcDbEntity
  8
BLACK
  6
CONTINUOUS
 62
  256
370
   -1
100
AcDbLine
 10
2.538424568016016
 20
2.967589198338382
 11
2.538532638882158
 21
2.967517111724209
  0
LINE
  5
848
100
AcDbEntity
  8
BLACK
  6
CONTINUOUS
 62
  256
370
   -1
100
AcDbLine
 10
2.538532638882158
 20
2.967517111724209
 11
2.538649016834914
 21
2.967459552669091
  0
LINE
  5
849
100
AcDbEntity
  8
BLACK
  6
CONTINUOUS
 62
  256
370
   -1
100
AcDbLine
 10
2.538649016834914
 20
2.967459552669091
 11
2.559830119197119
 21
2.951160340070665
  0
LINE
  5
84A
100
AcDbEntity
  8
BLACK
  6
CONTINUOUS
 62
  256
370
   -1
100
AcDbLine
 10
2.559830119197119
 20
2.951160340070665
 11
2.559913977464835
 21
2.951064395188776
  0
LINE
  5
84B
100
AcDbEntity
  8
BLACK
  6
CONTINUOUS
 62
  256
370
   -1
100
AcDbLine
 10
2.559913977464835
 20
2.951064395188776
 11
2.560009922346725
 21
2.950980536921059
  0
LINE
  5
84C
100
AcDbEntity
  8
BLACK
  6
CONTINUOUS
 62
  256
370
   -1
100
AcDbLine
 10
2.560009922346725
 20
2.950980536921059
 11
2.57630913494515
 21
2.929799434558854
  0
LINE
  5
84D
100
AcDbEntity
  8
BLACK
  6
CONTINUOUS
 62
  256
370
   -1
100
AcDbLine
 10
2.57630913494515
 20
2.929799434558854
 11
2.576366733370347
 21
2.92968301723602
  0
LINE
  5
84E
100
AcDbEntity
  8
BLACK
  6
CONTINUOUS
 62
  256
370
   -1
100
AcDbLine
 10
2.576366733370347
 20
2.92968301723602
 11
2.576438780614442
 21
2.929574985739957
  0
LINE
  5
84F
100
AcDbEntity
  8
BLACK
  6
CONTINUOUS
 62
  256
370
   -1
100
AcDbLine
 10
2.576438780614442
 20
2.929574985739957
 11
2.586635631008142
 21
2.904889906999799
  0
LINE
  5
850
100
AcDbEntity
  8
BLACK
  6
CONTINUOUS
 62
  256
370
   -1
100
AcDbLine
 10
2.586635631008142
 20
2.904889906999799
 11
2.586660473527827
 21
2.904764355818696
  0
LINE
  5
851
100
AcDbEntity
  8
BLACK
  6
CONTINUOUS
 62
  256
370
   -1
100
AcDbLine
 10
2.586660473527827
 20
2.904764355818696
 11
2.586701694000269
 21
2.904643214086414
  0
LINE
  5
852
100
AcDbEntity
  8
BLACK
  6
CONTINUOUS
 62
  256
370
   -1
100
AcDbLine
 10
2.586701694000269
 20
2.904643214086414
 11
2.590205631008142
 21
2.878147151094288
  0
LINE
  5
853
100
AcDbEntity
  8
BLACK
  6
CONTINUOUS
 62
  256
370
   -1
100
AcDbLine
 10
2.590205631008142
 20
2.878147151094288
 11
2.590197245181371
 21
2.878018095976177
  0
LINE
  5
854
100
AcDbEntity
  8
BLACK
  6
CONTINUOUS
 62
  256
370
   -1
100
AcDbLine
 10
2.590197245181371
 20
2.878018095976177
 11
2.590205631008142
 21
2.877889040858067
  0
LINE
  5
855
100
AcDbEntity
  8
BLACK
  6
CONTINUOUS
 62
  256
370
   -1
100
AcDbLine
 10
2.590205631008142
 20
2.877889040858067
 11
2.586701694000269
 21
2.851392977865941
  0
LINE
  5
856
100
AcDbEntity
  8
BLACK
  6
CONTINUOUS
 62
  256
370
   -1
100
AcDbLine
 10
2.586701694000269
 20
2.851392977865941
 11
2.586660473527827
 21
2.851271796763578
  0
LINE
  5
857
100
AcDbEntity
  8
BLACK
  6
CONTINUOUS
 62
  256
370
   -1
100
AcDbLine
 10
2.586660473527827
 20
2.851271796763578
 11
2.586635631008142
 21
2.851146284952555
  0
LINE
  5
858
100
AcDbEntity
  8
BLACK
  6
CONTINUOUS
 62
  256
370
   -1
100
AcDbLine
 10
2.586635631008142
 20
2.851146284952555
 11
2.576438780614442
 21
2.826461206212397
  0
LINE
  5
859
100
AcDbEntity
  8
BLACK
  6
CONTINUOUS
 62
  256
370
   -1
100
AcDbLine
 10
2.576438780614442
 20
2.826461206212397
 11
2.576366733370347
 21
2.826353135346256
  0
LINE
  5
85A
100
AcDbEntity
  8
BLACK
  6
CONTINUOUS
 62
  256
370
   -1
100
AcDbLine
 10
2.576366733370347
 20
2.826353135346256
 11
2.57630913494515
 21
2.8262367573935
  0
LINE
  5
85B
100
AcDbEntity
  8
BLACK
  6
CONTINUOUS
 62
  256
370
   -1
100
AcDbLine
 10
2.57630913494515
 20
2.8262367573935
 11
2.560009922346725
 21
2.805055655031295
  0
LINE
  5
85C
100
AcDbEntity
  8
BLACK
  6
CONTINUOUS
 62
  256
370
   -1
100
AcDbLine
 10
2.560009922346725
 20
2.805055655031295
 11
2.559913977464835
 21
2.8049717573935
  0
LINE
  5
85D
100
AcDbEntity
  8
BLACK
  6
CONTINUOUS
 62
  256
370
   -1
100
AcDbLine
 10
2.559913977464835
 20
2.8049717573935
 11
2.559830119197119
 21
2.804875851881689
  0
LINE
  5
85E
100
AcDbEntity
  8
BLACK
  6
CONTINUOUS
 62
  256
370
   -1
100
AcDbLine
 10
2.559830119197119
 20
2.804875851881689
 11
2.538649016834914
 21
2.788576639283264
  0
LINE
  5
85F
100
AcDbEntity
  8
BLACK
  6
CONTINUOUS
 62
  256
370
   -1
100
AcDbLine
 10
2.538649016834914
 20
2.788576639283264
 11
2.538532638882158
 21
2.788519040858067
  0
LINE
  5
860
100
AcDbEntity
  8
BLACK
  6
CONTINUOUS
 62
  256
370
   -1
100
AcDbLine
 10
2.538532638882158
 20
2.788519040858067
 11
2.538424568016016
 21
2.788446993613972
  0
LINE
  5
861
100
AcDbEntity
  8
BLACK
  6
CONTINUOUS
 62
  256
370
   -1
100
AcDbLine
 10
2.538424568016016
 20
2.788446993613972
 11
2.513739528645938
 21
2.778250143220271
  0
LINE
  5
862
100
AcDbEntity
  8
BLACK
  6
CONTINUOUS
 62
  256
370
   -1
100
AcDbLine
 10
2.513739528645938
 20
2.778250143220271
 11
2.51361381998452
 21
2.778225261330507
  0
LINE
  5
863
100
AcDbEntity
  8
BLACK
  6
CONTINUOUS
 62
  256
370
   -1
100
AcDbLine
 10
2.51361381998452
 20
2.778225261330507
 11
2.513492756992394
 21
2.778184080228145
  0
LINE
  5
864
100
AcDbEntity
  8
BLACK
  6
CONTINUOUS
 62
  256
370
   -1
100
AcDbLine
 10
2.513492756992394
 20
2.778184080228145
 11
2.486996733370347
 21
2.774680143220271
  0
LINE
  5
865
100
AcDbEntity
  8
BLACK
  6
CONTINUOUS
 62
  256
370
   -1
100
AcDbLine
 10
2.486996733370347
 20
2.774680143220271
 11
2.486931654630189
 21
2.774684355818697
  0
LINE
  5
866
100
AcDbEntity
  8
BLACK
  6
CONTINUOUS
 62
  256
370
   -1
100
AcDbLine
 10
2.486931654630189
 20
2.774684355818697
 11
2.486867678252237
 21
2.774671639283263
  0
LINE
  5
867
100
AcDbEntity
  8
BLACK
  6
CONTINUOUS
 62
  256
370
   -1
100
AcDbLine
 10
2.486867678252237
 20
2.774671639283263
 11
2.313639331795544
 21
2.774671639283263
  0
LINE
  5
868
100
AcDbEntity
  8
BLACK
  6
CONTINUOUS
 62
  256
370
   -1
100
AcDbLine
 10
2.313639331795544
 20
2.774671639283263
 11
2.313406064079008
 21
2.77471801723602
  0
LINE
  5
869
100
AcDbEntity
  8
BLACK
  6
CONTINUOUS
 62
  256
370
   -1
100
AcDbLine
 10
2.313406064079008
 20
2.77471801723602
 11
2.313356930220741
 21
2.77471301723602
  0
LINE
  5
86A
100
AcDbEntity
  8
BLACK
  6
CONTINUOUS
 62
  256
370
   -1
100
AcDbLine
 10
2.313356930220741
 20
2.77471301723602
 11
2.313312205811292
 21
2.774736678653342
  0
LINE
  5
86B
100
AcDbEntity
  8
BLACK
  6
CONTINUOUS
 62
  256
370
   -1
100
AcDbLine
 10
2.313312205811292
 20
2.774736678653342
 11
2.313262678252237
 21
2.774746560543107
  0
LINE
  5
86C
100
AcDbEntity
  8
BLACK
  6
CONTINUOUS
 62
  256
370
   -1
100
AcDbLine
 10
2.313262678252237
 20
2.774746560543107
 11
2.313227756992394
 21
2.77478144243287
  0
LINE
  5
86D
100
AcDbEntity
  8
BLACK
  6
CONTINUOUS
 62
  256
370
   -1
100
AcDbLine
 10
2.313227756992394
 20
2.77478144243287
 11
2.313017599512079
 21
2.774892859755704
  0
LINE
  5
86E
100
AcDbEntity
  8
BLACK
  6
CONTINUOUS
 62
  256
370
   -1
100
AcDbLine
 10
2.313017599512079
 20
2.774892859755704
 11
2.206989882976646
 21
2.86128581251161
  0
LINE
  5
86F
100
AcDbEntity
  8
BLACK
  6
CONTINUOUS
 62
  256
370
   -1
100
AcDbLine
 10
2.206989882976646
 20
2.86128581251161
 11
2.077418859354599
 21
2.86128581251161
  0
LINE
  5
870
100
AcDbEntity
  8
BLACK
  6
CONTINUOUS
 62
  256
370
   -1
100
AcDbLine
 10
2.077418859354599
 20
2.86128581251161
 11
2.077323701874284
 21
2.861304710149406
  0
LINE
  5
871
100
AcDbEntity
  8
BLACK
  6
CONTINUOUS
 62
  256
370
   -1
100
AcDbLine
 10
2.077323701874284
 20
2.861304710149406
 11
2.077226772740426
 21
2.861304749519484
  0
LINE
  5
872
100
AcDbEntity
  8
BLACK
  6
CONTINUOUS
 62
  256
370
   -1
100
AcDbLine
 10
2.077226772740426
 20
2.861304749519484
 11
2.038053544393969
 21
2.869100025110035
  0
LINE
  5
873
100
AcDbEntity
  8
BLACK
  6
CONTINUOUS
 62
  256
370
   -1
100
AcDbLine
 10
2.038053544393969
 20
2.869100025110035
 11
2.038053229433339
 21
2.869100143220272
  0
LINE
  5
874
100
AcDbEntity
  8
BLACK
  6
CONTINUOUS
 62
  256
370
   -1
100
AcDbLine
 10
2.038053229433339
 20
2.869100143220272
 11
2.038053032582945
 21
2.869100103850193
  0
LINE
  5
875
100
AcDbEntity
  8
BLACK
  6
CONTINUOUS
 62
  256
370
   -1
100
AcDbLine
 10
2.038053032582945
 20
2.869100103850193
 11
2.037860709748299
 21
2.86917986762972
  0
LINE
  5
876
100
AcDbEntity
  8
BLACK
  6
CONTINUOUS
 62
  256
370
   -1
100
AcDbLine
 10
2.037860709748299
 20
2.86917986762972
 11
2.037698741244363
 21
2.869246993613972
  0
LINE
  5
877
100
AcDbEntity
  8
BLACK
  6
CONTINUOUS
 62
  256
370
   -1
100
AcDbLine
 10
2.037698741244363
 20
2.869246993613972
 11
2.037698623134126
 21
2.869247111724208
  0
LINE
  5
878
100
AcDbEntity
  8
BLACK
  6
CONTINUOUS
 62
  256
370
   -1
100
AcDbLine
 10
2.037698623134126
 20
2.869247111724208
 11
2.037698347543575
 21
2.869247269204523
  0
LINE
  5
879
100
AcDbEntity
  8
BLACK
  6
CONTINUOUS
 62
  256
370
   -1
100
AcDbLine
 10
2.037698347543575
 20
2.869247269204523
 11
2.004509331795544
 21
2.891452032984051
  0
LINE
  5
87A
100
AcDbEntity
  8
BLACK
  6
CONTINUOUS
 62
  256
370
   -1
100
AcDbLine
 10
2.004509331795544
 20
2.891452032984051
 11
2.004374016834914
 21
2.891587426684838
  0
LINE
  5
87B
100
AcDbEntity
  8
BLACK
  6
CONTINUOUS
 62
  256
370
   -1
100
AcDbLine
 10
2.004374016834914
 20
2.891587426684838
 11
2.004238623134126
 21
2.891722741645468
  0
LINE
  5
87C
100
AcDbEntity
  8
BLACK
  6
CONTINUOUS
 62
  256
370
   -1
100
AcDbLine
 10
2.004238623134126
 20
2.891722741645468
 11
1.982033898724678
 21
2.924911718023421
  0
LINE
  5
87D
100
AcDbEntity
  8
BLACK
  6
CONTINUOUS
 62
  256
370
   -1
100
AcDbLine
 10
1.982033898724678
 20
2.924911718023421
 11
1.982033741244363
 21
2.924911993613972
  0
LINE
  5
87E
100
AcDbEntity
  8
BLACK
  6
CONTINUOUS
 62
  256
370
   -1
100
AcDbLine
 10
1.982033741244363
 20
2.924911993613972
 11
1.982033583764048
 21
2.924912151094287
  0
LINE
  5
87F
100
AcDbEntity
  8
BLACK
  6
CONTINUOUS
 62
  256
370
   -1
100
AcDbLine
 10
1.982033583764048
 20
2.924912151094287
 11
1.981959646756174
 21
2.925090576291137
  0
LINE
  5
880
100
AcDbEntity
  8
BLACK
  6
CONTINUOUS
 62
  256
370
   -1
100
AcDbLine
 10
1.981959646756174
 20
2.925090576291137
 11
1.981886694000268
 21
2.92526644243287
  0
LINE
  5
881
100
AcDbEntity
  8
BLACK
  6
CONTINUOUS
 62
  256
370
   -1
100
AcDbLine
 10
1.981886694000268
 20
2.92526644243287
 11
1.981886733370347
 21
2.925266639283263
  0
LINE
  5
882
100
AcDbEntity
  8
BLACK
  6
CONTINUOUS
 62
  256
370
   -1
100
AcDbLine
 10
1.981886733370347
 20
2.925266639283263
 11
1.981886615260111
 21
2.925266954243893
  0
LINE
  5
883
100
AcDbEntity
  8
BLACK
  6
CONTINUOUS
 62
  256
370
   -1
100
AcDbLine
 10
1.981886615260111
 20
2.925266954243893
 11
1.97409133966956
 21
2.964440182590351
  0
LINE
  5
884
100
AcDbEntity
  8
BLACK
  6
CONTINUOUS
 62
  256
370
   -1
100
AcDbLine
 10
1.97409133966956
 20
2.964440182590351
 11
1.974091300299481
 21
2.964440261330508
  0
LINE
  5
885
100
AcDbEntity
  8
BLACK
  6
CONTINUOUS
 62
  256
370
   -1
100
AcDbLine
 10
1.974091300299481
 20
2.964440261330508
 11
1.974091300299481
 21
2.964440340070666
  0
LINE
  5
886
100
AcDbEntity
  8
BLACK
  6
CONTINUOUS
 62
  256
370
   -1
100
AcDbLine
 10
1.974091300299481
 20
2.964440340070666
 11
1.974091300299481
 21
2.964632269204523
  0
LINE
  5
887
100
AcDbEntity
  8
BLACK
  6
CONTINUOUS
 62
  256
370
   -1
100
AcDbLine
 10
1.974091300299481
 20
2.964632269204523
 11
1.974091300299481
 21
2.964824198338381
  0
LINE
  5
888
100
AcDbEntity
  8
BLACK
  6
CONTINUOUS
 62
  256
370
   -1
100
AcDbLine
 10
1.974091300299481
 20
2.964824198338381
 11
1.974091300299481
 21
2.96482423770846
  0
LINE
  5
889
100
AcDbEntity
  8
BLACK
  6
CONTINUOUS
 62
  256
370
   -1
100
AcDbLine
 10
1.974091300299481
 20
2.96482423770846
 11
1.97409133966956
 21
2.964824355818696
  0
LINE
  5
88A
100
AcDbEntity
  8
BLACK
  6
CONTINUOUS
 62
  256
370
   -1
100
AcDbLine
 10
1.97409133966956
 20
2.964824355818696
 11
1.981886615260111
 21
3.003997584165154
  0
LINE
  5
88B
100
AcDbEntity
  8
BLACK
  6
CONTINUOUS
 62
  256
370
   -1
100
AcDbLine
 10
1.981886615260111
 20
3.003997584165154
 11
1.981886733370347
 21
3.003997859755705
  0
LINE
  5
88C
100
AcDbEntity
  8
BLACK
  6
CONTINUOUS
 62
  256
370
   -1
100
AcDbLine
 10
1.981886733370347
 20
3.003997859755705
 11
1.981886694000268
 21
3.003998095976177
  0
LINE
  5
88D
100
AcDbEntity
  8
BLACK
  6
CONTINUOUS
 62
  256
370
   -1
100
AcDbLine
 10
1.981886694000268
 20
3.003998095976177
 11
1.981959646756174
 21
3.004173922747831
  0
LINE
  5
88E
100
AcDbEntity
  8
BLACK
  6
CONTINUOUS
 62
  256
370
   -1
100
AcDbLine
 10
1.981959646756174
 20
3.004173922747831
 11
1.982033583764048
 21
3.00435238731476
  0
LINE
  5
88F
100
AcDbEntity
  8
BLACK
  6
CONTINUOUS
 62
  256
370
   -1
100
AcDbLine
 10
1.982033583764048
 20
3.00435238731476
 11
1.982033741244363
 21
3.004352505424996
  0
LINE
  5
890
100
AcDbEntity
  8
BLACK
  6
CONTINUOUS
 62
  256
370
   -1
100
AcDbLine
 10
1.982033741244363
 20
3.004352505424996
 11
1.982033898724678
 21
3.004352820385626
  0
LINE
  5
891
100
AcDbEntity
  8
BLACK
  6
CONTINUOUS
 62
  256
370
   -1
100
AcDbLine
 10
1.982033898724678
 20
3.004352820385626
 11
2.004238623134126
 21
3.037541796763579
  0
LINE
  5
892
100
AcDbEntity
  8
BLACK
  6
CONTINUOUS
 62
  256
370
   -1
100
AcDbLine
 10
2.004238623134126
 20
3.037541796763579
 11
2.004374016834914
 21
3.037677072354129
  0
LINE
  5
893
100
AcDbEntity
  8
BLACK
  6
CONTINUOUS
 62
  256
370
   -1
100
AcDbLine
 10
2.004374016834914
 20
3.037677072354129
 11
2.004509331795544
 21
3.037812505424996
  0
LINE
  5
894
100
AcDbEntity
  8
BLACK
  6
CONTINUOUS
 62
  256
370
   -1
100
AcDbLine
 10
2.004509331795544
 20
3.037812505424996
 11
2.037698347543575
 21
3.060017269204524
  0
LINE
  5
895
100
AcDbEntity
  8
BLACK
  6
CONTINUOUS
 62
  256
370
   -1
100
AcDbLine
 10
2.037698347543575
 20
3.060017269204524
 11
2.037698623134126
 21
3.06001738731476
  0
LINE
  5
896
100
AcDbEntity
  8
BLACK
  6
CONTINUOUS
 62
  256
370
   -1
100
AcDbLine
 10
2.037698623134126
 20
3.06001738731476
 11
2.037698741244363
 21
3.060017544795075
  0
LINE
  5
897
100
AcDbEntity
  8
BLACK
  6
CONTINUOUS
 62
  256
370
   -1
100
AcDbLine
 10
2.037698741244363
 20
3.060017544795075
 11
2.037860709748299
 21
3.060084631409248
  0
LINE
  5
898
100
AcDbEntity
  8
BLACK
  6
CONTINUOUS
 62
  256
370
   -1
100
AcDbLine
 10
2.037860709748299
 20
3.060084631409248
 11
2.038053032582945
 21
3.060164434558854
  0
LINE
  5
899
100
AcDbEntity
  8
BLACK
  6
CONTINUOUS
 62
  256
370
   -1
100
AcDbLine
 10
2.038053032582945
 20
3.060164434558854
 11
2.038053229433339
 21
3.060164355818697
  0
LINE
  5
89A
100
AcDbEntity
  8
BLACK
  6
CONTINUOUS
 62
  256
370
   -1
100
AcDbLine
 10
2.038053229433339
 20
3.060164355818697
 11
2.038053544393969
 21
3.060164513299012
  0
LINE
  5
89B
100
AcDbEntity
  8
BLACK
  6
CONTINUOUS
 62
  256
370
   -1
100
AcDbLine
 10
2.038053544393969
 20
3.060164513299012
 11
2.077226772740426
 21
3.067959788889563
  0
LINE
  5
89C
100
AcDbEntity
  8
BLACK
  6
CONTINUOUS
 62
  256
370
   -1
100
AcDbLine
 10
2.077226772740426
 20
3.067959788889563
 11
2.077323701874284
 21
3.067959788889563
  0
LINE
  5
89D
100
AcDbEntity
  8
BLACK
  6
CONTINUOUS
 62
  256
370
   -1
100
AcDbLine
 10
2.077323701874284
 20
3.067959788889563
 11
2.077418859354599
 21
3.067978725897436
  0
LINE
  5
89E
100
AcDbEntity
  8
BLACK
  6
CONTINUOUS
 62
  256
370
   -1
100
AcDbLine
 10
2.077418859354599
 20
3.067978725897436
 11
2.130568465653812
 21
3.067978725897436
  0
LINE
  5
89F
100
AcDbEntity
  8
BLACK
  6
CONTINUOUS
 62
  256
370
   -1
100
AcDbLine
 10
2.077515788488457
 20
3.066010221960429
 11
2.038630001086883
 21
3.058272111724208
  0
LINE
  5
8A0
100
AcDbEntity
  8
BLACK
  6
CONTINUOUS
 62
  256
370
   -1
100
AcDbLine
 10
2.038630001086883
 20
3.058272111724208
 11
2.005766182189245
 21
3.036284946369878
  0
LINE
  5
8A1
100
AcDbEntity
  8
BLACK
  6
CONTINUOUS
 62
  256
370
   -1
100
AcDbLine
 10
2.005766182189245
 20
3.036284946369878
 11
1.983778977464835
 21
3.003421088102161
  0
LINE
  5
8A2
100
AcDbEntity
  8
BLACK
  6
CONTINUOUS
 62
  256
370
   -1
100
AcDbLine
 10
1.983778977464835
 20
3.003421088102161
 11
1.976060158567197
 21
2.964632269204523
  0
LINE
  5
8A3
100
AcDbEntity
  8
BLACK
  6
CONTINUOUS
 62
  256
370
   -1
100
AcDbLine
 10
1.976060158567197
 20
2.964632269204523
 11
1.983778977464835
 21
2.925843410936807
  0
LINE
  5
8A4
100
AcDbEntity
  8
BLACK
  6
CONTINUOUS
 62
  256
370
   -1
100
AcDbLine
 10
1.983778977464835
 20
2.925843410936807
 11
2.005766182189245
 21
2.89297955266909
  0
LINE
  5
8A5
100
AcDbEntity
  8
BLACK
  6
CONTINUOUS
 62
  256
370
   -1
100
AcDbLine
 10
2.005766182189245
 20
2.89297955266909
 11
2.038630001086883
 21
2.87099238731476
  0
LINE
  5
8A6
100
AcDbEntity
  8
BLACK
  6
CONTINUOUS
 62
  256
370
   -1
100
AcDbLine
 10
2.038630001086883
 20
2.87099238731476
 11
2.077515788488457
 21
2.863254316448618
  0
LINE
  5
8A7
100
AcDbEntity
  8
BLACK
  6
CONTINUOUS
 62
  256
370
   -1
100
AcDbLine
 10
2.077515788488457
 20
2.863254316448618
 11
2.207340119197119
 21
2.863254316448618
  0
LINE
  5
8A8
100
AcDbEntity
  8
BLACK
  6
CONTINUOUS
 62
  256
370
   -1
100
AcDbLine
 10
2.207340119197119
 20
2.863254316448618
 11
2.207573347543575
 21
2.863207899125784
  0
LINE
  5
8A9
100
AcDbEntity
  8
BLACK
  6
CONTINUOUS
 62
  256
370
   -1
100
AcDbLine
 10
2.207573347543575
 20
2.863207899125784
 11
2.207622520771922
 21
2.863212938495862
  0
LINE
  5
8AA
100
AcDbEntity
  8
BLACK
  6
CONTINUOUS
 62
  256
370
   -1
100
AcDbLine
 10
2.207622520771922
 20
2.863212938495862
 11
2.207667205811292
 21
2.86318923770846
  0
LINE
  5
8AB
100
AcDbEntity
  8
BLACK
  6
CONTINUOUS
 62
  256
370
   -1
100
AcDbLine
 10
2.207667205811292
 20
2.86318923770846
 11
2.207716772740426
 21
2.863179395188776
  0
LINE
  5
8AC
100
AcDbEntity
  8
BLACK
  6
CONTINUOUS
 62
  256
370
   -1
100
AcDbLine
 10
2.207716772740426
 20
2.863179395188776
 11
2.20775165463019
 21
2.863144473928933
  0
LINE
  5
8AD
100
AcDbEntity
  8
BLACK
  6
CONTINUOUS
 62
  256
370
   -1
100
AcDbLine
 10
2.20775165463019
 20
2.863144473928933
 11
2.207961851480583
 21
2.863033095976177
  0
LINE
  5
8AE
100
AcDbEntity
  8
BLACK
  6
CONTINUOUS
 62
  256
370
   -1
100
AcDbLine
 10
2.207961851480583
 20
2.863033095976177
 11
2.313989568016016
 21
2.776640143220272
  0
LINE
  5
8AF
100
AcDbEntity
  8
BLACK
  6
CONTINUOUS
 62
  256
370
   -1
100
AcDbLine
 10
2.313989568016016
 20
2.776640143220272
 11
2.486802914472709
 21
2.776640143220272
  0
LINE
  5
8B0
100
AcDbEntity
  8
BLACK
  6
CONTINUOUS
 62
  256
370
   -1
100
AcDbLine
 10
2.486802914472709
 20
2.776640143220272
 11
2.51310696959082
 21
2.780118686527358
  0
LINE
  5
8B1
100
AcDbEntity
  8
BLACK
  6
CONTINUOUS
 62
  256
370
   -1
100
AcDbLine
 10
2.51310696959082
 20
2.780118686527358
 11
2.537552087701056
 21
2.790216403062791
  0
LINE
  5
8B2
100
AcDbEntity
  8
BLACK
  6
CONTINUOUS
 62
  256
370
   -1
100
AcDbLine
 10
2.537552087701056
 20
2.790216403062791
 11
2.558528032582945
 21
2.806357702275389
  0
LINE
  5
8B3
100
AcDbEntity
  8
BLACK
  6
CONTINUOUS
 62
  256
370
   -1
100
AcDbLine
 10
2.558528032582945
 20
2.806357702275389
 11
2.574669292425465
 21
2.8273336077872
  0
LINE
  5
8B4
100
AcDbEntity
  8
BLACK
  6
CONTINUOUS
 62
  256
370
   -1
100
AcDbLine
 10
2.574669292425465
 20
2.8273336077872
 11
2.584767048330977
 21
2.851778765267516
  0
LINE
  5
8B5
100
AcDbEntity
  8
BLACK
  6
CONTINUOUS
 62
  256
370
   -1
100
AcDbLine
 10
2.584767048330977
 20
2.851778765267516
 11
2.588237048330977
 21
2.878018095976177
  0
LINE
  5
8B6
100
AcDbEntity
  8
BLACK
  6
CONTINUOUS
 62
  256
370
   -1
100
AcDbLine
 10
2.588237048330977
 20
2.878018095976177
 11
2.584767048330977
 21
2.904257387314759
  0
LINE
  5
8B7
100
AcDbEntity
  8
BLACK
  6
CONTINUOUS
 62
  256
370
   -1
100
AcDbLine
 10
2.584767048330977
 20
2.904257387314759
 11
2.574669292425465
 21
2.928702544795074
  0
LINE
  5
8B8
100
AcDbEntity
  8
BLACK
  6
CONTINUOUS
 62
  256
370
   -1
100
AcDbLine
 10
2.574669292425465
 20
2.928702544795074
 11
2.558528032582945
 21
2.949678450306886
  0
LINE
  5
8B9
100
AcDbEntity
  8
BLACK
  6
CONTINUOUS
 62
  256
370
   -1
100
AcDbLine
 10
2.558528032582945
 20
2.949678450306886
 11
2.537552087701056
 21
2.965819749519484
  0
LINE
  5
8BA
100
AcDbEntity
  8
BLACK
  6
CONTINUOUS
 62
  256
370
   -1
100
AcDbLine
 10
2.537552087701056
 20
2.965819749519484
 11
2.51310696959082
 21
2.975917466054917
  0
LINE
  5
8BB
100
AcDbEntity
  8
BLACK
  6
CONTINUOUS
 62
  256
370
   -1
100
AcDbLine
 10
2.51310696959082
 20
2.975917466054917
 11
2.486802914472709
 21
2.979396048732083
  0
LINE
  5
8BC
100
AcDbEntity
  8
BLACK
  6
CONTINUOUS
 62
  256
370
   -1
100
AcDbLine
 10
2.486802914472709
 20
2.979396048732083
 11
2.34513539478767
 21
2.979396048732083
  0
LINE
  5
8BD
100
AcDbEntity
  8
BLACK
  6
CONTINUOUS
 62
  256
370
   -1
100
AcDbLine
 10
2.34513539478767
 20
2.979396048732083
 11
2.344902127071134
 21
2.979442426684838
  0
LINE
  5
8BE
100
AcDbEntity
  8
BLACK
  6
CONTINUOUS
 62
  256
370
   -1
100
AcDbLine
 10
2.344902127071134
 20
2.979442426684838
 11
2.344852993212867
 21
2.979437426684838
  0
LINE
  5
8BF
100
AcDbEntity
  8
BLACK
  6
CONTINUOUS
 62
  256
370
   -1
100
AcDbLine
 10
2.344852993212867
 20
2.979437426684838
 11
2.344808268803418
 21
2.979461088102161
  0
LINE
  5
8C0
100
AcDbEntity
  8
BLACK
  6
CONTINUOUS
 62
  256
370
   -1
100
AcDbLine
 10
2.344808268803418
 20
2.979461088102161
 11
2.344758741244362
 21
2.979470969991925
  0
LINE
  5
8C1
100
AcDbEntity
  8
BLACK
  6
CONTINUOUS
 62
  256
370
   -1
100
AcDbLine
 10
2.344758741244362
 20
2.979470969991925
 11
2.34472381998452
 21
2.979505851881688
  0
LINE
  5
8C2
100
AcDbEntity
  8
BLACK
  6
CONTINUOUS
 62
  256
370
   -1
100
AcDbLine
 10
2.34472381998452
 20
2.979505851881688
 11
2.344513662504205
 21
2.979617269204524
  0
LINE
  5
8C3
100
AcDbEntity
  8
BLACK
  6
CONTINUOUS
 62
  256
370
   -1
100
AcDbLine
 10
2.344513662504205
 20
2.979617269204524
 11
2.238485945968772
 21
3.066010221960429
  0
LINE
  5
8C4
100
AcDbEntity
  8
BLACK
  6
CONTINUOUS
 62
  256
370
   -1
100
AcDbLine
 10
2.238485945968772
 20
3.066010221960429
 11
2.197497599512079
 21
3.066010221960429
  0
LINE
  5
8C5
100
AcDbEntity
  8
BLACK
  6
CONTINUOUS
 62
  256
370
   -1
100
AcDbLine
 10
2.197497599512079
 20
3.066010221960429
 11
2.130568465653812
 21
3.066010221960429
  0
LINE
  5
8C6
100
AcDbEntity
  8
BLACK
  6
CONTINUOUS
 62
  256
370
   -1
100
AcDbLine
 10
2.130568465653812
 20
3.066010221960429
 11
2.077515788488457
 21
3.066010221960429
  0
LINE
  5
8C7
100
AcDbEntity
  8
BLACK
  6
CONTINUOUS
 62
  256
370
   -1
100
AcDbLine
 10
2.839229882976646
 20
3.067978725897436
 11
2.906159016834914
 21
3.067978725897436
  0
LINE
  5
8C8
100
AcDbEntity
  8
BLACK
  6
CONTINUOUS
 62
  256
370
   -1
100
AcDbLine
 10
2.906159016834914
 20
3.067978725897436
 11
2.947497599512079
 21
3.067978725897436
  0
LINE
  5
8C9
100
AcDbEntity
  8
BLACK
  6
CONTINUOUS
 62
  256
370
   -1
100
AcDbLine
 10
2.947497599512079
 20
3.067978725897436
 11
2.947730827858536
 21
3.067932308574602
  0
LINE
  5
8CA
100
AcDbEntity
  8
BLACK
  6
CONTINUOUS
 62
  256
370
   -1
100
AcDbLine
 10
2.947730827858536
 20
3.067932308574602
 11
2.947780001086882
 21
3.067937347944681
  0
LINE
  5
8CB
100
AcDbEntity
  8
BLACK
  6
CONTINUOUS
 62
  256
370
   -1
100
AcDbLine
 10
2.947780001086882
 20
3.067937347944681
 11
2.947824686126252
 21
3.06791364715728
  0
LINE
  5
8CC
100
AcDbEntity
  8
BLACK
  6
CONTINUOUS
 62
  256
370
   -1
100
AcDbLine
 10
2.947824686126252
 20
3.06791364715728
 11
2.947874253055386
 21
3.067903804637594
  0
LINE
  5
8CD
100
AcDbEntity
  8
BLACK
  6
CONTINUOUS
 62
  256
370
   -1
100
AcDbLine
 10
2.947874253055386
 20
3.067903804637594
 11
2.94790913494515
 21
3.067868883377752
  0
LINE
  5
8CE
100
AcDbEntity
  8
BLACK
  6
CONTINUOUS
 62
  256
370
   -1
100
AcDbLine
 10
2.94790913494515
 20
3.067868883377752
 11
2.948119331795544
 21
3.067757505424995
  0
LINE
  5
8CF
100
AcDbEntity
  8
BLACK
  6
CONTINUOUS
 62
  256
370
   -1
100
AcDbLine
 10
2.948119331795544
 20
3.067757505424995
 11
3.054147048330977
 21
2.98136455266909
  0
LINE
  5
8D0
100
AcDbEntity
  8
BLACK
  6
CONTINUOUS
 62
  256
370
   -1
100
AcDbLine
 10
3.054147048330977
 20
2.98136455266909
 11
3.195529095575071
 21
2.98136455266909
  0
LINE
  5
8D1
100
AcDbEntity
  8
BLACK
  6
CONTINUOUS
 62
  256
370
   -1
100
AcDbLine
 10
3.195529095575071
 20
2.98136455266909
 11
3.195593071953024
 21
2.981351796763579
  0
LINE
  5
8D2
100
AcDbEntity
  8
BLACK
  6
CONTINUOUS
 62
  256
370
   -1
100
AcDbLine
 10
3.195593071953024
 20
2.981351796763579
 11
3.195658150693182
 21
2.981356048732082
  0
LINE
  5
8D3
100
AcDbEntity
  8
BLACK
  6
CONTINUOUS
 62
  256
370
   -1
100
AcDbLine
 10
3.195658150693182
 20
2.981356048732082
 11
3.222154174315229
 21
2.977852111724208
  0
LINE
  5
8D4
100
AcDbEntity
  8
BLACK
  6
CONTINUOUS
 62
  256
370
   -1
100
AcDbLine
 10
3.222154174315229
 20
2.977852111724208
 11
3.222275237307355
 21
2.977810891251767
  0
LINE
  5
8D5
100
AcDbEntity
  8
BLACK
  6
CONTINUOUS
 62
  256
370
   -1
100
AcDbLine
 10
3.222275237307355
 20
2.977810891251767
 11
3.222400945968772
 21
2.977786048732082
  0
LINE
  5
8D6
100
AcDbEntity
  8
BLACK
  6
CONTINUOUS
 62
  256
370
   -1
100
AcDbLine
 10
3.222400945968772
 20
2.977786048732082
 11
3.247085985338851
 21
2.967589198338382
  0
LINE
  5
8D7
100
AcDbEntity
  8
BLACK
  6
CONTINUOUS
 62
  256
370
   -1
100
AcDbLine
 10
3.247085985338851
 20
2.967589198338382
 11
3.247194056204993
 21
2.967517111724209
  0
LINE
  5
8D8
100
AcDbEntity
  8
BLACK
  6
CONTINUOUS
 62
  256
370
   -1
100
AcDbLine
 10
3.247194056204993
 20
2.967517111724209
 11
3.247310434157749
 21
2.967459552669091
  0
LINE
  5
8D9
100
AcDbEntity
  8
BLACK
  6
CONTINUOUS
 62
  256
370
   -1
100
AcDbLine
 10
3.247310434157749
 20
2.967459552669091
 11
3.268491536519953
 21
2.951160340070665
  0
LINE
  5
8DA
100
AcDbEntity
  8
BLACK
  6
CONTINUOUS
 62
  256
370
   -1
100
AcDbLine
 10
3.268491536519953
 20
2.951160340070665
 11
3.26857539478767
 21
2.951064395188776
  0
LINE
  5
8DB
100
AcDbEntity
  8
BLACK
  6
CONTINUOUS
 62
  256
370
   -1
100
AcDbLine
 10
3.26857539478767
 20
2.951064395188776
 11
3.268671339669559
 21
2.950980536921059
  0
LINE
  5
8DC
100
AcDbEntity
  8
BLACK
  6
CONTINUOUS
 62
  256
370
   -1
100
AcDbLine
 10
3.268671339669559
 20
2.950980536921059
 11
3.284970552267985
 21
2.929799434558854
  0
LINE
  5
8DD
100
AcDbEntity
  8
BLACK
  6
CONTINUOUS
 62
  256
370
   -1
100
AcDbLine
 10
3.284970552267985
 20
2.929799434558854
 11
3.285028150693182
 21
2.92968301723602
  0
LINE
  5
8DE
100
AcDbEntity
  8
BLACK
  6
CONTINUOUS
 62
  256
370
   -1
100
AcDbLine
 10
3.285028150693182
 20
2.92968301723602
 11
3.285100197937276
 21
2.929574985739957
  0
LINE
  5
8DF
100
AcDbEntity
  8
BLACK
  6
CONTINUOUS
 62
  256
370
   -1
100
AcDbLine
 10
3.285100197937276
 20
2.929574985739957
 11
3.295297048330977
 21
2.904889906999799
  0
LINE
  5
8E0
100
AcDbEntity
  8
BLACK
  6
CONTINUOUS
 62
  256
370
   -1
100
AcDbLine
 10
3.295297048330977
 20
2.904889906999799
 11
3.295321890850662
 21
2.904764355818696
  0
LINE
  5
8E1
100
AcDbEntity
  8
BLACK
  6
CONTINUOUS
 62
  256
370
   -1
100
AcDbLine
 10
3.295321890850662
 20
2.904764355818696
 11
3.295363111323103
 21
2.904643214086414
  0
LINE
  5
8E2
100
AcDbEntity
  8
BLACK
  6
CONTINUOUS
 62
  256
370
   -1
100
AcDbLine
 10
3.295363111323103
 20
2.904643214086414
 11
3.298867048330977
 21
2.878147151094288
  0
LINE
  5
8E3
100
AcDbEntity
  8
BLACK
  6
CONTINUOUS
 62
  256
370
   -1
100
AcDbLine
 10
3.298867048330977
 20
2.878147151094288
 11
3.298858662504205
 21
2.878018095976177
  0
LINE
  5
8E4
100
AcDbEntity
  8
BLACK
  6
CONTINUOUS
 62
  256
370
   -1
100
AcDbLine
 10
3.298858662504205
 20
2.878018095976177
 11
3.298867048330977
 21
2.877889040858067
  0
LINE
  5
8E5
100
AcDbEntity
  8
BLACK
  6
CONTINUOUS
 62
  256
370
   -1
100
AcDbLine
 10
3.298867048330977
 20
2.877889040858067
 11
3.295363111323103
 21
2.851392977865941
  0
LINE
  5
8E6
100
AcDbEntity
  8
BLACK
  6
CONTINUOUS
 62
  256
370
   -1
100
AcDbLine
 10
3.295363111323103
 20
2.851392977865941
 11
3.295321890850662
 21
2.851271796763578
  0
LINE
  5
8E7
100
AcDbEntity
  8
BLACK
  6
CONTINUOUS
 62
  256
370
   -1
100
AcDbLine
 10
3.295321890850662
 20
2.851271796763578
 11
3.295297048330977
 21
2.851146284952555
  0
LINE
  5
8E8
100
AcDbEntity
  8
BLACK
  6
CONTINUOUS
 62
  256
370
   -1
100
AcDbLine
 10
3.295297048330977
 20
2.851146284952555
 11
3.285100197937276
 21
2.826461206212397
  0
LINE
  5
8E9
100
AcDbEntity
  8
BLACK
  6
CONTINUOUS
 62
  256
370
   -1
100
AcDbLine
 10
3.285100197937276
 20
2.826461206212397
 11
3.285028150693182
 21
2.826353135346256
  0
LINE
  5
8EA
100
AcDbEntity
  8
BLACK
  6
CONTINUOUS
 62
  256
370
   -1
100
AcDbLine
 10
3.285028150693182
 20
2.826353135346256
 11
3.284970552267985
 21
2.8262367573935
  0
LINE
  5
8EB
100
AcDbEntity
  8
BLACK
  6
CONTINUOUS
 62
  256
370
   -1
100
AcDbLine
 10
3.284970552267985
 20
2.8262367573935
 11
3.268671339669559
 21
2.805055655031295
  0
LINE
  5
8EC
100
AcDbEntity
  8
BLACK
  6
CONTINUOUS
 62
  256
370
   -1
100
AcDbLine
 10
3.268671339669559
 20
2.805055655031295
 11
3.26857539478767
 21
2.8049717573935
  0
LINE
  5
8ED
100
AcDbEntity
  8
BLACK
  6
CONTINUOUS
 62
  256
370
   -1
100
AcDbLine
 10
3.26857539478767
 20
2.8049717573935
 11
3.268491536519953
 21
2.804875851881689
  0
LINE
  5
8EE
100
AcDbEntity
  8
BLACK
  6
CONTINUOUS
 62
  256
370
   -1
100
AcDbLine
 10
3.268491536519953
 20
2.804875851881689
 11
3.247310434157749
 21
2.788576639283264
  0
LINE
  5
8EF
100
AcDbEntity
  8
BLACK
  6
CONTINUOUS
 62
  256
370
   -1
100
AcDbLine
 10
3.247310434157749
 20
2.788576639283264
 11
3.247194056204993
 21
2.788519040858067
  0
LINE
  5
8F0
100
AcDbEntity
  8
BLACK
  6
CONTINUOUS
 62
  256
370
   -1
100
AcDbLine
 10
3.247194056204993
 20
2.788519040858067
 11
3.247085985338851
 21
2.788446993613972
  0
LINE
  5
8F1
100
AcDbEntity
  8
BLACK
  6
CONTINUOUS
 62
  256
370
   -1
100
AcDbLine
 10
3.247085985338851
 20
2.788446993613972
 11
3.222400945968772
 21
2.778250143220271
  0
LINE
  5
8F2
100
AcDbEntity
  8
BLACK
  6
CONTINUOUS
 62
  256
370
   -1
100
AcDbLine
 10
3.222400945968772
 20
2.778250143220271
 11
3.222275237307355
 21
2.778225261330507
  0
LINE
  5
8F3
100
AcDbEntity
  8
BLACK
  6
CONTINUOUS
 62
  256
370
   -1
100
AcDbLine
 10
3.222275237307355
 20
2.778225261330507
 11
3.222154174315229
 21
2.778184080228145
  0
LINE
  5
8F4
100
AcDbEntity
  8
BLACK
  6
CONTINUOUS
 62
  256
370
   -1
100
AcDbLine
 10
3.222154174315229
 20
2.778184080228145
 11
3.195658150693182
 21
2.774680143220271
  0
LINE
  5
8F5
100
AcDbEntity
  8
BLACK
  6
CONTINUOUS
 62
  256
370
   -1
100
AcDbLine
 10
3.195658150693182
 20
2.774680143220271
 11
3.195593071953024
 21
2.774684355818697
  0
LINE
  5
8F6
100
AcDbEntity
  8
BLACK
  6
CONTINUOUS
 62
  256
370
   -1
100
AcDbLine
 10
3.195593071953024
 20
2.774684355818697
 11
3.195529095575071
 21
2.774671639283263
  0
LINE
  5
8F7
100
AcDbEntity
  8
BLACK
  6
CONTINUOUS
 62
  256
370
   -1
100
AcDbLine
 10
3.195529095575071
 20
2.774671639283263
 11
3.022300749118378
 21
2.774671639283263
  0
LINE
  5
8F8
100
AcDbEntity
  8
BLACK
  6
CONTINUOUS
 62
  256
370
   -1
100
AcDbLine
 10
3.022300749118378
 20
2.774671639283263
 11
3.022067481401843
 21
2.77471801723602
  0
LINE
  5
8F9
100
AcDbEntity
  8
BLACK
  6
CONTINUOUS
 62
  256
370
   -1
100
AcDbLine
 10
3.022067481401843
 20
2.77471801723602
 11
3.022018347543575
 21
2.77471301723602
  0
LINE
  5
8FA
100
AcDbEntity
  8
BLACK
  6
CONTINUOUS
 62
  256
370
   -1
100
AcDbLine
 10
3.022018347543575
 20
2.77471301723602
 11
3.021973623134127
 21
2.774736678653342
  0
LINE
  5
8FB
100
AcDbEntity
  8
BLACK
  6
CONTINUOUS
 62
  256
370
   -1
100
AcDbLine
 10
3.021973623134127
 20
2.774736678653342
 11
3.021924095575071
 21
2.774746560543107
  0
LINE
  5
8FC
100
AcDbEntity
  8
BLACK
  6
CONTINUOUS
 62
  256
370
   -1
100
AcDbLine
 10
3.021924095575071
 20
2.774746560543107
 11
3.021889174315229
 21
2.77478144243287
  0
LINE
  5
8FD
100
AcDbEntity
  8
BLACK
  6
CONTINUOUS
 62
  256
370
   -1
100
AcDbLine
 10
3.021889174315229
 20
2.77478144243287
 11
3.021679016834914
 21
2.774892859755704
  0
LINE
  5
8FE
100
AcDbEntity
  8
BLACK
  6
CONTINUOUS
 62
  256
370
   -1
100
AcDbLine
 10
3.021679016834914
 20
2.774892859755704
 11
2.915651300299481
 21
2.86128581251161
  0
LINE
  5
8FF
100
AcDbEntity
  8
BLACK
  6
CONTINUOUS
 62
  256
370
   -1
100
AcDbLine
 10
2.915651300299481
 20
2.86128581251161
 11
2.786080276677434
 21
2.86128581251161
  0
LINE
  5
900
100
AcDbEntity
  8
BLACK
  6
CONTINUOUS
 62
  256
370
   -1
100
AcDbLine
 10
2.786080276677434
 20
2.86128581251161
 11
2.785985119197119
 21
2.861304710149406
  0
LINE
  5
901
100
AcDbEntity
  8
BLACK
  6
CONTINUOUS
 62
  256
370
   -1
100
AcDbLine
 10
2.785985119197119
 20
2.861304710149406
 11
2.78588819006326
 21
2.861304749519484
  0
LINE
  5
902
100
AcDbEntity
  8
BLACK
  6
CONTINUOUS
 62
  256
370
   -1
100
AcDbLine
 10
2.78588819006326
 20
2.861304749519484
 11
2.746714961716804
 21
2.869100025110035
  0
LINE
  5
903
100
AcDbEntity
  8
BLACK
  6
CONTINUOUS
 62
  256
370
   -1
100
AcDbLine
 10
2.746714961716804
 20
2.869100025110035
 11
2.746714646756174
 21
2.869100143220272
  0
LINE
  5
904
100
AcDbEntity
  8
BLACK
  6
CONTINUOUS
 62
  256
370
   -1
100
AcDbLine
 10
2.746714646756174
 20
2.869100143220272
 11
2.74671444990578
 21
2.869100103850193
  0
LINE
  5
905
100
AcDbEntity
  8
BLACK
  6
CONTINUOUS
 62
  256
370
   -1
100
AcDbLine
 10
2.74671444990578
 20
2.869100103850193
 11
2.746522127071135
 21
2.86917986762972
  0
LINE
  5
906
100
AcDbEntity
  8
BLACK
  6
CONTINUOUS
 62
  256
370
   -1
100
AcDbLine
 10
2.746522127071135
 20
2.86917986762972
 11
2.746360158567197
 21
2.869246993613972
  0
LINE
  5
907
100
AcDbEntity
  8
BLACK
  6
CONTINUOUS
 62
  256
370
   -1
100
AcDbLine
 10
2.746360158567197
 20
2.869246993613972
 11
2.746360040456961
 21
2.869247111724208
  0
LINE
  5
908
100
AcDbEntity
  8
BLACK
  6
CONTINUOUS
 62
  256
370
   -1
100
AcDbLine
 10
2.746360040456961
 20
2.869247111724208
 11
2.74635976486641
 21
2.869247269204523
  0
LINE
  5
909
100
AcDbEntity
  8
BLACK
  6
CONTINUOUS
 62
  256
370
   -1
100
AcDbLine
 10
2.74635976486641
 20
2.869247269204523
 11
2.713170749118379
 21
2.891452032984051
  0
LINE
  5
90A
100
AcDbEntity
  8
BLACK
  6
CONTINUOUS
 62
  256
370
   -1
100
AcDbLine
 10
2.713170749118379
 20
2.891452032984051
 11
2.713035434157749
 21
2.891587426684838
  0
LINE
  5
90B
100
AcDbEntity
  8
BLACK
  6
CONTINUOUS
 62
  256
370
   -1
100
AcDbLine
 10
2.713035434157749
 20
2.891587426684838
 11
2.712900040456961
 21
2.891722741645468
  0
LINE
  5
90C
100
AcDbEntity
  8
BLACK
  6
CONTINUOUS
 62
  256
370
   -1
100
AcDbLine
 10
2.712900040456961
 20
2.891722741645468
 11
2.690695316047512
 21
2.924911718023421
  0
LINE
  5
90D
100
AcDbEntity
  8
BLACK
  6
CONTINUOUS
 62
  256
370
   -1
100
AcDbLine
 10
2.690695316047512
 20
2.924911718023421
 11
2.690695158567197
 21
2.924911993613972
  0
LINE
  5
90E
100
AcDbEntity
  8
BLACK
  6
CONTINUOUS
 62
  256
370
   -1
100
AcDbLine
 10
2.690695158567197
 20
2.924911993613972
 11
2.690695001086882
 21
2.924912151094287
  0
LINE
  5
90F
100
AcDbEntity
  8
BLACK
  6
CONTINUOUS
 62
  256
370
   -1
100
AcDbLine
 10
2.690695001086882
 20
2.924912151094287
 11
2.690621064079008
 21
2.925090576291137
  0
LINE
  5
910
100
AcDbEntity
  8
BLACK
  6
CONTINUOUS
 62
  256
370
   -1
100
AcDbLine
 10
2.690621064079008
 20
2.925090576291137
 11
2.690548111323103
 21
2.92526644243287
  0
LINE
  5
911
100
AcDbEntity
  8
BLACK
  6
CONTINUOUS
 62
  256
370
   -1
100
AcDbLine
 10
2.690548111323103
 20
2.92526644243287
 11
2.690548150693182
 21
2.925266639283263
  0
LINE
  5
912
100
AcDbEntity
  8
BLACK
  6
CONTINUOUS
 62
  256
370
   -1
100
AcDbLine
 10
2.690548150693182
 20
2.925266639283263
 11
2.690548032582945
 21
2.925266954243893
  0
LINE
  5
913
100
AcDbEntity
  8
BLACK
  6
CONTINUOUS
 62
  256
370
   -1
100
AcDbLine
 10
2.690548032582945
 20
2.925266954243893
 11
2.682752756992394
 21
2.964440182590351
  0
LINE
  5
914
100
AcDbEntity
  8
BLACK
  6
CONTINUOUS
 62
  256
370
   -1
100
AcDbLine
 10
2.682752756992394
 20
2.964440182590351
 11
2.682752717622316
 21
2.964440261330508
  0
LINE
  5
915
100
AcDbEntity
  8
BLACK
  6
CONTINUOUS
 62
  256
370
   -1
100
AcDbLine
 10
2.682752717622316
 20
2.964440261330508
 11
2.682752717622316
 21
2.964440340070666
  0
LINE
  5
916
100
AcDbEntity
  8
BLACK
  6
CONTINUOUS
 62
  256
370
   -1
100
AcDbLine
 10
2.682752717622316
 20
2.964440340070666
 11
2.682752717622316
 21
2.964632269204523
  0
LINE
  5
917
100
AcDbEntity
  8
BLACK
  6
CONTINUOUS
 62
  256
370
   -1
100
AcDbLine
 10
2.682752717622316
 20
2.964632269204523
 11
2.682752717622316
 21
2.964824198338381
  0
LINE
  5
918
100
AcDbEntity
  8
BLACK
  6
CONTINUOUS
 62
  256
370
   -1
100
AcDbLine
 10
2.682752717622316
 20
2.964824198338381
 11
2.682752717622316
 21
2.96482423770846
  0
LINE
  5
919
100
AcDbEntity
  8
BLACK
  6
CONTINUOUS
 62
  256
370
   -1
100
AcDbLine
 10
2.682752717622316
 20
2.96482423770846
 11
2.682752756992394
 21
2.964824355818696
  0
LINE
  5
91A
100
AcDbEntity
  8
BLACK
  6
CONTINUOUS
 62
  256
370
   -1
100
AcDbLine
 10
2.682752756992394
 20
2.964824355818696
 11
2.690548032582945
 21
3.003997584165154
  0
LINE
  5
91B
100
AcDbEntity
  8
BLACK
  6
CONTINUOUS
 62
  256
370
   -1
100
AcDbLine
 10
2.690548032582945
 20
3.003997584165154
 11
2.690548150693182
 21
3.003997859755705
  0
LINE
  5
91C
100
AcDbEntity
  8
BLACK
  6
CONTINUOUS
 62
  256
370
   -1
100
AcDbLine
 10
2.690548150693182
 20
3.003997859755705
 11
2.690548111323103
 21
3.003998095976177
  0
LINE
  5
91D
100
AcDbEntity
  8
BLACK
  6
CONTINUOUS
 62
  256
370
   -1
100
AcDbLine
 10
2.690548111323103
 20
3.003998095976177
 11
2.690621064079008
 21
3.004173922747831
  0
LINE
  5
91E
100
AcDbEntity
  8
BLACK
  6
CONTINUOUS
 62
  256
370
   -1
100
AcDbLine
 10
2.690621064079008
 20
3.004173922747831
 11
2.690695001086882
 21
3.00435238731476
  0
LINE
  5
91F
100
AcDbEntity
  8
BLACK
  6
CONTINUOUS
 62
  256
370
   -1
100
AcDbLine
 10
2.690695001086882
 20
3.00435238731476
 11
2.690695158567197
 21
3.004352505424996
  0
LINE
  5
920
100
AcDbEntity
  8
BLACK
  6
CONTINUOUS
 62
  256
370
   -1
100
AcDbLine
 10
2.690695158567197
 20
3.004352505424996
 11
2.690695316047512
 21
3.004352820385626
  0
LINE
  5
921
100
AcDbEntity
  8
BLACK
  6
CONTINUOUS
 62
  256
370
   -1
100
AcDbLine
 10
2.690695316047512
 20
3.004352820385626
 11
2.712900040456961
 21
3.037541796763579
  0
LINE
  5
922
100
AcDbEntity
  8
BLACK
  6
CONTINUOUS
 62
  256
370
   -1
100
AcDbLine
 10
2.712900040456961
 20
3.037541796763579
 11
2.713035434157749
 21
3.037677072354129
  0
LINE
  5
923
100
AcDbEntity
  8
BLACK
  6
CONTINUOUS
 62
  256
370
   -1
100
AcDbLine
 10
2.713035434157749
 20
3.037677072354129
 11
2.713170749118379
 21
3.037812505424996
  0
LINE
  5
924
100
AcDbEntity
  8
BLACK
  6
CONTINUOUS
 62
  256
370
   -1
100
AcDbLine
 10
2.713170749118379
 20
3.037812505424996
 11
2.74635976486641
 21
3.060017269204524
  0
LINE
  5
925
100
AcDbEntity
  8
BLACK
  6
CONTINUOUS
 62
  256
370
   -1
100
AcDbLine
 10
2.74635976486641
 20
3.060017269204524
 11
2.746360040456961
 21
3.06001738731476
  0
LINE
  5
926
100
AcDbEntity
  8
BLACK
  6
CONTINUOUS
 62
  256
370
   -1
100
AcDbLine
 10
2.746360040456961
 20
3.06001738731476
 11
2.746360158567197
 21
3.060017544795075
  0
LINE
  5
927
100
AcDbEntity
  8
BLACK
  6
CONTINUOUS
 62
  256
370
   -1
100
AcDbLine
 10
2.746360158567197
 20
3.060017544795075
 11
2.746522127071135
 21
3.060084631409248
  0
LINE
  5
928
100
AcDbEntity
  8
BLACK
  6
CONTINUOUS
 62
  256
370
   -1
100
AcDbLine
 10
2.746522127071135
 20
3.060084631409248
 11
2.74671444990578
 21
3.060164434558854
  0
LINE
  5
929
100
AcDbEntity
  8
BLACK
  6
CONTINUOUS
 62
  256
370
   -1
100
AcDbLine
 10
2.74671444990578
 20
3.060164434558854
 11
2.746714646756174
 21
3.060164355818697
  0
LINE
  5
92A
100
AcDbEntity
  8
BLACK
  6
CONTINUOUS
 62
  256
370
   -1
100
AcDbLine
 10
2.746714646756174
 20
3.060164355818697
 11
2.746714961716804
 21
3.060164513299012
  0
LINE
  5
92B
100
AcDbEntity
  8
BLACK
  6
CONTINUOUS
 62
  256
370
   -1
100
AcDbLine
 10
2.746714961716804
 20
3.060164513299012
 11
2.78588819006326
 21
3.067959788889563
  0
LINE
  5
92C
100
AcDbEntity
  8
BLACK
  6
CONTINUOUS
 62
  256
370
   -1
100
AcDbLine
 10
2.78588819006326
 20
3.067959788889563
 11
2.785985119197119
 21
3.067959788889563
  0
LINE
  5
92D
100
AcDbEntity
  8
BLACK
  6
CONTINUOUS
 62
  256
370
   -1
100
AcDbLine
 10
2.785985119197119
 20
3.067959788889563
 11
2.786080276677434
 21
3.067978725897436
  0
LINE
  5
92E
100
AcDbEntity
  8
BLACK
  6
CONTINUOUS
 62
  256
370
   -1
100
AcDbLine
 10
2.786080276677434
 20
3.067978725897436
 11
2.839229882976646
 21
3.067978725897436
  0
LINE
  5
92F
100
AcDbEntity
  8
BLACK
  6
CONTINUOUS
 62
  256
370
   -1
100
AcDbLine
 10
2.786177205811292
 20
3.066010221960429
 11
2.747291418409717
 21
3.058272111724208
  0
LINE
  5
930
100
AcDbEntity
  8
BLACK
  6
CONTINUOUS
 62
  256
370
   -1
100
AcDbLine
 10
2.747291418409717
 20
3.058272111724208
 11
2.714427599512079
 21
3.036284946369878
  0
LINE
  5
931
100
AcDbEntity
  8
BLACK
  6
CONTINUOUS
 62
  256
370
   -1
100
AcDbLine
 10
2.714427599512079
 20
3.036284946369878
 11
2.69244039478767
 21
3.003421088102161
  0
LINE
  5
932
100
AcDbEntity
  8
BLACK
  6
CONTINUOUS
 62
  256
370
   -1
100
AcDbLine
 10
2.69244039478767
 20
3.003421088102161
 11
2.684721575890032
 21
2.964632269204523
  0
LINE
  5
933
100
AcDbEntity
  8
BLACK
  6
CONTINUOUS
 62
  256
370
   -1
100
AcDbLine
 10
2.684721575890032
 20
2.964632269204523
 11
2.69244039478767
 21
2.925843410936807
  0
LINE
  5
934
100
AcDbEntity
  8
BLACK
  6
CONTINUOUS
 62
  256
370
   -1
100
AcDbLine
 10
2.69244039478767
 20
2.925843410936807
 11
2.714427599512079
 21
2.89297955266909
  0
LINE
  5
935
100
AcDbEntity
  8
BLACK
  6
CONTINUOUS
 62
  256
370
   -1
100
AcDbLine
 10
2.714427599512079
 20
2.89297955266909
 11
2.747291418409717
 21
2.87099238731476
  0
LINE
  5
936
100
AcDbEntity
  8
BLACK
  6
CONTINUOUS
 62
  256
370
   -1
100
AcDbLine
 10
2.747291418409717
 20
2.87099238731476
 11
2.786177205811292
 21
2.863254316448618
  0
LINE
  5
937
100
AcDbEntity
  8
BLACK
  6
CONTINUOUS
 62
  256
370
   -1
100
AcDbLine
 10
2.786177205811292
 20
2.863254316448618
 11
2.916001536519953
 21
2.863254316448618
  0
LINE
  5
938
100
AcDbEntity
  8
BLACK
  6
CONTINUOUS
 62
  256
370
   -1
100
AcDbLine
 10
2.916001536519953
 20
2.863254316448618
 11
2.91623476486641
 21
2.863207899125784
  0
LINE
  5
939
100
AcDbEntity
  8
BLACK
  6
CONTINUOUS
 62
  256
370
   -1
100
AcDbLine
 10
2.91623476486641
 20
2.863207899125784
 11
2.916283938094757
 21
2.863212938495862
  0
LINE
  5
93A
100
AcDbEntity
  8
BLACK
  6
CONTINUOUS
 62
  256
370
   -1
100
AcDbLine
 10
2.916283938094757
 20
2.863212938495862
 11
2.916328623134127
 21
2.86318923770846
  0
LINE
  5
93B
100
AcDbEntity
  8
BLACK
  6
CONTINUOUS
 62
  256
370
   -1
100
AcDbLine
 10
2.916328623134127
 20
2.86318923770846
 11
2.91637819006326
 21
2.863179395188776
  0
LINE
  5
93C
100
AcDbEntity
  8
BLACK
  6
CONTINUOUS
 62
  256
370
   -1
100
AcDbLine
 10
2.91637819006326
 20
2.863179395188776
 11
2.916413071953024
 21
2.863144473928933
  0
LINE
  5
93D
100
AcDbEntity
  8
BLACK
  6
CONTINUOUS
 62
  256
370
   -1
100
AcDbLine
 10
2.916413071953024
 20
2.863144473928933
 11
2.916623268803418
 21
2.863033095976177
  0
LINE
  5
93E
100
AcDbEntity
  8
BLACK
  6
CONTINUOUS
 62
  256
370
   -1
100
AcDbLine
 10
2.916623268803418
 20
2.863033095976177
 11
3.022650985338851
 21
2.776640143220272
  0
LINE
  5
93F
100
AcDbEntity
  8
BLACK
  6
CONTINUOUS
 62
  256
370
   -1
100
AcDbLine
 10
3.022650985338851
 20
2.776640143220272
 11
3.195464331795544
 21
2.776640143220272
  0
LINE
  5
940
100
AcDbEntity
  8
BLACK
  6
CONTINUOUS
 62
  256
370
   -1
100
AcDbLine
 10
3.195464331795544
 20
2.776640143220272
 11
3.221768386913654
 21
2.780118686527358
  0
LINE
  5
941
100
AcDbEntity
  8
BLACK
  6
CONTINUOUS
 62
  256
370
   -1
100
AcDbLine
 10
3.221768386913654
 20
2.780118686527358
 11
3.24621350502389
 21
2.790216403062791
  0
LINE
  5
942
100
AcDbEntity
  8
BLACK
  6
CONTINUOUS
 62
  256
370
   -1
100
AcDbLine
 10
3.24621350502389
 20
2.790216403062791
 11
3.26718944990578
 21
2.806357702275389
  0
LINE
  5
943
100
AcDbEntity
  8
BLACK
  6
CONTINUOUS
 62
  256
370
   -1
100
AcDbLine
 10
3.26718944990578
 20
2.806357702275389
 11
3.2833307097483
 21
2.8273336077872
  0
LINE
  5
944
100
AcDbEntity
  8
BLACK
  6
CONTINUOUS
 62
  256
370
   -1
100
AcDbLine
 10
3.2833307097483
 20
2.8273336077872
 11
3.293428465653812
 21
2.851778765267516
  0
LINE
  5
945
100
AcDbEntity
  8
BLACK
  6
CONTINUOUS
 62
  256
370
   -1
100
AcDbLine
 10
3.293428465653812
 20
2.851778765267516
 11
3.296898465653812
 21
2.878018095976177
  0
LINE
  5
946
100
AcDbEntity
  8
BLACK
  6
CONTINUOUS
 62
  256
370
   -1
100
AcDbLine
 10
3.296898465653812
 20
2.878018095976177
 11
3.293428465653812
 21
2.904257387314759
  0
LINE
  5
947
100
AcDbEntity
  8
BLACK
  6
CONTINUOUS
 62
  256
370
   -1
100
AcDbLine
 10
3.293428465653812
 20
2.904257387314759
 11
3.2833307097483
 21
2.928702544795074
  0
LINE
  5
948
100
AcDbEntity
  8
BLACK
  6
CONTINUOUS
 62
  256
370
   -1
100
AcDbLine
 10
3.2833307097483
 20
2.928702544795074
 11
3.26718944990578
 21
2.949678450306886
  0
LINE
  5
949
100
AcDbEntity
  8
BLACK
  6
CONTINUOUS
 62
  256
370
   -1
100
AcDbLine
 10
3.26718944990578
 20
2.949678450306886
 11
3.24621350502389
 21
2.965819749519484
  0
LINE
  5
94A
100
AcDbEntity
  8
BLACK
  6
CONTINUOUS
 62
  256
370
   -1
100
AcDbLine
 10
3.24621350502389
 20
2.965819749519484
 11
3.221768386913654
 21
2.975917466054917
  0
LINE
  5
94B
100
AcDbEntity
  8
BLACK
  6
CONTINUOUS
 62
  256
370
   -1
100
AcDbLine
 10
3.221768386913654
 20
2.975917466054917
 11
3.195464331795544
 21
2.979396048732083
  0
LINE
  5
94C
100
AcDbEntity
  8
BLACK
  6
CONTINUOUS
 62
  256
370
   -1
100
AcDbLine
 10
3.195464331795544
 20
2.979396048732083
 11
3.053796812110504
 21
2.979396048732083
  0
LINE
  5
94D
100
AcDbEntity
  8
BLACK
  6
CONTINUOUS
 62
  256
370
   -1
100
AcDbLine
 10
3.053796812110504
 20
2.979396048732083
 11
3.053563544393969
 21
2.979442426684838
  0
LINE
  5
94E
100
AcDbEntity
  8
BLACK
  6
CONTINUOUS
 62
  256
370
   -1
100
AcDbLine
 10
3.053563544393969
 20
2.979442426684838
 11
3.053514410535701
 21
2.979437426684838
  0
LINE
  5
94F
100
AcDbEntity
  8
BLACK
  6
CONTINUOUS
 62
  256
370
   -1
100
AcDbLine
 10
3.053514410535701
 20
2.979437426684838
 11
3.053469686126252
 21
2.979461088102161
  0
LINE
  5
950
100
AcDbEntity
  8
BLACK
  6
CONTINUOUS
 62
  256
370
   -1
100
AcDbLine
 10
3.053469686126252
 20
2.979461088102161
 11
3.053420158567197
 21
2.979470969991925
  0
LINE
  5
951
100
AcDbEntity
  8
BLACK
  6
CONTINUOUS
 62
  256
370
   -1
100
AcDbLine
 10
3.053420158567197
 20
2.979470969991925
 11
3.053385237307355
 21
2.979505851881688
  0
LINE
  5
952
100
AcDbEntity
  8
BLACK
  6
CONTINUOUS
 62
  256
370
   -1
100
AcDbLine
 10
3.053385237307355
 20
2.979505851881688
 11
3.05317507982704
 21
2.979617269204524
  0
LINE
  5
953
100
AcDbEntity
  8
BLACK
  6
CONTINUOUS
 62
  256
370
   -1
100
AcDbLine
 10
3.05317507982704
 20
2.979617269204524
 11
2.947147363291607
 21
3.066010221960429
  0
LINE
  5
954
100
AcDbEntity
  8
BLACK
  6
CONTINUOUS
 62
  256
370
   -1
100
AcDbLine
 10
2.947147363291607
 20
3.066010221960429
 11
2.906159016834914
 21
3.066010221960429
  0
LINE
  5
955
100
AcDbEntity
  8
BLACK
  6
CONTINUOUS
 62
  256
370
   -1
100
AcDbLine
 10
2.906159016834914
 20
3.066010221960429
 11
2.839229882976646
 21
3.066010221960429
  0
LINE
  5
956
100
AcDbEntity
  8
BLACK
  6
CONTINUOUS
 62
  256
370
   -1
100
AcDbLine
 10
2.839229882976646
 20
3.066010221960429
 11
2.786177205811292
 21
3.066010221960429
  0
LINE
  5
957
100
AcDbEntity
  8
BLACK
  6
CONTINUOUS
 62
  256
370
   -1
100
AcDbLine
 10
3.547891300299481
 20
3.067978725897436
 11
3.614820434157748
 21
3.067978725897436
  0
LINE
  5
958
100
AcDbEntity
  8
BLACK
  6
CONTINUOUS
 62
  256
370
   -1
100
AcDbLine
 10
3.614820434157748
 20
3.067978725897436
 11
3.656159016834915
 21
3.067978725897436
  0
LINE
  5
959
100
AcDbEntity
  8
BLACK
  6
CONTINUOUS
 62
  256
370
   -1
100
AcDbLine
 10
3.656159016834915
 20
3.067978725897436
 11
3.656392245181371
 21
3.067932308574602
  0
LINE
  5
95A
100
AcDbEntity
  8
BLACK
  6
CONTINUOUS
 62
  256
370
   -1
100
AcDbLine
 10
3.656392245181371
 20
3.067932308574602
 11
3.656441418409717
 21
3.067937347944681
  0
LINE
  5
95B
100
AcDbEntity
  8
BLACK
  6
CONTINUOUS
 62
  256
370
   -1
100
AcDbLine
 10
3.656441418409717
 20
3.067937347944681
 11
3.656486103449087
 21
3.06791364715728
  0
LINE
  5
95C
100
AcDbEntity
  8
BLACK
  6
CONTINUOUS
 62
  256
370
   -1
100
AcDbLine
 10
3.656486103449087
 20
3.06791364715728
 11
3.65653567037822
 21
3.067903804637594
  0
LINE
  5
95D
100
AcDbEntity
  8
BLACK
  6
CONTINUOUS
 62
  256
370
   -1
100
AcDbLine
 10
3.65653567037822
 20
3.067903804637594
 11
3.656570552267985
 21
3.067868883377752
  0
LINE
  5
95E
100
AcDbEntity
  8
BLACK
  6
CONTINUOUS
 62
  256
370
   -1
100
AcDbLine
 10
3.656570552267985
 20
3.067868883377752
 11
3.656780749118378
 21
3.067757505424995
  0
LINE
  5
95F
100
AcDbEntity
  8
BLACK
  6
CONTINUOUS
 62
  256
370
   -1
100
AcDbLine
 10
3.656780749118378
 20
3.067757505424995
 11
3.762808465653812
 21
2.98136455266909
  0
LINE
  5
960
100
AcDbEntity
  8
BLACK
  6
CONTINUOUS
 62
  256
370
   -1
100
AcDbLine
 10
3.762808465653812
 20
2.98136455266909
 11
3.904190512897906
 21
2.98136455266909
  0
LINE
  5
961
100
AcDbEntity
  8
BLACK
  6
CONTINUOUS
 62
  256
370
   -1
100
AcDbLine
 10
3.904190512897906
 20
2.98136455266909
 11
3.904254489275859
 21
2.981351796763579
  0
LINE
  5
962
100
AcDbEntity
  8
BLACK
  6
CONTINUOUS
 62
  256
370
   -1
100
AcDbLine
 10
3.904254489275859
 20
2.981351796763579
 11
3.904319568016016
 21
2.981356048732082
  0
LINE
  5
963
100
AcDbEntity
  8
BLACK
  6
CONTINUOUS
 62
  256
370
   -1
100
AcDbLine
 10
3.904319568016016
 20
2.981356048732082
 11
3.930815591638064
 21
2.977852111724208
  0
LINE
  5
964
100
AcDbEntity
  8
BLACK
  6
CONTINUOUS
 62
  256
370
   -1
100
AcDbLine
 10
3.930815591638064
 20
2.977852111724208
 11
3.930936654630189
 21
2.977810891251767
  0
LINE
  5
965
100
AcDbEntity
  8
BLACK
  6
CONTINUOUS
 62
  256
370
   -1
100
AcDbLine
 10
3.930936654630189
 20
2.977810891251767
 11
3.931062363291607
 21
2.977786048732082
  0
LINE
  5
966
100
AcDbEntity
  8
BLACK
  6
CONTINUOUS
 62
  256
370
   -1
100
AcDbLine
 10
3.931062363291607
 20
2.977786048732082
 11
3.955747402661686
 21
2.967589198338382
  0
LINE
  5
967
100
AcDbEntity
  8
BLACK
  6
CONTINUOUS
 62
  256
370
   -1
100
AcDbLine
 10
3.955747402661686
 20
2.967589198338382
 11
3.955855473527827
 21
2.967517111724209
  0
LINE
  5
968
100
AcDbEntity
  8
BLACK
  6
CONTINUOUS
 62
  256
370
   -1
100
AcDbLine
 10
3.955855473527827
 20
2.967517111724209
 11
3.955971851480584
 21
2.967459552669091
  0
LINE
  5
969
100
AcDbEntity
  8
BLACK
  6
CONTINUOUS
 62
  256
370
   -1
100
AcDbLine
 10
3.955971851480584
 20
2.967459552669091
 11
3.977152953842788
 21
2.951160340070665
  0
LINE
  5
96A
100
AcDbEntity
  8
BLACK
  6
CONTINUOUS
 62
  256
370
   -1
100
AcDbLine
 10
3.977152953842788
 20
2.951160340070665
 11
3.977236812110505
 21
2.951064395188776
  0
LINE
  5
96B
100
AcDbEntity
  8
BLACK
  6
CONTINUOUS
 62
  256
370
   -1
100
AcDbLine
 10
3.977236812110505
 20
2.951064395188776
 11
3.977332756992395
 21
2.950980536921059
  0
LINE
  5
96C
100
AcDbEntity
  8
BLACK
  6
CONTINUOUS
 62
  256
370
   -1
100
AcDbLine
 10
3.977332756992395
 20
2.950980536921059
 11
3.993631969590819
 21
2.929799434558854
  0
LINE
  5
96D
100
AcDbEntity
  8
BLACK
  6
CONTINUOUS
 62
  256
370
   -1
100
AcDbLine
 10
3.993631969590819
 20
2.929799434558854
 11
3.993689568016016
 21
2.92968301723602
  0
LINE
  5
96E
100
AcDbEntity
  8
BLACK
  6
CONTINUOUS
 62
  256
370
   -1
100
AcDbLine
 10
3.993689568016016
 20
2.92968301723602
 11
3.993761615260111
 21
2.929574985739957
  0
LINE
  5
96F
100
AcDbEntity
  8
BLACK
  6
CONTINUOUS
 62
  256
370
   -1
100
AcDbLine
 10
3.993761615260111
 20
2.929574985739957
 11
4.003958465653811
 21
2.904889906999799
  0
LINE
  5
970
100
AcDbEntity
  8
BLACK
  6
CONTINUOUS
 62
  256
370
   -1
100
AcDbLine
 10
4.003958465653811
 20
2.904889906999799
 11
4.003983308173497
 21
2.904764355818696
  0
LINE
  5
971
100
AcDbEntity
  8
BLACK
  6
CONTINUOUS
 62
  256
370
   -1
100
AcDbLine
 10
4.003983308173497
 20
2.904764355818696
 11
4.004024528645937
 21
2.904643214086414
  0
LINE
  5
972
100
AcDbEntity
  8
BLACK
  6
CONTINUOUS
 62
  256
370
   -1
100
AcDbLine
 10
4.004024528645937
 20
2.904643214086414
 11
4.007528465653811
 21
2.878147151094288
  0
LINE
  5
973
100
AcDbEntity
  8
BLACK
  6
CONTINUOUS
 62
  256
370
   -1
100
AcDbLine
 10
4.007528465653811
 20
2.878147151094288
 11
4.007520079827041
 21
2.878018095976177
  0
LINE
  5
974
100
AcDbEntity
  8
BLACK
  6
CONTINUOUS
 62
  256
370
   -1
100
AcDbLine
 10
4.007520079827041
 20
2.878018095976177
 11
4.007528465653811
 21
2.877889040858067
  0
LINE
  5
975
100
AcDbEntity
  8
BLACK
  6
CONTINUOUS
 62
  256
370
   -1
100
AcDbLine
 10
4.007528465653811
 20
2.877889040858067
 11
4.004024528645937
 21
2.851392977865941
  0
LINE
  5
976
100
AcDbEntity
  8
BLACK
  6
CONTINUOUS
 62
  256
370
   -1
100
AcDbLine
 10
4.004024528645937
 20
2.851392977865941
 11
4.003983308173497
 21
2.851271796763578
  0
LINE
  5
977
100
AcDbEntity
  8
BLACK
  6
CONTINUOUS
 62
  256
370
   -1
100
AcDbLine
 10
4.003983308173497
 20
2.851271796763578
 11
4.003958465653811
 21
2.851146284952555
  0
LINE
  5
978
100
AcDbEntity
  8
BLACK
  6
CONTINUOUS
 62
  256
370
   -1
100
AcDbLine
 10
4.003958465653811
 20
2.851146284952555
 11
3.993761615260111
 21
2.826461206212397
  0
LINE
  5
979
100
AcDbEntity
  8
BLACK
  6
CONTINUOUS
 62
  256
370
   -1
100
AcDbLine
 10
3.993761615260111
 20
2.826461206212397
 11
3.993689568016016
 21
2.826353135346256
  0
LINE
  5
97A
100
AcDbEntity
  8
BLACK
  6
CONTINUOUS
 62
  256
370
   -1
100
AcDbLine
 10
3.993689568016016
 20
2.826353135346256
 11
3.993631969590819
 21
2.8262367573935
  0
LINE
  5
97B
100
AcDbEntity
  8
BLACK
  6
CONTINUOUS
 62
  256
370
   -1
100
AcDbLine
 10
3.993631969590819
 20
2.8262367573935
 11
3.977332756992395
 21
2.805055655031295
  0
LINE
  5
97C
100
AcDbEntity
  8
BLACK
  6
CONTINUOUS
 62
  256
370
   -1
100
AcDbLine
 10
3.977332756992395
 20
2.805055655031295
 11
3.977236812110505
 21
2.8049717573935
  0
LINE
  5
97D
100
AcDbEntity
  8
BLACK
  6
CONTINUOUS
 62
  256
370
   -1
100
AcDbLine
 10
3.977236812110505
 20
2.8049717573935
 11
3.977152953842788
 21
2.804875851881689
  0
LINE
  5
97E
100
AcDbEntity
  8
BLACK
  6
CONTINUOUS
 62
  256
370
   -1
100
AcDbLine
 10
3.977152953842788
 20
2.804875851881689
 11
3.955971851480584
 21
2.788576639283264
  0
LINE
  5
97F
100
AcDbEntity
  8
BLACK
  6
CONTINUOUS
 62
  256
370
   -1
100
AcDbLine
 10
3.955971851480584
 20
2.788576639283264
 11
3.955855473527827
 21
2.788519040858067
  0
LINE
  5
980
100
AcDbEntity
  8
BLACK
  6
CONTINUOUS
 62
  256
370
   -1
100
AcDbLine
 10
3.955855473527827
 20
2.788519040858067
 11
3.955747402661686
 21
2.788446993613972
  0
LINE
  5
981
100
AcDbEntity
  8
BLACK
  6
CONTINUOUS
 62
  256
370
   -1
100
AcDbLine
 10
3.955747402661686
 20
2.788446993613972
 11
3.931062363291607
 21
2.778250143220271
  0
LINE
  5
982
100
AcDbEntity
  8
BLACK
  6
CONTINUOUS
 62
  256
370
   -1
100
AcDbLine
 10
3.931062363291607
 20
2.778250143220271
 11
3.930936654630189
 21
2.778225261330507
  0
LINE
  5
983
100
AcDbEntity
  8
BLACK
  6
CONTINUOUS
 62
  256
370
   -1
100
AcDbLine
 10
3.930936654630189
 20
2.778225261330507
 11
3.930815591638064
 21
2.778184080228145
  0
LINE
  5
984
100
AcDbEntity
  8
BLACK
  6
CONTINUOUS
 62
  256
370
   -1
100
AcDbLine
 10
3.930815591638064
 20
2.778184080228145
 11
3.904319568016016
 21
2.774680143220271
  0
LINE
  5
985
100
AcDbEntity
  8
BLACK
  6
CONTINUOUS
 62
  256
370
   -1
100
AcDbLine
 10
3.904319568016016
 20
2.774680143220271
 11
3.904254489275859
 21
2.774684355818697
  0
LINE
  5
986
100
AcDbEntity
  8
BLACK
  6
CONTINUOUS
 62
  256
370
   -1
100
AcDbLine
 10
3.904254489275859
 20
2.774684355818697
 11
3.904190512897906
 21
2.774671639283263
  0
LINE
  5
987
100
AcDbEntity
  8
BLACK
  6
CONTINUOUS
 62
  256
370
   -1
100
AcDbLine
 10
3.904190512897906
 20
2.774671639283263
 11
3.730962166441213
 21
2.774671639283263
  0
LINE
  5
988
100
AcDbEntity
  8
BLACK
  6
CONTINUOUS
 62
  256
370
   -1
100
AcDbLine
 10
3.730962166441213
 20
2.774671639283263
 11
3.730728898724678
 21
2.77471801723602
  0
LINE
  5
989
100
AcDbEntity
  8
BLACK
  6
CONTINUOUS
 62
  256
370
   -1
100
AcDbLine
 10
3.730728898724678
 20
2.77471801723602
 11
3.730679764866411
 21
2.77471301723602
  0
LINE
  5
98A
100
AcDbEntity
  8
BLACK
  6
CONTINUOUS
 62
  256
370
   -1
100
AcDbLine
 10
3.730679764866411
 20
2.77471301723602
 11
3.730635040456962
 21
2.774736678653342
  0
LINE
  5
98B
100
AcDbEntity
  8
BLACK
  6
CONTINUOUS
 62
  256
370
   -1
100
AcDbLine
 10
3.730635040456962
 20
2.774736678653342
 11
3.730585512897906
 21
2.774746560543107
  0
LINE
  5
98C
100
AcDbEntity
  8
BLACK
  6
CONTINUOUS
 62
  256
370
   -1
100
AcDbLine
 10
3.730585512897906
 20
2.774746560543107
 11
3.730550591638064
 21
2.77478144243287
  0
LINE
  5
98D
100
AcDbEntity
  8
BLACK
  6
CONTINUOUS
 62
  256
370
   -1
100
AcDbLine
 10
3.730550591638064
 20
2.77478144243287
 11
3.730340434157748
 21
2.774892859755704
  0
LINE
  5
98E
100
AcDbEntity
  8
BLACK
  6
CONTINUOUS
 62
  256
370
   -1
100
AcDbLine
 10
3.730340434157748
 20
2.774892859755704
 11
3.624312717622315
 21
2.86128581251161
  0
LINE
  5
98F
100
AcDbEntity
  8
BLACK
  6
CONTINUOUS
 62
  256
370
   -1
100
AcDbLine
 10
3.624312717622315
 20
2.86128581251161
 11
3.494741694000268
 21
2.86128581251161
  0
LINE
  5
990
100
AcDbEntity
  8
BLACK
  6
CONTINUOUS
 62
  256
370
   -1
100
AcDbLine
 10
3.494741694000268
 20
2.86128581251161
 11
3.494646536519953
 21
2.861304710149406
  0
LINE
  5
991
100
AcDbEntity
  8
BLACK
  6
CONTINUOUS
 62
  256
370
   -1
100
AcDbLine
 10
3.494646536519953
 20
2.861304710149406
 11
3.494549607386095
 21
2.861304749519484
  0
LINE
  5
992
100
AcDbEntity
  8
BLACK
  6
CONTINUOUS
 62
  256
370
   -1
100
AcDbLine
 10
3.494549607386095
 20
2.861304749519484
 11
3.455376379039638
 21
2.869100025110035
  0
LINE
  5
993
100
AcDbEntity
  8
BLACK
  6
CONTINUOUS
 62
  256
370
   -1
100
AcDbLine
 10
3.455376379039638
 20
2.869100025110035
 11
3.455376064079009
 21
2.869100143220272
  0
LINE
  5
994
100
AcDbEntity
  8
BLACK
  6
CONTINUOUS
 62
  256
370
   -1
100
AcDbLine
 10
3.455376064079009
 20
2.869100143220272
 11
3.455375867228615
 21
2.869100103850193
  0
LINE
  5
995
100
AcDbEntity
  8
BLACK
  6
CONTINUOUS
 62
  256
370
   -1
100
AcDbLine
 10
3.455375867228615
 20
2.869100103850193
 11
3.455183544393969
 21
2.86917986762972
  0
LINE
  5
996
100
AcDbEntity
  8
BLACK
  6
CONTINUOUS
 62
  256
370
   -1
100
AcDbLine
 10
3.455183544393969
 20
2.86917986762972
 11
3.455021575890032
 21
2.869246993613972
  0
LINE
  5
997
100
AcDbEntity
  8
BLACK
  6
CONTINUOUS
 62
  256
370
   -1
100
AcDbLine
 10
3.455021575890032
 20
2.869246993613972
 11
3.455021457779796
 21
2.869247111724208
  0
LINE
  5
998
100
AcDbEntity
  8
BLACK
  6
CONTINUOUS
 62
  256
370
   -1
100
AcDbLine
 10
3.455021457779796
 20
2.869247111724208
 11
3.455021182189244
 21
2.869247269204523
  0
LINE
  5
999
100
AcDbEntity
  8
BLACK
  6
CONTINUOUS
 62
  256
370
   -1
100
AcDbLine
 10
3.455021182189244
 20
2.869247269204523
 11
3.421832166441213
 21
2.891452032984051
  0
LINE
  5
99A
100
AcDbEntity
  8
BLACK
  6
CONTINUOUS
 62
  256
370
   -1
100
AcDbLine
 10
3.421832166441213
 20
2.891452032984051
 11
3.421696851480583
 21
2.891587426684838
  0
LINE
  5
99B
100
AcDbEntity
  8
BLACK
  6
CONTINUOUS
 62
  256
370
   -1
100
AcDbLine
 10
3.421696851480583
 20
2.891587426684838
 11
3.421561457779796
 21
2.891722741645468
  0
LINE
  5
99C
100
AcDbEntity
  8
BLACK
  6
CONTINUOUS
 62
  256
370
   -1
100
AcDbLine
 10
3.421561457779796
 20
2.891722741645468
 11
3.399356733370347
 21
2.924911718023421
  0
LINE
  5
99D
100
AcDbEntity
  8
BLACK
  6
CONTINUOUS
 62
  256
370
   -1
100
AcDbLine
 10
3.399356733370347
 20
2.924911718023421
 11
3.399356575890032
 21
2.924911993613972
  0
LINE
  5
99E
100
AcDbEntity
  8
BLACK
  6
CONTINUOUS
 62
  256
370
   -1
100
AcDbLine
 10
3.399356575890032
 20
2.924911993613972
 11
3.399356418409717
 21
2.924912151094287
  0
LINE
  5
99F
100
AcDbEntity
  8
BLACK
  6
CONTINUOUS
 62
  256
370
   -1
100
AcDbLine
 10
3.399356418409717
 20
2.924912151094287
 11
3.399282481401843
 21
2.925090576291137
  0
LINE
  5
9A0
100
AcDbEntity
  8
BLACK
  6
CONTINUOUS
 62
  256
370
   -1
100
AcDbLine
 10
3.399282481401843
 20
2.925090576291137
 11
3.399209528645938
 21
2.92526644243287
  0
LINE
  5
9A1
100
AcDbEntity
  8
BLACK
  6
CONTINUOUS
 62
  256
370
   -1
100
AcDbLine
 10
3.399209528645938
 20
2.92526644243287
 11
3.399209568016016
 21
2.925266639283263
  0
LINE
  5
9A2
100
AcDbEntity
  8
BLACK
  6
CONTINUOUS
 62
  256
370
   -1
100
AcDbLine
 10
3.399209568016016
 20
2.925266639283263
 11
3.39920944990578
 21
2.925266954243893
  0
LINE
  5
9A3
100
AcDbEntity
  8
BLACK
  6
CONTINUOUS
 62
  256
370
   -1
100
AcDbLine
 10
3.39920944990578
 20
2.925266954243893
 11
3.391414174315229
 21
2.964440182590351
  0
LINE
  5
9A4
100
AcDbEntity
  8
BLACK
  6
CONTINUOUS
 62
  256
370
   -1
100
AcDbLine
 10
3.391414174315229
 20
2.964440182590351
 11
3.39141413494515
 21
2.964440261330508
  0
LINE
  5
9A5
100
AcDbEntity
  8
BLACK
  6
CONTINUOUS
 62
  256
370
   -1
100
AcDbLine
 10
3.39141413494515
 20
2.964440261330508
 11
3.39141413494515
 21
2.964440340070666
  0
LINE
  5
9A6
100
AcDbEntity
  8
BLACK
  6
CONTINUOUS
 62
  256
370
   -1
100
AcDbLine
 10
3.39141413494515
 20
2.964440340070666
 11
3.39141413494515
 21
2.964632269204523
  0
LINE
  5
9A7
100
AcDbEntity
  8
BLACK
  6
CONTINUOUS
 62
  256
370
   -1
100
AcDbLine
 10
3.39141413494515
 20
2.964632269204523
 11
3.39141413494515
 21
2.964824198338381
  0
LINE
  5
9A8
100
AcDbEntity
  8
BLACK
  6
CONTINUOUS
 62
  256
370
   -1
100
AcDbLine
 10
3.39141413494515
 20
2.964824198338381
 11
3.39141413494515
 21
2.96482423770846
  0
LINE
  5
9A9
100
AcDbEntity
  8
BLACK
  6
CONTINUOUS
 62
  256
370
   -1
100
AcDbLine
 10
3.39141413494515
 20
2.96482423770846
 11
3.391414174315229
 21
2.964824355818696
  0
LINE
  5
9AA
100
AcDbEntity
  8
BLACK
  6
CONTINUOUS
 62
  256
370
   -1
100
AcDbLine
 10
3.391414174315229
 20
2.964824355818696
 11
3.39920944990578
 21
3.003997584165154
  0
LINE
  5
9AB
100
AcDbEntity
  8
BLACK
  6
CONTINUOUS
 62
  256
370
   -1
100
AcDbLine
 10
3.39920944990578
 20
3.003997584165154
 11
3.399209568016016
 21
3.003997859755705
  0
LINE
  5
9AC
100
AcDbEntity
  8
BLACK
  6
CONTINUOUS
 62
  256
370
   -1
100
AcDbLine
 10
3.399209568016016
 20
3.003997859755705
 11
3.399209528645938
 21
3.003998095976177
  0
LINE
  5
9AD
100
AcDbEntity
  8
BLACK
  6
CONTINUOUS
 62
  256
370
   -1
100
AcDbLine
 10
3.399209528645938
 20
3.003998095976177
 11
3.399282481401843
 21
3.004173922747831
  0
LINE
  5
9AE
100
AcDbEntity
  8
BLACK
  6
CONTINUOUS
 62
  256
370
   -1
100
AcDbLine
 10
3.399282481401843
 20
3.004173922747831
 11
3.399356418409717
 21
3.00435238731476
  0
LINE
  5
9AF
100
AcDbEntity
  8
BLACK
  6
CONTINUOUS
 62
  256
370
   -1
100
AcDbLine
 10
3.399356418409717
 20
3.00435238731476
 11
3.399356575890032
 21
3.004352505424996
  0
LINE
  5
9B0
100
AcDbEntity
  8
BLACK
  6
CONTINUOUS
 62
  256
370
   -1
100
AcDbLine
 10
3.399356575890032
 20
3.004352505424996
 11
3.399356733370347
 21
3.004352820385626
  0
LINE
  5
9B1
100
AcDbEntity
  8
BLACK
  6
CONTINUOUS
 62
  256
370
   -1
100
AcDbLine
 10
3.399356733370347
 20
3.004352820385626
 11
3.421561457779796
 21
3.037541796763579
  0
LINE
  5
9B2
100
AcDbEntity
  8
BLACK
  6
CONTINUOUS
 62
  256
370
   -1
100
AcDbLine
 10
3.421561457779796
 20
3.037541796763579
 11
3.421696851480583
 21
3.037677072354129
  0
LINE
  5
9B3
100
AcDbEntity
  8
BLACK
  6
CONTINUOUS
 62
  256
370
   -1
100
AcDbLine
 10
3.421696851480583
 20
3.037677072354129
 11
3.421832166441213
 21
3.037812505424996
  0
LINE
  5
9B4
100
AcDbEntity
  8
BLACK
  6
CONTINUOUS
 62
  256
370
   -1
100
AcDbLine
 10
3.421832166441213
 20
3.037812505424996
 11
3.455021182189244
 21
3.060017269204524
  0
LINE
  5
9B5
100
AcDbEntity
  8
BLACK
  6
CONTINUOUS
 62
  256
370
   -1
100
AcDbLine
 10
3.455021182189244
 20
3.060017269204524
 11
3.455021457779796
 21
3.06001738731476
  0
LINE
  5
9B6
100
AcDbEntity
  8
BLACK
  6
CONTINUOUS
 62
  256
370
   -1
100
AcDbLine
 10
3.455021457779796
 20
3.06001738731476
 11
3.455021575890032
 21
3.060017544795075
  0
LINE
  5
9B7
100
AcDbEntity
  8
BLACK
  6
CONTINUOUS
 62
  256
370
   -1
100
AcDbLine
 10
3.455021575890032
 20
3.060017544795075
 11
3.455183544393969
 21
3.060084631409248
  0
LINE
  5
9B8
100
AcDbEntity
  8
BLACK
  6
CONTINUOUS
 62
  256
370
   -1
100
AcDbLine
 10
3.455183544393969
 20
3.060084631409248
 11
3.455375867228615
 21
3.060164434558854
  0
LINE
  5
9B9
100
AcDbEntity
  8
BLACK
  6
CONTINUOUS
 62
  256
370
   -1
100
AcDbLine
 10
3.455375867228615
 20
3.060164434558854
 11
3.455376064079009
 21
3.060164355818697
  0
LINE
  5
9BA
100
AcDbEntity
  8
BLACK
  6
CONTINUOUS
 62
  256
370
   -1
100
AcDbLine
 10
3.455376064079009
 20
3.060164355818697
 11
3.455376379039638
 21
3.060164513299012
  0
LINE
  5
9BB
100
AcDbEntity
  8
BLACK
  6
CONTINUOUS
 62
  256
370
   -1
100
AcDbLine
 10
3.455376379039638
 20
3.060164513299012
 11
3.494549607386095
 21
3.067959788889563
  0
LINE
  5
9BC
100
AcDbEntity
  8
BLACK
  6
CONTINUOUS
 62
  256
370
   -1
100
AcDbLine
 10
3.494549607386095
 20
3.067959788889563
 11
3.494646536519953
 21
3.067959788889563
  0
LINE
  5
9BD
100
AcDbEntity
  8
BLACK
  6
CONTINUOUS
 62
  256
370
   -1
100
AcDbLine
 10
3.494646536519953
 20
3.067959788889563
 11
3.494741694000268
 21
3.067978725897436
  0
LINE
  5
9BE
100
AcDbEntity
  8
BLACK
  6
CONTINUOUS
 62
  256
370
   -1
100
AcDbLine
 10
3.494741694000268
 20
3.067978725897436
 11
3.547891300299481
 21
3.067978725897436
  0
LINE
  5
9BF
100
AcDbEntity
  8
BLACK
  6
CONTINUOUS
 62
  256
370
   -1
100
AcDbLine
 10
3.494838623134127
 20
3.066010221960429
 11
3.455952835732552
 21
3.058272111724208
  0
LINE
  5
9C0
100
AcDbEntity
  8
BLACK
  6
CONTINUOUS
 62
  256
370
   -1
100
AcDbLine
 10
3.455952835732552
 20
3.058272111724208
 11
3.423089016834914
 21
3.036284946369878
  0
LINE
  5
9C1
100
AcDbEntity
  8
BLACK
  6
CONTINUOUS
 62
  256
370
   -1
100
AcDbLine
 10
3.423089016834914
 20
3.036284946369878
 11
3.401101812110504
 21
3.003421088102161
  0
LINE
  5
9C2
100
AcDbEntity
  8
BLACK
  6
CONTINUOUS
 62
  256
370
   -1
100
AcDbLine
 10
3.401101812110504
 20
3.003421088102161
 11
3.393382993212867
 21
2.964632269204523
  0
LINE
  5
9C3
100
AcDbEntity
  8
BLACK
  6
CONTINUOUS
 62
  256
370
   -1
100
AcDbLine
 10
3.393382993212867
 20
2.964632269204523
 11
3.401101812110504
 21
2.925843410936807
  0
LINE
  5
9C4
100
AcDbEntity
  8
BLACK
  6
CONTINUOUS
 62
  256
370
   -1
100
AcDbLine
 10
3.401101812110504
 20
2.925843410936807
 11
3.423089016834914
 21
2.89297955266909
  0
LINE
  5
9C5
100
AcDbEntity
  8
BLACK
  6
CONTINUOUS
 62
  256
370
   -1
100
AcDbLine
 10
3.423089016834914
 20
2.89297955266909
 11
3.455952835732552
 21
2.87099238731476
  0
LINE
  5
9C6
100
AcDbEntity
  8
BLACK
  6
CONTINUOUS
 62
  256
370
   -1
100
AcDbLine
 10
3.455952835732552
 20
2.87099238731476
 11
3.494838623134127
 21
2.863254316448618
  0
LINE
  5
9C7
100
AcDbEntity
  8
BLACK
  6
CONTINUOUS
 62
  256
370
   -1
100
AcDbLine
 10
3.494838623134127
 20
2.863254316448618
 11
3.624662953842789
 21
2.863254316448618
  0
LINE
  5
9C8
100
AcDbEntity
  8
BLACK
  6
CONTINUOUS
 62
  256
370
   -1
100
AcDbLine
 10
3.624662953842789
 20
2.863254316448618
 11
3.624896182189245
 21
2.863207899125784
  0
LINE
  5
9C9
100
AcDbEntity
  8
BLACK
  6
CONTINUOUS
 62
  256
370
   -1
100
AcDbLine
 10
3.624896182189245
 20
2.863207899125784
 11
3.624945355417591
 21
2.863212938495862
  0
LINE
  5
9CA
100
AcDbEntity
  8
BLACK
  6
CONTINUOUS
 62
  256
370
   -1
100
AcDbLine
 10
3.624945355417591
 20
2.863212938495862
 11
3.624990040456961
 21
2.86318923770846
  0
LINE
  5
9CB
100
AcDbEntity
  8
BLACK
  6
CONTINUOUS
 62
  256
370
   -1
100
AcDbLine
 10
3.624990040456961
 20
2.86318923770846
 11
3.625039607386094
 21
2.863179395188776
  0
LINE
  5
9CC
100
AcDbEntity
  8
BLACK
  6
CONTINUOUS
 62
  256
370
   -1
100
AcDbLine
 10
3.625039607386094
 20
2.863179395188776
 11
3.625074489275859
 21
2.863144473928933
  0
LINE
  5
9CD
100
AcDbEntity
  8
BLACK
  6
CONTINUOUS
 62
  256
370
   -1
100
AcDbLine
 10
3.625074489275859
 20
2.863144473928933
 11
3.625284686126252
 21
2.863033095976177
  0
LINE
  5
9CE
100
AcDbEntity
  8
BLACK
  6
CONTINUOUS
 62
  256
370
   -1
100
AcDbLine
 10
3.625284686126252
 20
2.863033095976177
 11
3.731312402661686
 21
2.776640143220272
  0
LINE
  5
9CF
100
AcDbEntity
  8
BLACK
  6
CONTINUOUS
 62
  256
370
   -1
100
AcDbLine
 10
3.731312402661686
 20
2.776640143220272
 11
3.904125749118379
 21
2.776640143220272
  0
LINE
  5
9D0
100
AcDbEntity
  8
BLACK
  6
CONTINUOUS
 62
  256
370
   -1
100
AcDbLine
 10
3.904125749118379
 20
2.776640143220272
 11
3.930429804236489
 21
2.780118686527358
  0
LINE
  5
9D1
100
AcDbEntity
  8
BLACK
  6
CONTINUOUS
 62
  256
370
   -1
100
AcDbLine
 10
3.930429804236489
 20
2.780118686527358
 11
3.954874922346725
 21
2.790216403062791
  0
LINE
  5
9D2
100
AcDbEntity
  8
BLACK
  6
CONTINUOUS
 62
  256
370
   -1
100
AcDbLine
 10
3.954874922346725
 20
2.790216403062791
 11
3.975850867228615
 21
2.806357702275389
  0
LINE
  5
9D3
100
AcDbEntity
  8
BLACK
  6
CONTINUOUS
 62
  256
370
   -1
100
AcDbLine
 10
3.975850867228615
 20
2.806357702275389
 11
3.991992127071134
 21
2.8273336077872
  0
LINE
  5
9D4
100
AcDbEntity
  8
BLACK
  6
CONTINUOUS
 62
  256
370
   -1
100
AcDbLine
 10
3.991992127071134
 20
2.8273336077872
 11
4.002089882976646
 21
2.851778765267516
  0
LINE
  5
9D5
100
AcDbEntity
  8
BLACK
  6
CONTINUOUS
 62
  256
370
   -1
100
AcDbLine
 10
4.002089882976646
 20
2.851778765267516
 11
4.005559882976646
 21
2.878018095976177
  0
LINE
  5
9D6
100
AcDbEntity
  8
BLACK
  6
CONTINUOUS
 62
  256
370
   -1
100
AcDbLine
 10
4.005559882976646
 20
2.878018095976177
 11
4.002089882976646
 21
2.904257387314759
  0
LINE
  5
9D7
100
AcDbEntity
  8
BLACK
  6
CONTINUOUS
 62
  256
370
   -1
100
AcDbLine
 10
4.002089882976646
 20
2.904257387314759
 11
3.991992127071134
 21
2.928702544795074
  0
LINE
  5
9D8
100
AcDbEntity
  8
BLACK
  6
CONTINUOUS
 62
  256
370
   -1
100
AcDbLine
 10
3.991992127071134
 20
2.928702544795074
 11
3.975850867228615
 21
2.949678450306886
  0
LINE
  5
9D9
100
AcDbEntity
  8
BLACK
  6
CONTINUOUS
 62
  256
370
   -1
100
AcDbLine
 10
3.975850867228615
 20
2.949678450306886
 11
3.954874922346725
 21
2.965819749519484
  0
LINE
  5
9DA
100
AcDbEntity
  8
BLACK
  6
CONTINUOUS
 62
  256
370
   -1
100
AcDbLine
 10
3.954874922346725
 20
2.965819749519484
 11
3.930429804236489
 21
2.975917466054917
  0
LINE
  5
9DB
100
AcDbEntity
  8
BLACK
  6
CONTINUOUS
 62
  256
370
   -1
100
AcDbLine
 10
3.930429804236489
 20
2.975917466054917
 11
3.904125749118379
 21
2.979396048732083
  0
LINE
  5
9DC
100
AcDbEntity
  8
BLACK
  6
CONTINUOUS
 62
  256
370
   -1
100
AcDbLine
 10
3.904125749118379
 20
2.979396048732083
 11
3.762458229433339
 21
2.979396048732083
  0
LINE
  5
9DD
100
AcDbEntity
  8
BLACK
  6
CONTINUOUS
 62
  256
370
   -1
100
AcDbLine
 10
3.762458229433339
 20
2.979396048732083
 11
3.762224961716804
 21
2.979442426684838
  0
LINE
  5
9DE
100
AcDbEntity
  8
BLACK
  6
CONTINUOUS
 62
  256
370
   -1
100
AcDbLine
 10
3.762224961716804
 20
2.979442426684838
 11
3.762175827858536
 21
2.979437426684838
  0
LINE
  5
9DF
100
AcDbEntity
  8
BLACK
  6
CONTINUOUS
 62
  256
370
   -1
100
AcDbLine
 10
3.762175827858536
 20
2.979437426684838
 11
3.762131103449088
 21
2.979461088102161
  0
LINE
  5
9E0
100
AcDbEntity
  8
BLACK
  6
CONTINUOUS
 62
  256
370
   -1
100
AcDbLine
 10
3.762131103449088
 20
2.979461088102161
 11
3.762081575890032
 21
2.979470969991925
  0
LINE
  5
9E1
100
AcDbEntity
  8
BLACK
  6
CONTINUOUS
 62
  256
370
   -1
100
AcDbLine
 10
3.762081575890032
 20
2.979470969991925
 11
3.76204665463019
 21
2.979505851881688
  0
LINE
  5
9E2
100
AcDbEntity
  8
BLACK
  6
CONTINUOUS
 62
  256
370
   -1
100
AcDbLine
 10
3.76204665463019
 20
2.979505851881688
 11
3.761836497149874
 21
2.979617269204524
  0
LINE
  5
9E3
100
AcDbEntity
  8
BLACK
  6
CONTINUOUS
 62
  256
370
   -1
100
AcDbLine
 10
3.761836497149874
 20
2.979617269204524
 11
3.655808780614441
 21
3.066010221960429
  0
LINE
  5
9E4
100
AcDbEntity
  8
BLACK
  6
CONTINUOUS
 62
  256
370
   -1
100
AcDbLine
 10
3.655808780614441
 20
3.066010221960429
 11
3.614820434157748
 21
3.066010221960429
  0
LINE
  5
9E5
100
AcDbEntity
  8
BLACK
  6
CONTINUOUS
 62
  256
370
   -1
100
AcDbLine
 10
3.614820434157748
 20
3.066010221960429
 11
3.547891300299481
 21
3.066010221960429
  0
LINE
  5
9E6
100
AcDbEntity
  8
BLACK
  6
CONTINUOUS
 62
  256
370
   -1
100
AcDbLine
 10
3.547891300299481
 20
3.066010221960429
 11
3.494838623134127
 21
3.066010221960429
  0
LINE
  5
9E7
100
AcDbEntity
  8
BLACK
  6
CONTINUOUS
 62
  256
370
   -1
100
AcDbLine
 10
1.245225001086882
 20
3.54632518259035
 11
1.245225001086882
 21
3.546325143220272
  0
LINE
  5
9E8
100
AcDbEntity
  8
BLACK
  6
CONTINUOUS
 62
  256
370
   -1
100
AcDbLine
 10
1.245225001086882
 20
3.546325143220272
 11
1.24522507982704
 21
3.54632518259035
  0
LINE
  5
9E9
100
AcDbEntity
  8
BLACK
  6
CONTINUOUS
 62
  256
370
   -1
100
AcDbLine
 10
1.24522507982704
 20
3.54632518259035
 11
4.191592087701055
 21
3.54632518259035
  0
LINE
  5
9EA
100
AcDbEntity
  8
BLACK
  6
CONTINUOUS
 62
  256
370
   -1
100
AcDbLine
 10
4.191592087701055
 20
3.54632518259035
 11
4.198941379039638
 21
3.545682190464366
  0
LINE
  5
9EB
100
AcDbEntity
  8
BLACK
  6
CONTINUOUS
 62
  256
370
   -1
100
AcDbLine
 10
4.198941379039638
 20
3.545682190464366
 11
4.206067363291607
 21
3.543772820385626
  0
LINE
  5
9EC
100
AcDbEntity
  8
BLACK
  6
CONTINUOUS
 62
  256
370
   -1
100
AcDbLine
 10
4.206067363291607
 20
3.543772820385626
 11
4.21275350502389
 21
3.540654985739956
  0
LINE
  5
9ED
100
AcDbEntity
  8
BLACK
  6
CONTINUOUS
 62
  256
370
   -1
100
AcDbLine
 10
4.21275350502389
 20
3.540654985739956
 11
4.218796694000268
 21
3.536423529047043
  0
LINE
  5
9EE
100
AcDbEntity
  8
BLACK
  6
CONTINUOUS
 62
  256
370
   -1
100
AcDbLine
 10
4.218796694000268
 20
3.536423529047043
 11
4.224013268803418
 21
3.531206954243893
  0
LINE
  5
9EF
100
AcDbEntity
  8
BLACK
  6
CONTINUOUS
 62
  256
370
   -1
100
AcDbLine
 10
4.224013268803418
 20
3.531206954243893
 11
4.228244725496332
 21
3.525163765267515
  0
LINE
  5
9F0
100
AcDbEntity
  8
BLACK
  6
CONTINUOUS
 62
  256
370
   -1
100
AcDbLine
 10
4.228244725496332
 20
3.525163765267515
 11
4.231362560142001
 21
3.518477623535232
  0
LINE
  5
9F1
100
AcDbEntity
  8
BLACK
  6
CONTINUOUS
 62
  256
370
   -1
100
AcDbLine
 10
4.231362560142001
 20
3.518477623535232
 11
4.233271930220741
 21
3.511351639283263
  0
LINE
  5
9F2
100
AcDbEntity
  8
BLACK
  6
CONTINUOUS
 62
  256
370
   -1
100
AcDbLine
 10
4.233271930220741
 20
3.511351639283263
 11
4.233914922346725
 21
3.504002347944681
  0
LINE
  5
9F3
100
AcDbEntity
  8
BLACK
  6
CONTINUOUS
 62
  256
370
   -1
100
AcDbLine
 10
4.233914922346725
 20
3.504002347944681
 11
4.233914922346725
 21
3.110301560543106
  0
LINE
  5
9F4
100
AcDbEntity
  8
BLACK
  6
CONTINUOUS
 62
  256
370
   -1
100
AcDbLine
 10
4.233914922346725
 20
3.110301560543106
 11
4.233914922346725
 21
3.107115458180902
  0
LINE
  5
9F5
100
AcDbEntity
  8
BLACK
  6
CONTINUOUS
 62
  256
370
   -1
100
AcDbLine
 10
4.233914922346725
 20
3.107115458180902
 11
4.235021457779796
 21
3.100840064480114
  0
LINE
  5
9F6
100
AcDbEntity
  8
BLACK
  6
CONTINUOUS
 62
  256
370
   -1
100
AcDbLine
 10
4.235021457779796
 20
3.100840064480114
 11
4.237200867228615
 21
3.094852151094287
  0
LINE
  5
9F7
100
AcDbEntity
  8
BLACK
  6
CONTINUOUS
 62
  256
370
   -1
100
AcDbLine
 10
4.237200867228615
 20
3.094852151094287
 11
4.240386969590819
 21
3.08933364715728
  0
LINE
  5
9F8
100
AcDbEntity
  8
BLACK
  6
CONTINUOUS
 62
  256
370
   -1
100
AcDbLine
 10
4.240386969590819
 20
3.08933364715728
 11
4.244482953842788
 21
3.084452269204523
  0
LINE
  5
9F9
100
AcDbEntity
  8
BLACK
  6
CONTINUOUS
 62
  256
370
   -1
100
AcDbLine
 10
4.244482953842788
 20
3.084452269204523
 11
4.249364331795544
 21
3.080356284952555
  0
LINE
  5
9FA
100
AcDbEntity
  8
BLACK
  6
CONTINUOUS
 62
  256
370
   -1
100
AcDbLine
 10
4.249364331795544
 20
3.080356284952555
 11
4.254882835732552
 21
3.077170182590351
  0
LINE
  5
9FB
100
AcDbEntity
  8
BLACK
  6
CONTINUOUS
 62
  256
370
   -1
100
AcDbLine
 10
4.254882835732552
 20
3.077170182590351
 11
4.260870749118379
 21
3.074990773141531
  0
LINE
  5
9FC
100
AcDbEntity
  8
BLACK
  6
CONTINUOUS
 62
  256
370
   -1
100
AcDbLine
 10
4.260870749118379
 20
3.074990773141531
 11
4.267146142819166
 21
3.073884237708461
  0
LINE
  5
9FD
100
AcDbEntity
  8
BLACK
  6
CONTINUOUS
 62
  256
370
   -1
100
AcDbLine
 10
4.267146142819166
 20
3.073884237708461
 11
4.27033224518137
 21
3.073884237708461
  0
LINE
  5
9FE
100
AcDbEntity
  8
BLACK
  6
CONTINUOUS
 62
  256
370
   -1
100
AcDbLine
 10
4.27033224518137
 20
3.073884237708461
 11
5.05773381998452
 21
3.073884237708461
  0
LINE
  5
9FF
100
AcDbEntity
  8
BLACK
  6
CONTINUOUS
 62
  256
370
   -1
100
AcDbLine
 10
5.05773381998452
 20
3.073884237708461
 11
5.065083111323103
 21
3.073241245582476
  0
LINE
  5
A00
100
AcDbEntity
  8
BLACK
  6
CONTINUOUS
 62
  256
370
   -1
100
AcDbLine
 10
5.065083111323103
 20
3.073241245582476
 11
5.072209095575071
 21
3.071331875503736
  0
LINE
  5
A01
100
AcDbEntity
  8
BLACK
  6
CONTINUOUS
 62
  256
370
   -1
100
AcDbLine
 10
5.072209095575071
 20
3.071331875503736
 11
5.078895237307355
 21
3.068214040858066
  0
LINE
  5
A02
100
AcDbEntity
  8
BLACK
  6
CONTINUOUS
 62
  256
370
   -1
100
AcDbLine
 10
5.078895237307355
 20
3.068214040858066
 11
5.084938426283733
 21
3.063982584165154
  0
LINE
  5
A03
100
AcDbEntity
  8
BLACK
  6
CONTINUOUS
 62
  256
370
   -1
100
AcDbLine
 10
5.084938426283733
 20
3.063982584165154
 11
5.090155001086883
 21
3.058766009362004
  0
LINE
  5
A04
100
AcDbEntity
  8
BLACK
  6
CONTINUOUS
 62
  256
370
   -1
100
AcDbLine
 10
5.090155001086883
 20
3.058766009362004
 11
5.094386457779795
 21
3.052722820385625
  0
LINE
  5
A05
100
AcDbEntity
  8
BLACK
  6
CONTINUOUS
 62
  256
370
   -1
100
AcDbLine
 10
5.094386457779795
 20
3.052722820385625
 11
5.097504292425465
 21
3.046036678653342
  0
LINE
  5
A06
100
AcDbEntity
  8
BLACK
  6
CONTINUOUS
 62
  256
370
   -1
100
AcDbLine
 10
5.097504292425465
 20
3.046036678653342
 11
5.099413662504205
 21
3.038910694401374
  0
LINE
  5
A07
100
AcDbEntity
  8
BLACK
  6
CONTINUOUS
 62
  256
370
   -1
100
AcDbLine
 10
5.099413662504205
 20
3.038910694401374
 11
5.10005665463019
 21
3.031561403062791
  0
LINE
  5
A08
100
AcDbEntity
  8
BLACK
  6
CONTINUOUS
 62
  256
370
   -1
100
AcDbLine
 10
5.10005665463019
 20
3.031561403062791
 11
5.10005665463019
 21
0.9063917573935002
  0
LINE
  5
A09
100
AcDbEntity
  8
BLACK
  6
CONTINUOUS
 62
  256
370
   -1
100
AcDbLine
 10
5.10005633966956
 20
0.9063889621179096
 11
5.10005476486641
 21
0.9034722298344452
  0
LINE
  5
A0A
100
AcDbEntity
  8
BLACK
  6
CONTINUOUS
 62
  256
370
   -1
100
AcDbLine
 10
5.10005476486641
 20
0.9034722298344452
 11
5.100985040456961
 21
0.89770770227539
  0
LINE
  5
A0B
100
AcDbEntity
  8
BLACK
  6
CONTINUOUS
 62
  256
370
   -1
100
AcDbLine
 10
5.100985040456961
 20
0.89770770227539
 11
5.102821733370347
 21
0.8921650251100358
  0
LINE
  5
A0C
100
AcDbEntity
  8
BLACK
  6
CONTINUOUS
 62
  256
370
   -1
100
AcDbLine
 10
5.102821733370347
 20
0.8921650251100358
 11
5.105517953842788
 21
0.8869856944013744
  0
LINE
  5
A0D
100
AcDbEntity
  8
BLACK
  6
CONTINUOUS
 62
  256
370
   -1
100
AcDbLine
 10
5.105517953842788
 20
0.8869856944013744
 11
5.109004882976646
 21
0.8823020329840515
  0
LINE
  5
A0E
100
AcDbEntity
  8
BLACK
  6
CONTINUOUS
 62
  256
370
   -1
100
AcDbLine
 10
5.109004882976646
 20
0.8823020329840515
 11
5.113193386913654
 21
0.8782336865273584
  0
LINE
  5
A0F
100
AcDbEntity
  8
BLACK
  6
CONTINUOUS
 62
  256
370
   -1
100
AcDbLine
 10
5.113193386913654
 20
0.8782336865273584
 11
5.115585867228615
 21
0.8765604581809018
  0
LINE
  5
A10
100
AcDbEntity
  8
BLACK
  6
CONTINUOUS
 62
  256
370
   -1
100
AcDbLine
 10
5.115585867228615
 20
0.8765604581809018
 11
5.115585906598693
 21
0.8765603794407443
  0
LINE
  5
A11
100
AcDbEntity
  8
BLACK
  6
CONTINUOUS
 62
  256
370
   -1
100
AcDbLine
 10
5.115585906598693
 20
0.8765603794407443
 11
5.207011142819166
 21
0.8125437258974372
  0
LINE
  5
A12
100
AcDbEntity
  8
BLACK
  6
CONTINUOUS
 62
  256
370
   -1
100
AcDbLine
 10
5.207011142819166
 20
0.8125437258974372
 11
5.207011260929402
 21
0.8125436865273584
  0
LINE
  5
A13
100
AcDbEntity
  8
BLACK
  6
CONTINUOUS
 62
  256
370
   -1
100
AcDbLine
 10
5.207011260929402
 20
0.8125436865273584
 11
5.212662678252237
 21
0.8078017180234217
  0
LINE
  5
A14
100
AcDbEntity
  8
BLACK
  6
CONTINUOUS
 62
  256
370
   -1
100
AcDbLine
 10
5.212662678252237
 20
0.8078017180234217
 11
5.217404725496332
 21
0.8021503794407444
  0
LINE
  5
A15
100
AcDbEntity
  8
BLACK
  6
CONTINUOUS
 62
  256
370
   -1
100
AcDbLine
 10
5.217404725496332
 20
0.8021503794407444
 11
5.221093347543575
 21
0.7957614424328704
  0
LINE
  5
A16
100
AcDbEntity
  8
BLACK
  6
CONTINUOUS
 62
  256
370
   -1
100
AcDbLine
 10
5.221093347543575
 20
0.7957614424328704
 11
5.223616418409717
 21
0.7888290014879885
  0
LINE
  5
A17
100
AcDbEntity
  8
BLACK
  6
CONTINUOUS
 62
  256
370
   -1
100
AcDbLine
 10
5.223616418409717
 20
0.7888290014879885
 11
5.224897323921528
 21
0.7815637258974372
  0
LINE
  5
A18
100
AcDbEntity
  8
BLACK
  6
CONTINUOUS
 62
  256
370
   -1
100
AcDbLine
 10
5.224897323921528
 20
0.7815637258974372
 11
5.224897087701056
 21
0.7741864424328703
  0
LINE
  5
A19
100
AcDbEntity
  8
BLACK
  6
CONTINUOUS
 62
  256
370
   -1
100
AcDbLine
 10
5.224897087701056
 20
0.7741864424328703
 11
5.223615749118379
 21
0.7669212455824767
  0
LINE
  5
A1A
100
AcDbEntity
  8
BLACK
  6
CONTINUOUS
 62
  256
370
   -1
100
AcDbLine
 10
5.223615749118379
 20
0.7669212455824767
 11
5.221092245181371
 21
0.7599890014879885
  0
LINE
  5
A1B
100
AcDbEntity
  8
BLACK
  6
CONTINUOUS
 62
  256
370
   -1
100
AcDbLine
 10
5.221092245181371
 20
0.7599890014879885
 11
5.217482560142001
 21
0.7537377022753901
  0
LINE
  5
A1C
100
AcDbEntity
  8
BLACK
  6
CONTINUOUS
 62
  256
370
   -1
100
AcDbLine
 10
5.217482560142001
 20
0.7537377022753901
 11
5.21740476486641
 21
0.7535994345588547
  0
LINE
  5
A1D
100
AcDbEntity
  8
BLACK
  6
CONTINUOUS
 62
  256
370
   -1
100
AcDbLine
 10
5.21740476486641
 20
0.7535994345588547
 11
4.766326339669559
 21
0.1093927416454689
  0
LINE
  5
A1E
100
AcDbEntity
  8
BLACK
  6
CONTINUOUS
 62
  256
370
   -1
100
AcDbLine
 10
4.766326339669559
 20
0.1093927416454689
 11
4.766326260929402
 21
0.1093927022753901
  0
LINE
  5
A1F
100
AcDbEntity
  8
BLACK
  6
CONTINUOUS
 62
  256
370
   -1
100
AcDbLine
 10
4.766326260929402
 20
0.1093927022753901
 11
4.766326300299481
 21
0.1093927022753901
  0
LINE
  5
A20
100
AcDbEntity
  8
BLACK
  6
CONTINUOUS
 62
  256
370
   -1
100
AcDbLine
 10
4.766326300299481
 20
0.1093927022753901
 11
4.761503150693182
 21
0.1036606550312956
  0
LINE
  5
A21
100
AcDbEntity
  8
BLACK
  6
CONTINUOUS
 62
  256
370
   -1
100
AcDbLine
 10
4.761503150693182
 20
0.1036606550312956
 11
4.755744961716804
 21
0.09886880463759484
  0
LINE
  5
A22
100
AcDbEntity
  8
BLACK
  6
CONTINUOUS
 62
  256
370
   -1
100
AcDbLine
 10
4.755744961716804
 20
0.09886880463759484
 11
4.749232087701055
 21
0.0951672692045239
  0
LINE
  5
A23
100
AcDbEntity
  8
BLACK
  6
CONTINUOUS
 62
  256
370
   -1
100
AcDbLine
 10
4.749232087701055
 20
0.0951672692045239
 11
4.742168623134127
 21
0.09267203298405147
  0
LINE
  5
A24
100
AcDbEntity
  8
BLACK
  6
CONTINUOUS
 62
  256
370
   -1
100
AcDbLine
 10
4.742168623134127
 20
0.09267203298405147
 11
4.734775867228615
 21
0.09146128495255545
  0
LINE
  5
A25
100
AcDbEntity
  8
BLACK
  6
CONTINUOUS
 62
  256
370
   -1
100
AcDbLine
 10
4.734775867228615
 20
0.09146128495255545
 11
4.727285434157748
 21
0.09157293849586245
  0
LINE
  5
A26
100
AcDbEntity
  8
BLACK
  6
CONTINUOUS
 62
  256
370
   -1
100
AcDbLine
 10
4.727285434157748
 20
0.09157293849586245
 11
4.719932048330977
 21
0.09300352904704356
  0
LINE
  5
A27
100
AcDbEntity
  8
BLACK
  6
CONTINUOUS
 62
  256
370
   -1
100
AcDbLine
 10
4.719932048330977
 20
0.09300352904704356
 11
4.712946103449087
 21
0.09570821408641372
  0
LINE
  5
A28
100
AcDbEntity
  8
BLACK
  6
CONTINUOUS
 62
  256
370
   -1
100
AcDbLine
 10
4.712946103449087
 20
0.09570821408641372
 11
4.706726457779796
 21
0.09949270227539009
  0
LINE
  5
A29
100
AcDbEntity
  8
BLACK
  6
CONTINUOUS
 62
  256
370
   -1
100
AcDbLine
 10
4.706726457779796
 20
0.09949270227539009
 11
4.706545355417591
 21
0.09960053692105941
  0
LINE
  5
A2A
100
AcDbEntity
  8
BLACK
  6
CONTINUOUS
 62
  256
370
   -1
100
AcDbLine
 10
4.706545355417591
 20
0.09960053692105941
 11
4.160887875102631
 21
0.5018202613305082
  0
LINE
  5
A2B
100
AcDbEntity
  8
BLACK
  6
CONTINUOUS
 62
  256
370
   -1
100
AcDbLine
 10
4.160887875102631
 20
0.5018202613305082
 11
4.160881575890032
 21
0.5018259306218468
  0
LINE
  5
A2C
100
AcDbEntity
  8
BLACK
  6
CONTINUOUS
 62
  256
370
   -1
100
AcDbLine
 10
4.160881575890032
 20
0.5018259306218468
 11
4.158554568016016
 21
0.5035380566060988
  0
LINE
  5
A2D
100
AcDbEntity
  8
BLACK
  6
CONTINUOUS
 62
  256
370
   -1
100
AcDbLine
 10
4.158554568016016
 20
0.5035380566060988
 11
4.153404725496332
 21
0.5061954581809019
  0
LINE
  5
A2E
100
AcDbEntity
  8
BLACK
  6
CONTINUOUS
 62
  256
370
   -1
100
AcDbLine
 10
4.153404725496332
 20
0.5061954581809019
 11
4.14789944990578
 21
0.5080050251100358
  0
LINE
  5
A2F
100
AcDbEntity
  8
BLACK
  6
CONTINUOUS
 62
  256
370
   -1
100
AcDbLine
 10
4.14789944990578
 20
0.5080050251100358
 11
4.142177323921528
 21
0.5089212455824766
  0
LINE
  5
A30
100
AcDbEntity
  8
BLACK
  6
CONTINUOUS
 62
  256
370
   -1
100
AcDbLine
 10
4.142177323921528
 20
0.5089212455824766
 11
4.13928007982704
 21
0.5089236471572799
  0
LINE
  5
A31
100
AcDbEntity
  8
BLACK
  6
CONTINUOUS
 62
  256
370
   -1
100
AcDbLine
 10
4.13928007982704
 20
0.5089236471572799
 11
4.139279686126253
 21
0.5089236077872011
  0
LINE
  5
A32
100
AcDbEntity
  8
BLACK
  6
CONTINUOUS
 62
  256
370
   -1
100
AcDbLine
 10
4.139279686126253
 20
0.5089236077872011
 11
3.404190512897906
 21
0.5089236077872011
  0
LINE
  5
A33
100
AcDbEntity
  8
BLACK
  6
CONTINUOUS
 62
  256
370
   -1
100
AcDbLine
 10
3.404190512897906
 20
0.5089236077872011
 11
3.396841221559324
 21
0.5095665999131854
  0
LINE
  5
A34
100
AcDbEntity
  8
BLACK
  6
CONTINUOUS
 62
  256
370
   -1
100
AcDbLine
 10
3.396841221559324
 20
0.5095665999131854
 11
3.389715237307355
 21
0.5114759699919255
  0
LINE
  5
A35
100
AcDbEntity
  8
BLACK
  6
CONTINUOUS
 62
  256
370
   -1
100
AcDbLine
 10
3.389715237307355
 20
0.5114759699919255
 11
3.383029095575071
 21
0.5145938046375947
  0
LINE
  5
A36
100
AcDbEntity
  8
BLACK
  6
CONTINUOUS
 62
  256
370
   -1
100
AcDbLine
 10
3.383029095575071
 20
0.5145938046375947
 11
3.376985906598693
 21
0.5188252613305081
  0
LINE
  5
A37
100
AcDbEntity
  8
BLACK
  6
CONTINUOUS
 62
  256
370
   -1
100
AcDbLine
 10
3.376985906598693
 20
0.5188252613305081
 11
3.371769331795544
 21
0.5240418361336577
  0
LINE
  5
A38
100
AcDbEntity
  8
BLACK
  6
CONTINUOUS
 62
  256
370
   -1
100
AcDbLine
 10
3.371769331795544
 20
0.5240418361336577
 11
3.36753787510263
 21
0.5300850251100359
  0
LINE
  5
A39
100
AcDbEntity
  8
BLACK
  6
CONTINUOUS
 62
  256
370
   -1
100
AcDbLine
 10
3.36753787510263
 20
0.5300850251100359
 11
3.364420040456961
 21
0.5367711668423191
  0
LINE
  5
A3A
100
AcDbEntity
  8
BLACK
  6
CONTINUOUS
 62
  256
370
   -1
100
AcDbLine
 10
3.364420040456961
 20
0.5367711668423191
 11
3.362510670378221
 21
0.5438971510942877
  0
LINE
  5
A3B
100
AcDbEntity
  8
BLACK
  6
CONTINUOUS
 62
  256
370
   -1
100
AcDbLine
 10
3.362510670378221
 20
0.5438971510942877
 11
3.361867678252237
 21
0.5512464424328704
  0
LINE
  5
A3C
100
AcDbEntity
  8
BLACK
  6
CONTINUOUS
 62
  256
370
   -1
100
AcDbLine
 10
3.361867678252237
 20
0.5512464424328704
 11
3.361867678252237
 21
1.299277938495862
  0
LINE
  5
A3D
100
AcDbEntity
  8
BLACK
  6
CONTINUOUS
 62
  256
370
   -1
100
AcDbLine
 10
3.361867678252237
 20
1.299277938495862
 11
3.361867678252237
 21
1.302464040858067
  0
LINE
  5
A3E
100
AcDbEntity
  8
BLACK
  6
CONTINUOUS
 62
  256
370
   -1
100
AcDbLine
 10
3.361867678252237
 20
1.302464040858067
 11
3.360761142819166
 21
1.308739434558855
  0
LINE
  5
A3F
100
AcDbEntity
  8
BLACK
  6
CONTINUOUS
 62
  256
370
   -1
100
AcDbLine
 10
3.360761142819166
 20
1.308739434558855
 11
3.358581733370347
 21
1.314727347944681
  0
LINE
  5
A40
100
AcDbEntity
  8
BLACK
  6
CONTINUOUS
 62
  256
370
   -1
100
AcDbLine
 10
3.358581733370347
 20
1.314727347944681
 11
3.355395631008142
 21
1.320245851881689
  0
LINE
  5
A41
100
AcDbEntity
  8
BLACK
  6
CONTINUOUS
 62
  256
370
   -1
100
AcDbLine
 10
3.355395631008142
 20
1.320245851881689
 11
3.351299646756174
 21
1.325127229834445
  0
LINE
  5
A42
100
AcDbEntity
  8
BLACK
  6
CONTINUOUS
 62
  256
370
   -1
100
AcDbLine
 10
3.351299646756174
 20
1.325127229834445
 11
3.346418268803418
 21
1.329223214086414
  0
LINE
  5
A43
100
AcDbEntity
  8
BLACK
  6
CONTINUOUS
 62
  256
370
   -1
100
AcDbLine
 10
3.346418268803418
 20
1.329223214086414
 11
3.34089976486641
 21
1.332409316448619
  0
LINE
  5
A44
100
AcDbEntity
  8
BLACK
  6
CONTINUOUS
 62
  256
370
   -1
100
AcDbLine
 10
3.34089976486641
 20
1.332409316448619
 11
3.334911851480583
 21
1.334588725897437
  0
LINE
  5
A45
100
AcDbEntity
  8
BLACK
  6
CONTINUOUS
 62
  256
370
   -1
100
AcDbLine
 10
3.334911851480583
 20
1.334588725897437
 11
3.328636457779796
 21
1.335695261330508
  0
LINE
  5
A46
100
AcDbEntity
  8
BLACK
  6
CONTINUOUS
 62
  256
370
   -1
100
AcDbLine
 10
3.328636457779796
 20
1.335695261330508
 11
3.325450355417591
 21
1.335695261330508
  0
LINE
  5
A47
100
AcDbEntity
  8
BLACK
  6
CONTINUOUS
 62
  256
370
   -1
100
AcDbLine
 10
3.325450355417591
 20
1.335695261330508
 11
1.955578741244363
 21
1.335695261330508
  0
LINE
  5
A48
100
AcDbEntity
  8
BLACK
  6
CONTINUOUS
 62
  256
370
   -1
100
AcDbLine
 10
1.955578741244363
 20
1.335695261330508
 11
1.955578623134127
 21
1.335695261330508
  0
LINE
  5
A49
100
AcDbEntity
  8
BLACK
  6
CONTINUOUS
 62
  256
370
   -1
100
AcDbLine
 10
1.955578623134127
 20
1.335695261330508
 11
1.95557224518137
 21
1.335695891251768
  0
LINE
  5
A4A
100
AcDbEntity
  8
BLACK
  6
CONTINUOUS
 62
  256
370
   -1
100
AcDbLine
 10
1.95557224518137
 20
1.335695891251768
 11
1.953117599512079
 21
1.335694198338382
  0
LINE
  5
A4B
100
AcDbEntity
  8
BLACK
  6
CONTINUOUS
 62
  256
370
   -1
100
AcDbLine
 10
1.953117599512079
 20
1.335694198338382
 11
1.948240040456961
 21
1.335031678653343
  0
LINE
  5
A4C
100
AcDbEntity
  8
BLACK
  6
CONTINUOUS
 62
  256
370
   -1
100
AcDbLine
 10
1.948240040456961
 20
1.335031678653343
 11
1.94349602470893
 21
1.333718922747831
  0
LINE
  5
A4D
100
AcDbEntity
  8
BLACK
  6
CONTINUOUS
 62
  256
370
   -1
100
AcDbLine
 10
1.94349602470893
 20
1.333718922747831
 11
1.941233268803418
 21
1.332750773141532
  0
LINE
  5
A4E
100
AcDbEntity
  8
BLACK
  6
CONTINUOUS
 62
  256
370
   -1
100
AcDbLine
 10
1.941233268803418
 20
1.332750773141532
 11
1.941233150693182
 21
1.332750773141532
  0
LINE
  5
A4F
100
AcDbEntity
  8
BLACK
  6
CONTINUOUS
 62
  256
370
   -1
100
AcDbLine
 10
1.941233150693182
 20
1.332750773141532
 11
1.941233111323103
 21
1.332750733771453
  0
LINE
  5
A50
100
AcDbEntity
  8
BLACK
  6
CONTINUOUS
 62
  256
370
   -1
100
AcDbLine
 10
1.941233111323103
 20
1.332750733771453
 11
1.404907284551449
 21
1.102896796763579
  0
LINE
  5
A51
100
AcDbEntity
  8
BLACK
  6
CONTINUOUS
 62
  256
370
   -1
100
AcDbLine
 10
1.404907284551449
 20
1.102896796763579
 11
1.404905355417591
 21
1.102896206212398
  0
LINE
  5
A52
100
AcDbEntity
  8
BLACK
  6
CONTINUOUS
 62
  256
370
   -1
100
AcDbLine
 10
1.404905355417591
 20
1.102896206212398
 11
1.399521497149875
 21
1.101007151094288
  0
LINE
  5
A53
100
AcDbEntity
  8
BLACK
  6
CONTINUOUS
 62
  256
370
   -1
100
AcDbLine
 10
1.399521497149875
 20
1.101007151094288
 11
1.393930355417591
 21
1.09985927707854
  0
LINE
  5
A54
100
AcDbEntity
  8
BLACK
  6
CONTINUOUS
 62
  256
370
   -1
100
AcDbLine
 10
1.393930355417591
 20
1.09985927707854
 11
1.388235591638064
 21
1.099474158968303
  0
LINE
  5
A55
100
AcDbEntity
  8
BLACK
  6
CONTINUOUS
 62
  256
370
   -1
100
AcDbLine
 10
1.388235591638064
 20
1.099474158968303
 11
1.388235591638064
 21
1.099474788889563
  0
LINE
  5
A56
100
AcDbEntity
  8
BLACK
  6
CONTINUOUS
 62
  256
370
   -1
100
AcDbLine
 10
1.388235591638064
 20
1.099474788889563
 11
1.388235552267985
 21
1.099474828259642
  0
LINE
  5
A57
100
AcDbEntity
  8
BLACK
  6
CONTINUOUS
 62
  256
370
   -1
100
AcDbLine
 10
1.388235552267985
 20
1.099474828259642
 11
1.388235473527827
 21
1.099474788889563
  0
LINE
  5
A58
100
AcDbEntity
  8
BLACK
  6
CONTINUOUS
 62
  256
370
   -1
100
AcDbLine
 10
1.388235473527827
 20
1.099474788889563
 11
0.5695448436065675
 21
1.099474788889563
  0
LINE
  5
A59
100
AcDbEntity
  8
BLACK
  6
CONTINUOUS
 62
  256
370
   -1
100
AcDbLine
 10
0.5695448436065675
 20
1.099474788889563
 11
0.5621955522679847
 21
1.100117781015547
  0
LINE
  5
A5A
100
AcDbEntity
  8
BLACK
  6
CONTINUOUS
 62
  256
370
   -1
100
AcDbLine
 10
0.5621955522679847
 20
1.100117781015547
 11
0.5550695680160163
 21
1.102027151094288
  0
LINE
  5
A5B
100
AcDbEntity
  8
BLACK
  6
CONTINUOUS
 62
  256
370
   -1
100
AcDbLine
 10
0.5550695680160163
 20
1.102027151094288
 11
0.548383426283733
 21
1.105144946369878
  0
LINE
  5
A5C
100
AcDbEntity
  8
BLACK
  6
CONTINUOUS
 62
  256
370
   -1
100
AcDbLine
 10
0.548383426283733
 20
1.105144946369878
 11
0.5423402373073549
 21
1.10937644243287
  0
LINE
  5
A5D
100
AcDbEntity
  8
BLACK
  6
CONTINUOUS
 62
  256
370
   -1
100
AcDbLine
 10
0.5423402373073549
 20
1.10937644243287
 11
0.5371236625042053
 21
1.11459301723602
  0
LINE
  5
A5E
100
AcDbEntity
  8
BLACK
  6
CONTINUOUS
 62
  256
370
   -1
100
AcDbLine
 10
0.5371236625042053
 20
1.11459301723602
 11
0.5328921664412132
 21
1.120636206212398
  0
LINE
  5
A5F
100
AcDbEntity
  8
BLACK
  6
CONTINUOUS
 62
  256
370
   -1
100
AcDbLine
 10
0.5328921664412132
 20
1.120636206212398
 11
0.5297743711656226
 21
1.127322347944681
  0
LINE
  5
A60
100
AcDbEntity
  8
BLACK
  6
CONTINUOUS
 62
  256
370
   -1
100
AcDbLine
 10
0.5297743711656226
 20
1.127322347944681
 11
0.5278650010868824
 21
1.13444833219665
  0
LINE
  5
A61
100
AcDbEntity
  8
BLACK
  6
CONTINUOUS
 62
  256
370
   -1
100
AcDbLine
 10
0.5278650010868824
 20
1.13444833219665
 11
0.5272220089608983
 21
1.141797623535233
  0
LINE
  5
A62
100
AcDbEntity
  8
BLACK
  6
CONTINUOUS
 62
  256
370
   -1
100
AcDbLine
 10
0.5272220089608983
 20
1.141797623535233
 11
0.5272220089608983
 21
3.278775615661217
  0
LINE
  5
A63
100
AcDbEntity
  8
BLACK
  6
CONTINUOUS
 62
  256
370
   -1
100
AcDbLine
 10
0.5272220089608983
 20
3.278775615661217
 11
0.5278939774648352
 21
3.286287466054917
  0
LINE
  5
A64
100
AcDbEntity
  8
BLACK
  6
CONTINUOUS
 62
  256
370
   -1
100
AcDbLine
 10
0.5278939774648352
 20
3.286287466054917
 11
0.5298885837640479
 21
3.29356081251161
  0
LINE
  5
A65
100
AcDbEntity
  8
BLACK
  6
CONTINUOUS
 62
  256
370
   -1
100
AcDbLine
 10
0.5298885837640479
 20
3.29356081251161
 11
0.5331424420317643
 21
3.300364631409248
  0
LINE
  5
A66
100
AcDbEntity
  8
BLACK
  6
CONTINUOUS
 62
  256
370
   -1
100
AcDbLine
 10
0.5331424420317643
 20
3.300364631409248
 11
0.5375522451813708
 21
3.306482899125784
  0
LINE
  5
A67
100
AcDbEntity
  8
BLACK
  6
CONTINUOUS
 62
  256
370
   -1
100
AcDbLine
 10
0.5375522451813708
 20
3.306482899125784
 11
0.5429779538427879
 21
3.311721363692713
  0
LINE
  5
A68
100
AcDbEntity
  8
BLACK
  6
CONTINUOUS
 62
  256
370
   -1
100
AcDbLine
 10
0.5429779538427879
 20
3.311721363692713
 11
0.5492472845514493
 21
3.3159136077872
  0
LINE
  5
A69
100
AcDbEntity
  8
BLACK
  6
CONTINUOUS
 62
  256
370
   -1
100
AcDbLine
 10
0.5492472845514493
 20
3.3159136077872
 11
0.5561611821892447
 21
3.318926560543106
  0
LINE
  5
A6A
100
AcDbEntity
  8
BLACK
  6
CONTINUOUS
 62
  256
370
   -1
100
AcDbLine
 10
0.5561611821892447
 20
3.318926560543106
 11
1.231841300299481
 21
3.544153253456492
  0
LINE
  5
A6B
100
AcDbEntity
  8
BLACK
  6
CONTINUOUS
 62
  256
370
   -1
100
AcDbLine
 10
1.231841300299481
 20
3.544153253456492
 11
1.23184133966956
 21
3.544153292826571
  0
LINE
  5
A6C
100
AcDbEntity
  8
BLACK
  6
CONTINUOUS
 62
  256
370
   -1
100
AcDbLine
 10
1.23184133966956
 20
3.544153292826571
 11
1.23184133966956
 21
3.544153253456492
  0
LINE
  5
A6D
100
AcDbEntity
  8
BLACK
  6
CONTINUOUS
 62
  256
370
   -1
100
AcDbLine
 10
1.23184133966956
 20
3.544153253456492
 11
1.231841418409717
 21
3.544153292826571
  0
LINE
  5
A6E
100
AcDbEntity
  8
BLACK
  6
CONTINUOUS
 62
  256
370
   -1
100
AcDbLine
 10
1.231841418409717
 20
3.544153292826571
 11
1.231842008960898
 21
3.544153410936807
  0
LINE
  5
A6F
100
AcDbEntity
  8
BLACK
  6
CONTINUOUS
 62
  256
370
   -1
100
AcDbLine
 10
1.231842008960898
 20
3.544153410936807
 11
1.236216182189245
 21
3.545355300700586
  0
LINE
  5
A70
100
AcDbEntity
  8
BLACK
  6
CONTINUOUS
 62
  256
370
   -1
100
AcDbLine
 10
1.236216182189245
 20
3.545355300700586
 11
1.240694568016016
 21
3.546082151094287
  0
LINE
  5
A71
100
AcDbEntity
  8
BLACK
  6
CONTINUOUS
 62
  256
370
   -1
100
AcDbLine
 10
1.240694568016016
 20
3.546082151094287
 11
1.245225001086882
 21
3.546325418810823
  0
LINE
  5
A72
100
AcDbEntity
  8
BLACK
  6
CONTINUOUS
 62
  256
370
   -1
100
AcDbLine
 10
1.245225001086882
 20
3.546325418810823
 11
1.245225001086882
 21
3.54632518259035
  0
LINE
  5
A73
100
AcDbEntity
  8
BLACK
  6
CONTINUOUS
 62
  256
370
   -1
100
AcDbLine
 10
1.243270434157749
 20
3.540419119598224
 11
1.239383426283733
 21
3.540000576291138
  0
LINE
  5
A74
100
AcDbEntity
  8
BLACK
  6
CONTINUOUS
 62
  256
370
   -1
100
AcDbLine
 10
1.239383426283733
 20
3.540000576291138
 11
1.235563623134126
 21
3.53916833219665
  0
LINE
  5
A75
100
AcDbEntity
  8
BLACK
  6
CONTINUOUS
 62
  256
370
   -1
100
AcDbLine
 10
1.235563623134126
 20
3.53916833219665
 11
1.233708977464835
 21
3.538550851881689
  0
LINE
  5
A76
100
AcDbEntity
  8
BLACK
  6
CONTINUOUS
 62
  256
370
   -1
100
AcDbLine
 10
1.233708977464835
 20
3.538550851881689
 11
1.233708859354599
 21
3.53855081251161
  0
LINE
  5
A77
100
AcDbEntity
  8
BLACK
  6
CONTINUOUS
 62
  256
370
   -1
100
AcDbLine
 10
1.233708859354599
 20
3.53855081251161
 11
0.5580286625042052
 21
3.313324119598224
  0
LINE
  5
A78
100
AcDbEntity
  8
BLACK
  6
CONTINUOUS
 62
  256
370
   -1
100
AcDbLine
 10
0.5580286625042052
 20
3.313324119598224
 11
0.5549374026616856
 21
3.312295576291137
  0
LINE
  5
A79
100
AcDbEntity
  8
BLACK
  6
CONTINUOUS
 62
  256
370
   -1
100
AcDbLine
 10
0.5549374026616856
 20
3.312295576291137
 11
0.5492198829766461
 21
3.309170694401374
  0
LINE
  5
A7A
100
AcDbEntity
  8
BLACK
  6
CONTINUOUS
 62
  256
370
   -1
100
AcDbLine
 10
0.5492198829766461
 20
3.309170694401374
 11
0.544147796362473
 21
3.305080615661216
  0
LINE
  5
A7B
100
AcDbEntity
  8
BLACK
  6
CONTINUOUS
 62
  256
370
   -1
100
AcDbLine
 10
0.544147796362473
 20
3.305080615661216
 11
0.5398821664412132
 21
3.300155261330508
  0
LINE
  5
A7C
100
AcDbEntity
  8
BLACK
  6
CONTINUOUS
 62
  256
370
   -1
100
AcDbLine
 10
0.5398821664412132
 20
3.300155261330508
 11
0.5365584656538116
 21
3.294550969991925
  0
LINE
  5
A7D
100
AcDbEntity
  8
BLACK
  6
CONTINUOUS
 62
  256
370
   -1
100
AcDbLine
 10
0.5365584656538116
 20
3.294550969991925
 11
0.5342822451813707
 21
3.288445773141532
  0
LINE
  5
A7E
100
AcDbEntity
  8
BLACK
  6
CONTINUOUS
 62
  256
370
   -1
100
AcDbLine
 10
0.5342822451813707
 20
3.288445773141532
 11
0.5331257491183785
 21
3.282033489676964
  0
LINE
  5
A7F
100
AcDbEntity
  8
BLACK
  6
CONTINUOUS
 62
  256
370
   -1
100
AcDbLine
 10
0.5331257491183785
 20
3.282033489676964
 11
0.5331275207719219
 21
3.278775615661217
  0
LINE
  5
A80
100
AcDbEntity
  8
BLACK
  6
CONTINUOUS
 62
  256
370
   -1
100
AcDbLine
 10
0.5331275207719219
 20
3.278775615661217
 11
0.5331275207719219
 21
1.141797623535233
  0
LINE
  5
A81
100
AcDbEntity
  8
BLACK
  6
CONTINUOUS
 62
  256
370
   -1
100
AcDbLine
 10
0.5331275207719219
 20
1.141797623535233
 11
0.5331275207719219
 21
1.138611521173028
  0
LINE
  5
A82
100
AcDbEntity
  8
BLACK
  6
CONTINUOUS
 62
  256
370
   -1
100
AcDbLine
 10
0.5331275207719219
 20
1.138611521173028
 11
0.5342340562049928
 21
1.13233612747224
  0
LINE
  5
A83
100
AcDbEntity
  8
BLACK
  6
CONTINUOUS
 62
  256
370
   -1
100
AcDbLine
 10
0.5342340562049928
 20
1.13233612747224
 11
0.5364134656538115
 21
1.126348214086414
  0
LINE
  5
A84
100
AcDbEntity
  8
BLACK
  6
CONTINUOUS
 62
  256
370
   -1
100
AcDbLine
 10
0.5364134656538115
 20
1.126348214086414
 11
0.5395995680160164
 21
1.120829710149406
  0
LINE
  5
A85
100
AcDbEntity
  8
BLACK
  6
CONTINUOUS
 62
  256
370
   -1
100
AcDbLine
 10
0.5395995680160164
 20
1.120829710149406
 11
0.5436955522679847
 21
1.11594833219665
  0
LINE
  5
A86
100
AcDbEntity
  8
BLACK
  6
CONTINUOUS
 62
  256
370
   -1
100
AcDbLine
 10
0.5436955522679847
 20
1.11594833219665
 11
0.5485769302207406
 21
1.111852347944681
  0
LINE
  5
A87
100
AcDbEntity
  8
BLACK
  6
CONTINUOUS
 62
  256
370
   -1
100
AcDbLine
 10
0.5485769302207406
 20
1.111852347944681
 11
0.5540954341577486
 21
1.108666245582477
  0
LINE
  5
A88
100
AcDbEntity
  8
BLACK
  6
CONTINUOUS
 62
  256
370
   -1
100
AcDbLine
 10
0.5540954341577486
 20
1.108666245582477
 11
0.5600833475435754
 21
1.106486836133658
  0
LINE
  5
A89
100
AcDbEntity
  8
BLACK
  6
CONTINUOUS
 62
  256
370
   -1
100
AcDbLine
 10
0.5600833475435754
 20
1.106486836133658
 11
0.5663587412443629
 21
1.105380300700587
  0
LINE
  5
A8A
100
AcDbEntity
  8
BLACK
  6
CONTINUOUS
 62
  256
370
   -1
100
AcDbLine
 10
0.5663587412443629
 20
1.105380300700587
 11
0.5695448436065675
 21
1.105380300700587
  0
LINE
  5
A8B
100
AcDbEntity
  8
BLACK
  6
CONTINUOUS
 62
  256
370
   -1
100
AcDbLine
 10
0.5695448436065675
 20
1.105380300700587
 11
1.388235473527827
 21
1.105380300700587
  0
LINE
  5
A8C
100
AcDbEntity
  8
BLACK
  6
CONTINUOUS
 62
  256
370
   -1
100
AcDbLine
 10
1.388235473527827
 20
1.105380300700587
 11
1.388241812110504
 21
1.105379710149406
  0
LINE
  5
A8D
100
AcDbEntity
  8
BLACK
  6
CONTINUOUS
 62
  256
370
   -1
100
AcDbLine
 10
1.388241812110504
 20
1.105379710149406
 11
1.390696497149875
 21
1.105381363692713
  0
LINE
  5
A8E
100
AcDbEntity
  8
BLACK
  6
CONTINUOUS
 62
  256
370
   -1
100
AcDbLine
 10
1.390696497149875
 20
1.105381363692713
 11
1.395574056204993
 21
1.106043883377752
  0
LINE
  5
A8F
100
AcDbEntity
  8
BLACK
  6
CONTINUOUS
 62
  256
370
   -1
100
AcDbLine
 10
1.395574056204993
 20
1.106043883377752
 11
1.400318071953024
 21
1.107356639283264
  0
LINE
  5
A90
100
AcDbEntity
  8
BLACK
  6
CONTINUOUS
 62
  256
370
   -1
100
AcDbLine
 10
1.400318071953024
 20
1.107356639283264
 11
1.402580827858536
 21
1.108324788889563
  0
LINE
  5
A91
100
AcDbEntity
  8
BLACK
  6
CONTINUOUS
 62
  256
370
   -1
100
AcDbLine
 10
1.402580827858536
 20
1.108324788889563
 11
1.402580906598693
 21
1.108324828259642
  0
LINE
  5
A92
100
AcDbEntity
  8
BLACK
  6
CONTINUOUS
 62
  256
370
   -1
100
AcDbLine
 10
1.402580906598693
 20
1.108324828259642
 11
1.402580985338851
 21
1.108324828259642
  0
LINE
  5
A93
100
AcDbEntity
  8
BLACK
  6
CONTINUOUS
 62
  256
370
   -1
100
AcDbLine
 10
1.402580985338851
 20
1.108324828259642
 11
1.938906812110504
 21
1.338178765267516
  0
LINE
  5
A94
100
AcDbEntity
  8
BLACK
  6
CONTINUOUS
 62
  256
370
   -1
100
AcDbLine
 10
1.938906812110504
 20
1.338178765267516
 11
1.938908701874284
 21
1.338179395188776
  0
LINE
  5
A95
100
AcDbEntity
  8
BLACK
  6
CONTINUOUS
 62
  256
370
   -1
100
AcDbLine
 10
1.938908701874284
 20
1.338179395188776
 11
1.944292599512079
 21
1.340068410936807
  0
LINE
  5
A96
100
AcDbEntity
  8
BLACK
  6
CONTINUOUS
 62
  256
370
   -1
100
AcDbLine
 10
1.944292599512079
 20
1.340068410936807
 11
1.949883741244363
 21
1.341216284952556
  0
LINE
  5
A97
100
AcDbEntity
  8
BLACK
  6
CONTINUOUS
 62
  256
370
   -1
100
AcDbLine
 10
1.949883741244363
 20
1.341216284952556
 11
1.95557850502389
 21
1.341601403062792
  0
LINE
  5
A98
100
AcDbEntity
  8
BLACK
  6
CONTINUOUS
 62
  256
370
   -1
100
AcDbLine
 10
1.95557850502389
 20
1.341601403062792
 11
1.95557850502389
 21
1.341600773141532
  0
LINE
  5
A99
100
AcDbEntity
  8
BLACK
  6
CONTINUOUS
 62
  256
370
   -1
100
AcDbLine
 10
1.95557850502389
 20
1.341600773141532
 11
1.955578623134127
 21
1.341600773141532
  0
LINE
  5
A9A
100
AcDbEntity
  8
BLACK
  6
CONTINUOUS
 62
  256
370
   -1
100
AcDbLine
 10
1.955578623134127
 20
1.341600773141532
 11
3.325450355417591
 21
1.341600773141532
  0
LINE
  5
A9B
100
AcDbEntity
  8
BLACK
  6
CONTINUOUS
 62
  256
370
   -1
100
AcDbLine
 10
3.325450355417591
 20
1.341600773141532
 11
3.332799646756174
 21
1.340957781015548
  0
LINE
  5
A9C
100
AcDbEntity
  8
BLACK
  6
CONTINUOUS
 62
  256
370
   -1
100
AcDbLine
 10
3.332799646756174
 20
1.340957781015548
 11
3.339925631008142
 21
1.339048410936807
  0
LINE
  5
A9D
100
AcDbEntity
  8
BLACK
  6
CONTINUOUS
 62
  256
370
   -1
100
AcDbLine
 10
3.339925631008142
 20
1.339048410936807
 11
3.346611772740426
 21
1.335930576291138
  0
LINE
  5
A9E
100
AcDbEntity
  8
BLACK
  6
CONTINUOUS
 62
  256
370
   -1
100
AcDbLine
 10
3.346611772740426
 20
1.335930576291138
 11
3.352654961716804
 21
1.331699119598225
  0
LINE
  5
A9F
100
AcDbEntity
  8
BLACK
  6
CONTINUOUS
 62
  256
370
   -1
100
AcDbLine
 10
3.352654961716804
 20
1.331699119598225
 11
3.357871536519953
 21
1.326482544795075
  0
LINE
  5
AA0
100
AcDbEntity
  8
BLACK
  6
CONTINUOUS
 62
  256
370
   -1
100
AcDbLine
 10
3.357871536519953
 20
1.326482544795075
 11
3.362102993212867
 21
1.320439355818697
  0
LINE
  5
AA1
100
AcDbEntity
  8
BLACK
  6
CONTINUOUS
 62
  256
370
   -1
100
AcDbLine
 10
3.362102993212867
 20
1.320439355818697
 11
3.365220827858536
 21
1.313753214086414
  0
LINE
  5
AA2
100
AcDbEntity
  8
BLACK
  6
CONTINUOUS
 62
  256
370
   -1
100
AcDbLine
 10
3.365220827858536
 20
1.313753214086414
 11
3.367130197937276
 21
1.306627229834445
  0
LINE
  5
AA3
100
AcDbEntity
  8
BLACK
  6
CONTINUOUS
 62
  256
370
   -1
100
AcDbLine
 10
3.367130197937276
 20
1.306627229834445
 11
3.36777319006326
 21
1.299277938495862
  0
LINE
  5
AA4
100
AcDbEntity
  8
BLACK
  6
CONTINUOUS
 62
  256
370
   -1
100
AcDbLine
 10
3.36777319006326
 20
1.299277938495862
 11
3.36777319006326
 21
0.5512464424328704
  0
LINE
  5
AA5
100
AcDbEntity
  8
BLACK
  6
CONTINUOUS
 62
  256
370
   -1
100
AcDbLine
 10
3.36777319006326
 20
0.5512464424328704
 11
3.36777319006326
 21
0.5480603400706657
  0
LINE
  5
AA6
100
AcDbEntity
  8
BLACK
  6
CONTINUOUS
 62
  256
370
   -1
100
AcDbLine
 10
3.36777319006326
 20
0.5480603400706657
 11
3.368879725496331
 21
0.5417849463698784
  0
LINE
  5
AA7
100
AcDbEntity
  8
BLACK
  6
CONTINUOUS
 62
  256
370
   -1
100
AcDbLine
 10
3.368879725496331
 20
0.5417849463698784
 11
3.37105913494515
 21
0.5357970329840515
  0
LINE
  5
AA8
100
AcDbEntity
  8
BLACK
  6
CONTINUOUS
 62
  256
370
   -1
100
AcDbLine
 10
3.37105913494515
 20
0.5357970329840515
 11
3.374245237307355
 21
0.5302785290470436
  0
LINE
  5
AA9
100
AcDbEntity
  8
BLACK
  6
CONTINUOUS
 62
  256
370
   -1
100
AcDbLine
 10
3.374245237307355
 20
0.5302785290470436
 11
3.378341221559323
 21
0.5253971510942878
  0
LINE
  5
AAA
100
AcDbEntity
  8
BLACK
  6
CONTINUOUS
 62
  256
370
   -1
100
AcDbLine
 10
3.378341221559323
 20
0.5253971510942878
 11
3.383222599512079
 21
0.5213011668423192
  0
LINE
  5
AAB
100
AcDbEntity
  8
BLACK
  6
CONTINUOUS
 62
  256
370
   -1
100
AcDbLine
 10
3.383222599512079
 20
0.5213011668423192
 11
3.388741103449087
 21
0.5181150644801146
  0
LINE
  5
AAC
100
AcDbEntity
  8
BLACK
  6
CONTINUOUS
 62
  256
370
   -1
100
AcDbLine
 10
3.388741103449087
 20
0.5181150644801146
 11
3.394729016834914
 21
0.5159356550312956
  0
LINE
  5
AAD
100
AcDbEntity
  8
BLACK
  6
CONTINUOUS
 62
  256
370
   -1
100
AcDbLine
 10
3.394729016834914
 20
0.5159356550312956
 11
3.401004410535701
 21
0.5148291195982247
  0
LINE
  5
AAE
100
AcDbEntity
  8
BLACK
  6
CONTINUOUS
 62
  256
370
   -1
100
AcDbLine
 10
3.401004410535701
 20
0.5148291195982247
 11
3.404190512897906
 21
0.5148291195982247
  0
LINE
  5
AAF
100
AcDbEntity
  8
BLACK
  6
CONTINUOUS
 62
  256
370
   -1
100
AcDbLine
 10
3.404190512897906
 20
0.5148291195982247
 11
4.13927944990578
 21
0.5148291195982247
  0
LINE
  5
AB0
100
AcDbEntity
  8
BLACK
  6
CONTINUOUS
 62
  256
370
   -1
100
AcDbLine
 10
4.13927944990578
 20
0.5148291195982247
 11
4.139279568016017
 21
0.5148291589683035
  0
LINE
  5
AB1
100
AcDbEntity
  8
BLACK
  6
CONTINUOUS
 62
  256
370
   -1
100
AcDbLine
 10
4.139279568016017
 20
0.5148291589683035
 11
4.145972481401843
 21
0.5142968361336578
  0
LINE
  5
AB2
100
AcDbEntity
  8
BLACK
  6
CONTINUOUS
 62
  256
370
   -1
100
AcDbLine
 10
4.145972481401843
 20
0.5142968361336578
 11
4.152496969590819
 21
0.5127128203856263
  0
LINE
  5
AB3
100
AcDbEntity
  8
BLACK
  6
CONTINUOUS
 62
  256
370
   -1
100
AcDbLine
 10
4.152496969590819
 20
0.5127128203856263
 11
4.158688859354599
 21
0.510116954243894
  0
LINE
  5
AB4
100
AcDbEntity
  8
BLACK
  6
CONTINUOUS
 62
  256
370
   -1
100
AcDbLine
 10
4.158688859354599
 20
0.510116954243894
 11
4.164392323921528
 21
0.5065745920391697
  0
LINE
  5
AB5
100
AcDbEntity
  8
BLACK
  6
CONTINUOUS
 62
  256
370
   -1
100
AcDbLine
 10
4.164392323921528
 20
0.5065745920391697
 11
4.164391812110504
 21
0.5065739621179098
  0
LINE
  5
AB6
100
AcDbEntity
  8
BLACK
  6
CONTINUOUS
 62
  256
370
   -1
100
AcDbLine
 10
4.164391812110504
 20
0.5065739621179098
 11
4.164391890850662
 21
0.5065738833777523
  0
LINE
  5
AB7
100
AcDbEntity
  8
BLACK
  6
CONTINUOUS
 62
  256
370
   -1
100
AcDbLine
 10
4.164391890850662
 20
0.5065738833777523
 11
4.710049371165622
 21
0.1043541589683036
  0
LINE
  5
AB8
100
AcDbEntity
  8
BLACK
  6
CONTINUOUS
 62
  256
370
   -1
100
AcDbLine
 10
4.710049371165622
 20
0.1043541589683036
 11
4.71004944990578
 21
0.1043540802281461
  0
LINE
  5
AB9
100
AcDbEntity
  8
BLACK
  6
CONTINUOUS
 62
  256
370
   -1
100
AcDbLine
 10
4.71004944990578
 20
0.1043540802281461
 11
4.710050670378221
 21
0.104355733771453
  0
LINE
  5
ABA
100
AcDbEntity
  8
BLACK
  6
CONTINUOUS
 62
  256
370
   -1
100
AcDbLine
 10
4.710050670378221
 20
0.104355733771453
 11
4.712653190063261
 21
0.1024325841651538
  0
LINE
  5
ABB
100
AcDbEntity
  8
BLACK
  6
CONTINUOUS
 62
  256
370
   -1
100
AcDbLine
 10
4.712653190063261
 20
0.1024325841651538
 11
4.718458111323103
 21
0.09957089125176799
  0
LINE
  5
ABC
100
AcDbEntity
  8
BLACK
  6
CONTINUOUS
 62
  256
370
   -1
100
AcDbLine
 10
4.718458111323103
 20
0.09957089125176799
 11
4.724676694000268
 21
0.09777754479507517
  0
LINE
  5
ABD
100
AcDbEntity
  8
BLACK
  6
CONTINUOUS
 62
  256
370
   -1
100
AcDbLine
 10
4.724676694000268
 20
0.09777754479507517
 11
4.731114016834914
 21
0.09710872589743735
  0
LINE
  5
ABE
100
AcDbEntity
  8
BLACK
  6
CONTINUOUS
 62
  256
370
   -1
100
AcDbLine
 10
4.731114016834914
 20
0.09710872589743735
 11
4.737568426283733
 21
0.09758537944074452
  0
LINE
  5
ABF
100
AcDbEntity
  8
BLACK
  6
CONTINUOUS
 62
  256
370
   -1
100
AcDbLine
 10
4.737568426283733
 20
0.09758537944074452
 11
4.743837678252237
 21
0.09919254479507511
  0
LINE
  5
AC0
100
AcDbEntity
  8
BLACK
  6
CONTINUOUS
 62
  256
370
   -1
100
AcDbLine
 10
4.743837678252237
 20
0.09919254479507511
 11
4.749725316047512
 21
0.1018799069997997
  0
LINE
  5
AC1
100
AcDbEntity
  8
BLACK
  6
CONTINUOUS
 62
  256
370
   -1
100
AcDbLine
 10
4.749725316047512
 20
0.1018799069997997
 11
4.755046930220741
 21
0.1055632534564924
  0
LINE
  5
AC2
100
AcDbEntity
  8
BLACK
  6
CONTINUOUS
 62
  256
370
   -1
100
AcDbLine
 10
4.755046930220741
 20
0.1055632534564924
 11
4.759635749118378
 21
0.1101271510942877
  0
LINE
  5
AC3
100
AcDbEntity
  8
BLACK
  6
CONTINUOUS
 62
  256
370
   -1
100
AcDbLine
 10
4.759635749118378
 20
0.1101271510942877
 11
4.76148881998452
 21
0.1127800251100358
  0
LINE
  5
AC4
100
AcDbEntity
  8
BLACK
  6
CONTINUOUS
 62
  256
370
   -1
100
AcDbLine
 10
4.76148881998452
 20
0.1127800251100358
 11
4.761488938094756
 21
0.1127801432202721
  0
LINE
  5
AC5
100
AcDbEntity
  8
BLACK
  6
CONTINUOUS
 62
  256
370
   -1
100
AcDbLine
 10
4.761488938094756
 20
0.1127801432202721
 11
5.21256724518137
 21
0.7569867180234217
  0
LINE
  5
AC6
100
AcDbEntity
  8
BLACK
  6
CONTINUOUS
 62
  256
370
   -1
100
AcDbLine
 10
5.21256724518137
 20
0.7569867180234217
 11
5.212567284551449
 21
0.7569867967635792
  0
LINE
  5
AC7
100
AcDbEntity
  8
BLACK
  6
CONTINUOUS
 62
  256
370
   -1
100
AcDbLine
 10
5.212567284551449
 20
0.7569867967635792
 11
5.212567323921528
 21
0.7569868361336579
  0
LINE
  5
AC8
100
AcDbEntity
  8
BLACK
  6
CONTINUOUS
 62
  256
370
   -1
100
AcDbLine
 10
5.212567323921528
 20
0.7569868361336579
 11
5.212565945968772
 21
0.7569878203856263
  0
LINE
  5
AC9
100
AcDbEntity
  8
BLACK
  6
CONTINUOUS
 62
  256
370
   -1
100
AcDbLine
 10
5.212565945968772
 20
0.7569878203856263
 11
5.214393505023891
 21
0.759597584165154
  0
LINE
  5
ACA
100
AcDbEntity
  8
BLACK
  6
CONTINUOUS
 62
  256
370
   -1
100
AcDbLine
 10
5.214393505023891
 20
0.759597584165154
 11
5.217086772740426
 21
0.7653725054249964
  0
LINE
  5
ACB
100
AcDbEntity
  8
BLACK
  6
CONTINUOUS
 62
  256
370
   -1
100
AcDbLine
 10
5.217086772740426
 20
0.7653725054249964
 11
5.218736260929402
 21
0.771527426684839
  0
LINE
  5
ACC
100
AcDbEntity
  8
BLACK
  6
CONTINUOUS
 62
  256
370
   -1
100
AcDbLine
 10
5.218736260929402
 20
0.771527426684839
 11
5.219291851480583
 21
0.7778752613305083
  0
LINE
  5
ACD
100
AcDbEntity
  8
BLACK
  6
CONTINUOUS
 62
  256
370
   -1
100
AcDbLine
 10
5.219291851480583
 20
0.7778752613305083
 11
5.21873665463019
 21
0.7842231353462562
  0
LINE
  5
ACE
100
AcDbEntity
  8
BLACK
  6
CONTINUOUS
 62
  256
370
   -1
100
AcDbLine
 10
5.21873665463019
 20
0.7842231353462562
 11
5.217087520771922
 21
0.7903781353462561
  0
LINE
  5
ACF
100
AcDbEntity
  8
BLACK
  6
CONTINUOUS
 62
  256
370
   -1
100
AcDbLine
 10
5.217087520771922
 20
0.7903781353462561
 11
5.214394607386095
 21
0.7961532534564925
  0
LINE
  5
AD0
100
AcDbEntity
  8
BLACK
  6
CONTINUOUS
 62
  256
370
   -1
100
AcDbLine
 10
5.214394607386095
 20
0.7961532534564925
 11
5.210739725496331
 21
0.8013729778659414
  0
LINE
  5
AD1
100
AcDbEntity
  8
BLACK
  6
CONTINUOUS
 62
  256
370
   -1
100
AcDbLine
 10
5.210739725496331
 20
0.8013729778659414
 11
5.206233938094757
 21
0.8058786865273585
  0
LINE
  5
AD2
100
AcDbEntity
  8
BLACK
  6
CONTINUOUS
 62
  256
370
   -1
100
AcDbLine
 10
5.206233938094757
 20
0.8058786865273585
 11
5.203624095575071
 21
0.8077061274722405
  0
LINE
  5
AD3
100
AcDbEntity
  8
BLACK
  6
CONTINUOUS
 62
  256
370
   -1
100
AcDbLine
 10
5.203624095575071
 20
0.8077061274722405
 11
5.203624016834913
 21
0.8077061668423192
  0
LINE
  5
AD4
100
AcDbEntity
  8
BLACK
  6
CONTINUOUS
 62
  256
370
   -1
100
AcDbLine
 10
5.203624016834913
 20
0.8077061668423192
 11
5.112198701874284
 21
0.8717228991257838
  0
LINE
  5
AD5
100
AcDbEntity
  8
BLACK
  6
CONTINUOUS
 62
  256
370
   -1
100
AcDbLine
 10
5.112198701874284
 20
0.8717228991257838
 11
5.112198623134127
 21
0.8717228991257838
  0
LINE
  5
AD6
100
AcDbEntity
  8
BLACK
  6
CONTINUOUS
 62
  256
370
   -1
100
AcDbLine
 10
5.112198623134127
 20
0.8717228991257838
 11
5.106985631008143
 21
0.8760328991257836
  0
LINE
  5
AD7
100
AcDbEntity
  8
BLACK
  6
CONTINUOUS
 62
  256
370
   -1
100
AcDbLine
 10
5.106985631008143
 20
0.8760328991257836
 11
5.102525788488458
 21
0.8811182928265712
  0
LINE
  5
AD8
100
AcDbEntity
  8
BLACK
  6
CONTINUOUS
 62
  256
370
   -1
100
AcDbLine
 10
5.102525788488458
 20
0.8811182928265712
 11
5.098933071953024
 21
0.886849198338382
  0
LINE
  5
AD9
100
AcDbEntity
  8
BLACK
  6
CONTINUOUS
 62
  256
370
   -1
100
AcDbLine
 10
5.098933071953024
 20
0.886849198338382
 11
5.096299174315229
 21
0.8930792770785397
  0
LINE
  5
ADA
100
AcDbEntity
  8
BLACK
  6
CONTINUOUS
 62
  256
370
   -1
100
AcDbLine
 10
5.096299174315229
 20
0.8930792770785397
 11
5.094691418409717
 21
0.899649395188776
  0
LINE
  5
ADB
100
AcDbEntity
  8
BLACK
  6
CONTINUOUS
 62
  256
370
   -1
100
AcDbLine
 10
5.094691418409717
 20
0.899649395188776
 11
5.094150867228615
 21
0.9063917180234214
  0
LINE
  5
ADC
100
AcDbEntity
  8
BLACK
  6
CONTINUOUS
 62
  256
370
   -1
100
AcDbLine
 10
5.094150867228615
 20
0.9063917180234214
 11
5.094151142819165
 21
0.9063917180234214
  0
LINE
  5
ADD
100
AcDbEntity
  8
BLACK
  6
CONTINUOUS
 62
  256
370
   -1
100
AcDbLine
 10
5.094151142819165
 20
0.9063917180234214
 11
5.094151142819165
 21
0.9063917573935002
  0
LINE
  5
ADE
100
AcDbEntity
  8
BLACK
  6
CONTINUOUS
 62
  256
370
   -1
100
AcDbLine
 10
5.094151142819165
 20
0.9063917573935002
 11
5.094151142819165
 21
3.031561403062791
  0
LINE
  5
ADF
100
AcDbEntity
  8
BLACK
  6
CONTINUOUS
 62
  256
370
   -1
100
AcDbLine
 10
5.094151142819165
 20
3.031561403062791
 11
5.094151142819165
 21
3.034747505424995
  0
LINE
  5
AE0
100
AcDbEntity
  8
BLACK
  6
CONTINUOUS
 62
  256
370
   -1
100
AcDbLine
 10
5.094151142819165
 20
3.034747505424995
 11
5.093044607386095
 21
3.041022899125783
  0
LINE
  5
AE1
100
AcDbEntity
  8
BLACK
  6
CONTINUOUS
 62
  256
370
   -1
100
AcDbLine
 10
5.093044607386095
 20
3.041022899125783
 11
5.090865197937276
 21
3.04701081251161
  0
LINE
  5
AE2
100
AcDbEntity
  8
BLACK
  6
CONTINUOUS
 62
  256
370
   -1
100
AcDbLine
 10
5.090865197937276
 20
3.04701081251161
 11
5.087679095575071
 21
3.052529316448618
  0
LINE
  5
AE3
100
AcDbEntity
  8
BLACK
  6
CONTINUOUS
 62
  256
370
   -1
100
AcDbLine
 10
5.087679095575071
 20
3.052529316448618
 11
5.083583111323103
 21
3.057410694401374
  0
LINE
  5
AE4
100
AcDbEntity
  8
BLACK
  6
CONTINUOUS
 62
  256
370
   -1
100
AcDbLine
 10
5.083583111323103
 20
3.057410694401374
 11
5.078701733370347
 21
3.061506678653342
  0
LINE
  5
AE5
100
AcDbEntity
  8
BLACK
  6
CONTINUOUS
 62
  256
370
   -1
100
AcDbLine
 10
5.078701733370347
 20
3.061506678653342
 11
5.073183229433339
 21
3.064692781015547
  0
LINE
  5
AE6
100
AcDbEntity
  8
BLACK
  6
CONTINUOUS
 62
  256
370
   -1
100
AcDbLine
 10
5.073183229433339
 20
3.064692781015547
 11
5.067195316047512
 21
3.066872190464366
  0
LINE
  5
AE7
100
AcDbEntity
  8
BLACK
  6
CONTINUOUS
 62
  256
370
   -1
100
AcDbLine
 10
5.067195316047512
 20
3.066872190464366
 11
5.060919922346724
 21
3.067978725897436
  0
LINE
  5
AE8
100
AcDbEntity
  8
BLACK
  6
CONTINUOUS
 62
  256
370
   -1
100
AcDbLine
 10
5.060919922346724
 20
3.067978725897436
 11
5.05773381998452
 21
3.067978725897436
  0
LINE
  5
AE9
100
AcDbEntity
  8
BLACK
  6
CONTINUOUS
 62
  256
370
   -1
100
AcDbLine
 10
5.05773381998452
 20
3.067978725897436
 11
4.27033224518137
 21
3.067978725897436
  0
LINE
  5
AEA
100
AcDbEntity
  8
BLACK
  6
CONTINUOUS
 62
  256
370
   -1
100
AcDbLine
 10
4.27033224518137
 20
3.067978725897436
 11
4.262982953842788
 21
3.068621718023421
  0
LINE
  5
AEB
100
AcDbEntity
  8
BLACK
  6
CONTINUOUS
 62
  256
370
   -1
100
AcDbLine
 10
4.262982953842788
 20
3.068621718023421
 11
4.25585696959082
 21
3.070531088102161
  0
LINE
  5
AEC
100
AcDbEntity
  8
BLACK
  6
CONTINUOUS
 62
  256
370
   -1
100
AcDbLine
 10
4.25585696959082
 20
3.070531088102161
 11
4.249170827858536
 21
3.073648922747831
  0
LINE
  5
AED
100
AcDbEntity
  8
BLACK
  6
CONTINUOUS
 62
  256
370
   -1
100
AcDbLine
 10
4.249170827858536
 20
3.073648922747831
 11
4.243127638882158
 21
3.077880379440744
  0
LINE
  5
AEE
100
AcDbEntity
  8
BLACK
  6
CONTINUOUS
 62
  256
370
   -1
100
AcDbLine
 10
4.243127638882158
 20
3.077880379440744
 11
4.237911064079008
 21
3.083096954243894
  0
LINE
  5
AEF
100
AcDbEntity
  8
BLACK
  6
CONTINUOUS
 62
  256
370
   -1
100
AcDbLine
 10
4.237911064079008
 20
3.083096954243894
 11
4.233679607386096
 21
3.089140143220272
  0
LINE
  5
AF0
100
AcDbEntity
  8
BLACK
  6
CONTINUOUS
 62
  256
370
   -1
100
AcDbLine
 10
4.233679607386096
 20
3.089140143220272
 11
4.230561772740426
 21
3.095826284952555
  0
LINE
  5
AF1
100
AcDbEntity
  8
BLACK
  6
CONTINUOUS
 62
  256
370
   -1
100
AcDbLine
 10
4.230561772740426
 20
3.095826284952555
 11
4.228652402661686
 21
3.102952269204524
  0
LINE
  5
AF2
100
AcDbEntity
  8
BLACK
  6
CONTINUOUS
 62
  256
370
   -1
100
AcDbLine
 10
4.228652402661686
 20
3.102952269204524
 11
4.228009410535702
 21
3.110301560543106
  0
LINE
  5
AF3
100
AcDbEntity
  8
BLACK
  6
CONTINUOUS
 62
  256
370
   -1
100
AcDbLine
 10
4.228009410535702
 20
3.110301560543106
 11
4.228009410535702
 21
3.504002347944681
  0
LINE
  5
AF4
100
AcDbEntity
  8
BLACK
  6
CONTINUOUS
 62
  256
370
   -1
100
AcDbLine
 10
4.228009410535702
 20
3.504002347944681
 11
4.228009410535702
 21
3.507188450306885
  0
LINE
  5
AF5
100
AcDbEntity
  8
BLACK
  6
CONTINUOUS
 62
  256
370
   -1
100
AcDbLine
 10
4.228009410535702
 20
3.507188450306885
 11
4.22690287510263
 21
3.513463844007673
  0
LINE
  5
AF6
100
AcDbEntity
  8
BLACK
  6
CONTINUOUS
 62
  256
370
   -1
100
AcDbLine
 10
4.22690287510263
 20
3.513463844007673
 11
4.224723465653812
 21
3.5194517573935
  0
LINE
  5
AF7
100
AcDbEntity
  8
BLACK
  6
CONTINUOUS
 62
  256
370
   -1
100
AcDbLine
 10
4.224723465653812
 20
3.5194517573935
 11
4.221537363291606
 21
3.524970261330508
  0
LINE
  5
AF8
100
AcDbEntity
  8
BLACK
  6
CONTINUOUS
 62
  256
370
   -1
100
AcDbLine
 10
4.221537363291606
 20
3.524970261330508
 11
4.217441379039638
 21
3.529851639283264
  0
LINE
  5
AF9
100
AcDbEntity
  8
BLACK
  6
CONTINUOUS
 62
  256
370
   -1
100
AcDbLine
 10
4.217441379039638
 20
3.529851639283264
 11
4.212560001086882
 21
3.533947623535232
  0
LINE
  5
AFA
100
AcDbEntity
  8
BLACK
  6
CONTINUOUS
 62
  256
370
   -1
100
AcDbLine
 10
4.212560001086882
 20
3.533947623535232
 11
4.207041497149874
 21
3.537133725897436
  0
LINE
  5
AFB
100
AcDbEntity
  8
BLACK
  6
CONTINUOUS
 62
  256
370
   -1
100
AcDbLine
 10
4.207041497149874
 20
3.537133725897436
 11
4.201053583764048
 21
3.539313135346256
  0
LINE
  5
AFC
100
AcDbEntity
  8
BLACK
  6
CONTINUOUS
 62
  256
370
   -1
100
AcDbLine
 10
4.201053583764048
 20
3.539313135346256
 11
4.194778190063261
 21
3.540419670779326
  0
LINE
  5
AFD
100
AcDbEntity
  8
BLACK
  6
CONTINUOUS
 62
  256
370
   -1
100
AcDbLine
 10
4.194778190063261
 20
3.540419670779326
 11
4.191592087701055
 21
3.540419670779326
  0
LINE
  5
AFE
100
AcDbEntity
  8
BLACK
  6
CONTINUOUS
 62
  256
370
   -1
100
AcDbLine
 10
4.191592087701055
 20
3.540419670779326
 11
1.245225158567197
 21
3.540419670779326
  0
LINE
  5
AFF
100
AcDbEntity
  8
BLACK
  6
CONTINUOUS
 62
  256
370
   -1
100
AcDbLine
 10
1.245225158567197
 20
3.540419670779326
 11
1.24522507982704
 21
3.540419670779326
  0
LINE
  5
B00
100
AcDbEntity
  8
BLACK
  6
CONTINUOUS
 62
  256
370
   -1
100
AcDbLine
 10
1.24522507982704
 20
3.540419670779326
 11
1.245222678252237
 21
3.54041986762972
  0
LINE
  5
B01
100
AcDbEntity
  8
BLACK
  6
CONTINUOUS
 62
  256
370
   -1
100
AcDbLine
 10
1.245222678252237
 20
3.54041986762972
 11
1.243270434157749
 21
3.540419119598224
  0
ENDSEC
  0
SECTION
  2
OBJECTS
  0
DICTIONARY
  5
C
330
0
100
AcDbDictionary
281
    1
  3
ACAD_GROUP
350
D
  0
DICTIONARY
  5
D
330
C
100
AcDbDictionary
281
    1
  0
PLOTSETTINGS
  5
B02
100
AcDbPlotSettings
  6
1x1
 40
0
 41
0
 42
0
 43
0
  0
ENDSEC
  0
EOF
